source,captured_at,country,device,locale,date_window,query,page,evidence_status,limitation,row_id,stable_article_identity,article_id,published_revision_id,source_article_identity,slug,canonical,translation_group,source_locale,cms_authority,public_status,indexable,sitemap_eligible,llms_eligible,review_state,current_title,current_meta,current_h1,native_english_quality,translation_parity,search_intent,source_quality,claim_risk,cta,article_to_test_evidence,owned_query_evidence,top_exact_query_evidence_current28,competing_pages,cannibalization_evidence,current28_global_clicks,current28_global_impressions,current28_global_ctr,current28_global_position,prev28_global_clicks,prev28_global_impressions,prev28_global_ctr,prev28_global_position,day90_global_clicks,day90_global_impressions,day90_global_ctr,day90_global_position,current28_market_device_metrics,prev28_market_device_metrics,day90_market_device_metrics,window5_classification,window5_action,window5_90_day_status,w3_lane_binding,refresh_potential,portfolio_new_work_decision,applied,decision
E04_CURRENT_ARTICLE_API|M01_GSC_COMBINED_SAFE_JOINT|WINDOW5_ARTICLE_AUTHORITY_OWNER|W3_ARTICLE_ISOLATION_REFERENCE,2026-08-10T08:02:26Z,US|UK|OTHER|GLOBAL,ALL|desktop|mobile|tablet,en,current28=2026-07-13/2026-08-09|prev28=2026-06-15/2026-07-12|day90=2026-05-12/2026-08-09,MBTI,https://fermatmind.com/en/articles/how-personality-shapes-attitude-toward-ai,VERIFIED,"M01 privacy-filtered top rows are not exhaustive; missing is UNKNOWN, not zero. Country is not language. Window 5 retains 90-day disposal authority. No CMS, redirect, noindex, publication, or W3 promotion action is applied.",03f3c3325d1de1c90a154e5b,Article:24,24,29,Article:15,how-personality-shapes-attitude-toward-ai,https://fermatmind.com/en/articles/how-personality-shapes-attitude-toward-ai,article-15,zh-CN,fap-api CMS Article public API,status=published|public=true,true,true,true,approved,"How Personality Shapes Your Attitude Toward AI: Curiosity, Anxiety, and Algorithmic Trust","Your stance toward AI is not simply supportive or cautious. Personality shapes whether you treat it as a tool, a mirror, a decision aid, or a risk signal.","How Personality Shapes Your Attitude Toward AI: Curiosity, Anxiety, and Algorithmic Trust",UNKNOWN_NOT_FULL_CURRENT_NATIVE_ENGLISH_EDITORIAL_REVIEW,translation_group=article-15|source_locale=zh-CN|QUALITY_PARITY_UNKNOWN,primary_topic=MBTI|top_exact_queries=UNKNOWN_NOT_RETURNED,present_public_source_refs:5,identity_sensitive,present=true|visible=true|label=Take the test|target=mbti-personality-test-16-personality-types|href=https://fermatmind.com/en/tests/mbti-personality-test-16-personality-types,event_contract=VERIFIED source: SeoTrackedCtaLink emits article_to_test_click|network_observed=Unknown|ga4_28d=HISTORICAL aggregate 3 events / URL breakdown Unknown|ledger_clicks_28d=Unknown|attribution=Unknown,UNKNOWN_NO_REVIEWED_OWNER_ALIAS_FOR_THIS_PAGE,UNKNOWN_NOT_RETURNED,NO_REVIEWED_CURRENT28_MULTI_PAGE_QUERY_EVIDENCE,NONE_DECLARED_WITHOUT_SAME_QUERY_MULTI_PAGE_EVIDENCE,UNKNOWN,UNKNOWN,UNKNOWN,UNKNOWN,UNKNOWN,UNKNOWN,UNKNOWN,UNKNOWN,UNKNOWN,UNKNOWN,UNKNOWN,UNKNOWN,US/ALL:UNKNOWN;US/desktop:UNKNOWN;US/mobile:UNKNOWN;US/tablet:UNKNOWN;UK/ALL:UNKNOWN;UK/desktop:UNKNOWN;UK/mobile:UNKNOWN;UK/tablet:UNKNOWN;OTHER/ALL:UNKNOWN;OTHER/desktop:UNKNOWN;OTHER/mobile:UNKNOWN;OTHER/tablet:UNKNOWN;GLOBAL/ALL:UNKNOWN;GLOBAL/desktop:UNKNOWN;GLOBAL/mobile:UNKNOWN;GLOBAL/tablet:UNKNOWN,US/ALL:UNKNOWN;US/desktop:UNKNOWN;US/mobile:UNKNOWN;US/tablet:UNKNOWN;UK/ALL:UNKNOWN;UK/desktop:UNKNOWN;UK/mobile:UNKNOWN;UK/tablet:UNKNOWN;OTHER/ALL:UNKNOWN;OTHER/desktop:UNKNOWN;OTHER/mobile:UNKNOWN;OTHER/tablet:UNKNOWN;GLOBAL/ALL:UNKNOWN;GLOBAL/desktop:UNKNOWN;GLOBAL/mobile:UNKNOWN;GLOBAL/tablet:UNKNOWN,US/ALL:UNKNOWN;US/desktop:UNKNOWN;US/mobile:UNKNOWN;US/tablet:UNKNOWN;UK/ALL:UNKNOWN;UK/desktop:UNKNOWN;UK/mobile:UNKNOWN;UK/tablet:UNKNOWN;OTHER/ALL:UNKNOWN;OTHER/desktop:UNKNOWN;OTHER/mobile:UNKNOWN;OTHER/tablet:UNKNOWN;GLOBAL/ALL:UNKNOWN;GLOBAL/desktop:UNKNOWN;GLOBAL/mobile:UNKNOWN;GLOBAL/tablet:UNKNOWN,Authority,KEEP_AUTHORITY,NOT_AUTHORIZED_INCOMPLETE_90D|NEED_MORE_DATA|execution_authorized=false,NOT_W3_ARTICLE_LANE,NO_M01_RETURNED_ROW_IN_THREE_WINDOWS; not zero and not disposal authority,STOP_NEW_WORK_30D_NOT_DELETE_UNPUBLISH_NOINDEX,false,INSUFFICIENT_DATA
E04_CURRENT_ARTICLE_API|M01_GSC_COMBINED_SAFE_JOINT|WINDOW5_ARTICLE_AUTHORITY_OWNER|W3_ARTICLE_ISOLATION_REFERENCE,2026-08-10T08:02:26Z,US|UK|OTHER|GLOBAL,ALL|desktop|mobile|tablet,en,current28=2026-07-13/2026-08-09|prev28=2026-06-15/2026-07-12|day90=2026-05-12/2026-08-09,MBTI,https://fermatmind.com/en/articles/which-love-script-fits-you-best,VERIFIED,"M01 privacy-filtered top rows are not exhaustive; missing is UNKNOWN, not zero. Country is not language. Window 5 retains 90-day disposal authority. No CMS, redirect, noindex, publication, or W3 promotion action is applied.",f0a9fd007bf133e9cb1cbe17,Article:25,25,24,Article:16,which-love-script-fits-you-best,https://fermatmind.com/en/articles/which-love-script-fits-you-best,article-16,zh-CN,fap-api CMS Article public API,status=published|public=true,true,true,true,approved,"Which Relationship Script Fits You Best? Seven Types of Love, Explained","Many people think they are looking for the right person. Often, they first need to clarify what kind of relationship structure they are trying to build.","Which Relationship Script Fits You Best? Seven Types of Love, Explained",UNKNOWN_NOT_FULL_CURRENT_NATIVE_ENGLISH_EDITORIAL_REVIEW,translation_group=article-16|source_locale=zh-CN|QUALITY_PARITY_UNKNOWN,primary_topic=MBTI|top_exact_queries=UNKNOWN_NOT_RETURNED,no_explicit_external_ref_detected:0,relationship_sensitive,present=true|visible=true|label=Take the test|target=mbti-personality-test-16-personality-types|href=https://fermatmind.com/en/tests/mbti-personality-test-16-personality-types,event_contract=VERIFIED source: SeoTrackedCtaLink emits article_to_test_click|network_observed=Unknown|ga4_28d=HISTORICAL aggregate 3 events / URL breakdown Unknown|ledger_clicks_28d=Unknown|attribution=Unknown,UNKNOWN_NO_REVIEWED_OWNER_ALIAS_FOR_THIS_PAGE,UNKNOWN_NOT_RETURNED,NO_REVIEWED_CURRENT28_MULTI_PAGE_QUERY_EVIDENCE,NONE_DECLARED_WITHOUT_SAME_QUERY_MULTI_PAGE_EVIDENCE,UNKNOWN,UNKNOWN,UNKNOWN,UNKNOWN,UNKNOWN,UNKNOWN,UNKNOWN,UNKNOWN,UNKNOWN,UNKNOWN,UNKNOWN,UNKNOWN,US/ALL:UNKNOWN;US/desktop:UNKNOWN;US/mobile:UNKNOWN;US/tablet:UNKNOWN;UK/ALL:UNKNOWN;UK/desktop:UNKNOWN;UK/mobile:UNKNOWN;UK/tablet:UNKNOWN;OTHER/ALL:UNKNOWN;OTHER/desktop:UNKNOWN;OTHER/mobile:UNKNOWN;OTHER/tablet:UNKNOWN;GLOBAL/ALL:UNKNOWN;GLOBAL/desktop:UNKNOWN;GLOBAL/mobile:UNKNOWN;GLOBAL/tablet:UNKNOWN,US/ALL:UNKNOWN;US/desktop:UNKNOWN;US/mobile:UNKNOWN;US/tablet:UNKNOWN;UK/ALL:UNKNOWN;UK/desktop:UNKNOWN;UK/mobile:UNKNOWN;UK/tablet:UNKNOWN;OTHER/ALL:UNKNOWN;OTHER/desktop:UNKNOWN;OTHER/mobile:UNKNOWN;OTHER/tablet:UNKNOWN;GLOBAL/ALL:UNKNOWN;GLOBAL/desktop:UNKNOWN;GLOBAL/mobile:UNKNOWN;GLOBAL/tablet:UNKNOWN,US/ALL:UNKNOWN;US/desktop:UNKNOWN;US/mobile:UNKNOWN;US/tablet:UNKNOWN;UK/ALL:UNKNOWN;UK/desktop:UNKNOWN;UK/mobile:UNKNOWN;UK/tablet:UNKNOWN;OTHER/ALL:UNKNOWN;OTHER/desktop:UNKNOWN;OTHER/mobile:UNKNOWN;OTHER/tablet:UNKNOWN;GLOBAL/ALL:UNKNOWN;GLOBAL/desktop:UNKNOWN;GLOBAL/mobile:UNKNOWN;GLOBAL/tablet:UNKNOWN,Unclassified,NEED_MORE_DATA,NOT_AUTHORIZED_INCOMPLETE_90D|NEED_MORE_DATA|execution_authorized=false,NOT_W3_ARTICLE_LANE,NO_M01_RETURNED_ROW_IN_THREE_WINDOWS; not zero and not disposal authority,STOP_NEW_WORK_30D_NOT_DELETE_UNPUBLISH_NOINDEX,false,INSUFFICIENT_DATA
E04_CURRENT_ARTICLE_API|M01_GSC_COMBINED_SAFE_JOINT|WINDOW5_ARTICLE_AUTHORITY_OWNER|W3_ARTICLE_ISOLATION_REFERENCE,2026-08-10T08:02:26Z,US|UK|OTHER|GLOBAL,ALL|desktop|mobile|tablet,en,current28=2026-07-13/2026-08-09|prev28=2026-06-15/2026-07-12|day90=2026-05-12/2026-08-09,EQ,https://fermatmind.com/en/articles/are-infj-men-rare-or-socially-silenced,VERIFIED,"M01 privacy-filtered top rows are not exhaustive; missing is UNKNOWN, not zero. Country is not language. Window 5 retains 90-day disposal authority. No CMS, redirect, noindex, publication, or W3 promotion action is applied.",62e894756178fdeb9ce07f43,Article:26,26,25,Article:11,are-infj-men-rare-or-socially-silenced,https://fermatmind.com/en/articles/are-infj-men-rare-or-socially-silenced,article-11,zh-CN,fap-api CMS Article public API,status=published|public=true,true,true,true,approved,"Are INFJ Men Rare, or Have Sensitive Men Learned to Stay Silent?","The rare thing may not be this kind of man. It may be an environment where he can be seen without hiding behind performance, reason, or silence.","Are INFJ Men Rare, or Have Sensitive Men Learned to Stay Silent?",UNKNOWN_NOT_FULL_CURRENT_NATIVE_ENGLISH_EDITORIAL_REVIEW,translation_group=article-11|source_locale=zh-CN|QUALITY_PARITY_UNKNOWN,primary_topic=EQ|top_exact_queries=UNKNOWN_NOT_RETURNED,no_explicit_external_ref_detected:0,ability_sensitive,present=true|visible=true|label=Take the test|target=mbti-personality-test-16-personality-types|href=https://fermatmind.com/en/tests/mbti-personality-test-16-personality-types,event_contract=VERIFIED source: SeoTrackedCtaLink emits article_to_test_click|network_observed=Unknown|ga4_28d=HISTORICAL aggregate 3 events / URL breakdown Unknown|ledger_clicks_28d=Unknown|attribution=Unknown,UNKNOWN_NO_REVIEWED_OWNER_ALIAS_FOR_THIS_PAGE,UNKNOWN_NOT_RETURNED,NO_REVIEWED_CURRENT28_MULTI_PAGE_QUERY_EVIDENCE,NONE_DECLARED_WITHOUT_SAME_QUERY_MULTI_PAGE_EVIDENCE,UNKNOWN,UNKNOWN,UNKNOWN,UNKNOWN,UNKNOWN,UNKNOWN,UNKNOWN,UNKNOWN,UNKNOWN,UNKNOWN,UNKNOWN,UNKNOWN,US/ALL:UNKNOWN;US/desktop:UNKNOWN;US/mobile:UNKNOWN;US/tablet:UNKNOWN;UK/ALL:UNKNOWN;UK/desktop:UNKNOWN;UK/mobile:UNKNOWN;UK/tablet:UNKNOWN;OTHER/ALL:UNKNOWN;OTHER/desktop:UNKNOWN;OTHER/mobile:UNKNOWN;OTHER/tablet:UNKNOWN;GLOBAL/ALL:UNKNOWN;GLOBAL/desktop:UNKNOWN;GLOBAL/mobile:UNKNOWN;GLOBAL/tablet:UNKNOWN,US/ALL:UNKNOWN;US/desktop:UNKNOWN;US/mobile:UNKNOWN;US/tablet:UNKNOWN;UK/ALL:UNKNOWN;UK/desktop:UNKNOWN;UK/mobile:UNKNOWN;UK/tablet:UNKNOWN;OTHER/ALL:UNKNOWN;OTHER/desktop:UNKNOWN;OTHER/mobile:UNKNOWN;OTHER/tablet:UNKNOWN;GLOBAL/ALL:UNKNOWN;GLOBAL/desktop:UNKNOWN;GLOBAL/mobile:UNKNOWN;GLOBAL/tablet:UNKNOWN,US/ALL:UNKNOWN;US/desktop:UNKNOWN;US/mobile:UNKNOWN;US/tablet:UNKNOWN;UK/ALL:UNKNOWN;UK/desktop:UNKNOWN;UK/mobile:UNKNOWN;UK/tablet:UNKNOWN;OTHER/ALL:UNKNOWN;OTHER/desktop:UNKNOWN;OTHER/mobile:UNKNOWN;OTHER/tablet:UNKNOWN;GLOBAL/ALL:UNKNOWN;GLOBAL/desktop:UNKNOWN;GLOBAL/mobile:UNKNOWN;GLOBAL/tablet:UNKNOWN,Unclassified,NEED_MORE_DATA,NOT_AUTHORIZED_INCOMPLETE_90D|NEED_MORE_DATA|execution_authorized=false,NOT_W3_ARTICLE_LANE,NO_M01_RETURNED_ROW_IN_THREE_WINDOWS; not zero and not disposal authority,STOP_NEW_WORK_30D_NOT_DELETE_UNPUBLISH_NOINDEX,false,INSUFFICIENT_DATA
E04_CURRENT_ARTICLE_API|M01_GSC_COMBINED_SAFE_JOINT|WINDOW5_ARTICLE_AUTHORITY_OWNER|W3_ARTICLE_ISOLATION_REFERENCE,2026-08-10T08:02:26Z,US|UK|OTHER|GLOBAL,ALL|desktop|mobile|tablet,en,current28=2026-07-13/2026-08-09|prev28=2026-06-15/2026-07-12|day90=2026-05-12/2026-08-09,MBTI,https://fermatmind.com/en/articles/best-valentines-date-by-personality-and-relationship-science,VERIFIED,"M01 privacy-filtered top rows are not exhaustive; missing is UNKNOWN, not zero. Country is not language. Window 5 retains 90-day disposal authority. No CMS, redirect, noindex, publication, or W3 promotion action is applied.",8b71a5ab33673cbd60356266,Article:27,27,26,Article:12,best-valentines-date-by-personality-and-relationship-science,https://fermatmind.com/en/articles/best-valentines-date-by-personality-and-relationship-science,article-12,zh-CN,fap-api CMS Article public API,status=published|public=true,true,true,true,approved,A Lower-Friction Valentine’s Day: Designing Dates with Personality and Relationship Science,"A good date is not necessarily expensive, crowded, or cinematic. It fits the relationship goal, stimulation threshold, and safety boundaries of the two people involved.",A Lower-Friction Valentine’s Day: Designing Dates with Personality and Relationship Science,UNKNOWN_NOT_FULL_CURRENT_NATIVE_ENGLISH_EDITORIAL_REVIEW,translation_group=article-12|source_locale=zh-CN|QUALITY_PARITY_UNKNOWN,primary_topic=MBTI|top_exact_queries=UNKNOWN_NOT_RETURNED,no_explicit_external_ref_detected:0,relationship_sensitive,present=true|visible=true|label=Take the test|target=mbti-personality-test-16-personality-types|href=https://fermatmind.com/en/tests/mbti-personality-test-16-personality-types,event_contract=VERIFIED source: SeoTrackedCtaLink emits article_to_test_click|network_observed=Unknown|ga4_28d=HISTORICAL aggregate 3 events / URL breakdown Unknown|ledger_clicks_28d=Unknown|attribution=Unknown,UNKNOWN_NO_REVIEWED_OWNER_ALIAS_FOR_THIS_PAGE,UNKNOWN_NOT_RETURNED,NO_REVIEWED_CURRENT28_MULTI_PAGE_QUERY_EVIDENCE,NONE_DECLARED_WITHOUT_SAME_QUERY_MULTI_PAGE_EVIDENCE,UNKNOWN,UNKNOWN,UNKNOWN,UNKNOWN,0,23,0.0000%,7.7826,0,28,0.0000%,7.6071,US/ALL:UNKNOWN;US/desktop:UNKNOWN;US/mobile:UNKNOWN;US/tablet:UNKNOWN;UK/ALL:UNKNOWN;UK/desktop:UNKNOWN;UK/mobile:UNKNOWN;UK/tablet:UNKNOWN;OTHER/ALL:UNKNOWN;OTHER/desktop:UNKNOWN;OTHER/mobile:UNKNOWN;OTHER/tablet:UNKNOWN;GLOBAL/ALL:UNKNOWN;GLOBAL/desktop:UNKNOWN;GLOBAL/mobile:UNKNOWN;GLOBAL/tablet:UNKNOWN,US/ALL:c=0|i=13|ctr=0.0000%|p=7.8462|rows=2;US/desktop:c=0|i=12|ctr=0.0000%|p=7.9167|rows=1;US/mobile:c=0|i=1|ctr=0.0000%|p=7.0000|rows=1;US/tablet:UNKNOWN;UK/ALL:c=0|i=1|ctr=0.0000%|p=7.0000|rows=1;UK/desktop:c=0|i=1|ctr=0.0000%|p=7.0000|rows=1;UK/mobile:UNKNOWN;UK/tablet:UNKNOWN;OTHER/ALL:c=0|i=9|ctr=0.0000%|p=7.7778|rows=7;OTHER/desktop:c=0|i=9|ctr=0.0000%|p=7.7778|rows=7;OTHER/mobile:UNKNOWN;OTHER/tablet:UNKNOWN;GLOBAL/ALL:c=0|i=23|ctr=0.0000%|p=7.7826|rows=10;GLOBAL/desktop:c=0|i=22|ctr=0.0000%|p=7.8182|rows=9;GLOBAL/mobile:c=0|i=1|ctr=0.0000%|p=7.0000|rows=1;GLOBAL/tablet:UNKNOWN,US/ALL:c=0|i=17|ctr=0.0000%|p=7.5294|rows=2;US/desktop:c=0|i=16|ctr=0.0000%|p=7.5625|rows=1;US/mobile:c=0|i=1|ctr=0.0000%|p=7.0000|rows=1;US/tablet:UNKNOWN;UK/ALL:c=0|i=1|ctr=0.0000%|p=7.0000|rows=1;UK/desktop:c=0|i=1|ctr=0.0000%|p=7.0000|rows=1;UK/mobile:UNKNOWN;UK/tablet:UNKNOWN;OTHER/ALL:c=0|i=10|ctr=0.0000%|p=7.8000|rows=7;OTHER/desktop:c=0|i=10|ctr=0.0000%|p=7.8000|rows=7;OTHER/mobile:UNKNOWN;OTHER/tablet:UNKNOWN;GLOBAL/ALL:c=0|i=28|ctr=0.0000%|p=7.6071|rows=10;GLOBAL/desktop:c=0|i=27|ctr=0.0000%|p=7.6296|rows=9;GLOBAL/mobile:c=0|i=1|ctr=0.0000%|p=7.0000|rows=1;GLOBAL/tablet:UNKNOWN,Authority,KEEP_AUTHORITY,NOT_AUTHORIZED_INCOMPLETE_90D|NEED_MORE_DATA|execution_authorized=false,NOT_W3_ARTICLE_LANE,LOW_OR_HISTORICAL_EXACT_EVIDENCE; HOLD for comparable current evidence,STOP_NEW_WORK_30D_NOT_DELETE_UNPUBLISH_NOINDEX,false,HOLD
E04_CURRENT_ARTICLE_API|M01_GSC_COMBINED_SAFE_JOINT|WINDOW5_ARTICLE_AUTHORITY_OWNER|W3_ARTICLE_ISOLATION_REFERENCE,2026-08-10T08:02:26Z,US|UK|OTHER|GLOBAL,ALL|desktop|mobile|tablet,en,current28=2026-07-13/2026-08-09|prev28=2026-06-15/2026-07-12|day90=2026-05-12/2026-08-09,MBTI,https://fermatmind.com/en/articles/how-16-personality-types-talk-to-an-ai-coach,VERIFIED,"M01 privacy-filtered top rows are not exhaustive; missing is UNKNOWN, not zero. Country is not language. Window 5 retains 90-day disposal authority. No CMS, redirect, noindex, publication, or W3 promotion action is applied.",55426cb6f1265b9eeba64616,Article:28,28,27,Article:14,how-16-personality-types-talk-to-an-ai-coach,https://fermatmind.com/en/articles/how-16-personality-types-talk-to-an-ai-coach,article-14,zh-CN,fap-api CMS Article public API,status=published|public=true,true,true,true,approved,How the 16 Personality Types Talk to an AI Coach,"An AI coach is most useful when it helps you ask better questions, organize your thoughts, and notice blind spots. The risk is that it may agree too smoothly when you need friction.",How the 16 Personality Types Talk to an AI Coach,UNKNOWN_NOT_FULL_CURRENT_NATIVE_ENGLISH_EDITORIAL_REVIEW,translation_group=article-14|source_locale=zh-CN|QUALITY_PARITY_UNKNOWN,primary_topic=MBTI|top_exact_queries=UNKNOWN_NOT_RETURNED,present_public_source_refs:5,identity_sensitive,present=true|visible=true|label=Take the test|target=mbti-personality-test-16-personality-types|href=https://fermatmind.com/en/tests/mbti-personality-test-16-personality-types,event_contract=VERIFIED source: SeoTrackedCtaLink emits article_to_test_click|network_observed=Unknown|ga4_28d=HISTORICAL aggregate 3 events / URL breakdown Unknown|ledger_clicks_28d=Unknown|attribution=Unknown,UNKNOWN_NO_REVIEWED_OWNER_ALIAS_FOR_THIS_PAGE,UNKNOWN_NOT_RETURNED,NO_REVIEWED_CURRENT28_MULTI_PAGE_QUERY_EVIDENCE,NONE_DECLARED_WITHOUT_SAME_QUERY_MULTI_PAGE_EVIDENCE,UNKNOWN,UNKNOWN,UNKNOWN,UNKNOWN,UNKNOWN,UNKNOWN,UNKNOWN,UNKNOWN,UNKNOWN,UNKNOWN,UNKNOWN,UNKNOWN,US/ALL:UNKNOWN;US/desktop:UNKNOWN;US/mobile:UNKNOWN;US/tablet:UNKNOWN;UK/ALL:UNKNOWN;UK/desktop:UNKNOWN;UK/mobile:UNKNOWN;UK/tablet:UNKNOWN;OTHER/ALL:UNKNOWN;OTHER/desktop:UNKNOWN;OTHER/mobile:UNKNOWN;OTHER/tablet:UNKNOWN;GLOBAL/ALL:UNKNOWN;GLOBAL/desktop:UNKNOWN;GLOBAL/mobile:UNKNOWN;GLOBAL/tablet:UNKNOWN,US/ALL:UNKNOWN;US/desktop:UNKNOWN;US/mobile:UNKNOWN;US/tablet:UNKNOWN;UK/ALL:UNKNOWN;UK/desktop:UNKNOWN;UK/mobile:UNKNOWN;UK/tablet:UNKNOWN;OTHER/ALL:UNKNOWN;OTHER/desktop:UNKNOWN;OTHER/mobile:UNKNOWN;OTHER/tablet:UNKNOWN;GLOBAL/ALL:UNKNOWN;GLOBAL/desktop:UNKNOWN;GLOBAL/mobile:UNKNOWN;GLOBAL/tablet:UNKNOWN,US/ALL:UNKNOWN;US/desktop:UNKNOWN;US/mobile:UNKNOWN;US/tablet:UNKNOWN;UK/ALL:UNKNOWN;UK/desktop:UNKNOWN;UK/mobile:UNKNOWN;UK/tablet:UNKNOWN;OTHER/ALL:UNKNOWN;OTHER/desktop:UNKNOWN;OTHER/mobile:UNKNOWN;OTHER/tablet:UNKNOWN;GLOBAL/ALL:UNKNOWN;GLOBAL/desktop:UNKNOWN;GLOBAL/mobile:UNKNOWN;GLOBAL/tablet:UNKNOWN,Authority,KEEP_AUTHORITY,NOT_AUTHORIZED_INCOMPLETE_90D|NEED_MORE_DATA|execution_authorized=false,NOT_W3_ARTICLE_LANE,NO_M01_RETURNED_ROW_IN_THREE_WINDOWS; not zero and not disposal authority,STOP_NEW_WORK_30D_NOT_DELETE_UNPUBLISH_NOINDEX,false,INSUFFICIENT_DATA
E04_CURRENT_ARTICLE_API|M01_GSC_COMBINED_SAFE_JOINT|WINDOW5_ARTICLE_AUTHORITY_OWNER|W3_ARTICLE_ISOLATION_REFERENCE,2026-08-10T08:02:26Z,US|UK|OTHER|GLOBAL,ALL|desktop|mobile|tablet,en,current28=2026-07-13/2026-08-09|prev28=2026-06-15/2026-07-12|day90=2026-05-12/2026-08-09,RIASEC/Career Decision,https://fermatmind.com/en/articles/childhood-dream-job-still-shapes-career-choice,VERIFIED,"M01 privacy-filtered top rows are not exhaustive; missing is UNKNOWN, not zero. Country is not language. Window 5 retains 90-day disposal authority. No CMS, redirect, noindex, publication, or W3 promotion action is applied.",e7bf2ab1a225cf39f55f8621,Article:29,29,28,Article:13,childhood-dream-job-still-shapes-career-choice,https://fermatmind.com/en/articles/childhood-dream-job-still-shapes-career-choice,article-13,zh-CN,fap-api CMS Article public API,status=published|public=true,true,true,true,approved,Why Your Childhood Dream Job Still Shapes Your Career Decisions,"A childhood dream job does not predict your future, but it often reveals early preferences about work structure, role identity, and the life you want work to support.",Why Your Childhood Dream Job Still Shapes Your Career Decisions,UNKNOWN_NOT_FULL_CURRENT_NATIVE_ENGLISH_EDITORIAL_REVIEW,translation_group=article-13|source_locale=zh-CN|QUALITY_PARITY_UNKNOWN,primary_topic=RIASEC/Career Decision|top_exact_queries=UNKNOWN_NOT_RETURNED,present_public_source_refs:6,career_sensitive,present=true|visible=true|label=Take the test|target=mbti-personality-test-16-personality-types|href=https://fermatmind.com/en/tests/mbti-personality-test-16-personality-types,event_contract=VERIFIED source: SeoTrackedCtaLink emits article_to_test_click|network_observed=Unknown|ga4_28d=HISTORICAL aggregate 3 events / URL breakdown Unknown|ledger_clicks_28d=Unknown|attribution=Unknown,UNKNOWN_NO_REVIEWED_OWNER_ALIAS_FOR_THIS_PAGE,UNKNOWN_NOT_RETURNED,NO_REVIEWED_CURRENT28_MULTI_PAGE_QUERY_EVIDENCE,NONE_DECLARED_WITHOUT_SAME_QUERY_MULTI_PAGE_EVIDENCE,UNKNOWN,UNKNOWN,UNKNOWN,UNKNOWN,UNKNOWN,UNKNOWN,UNKNOWN,UNKNOWN,UNKNOWN,UNKNOWN,UNKNOWN,UNKNOWN,US/ALL:UNKNOWN;US/desktop:UNKNOWN;US/mobile:UNKNOWN;US/tablet:UNKNOWN;UK/ALL:UNKNOWN;UK/desktop:UNKNOWN;UK/mobile:UNKNOWN;UK/tablet:UNKNOWN;OTHER/ALL:UNKNOWN;OTHER/desktop:UNKNOWN;OTHER/mobile:UNKNOWN;OTHER/tablet:UNKNOWN;GLOBAL/ALL:UNKNOWN;GLOBAL/desktop:UNKNOWN;GLOBAL/mobile:UNKNOWN;GLOBAL/tablet:UNKNOWN,US/ALL:UNKNOWN;US/desktop:UNKNOWN;US/mobile:UNKNOWN;US/tablet:UNKNOWN;UK/ALL:UNKNOWN;UK/desktop:UNKNOWN;UK/mobile:UNKNOWN;UK/tablet:UNKNOWN;OTHER/ALL:UNKNOWN;OTHER/desktop:UNKNOWN;OTHER/mobile:UNKNOWN;OTHER/tablet:UNKNOWN;GLOBAL/ALL:UNKNOWN;GLOBAL/desktop:UNKNOWN;GLOBAL/mobile:UNKNOWN;GLOBAL/tablet:UNKNOWN,US/ALL:UNKNOWN;US/desktop:UNKNOWN;US/mobile:UNKNOWN;US/tablet:UNKNOWN;UK/ALL:UNKNOWN;UK/desktop:UNKNOWN;UK/mobile:UNKNOWN;UK/tablet:UNKNOWN;OTHER/ALL:UNKNOWN;OTHER/desktop:UNKNOWN;OTHER/mobile:UNKNOWN;OTHER/tablet:UNKNOWN;GLOBAL/ALL:UNKNOWN;GLOBAL/desktop:UNKNOWN;GLOBAL/mobile:UNKNOWN;GLOBAL/tablet:UNKNOWN,Authority,KEEP_AUTHORITY,NOT_AUTHORIZED_INCOMPLETE_90D|NEED_MORE_DATA|execution_authorized=false,NOT_W3_ARTICLE_LANE,NO_M01_RETURNED_ROW_IN_THREE_WINDOWS; not zero and not disposal authority,STOP_NEW_WORK_30D_NOT_DELETE_UNPUBLISH_NOINDEX,false,INSUFFICIENT_DATA
E04_CURRENT_ARTICLE_API|M01_GSC_COMBINED_SAFE_JOINT|WINDOW5_ARTICLE_AUTHORITY_OWNER|W3_ARTICLE_ISOLATION_REFERENCE,2026-08-10T08:02:26Z,US|UK|OTHER|GLOBAL,ALL|desktop|mobile|tablet,en,current28=2026-07-13/2026-08-09|prev28=2026-06-15/2026-07-12|day90=2026-05-12/2026-08-09,RIASEC/Career Decision,https://fermatmind.com/en/articles/holland-career-interest-test-can-and-cannot-tell-you,VERIFIED,"M01 privacy-filtered top rows are not exhaustive; missing is UNKNOWN, not zero. Country is not language. Window 5 retains 90-day disposal authority. No CMS, redirect, noindex, publication, or W3 promotion action is applied.",c2c27a342643a2a32b37df0b,Article:32,32,37,UNKNOWN,holland-career-interest-test-can-and-cannot-tell-you,https://fermatmind.com/en/articles/holland-career-interest-test-can-and-cannot-tell-you,de0bcc45-dc33-46da-8e04-869715750e48,en,fap-api CMS Article public API,status=published|public=true,true,true,true,approved,What Can a Holland Career Interest Test Tell You—and What It Cannot?,"A Holland test helps you understand your career-interest pattern, but it should guide exploration—not decide your future.",What Can a Holland Career Interest Test Tell You—and What It Cannot?,UNKNOWN_NOT_FULL_CURRENT_NATIVE_ENGLISH_EDITORIAL_REVIEW,translation_group=de0bcc45-dc33-46da-8e04-869715750e48|source_locale=en|QUALITY_PARITY_UNKNOWN,primary_topic=RIASEC/Career Decision|top_exact_queries=UNKNOWN_NOT_RETURNED,no_explicit_external_ref_detected:0,career_sensitive,present=true|visible=true|label=Take the test|target=mbti-personality-test-16-personality-types|href=https://fermatmind.com/en/tests/mbti-personality-test-16-personality-types,event_contract=VERIFIED source: SeoTrackedCtaLink emits article_to_test_click|network_observed=Unknown|ga4_28d=HISTORICAL aggregate 3 events / URL breakdown Unknown|ledger_clicks_28d=Unknown|attribution=Unknown,UNKNOWN_NO_REVIEWED_OWNER_ALIAS_FOR_THIS_PAGE,UNKNOWN_NOT_RETURNED,NO_REVIEWED_CURRENT28_MULTI_PAGE_QUERY_EVIDENCE,NONE_DECLARED_WITHOUT_SAME_QUERY_MULTI_PAGE_EVIDENCE,UNKNOWN,UNKNOWN,UNKNOWN,UNKNOWN,UNKNOWN,UNKNOWN,UNKNOWN,UNKNOWN,UNKNOWN,UNKNOWN,UNKNOWN,UNKNOWN,US/ALL:UNKNOWN;US/desktop:UNKNOWN;US/mobile:UNKNOWN;US/tablet:UNKNOWN;UK/ALL:UNKNOWN;UK/desktop:UNKNOWN;UK/mobile:UNKNOWN;UK/tablet:UNKNOWN;OTHER/ALL:UNKNOWN;OTHER/desktop:UNKNOWN;OTHER/mobile:UNKNOWN;OTHER/tablet:UNKNOWN;GLOBAL/ALL:UNKNOWN;GLOBAL/desktop:UNKNOWN;GLOBAL/mobile:UNKNOWN;GLOBAL/tablet:UNKNOWN,US/ALL:UNKNOWN;US/desktop:UNKNOWN;US/mobile:UNKNOWN;US/tablet:UNKNOWN;UK/ALL:UNKNOWN;UK/desktop:UNKNOWN;UK/mobile:UNKNOWN;UK/tablet:UNKNOWN;OTHER/ALL:UNKNOWN;OTHER/desktop:UNKNOWN;OTHER/mobile:UNKNOWN;OTHER/tablet:UNKNOWN;GLOBAL/ALL:UNKNOWN;GLOBAL/desktop:UNKNOWN;GLOBAL/mobile:UNKNOWN;GLOBAL/tablet:UNKNOWN,US/ALL:UNKNOWN;US/desktop:UNKNOWN;US/mobile:UNKNOWN;US/tablet:UNKNOWN;UK/ALL:UNKNOWN;UK/desktop:UNKNOWN;UK/mobile:UNKNOWN;UK/tablet:UNKNOWN;OTHER/ALL:UNKNOWN;OTHER/desktop:UNKNOWN;OTHER/mobile:UNKNOWN;OTHER/tablet:UNKNOWN;GLOBAL/ALL:UNKNOWN;GLOBAL/desktop:UNKNOWN;GLOBAL/mobile:UNKNOWN;GLOBAL/tablet:UNKNOWN,Unclassified,NEED_MORE_DATA,NOT_AUTHORIZED_INCOMPLETE_90D|NEED_MORE_DATA|execution_authorized=false,NOT_W3_ARTICLE_LANE,NO_M01_RETURNED_ROW_IN_THREE_WINDOWS; not zero and not disposal authority,STOP_NEW_WORK_30D_NOT_DELETE_UNPUBLISH_NOINDEX,false,INSUFFICIENT_DATA
E04_CURRENT_ARTICLE_API|M01_GSC_COMBINED_SAFE_JOINT|WINDOW5_ARTICLE_AUTHORITY_OWNER|W3_ARTICLE_ISOLATION_REFERENCE,2026-08-10T08:02:26Z,US|UK|OTHER|GLOBAL,ALL|desktop|mobile|tablet,en,current28=2026-07-13/2026-08-09|prev28=2026-06-15/2026-07-12|day90=2026-05-12/2026-08-09,RIASEC/Career Decision,https://fermatmind.com/en/articles/mbti-personality-test-science-vs-pseudoscience,VERIFIED,"M01 privacy-filtered top rows are not exhaustive; missing is UNKNOWN, not zero. Country is not language. Window 5 retains 90-day disposal authority. No CMS, redirect, noindex, publication, or W3 promotion action is applied.",0f6f4551a40d307771845d87,Article:34,34,70,UNKNOWN,mbti-personality-test-science-vs-pseudoscience,https://fermatmind.com/en/articles/mbti-personality-test-science-vs-pseudoscience,3a7a3b5d-d289-4928-8587-3ecce465b1cc,en,fap-api CMS Article public API,status=published|public=true,true,true,true,approved,MBTI Personality Test: Scientific Tool or Cyber Fortune-Telling?,"MBTI is useful as a language for preferences, but dangerous when treated as a destiny label.",MBTI Personality Test: Scientific Tool or Cyber Fortune-Telling?,UNKNOWN_NOT_FULL_CURRENT_NATIVE_ENGLISH_EDITORIAL_REVIEW,translation_group=3a7a3b5d-d289-4928-8587-3ecce465b1cc|source_locale=en|QUALITY_PARITY_UNKNOWN,primary_topic=RIASEC/Career Decision|top_exact_queries=UNKNOWN_NOT_RETURNED,no_explicit_external_ref_detected:0,career_sensitive,present=true|visible=true|label=Take the test|target=mbti-personality-test-16-personality-types|href=https://fermatmind.com/en/tests/mbti-personality-test-16-personality-types,event_contract=VERIFIED source: SeoTrackedCtaLink emits article_to_test_click|network_observed=Unknown|ga4_28d=HISTORICAL aggregate 3 events / URL breakdown Unknown|ledger_clicks_28d=Unknown|attribution=Unknown,UNKNOWN_NO_REVIEWED_OWNER_ALIAS_FOR_THIS_PAGE,UNKNOWN_NOT_RETURNED,NO_REVIEWED_CURRENT28_MULTI_PAGE_QUERY_EVIDENCE,NONE_DECLARED_WITHOUT_SAME_QUERY_MULTI_PAGE_EVIDENCE,UNKNOWN,UNKNOWN,UNKNOWN,UNKNOWN,UNKNOWN,UNKNOWN,UNKNOWN,UNKNOWN,UNKNOWN,UNKNOWN,UNKNOWN,UNKNOWN,US/ALL:UNKNOWN;US/desktop:UNKNOWN;US/mobile:UNKNOWN;US/tablet:UNKNOWN;UK/ALL:UNKNOWN;UK/desktop:UNKNOWN;UK/mobile:UNKNOWN;UK/tablet:UNKNOWN;OTHER/ALL:UNKNOWN;OTHER/desktop:UNKNOWN;OTHER/mobile:UNKNOWN;OTHER/tablet:UNKNOWN;GLOBAL/ALL:UNKNOWN;GLOBAL/desktop:UNKNOWN;GLOBAL/mobile:UNKNOWN;GLOBAL/tablet:UNKNOWN,US/ALL:UNKNOWN;US/desktop:UNKNOWN;US/mobile:UNKNOWN;US/tablet:UNKNOWN;UK/ALL:UNKNOWN;UK/desktop:UNKNOWN;UK/mobile:UNKNOWN;UK/tablet:UNKNOWN;OTHER/ALL:UNKNOWN;OTHER/desktop:UNKNOWN;OTHER/mobile:UNKNOWN;OTHER/tablet:UNKNOWN;GLOBAL/ALL:UNKNOWN;GLOBAL/desktop:UNKNOWN;GLOBAL/mobile:UNKNOWN;GLOBAL/tablet:UNKNOWN,US/ALL:UNKNOWN;US/desktop:UNKNOWN;US/mobile:UNKNOWN;US/tablet:UNKNOWN;UK/ALL:UNKNOWN;UK/desktop:UNKNOWN;UK/mobile:UNKNOWN;UK/tablet:UNKNOWN;OTHER/ALL:UNKNOWN;OTHER/desktop:UNKNOWN;OTHER/mobile:UNKNOWN;OTHER/tablet:UNKNOWN;GLOBAL/ALL:UNKNOWN;GLOBAL/desktop:UNKNOWN;GLOBAL/mobile:UNKNOWN;GLOBAL/tablet:UNKNOWN,Authority,KEEP_AUTHORITY,NOT_AUTHORIZED_INCOMPLETE_90D|NEED_MORE_DATA|execution_authorized=false,NOT_W3_ARTICLE_LANE,NO_M01_RETURNED_ROW_IN_THREE_WINDOWS; not zero and not disposal authority,STOP_NEW_WORK_30D_NOT_DELETE_UNPUBLISH_NOINDEX,false,INSUFFICIENT_DATA
E04_CURRENT_ARTICLE_API|M01_GSC_COMBINED_SAFE_JOINT|WINDOW5_ARTICLE_AUTHORITY_OWNER|W3_ARTICLE_ISOLATION_REFERENCE,2026-08-10T08:02:26Z,US|UK|OTHER|GLOBAL,ALL|desktop|mobile|tablet,en,current28=2026-07-13/2026-08-09|prev28=2026-06-15/2026-07-12|day90=2026-05-12/2026-08-09,Big Five,https://fermatmind.com/en/articles/big-five-personality-test-vs-mbti,VERIFIED,"M01 privacy-filtered top rows are not exhaustive; missing is UNKNOWN, not zero. Country is not language. Window 5 retains 90-day disposal authority. No CMS, redirect, noindex, publication, or W3 promotion action is applied.",e3df6b181f302f8e8d9c193f,Article:35,35,40,UNKNOWN,big-five-personality-test-vs-mbti,https://fermatmind.com/en/articles/big-five-personality-test-vs-mbti,e4fb93e4-9010-48bb-9a28-312414ca45a9,en,fap-api CMS Article public API,status=published|public=true,true,true,true,approved,Big Five Personality Test: Is It More Scientific Than MBTI—and What Can It Really Tell You?,"The Big Five is not a personality label. It is a five-trait map for understanding work style, stress patterns, and behavior.",Big Five Personality Test: Is It More Scientific Than MBTI—and What Can It Really Tell You?,UNKNOWN_NOT_FULL_CURRENT_NATIVE_ENGLISH_EDITORIAL_REVIEW,translation_group=e4fb93e4-9010-48bb-9a28-312414ca45a9|source_locale=en|QUALITY_PARITY_UNKNOWN,primary_topic=Big Five|top_exact_queries=UNKNOWN_NOT_RETURNED,no_explicit_external_ref_detected:0,identity_sensitive,present=true|visible=true|label=Start the Big Five test|target=big-five-personality-test|href=https://fermatmind.com/en/tests/big-five-personality-test,event_contract=VERIFIED source: SeoTrackedCtaLink emits article_to_test_click|network_observed=Unknown|ga4_28d=HISTORICAL aggregate 3 events / URL breakdown Unknown|ledger_clicks_28d=Unknown|attribution=Unknown,UNKNOWN_NO_REVIEWED_OWNER_ALIAS_FOR_THIS_PAGE,UNKNOWN_NOT_RETURNED,NO_REVIEWED_CURRENT28_MULTI_PAGE_QUERY_EVIDENCE,NONE_DECLARED_WITHOUT_SAME_QUERY_MULTI_PAGE_EVIDENCE,UNKNOWN,UNKNOWN,UNKNOWN,UNKNOWN,UNKNOWN,UNKNOWN,UNKNOWN,UNKNOWN,UNKNOWN,UNKNOWN,UNKNOWN,UNKNOWN,US/ALL:UNKNOWN;US/desktop:UNKNOWN;US/mobile:UNKNOWN;US/tablet:UNKNOWN;UK/ALL:UNKNOWN;UK/desktop:UNKNOWN;UK/mobile:UNKNOWN;UK/tablet:UNKNOWN;OTHER/ALL:UNKNOWN;OTHER/desktop:UNKNOWN;OTHER/mobile:UNKNOWN;OTHER/tablet:UNKNOWN;GLOBAL/ALL:UNKNOWN;GLOBAL/desktop:UNKNOWN;GLOBAL/mobile:UNKNOWN;GLOBAL/tablet:UNKNOWN,US/ALL:UNKNOWN;US/desktop:UNKNOWN;US/mobile:UNKNOWN;US/tablet:UNKNOWN;UK/ALL:UNKNOWN;UK/desktop:UNKNOWN;UK/mobile:UNKNOWN;UK/tablet:UNKNOWN;OTHER/ALL:UNKNOWN;OTHER/desktop:UNKNOWN;OTHER/mobile:UNKNOWN;OTHER/tablet:UNKNOWN;GLOBAL/ALL:UNKNOWN;GLOBAL/desktop:UNKNOWN;GLOBAL/mobile:UNKNOWN;GLOBAL/tablet:UNKNOWN,US/ALL:UNKNOWN;US/desktop:UNKNOWN;US/mobile:UNKNOWN;US/tablet:UNKNOWN;UK/ALL:UNKNOWN;UK/desktop:UNKNOWN;UK/mobile:UNKNOWN;UK/tablet:UNKNOWN;OTHER/ALL:UNKNOWN;OTHER/desktop:UNKNOWN;OTHER/mobile:UNKNOWN;OTHER/tablet:UNKNOWN;GLOBAL/ALL:UNKNOWN;GLOBAL/desktop:UNKNOWN;GLOBAL/mobile:UNKNOWN;GLOBAL/tablet:UNKNOWN,Unclassified,NEED_MORE_DATA,NOT_AUTHORIZED_INCOMPLETE_90D|NEED_MORE_DATA|execution_authorized=false,NOT_W3_ARTICLE_LANE,NO_M01_RETURNED_ROW_IN_THREE_WINDOWS; not zero and not disposal authority,STOP_NEW_WORK_30D_NOT_DELETE_UNPUBLISH_NOINDEX,false,INSUFFICIENT_DATA
E04_CURRENT_ARTICLE_API|M01_GSC_COMBINED_SAFE_JOINT|WINDOW5_ARTICLE_AUTHORITY_OWNER|W3_ARTICLE_ISOLATION_REFERENCE,2026-08-10T08:02:26Z,US|UK|OTHER|GLOBAL,ALL|desktop|mobile|tablet,en,current28=2026-07-13/2026-08-09|prev28=2026-06-15/2026-07-12|day90=2026-05-12/2026-08-09,RIASEC/Career Decision,https://fermatmind.com/en/articles/mbti-vs-holland-code-career-choice,VERIFIED,"M01 privacy-filtered top rows are not exhaustive; missing is UNKNOWN, not zero. Country is not language. Window 5 retains 90-day disposal authority. No CMS, redirect, noindex, publication, or W3 promotion action is applied.",19fc00b1ed2eeae7be884669,Article:39,39,44,UNKNOWN,mbti-vs-holland-code-career-choice,https://fermatmind.com/en/articles/mbti-vs-holland-code-career-choice,article_mbti_vs_holland_career_choice_v1,en,fap-api CMS Article public API,status=published|public=true,true,true,true,approved,MBTI vs. Holland Code/RIASEC: Which Career Test Should You Take?,"If your question is “What career fits me?”, the Holland Code/RIASEC framework is usually more direct than MBTI. If your question is “How do I tend to work with people, structure, and decisions?”, MBTI can be useful as a work-style lens. The strongest approach is not choosing one test over the other, but combining career interests, personality preferences, and real job evidence.",MBTI vs. Holland Code/RIASEC: Which Career Test Should You Take?,UNKNOWN_NOT_FULL_CURRENT_NATIVE_ENGLISH_EDITORIAL_REVIEW,translation_group=article_mbti_vs_holland_career_choice_v1|source_locale=en|QUALITY_PARITY_UNKNOWN,primary_topic=RIASEC/Career Decision|top_exact_queries=business career quiz=>c=0|i=1|ctr=0.0000%|p=7.0000,no_explicit_external_ref_detected:0,career_sensitive,present=true|visible=true|label=Start with the Holland Code/RIASEC Test|target=holland-career-interest-test-riasec|href=https://fermatmind.com/en/tests/holland-career-interest-test-riasec,event_contract=VERIFIED source: SeoTrackedCtaLink emits article_to_test_click|network_observed=Unknown|ga4_28d=HISTORICAL aggregate 3 events / URL breakdown Unknown|ledger_clicks_28d=Unknown|attribution=Unknown,UNKNOWN_NO_REVIEWED_OWNER_ALIAS_FOR_THIS_PAGE,business career quiz=>c=0|i=1|ctr=0.0000%|p=7.0000,NO_REVIEWED_CURRENT28_MULTI_PAGE_QUERY_EVIDENCE,NONE_DECLARED_WITHOUT_SAME_QUERY_MULTI_PAGE_EVIDENCE,0,1,0.0000%,7.0000,0,1,0.0000%,8.0000,0,2,0.0000%,7.5000,US/ALL:c=0|i=1|ctr=0.0000%|p=7.0000|rows=1;US/desktop:UNKNOWN;US/mobile:c=0|i=1|ctr=0.0000%|p=7.0000|rows=1;US/tablet:UNKNOWN;UK/ALL:UNKNOWN;UK/desktop:UNKNOWN;UK/mobile:UNKNOWN;UK/tablet:UNKNOWN;OTHER/ALL:UNKNOWN;OTHER/desktop:UNKNOWN;OTHER/mobile:UNKNOWN;OTHER/tablet:UNKNOWN;GLOBAL/ALL:c=0|i=1|ctr=0.0000%|p=7.0000|rows=1;GLOBAL/desktop:UNKNOWN;GLOBAL/mobile:c=0|i=1|ctr=0.0000%|p=7.0000|rows=1;GLOBAL/tablet:UNKNOWN,US/ALL:c=0|i=1|ctr=0.0000%|p=8.0000|rows=1;US/desktop:UNKNOWN;US/mobile:c=0|i=1|ctr=0.0000%|p=8.0000|rows=1;US/tablet:UNKNOWN;UK/ALL:UNKNOWN;UK/desktop:UNKNOWN;UK/mobile:UNKNOWN;UK/tablet:UNKNOWN;OTHER/ALL:UNKNOWN;OTHER/desktop:UNKNOWN;OTHER/mobile:UNKNOWN;OTHER/tablet:UNKNOWN;GLOBAL/ALL:c=0|i=1|ctr=0.0000%|p=8.0000|rows=1;GLOBAL/desktop:UNKNOWN;GLOBAL/mobile:c=0|i=1|ctr=0.0000%|p=8.0000|rows=1;GLOBAL/tablet:UNKNOWN,US/ALL:c=0|i=2|ctr=0.0000%|p=7.5000|rows=2;US/desktop:UNKNOWN;US/mobile:c=0|i=2|ctr=0.0000%|p=7.5000|rows=2;US/tablet:UNKNOWN;UK/ALL:UNKNOWN;UK/desktop:UNKNOWN;UK/mobile:UNKNOWN;UK/tablet:UNKNOWN;OTHER/ALL:UNKNOWN;OTHER/desktop:UNKNOWN;OTHER/mobile:UNKNOWN;OTHER/tablet:UNKNOWN;GLOBAL/ALL:c=0|i=2|ctr=0.0000%|p=7.5000|rows=2;GLOBAL/desktop:UNKNOWN;GLOBAL/mobile:c=0|i=2|ctr=0.0000%|p=7.5000|rows=2;GLOBAL/tablet:UNKNOWN,Near Winner,NEED_MORE_DATA,NOT_AUTHORIZED_INCOMPLETE_90D|NEED_MORE_DATA|execution_authorized=false,NOT_W3_ARTICLE_LANE,LOW_OR_HISTORICAL_EXACT_EVIDENCE; HOLD for comparable current evidence,STOP_NEW_WORK_30D_NOT_DELETE_UNPUBLISH_NOINDEX,false,HOLD
E04_CURRENT_ARTICLE_API|M01_GSC_COMBINED_SAFE_JOINT|WINDOW5_ARTICLE_AUTHORITY_OWNER|W3_ARTICLE_ISOLATION_REFERENCE,2026-08-10T08:02:26Z,US|UK|OTHER|GLOBAL,ALL|desktop|mobile|tablet,en,current28=2026-07-13/2026-08-09|prev28=2026-06-15/2026-07-12|day90=2026-05-12/2026-08-09,RIASEC/Career Decision,https://fermatmind.com/en/articles/what-is-riasec-holland-code-career-interest-test,VERIFIED,"M01 privacy-filtered top rows are not exhaustive; missing is UNKNOWN, not zero. Country is not language. Window 5 retains 90-day disposal authority. No CMS, redirect, noindex, publication, or W3 promotion action is applied.",711dd6e891c42b19b3a7811a,Article:41,41,67,UNKNOWN,what-is-riasec-holland-code-career-interest-test,https://fermatmind.com/en/articles/what-is-riasec-holland-code-career-interest-test,riasec-explanation-article-2026-06-v2,en,fap-api CMS Article public API,status=published|public=true,true,true,true,approved,What Is RIASEC? Understanding Holland Code Career Interests,"RIASEC is a career-interest model that organizes work preferences into six areas. It can help you explore career environments, but it is not a career verdict.",What Is RIASEC? Understanding Holland Code Career Interests,UNKNOWN_NOT_FULL_CURRENT_NATIVE_ENGLISH_EDITORIAL_REVIEW,translation_group=riasec-explanation-article-2026-06-v2|source_locale=en|QUALITY_PARITY_UNKNOWN,primary_topic=RIASEC/Career Decision|top_exact_queries=riasec=>c=0|i=105|ctr=0.0000%|p=42.4857; riasec test=>c=0|i=73|ctr=0.0000%|p=51.4384; holland code riasec=>c=0|i=20|ctr=0.0000%|p=43.8000,no_explicit_external_ref_detected:0,career_sensitive,present=true|visible=true|label=Take the free RIASEC test|target=holland-career-interest-test-riasec|href=https://fermatmind.com/en/tests/holland-career-interest-test-riasec,event_contract=VERIFIED source: SeoTrackedCtaLink emits article_to_test_click|network_observed=Unknown|ga4_28d=HISTORICAL aggregate 3 events / URL breakdown Unknown|ledger_clicks_28d=Unknown|attribution=Unknown,holland career test=>current:https://fermatmind.com/en/articles/what-is-riasec-holland-code-career-interest-test|intended:https://fermatmind.com/en/tests/holland-career-interest-test-riasec|decision:LOW_VOLUME_OBSERVED|i:5.0; holland code riasec test=>current:https://fermatmind.com/en/articles/what-is-riasec-holland-code-career-interest-test|intended:https://fermatmind.com/en/tests/holland-career-interest-test-riasec|decision:OBSERVED_SINGLE_PAGE|i:20.0; holland code riasec=>current:https://fermatmind.com/en/articles/what-is-riasec-holland-code-career-interest-test|intended:https://fermatmind.com/en/articles/what-is-riasec-holland-code-career-interest-test|decision:OBSERVED_SINGLE_PAGE|i:20.0; holland code test=>current:https://fermatmind.com/en/articles/what-is-riasec-holland-code-career-interest-test|intended:https://fermatmind.com/en/tests/holland-career-interest-test-riasec|decision:LOW_VOLUME_OBSERVED|i:2.0; holland riasec test=>current:https://fermatmind.com/en/articles/what-is-riasec-holland-code-career-interest-test|intended:https://fermatmind.com/en/tests/holland-career-interest-test-riasec|decision:LOW_VOLUME_OBSERVED|i:3.0; holland riasec=>current:https://fermatmind.com/en/articles/what-is-riasec-holland-code-career-interest-test|intended:https://fermatmind.com/en/articles/what-is-riasec-holland-code-career-interest-test|decision:OBSERVED_SINGLE_PAGE|i:11.0; meaning of riasec=>current:https://fermatmind.com/en/articles/what-is-riasec-holland-code-career-interest-test|intended:https://fermatmind.com/en/articles/what-is-riasec-holland-code-career-interest-test|decision:LOW_VOLUME_OBSERVED|i:1.0; riasec career test=>current:https://fermatmind.com/en/articles/what-is-riasec-holland-code-career-interest-test|intended:https://fermatmind.com/en/tests/holland-career-interest-test-riasec|decision:LOW_VOLUME_OBSERVED|i:4.0; riasec holland code=>current:https://fermatmind.com/en/articles/what-is-riasec-holland-code-career-interest-test|intended:https://fermatmind.com/en/articles/what-is-riasec-holland-code-career-interest-test|decision:OBSERVED_SINGLE_PAGE|i:11.0; riasec meaning=>current:https://fermatmind.com/en/articles/what-is-riasec-holland-code-career-interest-test|intended:https://fermatmind.com/en/articles/what-is-riasec-holland-code-career-interest-test|decision:OBSERVED_SINGLE_PAGE|i:11.0; riasec model=>current:https://fermatmind.com/en/articles/what-is-riasec-holland-code-career-interest-test|intended:https://fermatmind.com/en/articles/what-is-riasec-holland-code-career-interest-test|decision:OBSERVED_SINGLE_PAGE|i:19.0; riasec test=>current:https://fermatmind.com/en/articles/what-is-riasec-holland-code-career-interest-test|intended:https://fermatmind.com/en/tests/holland-career-interest-test-riasec|decision:OBSERVED_LEGACY_OR_NONCANONICAL_MULTIPAGE|i:73.0; riasec=>current:https://fermatmind.com/en/articles/what-is-riasec-holland-code-career-interest-test|intended:https://fermatmind.com/en/articles/what-is-riasec-holland-code-career-interest-test|decision:OBSERVED_MULTI_PAGE_NO_ACTIONABLE_CONFLICT|i:106.0; what does riasec mean=>current:https://fermatmind.com/en/articles/what-is-riasec-holland-code-career-interest-test|intended:https://fermatmind.com/en/articles/what-is-riasec-holland-code-career-interest-test|decision:LOW_VOLUME_OBSERVED|i:3.0; what does riasec stand for=>current:https://fermatmind.com/en/articles/what-is-riasec-holland-code-career-interest-test|intended:https://fermatmind.com/en/articles/what-is-riasec-holland-code-career-interest-test|decision:LOW_VOLUME_OBSERVED|i:2.0; what is riasec=>current:https://fermatmind.com/en/articles/what-is-riasec-holland-code-career-interest-test|intended:https://fermatmind.com/en/articles/what-is-riasec-holland-code-career-interest-test|decision:OBSERVED_SINGLE_PAGE|i:16.0; what is the riasec model=>current:https://fermatmind.com/en/articles/what-is-riasec-holland-code-career-interest-test|intended:https://fermatmind.com/en/articles/what-is-riasec-holland-code-career-interest-test|decision:LOW_VOLUME_OBSERVED|i:1.0,riasec=>c=0|i=105|ctr=0.0000%|p=42.4857; riasec test=>c=0|i=73|ctr=0.0000%|p=51.4384; holland code riasec=>c=0|i=20|ctr=0.0000%|p=43.8000; holland code riasec test=>c=0|i=20|ctr=0.0000%|p=53.1000; riasec model=>c=0|i=19|ctr=0.0000%|p=49.5789; what is riasec=>c=0|i=16|ctr=0.0000%|p=23.1250; holland riasec=>c=0|i=11|ctr=0.0000%|p=22.7273; riasec holland code=>c=0|i=11|ctr=0.0000%|p=53.0000; riasec meaning=>c=0|i=11|ctr=0.0000%|p=23.0909; realistic riasec=>c=0|i=7|ctr=0.0000%|p=46.7143,riasec test=>https://fermatmind.com/tests/holland-career-interest-test-riasec-%E9%9C%8D%E5%85%B0%E5%BE%B7%E8%81%8C%E4%B8%9A%E5%85%B4%E8%B6%A3%E6%B5%8B%E8%AF%95; riasec=>https://fermatmind.com/zh/articles/riasec-holland-career-interest-test-explained,riasec test=>https://fermatmind.com/tests/holland-career-interest-test-riasec-%E9%9C%8D%E5%85%B0%E5%BE%B7%E8%81%8C%E4%B8%9A%E5%85%B4%E8%B6%A3%E6%B5%8B%E8%AF%95; riasec=>https://fermatmind.com/zh/articles/riasec-holland-career-interest-test-explained,0,558,0.0000%,42.5125,0,568,0.0000%,36.4349,0,1291,0.0000%,38.5879,US/ALL:c=0|i=160|ctr=0.0000%|p=48.3000|rows=67;US/desktop:c=0|i=155|ctr=0.0000%|p=49.1806|rows=65;US/mobile:c=0|i=5|ctr=0.0000%|p=21.0000|rows=2;US/tablet:UNKNOWN;UK/ALL:c=0|i=41|ctr=0.0000%|p=35.1951|rows=26;UK/desktop:c=0|i=40|ctr=0.0000%|p=35.8000|rows=25;UK/mobile:c=0|i=1|ctr=0.0000%|p=11.0000|rows=1;UK/tablet:UNKNOWN;OTHER/ALL:c=0|i=357|ctr=0.0000%|p=40.7591|rows=210;OTHER/desktop:c=0|i=322|ctr=0.0000%|p=43.0994|rows=180;OTHER/mobile:c=0|i=34|ctr=0.0000%|p=19.7647|rows=29;OTHER/tablet:c=0|i=1|ctr=0.0000%|p=1.0000|rows=1;GLOBAL/ALL:c=0|i=558|ctr=0.0000%|p=42.5125|rows=303;GLOBAL/desktop:c=0|i=517|ctr=0.0000%|p=44.3578|rows=270;GLOBAL/mobile:c=0|i=40|ctr=0.0000%|p=19.7000|rows=32;GLOBAL/tablet:c=0|i=1|ctr=0.0000%|p=1.0000|rows=1,US/ALL:c=0|i=172|ctr=0.0000%|p=44.1105|rows=69;US/desktop:c=0|i=161|ctr=0.0000%|p=45.5714|rows=63;US/mobile:c=0|i=11|ctr=0.0000%|p=22.7273|rows=6;US/tablet:UNKNOWN;UK/ALL:c=0|i=39|ctr=0.0000%|p=34.7179|rows=25;UK/desktop:c=0|i=30|ctr=0.0000%|p=40.3333|rows=19;UK/mobile:c=0|i=9|ctr=0.0000%|p=16.0000|rows=6;UK/tablet:UNKNOWN;OTHER/ALL:c=0|i=357|ctr=0.0000%|p=32.9244|rows=207;OTHER/desktop:c=0|i=270|ctr=0.0000%|p=37.8519|rows=153;OTHER/mobile:c=0|i=87|ctr=0.0000%|p=17.6322|rows=54;OTHER/tablet:UNKNOWN;GLOBAL/ALL:c=0|i=568|ctr=0.0000%|p=36.4349|rows=301;GLOBAL/desktop:c=0|i=461|ctr=0.0000%|p=40.7093|rows=235;GLOBAL/mobile:c=0|i=107|ctr=0.0000%|p=18.0187|rows=66;GLOBAL/tablet:UNKNOWN,US/ALL:c=0|i=358|ctr=0.0000%|p=46.0084|rows=100;US/desktop:c=0|i=342|ctr=0.0000%|p=47.1228|rows=93;US/mobile:c=0|i=16|ctr=0.0000%|p=22.1875|rows=7;US/tablet:UNKNOWN;UK/ALL:c=0|i=82|ctr=0.0000%|p=35.3902|rows=38;UK/desktop:c=0|i=71|ctr=0.0000%|p=37.9155|rows=31;UK/mobile:c=0|i=11|ctr=0.0000%|p=19.0909|rows=7;UK/tablet:UNKNOWN;OTHER/ALL:c=0|i=851|ctr=0.0000%|p=35.7744|rows=416;OTHER/desktop:c=0|i=681|ctr=0.0000%|p=40.5624|rows=313;OTHER/mobile:c=0|i=168|ctr=0.0000%|p=16.7202|rows=101;OTHER/tablet:c=0|i=2|ctr=0.0000%|p=6.0000|rows=2;GLOBAL/ALL:c=0|i=1291|ctr=0.0000%|p=38.5879|rows=554;GLOBAL/desktop:c=0|i=1094|ctr=0.0000%|p=42.4415|rows=437;GLOBAL/mobile:c=0|i=195|ctr=0.0000%|p=17.3026|rows=115;GLOBAL/tablet:c=0|i=2|ctr=0.0000%|p=6.0000|rows=2,Traffic,REFRESH_TOP10,NOT_AUTHORIZED_INCOMPLETE_90D|NEED_MORE_DATA|execution_authorized=false,NOT_W3_ARTICLE_LANE,INFORMATIONAL_RIASEC_REFRESH_CANDIDATE; preserve E02 direct-test landing owner; source/claim repair and separate Article CMS scope required,STOP_NEW_WORK_30D_NOT_DELETE_UNPUBLISH_NOINDEX,false,REFRESH
E04_CURRENT_ARTICLE_API|M01_GSC_COMBINED_SAFE_JOINT|WINDOW5_ARTICLE_AUTHORITY_OWNER|W3_ARTICLE_ISOLATION_REFERENCE,2026-08-10T08:02:26Z,US|UK|OTHER|GLOBAL,ALL|desktop|mobile|tablet,en,current28=2026-07-13/2026-08-09|prev28=2026-06-15/2026-07-12|day90=2026-05-12/2026-08-09,RIASEC/Career Decision,https://fermatmind.com/en/articles/why-mbti-and-holland-code-results-dont-match,VERIFIED,"M01 privacy-filtered top rows are not exhaustive; missing is UNKNOWN, not zero. Country is not language. Window 5 retains 90-day disposal authority. No CMS, redirect, noindex, publication, or W3 promotion action is applied.",19b6cd59c9f7bdd85f3e516a,Article:42,42,47,UNKNOWN,why-mbti-and-holland-code-results-dont-match,https://fermatmind.com/en/articles/why-mbti-and-holland-code-results-dont-match,ef7444ca-d060-41f0-a130-188e3bb53d4b,en,fap-api CMS Article public API,status=published|public=true,true,false,false,approved,Why Your MBTI Type and Holland Code Results May Not Match,Your MBTI and Holland Code may point in different directions because they answer different questions. Learn how to compare them safely.,Why Your MBTI Type and Holland Code Results May Not Match,UNKNOWN_NOT_FULL_CURRENT_NATIVE_ENGLISH_EDITORIAL_REVIEW,translation_group=ef7444ca-d060-41f0-a130-188e3bb53d4b|source_locale=en|QUALITY_PARITY_UNKNOWN,primary_topic=RIASEC/Career Decision|top_exact_queries=UNKNOWN_NOT_RETURNED,no_explicit_external_ref_detected:0,career_sensitive,present=true|visible=true|label=Take the test|target=holland-career-interest-test-riasec|href=https://fermatmind.com/en/tests/holland-career-interest-test-riasec,event_contract=VERIFIED source: SeoTrackedCtaLink emits article_to_test_click|network_observed=Unknown|ga4_28d=HISTORICAL aggregate 3 events / URL breakdown Unknown|ledger_clicks_28d=Unknown|attribution=Unknown,UNKNOWN_NO_REVIEWED_OWNER_ALIAS_FOR_THIS_PAGE,UNKNOWN_NOT_RETURNED,NO_REVIEWED_CURRENT28_MULTI_PAGE_QUERY_EVIDENCE,NONE_DECLARED_WITHOUT_SAME_QUERY_MULTI_PAGE_EVIDENCE,UNKNOWN,UNKNOWN,UNKNOWN,UNKNOWN,UNKNOWN,UNKNOWN,UNKNOWN,UNKNOWN,UNKNOWN,UNKNOWN,UNKNOWN,UNKNOWN,US/ALL:UNKNOWN;US/desktop:UNKNOWN;US/mobile:UNKNOWN;US/tablet:UNKNOWN;UK/ALL:UNKNOWN;UK/desktop:UNKNOWN;UK/mobile:UNKNOWN;UK/tablet:UNKNOWN;OTHER/ALL:UNKNOWN;OTHER/desktop:UNKNOWN;OTHER/mobile:UNKNOWN;OTHER/tablet:UNKNOWN;GLOBAL/ALL:UNKNOWN;GLOBAL/desktop:UNKNOWN;GLOBAL/mobile:UNKNOWN;GLOBAL/tablet:UNKNOWN,US/ALL:UNKNOWN;US/desktop:UNKNOWN;US/mobile:UNKNOWN;US/tablet:UNKNOWN;UK/ALL:UNKNOWN;UK/desktop:UNKNOWN;UK/mobile:UNKNOWN;UK/tablet:UNKNOWN;OTHER/ALL:UNKNOWN;OTHER/desktop:UNKNOWN;OTHER/mobile:UNKNOWN;OTHER/tablet:UNKNOWN;GLOBAL/ALL:UNKNOWN;GLOBAL/desktop:UNKNOWN;GLOBAL/mobile:UNKNOWN;GLOBAL/tablet:UNKNOWN,US/ALL:UNKNOWN;US/desktop:UNKNOWN;US/mobile:UNKNOWN;US/tablet:UNKNOWN;UK/ALL:UNKNOWN;UK/desktop:UNKNOWN;UK/mobile:UNKNOWN;UK/tablet:UNKNOWN;OTHER/ALL:UNKNOWN;OTHER/desktop:UNKNOWN;OTHER/mobile:UNKNOWN;OTHER/tablet:UNKNOWN;GLOBAL/ALL:UNKNOWN;GLOBAL/desktop:UNKNOWN;GLOBAL/mobile:UNKNOWN;GLOBAL/tablet:UNKNOWN,Unclassified,NEED_MORE_DATA,NOT_AUTHORIZED_INCOMPLETE_90D|NEED_MORE_DATA|execution_authorized=false,NOT_W3_ARTICLE_LANE,NO_M01_RETURNED_ROW_IN_THREE_WINDOWS; not zero and not disposal authority,STOP_NEW_WORK_30D_NOT_DELETE_UNPUBLISH_NOINDEX,false,INSUFFICIENT_DATA
E04_CURRENT_ARTICLE_API|M01_GSC_COMBINED_SAFE_JOINT|WINDOW5_ARTICLE_AUTHORITY_OWNER|W3_ARTICLE_ISOLATION_REFERENCE,2026-08-10T08:02:26Z,US|UK|OTHER|GLOBAL,ALL|desktop|mobile|tablet,en,current28=2026-07-13/2026-08-09|prev28=2026-06-15/2026-07-12|day90=2026-05-12/2026-08-09,RIASEC/Career Decision,https://fermatmind.com/en/articles/career-interest-test-vs-personality-test,VERIFIED,"M01 privacy-filtered top rows are not exhaustive; missing is UNKNOWN, not zero. Country is not language. Window 5 retains 90-day disposal authority. No CMS, redirect, noindex, publication, or W3 promotion action is applied.",39cb4bcd79ecbce0562bf3df,Article:47,47,53,UNKNOWN,career-interest-test-vs-personality-test,https://fermatmind.com/en/articles/career-interest-test-vs-personality-test,tg_article_career_interest_vs_personality_test_2026v1,en,fap-api CMS Article public API,status=published|public=true,true,true,true,approved,Career Interest Test vs Personality Test: Which Should You Take First?,"Confused between career interest and personality tests? Learn how Holland Code, MBTI, and Big Five answer different career exploration questions.",Career Interest Test vs Personality Test: Which Should You Take First?,UNKNOWN_NOT_FULL_CURRENT_NATIVE_ENGLISH_EDITORIAL_REVIEW,translation_group=tg_article_career_interest_vs_personality_test_2026v1|source_locale=en|QUALITY_PARITY_UNKNOWN,primary_topic=RIASEC/Career Decision|top_exact_queries=UNKNOWN_NOT_RETURNED,no_explicit_external_ref_detected:0,career_sensitive,present=true|visible=true|label=Take the test|target=holland-career-interest-test-riasec|href=https://fermatmind.com/en/tests/holland-career-interest-test-riasec,event_contract=VERIFIED source: SeoTrackedCtaLink emits article_to_test_click|network_observed=Unknown|ga4_28d=HISTORICAL aggregate 3 events / URL breakdown Unknown|ledger_clicks_28d=Unknown|attribution=Unknown,UNKNOWN_NO_REVIEWED_OWNER_ALIAS_FOR_THIS_PAGE,UNKNOWN_NOT_RETURNED,NO_REVIEWED_CURRENT28_MULTI_PAGE_QUERY_EVIDENCE,NONE_DECLARED_WITHOUT_SAME_QUERY_MULTI_PAGE_EVIDENCE,UNKNOWN,UNKNOWN,UNKNOWN,UNKNOWN,UNKNOWN,UNKNOWN,UNKNOWN,UNKNOWN,UNKNOWN,UNKNOWN,UNKNOWN,UNKNOWN,US/ALL:UNKNOWN;US/desktop:UNKNOWN;US/mobile:UNKNOWN;US/tablet:UNKNOWN;UK/ALL:UNKNOWN;UK/desktop:UNKNOWN;UK/mobile:UNKNOWN;UK/tablet:UNKNOWN;OTHER/ALL:UNKNOWN;OTHER/desktop:UNKNOWN;OTHER/mobile:UNKNOWN;OTHER/tablet:UNKNOWN;GLOBAL/ALL:UNKNOWN;GLOBAL/desktop:UNKNOWN;GLOBAL/mobile:UNKNOWN;GLOBAL/tablet:UNKNOWN,US/ALL:UNKNOWN;US/desktop:UNKNOWN;US/mobile:UNKNOWN;US/tablet:UNKNOWN;UK/ALL:UNKNOWN;UK/desktop:UNKNOWN;UK/mobile:UNKNOWN;UK/tablet:UNKNOWN;OTHER/ALL:UNKNOWN;OTHER/desktop:UNKNOWN;OTHER/mobile:UNKNOWN;OTHER/tablet:UNKNOWN;GLOBAL/ALL:UNKNOWN;GLOBAL/desktop:UNKNOWN;GLOBAL/mobile:UNKNOWN;GLOBAL/tablet:UNKNOWN,US/ALL:UNKNOWN;US/desktop:UNKNOWN;US/mobile:UNKNOWN;US/tablet:UNKNOWN;UK/ALL:UNKNOWN;UK/desktop:UNKNOWN;UK/mobile:UNKNOWN;UK/tablet:UNKNOWN;OTHER/ALL:UNKNOWN;OTHER/desktop:UNKNOWN;OTHER/mobile:UNKNOWN;OTHER/tablet:UNKNOWN;GLOBAL/ALL:UNKNOWN;GLOBAL/desktop:UNKNOWN;GLOBAL/mobile:UNKNOWN;GLOBAL/tablet:UNKNOWN,Unclassified,NEED_MORE_DATA,NOT_AUTHORIZED_INCOMPLETE_90D|NEED_MORE_DATA|execution_authorized=false,NOT_W3_ARTICLE_LANE,NO_M01_RETURNED_ROW_IN_THREE_WINDOWS; not zero and not disposal authority,STOP_NEW_WORK_30D_NOT_DELETE_UNPUBLISH_NOINDEX,false,INSUFFICIENT_DATA
E04_CURRENT_ARTICLE_API|M01_GSC_COMBINED_SAFE_JOINT|WINDOW5_ARTICLE_AUTHORITY_OWNER|W3_ARTICLE_ISOLATION_REFERENCE,2026-08-10T08:02:26Z,US|UK|OTHER|GLOBAL,ALL|desktop|mobile|tablet,en,current28=2026-07-13/2026-08-09|prev28=2026-06-15/2026-07-12|day90=2026-05-12/2026-08-09,RIASEC/Career Decision,https://fermatmind.com/en/articles/choose-career-using-personality-tests,VERIFIED,"M01 privacy-filtered top rows are not exhaustive; missing is UNKNOWN, not zero. Country is not language. Window 5 retains 90-day disposal authority. No CMS, redirect, noindex, publication, or W3 promotion action is applied.",66b37ae9e118797b20cfbaab,Article:49,49,55,UNKNOWN,choose-career-using-personality-tests,https://fermatmind.com/en/articles/choose-career-using-personality-tests,tg_article_career_exploration_map_2026v1,en,fap-api CMS Article public API,status=published|public=true,true,true,true,approved,I Don’t Know What Career Is Right for Me: A Practical Career Exploration Map,"Not sure what career is right for you? Learn how to use RIASEC, MBTI, Big Five, and real-world validation to build a practical career exploration map.",I Don’t Know What Career Is Right for Me: A Practical Career Exploration Map,UNKNOWN_NOT_FULL_CURRENT_NATIVE_ENGLISH_EDITORIAL_REVIEW,translation_group=tg_article_career_exploration_map_2026v1|source_locale=en|QUALITY_PARITY_UNKNOWN,primary_topic=RIASEC/Career Decision|top_exact_queries=UNKNOWN_NOT_RETURNED,no_explicit_external_ref_detected:0,career_sensitive,present=true|visible=true|label=Take the test|target=holland-career-interest-test-riasec|href=https://fermatmind.com/en/tests/holland-career-interest-test-riasec,event_contract=VERIFIED source: SeoTrackedCtaLink emits article_to_test_click|network_observed=Unknown|ga4_28d=HISTORICAL aggregate 3 events / URL breakdown Unknown|ledger_clicks_28d=Unknown|attribution=Unknown,UNKNOWN_NO_REVIEWED_OWNER_ALIAS_FOR_THIS_PAGE,UNKNOWN_NOT_RETURNED,NO_REVIEWED_CURRENT28_MULTI_PAGE_QUERY_EVIDENCE,NONE_DECLARED_WITHOUT_SAME_QUERY_MULTI_PAGE_EVIDENCE,UNKNOWN,UNKNOWN,UNKNOWN,UNKNOWN,UNKNOWN,UNKNOWN,UNKNOWN,UNKNOWN,UNKNOWN,UNKNOWN,UNKNOWN,UNKNOWN,US/ALL:UNKNOWN;US/desktop:UNKNOWN;US/mobile:UNKNOWN;US/tablet:UNKNOWN;UK/ALL:UNKNOWN;UK/desktop:UNKNOWN;UK/mobile:UNKNOWN;UK/tablet:UNKNOWN;OTHER/ALL:UNKNOWN;OTHER/desktop:UNKNOWN;OTHER/mobile:UNKNOWN;OTHER/tablet:UNKNOWN;GLOBAL/ALL:UNKNOWN;GLOBAL/desktop:UNKNOWN;GLOBAL/mobile:UNKNOWN;GLOBAL/tablet:UNKNOWN,US/ALL:UNKNOWN;US/desktop:UNKNOWN;US/mobile:UNKNOWN;US/tablet:UNKNOWN;UK/ALL:UNKNOWN;UK/desktop:UNKNOWN;UK/mobile:UNKNOWN;UK/tablet:UNKNOWN;OTHER/ALL:UNKNOWN;OTHER/desktop:UNKNOWN;OTHER/mobile:UNKNOWN;OTHER/tablet:UNKNOWN;GLOBAL/ALL:UNKNOWN;GLOBAL/desktop:UNKNOWN;GLOBAL/mobile:UNKNOWN;GLOBAL/tablet:UNKNOWN,US/ALL:UNKNOWN;US/desktop:UNKNOWN;US/mobile:UNKNOWN;US/tablet:UNKNOWN;UK/ALL:UNKNOWN;UK/desktop:UNKNOWN;UK/mobile:UNKNOWN;UK/tablet:UNKNOWN;OTHER/ALL:UNKNOWN;OTHER/desktop:UNKNOWN;OTHER/mobile:UNKNOWN;OTHER/tablet:UNKNOWN;GLOBAL/ALL:UNKNOWN;GLOBAL/desktop:UNKNOWN;GLOBAL/mobile:UNKNOWN;GLOBAL/tablet:UNKNOWN,Unclassified,NEED_MORE_DATA,NOT_AUTHORIZED_INCOMPLETE_90D|NEED_MORE_DATA|execution_authorized=false,NOT_W3_ARTICLE_LANE,NO_M01_RETURNED_ROW_IN_THREE_WINDOWS; not zero and not disposal authority,STOP_NEW_WORK_30D_NOT_DELETE_UNPUBLISH_NOINDEX,false,INSUFFICIENT_DATA
E04_CURRENT_ARTICLE_API|M01_GSC_COMBINED_SAFE_JOINT|WINDOW5_ARTICLE_AUTHORITY_OWNER|W3_ARTICLE_ISOLATION_REFERENCE,2026-08-10T08:02:26Z,US|UK|OTHER|GLOBAL,ALL|desktop|mobile|tablet,en,current28=2026-07-13/2026-08-09|prev28=2026-06-15/2026-07-12|day90=2026-05-12/2026-08-09,RIASEC/Career Decision,https://fermatmind.com/en/articles/mbti-full-report-career-relationship-communication,VERIFIED,"M01 privacy-filtered top rows are not exhaustive; missing is UNKNOWN, not zero. Country is not language. Window 5 retains 90-day disposal authority. No CMS, redirect, noindex, publication, or W3 promotion action is applied.",d7bb384220807e9a9bebcec3,Article:61,61,81,UNKNOWN,mbti-full-report-career-relationship-communication,https://fermatmind.com/en/articles/mbti-full-report-career-relationship-communication,tg_mbti_full_report_career_relationship_2026v1,en,fap-api CMS Article public API,status=published|public=true,true,true,true,approved,"How to Read Your Full MBTI Report: From 16 Personality Results to Career, Relationships, and Communication","Learn how to read a full MBTI-style report beyond the four-letter label, with career, relationship, communication, teamwork, and self-growth examples.","How to Read Your Full MBTI Report: From 16 Personality Results to Career, Relationships, and Communication",UNKNOWN_NOT_FULL_CURRENT_NATIVE_ENGLISH_EDITORIAL_REVIEW,translation_group=tg_mbti_full_report_career_relationship_2026v1|source_locale=en|QUALITY_PARITY_UNKNOWN,primary_topic=RIASEC/Career Decision|top_exact_queries=a b b b=>c=0|i=1|ctr=0.0000%|p=10.0000,no_explicit_external_ref_detected:0,career_sensitive,present=true|visible=true|label=Take the free MBTI test|target=mbti-personality-test-16-personality-types|href=https://fermatmind.com/en/tests/mbti-personality-test-16-personality-types,event_contract=VERIFIED source: SeoTrackedCtaLink emits article_to_test_click|network_observed=Unknown|ga4_28d=HISTORICAL aggregate 3 events / URL breakdown Unknown|ledger_clicks_28d=Unknown|attribution=Unknown,UNKNOWN_NO_REVIEWED_OWNER_ALIAS_FOR_THIS_PAGE,a b b b=>c=0|i=1|ctr=0.0000%|p=10.0000,NO_REVIEWED_CURRENT28_MULTI_PAGE_QUERY_EVIDENCE,NONE_DECLARED_WITHOUT_SAME_QUERY_MULTI_PAGE_EVIDENCE,0,1,0.0000%,10.0000,UNKNOWN,UNKNOWN,UNKNOWN,UNKNOWN,0,1,0.0000%,10.0000,US/ALL:UNKNOWN;US/desktop:UNKNOWN;US/mobile:UNKNOWN;US/tablet:UNKNOWN;UK/ALL:UNKNOWN;UK/desktop:UNKNOWN;UK/mobile:UNKNOWN;UK/tablet:UNKNOWN;OTHER/ALL:c=0|i=1|ctr=0.0000%|p=10.0000|rows=1;OTHER/desktop:UNKNOWN;OTHER/mobile:c=0|i=1|ctr=0.0000%|p=10.0000|rows=1;OTHER/tablet:UNKNOWN;GLOBAL/ALL:c=0|i=1|ctr=0.0000%|p=10.0000|rows=1;GLOBAL/desktop:UNKNOWN;GLOBAL/mobile:c=0|i=1|ctr=0.0000%|p=10.0000|rows=1;GLOBAL/tablet:UNKNOWN,US/ALL:UNKNOWN;US/desktop:UNKNOWN;US/mobile:UNKNOWN;US/tablet:UNKNOWN;UK/ALL:UNKNOWN;UK/desktop:UNKNOWN;UK/mobile:UNKNOWN;UK/tablet:UNKNOWN;OTHER/ALL:UNKNOWN;OTHER/desktop:UNKNOWN;OTHER/mobile:UNKNOWN;OTHER/tablet:UNKNOWN;GLOBAL/ALL:UNKNOWN;GLOBAL/desktop:UNKNOWN;GLOBAL/mobile:UNKNOWN;GLOBAL/tablet:UNKNOWN,US/ALL:UNKNOWN;US/desktop:UNKNOWN;US/mobile:UNKNOWN;US/tablet:UNKNOWN;UK/ALL:UNKNOWN;UK/desktop:UNKNOWN;UK/mobile:UNKNOWN;UK/tablet:UNKNOWN;OTHER/ALL:c=0|i=1|ctr=0.0000%|p=10.0000|rows=1;OTHER/desktop:UNKNOWN;OTHER/mobile:c=0|i=1|ctr=0.0000%|p=10.0000|rows=1;OTHER/tablet:UNKNOWN;GLOBAL/ALL:c=0|i=1|ctr=0.0000%|p=10.0000|rows=1;GLOBAL/desktop:UNKNOWN;GLOBAL/mobile:c=0|i=1|ctr=0.0000%|p=10.0000|rows=1;GLOBAL/tablet:UNKNOWN,Unclassified,NEED_MORE_DATA,NOT_AUTHORIZED_INCOMPLETE_90D|NEED_MORE_DATA|execution_authorized=false,NOT_W3_ARTICLE_LANE,LOW_OR_HISTORICAL_EXACT_EVIDENCE; HOLD for comparable current evidence,STOP_NEW_WORK_30D_NOT_DELETE_UNPUBLISH_NOINDEX,false,HOLD
E04_CURRENT_ARTICLE_API|M01_GSC_COMBINED_SAFE_JOINT|WINDOW5_ARTICLE_AUTHORITY_OWNER|W3_ARTICLE_ISOLATION_REFERENCE,2026-08-10T08:02:26Z,US|UK|OTHER|GLOBAL,ALL|desktop|mobile|tablet,en,current28=2026-07-13/2026-08-09|prev28=2026-06-15/2026-07-12|day90=2026-05-12/2026-08-09,RIASEC/Career Decision,https://fermatmind.com/en/articles/hot-major-fit-riasec-course-career-checklist,VERIFIED,"M01 privacy-filtered top rows are not exhaustive; missing is UNKNOWN, not zero. Country is not language. Window 5 retains 90-day disposal authority. No CMS, redirect, noindex, publication, or W3 promotion action is applied.",c692ee2285659505dcaf9e56,Article:65,65,85,UNKNOWN,hot-major-fit-riasec-course-career-checklist,https://fermatmind.com/en/articles/hot-major-fit-riasec-course-career-checklist,tg_hot_major_fit_riasec_course_career_2026v1,en,fap-api CMS Article public API,status=published|public=true,true,true,true,approved,"Is a Popular College Major Right for Me? A Course, Career Activity, and Holland/RIASEC Checklist","Use course modules, work activities, and Holland/RIASEC clues to decide whether a popular major belongs in keep, verify, or deprioritize.","Is a Popular College Major Right for Me? A Course, Career Activity, and Holland/RIASEC Checklist",UNKNOWN_NOT_FULL_CURRENT_NATIVE_ENGLISH_EDITORIAL_REVIEW,translation_group=tg_hot_major_fit_riasec_course_career_2026v1|source_locale=en|QUALITY_PARITY_UNKNOWN,"primary_topic=RIASEC/Career Decision|top_exact_queries=""like a puzzle"" thinking=>c=0|i=2|ctr=0.0000%|p=29.5000",no_explicit_external_ref_detected:0,career_sensitive,"present=true|visible=true|label=Take the Holland/RIASEC test, then turn the result into work-activity questions|target=holland-career-interest-test-riasec|href=https://fermatmind.com/en/tests/holland-career-interest-test-riasec",event_contract=VERIFIED source: SeoTrackedCtaLink emits article_to_test_click|network_observed=Unknown|ga4_28d=HISTORICAL aggregate 3 events / URL breakdown Unknown|ledger_clicks_28d=Unknown|attribution=Unknown,UNKNOWN_NO_REVIEWED_OWNER_ALIAS_FOR_THIS_PAGE,"""like a puzzle"" thinking=>c=0|i=2|ctr=0.0000%|p=29.5000",NO_REVIEWED_CURRENT28_MULTI_PAGE_QUERY_EVIDENCE,NONE_DECLARED_WITHOUT_SAME_QUERY_MULTI_PAGE_EVIDENCE,0,2,0.0000%,29.5000,0,1,0.0000%,29.0000,0,3,0.0000%,29.3333,US/ALL:c=0|i=2|ctr=0.0000%|p=29.5000|rows=1;US/desktop:c=0|i=2|ctr=0.0000%|p=29.5000|rows=1;US/mobile:UNKNOWN;US/tablet:UNKNOWN;UK/ALL:UNKNOWN;UK/desktop:UNKNOWN;UK/mobile:UNKNOWN;UK/tablet:UNKNOWN;OTHER/ALL:UNKNOWN;OTHER/desktop:UNKNOWN;OTHER/mobile:UNKNOWN;OTHER/tablet:UNKNOWN;GLOBAL/ALL:c=0|i=2|ctr=0.0000%|p=29.5000|rows=1;GLOBAL/desktop:c=0|i=2|ctr=0.0000%|p=29.5000|rows=1;GLOBAL/mobile:UNKNOWN;GLOBAL/tablet:UNKNOWN,US/ALL:c=0|i=1|ctr=0.0000%|p=29.0000|rows=1;US/desktop:c=0|i=1|ctr=0.0000%|p=29.0000|rows=1;US/mobile:UNKNOWN;US/tablet:UNKNOWN;UK/ALL:UNKNOWN;UK/desktop:UNKNOWN;UK/mobile:UNKNOWN;UK/tablet:UNKNOWN;OTHER/ALL:UNKNOWN;OTHER/desktop:UNKNOWN;OTHER/mobile:UNKNOWN;OTHER/tablet:UNKNOWN;GLOBAL/ALL:c=0|i=1|ctr=0.0000%|p=29.0000|rows=1;GLOBAL/desktop:c=0|i=1|ctr=0.0000%|p=29.0000|rows=1;GLOBAL/mobile:UNKNOWN;GLOBAL/tablet:UNKNOWN,US/ALL:c=0|i=3|ctr=0.0000%|p=29.3333|rows=1;US/desktop:c=0|i=3|ctr=0.0000%|p=29.3333|rows=1;US/mobile:UNKNOWN;US/tablet:UNKNOWN;UK/ALL:UNKNOWN;UK/desktop:UNKNOWN;UK/mobile:UNKNOWN;UK/tablet:UNKNOWN;OTHER/ALL:UNKNOWN;OTHER/desktop:UNKNOWN;OTHER/mobile:UNKNOWN;OTHER/tablet:UNKNOWN;GLOBAL/ALL:c=0|i=3|ctr=0.0000%|p=29.3333|rows=1;GLOBAL/desktop:c=0|i=3|ctr=0.0000%|p=29.3333|rows=1;GLOBAL/mobile:UNKNOWN;GLOBAL/tablet:UNKNOWN,Unclassified,NEED_MORE_DATA,NOT_AUTHORIZED_INCOMPLETE_90D|NEED_MORE_DATA|execution_authorized=false,NOT_W3_ARTICLE_LANE,LOW_OR_HISTORICAL_EXACT_EVIDENCE; HOLD for comparable current evidence,STOP_NEW_WORK_30D_NOT_DELETE_UNPUBLISH_NOINDEX,false,HOLD
E04_CURRENT_ARTICLE_API|M01_GSC_COMBINED_SAFE_JOINT|WINDOW5_ARTICLE_AUTHORITY_OWNER|W3_ARTICLE_ISOLATION_REFERENCE,2026-08-10T08:02:26Z,US|UK|OTHER|GLOBAL,ALL|desktop|mobile|tablet,en,current28=2026-07-13/2026-08-09|prev28=2026-06-15/2026-07-12|day90=2026-05-12/2026-08-09,Enneagram,https://fermatmind.com/en/articles/enneagram-workplace-friction-core-motivations,VERIFIED,"M01 privacy-filtered top rows are not exhaustive; missing is UNKNOWN, not zero. Country is not language. Window 5 retains 90-day disposal authority. No CMS, redirect, noindex, publication, or W3 promotion action is applied.",2542a0184b91c7d3f8bcfc73,Article:69,69,89,UNKNOWN,enneagram-workplace-friction-core-motivations,https://fermatmind.com/en/articles/enneagram-workplace-friction-core-motivations,tg_enneagram_workplace_friction_core_motivations_2026v1,en,fap-api CMS Article public API,status=published|public=true,true,true,true,approved,Enneagram Workplace Friction: Core Motivations & Conflict Guide,"Deconstruct office friction using the Enneagram lens. Map core motivations to concrete feedback loops, stress patterns, and safer communication experiments.",Enneagram Workplace Friction: Core Motivations & Conflict Guide,UNKNOWN_NOT_FULL_CURRENT_NATIVE_ENGLISH_EDITORIAL_REVIEW,translation_group=tg_enneagram_workplace_friction_core_motivations_2026v1|source_locale=en|QUALITY_PARITY_UNKNOWN,primary_topic=Enneagram|top_exact_queries=UNKNOWN_NOT_RETURNED,no_explicit_external_ref_detected:0,identity_sensitive,"present=true|visible=true|label=Take the Enneagram test, then compare the result with one recent workplace friction scene|target=enneagram-personality-test-nine-types|href=https://fermatmind.com/en/tests/enneagram-personality-test-nine-types",event_contract=VERIFIED source: SeoTrackedCtaLink emits article_to_test_click|network_observed=Unknown|ga4_28d=HISTORICAL aggregate 3 events / URL breakdown Unknown|ledger_clicks_28d=Unknown|attribution=Unknown,UNKNOWN_NO_REVIEWED_OWNER_ALIAS_FOR_THIS_PAGE,UNKNOWN_NOT_RETURNED,NO_REVIEWED_CURRENT28_MULTI_PAGE_QUERY_EVIDENCE,NONE_DECLARED_WITHOUT_SAME_QUERY_MULTI_PAGE_EVIDENCE,UNKNOWN,UNKNOWN,UNKNOWN,UNKNOWN,0,1,0.0000%,12.0000,0,1,0.0000%,12.0000,US/ALL:UNKNOWN;US/desktop:UNKNOWN;US/mobile:UNKNOWN;US/tablet:UNKNOWN;UK/ALL:UNKNOWN;UK/desktop:UNKNOWN;UK/mobile:UNKNOWN;UK/tablet:UNKNOWN;OTHER/ALL:UNKNOWN;OTHER/desktop:UNKNOWN;OTHER/mobile:UNKNOWN;OTHER/tablet:UNKNOWN;GLOBAL/ALL:UNKNOWN;GLOBAL/desktop:UNKNOWN;GLOBAL/mobile:UNKNOWN;GLOBAL/tablet:UNKNOWN,US/ALL:UNKNOWN;US/desktop:UNKNOWN;US/mobile:UNKNOWN;US/tablet:UNKNOWN;UK/ALL:UNKNOWN;UK/desktop:UNKNOWN;UK/mobile:UNKNOWN;UK/tablet:UNKNOWN;OTHER/ALL:c=0|i=1|ctr=0.0000%|p=12.0000|rows=1;OTHER/desktop:c=0|i=1|ctr=0.0000%|p=12.0000|rows=1;OTHER/mobile:UNKNOWN;OTHER/tablet:UNKNOWN;GLOBAL/ALL:c=0|i=1|ctr=0.0000%|p=12.0000|rows=1;GLOBAL/desktop:c=0|i=1|ctr=0.0000%|p=12.0000|rows=1;GLOBAL/mobile:UNKNOWN;GLOBAL/tablet:UNKNOWN,US/ALL:UNKNOWN;US/desktop:UNKNOWN;US/mobile:UNKNOWN;US/tablet:UNKNOWN;UK/ALL:UNKNOWN;UK/desktop:UNKNOWN;UK/mobile:UNKNOWN;UK/tablet:UNKNOWN;OTHER/ALL:c=0|i=1|ctr=0.0000%|p=12.0000|rows=1;OTHER/desktop:c=0|i=1|ctr=0.0000%|p=12.0000|rows=1;OTHER/mobile:UNKNOWN;OTHER/tablet:UNKNOWN;GLOBAL/ALL:c=0|i=1|ctr=0.0000%|p=12.0000|rows=1;GLOBAL/desktop:c=0|i=1|ctr=0.0000%|p=12.0000|rows=1;GLOBAL/mobile:UNKNOWN;GLOBAL/tablet:UNKNOWN,Unclassified,NEED_MORE_DATA,NOT_AUTHORIZED_INCOMPLETE_90D|NEED_MORE_DATA|execution_authorized=false,NOT_W3_ARTICLE_LANE,LOW_OR_HISTORICAL_EXACT_EVIDENCE; HOLD for comparable current evidence,STOP_NEW_WORK_30D_NOT_DELETE_UNPUBLISH_NOINDEX,false,HOLD
E04_CURRENT_ARTICLE_API|M01_GSC_COMBINED_SAFE_JOINT|WINDOW5_ARTICLE_AUTHORITY_OWNER|W3_ARTICLE_ISOLATION_REFERENCE,2026-08-10T08:02:26Z,US|UK|OTHER|GLOBAL,ALL|desktop|mobile|tablet,en,current28=2026-07-13/2026-08-09|prev28=2026-06-15/2026-07-12|day90=2026-05-12/2026-08-09,RIASEC/Career Decision,https://fermatmind.com/en/articles/unwanted-major-adjustment-riasec-transfer-plan,VERIFIED,"M01 privacy-filtered top rows are not exhaustive; missing is UNKNOWN, not zero. Country is not language. Window 5 retains 90-day disposal authority. No CMS, redirect, noindex, publication, or W3 promotion action is applied.",54c5e42ef9557202662b84ad,Article:71,71,91,UNKNOWN,unwanted-major-adjustment-riasec-transfer-plan,https://fermatmind.com/en/articles/unwanted-major-adjustment-riasec-transfer-plan,tg_unwanted_major_riasec_transfer_plan_2026v1,en,fap-api CMS Article public API,status=published|public=true,true,true,true,approved,"Assigned to a Major You Don’t Like? Course, Transfer, and RIASEC Backup Checklist","Use courses, transfer policy, RIASEC interests, and skill bridges to decide whether an unwanted major should be kept, verified, or exit-planned.","Assigned to a Major You Don’t Like? Course, Transfer, and RIASEC Backup Checklist",UNKNOWN_NOT_FULL_CURRENT_NATIVE_ENGLISH_EDITORIAL_REVIEW,translation_group=tg_unwanted_major_riasec_transfer_plan_2026v1|source_locale=en|QUALITY_PARITY_UNKNOWN,primary_topic=RIASEC/Career Decision|top_exact_queries=UNKNOWN_NOT_RETURNED,no_explicit_external_ref_detected:0,career_sensitive,present=true|visible=true|label=Take the Holland/RIASEC test and turn your result into verification questions|target=holland-career-interest-test-riasec|href=https://fermatmind.com/en/tests/holland-career-interest-test-riasec,event_contract=VERIFIED source: SeoTrackedCtaLink emits article_to_test_click|network_observed=Unknown|ga4_28d=HISTORICAL aggregate 3 events / URL breakdown Unknown|ledger_clicks_28d=Unknown|attribution=Unknown,UNKNOWN_NO_REVIEWED_OWNER_ALIAS_FOR_THIS_PAGE,UNKNOWN_NOT_RETURNED,NO_REVIEWED_CURRENT28_MULTI_PAGE_QUERY_EVIDENCE,NONE_DECLARED_WITHOUT_SAME_QUERY_MULTI_PAGE_EVIDENCE,UNKNOWN,UNKNOWN,UNKNOWN,UNKNOWN,0,2,0.0000%,2.0000,0,2,0.0000%,2.0000,US/ALL:UNKNOWN;US/desktop:UNKNOWN;US/mobile:UNKNOWN;US/tablet:UNKNOWN;UK/ALL:UNKNOWN;UK/desktop:UNKNOWN;UK/mobile:UNKNOWN;UK/tablet:UNKNOWN;OTHER/ALL:UNKNOWN;OTHER/desktop:UNKNOWN;OTHER/mobile:UNKNOWN;OTHER/tablet:UNKNOWN;GLOBAL/ALL:UNKNOWN;GLOBAL/desktop:UNKNOWN;GLOBAL/mobile:UNKNOWN;GLOBAL/tablet:UNKNOWN,US/ALL:UNKNOWN;US/desktop:UNKNOWN;US/mobile:UNKNOWN;US/tablet:UNKNOWN;UK/ALL:UNKNOWN;UK/desktop:UNKNOWN;UK/mobile:UNKNOWN;UK/tablet:UNKNOWN;OTHER/ALL:c=0|i=2|ctr=0.0000%|p=2.0000|rows=1;OTHER/desktop:c=0|i=2|ctr=0.0000%|p=2.0000|rows=1;OTHER/mobile:UNKNOWN;OTHER/tablet:UNKNOWN;GLOBAL/ALL:c=0|i=2|ctr=0.0000%|p=2.0000|rows=1;GLOBAL/desktop:c=0|i=2|ctr=0.0000%|p=2.0000|rows=1;GLOBAL/mobile:UNKNOWN;GLOBAL/tablet:UNKNOWN,US/ALL:UNKNOWN;US/desktop:UNKNOWN;US/mobile:UNKNOWN;US/tablet:UNKNOWN;UK/ALL:UNKNOWN;UK/desktop:UNKNOWN;UK/mobile:UNKNOWN;UK/tablet:UNKNOWN;OTHER/ALL:c=0|i=2|ctr=0.0000%|p=2.0000|rows=1;OTHER/desktop:c=0|i=2|ctr=0.0000%|p=2.0000|rows=1;OTHER/mobile:UNKNOWN;OTHER/tablet:UNKNOWN;GLOBAL/ALL:c=0|i=2|ctr=0.0000%|p=2.0000|rows=1;GLOBAL/desktop:c=0|i=2|ctr=0.0000%|p=2.0000|rows=1;GLOBAL/mobile:UNKNOWN;GLOBAL/tablet:UNKNOWN,Unclassified,NEED_MORE_DATA,NOT_AUTHORIZED_INCOMPLETE_90D|NEED_MORE_DATA|execution_authorized=false,NOT_W3_ARTICLE_LANE,LOW_OR_HISTORICAL_EXACT_EVIDENCE; HOLD for comparable current evidence,STOP_NEW_WORK_30D_NOT_DELETE_UNPUBLISH_NOINDEX,false,HOLD
E04_CURRENT_ARTICLE_API|M01_GSC_COMBINED_SAFE_JOINT|WINDOW5_ARTICLE_AUTHORITY_OWNER|W3_ARTICLE_ISOLATION_REFERENCE,2026-08-10T08:02:26Z,US|UK|OTHER|GLOBAL,ALL|desktop|mobile|tablet,en,current28=2026-07-13/2026-08-09|prev28=2026-06-15/2026-07-12|day90=2026-05-12/2026-08-09,RIASEC/Career Decision,https://fermatmind.com/en/articles/major-career-mismatch-job-search-skills-plan,VERIFIED,"M01 privacy-filtered top rows are not exhaustive; missing is UNKNOWN, not zero. Country is not language. Window 5 retains 90-day disposal authority. No CMS, redirect, noindex, publication, or W3 promotion action is applied.",d0e22b4ab42d20f5c087d227,Article:73,73,93,UNKNOWN,major-career-mismatch-job-search-skills-plan,https://fermatmind.com/en/articles/major-career-mismatch-job-search-skills-plan,tg_major_career_mismatch_job_search_skills_2026v1,en,fap-api CMS Article public API,status=published|public=true,true,true,true,approved,How to Get a Job Unrelated to Your Major: Translate Your Degree into Job Evidence,"Turn an unrelated major into job evidence with JD analysis, projects, internships, resume language, and Holland/RIASEC validation.",How to Get a Job Unrelated to Your Major: Translate Your Degree into Job Evidence,UNKNOWN_NOT_FULL_CURRENT_NATIVE_ENGLISH_EDITORIAL_REVIEW,translation_group=tg_major_career_mismatch_job_search_skills_2026v1|source_locale=en|QUALITY_PARITY_UNKNOWN,primary_topic=RIASEC/Career Decision|top_exact_queries=major meaning in job application=>c=0|i=2|ctr=0.0000%|p=1.0000,no_explicit_external_ref_detected:0,career_sensitive,"present=true|visible=true|label=Take the Holland/RIASEC test, then map your result to job tasks|target=holland-career-interest-test-riasec|href=https://fermatmind.com/en/tests/holland-career-interest-test-riasec",event_contract=VERIFIED source: SeoTrackedCtaLink emits article_to_test_click|network_observed=Unknown|ga4_28d=HISTORICAL aggregate 3 events / URL breakdown Unknown|ledger_clicks_28d=Unknown|attribution=Unknown,UNKNOWN_NO_REVIEWED_OWNER_ALIAS_FOR_THIS_PAGE,major meaning in job application=>c=0|i=2|ctr=0.0000%|p=1.0000,NO_REVIEWED_CURRENT28_MULTI_PAGE_QUERY_EVIDENCE,NONE_DECLARED_WITHOUT_SAME_QUERY_MULTI_PAGE_EVIDENCE,0,2,0.0000%,1.0000,UNKNOWN,UNKNOWN,UNKNOWN,UNKNOWN,0,2,0.0000%,1.0000,US/ALL:UNKNOWN;US/desktop:UNKNOWN;US/mobile:UNKNOWN;US/tablet:UNKNOWN;UK/ALL:c=0|i=2|ctr=0.0000%|p=1.0000|rows=1;UK/desktop:c=0|i=2|ctr=0.0000%|p=1.0000|rows=1;UK/mobile:UNKNOWN;UK/tablet:UNKNOWN;OTHER/ALL:UNKNOWN;OTHER/desktop:UNKNOWN;OTHER/mobile:UNKNOWN;OTHER/tablet:UNKNOWN;GLOBAL/ALL:c=0|i=2|ctr=0.0000%|p=1.0000|rows=1;GLOBAL/desktop:c=0|i=2|ctr=0.0000%|p=1.0000|rows=1;GLOBAL/mobile:UNKNOWN;GLOBAL/tablet:UNKNOWN,US/ALL:UNKNOWN;US/desktop:UNKNOWN;US/mobile:UNKNOWN;US/tablet:UNKNOWN;UK/ALL:UNKNOWN;UK/desktop:UNKNOWN;UK/mobile:UNKNOWN;UK/tablet:UNKNOWN;OTHER/ALL:UNKNOWN;OTHER/desktop:UNKNOWN;OTHER/mobile:UNKNOWN;OTHER/tablet:UNKNOWN;GLOBAL/ALL:UNKNOWN;GLOBAL/desktop:UNKNOWN;GLOBAL/mobile:UNKNOWN;GLOBAL/tablet:UNKNOWN,US/ALL:UNKNOWN;US/desktop:UNKNOWN;US/mobile:UNKNOWN;US/tablet:UNKNOWN;UK/ALL:c=0|i=2|ctr=0.0000%|p=1.0000|rows=1;UK/desktop:c=0|i=2|ctr=0.0000%|p=1.0000|rows=1;UK/mobile:UNKNOWN;UK/tablet:UNKNOWN;OTHER/ALL:UNKNOWN;OTHER/desktop:UNKNOWN;OTHER/mobile:UNKNOWN;OTHER/tablet:UNKNOWN;GLOBAL/ALL:c=0|i=2|ctr=0.0000%|p=1.0000|rows=1;GLOBAL/desktop:c=0|i=2|ctr=0.0000%|p=1.0000|rows=1;GLOBAL/mobile:UNKNOWN;GLOBAL/tablet:UNKNOWN,Near Winner,NEED_MORE_DATA,NOT_AUTHORIZED_INCOMPLETE_90D|NEED_MORE_DATA|execution_authorized=false,NOT_W3_ARTICLE_LANE,LOW_OR_HISTORICAL_EXACT_EVIDENCE; HOLD for comparable current evidence,STOP_NEW_WORK_30D_NOT_DELETE_UNPUBLISH_NOINDEX,false,HOLD
E04_CURRENT_ARTICLE_API|M01_GSC_COMBINED_SAFE_JOINT|WINDOW5_ARTICLE_AUTHORITY_OWNER|W3_ARTICLE_ISOLATION_REFERENCE,2026-08-10T08:02:26Z,US|UK|OTHER|GLOBAL,ALL|desktop|mobile|tablet,en,current28=2026-07-13/2026-08-09|prev28=2026-06-15/2026-07-12|day90=2026-05-12/2026-08-09,RIASEC/Career Decision,https://fermatmind.com/en/articles/unwanted-major-repeat-or-stay-riasec-decision-checklist,VERIFIED,"M01 privacy-filtered top rows are not exhaustive; missing is UNKNOWN, not zero. Country is not language. Window 5 retains 90-day disposal authority. No CMS, redirect, noindex, publication, or W3 promotion action is applied.",c23ab5a8149126e8a928ffdc,Article:75,75,95,UNKNOWN,unwanted-major-repeat-or-stay-riasec-decision-checklist,https://fermatmind.com/en/articles/unwanted-major-repeat-or-stay-riasec-decision-checklist,tg_unwanted_major_repeat_stay_riasec_2026v1,en,fap-api CMS Article public API,status=published|public=true,true,true,true,approved,"Assigned a Major That Feels Wrong? Repeat, Stay, Transfer, or Pivot With a RIASEC Checklist","Compare repeating, staying, transferring, minoring, or pivoting after checking curriculum, transfer policy, family cost, and RIASEC fit.","Assigned a Major That Feels Wrong? Repeat, Stay, Transfer, or Pivot With a RIASEC Checklist",UNKNOWN_NOT_FULL_CURRENT_NATIVE_ENGLISH_EDITORIAL_REVIEW,translation_group=tg_unwanted_major_repeat_stay_riasec_2026v1|source_locale=en|QUALITY_PARITY_UNKNOWN,primary_topic=RIASEC/Career Decision|top_exact_queries=UNKNOWN_NOT_RETURNED,no_explicit_external_ref_detected:0,career_sensitive,present=true|visible=true|label=Take the Holland/RIASEC test and add your interest pattern to the decision table|target=holland-career-interest-test-riasec|href=https://fermatmind.com/en/tests/holland-career-interest-test-riasec,event_contract=VERIFIED source: SeoTrackedCtaLink emits article_to_test_click|network_observed=Unknown|ga4_28d=HISTORICAL aggregate 3 events / URL breakdown Unknown|ledger_clicks_28d=Unknown|attribution=Unknown,UNKNOWN_NO_REVIEWED_OWNER_ALIAS_FOR_THIS_PAGE,UNKNOWN_NOT_RETURNED,NO_REVIEWED_CURRENT28_MULTI_PAGE_QUERY_EVIDENCE,NONE_DECLARED_WITHOUT_SAME_QUERY_MULTI_PAGE_EVIDENCE,UNKNOWN,UNKNOWN,UNKNOWN,UNKNOWN,0,2,0.0000%,9.0000,0,2,0.0000%,9.0000,US/ALL:UNKNOWN;US/desktop:UNKNOWN;US/mobile:UNKNOWN;US/tablet:UNKNOWN;UK/ALL:UNKNOWN;UK/desktop:UNKNOWN;UK/mobile:UNKNOWN;UK/tablet:UNKNOWN;OTHER/ALL:UNKNOWN;OTHER/desktop:UNKNOWN;OTHER/mobile:UNKNOWN;OTHER/tablet:UNKNOWN;GLOBAL/ALL:UNKNOWN;GLOBAL/desktop:UNKNOWN;GLOBAL/mobile:UNKNOWN;GLOBAL/tablet:UNKNOWN,US/ALL:UNKNOWN;US/desktop:UNKNOWN;US/mobile:UNKNOWN;US/tablet:UNKNOWN;UK/ALL:UNKNOWN;UK/desktop:UNKNOWN;UK/mobile:UNKNOWN;UK/tablet:UNKNOWN;OTHER/ALL:c=0|i=2|ctr=0.0000%|p=9.0000|rows=1;OTHER/desktop:c=0|i=2|ctr=0.0000%|p=9.0000|rows=1;OTHER/mobile:UNKNOWN;OTHER/tablet:UNKNOWN;GLOBAL/ALL:c=0|i=2|ctr=0.0000%|p=9.0000|rows=1;GLOBAL/desktop:c=0|i=2|ctr=0.0000%|p=9.0000|rows=1;GLOBAL/mobile:UNKNOWN;GLOBAL/tablet:UNKNOWN,US/ALL:UNKNOWN;US/desktop:UNKNOWN;US/mobile:UNKNOWN;US/tablet:UNKNOWN;UK/ALL:UNKNOWN;UK/desktop:UNKNOWN;UK/mobile:UNKNOWN;UK/tablet:UNKNOWN;OTHER/ALL:c=0|i=2|ctr=0.0000%|p=9.0000|rows=1;OTHER/desktop:c=0|i=2|ctr=0.0000%|p=9.0000|rows=1;OTHER/mobile:UNKNOWN;OTHER/tablet:UNKNOWN;GLOBAL/ALL:c=0|i=2|ctr=0.0000%|p=9.0000|rows=1;GLOBAL/desktop:c=0|i=2|ctr=0.0000%|p=9.0000|rows=1;GLOBAL/mobile:UNKNOWN;GLOBAL/tablet:UNKNOWN,Unclassified,NEED_MORE_DATA,NOT_AUTHORIZED_INCOMPLETE_90D|NEED_MORE_DATA|execution_authorized=false,NOT_W3_ARTICLE_LANE,LOW_OR_HISTORICAL_EXACT_EVIDENCE; HOLD for comparable current evidence,STOP_NEW_WORK_30D_NOT_DELETE_UNPUBLISH_NOINDEX,false,HOLD
E04_CURRENT_ARTICLE_API|M01_GSC_COMBINED_SAFE_JOINT|WINDOW5_ARTICLE_AUTHORITY_OWNER|W3_ARTICLE_ISOLATION_REFERENCE,2026-08-10T08:02:26Z,US|UK|OTHER|GLOBAL,ALL|desktop|mobile|tablet,en,current28=2026-07-13/2026-08-09|prev28=2026-06-15/2026-07-12|day90=2026-05-12/2026-08-09,Big Five,https://fermatmind.com/en/articles/big-five-emotional-stability-stress-recovery-communication,VERIFIED,"M01 privacy-filtered top rows are not exhaustive; missing is UNKNOWN, not zero. Country is not language. Window 5 retains 90-day disposal authority. No CMS, redirect, noindex, publication, or W3 promotion action is applied.",e5b7c03b4967b63e2c2f2586,Article:79,79,99,UNKNOWN,big-five-emotional-stability-stress-recovery-communication,https://fermatmind.com/en/articles/big-five-emotional-stability-stress-recovery-communication,tg_big_five_emotional_stability_stress_2026v1,en,fap-api CMS Article public API,status=published|public=true,true,true,true,approved,"Low Emotional Stability in the Big Five: Stress Triggers, Recovery Habits, and Communication Boundaries","Use low Emotional Stability as a stress-sensitivity signal, not a diagnosis. Map triggers, recovery habits, communication boundaries, and support signals.","Low Emotional Stability in the Big Five: Stress Triggers, Recovery Habits, and Communication Boundaries",UNKNOWN_NOT_FULL_CURRENT_NATIVE_ENGLISH_EDITORIAL_REVIEW,translation_group=tg_big_five_emotional_stability_stress_2026v1|source_locale=en|QUALITY_PARITY_UNKNOWN,"primary_topic=Big Five|top_exact_queries=""big five emotional release bundle""=>c=0|i=9|ctr=0.0000%|p=4.8889; ""emotional release bundle"" ""big five""=>c=0|i=5|ctr=0.0000%|p=2.8000; ""big five emotional release""=>c=0|i=2|ctr=0.0000%|p=8.0000",no_explicit_external_ref_detected:0,identity_sensitive,"present=true|visible=true|label=Take the Big Five test, then map your stress triggers|target=big-five-personality-test-ocean-model|href=https://fermatmind.com/en/tests/big-five-personality-test-ocean-model",event_contract=VERIFIED source: SeoTrackedCtaLink emits article_to_test_click|network_observed=Unknown|ga4_28d=HISTORICAL aggregate 3 events / URL breakdown Unknown|ledger_clicks_28d=Unknown|attribution=Unknown,UNKNOWN_NO_REVIEWED_OWNER_ALIAS_FOR_THIS_PAGE,"""big five emotional release bundle""=>c=0|i=9|ctr=0.0000%|p=4.8889; ""emotional release bundle"" ""big five""=>c=0|i=5|ctr=0.0000%|p=2.8000; ""big five emotional release""=>c=0|i=2|ctr=0.0000%|p=8.0000; ""big five emotional release"" bundle=>c=0|i=2|ctr=0.0000%|p=3.5000; ""big five emotional release"" bundle modules=>c=0|i=2|ctr=0.0000%|p=4.0000; ""the big five emotional release bundle""=>c=0|i=2|ctr=0.0000%|p=5.0000; big five emotional stability=>c=0|i=2|ctr=0.0000%|p=11.0000; emotional stability big five=>c=0|i=1|ctr=0.0000%|p=6.0000; emotional stability personality trait=>c=0|i=1|ctr=0.0000%|p=56.0000; high emotional stability=>c=0|i=1|ctr=0.0000%|p=33.0000",NO_REVIEWED_CURRENT28_MULTI_PAGE_QUERY_EVIDENCE,NONE_DECLARED_WITHOUT_SAME_QUERY_MULTI_PAGE_EVIDENCE,0,28,0.0000%,8.1071,0,6,0.0000%,4.8333,0,34,0.0000%,7.5294,US/ALL:c=0|i=21|ctr=0.0000%|p=5.0476|rows=7;US/desktop:c=0|i=20|ctr=0.0000%|p=4.7500|rows=6;US/mobile:c=0|i=1|ctr=0.0000%|p=11.0000|rows=1;US/tablet:UNKNOWN;UK/ALL:UNKNOWN;UK/desktop:UNKNOWN;UK/mobile:UNKNOWN;UK/tablet:UNKNOWN;OTHER/ALL:c=0|i=7|ctr=0.0000%|p=17.2857|rows=7;OTHER/desktop:c=0|i=5|ctr=0.0000%|p=19.8000|rows=5;OTHER/mobile:c=0|i=2|ctr=0.0000%|p=11.0000|rows=2;OTHER/tablet:UNKNOWN;GLOBAL/ALL:c=0|i=28|ctr=0.0000%|p=8.1071|rows=14;GLOBAL/desktop:c=0|i=25|ctr=0.0000%|p=7.7600|rows=11;GLOBAL/mobile:c=0|i=3|ctr=0.0000%|p=11.0000|rows=3;GLOBAL/tablet:UNKNOWN,US/ALL:UNKNOWN;US/desktop:UNKNOWN;US/mobile:UNKNOWN;US/tablet:UNKNOWN;UK/ALL:UNKNOWN;UK/desktop:UNKNOWN;UK/mobile:UNKNOWN;UK/tablet:UNKNOWN;OTHER/ALL:c=0|i=6|ctr=0.0000%|p=4.8333|rows=5;OTHER/desktop:c=0|i=5|ctr=0.0000%|p=3.8000|rows=4;OTHER/mobile:c=0|i=1|ctr=0.0000%|p=10.0000|rows=1;OTHER/tablet:UNKNOWN;GLOBAL/ALL:c=0|i=6|ctr=0.0000%|p=4.8333|rows=5;GLOBAL/desktop:c=0|i=5|ctr=0.0000%|p=3.8000|rows=4;GLOBAL/mobile:c=0|i=1|ctr=0.0000%|p=10.0000|rows=1;GLOBAL/tablet:UNKNOWN,US/ALL:c=0|i=21|ctr=0.0000%|p=5.0476|rows=7;US/desktop:c=0|i=20|ctr=0.0000%|p=4.7500|rows=6;US/mobile:c=0|i=1|ctr=0.0000%|p=11.0000|rows=1;US/tablet:UNKNOWN;UK/ALL:UNKNOWN;UK/desktop:UNKNOWN;UK/mobile:UNKNOWN;UK/tablet:UNKNOWN;OTHER/ALL:c=0|i=13|ctr=0.0000%|p=11.5385|rows=12;OTHER/desktop:c=0|i=10|ctr=0.0000%|p=11.8000|rows=9;OTHER/mobile:c=0|i=3|ctr=0.0000%|p=10.6667|rows=3;OTHER/tablet:UNKNOWN;GLOBAL/ALL:c=0|i=34|ctr=0.0000%|p=7.5294|rows=19;GLOBAL/desktop:c=0|i=30|ctr=0.0000%|p=7.1000|rows=15;GLOBAL/mobile:c=0|i=4|ctr=0.0000%|p=10.7500|rows=4;GLOBAL/tablet:UNKNOWN,Near Winner,NEED_MORE_DATA,NOT_AUTHORIZED_INCOMPLETE_90D|NEED_MORE_DATA|execution_authorized=false,NOT_W3_ARTICLE_LANE,HOLD_QUERY_INTENT_MISMATCH; most exact impressions reference a quoted third-party Emotional Release Bundle rather than the Big Five trait intent,STOP_NEW_WORK_30D_NOT_DELETE_UNPUBLISH_NOINDEX,false,HOLD
E04_CURRENT_ARTICLE_API|M01_GSC_COMBINED_SAFE_JOINT|WINDOW5_ARTICLE_AUTHORITY_OWNER|W3_ARTICLE_ISOLATION_REFERENCE,2026-08-10T08:02:26Z,US|UK|OTHER|GLOBAL,ALL|desktop|mobile|tablet,en,current28=2026-07-13/2026-08-09|prev28=2026-06-15/2026-07-12|day90=2026-05-12/2026-08-09,Big Five,https://fermatmind.com/en/articles/big-five-conscientiousness-low-procrastination-task-plan,VERIFIED,"M01 privacy-filtered top rows are not exhaustive; missing is UNKNOWN, not zero. Country is not language. Window 5 retains 90-day disposal authority. No CMS, redirect, noindex, publication, or W3 promotion action is applied.",2ba072e671a3536448e32618,Article:81,81,101,UNKNOWN,big-five-conscientiousness-low-procrastination-task-plan,https://fermatmind.com/en/articles/big-five-conscientiousness-low-procrastination-task-plan,tg_big_five_conscientiousness_task_plan_2026v1,en,fap-api CMS Article public API,status=published|public=true,true,true,true,approved,"Low Conscientiousness in the Big Five: Procrastination Triggers, Task Splitting, and Execution Checklists","Use a low Big Five conscientiousness result to map procrastination triggers, 15-minute task starts, feedback loops, and weekly review habits.","Low Conscientiousness in the Big Five: Procrastination Triggers, Task Splitting, and Execution Checklists",UNKNOWN_NOT_FULL_CURRENT_NATIVE_ENGLISH_EDITORIAL_REVIEW,translation_group=tg_big_five_conscientiousness_task_plan_2026v1|source_locale=en|QUALITY_PARITY_UNKNOWN,primary_topic=Big Five|top_exact_queries=UNKNOWN_NOT_RETURNED,no_explicit_external_ref_detected:0,identity_sensitive,"present=true|visible=true|label=Take the Big Five test, then use this checklist to observe procrastination triggers and execution systems|target=big-five-personality-test-ocean-model|href=https://fermatmind.com/en/tests/big-five-personality-test-ocean-model",event_contract=VERIFIED source: SeoTrackedCtaLink emits article_to_test_click|network_observed=Unknown|ga4_28d=HISTORICAL aggregate 3 events / URL breakdown Unknown|ledger_clicks_28d=Unknown|attribution=Unknown,UNKNOWN_NO_REVIEWED_OWNER_ALIAS_FOR_THIS_PAGE,UNKNOWN_NOT_RETURNED,NO_REVIEWED_CURRENT28_MULTI_PAGE_QUERY_EVIDENCE,NONE_DECLARED_WITHOUT_SAME_QUERY_MULTI_PAGE_EVIDENCE,UNKNOWN,UNKNOWN,UNKNOWN,UNKNOWN,UNKNOWN,UNKNOWN,UNKNOWN,UNKNOWN,UNKNOWN,UNKNOWN,UNKNOWN,UNKNOWN,US/ALL:UNKNOWN;US/desktop:UNKNOWN;US/mobile:UNKNOWN;US/tablet:UNKNOWN;UK/ALL:UNKNOWN;UK/desktop:UNKNOWN;UK/mobile:UNKNOWN;UK/tablet:UNKNOWN;OTHER/ALL:UNKNOWN;OTHER/desktop:UNKNOWN;OTHER/mobile:UNKNOWN;OTHER/tablet:UNKNOWN;GLOBAL/ALL:UNKNOWN;GLOBAL/desktop:UNKNOWN;GLOBAL/mobile:UNKNOWN;GLOBAL/tablet:UNKNOWN,US/ALL:UNKNOWN;US/desktop:UNKNOWN;US/mobile:UNKNOWN;US/tablet:UNKNOWN;UK/ALL:UNKNOWN;UK/desktop:UNKNOWN;UK/mobile:UNKNOWN;UK/tablet:UNKNOWN;OTHER/ALL:UNKNOWN;OTHER/desktop:UNKNOWN;OTHER/mobile:UNKNOWN;OTHER/tablet:UNKNOWN;GLOBAL/ALL:UNKNOWN;GLOBAL/desktop:UNKNOWN;GLOBAL/mobile:UNKNOWN;GLOBAL/tablet:UNKNOWN,US/ALL:UNKNOWN;US/desktop:UNKNOWN;US/mobile:UNKNOWN;US/tablet:UNKNOWN;UK/ALL:UNKNOWN;UK/desktop:UNKNOWN;UK/mobile:UNKNOWN;UK/tablet:UNKNOWN;OTHER/ALL:UNKNOWN;OTHER/desktop:UNKNOWN;OTHER/mobile:UNKNOWN;OTHER/tablet:UNKNOWN;GLOBAL/ALL:UNKNOWN;GLOBAL/desktop:UNKNOWN;GLOBAL/mobile:UNKNOWN;GLOBAL/tablet:UNKNOWN,Unclassified,NEED_MORE_DATA,NOT_AUTHORIZED_INCOMPLETE_90D|NEED_MORE_DATA|execution_authorized=false,NOT_W3_ARTICLE_LANE,NO_M01_RETURNED_ROW_IN_THREE_WINDOWS; not zero and not disposal authority,STOP_NEW_WORK_30D_NOT_DELETE_UNPUBLISH_NOINDEX,false,INSUFFICIENT_DATA
E04_CURRENT_ARTICLE_API|M01_GSC_COMBINED_SAFE_JOINT|WINDOW5_ARTICLE_AUTHORITY_OWNER|W3_ARTICLE_ISOLATION_REFERENCE,2026-08-10T08:02:26Z,US|UK|OTHER|GLOBAL,ALL|desktop|mobile|tablet,en,current28=2026-07-13/2026-08-09|prev28=2026-06-15/2026-07-12|day90=2026-05-12/2026-08-09,RIASEC/Career Decision,https://fermatmind.com/en/articles/major-category-program-tracking-riasec-choice-checklist,VERIFIED,"M01 privacy-filtered top rows are not exhaustive; missing is UNKNOWN, not zero. Country is not language. Window 5 retains 90-day disposal authority. No CMS, redirect, noindex, publication, or W3 promotion action is applied.",0e3b7a048f445fd592ffbb0f,Article:85,85,105,UNKNOWN,major-category-program-tracking-riasec-choice-checklist,https://fermatmind.com/en/articles/major-category-program-tracking-riasec-choice-checklist,tg_major_category_program_tracking_riasec_2026v1,en,fap-api CMS Article public API,status=published|public=true,true,true,true,approved,"How to Choose a Track in a Broad Major Category: Courses, RIASEC Interests, and Transfer Windows","Before program tracking, verify courses, criteria, capacity, and transfer windows. Use RIASEC to compare tracks without treating it as a decision engine.","How to Choose a Track in a Broad Major Category: Courses, RIASEC Interests, and Transfer Windows",UNKNOWN_NOT_FULL_CURRENT_NATIVE_ENGLISH_EDITORIAL_REVIEW,translation_group=tg_major_category_program_tracking_riasec_2026v1|source_locale=en|QUALITY_PARITY_UNKNOWN,primary_topic=RIASEC/Career Decision|top_exact_queries=UNKNOWN_NOT_RETURNED,no_explicit_external_ref_detected:0,career_sensitive,"present=true|visible=true|label=Take the Holland/RIASEC test, then compare your track options|target=holland-career-interest-test-riasec|href=https://fermatmind.com/en/tests/holland-career-interest-test-riasec",event_contract=VERIFIED source: SeoTrackedCtaLink emits article_to_test_click|network_observed=Unknown|ga4_28d=HISTORICAL aggregate 3 events / URL breakdown Unknown|ledger_clicks_28d=Unknown|attribution=Unknown,UNKNOWN_NO_REVIEWED_OWNER_ALIAS_FOR_THIS_PAGE,UNKNOWN_NOT_RETURNED,NO_REVIEWED_CURRENT28_MULTI_PAGE_QUERY_EVIDENCE,NONE_DECLARED_WITHOUT_SAME_QUERY_MULTI_PAGE_EVIDENCE,UNKNOWN,UNKNOWN,UNKNOWN,UNKNOWN,0,2,0.0000%,44.5000,0,2,0.0000%,44.5000,US/ALL:UNKNOWN;US/desktop:UNKNOWN;US/mobile:UNKNOWN;US/tablet:UNKNOWN;UK/ALL:UNKNOWN;UK/desktop:UNKNOWN;UK/mobile:UNKNOWN;UK/tablet:UNKNOWN;OTHER/ALL:UNKNOWN;OTHER/desktop:UNKNOWN;OTHER/mobile:UNKNOWN;OTHER/tablet:UNKNOWN;GLOBAL/ALL:UNKNOWN;GLOBAL/desktop:UNKNOWN;GLOBAL/mobile:UNKNOWN;GLOBAL/tablet:UNKNOWN,US/ALL:c=0|i=1|ctr=0.0000%|p=84.0000|rows=1;US/desktop:c=0|i=1|ctr=0.0000%|p=84.0000|rows=1;US/mobile:UNKNOWN;US/tablet:UNKNOWN;UK/ALL:UNKNOWN;UK/desktop:UNKNOWN;UK/mobile:UNKNOWN;UK/tablet:UNKNOWN;OTHER/ALL:c=0|i=1|ctr=0.0000%|p=5.0000|rows=1;OTHER/desktop:c=0|i=1|ctr=0.0000%|p=5.0000|rows=1;OTHER/mobile:UNKNOWN;OTHER/tablet:UNKNOWN;GLOBAL/ALL:c=0|i=2|ctr=0.0000%|p=44.5000|rows=2;GLOBAL/desktop:c=0|i=2|ctr=0.0000%|p=44.5000|rows=2;GLOBAL/mobile:UNKNOWN;GLOBAL/tablet:UNKNOWN,US/ALL:c=0|i=1|ctr=0.0000%|p=84.0000|rows=1;US/desktop:c=0|i=1|ctr=0.0000%|p=84.0000|rows=1;US/mobile:UNKNOWN;US/tablet:UNKNOWN;UK/ALL:UNKNOWN;UK/desktop:UNKNOWN;UK/mobile:UNKNOWN;UK/tablet:UNKNOWN;OTHER/ALL:c=0|i=1|ctr=0.0000%|p=5.0000|rows=1;OTHER/desktop:c=0|i=1|ctr=0.0000%|p=5.0000|rows=1;OTHER/mobile:UNKNOWN;OTHER/tablet:UNKNOWN;GLOBAL/ALL:c=0|i=2|ctr=0.0000%|p=44.5000|rows=2;GLOBAL/desktop:c=0|i=2|ctr=0.0000%|p=44.5000|rows=2;GLOBAL/mobile:UNKNOWN;GLOBAL/tablet:UNKNOWN,Unclassified,NEED_MORE_DATA,NOT_AUTHORIZED_INCOMPLETE_90D|NEED_MORE_DATA|execution_authorized=false,NOT_W3_ARTICLE_LANE,LOW_OR_HISTORICAL_EXACT_EVIDENCE; HOLD for comparable current evidence,STOP_NEW_WORK_30D_NOT_DELETE_UNPUBLISH_NOINDEX,false,HOLD
E04_CURRENT_ARTICLE_API|M01_GSC_COMBINED_SAFE_JOINT|WINDOW5_ARTICLE_AUTHORITY_OWNER|W3_ARTICLE_ISOLATION_REFERENCE,2026-08-10T08:02:26Z,US|UK|OTHER|GLOBAL,ALL|desktop|mobile|tablet,en,current28=2026-07-13/2026-08-09|prev28=2026-06-15/2026-07-12|day90=2026-05-12/2026-08-09,Big Five,https://fermatmind.com/en/articles/big-five-growth-guide,VERIFIED,"M01 privacy-filtered top rows are not exhaustive; missing is UNKNOWN, not zero. Country is not language. Window 5 retains 90-day disposal authority. No CMS, redirect, noindex, publication, or W3 promotion action is applied.",9240e326a1274b3968d6ffc6,Article:186,186,447,Article:1,big-five-growth-guide,https://fermatmind.com/en/articles/big-five-growth-guide,big5-v2-f29331ce54d2f28a7051702932c39aaf69d2bf61,zh-CN,fap-api CMS Article public API,status=published|public=true,false,false,false,approved,How Can Big Five Personality Results Support Growth? A Five-Dimensional Behavioral Experiment and Review Guide,"Do not chase ideal personality scores; instead, set a realistic goal and turn trait assumptions into observable, actionable, and reviewable behavioral experiments.",How Can Big Five Personality Results Support Growth? A Five-Dimensional Behavioral Experiment and Review Guide,W9_QA_PASS_FROZEN_PACKAGE; CURRENT_TITLE_EXCERPT_MATCH; LIVE_FULL_BODY_QA_DEFERRED_E06,W3_SOURCE_IDENTITY=Article:1|pair=big5-v2-f29331ce54d2f28a7051702932c39aaf69d2bf61|package=d70e468bb1a07d74e786e5a93b5279feff5347be49a0264916408a6b2ccbdc9a,primary_topic=Big Five|top_exact_queries=UNKNOWN_NOT_RETURNED,present_public_source_refs:3,identity_sensitive,present=true|visible=true|label=Take the test|target=mbti-personality-test-16-personality-types|href=https://fermatmind.com/en/tests/mbti-personality-test-16-personality-types,event_contract=VERIFIED source: SeoTrackedCtaLink emits article_to_test_click|network_observed=Unknown|ga4_28d=HISTORICAL aggregate 3 events / URL breakdown Unknown|ledger_clicks_28d=Unknown|attribution=Unknown,UNKNOWN_NO_REVIEWED_OWNER_ALIAS_FOR_THIS_PAGE,UNKNOWN_NOT_RETURNED,NO_REVIEWED_CURRENT28_MULTI_PAGE_QUERY_EVIDENCE,NONE_DECLARED_WITHOUT_SAME_QUERY_MULTI_PAGE_EVIDENCE,UNKNOWN,UNKNOWN,UNKNOWN,UNKNOWN,UNKNOWN,UNKNOWN,UNKNOWN,UNKNOWN,UNKNOWN,UNKNOWN,UNKNOWN,UNKNOWN,US/ALL:UNKNOWN;US/desktop:UNKNOWN;US/mobile:UNKNOWN;US/tablet:UNKNOWN;UK/ALL:UNKNOWN;UK/desktop:UNKNOWN;UK/mobile:UNKNOWN;UK/tablet:UNKNOWN;OTHER/ALL:UNKNOWN;OTHER/desktop:UNKNOWN;OTHER/mobile:UNKNOWN;OTHER/tablet:UNKNOWN;GLOBAL/ALL:UNKNOWN;GLOBAL/desktop:UNKNOWN;GLOBAL/mobile:UNKNOWN;GLOBAL/tablet:UNKNOWN,US/ALL:UNKNOWN;US/desktop:UNKNOWN;US/mobile:UNKNOWN;US/tablet:UNKNOWN;UK/ALL:UNKNOWN;UK/desktop:UNKNOWN;UK/mobile:UNKNOWN;UK/tablet:UNKNOWN;OTHER/ALL:UNKNOWN;OTHER/desktop:UNKNOWN;OTHER/mobile:UNKNOWN;OTHER/tablet:UNKNOWN;GLOBAL/ALL:UNKNOWN;GLOBAL/desktop:UNKNOWN;GLOBAL/mobile:UNKNOWN;GLOBAL/tablet:UNKNOWN,US/ALL:UNKNOWN;US/desktop:UNKNOWN;US/mobile:UNKNOWN;US/tablet:UNKNOWN;UK/ALL:UNKNOWN;UK/desktop:UNKNOWN;UK/mobile:UNKNOWN;UK/tablet:UNKNOWN;OTHER/ALL:UNKNOWN;OTHER/desktop:UNKNOWN;OTHER/mobile:UNKNOWN;OTHER/tablet:UNKNOWN;GLOBAL/ALL:UNKNOWN;GLOBAL/desktop:UNKNOWN;GLOBAL/mobile:UNKNOWN;GLOBAL/tablet:UNKNOWN,Authority,KEEP_AUTHORITY,NOT_AUTHORIZED_INCOMPLETE_90D|NEED_MORE_DATA|execution_authorized=false,W3-ARTICLES|package=d70e468bb1a07d74e786e5a93b5279feff5347be49a0264916408a6b2ccbdc9a|source=Article:1|E04_NO_PROMOTION_ACTION,W3_EXACT_PACKAGE_ISOLATED; E06_RECEIPT_CHAIN_RECONCILIATION_ONLY,STOP_NEW_WORK_30D_NOT_DELETE_UNPUBLISH_NOINDEX,false,HOLD
E04_CURRENT_ARTICLE_API|M01_GSC_COMBINED_SAFE_JOINT|WINDOW5_ARTICLE_AUTHORITY_OWNER|W3_ARTICLE_ISOLATION_REFERENCE,2026-08-10T08:02:26Z,US|UK|OTHER|GLOBAL,ALL|desktop|mobile|tablet,en,current28=2026-07-13/2026-08-09|prev28=2026-06-15/2026-07-12|day90=2026-05-12/2026-08-09,Big Five,https://fermatmind.com/en/articles/big-five-narrative-portrait,VERIFIED,"M01 privacy-filtered top rows are not exhaustive; missing is UNKNOWN, not zero. Country is not language. Window 5 retains 90-day disposal authority. No CMS, redirect, noindex, publication, or W3 promotion action is applied.",da508ccb69586c4195c4fc30,Article:187,187,448,Article:2,big-five-narrative-portrait,https://fermatmind.com/en/articles/big-five-narrative-portrait,big5-v2-8381cc150e7180b365a397ce3e3a25e2626b8970,zh-CN,fap-api CMS Article public API,status=published|public=true,false,false,false,approved,How Should You Read a Big Five Personality Profile? Turning OCEAN Scores into a Personal Narrative,"Put each OCEAN dimension back into context. Map possible behaviors, costs, counterexamples, and questions to test, creating a profile you can review rather than a fixed label.",How Should You Read a Big Five Personality Profile? Turning OCEAN Scores into a Personal Narrative,W9_QA_PASS_FROZEN_PACKAGE; CURRENT_TITLE_EXCERPT_MATCH; LIVE_FULL_BODY_QA_DEFERRED_E06,W3_SOURCE_IDENTITY=Article:2|pair=big5-v2-8381cc150e7180b365a397ce3e3a25e2626b8970|package=d70e468bb1a07d74e786e5a93b5279feff5347be49a0264916408a6b2ccbdc9a,primary_topic=Big Five|top_exact_queries=UNKNOWN_NOT_RETURNED,present_public_source_refs:1,identity_sensitive,present=true|visible=true|label=Take the test|target=mbti-personality-test-16-personality-types|href=https://fermatmind.com/en/tests/mbti-personality-test-16-personality-types,event_contract=VERIFIED source: SeoTrackedCtaLink emits article_to_test_click|network_observed=Unknown|ga4_28d=HISTORICAL aggregate 3 events / URL breakdown Unknown|ledger_clicks_28d=Unknown|attribution=Unknown,UNKNOWN_NO_REVIEWED_OWNER_ALIAS_FOR_THIS_PAGE,UNKNOWN_NOT_RETURNED,NO_REVIEWED_CURRENT28_MULTI_PAGE_QUERY_EVIDENCE,NONE_DECLARED_WITHOUT_SAME_QUERY_MULTI_PAGE_EVIDENCE,UNKNOWN,UNKNOWN,UNKNOWN,UNKNOWN,UNKNOWN,UNKNOWN,UNKNOWN,UNKNOWN,UNKNOWN,UNKNOWN,UNKNOWN,UNKNOWN,US/ALL:UNKNOWN;US/desktop:UNKNOWN;US/mobile:UNKNOWN;US/tablet:UNKNOWN;UK/ALL:UNKNOWN;UK/desktop:UNKNOWN;UK/mobile:UNKNOWN;UK/tablet:UNKNOWN;OTHER/ALL:UNKNOWN;OTHER/desktop:UNKNOWN;OTHER/mobile:UNKNOWN;OTHER/tablet:UNKNOWN;GLOBAL/ALL:UNKNOWN;GLOBAL/desktop:UNKNOWN;GLOBAL/mobile:UNKNOWN;GLOBAL/tablet:UNKNOWN,US/ALL:UNKNOWN;US/desktop:UNKNOWN;US/mobile:UNKNOWN;US/tablet:UNKNOWN;UK/ALL:UNKNOWN;UK/desktop:UNKNOWN;UK/mobile:UNKNOWN;UK/tablet:UNKNOWN;OTHER/ALL:UNKNOWN;OTHER/desktop:UNKNOWN;OTHER/mobile:UNKNOWN;OTHER/tablet:UNKNOWN;GLOBAL/ALL:UNKNOWN;GLOBAL/desktop:UNKNOWN;GLOBAL/mobile:UNKNOWN;GLOBAL/tablet:UNKNOWN,US/ALL:UNKNOWN;US/desktop:UNKNOWN;US/mobile:UNKNOWN;US/tablet:UNKNOWN;UK/ALL:UNKNOWN;UK/desktop:UNKNOWN;UK/mobile:UNKNOWN;UK/tablet:UNKNOWN;OTHER/ALL:UNKNOWN;OTHER/desktop:UNKNOWN;OTHER/mobile:UNKNOWN;OTHER/tablet:UNKNOWN;GLOBAL/ALL:UNKNOWN;GLOBAL/desktop:UNKNOWN;GLOBAL/mobile:UNKNOWN;GLOBAL/tablet:UNKNOWN,Unclassified,NEED_MORE_DATA,NOT_AUTHORIZED_INCOMPLETE_90D|NEED_MORE_DATA|execution_authorized=false,W3-ARTICLES|package=d70e468bb1a07d74e786e5a93b5279feff5347be49a0264916408a6b2ccbdc9a|source=Article:2|E04_NO_PROMOTION_ACTION,W3_EXACT_PACKAGE_ISOLATED; E06_RECEIPT_CHAIN_RECONCILIATION_ONLY,STOP_NEW_WORK_30D_NOT_DELETE_UNPUBLISH_NOINDEX,false,HOLD
E04_CURRENT_ARTICLE_API|M01_GSC_COMBINED_SAFE_JOINT|WINDOW5_ARTICLE_AUTHORITY_OWNER|W3_ARTICLE_ISOLATION_REFERENCE,2026-08-10T08:02:26Z,US|UK|OTHER|GLOBAL,ALL|desktop|mobile|tablet,en,current28=2026-07-13/2026-08-09|prev28=2026-06-15/2026-07-12|day90=2026-05-12/2026-08-09,Big Five,https://fermatmind.com/en/articles/big-five-tool-guide,VERIFIED,"M01 privacy-filtered top rows are not exhaustive; missing is UNKNOWN, not zero. Country is not language. Window 5 retains 90-day disposal authority. No CMS, redirect, noindex, publication, or W3 promotion action is applied.",d5182e10cb9fb1626ce2cf59,Article:188,188,449,Article:3,big-five-tool-guide,https://fermatmind.com/en/articles/big-five-tool-guide,big5-v2-df8d5e7f157e301b9a0f4dc8e6b8c3b66c7e31f4,zh-CN,fap-api CMS Article public API,status=published|public=true,false,false,false,approved,Big Five Personality Test Guide: How to Use Results and Respect Their Limits,"First verify the tools, scores, and comparison criteria, then use low-risk observation to gather both confirmatory evidence and counterexamples; do not let a single personality test determine ability, identity, or future.",Big Five Personality Test Guide: How to Use Results and Respect Their Limits,W9_QA_PASS_FROZEN_PACKAGE; CURRENT_TITLE_EXCERPT_MATCH; LIVE_FULL_BODY_QA_DEFERRED_E06,W3_SOURCE_IDENTITY=Article:3|pair=big5-v2-df8d5e7f157e301b9a0f4dc8e6b8c3b66c7e31f4|package=d70e468bb1a07d74e786e5a93b5279feff5347be49a0264916408a6b2ccbdc9a,primary_topic=Big Five|top_exact_queries=UNKNOWN_NOT_RETURNED,present_public_source_refs:2,identity_sensitive,present=true|visible=true|label=Take the test|target=mbti-personality-test-16-personality-types|href=https://fermatmind.com/en/tests/mbti-personality-test-16-personality-types,event_contract=VERIFIED source: SeoTrackedCtaLink emits article_to_test_click|network_observed=Unknown|ga4_28d=HISTORICAL aggregate 3 events / URL breakdown Unknown|ledger_clicks_28d=Unknown|attribution=Unknown,UNKNOWN_NO_REVIEWED_OWNER_ALIAS_FOR_THIS_PAGE,UNKNOWN_NOT_RETURNED,NO_REVIEWED_CURRENT28_MULTI_PAGE_QUERY_EVIDENCE,NONE_DECLARED_WITHOUT_SAME_QUERY_MULTI_PAGE_EVIDENCE,UNKNOWN,UNKNOWN,UNKNOWN,UNKNOWN,UNKNOWN,UNKNOWN,UNKNOWN,UNKNOWN,UNKNOWN,UNKNOWN,UNKNOWN,UNKNOWN,US/ALL:UNKNOWN;US/desktop:UNKNOWN;US/mobile:UNKNOWN;US/tablet:UNKNOWN;UK/ALL:UNKNOWN;UK/desktop:UNKNOWN;UK/mobile:UNKNOWN;UK/tablet:UNKNOWN;OTHER/ALL:UNKNOWN;OTHER/desktop:UNKNOWN;OTHER/mobile:UNKNOWN;OTHER/tablet:UNKNOWN;GLOBAL/ALL:UNKNOWN;GLOBAL/desktop:UNKNOWN;GLOBAL/mobile:UNKNOWN;GLOBAL/tablet:UNKNOWN,US/ALL:UNKNOWN;US/desktop:UNKNOWN;US/mobile:UNKNOWN;US/tablet:UNKNOWN;UK/ALL:UNKNOWN;UK/desktop:UNKNOWN;UK/mobile:UNKNOWN;UK/tablet:UNKNOWN;OTHER/ALL:UNKNOWN;OTHER/desktop:UNKNOWN;OTHER/mobile:UNKNOWN;OTHER/tablet:UNKNOWN;GLOBAL/ALL:UNKNOWN;GLOBAL/desktop:UNKNOWN;GLOBAL/mobile:UNKNOWN;GLOBAL/tablet:UNKNOWN,US/ALL:UNKNOWN;US/desktop:UNKNOWN;US/mobile:UNKNOWN;US/tablet:UNKNOWN;UK/ALL:UNKNOWN;UK/desktop:UNKNOWN;UK/mobile:UNKNOWN;UK/tablet:UNKNOWN;OTHER/ALL:UNKNOWN;OTHER/desktop:UNKNOWN;OTHER/mobile:UNKNOWN;OTHER/tablet:UNKNOWN;GLOBAL/ALL:UNKNOWN;GLOBAL/desktop:UNKNOWN;GLOBAL/mobile:UNKNOWN;GLOBAL/tablet:UNKNOWN,Authority,KEEP_AUTHORITY,NOT_AUTHORIZED_INCOMPLETE_90D|NEED_MORE_DATA|execution_authorized=false,W3-ARTICLES|package=d70e468bb1a07d74e786e5a93b5279feff5347be49a0264916408a6b2ccbdc9a|source=Article:3|E04_NO_PROMOTION_ACTION,W3_EXACT_PACKAGE_ISOLATED; E06_RECEIPT_CHAIN_RECONCILIATION_ONLY,STOP_NEW_WORK_30D_NOT_DELETE_UNPUBLISH_NOINDEX,false,HOLD
E04_CURRENT_ARTICLE_API|M01_GSC_COMBINED_SAFE_JOINT|WINDOW5_ARTICLE_AUTHORITY_OWNER|W3_ARTICLE_ISOLATION_REFERENCE,2026-08-10T08:02:26Z,US|UK|OTHER|GLOBAL,ALL|desktop|mobile|tablet,en,current28=2026-07-13/2026-08-09|prev28=2026-06-15/2026-07-12|day90=2026-05-12/2026-08-09,RIASEC/Career Decision,https://fermatmind.com/en/articles/college-major-choice-holland-mbti-career-test,VERIFIED,"M01 privacy-filtered top rows are not exhaustive; missing is UNKNOWN, not zero. Country is not language. Window 5 retains 90-day disposal authority. No CMS, redirect, noindex, publication, or W3 promotion action is applied.",8c1ee695dc1033d981fcc3a7,Article:189,189,450,Article:52,college-major-choice-holland-mbti-career-test,https://fermatmind.com/en/articles/college-major-choice-holland-mbti-career-test,tg_article_college_major_choice_holland_mbti_career_test_2026v1,zh-CN,fap-api CMS Article public API,status=published|public=true,false,false,false,approved,"Choosing a College Major After the Gaokao: How to Use RIASEC, MBTI, and Career Interest Tests","Before submitting Gaokao applications, use RIASEC, MBTI, and real-world exploration as inputs—not verdicts—when comparing majors. This guide explains what these tools can and cannot tell you.","Choosing a College Major After the Gaokao: How to Use RIASEC, MBTI, and Career Interest Tests",W9_QA_PASS_FROZEN_PACKAGE; CURRENT_TITLE_EXCERPT_MATCH; LIVE_FULL_BODY_QA_DEFERRED_E06,W3_SOURCE_IDENTITY=Article:52|pair=tg_article_college_major_choice_holland_mbti_career_test_2026v1|package=d70e468bb1a07d74e786e5a93b5279feff5347be49a0264916408a6b2ccbdc9a,primary_topic=RIASEC/Career Decision|top_exact_queries=UNKNOWN_NOT_RETURNED,no_explicit_external_ref_detected:0,career_sensitive,present=true|visible=true|label=Take the test|target=mbti-personality-test-16-personality-types|href=https://fermatmind.com/en/tests/mbti-personality-test-16-personality-types,event_contract=VERIFIED source: SeoTrackedCtaLink emits article_to_test_click|network_observed=Unknown|ga4_28d=HISTORICAL aggregate 3 events / URL breakdown Unknown|ledger_clicks_28d=Unknown|attribution=Unknown,UNKNOWN_NO_REVIEWED_OWNER_ALIAS_FOR_THIS_PAGE,UNKNOWN_NOT_RETURNED,NO_REVIEWED_CURRENT28_MULTI_PAGE_QUERY_EVIDENCE,NONE_DECLARED_WITHOUT_SAME_QUERY_MULTI_PAGE_EVIDENCE,UNKNOWN,UNKNOWN,UNKNOWN,UNKNOWN,UNKNOWN,UNKNOWN,UNKNOWN,UNKNOWN,UNKNOWN,UNKNOWN,UNKNOWN,UNKNOWN,US/ALL:UNKNOWN;US/desktop:UNKNOWN;US/mobile:UNKNOWN;US/tablet:UNKNOWN;UK/ALL:UNKNOWN;UK/desktop:UNKNOWN;UK/mobile:UNKNOWN;UK/tablet:UNKNOWN;OTHER/ALL:UNKNOWN;OTHER/desktop:UNKNOWN;OTHER/mobile:UNKNOWN;OTHER/tablet:UNKNOWN;GLOBAL/ALL:UNKNOWN;GLOBAL/desktop:UNKNOWN;GLOBAL/mobile:UNKNOWN;GLOBAL/tablet:UNKNOWN,US/ALL:UNKNOWN;US/desktop:UNKNOWN;US/mobile:UNKNOWN;US/tablet:UNKNOWN;UK/ALL:UNKNOWN;UK/desktop:UNKNOWN;UK/mobile:UNKNOWN;UK/tablet:UNKNOWN;OTHER/ALL:UNKNOWN;OTHER/desktop:UNKNOWN;OTHER/mobile:UNKNOWN;OTHER/tablet:UNKNOWN;GLOBAL/ALL:UNKNOWN;GLOBAL/desktop:UNKNOWN;GLOBAL/mobile:UNKNOWN;GLOBAL/tablet:UNKNOWN,US/ALL:UNKNOWN;US/desktop:UNKNOWN;US/mobile:UNKNOWN;US/tablet:UNKNOWN;UK/ALL:UNKNOWN;UK/desktop:UNKNOWN;UK/mobile:UNKNOWN;UK/tablet:UNKNOWN;OTHER/ALL:UNKNOWN;OTHER/desktop:UNKNOWN;OTHER/mobile:UNKNOWN;OTHER/tablet:UNKNOWN;GLOBAL/ALL:UNKNOWN;GLOBAL/desktop:UNKNOWN;GLOBAL/mobile:UNKNOWN;GLOBAL/tablet:UNKNOWN,Unclassified,NEED_MORE_DATA,NOT_AUTHORIZED_INCOMPLETE_90D|NEED_MORE_DATA|execution_authorized=false,W3-ARTICLES|package=d70e468bb1a07d74e786e5a93b5279feff5347be49a0264916408a6b2ccbdc9a|source=Article:52|E04_NO_PROMOTION_ACTION,W3_EXACT_PACKAGE_ISOLATED; E06_RECEIPT_CHAIN_RECONCILIATION_ONLY,STOP_NEW_WORK_30D_NOT_DELETE_UNPUBLISH_NOINDEX,false,HOLD
E04_CURRENT_ARTICLE_API|M01_GSC_COMBINED_SAFE_JOINT|WINDOW5_ARTICLE_AUTHORITY_OWNER|W3_ARTICLE_ISOLATION_REFERENCE,2026-08-10T08:02:26Z,US|UK|OTHER|GLOBAL,ALL|desktop|mobile|tablet,en,current28=2026-07-13/2026-08-09|prev28=2026-06-15/2026-07-12|day90=2026-05-12/2026-08-09,Enneagram,https://fermatmind.com/en/articles/enneagram-personality-test-explained,VERIFIED,"M01 privacy-filtered top rows are not exhaustive; missing is UNKNOWN, not zero. Country is not language. Window 5 retains 90-day disposal authority. No CMS, redirect, noindex, publication, or W3 promotion action is applied.",a22d48799e99fd21009a85fa,Article:190,190,451,Article:51,enneagram-personality-test-explained,https://fermatmind.com/en/articles/enneagram-personality-test-explained,tg_article_enneagram_personality_test_explained_2026v1,zh-CN,fap-api CMS Article public API,status=published|public=true,false,false,false,approved,"Are Enneagram Tests Reliable? Nine Types, Core Motivations, and Result Boundaries","An Enneagram test can help you observe core motivations, attention patterns, and automatic reactions under stress. It should not be treated as a professional diagnosis, a recruitment screen, or a predictor of career success.","Are Enneagram Tests Reliable? Nine Types, Core Motivations, and Result Boundaries",W9_QA_PASS_FROZEN_PACKAGE; CURRENT_TITLE_EXCERPT_MATCH; LIVE_FULL_BODY_QA_DEFERRED_E06,W3_SOURCE_IDENTITY=Article:51|pair=tg_article_enneagram_personality_test_explained_2026v1|package=d70e468bb1a07d74e786e5a93b5279feff5347be49a0264916408a6b2ccbdc9a,primary_topic=Enneagram|top_exact_queries=UNKNOWN_NOT_RETURNED,no_explicit_external_ref_detected:0,identity_sensitive,present=true|visible=true|label=Take the test|target=mbti-personality-test-16-personality-types|href=https://fermatmind.com/en/tests/mbti-personality-test-16-personality-types,event_contract=VERIFIED source: SeoTrackedCtaLink emits article_to_test_click|network_observed=Unknown|ga4_28d=HISTORICAL aggregate 3 events / URL breakdown Unknown|ledger_clicks_28d=Unknown|attribution=Unknown,UNKNOWN_NO_REVIEWED_OWNER_ALIAS_FOR_THIS_PAGE,UNKNOWN_NOT_RETURNED,NO_REVIEWED_CURRENT28_MULTI_PAGE_QUERY_EVIDENCE,NONE_DECLARED_WITHOUT_SAME_QUERY_MULTI_PAGE_EVIDENCE,UNKNOWN,UNKNOWN,UNKNOWN,UNKNOWN,UNKNOWN,UNKNOWN,UNKNOWN,UNKNOWN,UNKNOWN,UNKNOWN,UNKNOWN,UNKNOWN,US/ALL:UNKNOWN;US/desktop:UNKNOWN;US/mobile:UNKNOWN;US/tablet:UNKNOWN;UK/ALL:UNKNOWN;UK/desktop:UNKNOWN;UK/mobile:UNKNOWN;UK/tablet:UNKNOWN;OTHER/ALL:UNKNOWN;OTHER/desktop:UNKNOWN;OTHER/mobile:UNKNOWN;OTHER/tablet:UNKNOWN;GLOBAL/ALL:UNKNOWN;GLOBAL/desktop:UNKNOWN;GLOBAL/mobile:UNKNOWN;GLOBAL/tablet:UNKNOWN,US/ALL:UNKNOWN;US/desktop:UNKNOWN;US/mobile:UNKNOWN;US/tablet:UNKNOWN;UK/ALL:UNKNOWN;UK/desktop:UNKNOWN;UK/mobile:UNKNOWN;UK/tablet:UNKNOWN;OTHER/ALL:UNKNOWN;OTHER/desktop:UNKNOWN;OTHER/mobile:UNKNOWN;OTHER/tablet:UNKNOWN;GLOBAL/ALL:UNKNOWN;GLOBAL/desktop:UNKNOWN;GLOBAL/mobile:UNKNOWN;GLOBAL/tablet:UNKNOWN,US/ALL:UNKNOWN;US/desktop:UNKNOWN;US/mobile:UNKNOWN;US/tablet:UNKNOWN;UK/ALL:UNKNOWN;UK/desktop:UNKNOWN;UK/mobile:UNKNOWN;UK/tablet:UNKNOWN;OTHER/ALL:UNKNOWN;OTHER/desktop:UNKNOWN;OTHER/mobile:UNKNOWN;OTHER/tablet:UNKNOWN;GLOBAL/ALL:UNKNOWN;GLOBAL/desktop:UNKNOWN;GLOBAL/mobile:UNKNOWN;GLOBAL/tablet:UNKNOWN,Unclassified,NEED_MORE_DATA,NOT_AUTHORIZED_INCOMPLETE_90D|NEED_MORE_DATA|execution_authorized=false,W3-ARTICLES|package=d70e468bb1a07d74e786e5a93b5279feff5347be49a0264916408a6b2ccbdc9a|source=Article:51|E04_NO_PROMOTION_ACTION,W3_EXACT_PACKAGE_ISOLATED; E06_RECEIPT_CHAIN_RECONCILIATION_ONLY,STOP_NEW_WORK_30D_NOT_DELETE_UNPUBLISH_NOINDEX,false,HOLD
E04_CURRENT_ARTICLE_API|M01_GSC_COMBINED_SAFE_JOINT|WINDOW5_ARTICLE_AUTHORITY_OWNER|W3_ARTICLE_ISOLATION_REFERENCE,2026-08-10T08:02:26Z,US|UK|OTHER|GLOBAL,ALL|desktop|mobile|tablet,en,current28=2026-07-13/2026-08-09|prev28=2026-06-15/2026-07-12|day90=2026-05-12/2026-08-09,EQ,https://fermatmind.com/en/articles/eq-test-tool-guide,VERIFIED,"M01 privacy-filtered top rows are not exhaustive; missing is UNKNOWN, not zero. Country is not language. Window 5 retains 90-day disposal authority. No CMS, redirect, noindex, publication, or W3 promotion action is applied.",345bfbfac7b6f69287d6e8fe,Article:191,191,452,Article:4,eq-test-tool-guide,https://fermatmind.com/en/articles/eq-test-tool-guide,article-4,zh-CN,fap-api CMS Article public API,status=published|public=true,false,false,false,approved,Are EQ Tests Reliable? How to Read Scores and What They Say About Emotion Management and Relationships,"An emotional intelligence test can help you observe cues related to emotional awareness, regulation, interpersonal communication, and recovery from stress. It cannot diagnose a psychological condition, predict success, or screen job candidates. This article explains how to interpret EQ scores, what they measure, and how to turn results into practical next steps.",Are EQ Tests Reliable? How to Read Scores and What They Say About Emotion Management and Relationships,W9_QA_PASS_FROZEN_PACKAGE; CURRENT_TITLE_EXCERPT_MATCH; LIVE_FULL_BODY_QA_DEFERRED_E06,W3_SOURCE_IDENTITY=Article:4|pair=article-4|package=d70e468bb1a07d74e786e5a93b5279feff5347be49a0264916408a6b2ccbdc9a,primary_topic=EQ|top_exact_queries=UNKNOWN_NOT_RETURNED,no_explicit_external_ref_detected:0,ability_sensitive,present=true|visible=true|label=Take the test|target=mbti-personality-test-16-personality-types|href=https://fermatmind.com/en/tests/mbti-personality-test-16-personality-types,event_contract=VERIFIED source: SeoTrackedCtaLink emits article_to_test_click|network_observed=Unknown|ga4_28d=HISTORICAL aggregate 3 events / URL breakdown Unknown|ledger_clicks_28d=Unknown|attribution=Unknown,UNKNOWN_NO_REVIEWED_OWNER_ALIAS_FOR_THIS_PAGE,UNKNOWN_NOT_RETURNED,NO_REVIEWED_CURRENT28_MULTI_PAGE_QUERY_EVIDENCE,NONE_DECLARED_WITHOUT_SAME_QUERY_MULTI_PAGE_EVIDENCE,UNKNOWN,UNKNOWN,UNKNOWN,UNKNOWN,UNKNOWN,UNKNOWN,UNKNOWN,UNKNOWN,UNKNOWN,UNKNOWN,UNKNOWN,UNKNOWN,US/ALL:UNKNOWN;US/desktop:UNKNOWN;US/mobile:UNKNOWN;US/tablet:UNKNOWN;UK/ALL:UNKNOWN;UK/desktop:UNKNOWN;UK/mobile:UNKNOWN;UK/tablet:UNKNOWN;OTHER/ALL:UNKNOWN;OTHER/desktop:UNKNOWN;OTHER/mobile:UNKNOWN;OTHER/tablet:UNKNOWN;GLOBAL/ALL:UNKNOWN;GLOBAL/desktop:UNKNOWN;GLOBAL/mobile:UNKNOWN;GLOBAL/tablet:UNKNOWN,US/ALL:UNKNOWN;US/desktop:UNKNOWN;US/mobile:UNKNOWN;US/tablet:UNKNOWN;UK/ALL:UNKNOWN;UK/desktop:UNKNOWN;UK/mobile:UNKNOWN;UK/tablet:UNKNOWN;OTHER/ALL:UNKNOWN;OTHER/desktop:UNKNOWN;OTHER/mobile:UNKNOWN;OTHER/tablet:UNKNOWN;GLOBAL/ALL:UNKNOWN;GLOBAL/desktop:UNKNOWN;GLOBAL/mobile:UNKNOWN;GLOBAL/tablet:UNKNOWN,US/ALL:UNKNOWN;US/desktop:UNKNOWN;US/mobile:UNKNOWN;US/tablet:UNKNOWN;UK/ALL:UNKNOWN;UK/desktop:UNKNOWN;UK/mobile:UNKNOWN;UK/tablet:UNKNOWN;OTHER/ALL:UNKNOWN;OTHER/desktop:UNKNOWN;OTHER/mobile:UNKNOWN;OTHER/tablet:UNKNOWN;GLOBAL/ALL:UNKNOWN;GLOBAL/desktop:UNKNOWN;GLOBAL/mobile:UNKNOWN;GLOBAL/tablet:UNKNOWN,Unclassified,NEED_MORE_DATA,NOT_AUTHORIZED_INCOMPLETE_90D|NEED_MORE_DATA|execution_authorized=false,W3-ARTICLES|package=d70e468bb1a07d74e786e5a93b5279feff5347be49a0264916408a6b2ccbdc9a|source=Article:4|E04_NO_PROMOTION_ACTION,W3_EXACT_PACKAGE_ISOLATED; E06_RECEIPT_CHAIN_RECONCILIATION_ONLY,STOP_NEW_WORK_30D_NOT_DELETE_UNPUBLISH_NOINDEX,false,HOLD
E04_CURRENT_ARTICLE_API|M01_GSC_COMBINED_SAFE_JOINT|WINDOW5_ARTICLE_AUTHORITY_OWNER|W3_ARTICLE_ISOLATION_REFERENCE,2026-08-10T08:02:26Z,US|UK|OTHER|GLOBAL,ALL|desktop|mobile|tablet,en,current28=2026-07-13/2026-08-09|prev28=2026-06-15/2026-07-12|day90=2026-05-12/2026-08-09,RIASEC/Career Decision,https://fermatmind.com/en/articles/gaokao-major-adjustment-unacceptable-major-checklist,VERIFIED,"M01 privacy-filtered top rows are not exhaustive; missing is UNKNOWN, not zero. Country is not language. Window 5 retains 90-day disposal authority. No CMS, redirect, noindex, publication, or W3 promotion action is applied.",90dd020387185ec4d4616cdc,Article:192,192,453,Article:58,gaokao-major-adjustment-unacceptable-major-checklist,https://fermatmind.com/en/articles/gaokao-major-adjustment-unacceptable-major-checklist,tg_gaokao_adjustment_unacceptable_major_2026v1,zh-CN,fap-api CMS Article public API,status=published|public=true,false,false,false,approved,Should You Accept Major Reassignment in Gaokao Applications? Start with the Unacceptable Majors in Each Program Group,"Before selecting “accept major reassignment” for a university program group, sort every major in that group into three categories: unacceptable, pending verification, or acceptable. Then use coursework, eligibility rules, and family cost constraints to decide whether the reassignment risk is one you can accept.",Should You Accept Major Reassignment in Gaokao Applications? Start with the Unacceptable Majors in Each Program Group,W9_QA_PASS_FROZEN_PACKAGE; CURRENT_TITLE_EXCERPT_MATCH; LIVE_FULL_BODY_QA_DEFERRED_E06,W3_SOURCE_IDENTITY=Article:58|pair=tg_gaokao_adjustment_unacceptable_major_2026v1|package=d70e468bb1a07d74e786e5a93b5279feff5347be49a0264916408a6b2ccbdc9a,primary_topic=RIASEC/Career Decision|top_exact_queries=UNKNOWN_NOT_RETURNED,no_explicit_external_ref_detected:0,career_sensitive,present=true|visible=true|label=Take the test|target=mbti-personality-test-16-personality-types|href=https://fermatmind.com/en/tests/mbti-personality-test-16-personality-types,event_contract=VERIFIED source: SeoTrackedCtaLink emits article_to_test_click|network_observed=Unknown|ga4_28d=HISTORICAL aggregate 3 events / URL breakdown Unknown|ledger_clicks_28d=Unknown|attribution=Unknown,UNKNOWN_NO_REVIEWED_OWNER_ALIAS_FOR_THIS_PAGE,UNKNOWN_NOT_RETURNED,NO_REVIEWED_CURRENT28_MULTI_PAGE_QUERY_EVIDENCE,NONE_DECLARED_WITHOUT_SAME_QUERY_MULTI_PAGE_EVIDENCE,UNKNOWN,UNKNOWN,UNKNOWN,UNKNOWN,UNKNOWN,UNKNOWN,UNKNOWN,UNKNOWN,UNKNOWN,UNKNOWN,UNKNOWN,UNKNOWN,US/ALL:UNKNOWN;US/desktop:UNKNOWN;US/mobile:UNKNOWN;US/tablet:UNKNOWN;UK/ALL:UNKNOWN;UK/desktop:UNKNOWN;UK/mobile:UNKNOWN;UK/tablet:UNKNOWN;OTHER/ALL:UNKNOWN;OTHER/desktop:UNKNOWN;OTHER/mobile:UNKNOWN;OTHER/tablet:UNKNOWN;GLOBAL/ALL:UNKNOWN;GLOBAL/desktop:UNKNOWN;GLOBAL/mobile:UNKNOWN;GLOBAL/tablet:UNKNOWN,US/ALL:UNKNOWN;US/desktop:UNKNOWN;US/mobile:UNKNOWN;US/tablet:UNKNOWN;UK/ALL:UNKNOWN;UK/desktop:UNKNOWN;UK/mobile:UNKNOWN;UK/tablet:UNKNOWN;OTHER/ALL:UNKNOWN;OTHER/desktop:UNKNOWN;OTHER/mobile:UNKNOWN;OTHER/tablet:UNKNOWN;GLOBAL/ALL:UNKNOWN;GLOBAL/desktop:UNKNOWN;GLOBAL/mobile:UNKNOWN;GLOBAL/tablet:UNKNOWN,US/ALL:UNKNOWN;US/desktop:UNKNOWN;US/mobile:UNKNOWN;US/tablet:UNKNOWN;UK/ALL:UNKNOWN;UK/desktop:UNKNOWN;UK/mobile:UNKNOWN;UK/tablet:UNKNOWN;OTHER/ALL:UNKNOWN;OTHER/desktop:UNKNOWN;OTHER/mobile:UNKNOWN;OTHER/tablet:UNKNOWN;GLOBAL/ALL:UNKNOWN;GLOBAL/desktop:UNKNOWN;GLOBAL/mobile:UNKNOWN;GLOBAL/tablet:UNKNOWN,Unclassified,NEED_MORE_DATA,NOT_AUTHORIZED_INCOMPLETE_90D|NEED_MORE_DATA|execution_authorized=false,W3-ARTICLES|package=d70e468bb1a07d74e786e5a93b5279feff5347be49a0264916408a6b2ccbdc9a|source=Article:58|E04_NO_PROMOTION_ACTION,W3_EXACT_PACKAGE_ISOLATED; E06_RECEIPT_CHAIN_RECONCILIATION_ONLY,STOP_NEW_WORK_30D_NOT_DELETE_UNPUBLISH_NOINDEX,false,HOLD
E04_CURRENT_ARTICLE_API|M01_GSC_COMBINED_SAFE_JOINT|WINDOW5_ARTICLE_AUTHORITY_OWNER|W3_ARTICLE_ISOLATION_REFERENCE,2026-08-10T08:02:26Z,US|UK|OTHER|GLOBAL,ALL|desktop|mobile|tablet,en,current28=2026-07-13/2026-08-09|prev28=2026-06-15/2026-07-12|day90=2026-05-12/2026-08-09,RIASEC/Career Decision,https://fermatmind.com/en/articles/gaokao-major-choice-parent-conflict-riasec-course-checklist,VERIFIED,"M01 privacy-filtered top rows are not exhaustive; missing is UNKNOWN, not zero. Country is not language. Window 5 retains 90-day disposal authority. No CMS, redirect, noindex, publication, or W3 promotion action is applied.",69bd20c7553d26eabaa3ec63,Article:193,193,454,Article:55,gaokao-major-choice-parent-conflict-riasec-course-checklist,https://fermatmind.com/en/articles/gaokao-major-choice-parent-conflict-riasec-course-checklist,tg_article_gaokao_parent_conflict_riasec_course_checklist_2026v1,zh-CN,fap-api CMS Article public API,status=published|public=true,false,false,false,approved,What If Parents and Students Disagree About a Major? Turn Gaokao Choice Conflicts into Three Lists,"When parents disagree about a major during Gaokao applications, start with shared constraints rather than arguing over who is right. Use rank, subject requirements, and enrollment plans to rule out unavailable options, then compare the remaining choices through RIASEC interests, course lists, and informational interviews.",What If Parents and Students Disagree About a Major? Turn Gaokao Choice Conflicts into Three Lists,W9_QA_PASS_FROZEN_PACKAGE; CURRENT_TITLE_EXCERPT_MATCH; LIVE_FULL_BODY_QA_DEFERRED_E06,W3_SOURCE_IDENTITY=Article:55|pair=tg_article_gaokao_parent_conflict_riasec_course_checklist_2026v1|package=d70e468bb1a07d74e786e5a93b5279feff5347be49a0264916408a6b2ccbdc9a,primary_topic=RIASEC/Career Decision|top_exact_queries=UNKNOWN_NOT_RETURNED,no_explicit_external_ref_detected:0,career_sensitive,present=true|visible=true|label=Take the test|target=mbti-personality-test-16-personality-types|href=https://fermatmind.com/en/tests/mbti-personality-test-16-personality-types,event_contract=VERIFIED source: SeoTrackedCtaLink emits article_to_test_click|network_observed=Unknown|ga4_28d=HISTORICAL aggregate 3 events / URL breakdown Unknown|ledger_clicks_28d=Unknown|attribution=Unknown,UNKNOWN_NO_REVIEWED_OWNER_ALIAS_FOR_THIS_PAGE,UNKNOWN_NOT_RETURNED,NO_REVIEWED_CURRENT28_MULTI_PAGE_QUERY_EVIDENCE,NONE_DECLARED_WITHOUT_SAME_QUERY_MULTI_PAGE_EVIDENCE,UNKNOWN,UNKNOWN,UNKNOWN,UNKNOWN,UNKNOWN,UNKNOWN,UNKNOWN,UNKNOWN,UNKNOWN,UNKNOWN,UNKNOWN,UNKNOWN,US/ALL:UNKNOWN;US/desktop:UNKNOWN;US/mobile:UNKNOWN;US/tablet:UNKNOWN;UK/ALL:UNKNOWN;UK/desktop:UNKNOWN;UK/mobile:UNKNOWN;UK/tablet:UNKNOWN;OTHER/ALL:UNKNOWN;OTHER/desktop:UNKNOWN;OTHER/mobile:UNKNOWN;OTHER/tablet:UNKNOWN;GLOBAL/ALL:UNKNOWN;GLOBAL/desktop:UNKNOWN;GLOBAL/mobile:UNKNOWN;GLOBAL/tablet:UNKNOWN,US/ALL:UNKNOWN;US/desktop:UNKNOWN;US/mobile:UNKNOWN;US/tablet:UNKNOWN;UK/ALL:UNKNOWN;UK/desktop:UNKNOWN;UK/mobile:UNKNOWN;UK/tablet:UNKNOWN;OTHER/ALL:UNKNOWN;OTHER/desktop:UNKNOWN;OTHER/mobile:UNKNOWN;OTHER/tablet:UNKNOWN;GLOBAL/ALL:UNKNOWN;GLOBAL/desktop:UNKNOWN;GLOBAL/mobile:UNKNOWN;GLOBAL/tablet:UNKNOWN,US/ALL:UNKNOWN;US/desktop:UNKNOWN;US/mobile:UNKNOWN;US/tablet:UNKNOWN;UK/ALL:UNKNOWN;UK/desktop:UNKNOWN;UK/mobile:UNKNOWN;UK/tablet:UNKNOWN;OTHER/ALL:UNKNOWN;OTHER/desktop:UNKNOWN;OTHER/mobile:UNKNOWN;OTHER/tablet:UNKNOWN;GLOBAL/ALL:UNKNOWN;GLOBAL/desktop:UNKNOWN;GLOBAL/mobile:UNKNOWN;GLOBAL/tablet:UNKNOWN,Unclassified,NEED_MORE_DATA,NOT_AUTHORIZED_INCOMPLETE_90D|NEED_MORE_DATA|execution_authorized=false,W3-ARTICLES|package=d70e468bb1a07d74e786e5a93b5279feff5347be49a0264916408a6b2ccbdc9a|source=Article:55|E04_NO_PROMOTION_ACTION,W3_EXACT_PACKAGE_ISOLATED; E06_RECEIPT_CHAIN_RECONCILIATION_ONLY,STOP_NEW_WORK_30D_NOT_DELETE_UNPUBLISH_NOINDEX,false,HOLD
E04_CURRENT_ARTICLE_API|M01_GSC_COMBINED_SAFE_JOINT|WINDOW5_ARTICLE_AUTHORITY_OWNER|W3_ARTICLE_ISOLATION_REFERENCE,2026-08-10T08:02:26Z,US|UK|OTHER|GLOBAL,ALL|desktop|mobile|tablet,en,current28=2026-07-13/2026-08-09|prev28=2026-06-15/2026-07-12|day90=2026-05-12/2026-08-09,RIASEC/Career Decision,https://fermatmind.com/en/articles/gaokao-score-major-shortlist-riasec-checklist,VERIFIED,"M01 privacy-filtered top rows are not exhaustive; missing is UNKNOWN, not zero. Country is not language. Window 5 retains 90-day disposal authority. No CMS, redirect, noindex, publication, or W3 promotion action is applied.",9c88df13de3c150e7a4a3afb,Article:194,194,455,Article:53,gaokao-score-major-shortlist-riasec-checklist,https://fermatmind.com/en/articles/gaokao-score-major-shortlist-riasec-checklist,tg_article_gaokao_score_major_shortlist_riasec_2026v1,zh-CN,fap-api CMS Article public API,status=published|public=true,false,false,false,approved,"After Gaokao Scores Are Released, How Should You Shortlist Majors? A RIASEC Checklist","After Gaokao rankings are released, do not jump straight to ""Which major suits me?"" First rule out options that fail eligibility requirements, conflict with your willingness to study the core curriculum, or rest only on popularity. Then combine RIASEC results with course fit to create three working lists: keep, verify, and set aside.","After Gaokao Scores Are Released, How Should You Shortlist Majors? A RIASEC Checklist",W9_QA_PASS_FROZEN_PACKAGE; CURRENT_TITLE_EXCERPT_MATCH; LIVE_FULL_BODY_QA_DEFERRED_E06,W3_SOURCE_IDENTITY=Article:53|pair=tg_article_gaokao_score_major_shortlist_riasec_2026v1|package=d70e468bb1a07d74e786e5a93b5279feff5347be49a0264916408a6b2ccbdc9a,primary_topic=RIASEC/Career Decision|top_exact_queries=UNKNOWN_NOT_RETURNED,no_explicit_external_ref_detected:0,career_sensitive,present=true|visible=true|label=Take the test|target=mbti-personality-test-16-personality-types|href=https://fermatmind.com/en/tests/mbti-personality-test-16-personality-types,event_contract=VERIFIED source: SeoTrackedCtaLink emits article_to_test_click|network_observed=Unknown|ga4_28d=HISTORICAL aggregate 3 events / URL breakdown Unknown|ledger_clicks_28d=Unknown|attribution=Unknown,UNKNOWN_NO_REVIEWED_OWNER_ALIAS_FOR_THIS_PAGE,UNKNOWN_NOT_RETURNED,NO_REVIEWED_CURRENT28_MULTI_PAGE_QUERY_EVIDENCE,NONE_DECLARED_WITHOUT_SAME_QUERY_MULTI_PAGE_EVIDENCE,UNKNOWN,UNKNOWN,UNKNOWN,UNKNOWN,UNKNOWN,UNKNOWN,UNKNOWN,UNKNOWN,UNKNOWN,UNKNOWN,UNKNOWN,UNKNOWN,US/ALL:UNKNOWN;US/desktop:UNKNOWN;US/mobile:UNKNOWN;US/tablet:UNKNOWN;UK/ALL:UNKNOWN;UK/desktop:UNKNOWN;UK/mobile:UNKNOWN;UK/tablet:UNKNOWN;OTHER/ALL:UNKNOWN;OTHER/desktop:UNKNOWN;OTHER/mobile:UNKNOWN;OTHER/tablet:UNKNOWN;GLOBAL/ALL:UNKNOWN;GLOBAL/desktop:UNKNOWN;GLOBAL/mobile:UNKNOWN;GLOBAL/tablet:UNKNOWN,US/ALL:UNKNOWN;US/desktop:UNKNOWN;US/mobile:UNKNOWN;US/tablet:UNKNOWN;UK/ALL:UNKNOWN;UK/desktop:UNKNOWN;UK/mobile:UNKNOWN;UK/tablet:UNKNOWN;OTHER/ALL:UNKNOWN;OTHER/desktop:UNKNOWN;OTHER/mobile:UNKNOWN;OTHER/tablet:UNKNOWN;GLOBAL/ALL:UNKNOWN;GLOBAL/desktop:UNKNOWN;GLOBAL/mobile:UNKNOWN;GLOBAL/tablet:UNKNOWN,US/ALL:UNKNOWN;US/desktop:UNKNOWN;US/mobile:UNKNOWN;US/tablet:UNKNOWN;UK/ALL:UNKNOWN;UK/desktop:UNKNOWN;UK/mobile:UNKNOWN;UK/tablet:UNKNOWN;OTHER/ALL:UNKNOWN;OTHER/desktop:UNKNOWN;OTHER/mobile:UNKNOWN;OTHER/tablet:UNKNOWN;GLOBAL/ALL:UNKNOWN;GLOBAL/desktop:UNKNOWN;GLOBAL/mobile:UNKNOWN;GLOBAL/tablet:UNKNOWN,Unclassified,NEED_MORE_DATA,NOT_AUTHORIZED_INCOMPLETE_90D|NEED_MORE_DATA|execution_authorized=false,W3-ARTICLES|package=d70e468bb1a07d74e786e5a93b5279feff5347be49a0264916408a6b2ccbdc9a|source=Article:53|E04_NO_PROMOTION_ACTION,W3_EXACT_PACKAGE_ISOLATED; E06_RECEIPT_CHAIN_RECONCILIATION_ONLY,STOP_NEW_WORK_30D_NOT_DELETE_UNPUBLISH_NOINDEX,false,HOLD
E04_CURRENT_ARTICLE_API|M01_GSC_COMBINED_SAFE_JOINT|WINDOW5_ARTICLE_AUTHORITY_OWNER|W3_ARTICLE_ISOLATION_REFERENCE,2026-08-10T08:02:26Z,US|UK|OTHER|GLOBAL,ALL|desktop|mobile|tablet,en,current28=2026-07-13/2026-08-09|prev28=2026-06-15/2026-07-12|day90=2026-05-12/2026-08-09,IQ,https://fermatmind.com/en/articles/iq-test-growth-guide,VERIFIED,"M01 privacy-filtered top rows are not exhaustive; missing is UNKNOWN, not zero. Country is not language. Window 5 retains 90-day disposal authority. No CMS, redirect, noindex, publication, or W3 promotion action is applied.",6d12ae14a995fe2fda7b50cd,Article:195,195,456,Article:5,iq-test-growth-guide,https://fermatmind.com/en/articles/iq-test-growth-guide,article-5,zh-CN,fap-api CMS Article public API,status=published|public=true,false,false,false,approved,Training After an IQ Test: A Four-Week Guide to Improving Problem-Solving Strategies and Consistency,"The most useful goal after testing is to improve observation, validation, time management, and review of mistakes—not to pursue promises of a higher IQ.",Training After an IQ Test: A Four-Week Guide to Improving Problem-Solving Strategies and Consistency,W9_QA_PASS_FROZEN_PACKAGE; CURRENT_TITLE_EXCERPT_MATCH; LIVE_FULL_BODY_QA_DEFERRED_E06,W3_SOURCE_IDENTITY=Article:5|pair=article-5|package=d70e468bb1a07d74e786e5a93b5279feff5347be49a0264916408a6b2ccbdc9a,primary_topic=IQ|top_exact_queries=UNKNOWN_NOT_RETURNED,present_public_source_refs:3,ability_sensitive,present=true|visible=true|label=Take the test|target=mbti-personality-test-16-personality-types|href=https://fermatmind.com/en/tests/mbti-personality-test-16-personality-types,event_contract=VERIFIED source: SeoTrackedCtaLink emits article_to_test_click|network_observed=Unknown|ga4_28d=HISTORICAL aggregate 3 events / URL breakdown Unknown|ledger_clicks_28d=Unknown|attribution=Unknown,UNKNOWN_NO_REVIEWED_OWNER_ALIAS_FOR_THIS_PAGE,UNKNOWN_NOT_RETURNED,NO_REVIEWED_CURRENT28_MULTI_PAGE_QUERY_EVIDENCE,NONE_DECLARED_WITHOUT_SAME_QUERY_MULTI_PAGE_EVIDENCE,UNKNOWN,UNKNOWN,UNKNOWN,UNKNOWN,UNKNOWN,UNKNOWN,UNKNOWN,UNKNOWN,UNKNOWN,UNKNOWN,UNKNOWN,UNKNOWN,US/ALL:UNKNOWN;US/desktop:UNKNOWN;US/mobile:UNKNOWN;US/tablet:UNKNOWN;UK/ALL:UNKNOWN;UK/desktop:UNKNOWN;UK/mobile:UNKNOWN;UK/tablet:UNKNOWN;OTHER/ALL:UNKNOWN;OTHER/desktop:UNKNOWN;OTHER/mobile:UNKNOWN;OTHER/tablet:UNKNOWN;GLOBAL/ALL:UNKNOWN;GLOBAL/desktop:UNKNOWN;GLOBAL/mobile:UNKNOWN;GLOBAL/tablet:UNKNOWN,US/ALL:UNKNOWN;US/desktop:UNKNOWN;US/mobile:UNKNOWN;US/tablet:UNKNOWN;UK/ALL:UNKNOWN;UK/desktop:UNKNOWN;UK/mobile:UNKNOWN;UK/tablet:UNKNOWN;OTHER/ALL:UNKNOWN;OTHER/desktop:UNKNOWN;OTHER/mobile:UNKNOWN;OTHER/tablet:UNKNOWN;GLOBAL/ALL:UNKNOWN;GLOBAL/desktop:UNKNOWN;GLOBAL/mobile:UNKNOWN;GLOBAL/tablet:UNKNOWN,US/ALL:UNKNOWN;US/desktop:UNKNOWN;US/mobile:UNKNOWN;US/tablet:UNKNOWN;UK/ALL:UNKNOWN;UK/desktop:UNKNOWN;UK/mobile:UNKNOWN;UK/tablet:UNKNOWN;OTHER/ALL:UNKNOWN;OTHER/desktop:UNKNOWN;OTHER/mobile:UNKNOWN;OTHER/tablet:UNKNOWN;GLOBAL/ALL:UNKNOWN;GLOBAL/desktop:UNKNOWN;GLOBAL/mobile:UNKNOWN;GLOBAL/tablet:UNKNOWN,Authority,KEEP_AUTHORITY,NOT_AUTHORIZED_INCOMPLETE_90D|NEED_MORE_DATA|execution_authorized=false,W3-ARTICLES|package=d70e468bb1a07d74e786e5a93b5279feff5347be49a0264916408a6b2ccbdc9a|source=Article:5|E04_NO_PROMOTION_ACTION,W3_EXACT_PACKAGE_ISOLATED; E06_RECEIPT_CHAIN_RECONCILIATION_ONLY,STOP_NEW_WORK_30D_NOT_DELETE_UNPUBLISH_NOINDEX,false,HOLD
E04_CURRENT_ARTICLE_API|M01_GSC_COMBINED_SAFE_JOINT|WINDOW5_ARTICLE_AUTHORITY_OWNER|W3_ARTICLE_ISOLATION_REFERENCE,2026-08-10T08:02:26Z,US|UK|OTHER|GLOBAL,ALL|desktop|mobile|tablet,en,current28=2026-07-13/2026-08-09|prev28=2026-06-15/2026-07-12|day90=2026-05-12/2026-08-09,IQ,https://fermatmind.com/en/articles/iq-test-narrative-portrait,VERIFIED,"M01 privacy-filtered top rows are not exhaustive; missing is UNKNOWN, not zero. Country is not language. Window 5 retains 90-day disposal authority. No CMS, redirect, noindex, publication, or W3 promotion action is applied.",a5c5b32d512ff98d978a7d2f,Article:196,196,457,Article:6,iq-test-narrative-portrait,https://fermatmind.com/en/articles/iq-test-narrative-portrait,article-6,zh-CN,fap-api CMS Article public API,status=published|public=true,false,false,false,approved,"How to Interpret Online Reasoning Test Results: Scores, Question Types, Strategy, and Test Conditions","An online score reflects how you performed on particular questions at a particular time and under particular conditions. Interpret it in light of the item types, strategies used, your state, and the limits of the available evidence.","How to Interpret Online Reasoning Test Results: Scores, Question Types, Strategy, and Test Conditions",W9_QA_PASS_FROZEN_PACKAGE; CURRENT_TITLE_EXCERPT_MATCH; LIVE_FULL_BODY_QA_DEFERRED_E06,W3_SOURCE_IDENTITY=Article:6|pair=article-6|package=d70e468bb1a07d74e786e5a93b5279feff5347be49a0264916408a6b2ccbdc9a,primary_topic=IQ|top_exact_queries=UNKNOWN_NOT_RETURNED,present_public_source_refs:3,ability_sensitive,present=true|visible=true|label=Take the test|target=mbti-personality-test-16-personality-types|href=https://fermatmind.com/en/tests/mbti-personality-test-16-personality-types,event_contract=VERIFIED source: SeoTrackedCtaLink emits article_to_test_click|network_observed=Unknown|ga4_28d=HISTORICAL aggregate 3 events / URL breakdown Unknown|ledger_clicks_28d=Unknown|attribution=Unknown,UNKNOWN_NO_REVIEWED_OWNER_ALIAS_FOR_THIS_PAGE,UNKNOWN_NOT_RETURNED,NO_REVIEWED_CURRENT28_MULTI_PAGE_QUERY_EVIDENCE,NONE_DECLARED_WITHOUT_SAME_QUERY_MULTI_PAGE_EVIDENCE,UNKNOWN,UNKNOWN,UNKNOWN,UNKNOWN,UNKNOWN,UNKNOWN,UNKNOWN,UNKNOWN,UNKNOWN,UNKNOWN,UNKNOWN,UNKNOWN,US/ALL:UNKNOWN;US/desktop:UNKNOWN;US/mobile:UNKNOWN;US/tablet:UNKNOWN;UK/ALL:UNKNOWN;UK/desktop:UNKNOWN;UK/mobile:UNKNOWN;UK/tablet:UNKNOWN;OTHER/ALL:UNKNOWN;OTHER/desktop:UNKNOWN;OTHER/mobile:UNKNOWN;OTHER/tablet:UNKNOWN;GLOBAL/ALL:UNKNOWN;GLOBAL/desktop:UNKNOWN;GLOBAL/mobile:UNKNOWN;GLOBAL/tablet:UNKNOWN,US/ALL:UNKNOWN;US/desktop:UNKNOWN;US/mobile:UNKNOWN;US/tablet:UNKNOWN;UK/ALL:UNKNOWN;UK/desktop:UNKNOWN;UK/mobile:UNKNOWN;UK/tablet:UNKNOWN;OTHER/ALL:UNKNOWN;OTHER/desktop:UNKNOWN;OTHER/mobile:UNKNOWN;OTHER/tablet:UNKNOWN;GLOBAL/ALL:UNKNOWN;GLOBAL/desktop:UNKNOWN;GLOBAL/mobile:UNKNOWN;GLOBAL/tablet:UNKNOWN,US/ALL:UNKNOWN;US/desktop:UNKNOWN;US/mobile:UNKNOWN;US/tablet:UNKNOWN;UK/ALL:UNKNOWN;UK/desktop:UNKNOWN;UK/mobile:UNKNOWN;UK/tablet:UNKNOWN;OTHER/ALL:UNKNOWN;OTHER/desktop:UNKNOWN;OTHER/mobile:UNKNOWN;OTHER/tablet:UNKNOWN;GLOBAL/ALL:UNKNOWN;GLOBAL/desktop:UNKNOWN;GLOBAL/mobile:UNKNOWN;GLOBAL/tablet:UNKNOWN,Authority,KEEP_AUTHORITY,NOT_AUTHORIZED_INCOMPLETE_90D|NEED_MORE_DATA|execution_authorized=false,W3-ARTICLES|package=d70e468bb1a07d74e786e5a93b5279feff5347be49a0264916408a6b2ccbdc9a|source=Article:6|E04_NO_PROMOTION_ACTION,W3_EXACT_PACKAGE_ISOLATED; E06_RECEIPT_CHAIN_RECONCILIATION_ONLY,STOP_NEW_WORK_30D_NOT_DELETE_UNPUBLISH_NOINDEX,false,HOLD
E04_CURRENT_ARTICLE_API|M01_GSC_COMBINED_SAFE_JOINT|WINDOW5_ARTICLE_AUTHORITY_OWNER|W3_ARTICLE_ISOLATION_REFERENCE,2026-08-10T08:02:26Z,US|UK|OTHER|GLOBAL,ALL|desktop|mobile|tablet,en,current28=2026-07-13/2026-08-09|prev28=2026-06-15/2026-07-12|day90=2026-05-12/2026-08-09,IQ,https://fermatmind.com/en/articles/iq-test-score-and-limits-explained,VERIFIED,"M01 privacy-filtered top rows are not exhaustive; missing is UNKNOWN, not zero. Country is not language. Window 5 retains 90-day disposal authority. No CMS, redirect, noindex, publication, or W3 promotion action is applied.",93dfcf1a935ff0c2f433eee3,Article:197,197,458,Article:50,iq-test-score-and-limits-explained,https://fermatmind.com/en/articles/iq-test-score-and-limits-explained,tg_article_iq_test_score_and_limits_explained_2026v1,zh-CN,fap-api CMS Article public API,status=published|public=true,false,false,false,approved,"Are Online IQ Tests Reliable? Scores, Question Types, and Interpretation Limits","Online IQ tests can assess performance in matrix reasoning, pattern recognition, and abstract problem solving, but do not equate to formal intelligence tests. This article explains IQ scores, question types, boundaries of formal assessments, and safe usage practices.","Are Online IQ Tests Reliable? Scores, Question Types, and Interpretation Limits",W9_QA_PASS_FROZEN_PACKAGE; CURRENT_TITLE_EXCERPT_MATCH; LIVE_FULL_BODY_QA_DEFERRED_E06,W3_SOURCE_IDENTITY=Article:50|pair=tg_article_iq_test_score_and_limits_explained_2026v1|package=d70e468bb1a07d74e786e5a93b5279feff5347be49a0264916408a6b2ccbdc9a,primary_topic=IQ|top_exact_queries=UNKNOWN_NOT_RETURNED,no_explicit_external_ref_detected:0,ability_sensitive,present=true|visible=true|label=Take the test|target=mbti-personality-test-16-personality-types|href=https://fermatmind.com/en/tests/mbti-personality-test-16-personality-types,event_contract=VERIFIED source: SeoTrackedCtaLink emits article_to_test_click|network_observed=Unknown|ga4_28d=HISTORICAL aggregate 3 events / URL breakdown Unknown|ledger_clicks_28d=Unknown|attribution=Unknown,UNKNOWN_NO_REVIEWED_OWNER_ALIAS_FOR_THIS_PAGE,UNKNOWN_NOT_RETURNED,NO_REVIEWED_CURRENT28_MULTI_PAGE_QUERY_EVIDENCE,NONE_DECLARED_WITHOUT_SAME_QUERY_MULTI_PAGE_EVIDENCE,UNKNOWN,UNKNOWN,UNKNOWN,UNKNOWN,UNKNOWN,UNKNOWN,UNKNOWN,UNKNOWN,UNKNOWN,UNKNOWN,UNKNOWN,UNKNOWN,US/ALL:UNKNOWN;US/desktop:UNKNOWN;US/mobile:UNKNOWN;US/tablet:UNKNOWN;UK/ALL:UNKNOWN;UK/desktop:UNKNOWN;UK/mobile:UNKNOWN;UK/tablet:UNKNOWN;OTHER/ALL:UNKNOWN;OTHER/desktop:UNKNOWN;OTHER/mobile:UNKNOWN;OTHER/tablet:UNKNOWN;GLOBAL/ALL:UNKNOWN;GLOBAL/desktop:UNKNOWN;GLOBAL/mobile:UNKNOWN;GLOBAL/tablet:UNKNOWN,US/ALL:UNKNOWN;US/desktop:UNKNOWN;US/mobile:UNKNOWN;US/tablet:UNKNOWN;UK/ALL:UNKNOWN;UK/desktop:UNKNOWN;UK/mobile:UNKNOWN;UK/tablet:UNKNOWN;OTHER/ALL:UNKNOWN;OTHER/desktop:UNKNOWN;OTHER/mobile:UNKNOWN;OTHER/tablet:UNKNOWN;GLOBAL/ALL:UNKNOWN;GLOBAL/desktop:UNKNOWN;GLOBAL/mobile:UNKNOWN;GLOBAL/tablet:UNKNOWN,US/ALL:UNKNOWN;US/desktop:UNKNOWN;US/mobile:UNKNOWN;US/tablet:UNKNOWN;UK/ALL:UNKNOWN;UK/desktop:UNKNOWN;UK/mobile:UNKNOWN;UK/tablet:UNKNOWN;OTHER/ALL:UNKNOWN;OTHER/desktop:UNKNOWN;OTHER/mobile:UNKNOWN;OTHER/tablet:UNKNOWN;GLOBAL/ALL:UNKNOWN;GLOBAL/desktop:UNKNOWN;GLOBAL/mobile:UNKNOWN;GLOBAL/tablet:UNKNOWN,Authority,KEEP_AUTHORITY,NOT_AUTHORIZED_INCOMPLETE_90D|NEED_MORE_DATA|execution_authorized=false,W3-ARTICLES|package=d70e468bb1a07d74e786e5a93b5279feff5347be49a0264916408a6b2ccbdc9a|source=Article:50|E04_NO_PROMOTION_ACTION,W3_EXACT_PACKAGE_ISOLATED; E06_RECEIPT_CHAIN_RECONCILIATION_ONLY,STOP_NEW_WORK_30D_NOT_DELETE_UNPUBLISH_NOINDEX,false,HOLD
E04_CURRENT_ARTICLE_API|M01_GSC_COMBINED_SAFE_JOINT|WINDOW5_ARTICLE_AUTHORITY_OWNER|W3_ARTICLE_ISOLATION_REFERENCE,2026-08-10T08:02:26Z,US|UK|OTHER|GLOBAL,ALL|desktop|mobile|tablet,en,current28=2026-07-13/2026-08-09|prev28=2026-06-15/2026-07-12|day90=2026-05-12/2026-08-09,IQ,https://fermatmind.com/en/articles/iq-test-tool-guide,VERIFIED,"M01 privacy-filtered top rows are not exhaustive; missing is UNKNOWN, not zero. Country is not language. Window 5 retains 90-day disposal authority. No CMS, redirect, noindex, publication, or W3 promotion action is applied.",ac52890a8779ae5e28578e54,Article:198,198,459,Article:7,iq-test-tool-guide,https://fermatmind.com/en/articles/iq-test-tool-guide,article-7,zh-CN,fap-api CMS Article public API,status=published|public=true,false,false,false,approved,"FermatMind IQ Test Guide: What It Measures, How to Read Results, and Its Limits","FermatMind's 30-question online test is designed to observe performance on matrix and figural-reasoning tasks and is not intended for clinical, educational, or credentialing purposes.","FermatMind IQ Test Guide: What It Measures, How to Read Results, and Its Limits",W9_QA_PASS_FROZEN_PACKAGE; CURRENT_TITLE_EXCERPT_MATCH; LIVE_FULL_BODY_QA_DEFERRED_E06,W3_SOURCE_IDENTITY=Article:7|pair=article-7|package=d70e468bb1a07d74e786e5a93b5279feff5347be49a0264916408a6b2ccbdc9a,primary_topic=IQ|top_exact_queries=UNKNOWN_NOT_RETURNED,present_public_source_refs:3,ability_sensitive,present=true|visible=true|label=Take the test|target=mbti-personality-test-16-personality-types|href=https://fermatmind.com/en/tests/mbti-personality-test-16-personality-types,event_contract=VERIFIED source: SeoTrackedCtaLink emits article_to_test_click|network_observed=Unknown|ga4_28d=HISTORICAL aggregate 3 events / URL breakdown Unknown|ledger_clicks_28d=Unknown|attribution=Unknown,UNKNOWN_NO_REVIEWED_OWNER_ALIAS_FOR_THIS_PAGE,UNKNOWN_NOT_RETURNED,NO_REVIEWED_CURRENT28_MULTI_PAGE_QUERY_EVIDENCE,NONE_DECLARED_WITHOUT_SAME_QUERY_MULTI_PAGE_EVIDENCE,UNKNOWN,UNKNOWN,UNKNOWN,UNKNOWN,UNKNOWN,UNKNOWN,UNKNOWN,UNKNOWN,UNKNOWN,UNKNOWN,UNKNOWN,UNKNOWN,US/ALL:UNKNOWN;US/desktop:UNKNOWN;US/mobile:UNKNOWN;US/tablet:UNKNOWN;UK/ALL:UNKNOWN;UK/desktop:UNKNOWN;UK/mobile:UNKNOWN;UK/tablet:UNKNOWN;OTHER/ALL:UNKNOWN;OTHER/desktop:UNKNOWN;OTHER/mobile:UNKNOWN;OTHER/tablet:UNKNOWN;GLOBAL/ALL:UNKNOWN;GLOBAL/desktop:UNKNOWN;GLOBAL/mobile:UNKNOWN;GLOBAL/tablet:UNKNOWN,US/ALL:UNKNOWN;US/desktop:UNKNOWN;US/mobile:UNKNOWN;US/tablet:UNKNOWN;UK/ALL:UNKNOWN;UK/desktop:UNKNOWN;UK/mobile:UNKNOWN;UK/tablet:UNKNOWN;OTHER/ALL:UNKNOWN;OTHER/desktop:UNKNOWN;OTHER/mobile:UNKNOWN;OTHER/tablet:UNKNOWN;GLOBAL/ALL:UNKNOWN;GLOBAL/desktop:UNKNOWN;GLOBAL/mobile:UNKNOWN;GLOBAL/tablet:UNKNOWN,US/ALL:UNKNOWN;US/desktop:UNKNOWN;US/mobile:UNKNOWN;US/tablet:UNKNOWN;UK/ALL:UNKNOWN;UK/desktop:UNKNOWN;UK/mobile:UNKNOWN;UK/tablet:UNKNOWN;OTHER/ALL:UNKNOWN;OTHER/desktop:UNKNOWN;OTHER/mobile:UNKNOWN;OTHER/tablet:UNKNOWN;GLOBAL/ALL:UNKNOWN;GLOBAL/desktop:UNKNOWN;GLOBAL/mobile:UNKNOWN;GLOBAL/tablet:UNKNOWN,Authority,KEEP_AUTHORITY,NOT_AUTHORIZED_INCOMPLETE_90D|NEED_MORE_DATA|execution_authorized=false,W3-ARTICLES|package=d70e468bb1a07d74e786e5a93b5279feff5347be49a0264916408a6b2ccbdc9a|source=Article:7|E04_NO_PROMOTION_ACTION,W3_EXACT_PACKAGE_ISOLATED; E06_RECEIPT_CHAIN_RECONCILIATION_ONLY,STOP_NEW_WORK_30D_NOT_DELETE_UNPUBLISH_NOINDEX,false,HOLD
E04_CURRENT_ARTICLE_API|M01_GSC_COMBINED_SAFE_JOINT|WINDOW5_ARTICLE_AUTHORITY_OWNER|W3_ARTICLE_ISOLATION_REFERENCE,2026-08-10T08:02:26Z,US|UK|OTHER|GLOBAL,ALL|desktop|mobile|tablet,en,current28=2026-07-13/2026-08-09|prev28=2026-06-15/2026-07-12|day90=2026-05-12/2026-08-09,RIASEC/Career Decision,https://fermatmind.com/en/articles/math-not-good-computer-ai-major-course-riasec-checklist,VERIFIED,"M01 privacy-filtered top rows are not exhaustive; missing is UNKNOWN, not zero. Country is not language. Window 5 retains 90-day disposal authority. No CMS, redirect, noindex, publication, or W3 promotion action is applied.",0cd4a3a2a2b2d42df6c67475,Article:199,199,460,Article:59,math-not-good-computer-ai-major-course-riasec-checklist,https://fermatmind.com/en/articles/math-not-good-computer-ai-major-course-riasec-checklist,tg_math_computer_ai_course_riasec_2026v1,zh-CN,fap-api CMS Article public API,status=published|public=true,false,false,false,approved,"Can You Study Computer Science or AI If Math Is Not Your Strength? A Course, Work-Activity, and RIASEC Checklist","Can someone who struggles with math still apply to computer science or AI? Start by identifying the specific math gaps, reviewing course requirements and real work activities, and using RIASEC interests to sort majors into three working lists: keep, verify, or set aside.","Can You Study Computer Science or AI If Math Is Not Your Strength? A Course, Work-Activity, and RIASEC Checklist",W9_QA_PASS_FROZEN_PACKAGE; CURRENT_TITLE_EXCERPT_MATCH; LIVE_FULL_BODY_QA_DEFERRED_E06,W3_SOURCE_IDENTITY=Article:59|pair=tg_math_computer_ai_course_riasec_2026v1|package=d70e468bb1a07d74e786e5a93b5279feff5347be49a0264916408a6b2ccbdc9a,primary_topic=RIASEC/Career Decision|top_exact_queries=UNKNOWN_NOT_RETURNED,no_explicit_external_ref_detected:0,career_sensitive,present=true|visible=true|label=Take the test|target=mbti-personality-test-16-personality-types|href=https://fermatmind.com/en/tests/mbti-personality-test-16-personality-types,event_contract=VERIFIED source: SeoTrackedCtaLink emits article_to_test_click|network_observed=Unknown|ga4_28d=HISTORICAL aggregate 3 events / URL breakdown Unknown|ledger_clicks_28d=Unknown|attribution=Unknown,UNKNOWN_NO_REVIEWED_OWNER_ALIAS_FOR_THIS_PAGE,UNKNOWN_NOT_RETURNED,NO_REVIEWED_CURRENT28_MULTI_PAGE_QUERY_EVIDENCE,NONE_DECLARED_WITHOUT_SAME_QUERY_MULTI_PAGE_EVIDENCE,UNKNOWN,UNKNOWN,UNKNOWN,UNKNOWN,UNKNOWN,UNKNOWN,UNKNOWN,UNKNOWN,UNKNOWN,UNKNOWN,UNKNOWN,UNKNOWN,US/ALL:UNKNOWN;US/desktop:UNKNOWN;US/mobile:UNKNOWN;US/tablet:UNKNOWN;UK/ALL:UNKNOWN;UK/desktop:UNKNOWN;UK/mobile:UNKNOWN;UK/tablet:UNKNOWN;OTHER/ALL:UNKNOWN;OTHER/desktop:UNKNOWN;OTHER/mobile:UNKNOWN;OTHER/tablet:UNKNOWN;GLOBAL/ALL:UNKNOWN;GLOBAL/desktop:UNKNOWN;GLOBAL/mobile:UNKNOWN;GLOBAL/tablet:UNKNOWN,US/ALL:UNKNOWN;US/desktop:UNKNOWN;US/mobile:UNKNOWN;US/tablet:UNKNOWN;UK/ALL:UNKNOWN;UK/desktop:UNKNOWN;UK/mobile:UNKNOWN;UK/tablet:UNKNOWN;OTHER/ALL:UNKNOWN;OTHER/desktop:UNKNOWN;OTHER/mobile:UNKNOWN;OTHER/tablet:UNKNOWN;GLOBAL/ALL:UNKNOWN;GLOBAL/desktop:UNKNOWN;GLOBAL/mobile:UNKNOWN;GLOBAL/tablet:UNKNOWN,US/ALL:UNKNOWN;US/desktop:UNKNOWN;US/mobile:UNKNOWN;US/tablet:UNKNOWN;UK/ALL:UNKNOWN;UK/desktop:UNKNOWN;UK/mobile:UNKNOWN;UK/tablet:UNKNOWN;OTHER/ALL:UNKNOWN;OTHER/desktop:UNKNOWN;OTHER/mobile:UNKNOWN;OTHER/tablet:UNKNOWN;GLOBAL/ALL:UNKNOWN;GLOBAL/desktop:UNKNOWN;GLOBAL/mobile:UNKNOWN;GLOBAL/tablet:UNKNOWN,Authority,KEEP_AUTHORITY,NOT_AUTHORIZED_INCOMPLETE_90D|NEED_MORE_DATA|execution_authorized=false,W3-ARTICLES|package=d70e468bb1a07d74e786e5a93b5279feff5347be49a0264916408a6b2ccbdc9a|source=Article:59|E04_NO_PROMOTION_ACTION,W3_EXACT_PACKAGE_ISOLATED; E06_RECEIPT_CHAIN_RECONCILIATION_ONLY,STOP_NEW_WORK_30D_NOT_DELETE_UNPUBLISH_NOINDEX,false,HOLD
E04_CURRENT_ARTICLE_API|M01_GSC_COMBINED_SAFE_JOINT|WINDOW5_ARTICLE_AUTHORITY_OWNER|W3_ARTICLE_ISOLATION_REFERENCE,2026-08-10T08:02:26Z,US|UK|OTHER|GLOBAL,ALL|desktop|mobile|tablet,en,current28=2026-07-13/2026-08-09|prev28=2026-06-15/2026-07-12|day90=2026-05-12/2026-08-09,MBTI,https://fermatmind.com/en/articles/mbti-basics,VERIFIED,"M01 privacy-filtered top rows are not exhaustive; missing is UNKNOWN, not zero. Country is not language. Window 5 retains 90-day disposal authority. No CMS, redirect, noindex, publication, or W3 promotion action is applied.",a0d593410a672af219bac115,Article:200,200,461,Article:8,mbti-basics,https://fermatmind.com/en/articles/mbti-basics,article-8,zh-CN,fap-api CMS Article public API,status=published|public=true,false,false,false,approved,What Is MBTI? What 16 Personality Types Can—and Cannot—Tell You,"The MBTI personality test can help you observe preferences related to energy, information gathering, decision-making, and daily organization. It cannot assess ability, diagnose a psychological condition, or determine career suitability.",What Is MBTI? What 16 Personality Types Can—and Cannot—Tell You,W9_QA_PASS_FROZEN_PACKAGE; CURRENT_TITLE_EXCERPT_MATCH; LIVE_FULL_BODY_QA_DEFERRED_E06,W3_SOURCE_IDENTITY=Article:8|pair=article-8|package=d70e468bb1a07d74e786e5a93b5279feff5347be49a0264916408a6b2ccbdc9a,primary_topic=MBTI|top_exact_queries=UNKNOWN_NOT_RETURNED,no_explicit_external_ref_detected:0,identity_sensitive,present=true|visible=true|label=Take the test|target=mbti-personality-test-16-personality-types|href=https://fermatmind.com/en/tests/mbti-personality-test-16-personality-types,event_contract=VERIFIED source: SeoTrackedCtaLink emits article_to_test_click|network_observed=Unknown|ga4_28d=HISTORICAL aggregate 3 events / URL breakdown Unknown|ledger_clicks_28d=Unknown|attribution=Unknown,UNKNOWN_NO_REVIEWED_OWNER_ALIAS_FOR_THIS_PAGE,UNKNOWN_NOT_RETURNED,NO_REVIEWED_CURRENT28_MULTI_PAGE_QUERY_EVIDENCE,NONE_DECLARED_WITHOUT_SAME_QUERY_MULTI_PAGE_EVIDENCE,UNKNOWN,UNKNOWN,UNKNOWN,UNKNOWN,UNKNOWN,UNKNOWN,UNKNOWN,UNKNOWN,UNKNOWN,UNKNOWN,UNKNOWN,UNKNOWN,US/ALL:UNKNOWN;US/desktop:UNKNOWN;US/mobile:UNKNOWN;US/tablet:UNKNOWN;UK/ALL:UNKNOWN;UK/desktop:UNKNOWN;UK/mobile:UNKNOWN;UK/tablet:UNKNOWN;OTHER/ALL:UNKNOWN;OTHER/desktop:UNKNOWN;OTHER/mobile:UNKNOWN;OTHER/tablet:UNKNOWN;GLOBAL/ALL:UNKNOWN;GLOBAL/desktop:UNKNOWN;GLOBAL/mobile:UNKNOWN;GLOBAL/tablet:UNKNOWN,US/ALL:UNKNOWN;US/desktop:UNKNOWN;US/mobile:UNKNOWN;US/tablet:UNKNOWN;UK/ALL:UNKNOWN;UK/desktop:UNKNOWN;UK/mobile:UNKNOWN;UK/tablet:UNKNOWN;OTHER/ALL:UNKNOWN;OTHER/desktop:UNKNOWN;OTHER/mobile:UNKNOWN;OTHER/tablet:UNKNOWN;GLOBAL/ALL:UNKNOWN;GLOBAL/desktop:UNKNOWN;GLOBAL/mobile:UNKNOWN;GLOBAL/tablet:UNKNOWN,US/ALL:UNKNOWN;US/desktop:UNKNOWN;US/mobile:UNKNOWN;US/tablet:UNKNOWN;UK/ALL:UNKNOWN;UK/desktop:UNKNOWN;UK/mobile:UNKNOWN;UK/tablet:UNKNOWN;OTHER/ALL:UNKNOWN;OTHER/desktop:UNKNOWN;OTHER/mobile:UNKNOWN;OTHER/tablet:UNKNOWN;GLOBAL/ALL:UNKNOWN;GLOBAL/desktop:UNKNOWN;GLOBAL/mobile:UNKNOWN;GLOBAL/tablet:UNKNOWN,Unclassified,NEED_MORE_DATA,NOT_AUTHORIZED_INCOMPLETE_90D|NEED_MORE_DATA|execution_authorized=false,W3-ARTICLES|package=d70e468bb1a07d74e786e5a93b5279feff5347be49a0264916408a6b2ccbdc9a|source=Article:8|E04_NO_PROMOTION_ACTION,W3_EXACT_PACKAGE_ISOLATED; E06_RECEIPT_CHAIN_RECONCILIATION_ONLY,STOP_NEW_WORK_30D_NOT_DELETE_UNPUBLISH_NOINDEX,false,HOLD
E04_CURRENT_ARTICLE_API|M01_GSC_COMBINED_SAFE_JOINT|WINDOW5_ARTICLE_AUTHORITY_OWNER|W3_ARTICLE_ISOLATION_REFERENCE,2026-08-10T08:02:26Z,US|UK|OTHER|GLOBAL,ALL|desktop|mobile|tablet,en,current28=2026-07-13/2026-08-09|prev28=2026-06-15/2026-07-12|day90=2026-05-12/2026-08-09,MBTI,https://fermatmind.com/en/articles/mbti-growth-guide,VERIFIED,"M01 privacy-filtered top rows are not exhaustive; missing is UNKNOWN, not zero. Country is not language. Window 5 retains 90-day disposal authority. No CMS, redirect, noindex, publication, or W3 promotion action is applied.",265d74c4e8fe5e12ad8af053,Article:201,201,462,Article:9,mbti-growth-guide,https://fermatmind.com/en/articles/mbti-growth-guide,article-9,zh-CN,fap-api CMS Article public API,status=published|public=true,false,false,false,approved,How Can MBTI Support Personal Growth? From Preferences to Four-Week Behavioral Experiments,"Growth isn't about becoming the opposite type, but rather practicing alternative strategies in real-world scenarios to expand the range of available behaviors.",How Can MBTI Support Personal Growth? From Preferences to Four-Week Behavioral Experiments,W9_QA_PASS_FROZEN_PACKAGE; CURRENT_TITLE_EXCERPT_MATCH; LIVE_FULL_BODY_QA_DEFERRED_E06,W3_SOURCE_IDENTITY=Article:9|pair=article-9|package=d70e468bb1a07d74e786e5a93b5279feff5347be49a0264916408a6b2ccbdc9a,primary_topic=MBTI|top_exact_queries=UNKNOWN_NOT_RETURNED,present_public_source_refs:3,identity_sensitive,present=true|visible=true|label=Take the test|target=mbti-personality-test-16-personality-types|href=https://fermatmind.com/en/tests/mbti-personality-test-16-personality-types,event_contract=VERIFIED source: SeoTrackedCtaLink emits article_to_test_click|network_observed=Unknown|ga4_28d=HISTORICAL aggregate 3 events / URL breakdown Unknown|ledger_clicks_28d=Unknown|attribution=Unknown,UNKNOWN_NO_REVIEWED_OWNER_ALIAS_FOR_THIS_PAGE,UNKNOWN_NOT_RETURNED,NO_REVIEWED_CURRENT28_MULTI_PAGE_QUERY_EVIDENCE,NONE_DECLARED_WITHOUT_SAME_QUERY_MULTI_PAGE_EVIDENCE,UNKNOWN,UNKNOWN,UNKNOWN,UNKNOWN,UNKNOWN,UNKNOWN,UNKNOWN,UNKNOWN,UNKNOWN,UNKNOWN,UNKNOWN,UNKNOWN,US/ALL:UNKNOWN;US/desktop:UNKNOWN;US/mobile:UNKNOWN;US/tablet:UNKNOWN;UK/ALL:UNKNOWN;UK/desktop:UNKNOWN;UK/mobile:UNKNOWN;UK/tablet:UNKNOWN;OTHER/ALL:UNKNOWN;OTHER/desktop:UNKNOWN;OTHER/mobile:UNKNOWN;OTHER/tablet:UNKNOWN;GLOBAL/ALL:UNKNOWN;GLOBAL/desktop:UNKNOWN;GLOBAL/mobile:UNKNOWN;GLOBAL/tablet:UNKNOWN,US/ALL:UNKNOWN;US/desktop:UNKNOWN;US/mobile:UNKNOWN;US/tablet:UNKNOWN;UK/ALL:UNKNOWN;UK/desktop:UNKNOWN;UK/mobile:UNKNOWN;UK/tablet:UNKNOWN;OTHER/ALL:UNKNOWN;OTHER/desktop:UNKNOWN;OTHER/mobile:UNKNOWN;OTHER/tablet:UNKNOWN;GLOBAL/ALL:UNKNOWN;GLOBAL/desktop:UNKNOWN;GLOBAL/mobile:UNKNOWN;GLOBAL/tablet:UNKNOWN,US/ALL:UNKNOWN;US/desktop:UNKNOWN;US/mobile:UNKNOWN;US/tablet:UNKNOWN;UK/ALL:UNKNOWN;UK/desktop:UNKNOWN;UK/mobile:UNKNOWN;UK/tablet:UNKNOWN;OTHER/ALL:UNKNOWN;OTHER/desktop:UNKNOWN;OTHER/mobile:UNKNOWN;OTHER/tablet:UNKNOWN;GLOBAL/ALL:UNKNOWN;GLOBAL/desktop:UNKNOWN;GLOBAL/mobile:UNKNOWN;GLOBAL/tablet:UNKNOWN,Authority,KEEP_AUTHORITY,NOT_AUTHORIZED_INCOMPLETE_90D|NEED_MORE_DATA|execution_authorized=false,W3-ARTICLES|package=d70e468bb1a07d74e786e5a93b5279feff5347be49a0264916408a6b2ccbdc9a|source=Article:9|E04_NO_PROMOTION_ACTION,W3_EXACT_PACKAGE_ISOLATED; E06_RECEIPT_CHAIN_RECONCILIATION_ONLY,STOP_NEW_WORK_30D_NOT_DELETE_UNPUBLISH_NOINDEX,false,HOLD
E04_CURRENT_ARTICLE_API|M01_GSC_COMBINED_SAFE_JOINT|WINDOW5_ARTICLE_AUTHORITY_OWNER|W3_ARTICLE_ISOLATION_REFERENCE,2026-08-10T08:02:26Z,US|UK|OTHER|GLOBAL,ALL|desktop|mobile|tablet,en,current28=2026-07-13/2026-08-09|prev28=2026-06-15/2026-07-12|day90=2026-05-12/2026-08-09,MBTI,https://fermatmind.com/en/articles/mbti-narrative-portrait,VERIFIED,"M01 privacy-filtered top rows are not exhaustive; missing is UNKNOWN, not zero. Country is not language. Window 5 retains 90-day disposal authority. No CMS, redirect, noindex, publication, or W3 promotion action is applied.",000e8b5bd42f4df4841aa7dc,Article:202,202,463,Article:10,mbti-narrative-portrait,https://fermatmind.com/en/articles/mbti-narrative-portrait,article-10,zh-CN,fap-api CMS Article public API,status=published|public=true,false,false,false,approved,How Should You Interpret MBTI Results? Validate Four Preference Pairs in Real Situations,"Break down MBTI-style results into four preference clusters, form tentative hypotheses based on real-world scenarios, counterexamples, and situational changes, rather than fixed identities.",How Should You Interpret MBTI Results? Validate Four Preference Pairs in Real Situations,W9_QA_PASS_FROZEN_PACKAGE; CURRENT_TITLE_EXCERPT_MATCH; LIVE_FULL_BODY_QA_DEFERRED_E06,W3_SOURCE_IDENTITY=Article:10|pair=article-10|package=d70e468bb1a07d74e786e5a93b5279feff5347be49a0264916408a6b2ccbdc9a,primary_topic=MBTI|top_exact_queries=UNKNOWN_NOT_RETURNED,present_public_source_refs:3,identity_sensitive,present=true|visible=true|label=Take the test|target=mbti-personality-test-16-personality-types|href=https://fermatmind.com/en/tests/mbti-personality-test-16-personality-types,event_contract=VERIFIED source: SeoTrackedCtaLink emits article_to_test_click|network_observed=Unknown|ga4_28d=HISTORICAL aggregate 3 events / URL breakdown Unknown|ledger_clicks_28d=Unknown|attribution=Unknown,UNKNOWN_NO_REVIEWED_OWNER_ALIAS_FOR_THIS_PAGE,UNKNOWN_NOT_RETURNED,NO_REVIEWED_CURRENT28_MULTI_PAGE_QUERY_EVIDENCE,NONE_DECLARED_WITHOUT_SAME_QUERY_MULTI_PAGE_EVIDENCE,UNKNOWN,UNKNOWN,UNKNOWN,UNKNOWN,UNKNOWN,UNKNOWN,UNKNOWN,UNKNOWN,UNKNOWN,UNKNOWN,UNKNOWN,UNKNOWN,US/ALL:UNKNOWN;US/desktop:UNKNOWN;US/mobile:UNKNOWN;US/tablet:UNKNOWN;UK/ALL:UNKNOWN;UK/desktop:UNKNOWN;UK/mobile:UNKNOWN;UK/tablet:UNKNOWN;OTHER/ALL:UNKNOWN;OTHER/desktop:UNKNOWN;OTHER/mobile:UNKNOWN;OTHER/tablet:UNKNOWN;GLOBAL/ALL:UNKNOWN;GLOBAL/desktop:UNKNOWN;GLOBAL/mobile:UNKNOWN;GLOBAL/tablet:UNKNOWN,US/ALL:UNKNOWN;US/desktop:UNKNOWN;US/mobile:UNKNOWN;US/tablet:UNKNOWN;UK/ALL:UNKNOWN;UK/desktop:UNKNOWN;UK/mobile:UNKNOWN;UK/tablet:UNKNOWN;OTHER/ALL:UNKNOWN;OTHER/desktop:UNKNOWN;OTHER/mobile:UNKNOWN;OTHER/tablet:UNKNOWN;GLOBAL/ALL:UNKNOWN;GLOBAL/desktop:UNKNOWN;GLOBAL/mobile:UNKNOWN;GLOBAL/tablet:UNKNOWN,US/ALL:UNKNOWN;US/desktop:UNKNOWN;US/mobile:UNKNOWN;US/tablet:UNKNOWN;UK/ALL:UNKNOWN;UK/desktop:UNKNOWN;UK/mobile:UNKNOWN;UK/tablet:UNKNOWN;OTHER/ALL:UNKNOWN;OTHER/desktop:UNKNOWN;OTHER/mobile:UNKNOWN;OTHER/tablet:UNKNOWN;GLOBAL/ALL:UNKNOWN;GLOBAL/desktop:UNKNOWN;GLOBAL/mobile:UNKNOWN;GLOBAL/tablet:UNKNOWN,Authority,KEEP_AUTHORITY,NOT_AUTHORIZED_INCOMPLETE_90D|NEED_MORE_DATA|execution_authorized=false,W3-ARTICLES|package=d70e468bb1a07d74e786e5a93b5279feff5347be49a0264916408a6b2ccbdc9a|source=Article:10|E04_NO_PROMOTION_ACTION,W3_EXACT_PACKAGE_ISOLATED; E06_RECEIPT_CHAIN_RECONCILIATION_ONLY,STOP_NEW_WORK_30D_NOT_DELETE_UNPUBLISH_NOINDEX,false,HOLD
