evidence_status,window_id,window_start,window_end,property,search_type,dimension,dimension_value,clicks,impressions,ctr_percent,position,source_row_rank,row_limit,pagination,limitation
VERIFIED_GSC_UI_SINGLE_DIMENSION,current28,2026-07-13,2026-08-09,sc-domain:fermatmind.com,web,country,中国,56,2190,2.56,7.16,1,1000,NOT_AVAILABLE_IN_UI_EXPORT,Single-dimension GSC UI export; rows cannot be joined across dimensions; top-row and UI cap limitations apply.
VERIFIED_GSC_UI_SINGLE_DIMENSION,current28,2026-07-13,2026-08-09,sc-domain:fermatmind.com,web,country,马来西亚,30,1465,2.05,8.65,2,1000,NOT_AVAILABLE_IN_UI_EXPORT,Single-dimension GSC UI export; rows cannot be joined across dimensions; top-row and UI cap limitations apply.
VERIFIED_GSC_UI_SINGLE_DIMENSION,current28,2026-07-13,2026-08-09,sc-domain:fermatmind.com,web,country,美国,26,9790,0.27,12.16,3,1000,NOT_AVAILABLE_IN_UI_EXPORT,Single-dimension GSC UI export; rows cannot be joined across dimensions; top-row and UI cap limitations apply.
VERIFIED_GSC_UI_SINGLE_DIMENSION,current28,2026-07-13,2026-08-09,sc-domain:fermatmind.com,web,country,中国香港,23,1324,1.74,8.69,4,1000,NOT_AVAILABLE_IN_UI_EXPORT,Single-dimension GSC UI export; rows cannot be joined across dimensions; top-row and UI cap limitations apply.
VERIFIED_GSC_UI_SINGLE_DIMENSION,current28,2026-07-13,2026-08-09,sc-domain:fermatmind.com,web,country,新加坡,19,1351,1.41,7.99,5,1000,NOT_AVAILABLE_IN_UI_EXPORT,Single-dimension GSC UI export; rows cannot be joined across dimensions; top-row and UI cap limitations apply.
VERIFIED_GSC_UI_SINGLE_DIMENSION,current28,2026-07-13,2026-08-09,sc-domain:fermatmind.com,web,country,台湾,19,1045,1.82,7.65,6,1000,NOT_AVAILABLE_IN_UI_EXPORT,Single-dimension GSC UI export; rows cannot be joined across dimensions; top-row and UI cap limitations apply.
VERIFIED_GSC_UI_SINGLE_DIMENSION,current28,2026-07-13,2026-08-09,sc-domain:fermatmind.com,web,country,日本,9,736,1.22,7.74,7,1000,NOT_AVAILABLE_IN_UI_EXPORT,Single-dimension GSC UI export; rows cannot be joined across dimensions; top-row and UI cap limitations apply.
VERIFIED_GSC_UI_SINGLE_DIMENSION,current28,2026-07-13,2026-08-09,sc-domain:fermatmind.com,web,country,加拿大,8,917,0.87,15.04,8,1000,NOT_AVAILABLE_IN_UI_EXPORT,Single-dimension GSC UI export; rows cannot be joined across dimensions; top-row and UI cap limitations apply.
VERIFIED_GSC_UI_SINGLE_DIMENSION,current28,2026-07-13,2026-08-09,sc-domain:fermatmind.com,web,country,英国,6,621,0.97,13.81,9,1000,NOT_AVAILABLE_IN_UI_EXPORT,Single-dimension GSC UI export; rows cannot be joined across dimensions; top-row and UI cap limitations apply.
VERIFIED_GSC_UI_SINGLE_DIMENSION,current28,2026-07-13,2026-08-09,sc-domain:fermatmind.com,web,country,德国,4,442,0.9,7.75,10,1000,NOT_AVAILABLE_IN_UI_EXPORT,Single-dimension GSC UI export; rows cannot be joined across dimensions; top-row and UI cap limitations apply.
VERIFIED_GSC_UI_SINGLE_DIMENSION,current28,2026-07-13,2026-08-09,sc-domain:fermatmind.com,web,country,越南,2,1059,0.19,14.22,11,1000,NOT_AVAILABLE_IN_UI_EXPORT,Single-dimension GSC UI export; rows cannot be joined across dimensions; top-row and UI cap limitations apply.
VERIFIED_GSC_UI_SINGLE_DIMENSION,current28,2026-07-13,2026-08-09,sc-domain:fermatmind.com,web,country,菲律宾,2,709,0.28,10.99,12,1000,NOT_AVAILABLE_IN_UI_EXPORT,Single-dimension GSC UI export; rows cannot be joined across dimensions; top-row and UI cap limitations apply.
VERIFIED_GSC_UI_SINGLE_DIMENSION,current28,2026-07-13,2026-08-09,sc-domain:fermatmind.com,web,country,澳大利亚,2,615,0.33,15.45,13,1000,NOT_AVAILABLE_IN_UI_EXPORT,Single-dimension GSC UI export; rows cannot be joined across dimensions; top-row and UI cap limitations apply.
VERIFIED_GSC_UI_SINGLE_DIMENSION,current28,2026-07-13,2026-08-09,sc-domain:fermatmind.com,web,country,意大利,2,259,0.77,9.08,14,1000,NOT_AVAILABLE_IN_UI_EXPORT,Single-dimension GSC UI export; rows cannot be joined across dimensions; top-row and UI cap limitations apply.
VERIFIED_GSC_UI_SINGLE_DIMENSION,current28,2026-07-13,2026-08-09,sc-domain:fermatmind.com,web,country,印度,1,619,0.16,11.79,15,1000,NOT_AVAILABLE_IN_UI_EXPORT,Single-dimension GSC UI export; rows cannot be joined across dimensions; top-row and UI cap limitations apply.
VERIFIED_GSC_UI_SINGLE_DIMENSION,current28,2026-07-13,2026-08-09,sc-domain:fermatmind.com,web,country,印度尼西亚,1,501,0.2,10.03,16,1000,NOT_AVAILABLE_IN_UI_EXPORT,Single-dimension GSC UI export; rows cannot be joined across dimensions; top-row and UI cap limitations apply.
VERIFIED_GSC_UI_SINGLE_DIMENSION,current28,2026-07-13,2026-08-09,sc-domain:fermatmind.com,web,country,巴西,1,437,0.23,8.8,17,1000,NOT_AVAILABLE_IN_UI_EXPORT,Single-dimension GSC UI export; rows cannot be joined across dimensions; top-row and UI cap limitations apply.
VERIFIED_GSC_UI_SINGLE_DIMENSION,current28,2026-07-13,2026-08-09,sc-domain:fermatmind.com,web,country,澳门,1,283,0.35,7.96,18,1000,NOT_AVAILABLE_IN_UI_EXPORT,Single-dimension GSC UI export; rows cannot be joined across dimensions; top-row and UI cap limitations apply.
VERIFIED_GSC_UI_SINGLE_DIMENSION,current28,2026-07-13,2026-08-09,sc-domain:fermatmind.com,web,country,荷兰,1,267,0.37,8.43,19,1000,NOT_AVAILABLE_IN_UI_EXPORT,Single-dimension GSC UI export; rows cannot be joined across dimensions; top-row and UI cap limitations apply.
VERIFIED_GSC_UI_SINGLE_DIMENSION,current28,2026-07-13,2026-08-09,sc-domain:fermatmind.com,web,country,泰国,1,261,0.38,14.29,20,1000,NOT_AVAILABLE_IN_UI_EXPORT,Single-dimension GSC UI export; rows cannot be joined across dimensions; top-row and UI cap limitations apply.
VERIFIED_GSC_UI_SINGLE_DIMENSION,current28,2026-07-13,2026-08-09,sc-domain:fermatmind.com,web,country,墨西哥,1,187,0.53,13.86,21,1000,NOT_AVAILABLE_IN_UI_EXPORT,Single-dimension GSC UI export; rows cannot be joined across dimensions; top-row and UI cap limitations apply.
VERIFIED_GSC_UI_SINGLE_DIMENSION,current28,2026-07-13,2026-08-09,sc-domain:fermatmind.com,web,country,新西兰,1,162,0.62,10.11,22,1000,NOT_AVAILABLE_IN_UI_EXPORT,Single-dimension GSC UI export; rows cannot be joined across dimensions; top-row and UI cap limitations apply.
VERIFIED_GSC_UI_SINGLE_DIMENSION,current28,2026-07-13,2026-08-09,sc-domain:fermatmind.com,web,country,巴基斯坦,1,154,0.65,11.24,23,1000,NOT_AVAILABLE_IN_UI_EXPORT,Single-dimension GSC UI export; rows cannot be joined across dimensions; top-row and UI cap limitations apply.
VERIFIED_GSC_UI_SINGLE_DIMENSION,current28,2026-07-13,2026-08-09,sc-domain:fermatmind.com,web,country,葡萄牙,1,60,1.67,10.0,24,1000,NOT_AVAILABLE_IN_UI_EXPORT,Single-dimension GSC UI export; rows cannot be joined across dimensions; top-row and UI cap limitations apply.
VERIFIED_GSC_UI_SINGLE_DIMENSION,current28,2026-07-13,2026-08-09,sc-domain:fermatmind.com,web,country,爱尔兰,1,57,1.75,7.32,25,1000,NOT_AVAILABLE_IN_UI_EXPORT,Single-dimension GSC UI export; rows cannot be joined across dimensions; top-row and UI cap limitations apply.
VERIFIED_GSC_UI_SINGLE_DIMENSION,current28,2026-07-13,2026-08-09,sc-domain:fermatmind.com,web,country,匈牙利,1,53,1.89,11.15,26,1000,NOT_AVAILABLE_IN_UI_EXPORT,Single-dimension GSC UI export; rows cannot be joined across dimensions; top-row and UI cap limitations apply.
VERIFIED_GSC_UI_SINGLE_DIMENSION,current28,2026-07-13,2026-08-09,sc-domain:fermatmind.com,web,country,瑞士,1,51,1.96,10.55,27,1000,NOT_AVAILABLE_IN_UI_EXPORT,Single-dimension GSC UI export; rows cannot be joined across dimensions; top-row and UI cap limitations apply.
VERIFIED_GSC_UI_SINGLE_DIMENSION,current28,2026-07-13,2026-08-09,sc-domain:fermatmind.com,web,country,奥地利,1,49,2.04,8.27,28,1000,NOT_AVAILABLE_IN_UI_EXPORT,Single-dimension GSC UI export; rows cannot be joined across dimensions; top-row and UI cap limitations apply.
VERIFIED_GSC_UI_SINGLE_DIMENSION,current28,2026-07-13,2026-08-09,sc-domain:fermatmind.com,web,country,柬埔寨,1,46,2.17,7.46,29,1000,NOT_AVAILABLE_IN_UI_EXPORT,Single-dimension GSC UI export; rows cannot be joined across dimensions; top-row and UI cap limitations apply.
VERIFIED_GSC_UI_SINGLE_DIMENSION,current28,2026-07-13,2026-08-09,sc-domain:fermatmind.com,web,country,以色列,1,43,2.33,8.35,30,1000,NOT_AVAILABLE_IN_UI_EXPORT,Single-dimension GSC UI export; rows cannot be joined across dimensions; top-row and UI cap limitations apply.
VERIFIED_GSC_UI_SINGLE_DIMENSION,current28,2026-07-13,2026-08-09,sc-domain:fermatmind.com,web,country,白俄罗斯,1,23,4.35,8.17,31,1000,NOT_AVAILABLE_IN_UI_EXPORT,Single-dimension GSC UI export; rows cannot be joined across dimensions; top-row and UI cap limitations apply.
VERIFIED_GSC_UI_SINGLE_DIMENSION,current28,2026-07-13,2026-08-09,sc-domain:fermatmind.com,web,country,亚美尼亚,1,15,6.67,7.8,32,1000,NOT_AVAILABLE_IN_UI_EXPORT,Single-dimension GSC UI export; rows cannot be joined across dimensions; top-row and UI cap limitations apply.
VERIFIED_GSC_UI_SINGLE_DIMENSION,current28,2026-07-13,2026-08-09,sc-domain:fermatmind.com,web,country,乌干达,1,13,7.69,6.54,33,1000,NOT_AVAILABLE_IN_UI_EXPORT,Single-dimension GSC UI export; rows cannot be joined across dimensions; top-row and UI cap limitations apply.
VERIFIED_GSC_UI_SINGLE_DIMENSION,current28,2026-07-13,2026-08-09,sc-domain:fermatmind.com,web,country,科索沃,1,6,16.67,7.5,34,1000,NOT_AVAILABLE_IN_UI_EXPORT,Single-dimension GSC UI export; rows cannot be joined across dimensions; top-row and UI cap limitations apply.
VERIFIED_GSC_UI_SINGLE_DIMENSION,current28,2026-07-13,2026-08-09,sc-domain:fermatmind.com,web,country,阿拉伯联合酋长国,0,232,0.0,8.12,35,1000,NOT_AVAILABLE_IN_UI_EXPORT,Single-dimension GSC UI export; rows cannot be joined across dimensions; top-row and UI cap limitations apply.
VERIFIED_GSC_UI_SINGLE_DIMENSION,current28,2026-07-13,2026-08-09,sc-domain:fermatmind.com,web,country,西班牙,0,214,0.0,13.62,36,1000,NOT_AVAILABLE_IN_UI_EXPORT,Single-dimension GSC UI export; rows cannot be joined across dimensions; top-row and UI cap limitations apply.
VERIFIED_GSC_UI_SINGLE_DIMENSION,current28,2026-07-13,2026-08-09,sc-domain:fermatmind.com,web,country,土耳其,0,209,0.0,13.83,37,1000,NOT_AVAILABLE_IN_UI_EXPORT,Single-dimension GSC UI export; rows cannot be joined across dimensions; top-row and UI cap limitations apply.
VERIFIED_GSC_UI_SINGLE_DIMENSION,current28,2026-07-13,2026-08-09,sc-domain:fermatmind.com,web,country,俄罗斯,0,205,0.0,13.92,38,1000,NOT_AVAILABLE_IN_UI_EXPORT,Single-dimension GSC UI export; rows cannot be joined across dimensions; top-row and UI cap limitations apply.
VERIFIED_GSC_UI_SINGLE_DIMENSION,current28,2026-07-13,2026-08-09,sc-domain:fermatmind.com,web,country,法国,0,190,0.0,13.01,39,1000,NOT_AVAILABLE_IN_UI_EXPORT,Single-dimension GSC UI export; rows cannot be joined across dimensions; top-row and UI cap limitations apply.
VERIFIED_GSC_UI_SINGLE_DIMENSION,current28,2026-07-13,2026-08-09,sc-domain:fermatmind.com,web,country,孟加拉,0,190,0.0,15.9,40,1000,NOT_AVAILABLE_IN_UI_EXPORT,Single-dimension GSC UI export; rows cannot be joined across dimensions; top-row and UI cap limitations apply.
VERIFIED_GSC_UI_SINGLE_DIMENSION,current28,2026-07-13,2026-08-09,sc-domain:fermatmind.com,web,country,韩国,0,177,0.0,7.98,41,1000,NOT_AVAILABLE_IN_UI_EXPORT,Single-dimension GSC UI export; rows cannot be joined across dimensions; top-row and UI cap limitations apply.
VERIFIED_GSC_UI_SINGLE_DIMENSION,current28,2026-07-13,2026-08-09,sc-domain:fermatmind.com,web,country,沙特阿拉伯,0,162,0.0,12.23,42,1000,NOT_AVAILABLE_IN_UI_EXPORT,Single-dimension GSC UI export; rows cannot be joined across dimensions; top-row and UI cap limitations apply.
VERIFIED_GSC_UI_SINGLE_DIMENSION,current28,2026-07-13,2026-08-09,sc-domain:fermatmind.com,web,country,南非,0,158,0.0,9.87,43,1000,NOT_AVAILABLE_IN_UI_EXPORT,Single-dimension GSC UI export; rows cannot be joined across dimensions; top-row and UI cap limitations apply.
VERIFIED_GSC_UI_SINGLE_DIMENSION,current28,2026-07-13,2026-08-09,sc-domain:fermatmind.com,web,country,伊拉克,0,149,0.0,8.97,44,1000,NOT_AVAILABLE_IN_UI_EXPORT,Single-dimension GSC UI export; rows cannot be joined across dimensions; top-row and UI cap limitations apply.
VERIFIED_GSC_UI_SINGLE_DIMENSION,current28,2026-07-13,2026-08-09,sc-domain:fermatmind.com,web,country,阿根廷,0,144,0.0,9.67,45,1000,NOT_AVAILABLE_IN_UI_EXPORT,Single-dimension GSC UI export; rows cannot be joined across dimensions; top-row and UI cap limitations apply.
VERIFIED_GSC_UI_SINGLE_DIMENSION,current28,2026-07-13,2026-08-09,sc-domain:fermatmind.com,web,country,乌克兰,0,134,0.0,13.87,46,1000,NOT_AVAILABLE_IN_UI_EXPORT,Single-dimension GSC UI export; rows cannot be joined across dimensions; top-row and UI cap limitations apply.
VERIFIED_GSC_UI_SINGLE_DIMENSION,current28,2026-07-13,2026-08-09,sc-domain:fermatmind.com,web,country,摩洛哥,0,130,0.0,14.57,47,1000,NOT_AVAILABLE_IN_UI_EXPORT,Single-dimension GSC UI export; rows cannot be joined across dimensions; top-row and UI cap limitations apply.
VERIFIED_GSC_UI_SINGLE_DIMENSION,current28,2026-07-13,2026-08-09,sc-domain:fermatmind.com,web,country,芬兰,0,102,0.0,9.48,48,1000,NOT_AVAILABLE_IN_UI_EXPORT,Single-dimension GSC UI export; rows cannot be joined across dimensions; top-row and UI cap limitations apply.
VERIFIED_GSC_UI_SINGLE_DIMENSION,current28,2026-07-13,2026-08-09,sc-domain:fermatmind.com,web,country,缅甸,0,96,0.0,6.85,49,1000,NOT_AVAILABLE_IN_UI_EXPORT,Single-dimension GSC UI export; rows cannot be joined across dimensions; top-row and UI cap limitations apply.
VERIFIED_GSC_UI_SINGLE_DIMENSION,current28,2026-07-13,2026-08-09,sc-domain:fermatmind.com,web,country,波兰,0,94,0.0,9.68,50,1000,NOT_AVAILABLE_IN_UI_EXPORT,Single-dimension GSC UI export; rows cannot be joined across dimensions; top-row and UI cap limitations apply.
VERIFIED_GSC_UI_SINGLE_DIMENSION,current28,2026-07-13,2026-08-09,sc-domain:fermatmind.com,web,country,瑞典,0,91,0.0,10.14,51,1000,NOT_AVAILABLE_IN_UI_EXPORT,Single-dimension GSC UI export; rows cannot be joined across dimensions; top-row and UI cap limitations apply.
VERIFIED_GSC_UI_SINGLE_DIMENSION,current28,2026-07-13,2026-08-09,sc-domain:fermatmind.com,web,country,挪威,0,81,0.0,10.44,52,1000,NOT_AVAILABLE_IN_UI_EXPORT,Single-dimension GSC UI export; rows cannot be joined across dimensions; top-row and UI cap limitations apply.
VERIFIED_GSC_UI_SINGLE_DIMENSION,current28,2026-07-13,2026-08-09,sc-domain:fermatmind.com,web,country,埃及,0,79,0.0,10.43,53,1000,NOT_AVAILABLE_IN_UI_EXPORT,Single-dimension GSC UI export; rows cannot be joined across dimensions; top-row and UI cap limitations apply.
VERIFIED_GSC_UI_SINGLE_DIMENSION,current28,2026-07-13,2026-08-09,sc-domain:fermatmind.com,web,country,约旦,0,75,0.0,12.6,54,1000,NOT_AVAILABLE_IN_UI_EXPORT,Single-dimension GSC UI export; rows cannot be joined across dimensions; top-row and UI cap limitations apply.
VERIFIED_GSC_UI_SINGLE_DIMENSION,current28,2026-07-13,2026-08-09,sc-domain:fermatmind.com,web,country,哥伦比亚,0,74,0.0,8.35,55,1000,NOT_AVAILABLE_IN_UI_EXPORT,Single-dimension GSC UI export; rows cannot be joined across dimensions; top-row and UI cap limitations apply.
VERIFIED_GSC_UI_SINGLE_DIMENSION,current28,2026-07-13,2026-08-09,sc-domain:fermatmind.com,web,country,智利,0,64,0.0,9.53,56,1000,NOT_AVAILABLE_IN_UI_EXPORT,Single-dimension GSC UI export; rows cannot be joined across dimensions; top-row and UI cap limitations apply.
VERIFIED_GSC_UI_SINGLE_DIMENSION,current28,2026-07-13,2026-08-09,sc-domain:fermatmind.com,web,country,比利时,0,63,0.0,11.27,57,1000,NOT_AVAILABLE_IN_UI_EXPORT,Single-dimension GSC UI export; rows cannot be joined across dimensions; top-row and UI cap limitations apply.
VERIFIED_GSC_UI_SINGLE_DIMENSION,current28,2026-07-13,2026-08-09,sc-domain:fermatmind.com,web,country,丹麦,0,63,0.0,24.76,58,1000,NOT_AVAILABLE_IN_UI_EXPORT,Single-dimension GSC UI export; rows cannot be joined across dimensions; top-row and UI cap limitations apply.
VERIFIED_GSC_UI_SINGLE_DIMENSION,current28,2026-07-13,2026-08-09,sc-domain:fermatmind.com,web,country,委内瑞拉,0,61,0.0,9.36,59,1000,NOT_AVAILABLE_IN_UI_EXPORT,Single-dimension GSC UI export; rows cannot be joined across dimensions; top-row and UI cap limitations apply.
VERIFIED_GSC_UI_SINGLE_DIMENSION,current28,2026-07-13,2026-08-09,sc-domain:fermatmind.com,web,country,阿尔及利亚,0,59,0.0,16.12,60,1000,NOT_AVAILABLE_IN_UI_EXPORT,Single-dimension GSC UI export; rows cannot be joined across dimensions; top-row and UI cap limitations apply.
VERIFIED_GSC_UI_SINGLE_DIMENSION,current28,2026-07-13,2026-08-09,sc-domain:fermatmind.com,web,country,肯尼亚,0,58,0.0,8.93,61,1000,NOT_AVAILABLE_IN_UI_EXPORT,Single-dimension GSC UI export; rows cannot be joined across dimensions; top-row and UI cap limitations apply.
VERIFIED_GSC_UI_SINGLE_DIMENSION,current28,2026-07-13,2026-08-09,sc-domain:fermatmind.com,web,country,罗马尼亚,0,55,0.0,8.22,62,1000,NOT_AVAILABLE_IN_UI_EXPORT,Single-dimension GSC UI export; rows cannot be joined across dimensions; top-row and UI cap limitations apply.
VERIFIED_GSC_UI_SINGLE_DIMENSION,current28,2026-07-13,2026-08-09,sc-domain:fermatmind.com,web,country,哈萨克斯坦,0,55,0.0,9.31,63,1000,NOT_AVAILABLE_IN_UI_EXPORT,Single-dimension GSC UI export; rows cannot be joined across dimensions; top-row and UI cap limitations apply.
VERIFIED_GSC_UI_SINGLE_DIMENSION,current28,2026-07-13,2026-08-09,sc-domain:fermatmind.com,web,country,希腊,0,52,0.0,15.92,64,1000,NOT_AVAILABLE_IN_UI_EXPORT,Single-dimension GSC UI export; rows cannot be joined across dimensions; top-row and UI cap limitations apply.
VERIFIED_GSC_UI_SINGLE_DIMENSION,current28,2026-07-13,2026-08-09,sc-domain:fermatmind.com,web,country,伊朗,0,48,0.0,7.25,65,1000,NOT_AVAILABLE_IN_UI_EXPORT,Single-dimension GSC UI export; rows cannot be joined across dimensions; top-row and UI cap limitations apply.
VERIFIED_GSC_UI_SINGLE_DIMENSION,current28,2026-07-13,2026-08-09,sc-domain:fermatmind.com,web,country,乌兹别克斯坦,0,41,0.0,6.51,66,1000,NOT_AVAILABLE_IN_UI_EXPORT,Single-dimension GSC UI export; rows cannot be joined across dimensions; top-row and UI cap limitations apply.
VERIFIED_GSC_UI_SINGLE_DIMENSION,current28,2026-07-13,2026-08-09,sc-domain:fermatmind.com,web,country,厄瓜多尔,0,41,0.0,11.63,67,1000,NOT_AVAILABLE_IN_UI_EXPORT,Single-dimension GSC UI export; rows cannot be joined across dimensions; top-row and UI cap limitations apply.
VERIFIED_GSC_UI_SINGLE_DIMENSION,current28,2026-07-13,2026-08-09,sc-domain:fermatmind.com,web,country,捷克,0,40,0.0,12.0,68,1000,NOT_AVAILABLE_IN_UI_EXPORT,Single-dimension GSC UI export; rows cannot be joined across dimensions; top-row and UI cap limitations apply.
VERIFIED_GSC_UI_SINGLE_DIMENSION,current28,2026-07-13,2026-08-09,sc-domain:fermatmind.com,web,country,尼日利亚,0,38,0.0,8.0,69,1000,NOT_AVAILABLE_IN_UI_EXPORT,Single-dimension GSC UI export; rows cannot be joined across dimensions; top-row and UI cap limitations apply.
VERIFIED_GSC_UI_SINGLE_DIMENSION,current28,2026-07-13,2026-08-09,sc-domain:fermatmind.com,web,country,叙利亚,0,37,0.0,6.54,70,1000,NOT_AVAILABLE_IN_UI_EXPORT,Single-dimension GSC UI export; rows cannot be joined across dimensions; top-row and UI cap limitations apply.
VERIFIED_GSC_UI_SINGLE_DIMENSION,current28,2026-07-13,2026-08-09,sc-domain:fermatmind.com,web,country,秘鲁,0,37,0.0,10.11,71,1000,NOT_AVAILABLE_IN_UI_EXPORT,Single-dimension GSC UI export; rows cannot be joined across dimensions; top-row and UI cap limitations apply.
VERIFIED_GSC_UI_SINGLE_DIMENSION,current28,2026-07-13,2026-08-09,sc-domain:fermatmind.com,web,country,塞尔维亚,0,36,0.0,8.36,72,1000,NOT_AVAILABLE_IN_UI_EXPORT,Single-dimension GSC UI export; rows cannot be joined across dimensions; top-row and UI cap limitations apply.
VERIFIED_GSC_UI_SINGLE_DIMENSION,current28,2026-07-13,2026-08-09,sc-domain:fermatmind.com,web,country,尼泊尔,0,30,0.0,9.2,73,1000,NOT_AVAILABLE_IN_UI_EXPORT,Single-dimension GSC UI export; rows cannot be joined across dimensions; top-row and UI cap limitations apply.
VERIFIED_GSC_UI_SINGLE_DIMENSION,current28,2026-07-13,2026-08-09,sc-domain:fermatmind.com,web,country,老挝,0,27,0.0,6.59,74,1000,NOT_AVAILABLE_IN_UI_EXPORT,Single-dimension GSC UI export; rows cannot be joined across dimensions; top-row and UI cap limitations apply.
VERIFIED_GSC_UI_SINGLE_DIMENSION,current28,2026-07-13,2026-08-09,sc-domain:fermatmind.com,web,country,斯洛伐克,0,27,0.0,8.41,75,1000,NOT_AVAILABLE_IN_UI_EXPORT,Single-dimension GSC UI export; rows cannot be joined across dimensions; top-row and UI cap limitations apply.
VERIFIED_GSC_UI_SINGLE_DIMENSION,current28,2026-07-13,2026-08-09,sc-domain:fermatmind.com,web,country,乌拉圭,0,27,0.0,9.85,76,1000,NOT_AVAILABLE_IN_UI_EXPORT,Single-dimension GSC UI export; rows cannot be joined across dimensions; top-row and UI cap limitations apply.
VERIFIED_GSC_UI_SINGLE_DIMENSION,current28,2026-07-13,2026-08-09,sc-domain:fermatmind.com,web,country,黎巴嫩,0,24,0.0,8.12,77,1000,NOT_AVAILABLE_IN_UI_EXPORT,Single-dimension GSC UI export; rows cannot be joined across dimensions; top-row and UI cap limitations apply.
VERIFIED_GSC_UI_SINGLE_DIMENSION,current28,2026-07-13,2026-08-09,sc-domain:fermatmind.com,web,country,埃塞俄比亚,0,24,0.0,9.58,78,1000,NOT_AVAILABLE_IN_UI_EXPORT,Single-dimension GSC UI export; rows cannot be joined across dimensions; top-row and UI cap limitations apply.
VERIFIED_GSC_UI_SINGLE_DIMENSION,current28,2026-07-13,2026-08-09,sc-domain:fermatmind.com,web,country,阿塞拜疆,0,24,0.0,11.88,79,1000,NOT_AVAILABLE_IN_UI_EXPORT,Single-dimension GSC UI export; rows cannot be joined across dimensions; top-row and UI cap limitations apply.
VERIFIED_GSC_UI_SINGLE_DIMENSION,current28,2026-07-13,2026-08-09,sc-domain:fermatmind.com,web,country,克罗地亚,0,24,0.0,12.12,80,1000,NOT_AVAILABLE_IN_UI_EXPORT,Single-dimension GSC UI export; rows cannot be joined across dimensions; top-row and UI cap limitations apply.
VERIFIED_GSC_UI_SINGLE_DIMENSION,current28,2026-07-13,2026-08-09,sc-domain:fermatmind.com,web,country,阿曼,0,22,0.0,10.36,81,1000,NOT_AVAILABLE_IN_UI_EXPORT,Single-dimension GSC UI export; rows cannot be joined across dimensions; top-row and UI cap limitations apply.
VERIFIED_GSC_UI_SINGLE_DIMENSION,current28,2026-07-13,2026-08-09,sc-domain:fermatmind.com,web,country,多米尼加共和国,0,21,0.0,7.67,82,1000,NOT_AVAILABLE_IN_UI_EXPORT,Single-dimension GSC UI export; rows cannot be joined across dimensions; top-row and UI cap limitations apply.
VERIFIED_GSC_UI_SINGLE_DIMENSION,current28,2026-07-13,2026-08-09,sc-domain:fermatmind.com,web,country,突尼斯,0,21,0.0,8.33,83,1000,NOT_AVAILABLE_IN_UI_EXPORT,Single-dimension GSC UI export; rows cannot be joined across dimensions; top-row and UI cap limitations apply.
VERIFIED_GSC_UI_SINGLE_DIMENSION,current28,2026-07-13,2026-08-09,sc-domain:fermatmind.com,web,country,巴拉圭,0,21,0.0,8.62,84,1000,NOT_AVAILABLE_IN_UI_EXPORT,Single-dimension GSC UI export; rows cannot be joined across dimensions; top-row and UI cap limitations apply.
VERIFIED_GSC_UI_SINGLE_DIMENSION,current28,2026-07-13,2026-08-09,sc-domain:fermatmind.com,web,country,格鲁吉亚,0,20,0.0,6.5,85,1000,NOT_AVAILABLE_IN_UI_EXPORT,Single-dimension GSC UI export; rows cannot be joined across dimensions; top-row and UI cap limitations apply.
VERIFIED_GSC_UI_SINGLE_DIMENSION,current28,2026-07-13,2026-08-09,sc-domain:fermatmind.com,web,country,阿尔巴尼亚,0,20,0.0,8.25,86,1000,NOT_AVAILABLE_IN_UI_EXPORT,Single-dimension GSC UI export; rows cannot be joined across dimensions; top-row and UI cap limitations apply.
VERIFIED_GSC_UI_SINGLE_DIMENSION,current28,2026-07-13,2026-08-09,sc-domain:fermatmind.com,web,country,坦桑尼亚,0,20,0.0,8.25,87,1000,NOT_AVAILABLE_IN_UI_EXPORT,Single-dimension GSC UI export; rows cannot be joined across dimensions; top-row and UI cap limitations apply.
VERIFIED_GSC_UI_SINGLE_DIMENSION,current28,2026-07-13,2026-08-09,sc-domain:fermatmind.com,web,country,保加利亚,0,20,0.0,8.75,88,1000,NOT_AVAILABLE_IN_UI_EXPORT,Single-dimension GSC UI export; rows cannot be joined across dimensions; top-row and UI cap limitations apply.
VERIFIED_GSC_UI_SINGLE_DIMENSION,current28,2026-07-13,2026-08-09,sc-domain:fermatmind.com,web,country,立陶宛,0,19,0.0,7.37,89,1000,NOT_AVAILABLE_IN_UI_EXPORT,Single-dimension GSC UI export; rows cannot be joined across dimensions; top-row and UI cap limitations apply.
VERIFIED_GSC_UI_SINGLE_DIMENSION,current28,2026-07-13,2026-08-09,sc-domain:fermatmind.com,web,country,卡塔尔,0,19,0.0,7.95,90,1000,NOT_AVAILABLE_IN_UI_EXPORT,Single-dimension GSC UI export; rows cannot be joined across dimensions; top-row and UI cap limitations apply.
VERIFIED_GSC_UI_SINGLE_DIMENSION,current28,2026-07-13,2026-08-09,sc-domain:fermatmind.com,web,country,文莱,0,18,0.0,9.44,91,1000,NOT_AVAILABLE_IN_UI_EXPORT,Single-dimension GSC UI export; rows cannot be joined across dimensions; top-row and UI cap limitations apply.
VERIFIED_GSC_UI_SINGLE_DIMENSION,current28,2026-07-13,2026-08-09,sc-domain:fermatmind.com,web,country,牙买加,0,18,0.0,10.0,92,1000,NOT_AVAILABLE_IN_UI_EXPORT,Single-dimension GSC UI export; rows cannot be joined across dimensions; top-row and UI cap limitations apply.
VERIFIED_GSC_UI_SINGLE_DIMENSION,current28,2026-07-13,2026-08-09,sc-domain:fermatmind.com,web,country,吉尔吉斯斯坦,0,16,0.0,8.56,93,1000,NOT_AVAILABLE_IN_UI_EXPORT,Single-dimension GSC UI export; rows cannot be joined across dimensions; top-row and UI cap limitations apply.
VERIFIED_GSC_UI_SINGLE_DIMENSION,current28,2026-07-13,2026-08-09,sc-domain:fermatmind.com,web,country,哥斯达黎加,0,15,0.0,7.73,94,1000,NOT_AVAILABLE_IN_UI_EXPORT,Single-dimension GSC UI export; rows cannot be joined across dimensions; top-row and UI cap limitations apply.
VERIFIED_GSC_UI_SINGLE_DIMENSION,current28,2026-07-13,2026-08-09,sc-domain:fermatmind.com,web,country,斯里兰卡,0,15,0.0,8.0,95,1000,NOT_AVAILABLE_IN_UI_EXPORT,Single-dimension GSC UI export; rows cannot be joined across dimensions; top-row and UI cap limitations apply.
VERIFIED_GSC_UI_SINGLE_DIMENSION,current28,2026-07-13,2026-08-09,sc-domain:fermatmind.com,web,country,玻利维亚,0,14,0.0,12.07,96,1000,NOT_AVAILABLE_IN_UI_EXPORT,Single-dimension GSC UI export; rows cannot be joined across dimensions; top-row and UI cap limitations apply.
VERIFIED_GSC_UI_SINGLE_DIMENSION,current28,2026-07-13,2026-08-09,sc-domain:fermatmind.com,web,country,科威特,0,13,0.0,7.23,97,1000,NOT_AVAILABLE_IN_UI_EXPORT,Single-dimension GSC UI export; rows cannot be joined across dimensions; top-row and UI cap limitations apply.
VERIFIED_GSC_UI_SINGLE_DIMENSION,current28,2026-07-13,2026-08-09,sc-domain:fermatmind.com,web,country,巴勒斯坦,0,13,0.0,7.85,98,1000,NOT_AVAILABLE_IN_UI_EXPORT,Single-dimension GSC UI export; rows cannot be joined across dimensions; top-row and UI cap limitations apply.
VERIFIED_GSC_UI_SINGLE_DIMENSION,current28,2026-07-13,2026-08-09,sc-domain:fermatmind.com,web,country,波斯尼亚和黑塞哥维那,0,13,0.0,8.92,99,1000,NOT_AVAILABLE_IN_UI_EXPORT,Single-dimension GSC UI export; rows cannot be joined across dimensions; top-row and UI cap limitations apply.
VERIFIED_GSC_UI_SINGLE_DIMENSION,current28,2026-07-13,2026-08-09,sc-domain:fermatmind.com,web,country,洪都拉斯,0,12,0.0,7.25,100,1000,NOT_AVAILABLE_IN_UI_EXPORT,Single-dimension GSC UI export; rows cannot be joined across dimensions; top-row and UI cap limitations apply.
VERIFIED_GSC_UI_SINGLE_DIMENSION,current28,2026-07-13,2026-08-09,sc-domain:fermatmind.com,web,country,关岛,0,12,0.0,7.42,101,1000,NOT_AVAILABLE_IN_UI_EXPORT,Single-dimension GSC UI export; rows cannot be joined across dimensions; top-row and UI cap limitations apply.
VERIFIED_GSC_UI_SINGLE_DIMENSION,current28,2026-07-13,2026-08-09,sc-domain:fermatmind.com,web,country,拉脱维亚,0,12,0.0,9.92,102,1000,NOT_AVAILABLE_IN_UI_EXPORT,Single-dimension GSC UI export; rows cannot be joined across dimensions; top-row and UI cap limitations apply.
VERIFIED_GSC_UI_SINGLE_DIMENSION,current28,2026-07-13,2026-08-09,sc-domain:fermatmind.com,web,country,塞内加尔,0,12,0.0,11.25,103,1000,NOT_AVAILABLE_IN_UI_EXPORT,Single-dimension GSC UI export; rows cannot be joined across dimensions; top-row and UI cap limitations apply.
VERIFIED_GSC_UI_SINGLE_DIMENSION,current28,2026-07-13,2026-08-09,sc-domain:fermatmind.com,web,country,巴林,0,12,0.0,11.92,104,1000,NOT_AVAILABLE_IN_UI_EXPORT,Single-dimension GSC UI export; rows cannot be joined across dimensions; top-row and UI cap limitations apply.
VERIFIED_GSC_UI_SINGLE_DIMENSION,current28,2026-07-13,2026-08-09,sc-domain:fermatmind.com,web,country,爱沙尼亚,0,12,0.0,11.92,105,1000,NOT_AVAILABLE_IN_UI_EXPORT,Single-dimension GSC UI export; rows cannot be joined across dimensions; top-row and UI cap limitations apply.
VERIFIED_GSC_UI_SINGLE_DIMENSION,current28,2026-07-13,2026-08-09,sc-domain:fermatmind.com,web,country,蒙古,0,12,0.0,13.08,106,1000,NOT_AVAILABLE_IN_UI_EXPORT,Single-dimension GSC UI export; rows cannot be joined across dimensions; top-row and UI cap limitations apply.
VERIFIED_GSC_UI_SINGLE_DIMENSION,current28,2026-07-13,2026-08-09,sc-domain:fermatmind.com,web,country,危地马拉,0,11,0.0,7.09,107,1000,NOT_AVAILABLE_IN_UI_EXPORT,Single-dimension GSC UI export; rows cannot be joined across dimensions; top-row and UI cap limitations apply.
VERIFIED_GSC_UI_SINGLE_DIMENSION,current28,2026-07-13,2026-08-09,sc-domain:fermatmind.com,web,country,加纳,0,11,0.0,8.82,108,1000,NOT_AVAILABLE_IN_UI_EXPORT,Single-dimension GSC UI export; rows cannot be joined across dimensions; top-row and UI cap limitations apply.
VERIFIED_GSC_UI_SINGLE_DIMENSION,current28,2026-07-13,2026-08-09,sc-domain:fermatmind.com,web,country,巴拿马,0,11,0.0,8.91,109,1000,NOT_AVAILABLE_IN_UI_EXPORT,Single-dimension GSC UI export; rows cannot be joined across dimensions; top-row and UI cap limitations apply.
VERIFIED_GSC_UI_SINGLE_DIMENSION,current28,2026-07-13,2026-08-09,sc-domain:fermatmind.com,web,country,刚果 - 布拉柴维尔,0,10,0.0,11.1,110,1000,NOT_AVAILABLE_IN_UI_EXPORT,Single-dimension GSC UI export; rows cannot be joined across dimensions; top-row and UI cap limitations apply.
VERIFIED_GSC_UI_SINGLE_DIMENSION,current28,2026-07-13,2026-08-09,sc-domain:fermatmind.com,web,country,卢森堡,0,9,0.0,6.33,111,1000,NOT_AVAILABLE_IN_UI_EXPORT,Single-dimension GSC UI export; rows cannot be joined across dimensions; top-row and UI cap limitations apply.
VERIFIED_GSC_UI_SINGLE_DIMENSION,current28,2026-07-13,2026-08-09,sc-domain:fermatmind.com,web,country,安哥拉,0,9,0.0,6.56,112,1000,NOT_AVAILABLE_IN_UI_EXPORT,Single-dimension GSC UI export; rows cannot be joined across dimensions; top-row and UI cap limitations apply.
VERIFIED_GSC_UI_SINGLE_DIMENSION,current28,2026-07-13,2026-08-09,sc-domain:fermatmind.com,web,country,特立尼达和多巴哥,0,9,0.0,6.67,113,1000,NOT_AVAILABLE_IN_UI_EXPORT,Single-dimension GSC UI export; rows cannot be joined across dimensions; top-row and UI cap limitations apply.
VERIFIED_GSC_UI_SINGLE_DIMENSION,current28,2026-07-13,2026-08-09,sc-domain:fermatmind.com,web,country,波多黎各,0,9,0.0,11.33,114,1000,NOT_AVAILABLE_IN_UI_EXPORT,Single-dimension GSC UI export; rows cannot be joined across dimensions; top-row and UI cap limitations apply.
VERIFIED_GSC_UI_SINGLE_DIMENSION,current28,2026-07-13,2026-08-09,sc-domain:fermatmind.com,web,country,苏丹,0,8,0.0,8.38,115,1000,NOT_AVAILABLE_IN_UI_EXPORT,Single-dimension GSC UI export; rows cannot be joined across dimensions; top-row and UI cap limitations apply.
VERIFIED_GSC_UI_SINGLE_DIMENSION,current28,2026-07-13,2026-08-09,sc-domain:fermatmind.com,web,country,马其顿,0,8,0.0,8.75,116,1000,NOT_AVAILABLE_IN_UI_EXPORT,Single-dimension GSC UI export; rows cannot be joined across dimensions; top-row and UI cap limitations apply.
VERIFIED_GSC_UI_SINGLE_DIMENSION,current28,2026-07-13,2026-08-09,sc-domain:fermatmind.com,web,country,科特迪瓦,0,8,0.0,9.38,117,1000,NOT_AVAILABLE_IN_UI_EXPORT,Single-dimension GSC UI export; rows cannot be joined across dimensions; top-row and UI cap limitations apply.
VERIFIED_GSC_UI_SINGLE_DIMENSION,current28,2026-07-13,2026-08-09,sc-domain:fermatmind.com,web,country,冰岛,0,7,0.0,8.29,118,1000,NOT_AVAILABLE_IN_UI_EXPORT,Single-dimension GSC UI export; rows cannot be joined across dimensions; top-row and UI cap limitations apply.
VERIFIED_GSC_UI_SINGLE_DIMENSION,current28,2026-07-13,2026-08-09,sc-domain:fermatmind.com,web,country,赞比亚,0,7,0.0,8.86,119,1000,NOT_AVAILABLE_IN_UI_EXPORT,Single-dimension GSC UI export; rows cannot be joined across dimensions; top-row and UI cap limitations apply.
VERIFIED_GSC_UI_SINGLE_DIMENSION,current28,2026-07-13,2026-08-09,sc-domain:fermatmind.com,web,country,也门,0,7,0.0,9.43,120,1000,NOT_AVAILABLE_IN_UI_EXPORT,Single-dimension GSC UI export; rows cannot be joined across dimensions; top-row and UI cap limitations apply.
VERIFIED_GSC_UI_SINGLE_DIMENSION,current28,2026-07-13,2026-08-09,sc-domain:fermatmind.com,web,country,多哥,0,7,0.0,10.43,121,1000,NOT_AVAILABLE_IN_UI_EXPORT,Single-dimension GSC UI export; rows cannot be joined across dimensions; top-row and UI cap limitations apply.
VERIFIED_GSC_UI_SINGLE_DIMENSION,current28,2026-07-13,2026-08-09,sc-domain:fermatmind.com,web,country,布基纳法索,0,7,0.0,12.43,122,1000,NOT_AVAILABLE_IN_UI_EXPORT,Single-dimension GSC UI export; rows cannot be joined across dimensions; top-row and UI cap limitations apply.
VERIFIED_GSC_UI_SINGLE_DIMENSION,current28,2026-07-13,2026-08-09,sc-domain:fermatmind.com,web,country,摩尔多瓦,0,6,0.0,4.83,123,1000,NOT_AVAILABLE_IN_UI_EXPORT,Single-dimension GSC UI export; rows cannot be joined across dimensions; top-row and UI cap limitations apply.
VERIFIED_GSC_UI_SINGLE_DIMENSION,current28,2026-07-13,2026-08-09,sc-domain:fermatmind.com,web,country,圣卢西亚,0,6,0.0,5.5,124,1000,NOT_AVAILABLE_IN_UI_EXPORT,Single-dimension GSC UI export; rows cannot be joined across dimensions; top-row and UI cap limitations apply.
VERIFIED_GSC_UI_SINGLE_DIMENSION,current28,2026-07-13,2026-08-09,sc-domain:fermatmind.com,web,country,萨尔瓦多,0,6,0.0,8.5,125,1000,NOT_AVAILABLE_IN_UI_EXPORT,Single-dimension GSC UI export; rows cannot be joined across dimensions; top-row and UI cap limitations apply.
VERIFIED_GSC_UI_SINGLE_DIMENSION,current28,2026-07-13,2026-08-09,sc-domain:fermatmind.com,web,country,索马里,0,6,0.0,11.0,126,1000,NOT_AVAILABLE_IN_UI_EXPORT,Single-dimension GSC UI export; rows cannot be joined across dimensions; top-row and UI cap limitations apply.
VERIFIED_GSC_UI_SINGLE_DIMENSION,current28,2026-07-13,2026-08-09,sc-domain:fermatmind.com,web,country,斯洛文尼亚,0,6,0.0,11.0,127,1000,NOT_AVAILABLE_IN_UI_EXPORT,Single-dimension GSC UI export; rows cannot be joined across dimensions; top-row and UI cap limitations apply.
VERIFIED_GSC_UI_SINGLE_DIMENSION,current28,2026-07-13,2026-08-09,sc-domain:fermatmind.com,web,country,尼加拉瓜,0,5,0.0,6.4,128,1000,NOT_AVAILABLE_IN_UI_EXPORT,Single-dimension GSC UI export; rows cannot be joined across dimensions; top-row and UI cap limitations apply.
VERIFIED_GSC_UI_SINGLE_DIMENSION,current28,2026-07-13,2026-08-09,sc-domain:fermatmind.com,web,country,马耳他,0,5,0.0,6.6,129,1000,NOT_AVAILABLE_IN_UI_EXPORT,Single-dimension GSC UI export; rows cannot be joined across dimensions; top-row and UI cap limitations apply.
VERIFIED_GSC_UI_SINGLE_DIMENSION,current28,2026-07-13,2026-08-09,sc-domain:fermatmind.com,web,country,毛里求斯,0,5,0.0,8.4,130,1000,NOT_AVAILABLE_IN_UI_EXPORT,Single-dimension GSC UI export; rows cannot be joined across dimensions; top-row and UI cap limitations apply.
VERIFIED_GSC_UI_SINGLE_DIMENSION,current28,2026-07-13,2026-08-09,sc-domain:fermatmind.com,web,country,卢旺达,0,5,0.0,11.4,131,1000,NOT_AVAILABLE_IN_UI_EXPORT,Single-dimension GSC UI export; rows cannot be joined across dimensions; top-row and UI cap limitations apply.
VERIFIED_GSC_UI_SINGLE_DIMENSION,current28,2026-07-13,2026-08-09,sc-domain:fermatmind.com,web,country,利比亚,0,4,0.0,4.25,132,1000,NOT_AVAILABLE_IN_UI_EXPORT,Single-dimension GSC UI export; rows cannot be joined across dimensions; top-row and UI cap limitations apply.
VERIFIED_GSC_UI_SINGLE_DIMENSION,current28,2026-07-13,2026-08-09,sc-domain:fermatmind.com,web,country,纳米比亚,0,4,0.0,5.5,133,1000,NOT_AVAILABLE_IN_UI_EXPORT,Single-dimension GSC UI export; rows cannot be joined across dimensions; top-row and UI cap limitations apply.
VERIFIED_GSC_UI_SINGLE_DIMENSION,current28,2026-07-13,2026-08-09,sc-domain:fermatmind.com,web,country,巴布亚新几内亚,0,4,0.0,7.0,134,1000,NOT_AVAILABLE_IN_UI_EXPORT,Single-dimension GSC UI export; rows cannot be joined across dimensions; top-row and UI cap limitations apply.
VERIFIED_GSC_UI_SINGLE_DIMENSION,current28,2026-07-13,2026-08-09,sc-domain:fermatmind.com,web,country,巴巴多斯,0,4,0.0,9.25,135,1000,NOT_AVAILABLE_IN_UI_EXPORT,Single-dimension GSC UI export; rows cannot be joined across dimensions; top-row and UI cap limitations apply.
VERIFIED_GSC_UI_SINGLE_DIMENSION,current28,2026-07-13,2026-08-09,sc-domain:fermatmind.com,web,country,毛里塔尼亚,0,4,0.0,9.25,136,1000,NOT_AVAILABLE_IN_UI_EXPORT,Single-dimension GSC UI export; rows cannot be joined across dimensions; top-row and UI cap limitations apply.
VERIFIED_GSC_UI_SINGLE_DIMENSION,current28,2026-07-13,2026-08-09,sc-domain:fermatmind.com,web,country,刚果 - 金沙萨,0,4,0.0,11.5,137,1000,NOT_AVAILABLE_IN_UI_EXPORT,Single-dimension GSC UI export; rows cannot be joined across dimensions; top-row and UI cap limitations apply.
VERIFIED_GSC_UI_SINGLE_DIMENSION,current28,2026-07-13,2026-08-09,sc-domain:fermatmind.com,web,country,阿富汗,0,3,0.0,6.0,138,1000,NOT_AVAILABLE_IN_UI_EXPORT,Single-dimension GSC UI export; rows cannot be joined across dimensions; top-row and UI cap limitations apply.
VERIFIED_GSC_UI_SINGLE_DIMENSION,current28,2026-07-13,2026-08-09,sc-domain:fermatmind.com,web,country,贝宁,0,3,0.0,6.0,139,1000,NOT_AVAILABLE_IN_UI_EXPORT,Single-dimension GSC UI export; rows cannot be joined across dimensions; top-row and UI cap limitations apply.
VERIFIED_GSC_UI_SINGLE_DIMENSION,current28,2026-07-13,2026-08-09,sc-domain:fermatmind.com,web,country,马尔代夫,0,3,0.0,6.67,140,1000,NOT_AVAILABLE_IN_UI_EXPORT,Single-dimension GSC UI export; rows cannot be joined across dimensions; top-row and UI cap limitations apply.
VERIFIED_GSC_UI_SINGLE_DIMENSION,current28,2026-07-13,2026-08-09,sc-domain:fermatmind.com,web,country,曼岛,0,3,0.0,7.33,141,1000,NOT_AVAILABLE_IN_UI_EXPORT,Single-dimension GSC UI export; rows cannot be joined across dimensions; top-row and UI cap limitations apply.
VERIFIED_GSC_UI_SINGLE_DIMENSION,current28,2026-07-13,2026-08-09,sc-domain:fermatmind.com,web,country,莫桑比克,0,3,0.0,7.33,142,1000,NOT_AVAILABLE_IN_UI_EXPORT,Single-dimension GSC UI export; rows cannot be joined across dimensions; top-row and UI cap limitations apply.
VERIFIED_GSC_UI_SINGLE_DIMENSION,current28,2026-07-13,2026-08-09,sc-domain:fermatmind.com,web,country,古巴,0,3,0.0,9.67,143,1000,NOT_AVAILABLE_IN_UI_EXPORT,Single-dimension GSC UI export; rows cannot be joined across dimensions; top-row and UI cap limitations apply.
VERIFIED_GSC_UI_SINGLE_DIMENSION,current28,2026-07-13,2026-08-09,sc-domain:fermatmind.com,web,country,博茨瓦纳,0,3,0.0,13.67,144,1000,NOT_AVAILABLE_IN_UI_EXPORT,Single-dimension GSC UI export; rows cannot be joined across dimensions; top-row and UI cap limitations apply.
VERIFIED_GSC_UI_SINGLE_DIMENSION,current28,2026-07-13,2026-08-09,sc-domain:fermatmind.com,web,country,苏里南,0,2,0.0,5.5,145,1000,NOT_AVAILABLE_IN_UI_EXPORT,Single-dimension GSC UI export; rows cannot be joined across dimensions; top-row and UI cap limitations apply.
VERIFIED_GSC_UI_SINGLE_DIMENSION,current28,2026-07-13,2026-08-09,sc-domain:fermatmind.com,web,country,海地,0,2,0.0,6.0,146,1000,NOT_AVAILABLE_IN_UI_EXPORT,Single-dimension GSC UI export; rows cannot be joined across dimensions; top-row and UI cap limitations apply.
VERIFIED_GSC_UI_SINGLE_DIMENSION,current28,2026-07-13,2026-08-09,sc-domain:fermatmind.com,web,country,马里,0,2,0.0,6.0,147,1000,NOT_AVAILABLE_IN_UI_EXPORT,Single-dimension GSC UI export; rows cannot be joined across dimensions; top-row and UI cap limitations apply.
VERIFIED_GSC_UI_SINGLE_DIMENSION,current28,2026-07-13,2026-08-09,sc-domain:fermatmind.com,web,country,马达加斯加,0,2,0.0,6.5,148,1000,NOT_AVAILABLE_IN_UI_EXPORT,Single-dimension GSC UI export; rows cannot be joined across dimensions; top-row and UI cap limitations apply.
VERIFIED_GSC_UI_SINGLE_DIMENSION,current28,2026-07-13,2026-08-09,sc-domain:fermatmind.com,web,country,圭亚那,0,2,0.0,7.5,149,1000,NOT_AVAILABLE_IN_UI_EXPORT,Single-dimension GSC UI export; rows cannot be joined across dimensions; top-row and UI cap limitations apply.
VERIFIED_GSC_UI_SINGLE_DIMENSION,current28,2026-07-13,2026-08-09,sc-domain:fermatmind.com,web,country,几内亚,0,2,0.0,8.0,150,1000,NOT_AVAILABLE_IN_UI_EXPORT,Single-dimension GSC UI export; rows cannot be joined across dimensions; top-row and UI cap limitations apply.
VERIFIED_GSC_UI_SINGLE_DIMENSION,current28,2026-07-13,2026-08-09,sc-domain:fermatmind.com,web,country,加蓬,0,2,0.0,8.5,151,1000,NOT_AVAILABLE_IN_UI_EXPORT,Single-dimension GSC UI export; rows cannot be joined across dimensions; top-row and UI cap limitations apply.
VERIFIED_GSC_UI_SINGLE_DIMENSION,current28,2026-07-13,2026-08-09,sc-domain:fermatmind.com,web,country,斐济,0,2,0.0,9.0,152,1000,NOT_AVAILABLE_IN_UI_EXPORT,Single-dimension GSC UI export; rows cannot be joined across dimensions; top-row and UI cap limitations apply.
VERIFIED_GSC_UI_SINGLE_DIMENSION,current28,2026-07-13,2026-08-09,sc-domain:fermatmind.com,web,country,喀麦隆,0,2,0.0,10.0,153,1000,NOT_AVAILABLE_IN_UI_EXPORT,Single-dimension GSC UI export; rows cannot be joined across dimensions; top-row and UI cap limitations apply.
VERIFIED_GSC_UI_SINGLE_DIMENSION,current28,2026-07-13,2026-08-09,sc-domain:fermatmind.com,web,country,马拉维,0,2,0.0,12.0,154,1000,NOT_AVAILABLE_IN_UI_EXPORT,Single-dimension GSC UI export; rows cannot be joined across dimensions; top-row and UI cap limitations apply.
VERIFIED_GSC_UI_SINGLE_DIMENSION,current28,2026-07-13,2026-08-09,sc-domain:fermatmind.com,web,country,尼日尔,0,1,0.0,1.0,155,1000,NOT_AVAILABLE_IN_UI_EXPORT,Single-dimension GSC UI export; rows cannot be joined across dimensions; top-row and UI cap limitations apply.
VERIFIED_GSC_UI_SINGLE_DIMENSION,current28,2026-07-13,2026-08-09,sc-domain:fermatmind.com,web,country,荷属圣马丁岛,0,1,0.0,1.0,156,1000,NOT_AVAILABLE_IN_UI_EXPORT,Single-dimension GSC UI export; rows cannot be joined across dimensions; top-row and UI cap limitations apply.
VERIFIED_GSC_UI_SINGLE_DIMENSION,current28,2026-07-13,2026-08-09,sc-domain:fermatmind.com,web,country,伯利兹,0,1,0.0,2.0,157,1000,NOT_AVAILABLE_IN_UI_EXPORT,Single-dimension GSC UI export; rows cannot be joined across dimensions; top-row and UI cap limitations apply.
VERIFIED_GSC_UI_SINGLE_DIMENSION,current28,2026-07-13,2026-08-09,sc-domain:fermatmind.com,web,country,瓜德罗普,0,1,0.0,3.0,158,1000,NOT_AVAILABLE_IN_UI_EXPORT,Single-dimension GSC UI export; rows cannot be joined across dimensions; top-row and UI cap limitations apply.
VERIFIED_GSC_UI_SINGLE_DIMENSION,current28,2026-07-13,2026-08-09,sc-domain:fermatmind.com,web,country,科摩罗,0,1,0.0,4.0,159,1000,NOT_AVAILABLE_IN_UI_EXPORT,Single-dimension GSC UI export; rows cannot be joined across dimensions; top-row and UI cap limitations apply.
VERIFIED_GSC_UI_SINGLE_DIMENSION,current28,2026-07-13,2026-08-09,sc-domain:fermatmind.com,web,country,莱索托,0,1,0.0,5.0,160,1000,NOT_AVAILABLE_IN_UI_EXPORT,Single-dimension GSC UI export; rows cannot be joined across dimensions; top-row and UI cap limitations apply.
VERIFIED_GSC_UI_SINGLE_DIMENSION,current28,2026-07-13,2026-08-09,sc-domain:fermatmind.com,web,country,马约特岛,0,1,0.0,5.0,161,1000,NOT_AVAILABLE_IN_UI_EXPORT,Single-dimension GSC UI export; rows cannot be joined across dimensions; top-row and UI cap limitations apply.
VERIFIED_GSC_UI_SINGLE_DIMENSION,current28,2026-07-13,2026-08-09,sc-domain:fermatmind.com,web,country,佛得角,0,1,0.0,6.0,162,1000,NOT_AVAILABLE_IN_UI_EXPORT,Single-dimension GSC UI export; rows cannot be joined across dimensions; top-row and UI cap limitations apply.
VERIFIED_GSC_UI_SINGLE_DIMENSION,current28,2026-07-13,2026-08-09,sc-domain:fermatmind.com,web,country,吉布提,0,1,0.0,6.0,163,1000,NOT_AVAILABLE_IN_UI_EXPORT,Single-dimension GSC UI export; rows cannot be joined across dimensions; top-row and UI cap limitations apply.
VERIFIED_GSC_UI_SINGLE_DIMENSION,current28,2026-07-13,2026-08-09,sc-domain:fermatmind.com,web,country,法属圭亚那,0,1,0.0,6.0,164,1000,NOT_AVAILABLE_IN_UI_EXPORT,Single-dimension GSC UI export; rows cannot be joined across dimensions; top-row and UI cap limitations apply.
VERIFIED_GSC_UI_SINGLE_DIMENSION,current28,2026-07-13,2026-08-09,sc-domain:fermatmind.com,web,country,泽西岛,0,1,0.0,6.0,165,1000,NOT_AVAILABLE_IN_UI_EXPORT,Single-dimension GSC UI export; rows cannot be joined across dimensions; top-row and UI cap limitations apply.
VERIFIED_GSC_UI_SINGLE_DIMENSION,current28,2026-07-13,2026-08-09,sc-domain:fermatmind.com,web,country,南苏丹,0,1,0.0,6.0,166,1000,NOT_AVAILABLE_IN_UI_EXPORT,Single-dimension GSC UI export; rows cannot be joined across dimensions; top-row and UI cap limitations apply.
VERIFIED_GSC_UI_SINGLE_DIMENSION,current28,2026-07-13,2026-08-09,sc-domain:fermatmind.com,web,country,津巴布韦,0,1,0.0,6.0,167,1000,NOT_AVAILABLE_IN_UI_EXPORT,Single-dimension GSC UI export; rows cannot be joined across dimensions; top-row and UI cap limitations apply.
VERIFIED_GSC_UI_SINGLE_DIMENSION,current28,2026-07-13,2026-08-09,sc-domain:fermatmind.com,web,country,帕劳,0,1,0.0,7.0,168,1000,NOT_AVAILABLE_IN_UI_EXPORT,Single-dimension GSC UI export; rows cannot be joined across dimensions; top-row and UI cap limitations apply.
VERIFIED_GSC_UI_SINGLE_DIMENSION,current28,2026-07-13,2026-08-09,sc-domain:fermatmind.com,web,country,斯威士兰,0,1,0.0,7.0,169,1000,NOT_AVAILABLE_IN_UI_EXPORT,Single-dimension GSC UI export; rows cannot be joined across dimensions; top-row and UI cap limitations apply.
VERIFIED_GSC_UI_SINGLE_DIMENSION,current28,2026-07-13,2026-08-09,sc-domain:fermatmind.com,web,country,圣文森特和格林纳丁斯,0,1,0.0,7.0,170,1000,NOT_AVAILABLE_IN_UI_EXPORT,Single-dimension GSC UI export; rows cannot be joined across dimensions; top-row and UI cap limitations apply.
VERIFIED_GSC_UI_SINGLE_DIMENSION,current28,2026-07-13,2026-08-09,sc-domain:fermatmind.com,web,country,萨摩亚,0,1,0.0,7.0,171,1000,NOT_AVAILABLE_IN_UI_EXPORT,Single-dimension GSC UI export; rows cannot be joined across dimensions; top-row and UI cap limitations apply.
VERIFIED_GSC_UI_SINGLE_DIMENSION,current28,2026-07-13,2026-08-09,sc-domain:fermatmind.com,web,country,不丹,0,1,0.0,8.0,172,1000,NOT_AVAILABLE_IN_UI_EXPORT,Single-dimension GSC UI export; rows cannot be joined across dimensions; top-row and UI cap limitations apply.
VERIFIED_GSC_UI_SINGLE_DIMENSION,current28,2026-07-13,2026-08-09,sc-domain:fermatmind.com,web,country,塞浦路斯,0,1,0.0,8.0,173,1000,NOT_AVAILABLE_IN_UI_EXPORT,Single-dimension GSC UI export; rows cannot be joined across dimensions; top-row and UI cap limitations apply.
VERIFIED_GSC_UI_SINGLE_DIMENSION,current28,2026-07-13,2026-08-09,sc-domain:fermatmind.com,web,country,格林纳达,0,1,0.0,8.0,174,1000,NOT_AVAILABLE_IN_UI_EXPORT,Single-dimension GSC UI export; rows cannot be joined across dimensions; top-row and UI cap limitations apply.
VERIFIED_GSC_UI_SINGLE_DIMENSION,current28,2026-07-13,2026-08-09,sc-domain:fermatmind.com,web,country,斯瓦尔巴和扬马延群岛,0,1,0.0,8.0,175,1000,NOT_AVAILABLE_IN_UI_EXPORT,Single-dimension GSC UI export; rows cannot be joined across dimensions; top-row and UI cap limitations apply.
VERIFIED_GSC_UI_SINGLE_DIMENSION,current28,2026-07-13,2026-08-09,sc-domain:fermatmind.com,web,country,格恩西岛,0,1,0.0,10.0,176,1000,NOT_AVAILABLE_IN_UI_EXPORT,Single-dimension GSC UI export; rows cannot be joined across dimensions; top-row and UI cap limitations apply.
VERIFIED_GSC_UI_SINGLE_DIMENSION,current28,2026-07-13,2026-08-09,sc-domain:fermatmind.com,web,country,瓦努阿图,0,1,0.0,10.0,177,1000,NOT_AVAILABLE_IN_UI_EXPORT,Single-dimension GSC UI export; rows cannot be joined across dimensions; top-row and UI cap limitations apply.
VERIFIED_GSC_UI_SINGLE_DIMENSION,current28,2026-07-13,2026-08-09,sc-domain:fermatmind.com,web,country,塞拉利昂,0,1,0.0,14.0,178,1000,NOT_AVAILABLE_IN_UI_EXPORT,Single-dimension GSC UI export; rows cannot be joined across dimensions; top-row and UI cap limitations apply.
VERIFIED_GSC_UI_SINGLE_DIMENSION,current28,2026-07-13,2026-08-09,sc-domain:fermatmind.com,web,country,汤加,0,1,0.0,24.0,179,1000,NOT_AVAILABLE_IN_UI_EXPORT,Single-dimension GSC UI export; rows cannot be joined across dimensions; top-row and UI cap limitations apply.
VERIFIED_GSC_UI_SINGLE_DIMENSION,current28,2026-07-13,2026-08-09,sc-domain:fermatmind.com,web,country,西撒哈拉,0,1,0.0,27.0,180,1000,NOT_AVAILABLE_IN_UI_EXPORT,Single-dimension GSC UI export; rows cannot be joined across dimensions; top-row and UI cap limitations apply.
VERIFIED_GSC_UI_SINGLE_DIMENSION,prev28,2026-06-15,2026-07-12,sc-domain:fermatmind.com,web,country,中国,45,3844,1.17,7.79,1,1000,NOT_AVAILABLE_IN_UI_EXPORT,Single-dimension GSC UI export; rows cannot be joined across dimensions; top-row and UI cap limitations apply.
VERIFIED_GSC_UI_SINGLE_DIMENSION,prev28,2026-06-15,2026-07-12,sc-domain:fermatmind.com,web,country,美国,13,17981,0.07,10.83,2,1000,NOT_AVAILABLE_IN_UI_EXPORT,Single-dimension GSC UI export; rows cannot be joined across dimensions; top-row and UI cap limitations apply.
VERIFIED_GSC_UI_SINGLE_DIMENSION,prev28,2026-06-15,2026-07-12,sc-domain:fermatmind.com,web,country,台湾,13,508,2.56,9.32,3,1000,NOT_AVAILABLE_IN_UI_EXPORT,Single-dimension GSC UI export; rows cannot be joined across dimensions; top-row and UI cap limitations apply.
VERIFIED_GSC_UI_SINGLE_DIMENSION,prev28,2026-06-15,2026-07-12,sc-domain:fermatmind.com,web,country,马来西亚,11,1101,1.0,7.93,4,1000,NOT_AVAILABLE_IN_UI_EXPORT,Single-dimension GSC UI export; rows cannot be joined across dimensions; top-row and UI cap limitations apply.
VERIFIED_GSC_UI_SINGLE_DIMENSION,prev28,2026-06-15,2026-07-12,sc-domain:fermatmind.com,web,country,日本,9,697,1.29,7.76,5,1000,NOT_AVAILABLE_IN_UI_EXPORT,Single-dimension GSC UI export; rows cannot be joined across dimensions; top-row and UI cap limitations apply.
VERIFIED_GSC_UI_SINGLE_DIMENSION,prev28,2026-06-15,2026-07-12,sc-domain:fermatmind.com,web,country,新加坡,6,712,0.84,7.67,6,1000,NOT_AVAILABLE_IN_UI_EXPORT,Single-dimension GSC UI export; rows cannot be joined across dimensions; top-row and UI cap limitations apply.
VERIFIED_GSC_UI_SINGLE_DIMENSION,prev28,2026-06-15,2026-07-12,sc-domain:fermatmind.com,web,country,澳门,6,153,3.92,7.35,7,1000,NOT_AVAILABLE_IN_UI_EXPORT,Single-dimension GSC UI export; rows cannot be joined across dimensions; top-row and UI cap limitations apply.
VERIFIED_GSC_UI_SINGLE_DIMENSION,prev28,2026-06-15,2026-07-12,sc-domain:fermatmind.com,web,country,加拿大,5,875,0.57,15.75,8,1000,NOT_AVAILABLE_IN_UI_EXPORT,Single-dimension GSC UI export; rows cannot be joined across dimensions; top-row and UI cap limitations apply.
VERIFIED_GSC_UI_SINGLE_DIMENSION,prev28,2026-06-15,2026-07-12,sc-domain:fermatmind.com,web,country,法国,5,353,1.42,6.92,9,1000,NOT_AVAILABLE_IN_UI_EXPORT,Single-dimension GSC UI export; rows cannot be joined across dimensions; top-row and UI cap limitations apply.
VERIFIED_GSC_UI_SINGLE_DIMENSION,prev28,2026-06-15,2026-07-12,sc-domain:fermatmind.com,web,country,中国香港,4,1049,0.38,16.14,10,1000,NOT_AVAILABLE_IN_UI_EXPORT,Single-dimension GSC UI export; rows cannot be joined across dimensions; top-row and UI cap limitations apply.
VERIFIED_GSC_UI_SINGLE_DIMENSION,prev28,2026-06-15,2026-07-12,sc-domain:fermatmind.com,web,country,俄罗斯,3,150,2.0,11.81,11,1000,NOT_AVAILABLE_IN_UI_EXPORT,Single-dimension GSC UI export; rows cannot be joined across dimensions; top-row and UI cap limitations apply.
VERIFIED_GSC_UI_SINGLE_DIMENSION,prev28,2026-06-15,2026-07-12,sc-domain:fermatmind.com,web,country,印度尼西亚,2,513,0.39,9.02,12,1000,NOT_AVAILABLE_IN_UI_EXPORT,Single-dimension GSC UI export; rows cannot be joined across dimensions; top-row and UI cap limitations apply.
VERIFIED_GSC_UI_SINGLE_DIMENSION,prev28,2026-06-15,2026-07-12,sc-domain:fermatmind.com,web,country,英国,2,473,0.42,17.02,13,1000,NOT_AVAILABLE_IN_UI_EXPORT,Single-dimension GSC UI export; rows cannot be joined across dimensions; top-row and UI cap limitations apply.
VERIFIED_GSC_UI_SINGLE_DIMENSION,prev28,2026-06-15,2026-07-12,sc-domain:fermatmind.com,web,country,南非,2,220,0.91,11.87,14,1000,NOT_AVAILABLE_IN_UI_EXPORT,Single-dimension GSC UI export; rows cannot be joined across dimensions; top-row and UI cap limitations apply.
VERIFIED_GSC_UI_SINGLE_DIMENSION,prev28,2026-06-15,2026-07-12,sc-domain:fermatmind.com,web,country,希腊,2,33,6.06,8.09,15,1000,NOT_AVAILABLE_IN_UI_EXPORT,Single-dimension GSC UI export; rows cannot be joined across dimensions; top-row and UI cap limitations apply.
VERIFIED_GSC_UI_SINGLE_DIMENSION,prev28,2026-06-15,2026-07-12,sc-domain:fermatmind.com,web,country,德国,1,637,0.16,9.33,16,1000,NOT_AVAILABLE_IN_UI_EXPORT,Single-dimension GSC UI export; rows cannot be joined across dimensions; top-row and UI cap limitations apply.
VERIFIED_GSC_UI_SINGLE_DIMENSION,prev28,2026-06-15,2026-07-12,sc-domain:fermatmind.com,web,country,荷兰,1,586,0.17,10.14,17,1000,NOT_AVAILABLE_IN_UI_EXPORT,Single-dimension GSC UI export; rows cannot be joined across dimensions; top-row and UI cap limitations apply.
VERIFIED_GSC_UI_SINGLE_DIMENSION,prev28,2026-06-15,2026-07-12,sc-domain:fermatmind.com,web,country,澳大利亚,1,393,0.25,11.16,18,1000,NOT_AVAILABLE_IN_UI_EXPORT,Single-dimension GSC UI export; rows cannot be joined across dimensions; top-row and UI cap limitations apply.
VERIFIED_GSC_UI_SINGLE_DIMENSION,prev28,2026-06-15,2026-07-12,sc-domain:fermatmind.com,web,country,意大利,1,256,0.39,9.02,19,1000,NOT_AVAILABLE_IN_UI_EXPORT,Single-dimension GSC UI export; rows cannot be joined across dimensions; top-row and UI cap limitations apply.
VERIFIED_GSC_UI_SINGLE_DIMENSION,prev28,2026-06-15,2026-07-12,sc-domain:fermatmind.com,web,country,西班牙,1,182,0.55,13.36,20,1000,NOT_AVAILABLE_IN_UI_EXPORT,Single-dimension GSC UI export; rows cannot be joined across dimensions; top-row and UI cap limitations apply.
VERIFIED_GSC_UI_SINGLE_DIMENSION,prev28,2026-06-15,2026-07-12,sc-domain:fermatmind.com,web,country,阿拉伯联合酋长国,1,116,0.86,12.98,21,1000,NOT_AVAILABLE_IN_UI_EXPORT,Single-dimension GSC UI export; rows cannot be joined across dimensions; top-row and UI cap limitations apply.
VERIFIED_GSC_UI_SINGLE_DIMENSION,prev28,2026-06-15,2026-07-12,sc-domain:fermatmind.com,web,country,新西兰,1,105,0.95,17.41,22,1000,NOT_AVAILABLE_IN_UI_EXPORT,Single-dimension GSC UI export; rows cannot be joined across dimensions; top-row and UI cap limitations apply.
VERIFIED_GSC_UI_SINGLE_DIMENSION,prev28,2026-06-15,2026-07-12,sc-domain:fermatmind.com,web,country,埃及,1,80,1.25,10.99,23,1000,NOT_AVAILABLE_IN_UI_EXPORT,Single-dimension GSC UI export; rows cannot be joined across dimensions; top-row and UI cap limitations apply.
VERIFIED_GSC_UI_SINGLE_DIMENSION,prev28,2026-06-15,2026-07-12,sc-domain:fermatmind.com,web,country,缅甸,1,64,1.56,6.56,24,1000,NOT_AVAILABLE_IN_UI_EXPORT,Single-dimension GSC UI export; rows cannot be joined across dimensions; top-row and UI cap limitations apply.
VERIFIED_GSC_UI_SINGLE_DIMENSION,prev28,2026-06-15,2026-07-12,sc-domain:fermatmind.com,web,country,伊朗,1,33,3.03,8.85,25,1000,NOT_AVAILABLE_IN_UI_EXPORT,Single-dimension GSC UI export; rows cannot be joined across dimensions; top-row and UI cap limitations apply.
VERIFIED_GSC_UI_SINGLE_DIMENSION,prev28,2026-06-15,2026-07-12,sc-domain:fermatmind.com,web,country,塞尔维亚,1,31,3.23,8.87,26,1000,NOT_AVAILABLE_IN_UI_EXPORT,Single-dimension GSC UI export; rows cannot be joined across dimensions; top-row and UI cap limitations apply.
VERIFIED_GSC_UI_SINGLE_DIMENSION,prev28,2026-06-15,2026-07-12,sc-domain:fermatmind.com,web,country,保加利亚,1,23,4.35,9.26,27,1000,NOT_AVAILABLE_IN_UI_EXPORT,Single-dimension GSC UI export; rows cannot be joined across dimensions; top-row and UI cap limitations apply.
VERIFIED_GSC_UI_SINGLE_DIMENSION,prev28,2026-06-15,2026-07-12,sc-domain:fermatmind.com,web,country,吉尔吉斯斯坦,1,18,5.56,12.39,28,1000,NOT_AVAILABLE_IN_UI_EXPORT,Single-dimension GSC UI export; rows cannot be joined across dimensions; top-row and UI cap limitations apply.
VERIFIED_GSC_UI_SINGLE_DIMENSION,prev28,2026-06-15,2026-07-12,sc-domain:fermatmind.com,web,country,越南,0,1206,0.0,9.93,29,1000,NOT_AVAILABLE_IN_UI_EXPORT,Single-dimension GSC UI export; rows cannot be joined across dimensions; top-row and UI cap limitations apply.
VERIFIED_GSC_UI_SINGLE_DIMENSION,prev28,2026-06-15,2026-07-12,sc-domain:fermatmind.com,web,country,巴西,0,775,0.0,11.12,30,1000,NOT_AVAILABLE_IN_UI_EXPORT,Single-dimension GSC UI export; rows cannot be joined across dimensions; top-row and UI cap limitations apply.
VERIFIED_GSC_UI_SINGLE_DIMENSION,prev28,2026-06-15,2026-07-12,sc-domain:fermatmind.com,web,country,菲律宾,0,704,0.0,10.38,31,1000,NOT_AVAILABLE_IN_UI_EXPORT,Single-dimension GSC UI export; rows cannot be joined across dimensions; top-row and UI cap limitations apply.
VERIFIED_GSC_UI_SINGLE_DIMENSION,prev28,2026-06-15,2026-07-12,sc-domain:fermatmind.com,web,country,印度,0,632,0.0,12.2,32,1000,NOT_AVAILABLE_IN_UI_EXPORT,Single-dimension GSC UI export; rows cannot be joined across dimensions; top-row and UI cap limitations apply.
VERIFIED_GSC_UI_SINGLE_DIMENSION,prev28,2026-06-15,2026-07-12,sc-domain:fermatmind.com,web,country,孟加拉,0,371,0.0,13.34,33,1000,NOT_AVAILABLE_IN_UI_EXPORT,Single-dimension GSC UI export; rows cannot be joined across dimensions; top-row and UI cap limitations apply.
VERIFIED_GSC_UI_SINGLE_DIMENSION,prev28,2026-06-15,2026-07-12,sc-domain:fermatmind.com,web,country,韩国,0,333,0.0,7.64,34,1000,NOT_AVAILABLE_IN_UI_EXPORT,Single-dimension GSC UI export; rows cannot be joined across dimensions; top-row and UI cap limitations apply.
VERIFIED_GSC_UI_SINGLE_DIMENSION,prev28,2026-06-15,2026-07-12,sc-domain:fermatmind.com,web,country,阿根廷,0,332,0.0,11.87,35,1000,NOT_AVAILABLE_IN_UI_EXPORT,Single-dimension GSC UI export; rows cannot be joined across dimensions; top-row and UI cap limitations apply.
VERIFIED_GSC_UI_SINGLE_DIMENSION,prev28,2026-06-15,2026-07-12,sc-domain:fermatmind.com,web,country,墨西哥,0,318,0.0,11.62,36,1000,NOT_AVAILABLE_IN_UI_EXPORT,Single-dimension GSC UI export; rows cannot be joined across dimensions; top-row and UI cap limitations apply.
VERIFIED_GSC_UI_SINGLE_DIMENSION,prev28,2026-06-15,2026-07-12,sc-domain:fermatmind.com,web,country,巴基斯坦,0,310,0.0,12.17,37,1000,NOT_AVAILABLE_IN_UI_EXPORT,Single-dimension GSC UI export; rows cannot be joined across dimensions; top-row and UI cap limitations apply.
VERIFIED_GSC_UI_SINGLE_DIMENSION,prev28,2026-06-15,2026-07-12,sc-domain:fermatmind.com,web,country,伊拉克,0,236,0.0,12.47,38,1000,NOT_AVAILABLE_IN_UI_EXPORT,Single-dimension GSC UI export; rows cannot be joined across dimensions; top-row and UI cap limitations apply.
VERIFIED_GSC_UI_SINGLE_DIMENSION,prev28,2026-06-15,2026-07-12,sc-domain:fermatmind.com,web,country,泰国,0,208,0.0,9.0,39,1000,NOT_AVAILABLE_IN_UI_EXPORT,Single-dimension GSC UI export; rows cannot be joined across dimensions; top-row and UI cap limitations apply.
VERIFIED_GSC_UI_SINGLE_DIMENSION,prev28,2026-06-15,2026-07-12,sc-domain:fermatmind.com,web,country,哥伦比亚,0,176,0.0,12.27,40,1000,NOT_AVAILABLE_IN_UI_EXPORT,Single-dimension GSC UI export; rows cannot be joined across dimensions; top-row and UI cap limitations apply.
VERIFIED_GSC_UI_SINGLE_DIMENSION,prev28,2026-06-15,2026-07-12,sc-domain:fermatmind.com,web,country,摩洛哥,0,166,0.0,13.91,41,1000,NOT_AVAILABLE_IN_UI_EXPORT,Single-dimension GSC UI export; rows cannot be joined across dimensions; top-row and UI cap limitations apply.
VERIFIED_GSC_UI_SINGLE_DIMENSION,prev28,2026-06-15,2026-07-12,sc-domain:fermatmind.com,web,country,沙特阿拉伯,0,157,0.0,12.32,42,1000,NOT_AVAILABLE_IN_UI_EXPORT,Single-dimension GSC UI export; rows cannot be joined across dimensions; top-row and UI cap limitations apply.
VERIFIED_GSC_UI_SINGLE_DIMENSION,prev28,2026-06-15,2026-07-12,sc-domain:fermatmind.com,web,country,智利,0,148,0.0,11.44,43,1000,NOT_AVAILABLE_IN_UI_EXPORT,Single-dimension GSC UI export; rows cannot be joined across dimensions; top-row and UI cap limitations apply.
VERIFIED_GSC_UI_SINGLE_DIMENSION,prev28,2026-06-15,2026-07-12,sc-domain:fermatmind.com,web,country,乌克兰,0,135,0.0,10.84,44,1000,NOT_AVAILABLE_IN_UI_EXPORT,Single-dimension GSC UI export; rows cannot be joined across dimensions; top-row and UI cap limitations apply.
VERIFIED_GSC_UI_SINGLE_DIMENSION,prev28,2026-06-15,2026-07-12,sc-domain:fermatmind.com,web,country,土耳其,0,120,0.0,11.19,45,1000,NOT_AVAILABLE_IN_UI_EXPORT,Single-dimension GSC UI export; rows cannot be joined across dimensions; top-row and UI cap limitations apply.
VERIFIED_GSC_UI_SINGLE_DIMENSION,prev28,2026-06-15,2026-07-12,sc-domain:fermatmind.com,web,country,委内瑞拉,0,119,0.0,12.34,46,1000,NOT_AVAILABLE_IN_UI_EXPORT,Single-dimension GSC UI export; rows cannot be joined across dimensions; top-row and UI cap limitations apply.
VERIFIED_GSC_UI_SINGLE_DIMENSION,prev28,2026-06-15,2026-07-12,sc-domain:fermatmind.com,web,country,约旦,0,118,0.0,13.25,47,1000,NOT_AVAILABLE_IN_UI_EXPORT,Single-dimension GSC UI export; rows cannot be joined across dimensions; top-row and UI cap limitations apply.
VERIFIED_GSC_UI_SINGLE_DIMENSION,prev28,2026-06-15,2026-07-12,sc-domain:fermatmind.com,web,country,肯尼亚,0,111,0.0,11.41,48,1000,NOT_AVAILABLE_IN_UI_EXPORT,Single-dimension GSC UI export; rows cannot be joined across dimensions; top-row and UI cap limitations apply.
VERIFIED_GSC_UI_SINGLE_DIMENSION,prev28,2026-06-15,2026-07-12,sc-domain:fermatmind.com,web,country,乌兹别克斯坦,0,111,0.0,13.27,49,1000,NOT_AVAILABLE_IN_UI_EXPORT,Single-dimension GSC UI export; rows cannot be joined across dimensions; top-row and UI cap limitations apply.
VERIFIED_GSC_UI_SINGLE_DIMENSION,prev28,2026-06-15,2026-07-12,sc-domain:fermatmind.com,web,country,厄瓜多尔,0,93,0.0,14.89,50,1000,NOT_AVAILABLE_IN_UI_EXPORT,Single-dimension GSC UI export; rows cannot be joined across dimensions; top-row and UI cap limitations apply.
VERIFIED_GSC_UI_SINGLE_DIMENSION,prev28,2026-06-15,2026-07-12,sc-domain:fermatmind.com,web,country,尼日利亚,0,83,0.0,9.18,51,1000,NOT_AVAILABLE_IN_UI_EXPORT,Single-dimension GSC UI export; rows cannot be joined across dimensions; top-row and UI cap limitations apply.
VERIFIED_GSC_UI_SINGLE_DIMENSION,prev28,2026-06-15,2026-07-12,sc-domain:fermatmind.com,web,country,秘鲁,0,83,0.0,9.51,52,1000,NOT_AVAILABLE_IN_UI_EXPORT,Single-dimension GSC UI export; rows cannot be joined across dimensions; top-row and UI cap limitations apply.
VERIFIED_GSC_UI_SINGLE_DIMENSION,prev28,2026-06-15,2026-07-12,sc-domain:fermatmind.com,web,country,尼泊尔,0,68,0.0,10.66,53,1000,NOT_AVAILABLE_IN_UI_EXPORT,Single-dimension GSC UI export; rows cannot be joined across dimensions; top-row and UI cap limitations apply.
VERIFIED_GSC_UI_SINGLE_DIMENSION,prev28,2026-06-15,2026-07-12,sc-domain:fermatmind.com,web,country,玻利维亚,0,65,0.0,12.52,54,1000,NOT_AVAILABLE_IN_UI_EXPORT,Single-dimension GSC UI export; rows cannot be joined across dimensions; top-row and UI cap limitations apply.
VERIFIED_GSC_UI_SINGLE_DIMENSION,prev28,2026-06-15,2026-07-12,sc-domain:fermatmind.com,web,country,巴拉圭,0,64,0.0,10.94,55,1000,NOT_AVAILABLE_IN_UI_EXPORT,Single-dimension GSC UI export; rows cannot be joined across dimensions; top-row and UI cap limitations apply.
VERIFIED_GSC_UI_SINGLE_DIMENSION,prev28,2026-06-15,2026-07-12,sc-domain:fermatmind.com,web,country,阿尔及利亚,0,62,0.0,11.16,56,1000,NOT_AVAILABLE_IN_UI_EXPORT,Single-dimension GSC UI export; rows cannot be joined across dimensions; top-row and UI cap limitations apply.
VERIFIED_GSC_UI_SINGLE_DIMENSION,prev28,2026-06-15,2026-07-12,sc-domain:fermatmind.com,web,country,哈萨克斯坦,0,61,0.0,11.95,57,1000,NOT_AVAILABLE_IN_UI_EXPORT,Single-dimension GSC UI export; rows cannot be joined across dimensions; top-row and UI cap limitations apply.
VERIFIED_GSC_UI_SINGLE_DIMENSION,prev28,2026-06-15,2026-07-12,sc-domain:fermatmind.com,web,country,瑞典,0,60,0.0,11.37,58,1000,NOT_AVAILABLE_IN_UI_EXPORT,Single-dimension GSC UI export; rows cannot be joined across dimensions; top-row and UI cap limitations apply.
VERIFIED_GSC_UI_SINGLE_DIMENSION,prev28,2026-06-15,2026-07-12,sc-domain:fermatmind.com,web,country,爱尔兰,0,59,0.0,23.41,59,1000,NOT_AVAILABLE_IN_UI_EXPORT,Single-dimension GSC UI export; rows cannot be joined across dimensions; top-row and UI cap limitations apply.
VERIFIED_GSC_UI_SINGLE_DIMENSION,prev28,2026-06-15,2026-07-12,sc-domain:fermatmind.com,web,country,乌拉圭,0,58,0.0,14.88,60,1000,NOT_AVAILABLE_IN_UI_EXPORT,Single-dimension GSC UI export; rows cannot be joined across dimensions; top-row and UI cap limitations apply.
VERIFIED_GSC_UI_SINGLE_DIMENSION,prev28,2026-06-15,2026-07-12,sc-domain:fermatmind.com,web,country,瑞士,0,55,0.0,11.89,61,1000,NOT_AVAILABLE_IN_UI_EXPORT,Single-dimension GSC UI export; rows cannot be joined across dimensions; top-row and UI cap limitations apply.
VERIFIED_GSC_UI_SINGLE_DIMENSION,prev28,2026-06-15,2026-07-12,sc-domain:fermatmind.com,web,country,罗马尼亚,0,55,0.0,13.29,62,1000,NOT_AVAILABLE_IN_UI_EXPORT,Single-dimension GSC UI export; rows cannot be joined across dimensions; top-row and UI cap limitations apply.
VERIFIED_GSC_UI_SINGLE_DIMENSION,prev28,2026-06-15,2026-07-12,sc-domain:fermatmind.com,web,country,柬埔寨,0,54,0.0,10.63,63,1000,NOT_AVAILABLE_IN_UI_EXPORT,Single-dimension GSC UI export; rows cannot be joined across dimensions; top-row and UI cap limitations apply.
VERIFIED_GSC_UI_SINGLE_DIMENSION,prev28,2026-06-15,2026-07-12,sc-domain:fermatmind.com,web,country,以色列,0,54,0.0,16.48,64,1000,NOT_AVAILABLE_IN_UI_EXPORT,Single-dimension GSC UI export; rows cannot be joined across dimensions; top-row and UI cap limitations apply.
VERIFIED_GSC_UI_SINGLE_DIMENSION,prev28,2026-06-15,2026-07-12,sc-domain:fermatmind.com,web,country,比利时,0,53,0.0,10.89,65,1000,NOT_AVAILABLE_IN_UI_EXPORT,Single-dimension GSC UI export; rows cannot be joined across dimensions; top-row and UI cap limitations apply.
VERIFIED_GSC_UI_SINGLE_DIMENSION,prev28,2026-06-15,2026-07-12,sc-domain:fermatmind.com,web,country,波兰,0,52,0.0,10.96,66,1000,NOT_AVAILABLE_IN_UI_EXPORT,Single-dimension GSC UI export; rows cannot be joined across dimensions; top-row and UI cap limitations apply.
VERIFIED_GSC_UI_SINGLE_DIMENSION,prev28,2026-06-15,2026-07-12,sc-domain:fermatmind.com,web,country,阿曼,0,48,0.0,13.58,67,1000,NOT_AVAILABLE_IN_UI_EXPORT,Single-dimension GSC UI export; rows cannot be joined across dimensions; top-row and UI cap limitations apply.
VERIFIED_GSC_UI_SINGLE_DIMENSION,prev28,2026-06-15,2026-07-12,sc-domain:fermatmind.com,web,country,牙买加,0,47,0.0,11.11,68,1000,NOT_AVAILABLE_IN_UI_EXPORT,Single-dimension GSC UI export; rows cannot be joined across dimensions; top-row and UI cap limitations apply.
VERIFIED_GSC_UI_SINGLE_DIMENSION,prev28,2026-06-15,2026-07-12,sc-domain:fermatmind.com,web,country,埃塞俄比亚,0,47,0.0,11.72,69,1000,NOT_AVAILABLE_IN_UI_EXPORT,Single-dimension GSC UI export; rows cannot be joined across dimensions; top-row and UI cap limitations apply.
VERIFIED_GSC_UI_SINGLE_DIMENSION,prev28,2026-06-15,2026-07-12,sc-domain:fermatmind.com,web,country,阿塞拜疆,0,46,0.0,11.26,70,1000,NOT_AVAILABLE_IN_UI_EXPORT,Single-dimension GSC UI export; rows cannot be joined across dimensions; top-row and UI cap limitations apply.
VERIFIED_GSC_UI_SINGLE_DIMENSION,prev28,2026-06-15,2026-07-12,sc-domain:fermatmind.com,web,country,巴拿马,0,44,0.0,10.93,71,1000,NOT_AVAILABLE_IN_UI_EXPORT,Single-dimension GSC UI export; rows cannot be joined across dimensions; top-row and UI cap limitations apply.
VERIFIED_GSC_UI_SINGLE_DIMENSION,prev28,2026-06-15,2026-07-12,sc-domain:fermatmind.com,web,country,突尼斯,0,44,0.0,11.39,72,1000,NOT_AVAILABLE_IN_UI_EXPORT,Single-dimension GSC UI export; rows cannot be joined across dimensions; top-row and UI cap limitations apply.
VERIFIED_GSC_UI_SINGLE_DIMENSION,prev28,2026-06-15,2026-07-12,sc-domain:fermatmind.com,web,country,匈牙利,0,41,0.0,8.15,73,1000,NOT_AVAILABLE_IN_UI_EXPORT,Single-dimension GSC UI export; rows cannot be joined across dimensions; top-row and UI cap limitations apply.
VERIFIED_GSC_UI_SINGLE_DIMENSION,prev28,2026-06-15,2026-07-12,sc-domain:fermatmind.com,web,country,挪威,0,38,0.0,10.95,74,1000,NOT_AVAILABLE_IN_UI_EXPORT,Single-dimension GSC UI export; rows cannot be joined across dimensions; top-row and UI cap limitations apply.
VERIFIED_GSC_UI_SINGLE_DIMENSION,prev28,2026-06-15,2026-07-12,sc-domain:fermatmind.com,web,country,哥斯达黎加,0,38,0.0,12.92,75,1000,NOT_AVAILABLE_IN_UI_EXPORT,Single-dimension GSC UI export; rows cannot be joined across dimensions; top-row and UI cap limitations apply.
VERIFIED_GSC_UI_SINGLE_DIMENSION,prev28,2026-06-15,2026-07-12,sc-domain:fermatmind.com,web,country,巴勒斯坦,0,37,0.0,11.08,76,1000,NOT_AVAILABLE_IN_UI_EXPORT,Single-dimension GSC UI export; rows cannot be joined across dimensions; top-row and UI cap limitations apply.
VERIFIED_GSC_UI_SINGLE_DIMENSION,prev28,2026-06-15,2026-07-12,sc-domain:fermatmind.com,web,country,芬兰,0,37,0.0,12.24,77,1000,NOT_AVAILABLE_IN_UI_EXPORT,Single-dimension GSC UI export; rows cannot be joined across dimensions; top-row and UI cap limitations apply.
VERIFIED_GSC_UI_SINGLE_DIMENSION,prev28,2026-06-15,2026-07-12,sc-domain:fermatmind.com,web,country,黎巴嫩,0,31,0.0,13.35,78,1000,NOT_AVAILABLE_IN_UI_EXPORT,Single-dimension GSC UI export; rows cannot be joined across dimensions; top-row and UI cap limitations apply.
VERIFIED_GSC_UI_SINGLE_DIMENSION,prev28,2026-06-15,2026-07-12,sc-domain:fermatmind.com,web,country,奥地利,0,30,0.0,7.4,79,1000,NOT_AVAILABLE_IN_UI_EXPORT,Single-dimension GSC UI export; rows cannot be joined across dimensions; top-row and UI cap limitations apply.
VERIFIED_GSC_UI_SINGLE_DIMENSION,prev28,2026-06-15,2026-07-12,sc-domain:fermatmind.com,web,country,塞内加尔,0,30,0.0,10.77,80,1000,NOT_AVAILABLE_IN_UI_EXPORT,Single-dimension GSC UI export; rows cannot be joined across dimensions; top-row and UI cap limitations apply.
VERIFIED_GSC_UI_SINGLE_DIMENSION,prev28,2026-06-15,2026-07-12,sc-domain:fermatmind.com,web,country,多米尼加共和国,0,30,0.0,11.1,81,1000,NOT_AVAILABLE_IN_UI_EXPORT,Single-dimension GSC UI export; rows cannot be joined across dimensions; top-row and UI cap limitations apply.
VERIFIED_GSC_UI_SINGLE_DIMENSION,prev28,2026-06-15,2026-07-12,sc-domain:fermatmind.com,web,country,捷克,0,29,0.0,10.07,82,1000,NOT_AVAILABLE_IN_UI_EXPORT,Single-dimension GSC UI export; rows cannot be joined across dimensions; top-row and UI cap limitations apply.
VERIFIED_GSC_UI_SINGLE_DIMENSION,prev28,2026-06-15,2026-07-12,sc-domain:fermatmind.com,web,country,葡萄牙,0,28,0.0,8.86,83,1000,NOT_AVAILABLE_IN_UI_EXPORT,Single-dimension GSC UI export; rows cannot be joined across dimensions; top-row and UI cap limitations apply.
VERIFIED_GSC_UI_SINGLE_DIMENSION,prev28,2026-06-15,2026-07-12,sc-domain:fermatmind.com,web,country,白俄罗斯,0,25,0.0,11.56,84,1000,NOT_AVAILABLE_IN_UI_EXPORT,Single-dimension GSC UI export; rows cannot be joined across dimensions; top-row and UI cap limitations apply.
VERIFIED_GSC_UI_SINGLE_DIMENSION,prev28,2026-06-15,2026-07-12,sc-domain:fermatmind.com,web,country,安哥拉,0,24,0.0,14.96,85,1000,NOT_AVAILABLE_IN_UI_EXPORT,Single-dimension GSC UI export; rows cannot be joined across dimensions; top-row and UI cap limitations apply.
VERIFIED_GSC_UI_SINGLE_DIMENSION,prev28,2026-06-15,2026-07-12,sc-domain:fermatmind.com,web,country,叙利亚,0,23,0.0,10.83,86,1000,NOT_AVAILABLE_IN_UI_EXPORT,Single-dimension GSC UI export; rows cannot be joined across dimensions; top-row and UI cap limitations apply.
VERIFIED_GSC_UI_SINGLE_DIMENSION,prev28,2026-06-15,2026-07-12,sc-domain:fermatmind.com,web,country,科特迪瓦,0,22,0.0,9.91,87,1000,NOT_AVAILABLE_IN_UI_EXPORT,Single-dimension GSC UI export; rows cannot be joined across dimensions; top-row and UI cap limitations apply.
VERIFIED_GSC_UI_SINGLE_DIMENSION,prev28,2026-06-15,2026-07-12,sc-domain:fermatmind.com,web,country,丹麦,0,22,0.0,13.82,88,1000,NOT_AVAILABLE_IN_UI_EXPORT,Single-dimension GSC UI export; rows cannot be joined across dimensions; top-row and UI cap limitations apply.
VERIFIED_GSC_UI_SINGLE_DIMENSION,prev28,2026-06-15,2026-07-12,sc-domain:fermatmind.com,web,country,老挝,0,21,0.0,7.29,89,1000,NOT_AVAILABLE_IN_UI_EXPORT,Single-dimension GSC UI export; rows cannot be joined across dimensions; top-row and UI cap limitations apply.
VERIFIED_GSC_UI_SINGLE_DIMENSION,prev28,2026-06-15,2026-07-12,sc-domain:fermatmind.com,web,country,洪都拉斯,0,21,0.0,11.0,90,1000,NOT_AVAILABLE_IN_UI_EXPORT,Single-dimension GSC UI export; rows cannot be joined across dimensions; top-row and UI cap limitations apply.
VERIFIED_GSC_UI_SINGLE_DIMENSION,prev28,2026-06-15,2026-07-12,sc-domain:fermatmind.com,web,country,加纳,0,20,0.0,10.5,91,1000,NOT_AVAILABLE_IN_UI_EXPORT,Single-dimension GSC UI export; rows cannot be joined across dimensions; top-row and UI cap limitations apply.
VERIFIED_GSC_UI_SINGLE_DIMENSION,prev28,2026-06-15,2026-07-12,sc-domain:fermatmind.com,web,country,克罗地亚,0,19,0.0,8.63,92,1000,NOT_AVAILABLE_IN_UI_EXPORT,Single-dimension GSC UI export; rows cannot be joined across dimensions; top-row and UI cap limitations apply.
VERIFIED_GSC_UI_SINGLE_DIMENSION,prev28,2026-06-15,2026-07-12,sc-domain:fermatmind.com,web,country,特立尼达和多巴哥,0,19,0.0,11.32,93,1000,NOT_AVAILABLE_IN_UI_EXPORT,Single-dimension GSC UI export; rows cannot be joined across dimensions; top-row and UI cap limitations apply.
VERIFIED_GSC_UI_SINGLE_DIMENSION,prev28,2026-06-15,2026-07-12,sc-domain:fermatmind.com,web,country,卡塔尔,0,19,0.0,12.53,94,1000,NOT_AVAILABLE_IN_UI_EXPORT,Single-dimension GSC UI export; rows cannot be joined across dimensions; top-row and UI cap limitations apply.
VERIFIED_GSC_UI_SINGLE_DIMENSION,prev28,2026-06-15,2026-07-12,sc-domain:fermatmind.com,web,country,阿尔巴尼亚,0,18,0.0,13.67,95,1000,NOT_AVAILABLE_IN_UI_EXPORT,Single-dimension GSC UI export; rows cannot be joined across dimensions; top-row and UI cap limitations apply.
VERIFIED_GSC_UI_SINGLE_DIMENSION,prev28,2026-06-15,2026-07-12,sc-domain:fermatmind.com,web,country,巴巴多斯,0,17,0.0,12.65,96,1000,NOT_AVAILABLE_IN_UI_EXPORT,Single-dimension GSC UI export; rows cannot be joined across dimensions; top-row and UI cap limitations apply.
VERIFIED_GSC_UI_SINGLE_DIMENSION,prev28,2026-06-15,2026-07-12,sc-domain:fermatmind.com,web,country,乌干达,0,16,0.0,11.56,97,1000,NOT_AVAILABLE_IN_UI_EXPORT,Single-dimension GSC UI export; rows cannot be joined across dimensions; top-row and UI cap limitations apply.
VERIFIED_GSC_UI_SINGLE_DIMENSION,prev28,2026-06-15,2026-07-12,sc-domain:fermatmind.com,web,country,赞比亚,0,14,0.0,3.93,98,1000,NOT_AVAILABLE_IN_UI_EXPORT,Single-dimension GSC UI export; rows cannot be joined across dimensions; top-row and UI cap limitations apply.
VERIFIED_GSC_UI_SINGLE_DIMENSION,prev28,2026-06-15,2026-07-12,sc-domain:fermatmind.com,web,country,危地马拉,0,14,0.0,8.14,99,1000,NOT_AVAILABLE_IN_UI_EXPORT,Single-dimension GSC UI export; rows cannot be joined across dimensions; top-row and UI cap limitations apply.
VERIFIED_GSC_UI_SINGLE_DIMENSION,prev28,2026-06-15,2026-07-12,sc-domain:fermatmind.com,web,country,格鲁吉亚,0,14,0.0,9.43,100,1000,NOT_AVAILABLE_IN_UI_EXPORT,Single-dimension GSC UI export; rows cannot be joined across dimensions; top-row and UI cap limitations apply.
VERIFIED_GSC_UI_SINGLE_DIMENSION,prev28,2026-06-15,2026-07-12,sc-domain:fermatmind.com,web,country,尼加拉瓜,0,14,0.0,13.5,101,1000,NOT_AVAILABLE_IN_UI_EXPORT,Single-dimension GSC UI export; rows cannot be joined across dimensions; top-row and UI cap limitations apply.
VERIFIED_GSC_UI_SINGLE_DIMENSION,prev28,2026-06-15,2026-07-12,sc-domain:fermatmind.com,web,country,萨尔瓦多,0,13,0.0,7.62,102,1000,NOT_AVAILABLE_IN_UI_EXPORT,Single-dimension GSC UI export; rows cannot be joined across dimensions; top-row and UI cap limitations apply.
VERIFIED_GSC_UI_SINGLE_DIMENSION,prev28,2026-06-15,2026-07-12,sc-domain:fermatmind.com,web,country,刚果 - 布拉柴维尔,0,13,0.0,9.69,103,1000,NOT_AVAILABLE_IN_UI_EXPORT,Single-dimension GSC UI export; rows cannot be joined across dimensions; top-row and UI cap limitations apply.
VERIFIED_GSC_UI_SINGLE_DIMENSION,prev28,2026-06-15,2026-07-12,sc-domain:fermatmind.com,web,country,波多黎各,0,13,0.0,10.69,104,1000,NOT_AVAILABLE_IN_UI_EXPORT,Single-dimension GSC UI export; rows cannot be joined across dimensions; top-row and UI cap limitations apply.
VERIFIED_GSC_UI_SINGLE_DIMENSION,prev28,2026-06-15,2026-07-12,sc-domain:fermatmind.com,web,country,波斯尼亚和黑塞哥维那,0,13,0.0,11.38,105,1000,NOT_AVAILABLE_IN_UI_EXPORT,Single-dimension GSC UI export; rows cannot be joined across dimensions; top-row and UI cap limitations apply.
VERIFIED_GSC_UI_SINGLE_DIMENSION,prev28,2026-06-15,2026-07-12,sc-domain:fermatmind.com,web,country,摩尔多瓦,0,13,0.0,12.46,106,1000,NOT_AVAILABLE_IN_UI_EXPORT,Single-dimension GSC UI export; rows cannot be joined across dimensions; top-row and UI cap limitations apply.
VERIFIED_GSC_UI_SINGLE_DIMENSION,prev28,2026-06-15,2026-07-12,sc-domain:fermatmind.com,web,country,科威特,0,12,0.0,11.42,107,1000,NOT_AVAILABLE_IN_UI_EXPORT,Single-dimension GSC UI export; rows cannot be joined across dimensions; top-row and UI cap limitations apply.
VERIFIED_GSC_UI_SINGLE_DIMENSION,prev28,2026-06-15,2026-07-12,sc-domain:fermatmind.com,web,country,蒙古,0,12,0.0,13.5,108,1000,NOT_AVAILABLE_IN_UI_EXPORT,Single-dimension GSC UI export; rows cannot be joined across dimensions; top-row and UI cap limitations apply.
VERIFIED_GSC_UI_SINGLE_DIMENSION,prev28,2026-06-15,2026-07-12,sc-domain:fermatmind.com,web,country,坦桑尼亚,0,12,0.0,14.75,109,1000,NOT_AVAILABLE_IN_UI_EXPORT,Single-dimension GSC UI export; rows cannot be joined across dimensions; top-row and UI cap limitations apply.
VERIFIED_GSC_UI_SINGLE_DIMENSION,prev28,2026-06-15,2026-07-12,sc-domain:fermatmind.com,web,country,马里,0,11,0.0,14.0,110,1000,NOT_AVAILABLE_IN_UI_EXPORT,Single-dimension GSC UI export; rows cannot be joined across dimensions; top-row and UI cap limitations apply.
VERIFIED_GSC_UI_SINGLE_DIMENSION,prev28,2026-06-15,2026-07-12,sc-domain:fermatmind.com,web,country,斯里兰卡,0,10,0.0,9.7,111,1000,NOT_AVAILABLE_IN_UI_EXPORT,Single-dimension GSC UI export; rows cannot be joined across dimensions; top-row and UI cap limitations apply.
VERIFIED_GSC_UI_SINGLE_DIMENSION,prev28,2026-06-15,2026-07-12,sc-domain:fermatmind.com,web,country,圭亚那,0,10,0.0,12.9,112,1000,NOT_AVAILABLE_IN_UI_EXPORT,Single-dimension GSC UI export; rows cannot be joined across dimensions; top-row and UI cap limitations apply.
VERIFIED_GSC_UI_SINGLE_DIMENSION,prev28,2026-06-15,2026-07-12,sc-domain:fermatmind.com,web,country,巴林,0,10,0.0,13.5,113,1000,NOT_AVAILABLE_IN_UI_EXPORT,Single-dimension GSC UI export; rows cannot be joined across dimensions; top-row and UI cap limitations apply.
VERIFIED_GSC_UI_SINGLE_DIMENSION,prev28,2026-06-15,2026-07-12,sc-domain:fermatmind.com,web,country,多哥,0,10,0.0,14.7,114,1000,NOT_AVAILABLE_IN_UI_EXPORT,Single-dimension GSC UI export; rows cannot be joined across dimensions; top-row and UI cap limitations apply.
VERIFIED_GSC_UI_SINGLE_DIMENSION,prev28,2026-06-15,2026-07-12,sc-domain:fermatmind.com,web,country,立陶宛,0,9,0.0,6.22,115,1000,NOT_AVAILABLE_IN_UI_EXPORT,Single-dimension GSC UI export; rows cannot be joined across dimensions; top-row and UI cap limitations apply.
VERIFIED_GSC_UI_SINGLE_DIMENSION,prev28,2026-06-15,2026-07-12,sc-domain:fermatmind.com,web,country,斯洛伐克,0,9,0.0,7.22,116,1000,NOT_AVAILABLE_IN_UI_EXPORT,Single-dimension GSC UI export; rows cannot be joined across dimensions; top-row and UI cap limitations apply.
VERIFIED_GSC_UI_SINGLE_DIMENSION,prev28,2026-06-15,2026-07-12,sc-domain:fermatmind.com,web,country,塞浦路斯,0,9,0.0,7.44,117,1000,NOT_AVAILABLE_IN_UI_EXPORT,Single-dimension GSC UI export; rows cannot be joined across dimensions; top-row and UI cap limitations apply.
VERIFIED_GSC_UI_SINGLE_DIMENSION,prev28,2026-06-15,2026-07-12,sc-domain:fermatmind.com,web,country,刚果 - 金沙萨,0,9,0.0,9.33,118,1000,NOT_AVAILABLE_IN_UI_EXPORT,Single-dimension GSC UI export; rows cannot be joined across dimensions; top-row and UI cap limitations apply.
VERIFIED_GSC_UI_SINGLE_DIMENSION,prev28,2026-06-15,2026-07-12,sc-domain:fermatmind.com,web,country,博茨瓦纳,0,9,0.0,12.44,119,1000,NOT_AVAILABLE_IN_UI_EXPORT,Single-dimension GSC UI export; rows cannot be joined across dimensions; top-row and UI cap limitations apply.
VERIFIED_GSC_UI_SINGLE_DIMENSION,prev28,2026-06-15,2026-07-12,sc-domain:fermatmind.com,web,country,亚美尼亚,0,8,0.0,7.25,120,1000,NOT_AVAILABLE_IN_UI_EXPORT,Single-dimension GSC UI export; rows cannot be joined across dimensions; top-row and UI cap limitations apply.
VERIFIED_GSC_UI_SINGLE_DIMENSION,prev28,2026-06-15,2026-07-12,sc-domain:fermatmind.com,web,country,马其顿,0,8,0.0,7.75,121,1000,NOT_AVAILABLE_IN_UI_EXPORT,Single-dimension GSC UI export; rows cannot be joined across dimensions; top-row and UI cap limitations apply.
VERIFIED_GSC_UI_SINGLE_DIMENSION,prev28,2026-06-15,2026-07-12,sc-domain:fermatmind.com,web,country,古巴,0,7,0.0,5.57,122,1000,NOT_AVAILABLE_IN_UI_EXPORT,Single-dimension GSC UI export; rows cannot be joined across dimensions; top-row and UI cap limitations apply.
VERIFIED_GSC_UI_SINGLE_DIMENSION,prev28,2026-06-15,2026-07-12,sc-domain:fermatmind.com,web,country,马耳他,0,7,0.0,6.57,123,1000,NOT_AVAILABLE_IN_UI_EXPORT,Single-dimension GSC UI export; rows cannot be joined across dimensions; top-row and UI cap limitations apply.
VERIFIED_GSC_UI_SINGLE_DIMENSION,prev28,2026-06-15,2026-07-12,sc-domain:fermatmind.com,web,country,斯洛文尼亚,0,7,0.0,8.86,124,1000,NOT_AVAILABLE_IN_UI_EXPORT,Single-dimension GSC UI export; rows cannot be joined across dimensions; top-row and UI cap limitations apply.
VERIFIED_GSC_UI_SINGLE_DIMENSION,prev28,2026-06-15,2026-07-12,sc-domain:fermatmind.com,web,country,利比亚,0,7,0.0,9.0,125,1000,NOT_AVAILABLE_IN_UI_EXPORT,Single-dimension GSC UI export; rows cannot be joined across dimensions; top-row and UI cap limitations apply.
VERIFIED_GSC_UI_SINGLE_DIMENSION,prev28,2026-06-15,2026-07-12,sc-domain:fermatmind.com,web,country,爱沙尼亚,0,6,0.0,9.67,126,1000,NOT_AVAILABLE_IN_UI_EXPORT,Single-dimension GSC UI export; rows cannot be joined across dimensions; top-row and UI cap limitations apply.
VERIFIED_GSC_UI_SINGLE_DIMENSION,prev28,2026-06-15,2026-07-12,sc-domain:fermatmind.com,web,country,津巴布韦,0,6,0.0,11.5,127,1000,NOT_AVAILABLE_IN_UI_EXPORT,Single-dimension GSC UI export; rows cannot be joined across dimensions; top-row and UI cap limitations apply.
VERIFIED_GSC_UI_SINGLE_DIMENSION,prev28,2026-06-15,2026-07-12,sc-domain:fermatmind.com,web,country,文莱,0,5,0.0,4.2,128,1000,NOT_AVAILABLE_IN_UI_EXPORT,Single-dimension GSC UI export; rows cannot be joined across dimensions; top-row and UI cap limitations apply.
VERIFIED_GSC_UI_SINGLE_DIMENSION,prev28,2026-06-15,2026-07-12,sc-domain:fermatmind.com,web,country,巴哈马,0,5,0.0,14.8,129,1000,NOT_AVAILABLE_IN_UI_EXPORT,Single-dimension GSC UI export; rows cannot be joined across dimensions; top-row and UI cap limitations apply.
VERIFIED_GSC_UI_SINGLE_DIMENSION,prev28,2026-06-15,2026-07-12,sc-domain:fermatmind.com,web,country,加蓬,0,5,0.0,17.0,130,1000,NOT_AVAILABLE_IN_UI_EXPORT,Single-dimension GSC UI export; rows cannot be joined across dimensions; top-row and UI cap limitations apply.
VERIFIED_GSC_UI_SINGLE_DIMENSION,prev28,2026-06-15,2026-07-12,sc-domain:fermatmind.com,web,country,纳米比亚,0,5,0.0,19.4,131,1000,NOT_AVAILABLE_IN_UI_EXPORT,Single-dimension GSC UI export; rows cannot be joined across dimensions; top-row and UI cap limitations apply.
VERIFIED_GSC_UI_SINGLE_DIMENSION,prev28,2026-06-15,2026-07-12,sc-domain:fermatmind.com,web,country,毛里求斯,0,5,0.0,19.8,132,1000,NOT_AVAILABLE_IN_UI_EXPORT,Single-dimension GSC UI export; rows cannot be joined across dimensions; top-row and UI cap limitations apply.
VERIFIED_GSC_UI_SINGLE_DIMENSION,prev28,2026-06-15,2026-07-12,sc-domain:fermatmind.com,web,country,拉脱维亚,0,4,0.0,5.75,133,1000,NOT_AVAILABLE_IN_UI_EXPORT,Single-dimension GSC UI export; rows cannot be joined across dimensions; top-row and UI cap limitations apply.
VERIFIED_GSC_UI_SINGLE_DIMENSION,prev28,2026-06-15,2026-07-12,sc-domain:fermatmind.com,web,country,苏丹,0,4,0.0,7.0,134,1000,NOT_AVAILABLE_IN_UI_EXPORT,Single-dimension GSC UI export; rows cannot be joined across dimensions; top-row and UI cap limitations apply.
VERIFIED_GSC_UI_SINGLE_DIMENSION,prev28,2026-06-15,2026-07-12,sc-domain:fermatmind.com,web,country,美属萨摩亚,0,4,0.0,7.25,135,1000,NOT_AVAILABLE_IN_UI_EXPORT,Single-dimension GSC UI export; rows cannot be joined across dimensions; top-row and UI cap limitations apply.
VERIFIED_GSC_UI_SINGLE_DIMENSION,prev28,2026-06-15,2026-07-12,sc-domain:fermatmind.com,web,country,塞拉利昂,0,4,0.0,7.25,136,1000,NOT_AVAILABLE_IN_UI_EXPORT,Single-dimension GSC UI export; rows cannot be joined across dimensions; top-row and UI cap limitations apply.
VERIFIED_GSC_UI_SINGLE_DIMENSION,prev28,2026-06-15,2026-07-12,sc-domain:fermatmind.com,web,country,喀麦隆,0,4,0.0,16.75,137,1000,NOT_AVAILABLE_IN_UI_EXPORT,Single-dimension GSC UI export; rows cannot be joined across dimensions; top-row and UI cap limitations apply.
VERIFIED_GSC_UI_SINGLE_DIMENSION,prev28,2026-06-15,2026-07-12,sc-domain:fermatmind.com,web,country,布基纳法索,0,4,0.0,17.0,138,1000,NOT_AVAILABLE_IN_UI_EXPORT,Single-dimension GSC UI export; rows cannot be joined across dimensions; top-row and UI cap limitations apply.
VERIFIED_GSC_UI_SINGLE_DIMENSION,prev28,2026-06-15,2026-07-12,sc-domain:fermatmind.com,web,country,关岛,0,3,0.0,6.67,139,1000,NOT_AVAILABLE_IN_UI_EXPORT,Single-dimension GSC UI export; rows cannot be joined across dimensions; top-row and UI cap limitations apply.
VERIFIED_GSC_UI_SINGLE_DIMENSION,prev28,2026-06-15,2026-07-12,sc-domain:fermatmind.com,web,country,毛里塔尼亚,0,3,0.0,7.0,140,1000,NOT_AVAILABLE_IN_UI_EXPORT,Single-dimension GSC UI export; rows cannot be joined across dimensions; top-row and UI cap limitations apply.
VERIFIED_GSC_UI_SINGLE_DIMENSION,prev28,2026-06-15,2026-07-12,sc-domain:fermatmind.com,web,country,卢森堡,0,3,0.0,8.0,141,1000,NOT_AVAILABLE_IN_UI_EXPORT,Single-dimension GSC UI export; rows cannot be joined across dimensions; top-row and UI cap limitations apply.
VERIFIED_GSC_UI_SINGLE_DIMENSION,prev28,2026-06-15,2026-07-12,sc-domain:fermatmind.com,web,country,索马里,0,3,0.0,11.0,142,1000,NOT_AVAILABLE_IN_UI_EXPORT,Single-dimension GSC UI export; rows cannot be joined across dimensions; top-row and UI cap limitations apply.
VERIFIED_GSC_UI_SINGLE_DIMENSION,prev28,2026-06-15,2026-07-12,sc-domain:fermatmind.com,web,country,马尔代夫,0,3,0.0,11.67,143,1000,NOT_AVAILABLE_IN_UI_EXPORT,Single-dimension GSC UI export; rows cannot be joined across dimensions; top-row and UI cap limitations apply.
VERIFIED_GSC_UI_SINGLE_DIMENSION,prev28,2026-06-15,2026-07-12,sc-domain:fermatmind.com,web,country,海地,0,3,0.0,14.33,144,1000,NOT_AVAILABLE_IN_UI_EXPORT,Single-dimension GSC UI export; rows cannot be joined across dimensions; top-row and UI cap limitations apply.
VERIFIED_GSC_UI_SINGLE_DIMENSION,prev28,2026-06-15,2026-07-12,sc-domain:fermatmind.com,web,country,伯利兹,0,3,0.0,15.0,145,1000,NOT_AVAILABLE_IN_UI_EXPORT,Single-dimension GSC UI export; rows cannot be joined across dimensions; top-row and UI cap limitations apply.
VERIFIED_GSC_UI_SINGLE_DIMENSION,prev28,2026-06-15,2026-07-12,sc-domain:fermatmind.com,web,country,苏里南,0,3,0.0,23.0,146,1000,NOT_AVAILABLE_IN_UI_EXPORT,Single-dimension GSC UI export; rows cannot be joined across dimensions; top-row and UI cap limitations apply.
VERIFIED_GSC_UI_SINGLE_DIMENSION,prev28,2026-06-15,2026-07-12,sc-domain:fermatmind.com,web,country,库拉索,0,2,0.0,4.5,147,1000,NOT_AVAILABLE_IN_UI_EXPORT,Single-dimension GSC UI export; rows cannot be joined across dimensions; top-row and UI cap limitations apply.
VERIFIED_GSC_UI_SINGLE_DIMENSION,prev28,2026-06-15,2026-07-12,sc-domain:fermatmind.com,web,country,吉布提,0,2,0.0,5.0,148,1000,NOT_AVAILABLE_IN_UI_EXPORT,Single-dimension GSC UI export; rows cannot be joined across dimensions; top-row and UI cap limitations apply.
VERIFIED_GSC_UI_SINGLE_DIMENSION,prev28,2026-06-15,2026-07-12,sc-domain:fermatmind.com,web,country,荷属圣马丁岛,0,2,0.0,5.0,149,1000,NOT_AVAILABLE_IN_UI_EXPORT,Single-dimension GSC UI export; rows cannot be joined across dimensions; top-row and UI cap limitations apply.
VERIFIED_GSC_UI_SINGLE_DIMENSION,prev28,2026-06-15,2026-07-12,sc-domain:fermatmind.com,web,country,斐济,0,2,0.0,6.0,150,1000,NOT_AVAILABLE_IN_UI_EXPORT,Single-dimension GSC UI export; rows cannot be joined across dimensions; top-row and UI cap limitations apply.
VERIFIED_GSC_UI_SINGLE_DIMENSION,prev28,2026-06-15,2026-07-12,sc-domain:fermatmind.com,web,country,利比里亚,0,2,0.0,6.5,151,1000,NOT_AVAILABLE_IN_UI_EXPORT,Single-dimension GSC UI export; rows cannot be joined across dimensions; top-row and UI cap limitations apply.
VERIFIED_GSC_UI_SINGLE_DIMENSION,prev28,2026-06-15,2026-07-12,sc-domain:fermatmind.com,web,country,黑山,0,2,0.0,7.0,152,1000,NOT_AVAILABLE_IN_UI_EXPORT,Single-dimension GSC UI export; rows cannot be joined across dimensions; top-row and UI cap limitations apply.
VERIFIED_GSC_UI_SINGLE_DIMENSION,prev28,2026-06-15,2026-07-12,sc-domain:fermatmind.com,web,country,马拉维,0,2,0.0,7.0,153,1000,NOT_AVAILABLE_IN_UI_EXPORT,Single-dimension GSC UI export; rows cannot be joined across dimensions; top-row and UI cap limitations apply.
VERIFIED_GSC_UI_SINGLE_DIMENSION,prev28,2026-06-15,2026-07-12,sc-domain:fermatmind.com,web,country,佛得角,0,2,0.0,7.5,154,1000,NOT_AVAILABLE_IN_UI_EXPORT,Single-dimension GSC UI export; rows cannot be joined across dimensions; top-row and UI cap limitations apply.
VERIFIED_GSC_UI_SINGLE_DIMENSION,prev28,2026-06-15,2026-07-12,sc-domain:fermatmind.com,web,country,冰岛,0,2,0.0,8.0,155,1000,NOT_AVAILABLE_IN_UI_EXPORT,Single-dimension GSC UI export; rows cannot be joined across dimensions; top-row and UI cap limitations apply.
VERIFIED_GSC_UI_SINGLE_DIMENSION,prev28,2026-06-15,2026-07-12,sc-domain:fermatmind.com,web,country,百慕大,0,2,0.0,8.5,156,1000,NOT_AVAILABLE_IN_UI_EXPORT,Single-dimension GSC UI export; rows cannot be joined across dimensions; top-row and UI cap limitations apply.
VERIFIED_GSC_UI_SINGLE_DIMENSION,prev28,2026-06-15,2026-07-12,sc-domain:fermatmind.com,web,country,卢旺达,0,2,0.0,9.0,157,1000,NOT_AVAILABLE_IN_UI_EXPORT,Single-dimension GSC UI export; rows cannot be joined across dimensions; top-row and UI cap limitations apply.
VERIFIED_GSC_UI_SINGLE_DIMENSION,prev28,2026-06-15,2026-07-12,sc-domain:fermatmind.com,web,country,科索沃,0,2,0.0,9.0,158,1000,NOT_AVAILABLE_IN_UI_EXPORT,Single-dimension GSC UI export; rows cannot be joined across dimensions; top-row and UI cap limitations apply.
VERIFIED_GSC_UI_SINGLE_DIMENSION,prev28,2026-06-15,2026-07-12,sc-domain:fermatmind.com,web,country,贝宁,0,2,0.0,9.5,159,1000,NOT_AVAILABLE_IN_UI_EXPORT,Single-dimension GSC UI export; rows cannot be joined across dimensions; top-row and UI cap limitations apply.
VERIFIED_GSC_UI_SINGLE_DIMENSION,prev28,2026-06-15,2026-07-12,sc-domain:fermatmind.com,web,country,西撒哈拉,0,2,0.0,10.0,160,1000,NOT_AVAILABLE_IN_UI_EXPORT,Single-dimension GSC UI export; rows cannot be joined across dimensions; top-row and UI cap limitations apply.
VERIFIED_GSC_UI_SINGLE_DIMENSION,prev28,2026-06-15,2026-07-12,sc-domain:fermatmind.com,web,country,阿富汗,0,2,0.0,10.5,161,1000,NOT_AVAILABLE_IN_UI_EXPORT,Single-dimension GSC UI export; rows cannot be joined across dimensions; top-row and UI cap limitations apply.
VERIFIED_GSC_UI_SINGLE_DIMENSION,prev28,2026-06-15,2026-07-12,sc-domain:fermatmind.com,web,country,东帝汶,0,2,0.0,10.5,162,1000,NOT_AVAILABLE_IN_UI_EXPORT,Single-dimension GSC UI export; rows cannot be joined across dimensions; top-row and UI cap limitations apply.
VERIFIED_GSC_UI_SINGLE_DIMENSION,prev28,2026-06-15,2026-07-12,sc-domain:fermatmind.com,web,country,莱索托,0,2,0.0,11.0,163,1000,NOT_AVAILABLE_IN_UI_EXPORT,Single-dimension GSC UI export; rows cannot be joined across dimensions; top-row and UI cap limitations apply.
VERIFIED_GSC_UI_SINGLE_DIMENSION,prev28,2026-06-15,2026-07-12,sc-domain:fermatmind.com,web,country,尼日尔,0,2,0.0,11.0,164,1000,NOT_AVAILABLE_IN_UI_EXPORT,Single-dimension GSC UI export; rows cannot be joined across dimensions; top-row and UI cap limitations apply.
VERIFIED_GSC_UI_SINGLE_DIMENSION,prev28,2026-06-15,2026-07-12,sc-domain:fermatmind.com,web,country,莫桑比克,0,2,0.0,14.5,165,1000,NOT_AVAILABLE_IN_UI_EXPORT,Single-dimension GSC UI export; rows cannot be joined across dimensions; top-row and UI cap limitations apply.
VERIFIED_GSC_UI_SINGLE_DIMENSION,prev28,2026-06-15,2026-07-12,sc-domain:fermatmind.com,web,country,马达加斯加,0,2,0.0,45.5,166,1000,NOT_AVAILABLE_IN_UI_EXPORT,Single-dimension GSC UI export; rows cannot be joined across dimensions; top-row and UI cap limitations apply.
VERIFIED_GSC_UI_SINGLE_DIMENSION,prev28,2026-06-15,2026-07-12,sc-domain:fermatmind.com,web,country,新喀里多尼亚,0,1,0.0,2.0,167,1000,NOT_AVAILABLE_IN_UI_EXPORT,Single-dimension GSC UI export; rows cannot be joined across dimensions; top-row and UI cap limitations apply.
VERIFIED_GSC_UI_SINGLE_DIMENSION,prev28,2026-06-15,2026-07-12,sc-domain:fermatmind.com,web,country,开曼群岛,0,1,0.0,4.0,168,1000,NOT_AVAILABLE_IN_UI_EXPORT,Single-dimension GSC UI export; rows cannot be joined across dimensions; top-row and UI cap limitations apply.
VERIFIED_GSC_UI_SINGLE_DIMENSION,prev28,2026-06-15,2026-07-12,sc-domain:fermatmind.com,web,country,北马里亚纳群岛,0,1,0.0,4.0,169,1000,NOT_AVAILABLE_IN_UI_EXPORT,Single-dimension GSC UI export; rows cannot be joined across dimensions; top-row and UI cap limitations apply.
VERIFIED_GSC_UI_SINGLE_DIMENSION,prev28,2026-06-15,2026-07-12,sc-domain:fermatmind.com,web,country,纽埃,0,1,0.0,4.0,170,1000,NOT_AVAILABLE_IN_UI_EXPORT,Single-dimension GSC UI export; rows cannot be joined across dimensions; top-row and UI cap limitations apply.
VERIFIED_GSC_UI_SINGLE_DIMENSION,prev28,2026-06-15,2026-07-12,sc-domain:fermatmind.com,web,country,格林纳达,0,1,0.0,5.0,171,1000,NOT_AVAILABLE_IN_UI_EXPORT,Single-dimension GSC UI export; rows cannot be joined across dimensions; top-row and UI cap limitations apply.
VERIFIED_GSC_UI_SINGLE_DIMENSION,prev28,2026-06-15,2026-07-12,sc-domain:fermatmind.com,web,country,巴布亚新几内亚,0,1,0.0,5.0,172,1000,NOT_AVAILABLE_IN_UI_EXPORT,Single-dimension GSC UI export; rows cannot be joined across dimensions; top-row and UI cap limitations apply.
VERIFIED_GSC_UI_SINGLE_DIMENSION,prev28,2026-06-15,2026-07-12,sc-domain:fermatmind.com,web,country,塔吉克斯坦,0,1,0.0,5.0,173,1000,NOT_AVAILABLE_IN_UI_EXPORT,Single-dimension GSC UI export; rows cannot be joined across dimensions; top-row and UI cap limitations apply.
VERIFIED_GSC_UI_SINGLE_DIMENSION,prev28,2026-06-15,2026-07-12,sc-domain:fermatmind.com,web,country,不丹,0,1,0.0,6.0,174,1000,NOT_AVAILABLE_IN_UI_EXPORT,Single-dimension GSC UI export; rows cannot be joined across dimensions; top-row and UI cap limitations apply.
VERIFIED_GSC_UI_SINGLE_DIMENSION,prev28,2026-06-15,2026-07-12,sc-domain:fermatmind.com,web,country,斯威士兰,0,1,0.0,6.0,175,1000,NOT_AVAILABLE_IN_UI_EXPORT,Single-dimension GSC UI export; rows cannot be joined across dimensions; top-row and UI cap limitations apply.
VERIFIED_GSC_UI_SINGLE_DIMENSION,prev28,2026-06-15,2026-07-12,sc-domain:fermatmind.com,web,country,瓦努阿图,0,1,0.0,6.0,176,1000,NOT_AVAILABLE_IN_UI_EXPORT,Single-dimension GSC UI export; rows cannot be joined across dimensions; top-row and UI cap limitations apply.
VERIFIED_GSC_UI_SINGLE_DIMENSION,prev28,2026-06-15,2026-07-12,sc-domain:fermatmind.com,web,country,留尼汪岛,0,1,0.0,7.0,177,1000,NOT_AVAILABLE_IN_UI_EXPORT,Single-dimension GSC UI export; rows cannot be joined across dimensions; top-row and UI cap limitations apply.
VERIFIED_GSC_UI_SINGLE_DIMENSION,prev28,2026-06-15,2026-07-12,sc-domain:fermatmind.com,web,country,土库曼斯坦,0,1,0.0,7.0,178,1000,NOT_AVAILABLE_IN_UI_EXPORT,Single-dimension GSC UI export; rows cannot be joined across dimensions; top-row and UI cap limitations apply.
VERIFIED_GSC_UI_SINGLE_DIMENSION,prev28,2026-06-15,2026-07-12,sc-domain:fermatmind.com,web,country,几内亚,0,1,0.0,8.0,179,1000,NOT_AVAILABLE_IN_UI_EXPORT,Single-dimension GSC UI export; rows cannot be joined across dimensions; top-row and UI cap limitations apply.
VERIFIED_GSC_UI_SINGLE_DIMENSION,prev28,2026-06-15,2026-07-12,sc-domain:fermatmind.com,web,country,所罗门群岛,0,1,0.0,8.0,180,1000,NOT_AVAILABLE_IN_UI_EXPORT,Single-dimension GSC UI export; rows cannot be joined across dimensions; top-row and UI cap limitations apply.
VERIFIED_GSC_UI_SINGLE_DIMENSION,prev28,2026-06-15,2026-07-12,sc-domain:fermatmind.com,web,country,也门,0,1,0.0,8.0,181,1000,NOT_AVAILABLE_IN_UI_EXPORT,Single-dimension GSC UI export; rows cannot be joined across dimensions; top-row and UI cap limitations apply.
VERIFIED_GSC_UI_SINGLE_DIMENSION,prev28,2026-06-15,2026-07-12,sc-domain:fermatmind.com,web,country,奥兰群岛,0,1,0.0,10.0,182,1000,NOT_AVAILABLE_IN_UI_EXPORT,Single-dimension GSC UI export; rows cannot be joined across dimensions; top-row and UI cap limitations apply.
VERIFIED_GSC_UI_SINGLE_DIMENSION,prev28,2026-06-15,2026-07-12,sc-domain:fermatmind.com,web,country,圣卢西亚,0,1,0.0,10.0,183,1000,NOT_AVAILABLE_IN_UI_EXPORT,Single-dimension GSC UI export; rows cannot be joined across dimensions; top-row and UI cap limitations apply.
VERIFIED_GSC_UI_SINGLE_DIMENSION,prev28,2026-06-15,2026-07-12,sc-domain:fermatmind.com,web,country,英属维尔京群岛,0,1,0.0,11.0,184,1000,NOT_AVAILABLE_IN_UI_EXPORT,Single-dimension GSC UI export; rows cannot be joined across dimensions; top-row and UI cap limitations apply.
VERIFIED_GSC_UI_SINGLE_DIMENSION,prev28,2026-06-15,2026-07-12,sc-domain:fermatmind.com,web,country,法罗群岛,0,1,0.0,12.0,185,1000,NOT_AVAILABLE_IN_UI_EXPORT,Single-dimension GSC UI export; rows cannot be joined across dimensions; top-row and UI cap limitations apply.
VERIFIED_GSC_UI_SINGLE_DIMENSION,prev28,2026-06-15,2026-07-12,sc-domain:fermatmind.com,web,country,加勒比荷兰,0,1,0.0,13.0,186,1000,NOT_AVAILABLE_IN_UI_EXPORT,Single-dimension GSC UI export; rows cannot be joined across dimensions; top-row and UI cap limitations apply.
VERIFIED_GSC_UI_SINGLE_DIMENSION,prev28,2026-06-15,2026-07-12,sc-domain:fermatmind.com,web,country,库克群岛,0,1,0.0,16.0,187,1000,NOT_AVAILABLE_IN_UI_EXPORT,Single-dimension GSC UI export; rows cannot be joined across dimensions; top-row and UI cap limitations apply.
VERIFIED_GSC_UI_SINGLE_DIMENSION,prev28,2026-06-15,2026-07-12,sc-domain:fermatmind.com,web,country,赤道几内亚,0,1,0.0,22.0,188,1000,NOT_AVAILABLE_IN_UI_EXPORT,Single-dimension GSC UI export; rows cannot be joined across dimensions; top-row and UI cap limitations apply.
VERIFIED_GSC_UI_SINGLE_DIMENSION,prev28,2026-06-15,2026-07-12,sc-domain:fermatmind.com,web,country,塞舌尔,0,1,0.0,22.0,189,1000,NOT_AVAILABLE_IN_UI_EXPORT,Single-dimension GSC UI export; rows cannot be joined across dimensions; top-row and UI cap limitations apply.
VERIFIED_GSC_UI_SINGLE_DIMENSION,prev28,2026-06-15,2026-07-12,sc-domain:fermatmind.com,web,country,圣基茨和尼维斯,0,1,0.0,27.0,190,1000,NOT_AVAILABLE_IN_UI_EXPORT,Single-dimension GSC UI export; rows cannot be joined across dimensions; top-row and UI cap limitations apply.
VERIFIED_GSC_UI_SINGLE_DIMENSION,day90,2026-05-12,2026-08-09,sc-domain:fermatmind.com,web,country,中国,104,6372,1.63,7.58,1,1000,NOT_AVAILABLE_IN_UI_EXPORT,Single-dimension GSC UI export; rows cannot be joined across dimensions; top-row and UI cap limitations apply.
VERIFIED_GSC_UI_SINGLE_DIMENSION,day90,2026-05-12,2026-08-09,sc-domain:fermatmind.com,web,country,马来西亚,44,2716,1.62,8.95,2,1000,NOT_AVAILABLE_IN_UI_EXPORT,Single-dimension GSC UI export; rows cannot be joined across dimensions; top-row and UI cap limitations apply.
VERIFIED_GSC_UI_SINGLE_DIMENSION,day90,2026-05-12,2026-08-09,sc-domain:fermatmind.com,web,country,美国,40,31209,0.13,11.31,3,1000,NOT_AVAILABLE_IN_UI_EXPORT,Single-dimension GSC UI export; rows cannot be joined across dimensions; top-row and UI cap limitations apply.
VERIFIED_GSC_UI_SINGLE_DIMENSION,day90,2026-05-12,2026-08-09,sc-domain:fermatmind.com,web,country,台湾,32,1684,1.9,8.15,4,1000,NOT_AVAILABLE_IN_UI_EXPORT,Single-dimension GSC UI export; rows cannot be joined across dimensions; top-row and UI cap limitations apply.
VERIFIED_GSC_UI_SINGLE_DIMENSION,day90,2026-05-12,2026-08-09,sc-domain:fermatmind.com,web,country,中国香港,28,2496,1.12,12.23,5,1000,NOT_AVAILABLE_IN_UI_EXPORT,Single-dimension GSC UI export; rows cannot be joined across dimensions; top-row and UI cap limitations apply.
VERIFIED_GSC_UI_SINGLE_DIMENSION,day90,2026-05-12,2026-08-09,sc-domain:fermatmind.com,web,country,新加坡,26,2161,1.2,7.93,6,1000,NOT_AVAILABLE_IN_UI_EXPORT,Single-dimension GSC UI export; rows cannot be joined across dimensions; top-row and UI cap limitations apply.
VERIFIED_GSC_UI_SINGLE_DIMENSION,day90,2026-05-12,2026-08-09,sc-domain:fermatmind.com,web,country,日本,18,1494,1.2,7.78,7,1000,NOT_AVAILABLE_IN_UI_EXPORT,Single-dimension GSC UI export; rows cannot be joined across dimensions; top-row and UI cap limitations apply.
VERIFIED_GSC_UI_SINGLE_DIMENSION,day90,2026-05-12,2026-08-09,sc-domain:fermatmind.com,web,country,加拿大,13,2024,0.64,16.33,8,1000,NOT_AVAILABLE_IN_UI_EXPORT,Single-dimension GSC UI export; rows cannot be joined across dimensions; top-row and UI cap limitations apply.
VERIFIED_GSC_UI_SINGLE_DIMENSION,day90,2026-05-12,2026-08-09,sc-domain:fermatmind.com,web,country,英国,8,1145,0.7,15.02,9,1000,NOT_AVAILABLE_IN_UI_EXPORT,Single-dimension GSC UI export; rows cannot be joined across dimensions; top-row and UI cap limitations apply.
VERIFIED_GSC_UI_SINGLE_DIMENSION,day90,2026-05-12,2026-08-09,sc-domain:fermatmind.com,web,country,澳门,7,455,1.54,7.74,10,1000,NOT_AVAILABLE_IN_UI_EXPORT,Single-dimension GSC UI export; rows cannot be joined across dimensions; top-row and UI cap limitations apply.
VERIFIED_GSC_UI_SINGLE_DIMENSION,day90,2026-05-12,2026-08-09,sc-domain:fermatmind.com,web,country,德国,5,1157,0.43,9.0,11,1000,NOT_AVAILABLE_IN_UI_EXPORT,Single-dimension GSC UI export; rows cannot be joined across dimensions; top-row and UI cap limitations apply.
VERIFIED_GSC_UI_SINGLE_DIMENSION,day90,2026-05-12,2026-08-09,sc-domain:fermatmind.com,web,country,澳大利亚,5,1084,0.46,14.17,12,1000,NOT_AVAILABLE_IN_UI_EXPORT,Single-dimension GSC UI export; rows cannot be joined across dimensions; top-row and UI cap limitations apply.
VERIFIED_GSC_UI_SINGLE_DIMENSION,day90,2026-05-12,2026-08-09,sc-domain:fermatmind.com,web,country,法国,5,565,0.88,9.12,13,1000,NOT_AVAILABLE_IN_UI_EXPORT,Single-dimension GSC UI export; rows cannot be joined across dimensions; top-row and UI cap limitations apply.
VERIFIED_GSC_UI_SINGLE_DIMENSION,day90,2026-05-12,2026-08-09,sc-domain:fermatmind.com,web,country,印度尼西亚,3,1076,0.28,9.92,14,1000,NOT_AVAILABLE_IN_UI_EXPORT,Single-dimension GSC UI export; rows cannot be joined across dimensions; top-row and UI cap limitations apply.
VERIFIED_GSC_UI_SINGLE_DIMENSION,day90,2026-05-12,2026-08-09,sc-domain:fermatmind.com,web,country,意大利,3,550,0.55,9.4,15,1000,NOT_AVAILABLE_IN_UI_EXPORT,Single-dimension GSC UI export; rows cannot be joined across dimensions; top-row and UI cap limitations apply.
VERIFIED_GSC_UI_SINGLE_DIMENSION,day90,2026-05-12,2026-08-09,sc-domain:fermatmind.com,web,country,俄罗斯,3,375,0.8,13.68,16,1000,NOT_AVAILABLE_IN_UI_EXPORT,Single-dimension GSC UI export; rows cannot be joined across dimensions; top-row and UI cap limitations apply.
VERIFIED_GSC_UI_SINGLE_DIMENSION,day90,2026-05-12,2026-08-09,sc-domain:fermatmind.com,web,country,越南,2,2489,0.08,13.28,17,1000,NOT_AVAILABLE_IN_UI_EXPORT,Single-dimension GSC UI export; rows cannot be joined across dimensions; top-row and UI cap limitations apply.
VERIFIED_GSC_UI_SINGLE_DIMENSION,day90,2026-05-12,2026-08-09,sc-domain:fermatmind.com,web,country,菲律宾,2,1500,0.13,11.13,18,1000,NOT_AVAILABLE_IN_UI_EXPORT,Single-dimension GSC UI export; rows cannot be joined across dimensions; top-row and UI cap limitations apply.
VERIFIED_GSC_UI_SINGLE_DIMENSION,day90,2026-05-12,2026-08-09,sc-domain:fermatmind.com,web,country,荷兰,2,954,0.21,9.82,19,1000,NOT_AVAILABLE_IN_UI_EXPORT,Single-dimension GSC UI export; rows cannot be joined across dimensions; top-row and UI cap limitations apply.
VERIFIED_GSC_UI_SINGLE_DIMENSION,day90,2026-05-12,2026-08-09,sc-domain:fermatmind.com,web,country,南非,2,439,0.46,13.17,20,1000,NOT_AVAILABLE_IN_UI_EXPORT,Single-dimension GSC UI export; rows cannot be joined across dimensions; top-row and UI cap limitations apply.
VERIFIED_GSC_UI_SINGLE_DIMENSION,day90,2026-05-12,2026-08-09,sc-domain:fermatmind.com,web,country,阿拉伯联合酋长国,2,384,0.52,12.7,21,1000,NOT_AVAILABLE_IN_UI_EXPORT,Single-dimension GSC UI export; rows cannot be joined across dimensions; top-row and UI cap limitations apply.
VERIFIED_GSC_UI_SINGLE_DIMENSION,day90,2026-05-12,2026-08-09,sc-domain:fermatmind.com,web,country,新西兰,2,281,0.71,13.26,22,1000,NOT_AVAILABLE_IN_UI_EXPORT,Single-dimension GSC UI export; rows cannot be joined across dimensions; top-row and UI cap limitations apply.
VERIFIED_GSC_UI_SINGLE_DIMENSION,day90,2026-05-12,2026-08-09,sc-domain:fermatmind.com,web,country,希腊,2,89,2.25,12.73,23,1000,NOT_AVAILABLE_IN_UI_EXPORT,Single-dimension GSC UI export; rows cannot be joined across dimensions; top-row and UI cap limitations apply.
VERIFIED_GSC_UI_SINGLE_DIMENSION,day90,2026-05-12,2026-08-09,sc-domain:fermatmind.com,web,country,乌干达,2,31,6.45,9.32,24,1000,NOT_AVAILABLE_IN_UI_EXPORT,Single-dimension GSC UI export; rows cannot be joined across dimensions; top-row and UI cap limitations apply.
VERIFIED_GSC_UI_SINGLE_DIMENSION,day90,2026-05-12,2026-08-09,sc-domain:fermatmind.com,web,country,巴西,1,1801,0.06,19.86,25,1000,NOT_AVAILABLE_IN_UI_EXPORT,Single-dimension GSC UI export; rows cannot be joined across dimensions; top-row and UI cap limitations apply.
VERIFIED_GSC_UI_SINGLE_DIMENSION,day90,2026-05-12,2026-08-09,sc-domain:fermatmind.com,web,country,印度,1,1398,0.07,12.23,26,1000,NOT_AVAILABLE_IN_UI_EXPORT,Single-dimension GSC UI export; rows cannot be joined across dimensions; top-row and UI cap limitations apply.
VERIFIED_GSC_UI_SINGLE_DIMENSION,day90,2026-05-12,2026-08-09,sc-domain:fermatmind.com,web,country,墨西哥,1,642,0.16,18.1,27,1000,NOT_AVAILABLE_IN_UI_EXPORT,Single-dimension GSC UI export; rows cannot be joined across dimensions; top-row and UI cap limitations apply.
VERIFIED_GSC_UI_SINGLE_DIMENSION,day90,2026-05-12,2026-08-09,sc-domain:fermatmind.com,web,country,韩国,1,550,0.18,7.73,28,1000,NOT_AVAILABLE_IN_UI_EXPORT,Single-dimension GSC UI export; rows cannot be joined across dimensions; top-row and UI cap limitations apply.
VERIFIED_GSC_UI_SINGLE_DIMENSION,day90,2026-05-12,2026-08-09,sc-domain:fermatmind.com,web,country,泰国,1,528,0.19,14.33,29,1000,NOT_AVAILABLE_IN_UI_EXPORT,Single-dimension GSC UI export; rows cannot be joined across dimensions; top-row and UI cap limitations apply.
VERIFIED_GSC_UI_SINGLE_DIMENSION,day90,2026-05-12,2026-08-09,sc-domain:fermatmind.com,web,country,巴基斯坦,1,509,0.2,13.09,30,1000,NOT_AVAILABLE_IN_UI_EXPORT,Single-dimension GSC UI export; rows cannot be joined across dimensions; top-row and UI cap limitations apply.
VERIFIED_GSC_UI_SINGLE_DIMENSION,day90,2026-05-12,2026-08-09,sc-domain:fermatmind.com,web,country,西班牙,1,416,0.24,13.56,31,1000,NOT_AVAILABLE_IN_UI_EXPORT,Single-dimension GSC UI export; rows cannot be joined across dimensions; top-row and UI cap limitations apply.
VERIFIED_GSC_UI_SINGLE_DIMENSION,day90,2026-05-12,2026-08-09,sc-domain:fermatmind.com,web,country,肯尼亚,1,193,0.52,11.12,32,1000,NOT_AVAILABLE_IN_UI_EXPORT,Single-dimension GSC UI export; rows cannot be joined across dimensions; top-row and UI cap limitations apply.
VERIFIED_GSC_UI_SINGLE_DIMENSION,day90,2026-05-12,2026-08-09,sc-domain:fermatmind.com,web,country,缅甸,1,172,0.58,7.6,33,1000,NOT_AVAILABLE_IN_UI_EXPORT,Single-dimension GSC UI export; rows cannot be joined across dimensions; top-row and UI cap limitations apply.
VERIFIED_GSC_UI_SINGLE_DIMENSION,day90,2026-05-12,2026-08-09,sc-domain:fermatmind.com,web,country,埃及,1,172,0.58,11.37,34,1000,NOT_AVAILABLE_IN_UI_EXPORT,Single-dimension GSC UI export; rows cannot be joined across dimensions; top-row and UI cap limitations apply.
VERIFIED_GSC_UI_SINGLE_DIMENSION,day90,2026-05-12,2026-08-09,sc-domain:fermatmind.com,web,country,以色列,1,141,0.71,20.36,35,1000,NOT_AVAILABLE_IN_UI_EXPORT,Single-dimension GSC UI export; rows cannot be joined across dimensions; top-row and UI cap limitations apply.
VERIFIED_GSC_UI_SINGLE_DIMENSION,day90,2026-05-12,2026-08-09,sc-domain:fermatmind.com,web,country,爱尔兰,1,121,0.83,16.28,36,1000,NOT_AVAILABLE_IN_UI_EXPORT,Single-dimension GSC UI export; rows cannot be joined across dimensions; top-row and UI cap limitations apply.
VERIFIED_GSC_UI_SINGLE_DIMENSION,day90,2026-05-12,2026-08-09,sc-domain:fermatmind.com,web,country,瑞士,1,119,0.84,10.78,37,1000,NOT_AVAILABLE_IN_UI_EXPORT,Single-dimension GSC UI export; rows cannot be joined across dimensions; top-row and UI cap limitations apply.
VERIFIED_GSC_UI_SINGLE_DIMENSION,day90,2026-05-12,2026-08-09,sc-domain:fermatmind.com,web,country,柬埔寨,1,104,0.96,9.46,38,1000,NOT_AVAILABLE_IN_UI_EXPORT,Single-dimension GSC UI export; rows cannot be joined across dimensions; top-row and UI cap limitations apply.
VERIFIED_GSC_UI_SINGLE_DIMENSION,day90,2026-05-12,2026-08-09,sc-domain:fermatmind.com,web,country,匈牙利,1,98,1.02,10.03,39,1000,NOT_AVAILABLE_IN_UI_EXPORT,Single-dimension GSC UI export; rows cannot be joined across dimensions; top-row and UI cap limitations apply.
VERIFIED_GSC_UI_SINGLE_DIMENSION,day90,2026-05-12,2026-08-09,sc-domain:fermatmind.com,web,country,葡萄牙,1,92,1.09,9.79,40,1000,NOT_AVAILABLE_IN_UI_EXPORT,Single-dimension GSC UI export; rows cannot be joined across dimensions; top-row and UI cap limitations apply.
VERIFIED_GSC_UI_SINGLE_DIMENSION,day90,2026-05-12,2026-08-09,sc-domain:fermatmind.com,web,country,伊朗,1,84,1.19,7.93,41,1000,NOT_AVAILABLE_IN_UI_EXPORT,Single-dimension GSC UI export; rows cannot be joined across dimensions; top-row and UI cap limitations apply.
VERIFIED_GSC_UI_SINGLE_DIMENSION,day90,2026-05-12,2026-08-09,sc-domain:fermatmind.com,web,country,奥地利,1,80,1.25,7.96,42,1000,NOT_AVAILABLE_IN_UI_EXPORT,Single-dimension GSC UI export; rows cannot be joined across dimensions; top-row and UI cap limitations apply.
VERIFIED_GSC_UI_SINGLE_DIMENSION,day90,2026-05-12,2026-08-09,sc-domain:fermatmind.com,web,country,塞尔维亚,1,75,1.33,8.4,43,1000,NOT_AVAILABLE_IN_UI_EXPORT,Single-dimension GSC UI export; rows cannot be joined across dimensions; top-row and UI cap limitations apply.
VERIFIED_GSC_UI_SINGLE_DIMENSION,day90,2026-05-12,2026-08-09,sc-domain:fermatmind.com,web,country,白俄罗斯,1,61,1.64,12.26,44,1000,NOT_AVAILABLE_IN_UI_EXPORT,Single-dimension GSC UI export; rows cannot be joined across dimensions; top-row and UI cap limitations apply.
VERIFIED_GSC_UI_SINGLE_DIMENSION,day90,2026-05-12,2026-08-09,sc-domain:fermatmind.com,web,country,保加利亚,1,44,2.27,9.8,45,1000,NOT_AVAILABLE_IN_UI_EXPORT,Single-dimension GSC UI export; rows cannot be joined across dimensions; top-row and UI cap limitations apply.
VERIFIED_GSC_UI_SINGLE_DIMENSION,day90,2026-05-12,2026-08-09,sc-domain:fermatmind.com,web,country,吉尔吉斯斯坦,1,36,2.78,10.28,46,1000,NOT_AVAILABLE_IN_UI_EXPORT,Single-dimension GSC UI export; rows cannot be joined across dimensions; top-row and UI cap limitations apply.
VERIFIED_GSC_UI_SINGLE_DIMENSION,day90,2026-05-12,2026-08-09,sc-domain:fermatmind.com,web,country,亚美尼亚,1,26,3.85,8.08,47,1000,NOT_AVAILABLE_IN_UI_EXPORT,Single-dimension GSC UI export; rows cannot be joined across dimensions; top-row and UI cap limitations apply.
VERIFIED_GSC_UI_SINGLE_DIMENSION,day90,2026-05-12,2026-08-09,sc-domain:fermatmind.com,web,country,科索沃,1,9,11.11,8.44,48,1000,NOT_AVAILABLE_IN_UI_EXPORT,Single-dimension GSC UI export; rows cannot be joined across dimensions; top-row and UI cap limitations apply.
VERIFIED_GSC_UI_SINGLE_DIMENSION,day90,2026-05-12,2026-08-09,sc-domain:fermatmind.com,web,country,孟加拉,0,772,0.0,22.7,49,1000,NOT_AVAILABLE_IN_UI_EXPORT,Single-dimension GSC UI export; rows cannot be joined across dimensions; top-row and UI cap limitations apply.
VERIFIED_GSC_UI_SINGLE_DIMENSION,day90,2026-05-12,2026-08-09,sc-domain:fermatmind.com,web,country,阿根廷,0,682,0.0,20.52,50,1000,NOT_AVAILABLE_IN_UI_EXPORT,Single-dimension GSC UI export; rows cannot be joined across dimensions; top-row and UI cap limitations apply.
VERIFIED_GSC_UI_SINGLE_DIMENSION,day90,2026-05-12,2026-08-09,sc-domain:fermatmind.com,web,country,伊拉克,0,487,0.0,14.43,51,1000,NOT_AVAILABLE_IN_UI_EXPORT,Single-dimension GSC UI export; rows cannot be joined across dimensions; top-row and UI cap limitations apply.
VERIFIED_GSC_UI_SINGLE_DIMENSION,day90,2026-05-12,2026-08-09,sc-domain:fermatmind.com,web,country,沙特阿拉伯,0,399,0.0,15.87,52,1000,NOT_AVAILABLE_IN_UI_EXPORT,Single-dimension GSC UI export; rows cannot be joined across dimensions; top-row and UI cap limitations apply.
VERIFIED_GSC_UI_SINGLE_DIMENSION,day90,2026-05-12,2026-08-09,sc-domain:fermatmind.com,web,country,土耳其,0,398,0.0,13.9,53,1000,NOT_AVAILABLE_IN_UI_EXPORT,Single-dimension GSC UI export; rows cannot be joined across dimensions; top-row and UI cap limitations apply.
VERIFIED_GSC_UI_SINGLE_DIMENSION,day90,2026-05-12,2026-08-09,sc-domain:fermatmind.com,web,country,摩洛哥,0,382,0.0,20.2,54,1000,NOT_AVAILABLE_IN_UI_EXPORT,Single-dimension GSC UI export; rows cannot be joined across dimensions; top-row and UI cap limitations apply.
VERIFIED_GSC_UI_SINGLE_DIMENSION,day90,2026-05-12,2026-08-09,sc-domain:fermatmind.com,web,country,哥伦比亚,0,368,0.0,22.87,55,1000,NOT_AVAILABLE_IN_UI_EXPORT,Single-dimension GSC UI export; rows cannot be joined across dimensions; top-row and UI cap limitations apply.
VERIFIED_GSC_UI_SINGLE_DIMENSION,day90,2026-05-12,2026-08-09,sc-domain:fermatmind.com,web,country,乌克兰,0,300,0.0,12.5,56,1000,NOT_AVAILABLE_IN_UI_EXPORT,Single-dimension GSC UI export; rows cannot be joined across dimensions; top-row and UI cap limitations apply.
VERIFIED_GSC_UI_SINGLE_DIMENSION,day90,2026-05-12,2026-08-09,sc-domain:fermatmind.com,web,country,智利,0,245,0.0,14.14,57,1000,NOT_AVAILABLE_IN_UI_EXPORT,Single-dimension GSC UI export; rows cannot be joined across dimensions; top-row and UI cap limitations apply.
VERIFIED_GSC_UI_SINGLE_DIMENSION,day90,2026-05-12,2026-08-09,sc-domain:fermatmind.com,web,country,委内瑞拉,0,240,0.0,17.17,58,1000,NOT_AVAILABLE_IN_UI_EXPORT,Single-dimension GSC UI export; rows cannot be joined across dimensions; top-row and UI cap limitations apply.
VERIFIED_GSC_UI_SINGLE_DIMENSION,day90,2026-05-12,2026-08-09,sc-domain:fermatmind.com,web,country,约旦,0,216,0.0,13.61,59,1000,NOT_AVAILABLE_IN_UI_EXPORT,Single-dimension GSC UI export; rows cannot be joined across dimensions; top-row and UI cap limitations apply.
VERIFIED_GSC_UI_SINGLE_DIMENSION,day90,2026-05-12,2026-08-09,sc-domain:fermatmind.com,web,country,乌兹别克斯坦,0,212,0.0,17.66,60,1000,NOT_AVAILABLE_IN_UI_EXPORT,Single-dimension GSC UI export; rows cannot be joined across dimensions; top-row and UI cap limitations apply.
VERIFIED_GSC_UI_SINGLE_DIMENSION,day90,2026-05-12,2026-08-09,sc-domain:fermatmind.com,web,country,厄瓜多尔,0,201,0.0,23.48,61,1000,NOT_AVAILABLE_IN_UI_EXPORT,Single-dimension GSC UI export; rows cannot be joined across dimensions; top-row and UI cap limitations apply.
VERIFIED_GSC_UI_SINGLE_DIMENSION,day90,2026-05-12,2026-08-09,sc-domain:fermatmind.com,web,country,秘鲁,0,194,0.0,24.48,62,1000,NOT_AVAILABLE_IN_UI_EXPORT,Single-dimension GSC UI export; rows cannot be joined across dimensions; top-row and UI cap limitations apply.
VERIFIED_GSC_UI_SINGLE_DIMENSION,day90,2026-05-12,2026-08-09,sc-domain:fermatmind.com,web,country,瑞典,0,160,0.0,10.96,63,1000,NOT_AVAILABLE_IN_UI_EXPORT,Single-dimension GSC UI export; rows cannot be joined across dimensions; top-row and UI cap limitations apply.
VERIFIED_GSC_UI_SINGLE_DIMENSION,day90,2026-05-12,2026-08-09,sc-domain:fermatmind.com,web,country,哈萨克斯坦,0,159,0.0,17.58,64,1000,NOT_AVAILABLE_IN_UI_EXPORT,Single-dimension GSC UI export; rows cannot be joined across dimensions; top-row and UI cap limitations apply.
VERIFIED_GSC_UI_SINGLE_DIMENSION,day90,2026-05-12,2026-08-09,sc-domain:fermatmind.com,web,country,波兰,0,156,0.0,10.17,65,1000,NOT_AVAILABLE_IN_UI_EXPORT,Single-dimension GSC UI export; rows cannot be joined across dimensions; top-row and UI cap limitations apply.
VERIFIED_GSC_UI_SINGLE_DIMENSION,day90,2026-05-12,2026-08-09,sc-domain:fermatmind.com,web,country,芬兰,0,151,0.0,10.17,66,1000,NOT_AVAILABLE_IN_UI_EXPORT,Single-dimension GSC UI export; rows cannot be joined across dimensions; top-row and UI cap limitations apply.
VERIFIED_GSC_UI_SINGLE_DIMENSION,day90,2026-05-12,2026-08-09,sc-domain:fermatmind.com,web,country,阿尔及利亚,0,136,0.0,14.94,67,1000,NOT_AVAILABLE_IN_UI_EXPORT,Single-dimension GSC UI export; rows cannot be joined across dimensions; top-row and UI cap limitations apply.
VERIFIED_GSC_UI_SINGLE_DIMENSION,day90,2026-05-12,2026-08-09,sc-domain:fermatmind.com,web,country,尼日利亚,0,133,0.0,9.09,68,1000,NOT_AVAILABLE_IN_UI_EXPORT,Single-dimension GSC UI export; rows cannot be joined across dimensions; top-row and UI cap limitations apply.
VERIFIED_GSC_UI_SINGLE_DIMENSION,day90,2026-05-12,2026-08-09,sc-domain:fermatmind.com,web,country,巴拉圭,0,127,0.0,20.14,69,1000,NOT_AVAILABLE_IN_UI_EXPORT,Single-dimension GSC UI export; rows cannot be joined across dimensions; top-row and UI cap limitations apply.
VERIFIED_GSC_UI_SINGLE_DIMENSION,day90,2026-05-12,2026-08-09,sc-domain:fermatmind.com,web,country,挪威,0,124,0.0,11.02,70,1000,NOT_AVAILABLE_IN_UI_EXPORT,Single-dimension GSC UI export; rows cannot be joined across dimensions; top-row and UI cap limitations apply.
VERIFIED_GSC_UI_SINGLE_DIMENSION,day90,2026-05-12,2026-08-09,sc-domain:fermatmind.com,web,country,比利时,0,123,0.0,12.46,71,1000,NOT_AVAILABLE_IN_UI_EXPORT,Single-dimension GSC UI export; rows cannot be joined across dimensions; top-row and UI cap limitations apply.
VERIFIED_GSC_UI_SINGLE_DIMENSION,day90,2026-05-12,2026-08-09,sc-domain:fermatmind.com,web,country,罗马尼亚,0,114,0.0,10.66,72,1000,NOT_AVAILABLE_IN_UI_EXPORT,Single-dimension GSC UI export; rows cannot be joined across dimensions; top-row and UI cap limitations apply.
VERIFIED_GSC_UI_SINGLE_DIMENSION,day90,2026-05-12,2026-08-09,sc-domain:fermatmind.com,web,country,尼泊尔,0,109,0.0,12.65,73,1000,NOT_AVAILABLE_IN_UI_EXPORT,Single-dimension GSC UI export; rows cannot be joined across dimensions; top-row and UI cap limitations apply.
VERIFIED_GSC_UI_SINGLE_DIMENSION,day90,2026-05-12,2026-08-09,sc-domain:fermatmind.com,web,country,乌拉圭,0,107,0.0,17.32,74,1000,NOT_AVAILABLE_IN_UI_EXPORT,Single-dimension GSC UI export; rows cannot be joined across dimensions; top-row and UI cap limitations apply.
VERIFIED_GSC_UI_SINGLE_DIMENSION,day90,2026-05-12,2026-08-09,sc-domain:fermatmind.com,web,country,阿塞拜疆,0,107,0.0,20.61,75,1000,NOT_AVAILABLE_IN_UI_EXPORT,Single-dimension GSC UI export; rows cannot be joined across dimensions; top-row and UI cap limitations apply.
VERIFIED_GSC_UI_SINGLE_DIMENSION,day90,2026-05-12,2026-08-09,sc-domain:fermatmind.com,web,country,玻利维亚,0,100,0.0,19.96,76,1000,NOT_AVAILABLE_IN_UI_EXPORT,Single-dimension GSC UI export; rows cannot be joined across dimensions; top-row and UI cap limitations apply.
VERIFIED_GSC_UI_SINGLE_DIMENSION,day90,2026-05-12,2026-08-09,sc-domain:fermatmind.com,web,country,丹麦,0,95,0.0,22.49,77,1000,NOT_AVAILABLE_IN_UI_EXPORT,Single-dimension GSC UI export; rows cannot be joined across dimensions; top-row and UI cap limitations apply.
VERIFIED_GSC_UI_SINGLE_DIMENSION,day90,2026-05-12,2026-08-09,sc-domain:fermatmind.com,web,country,突尼斯,0,83,0.0,17.04,78,1000,NOT_AVAILABLE_IN_UI_EXPORT,Single-dimension GSC UI export; rows cannot be joined across dimensions; top-row and UI cap limitations apply.
VERIFIED_GSC_UI_SINGLE_DIMENSION,day90,2026-05-12,2026-08-09,sc-domain:fermatmind.com,web,country,埃塞俄比亚,0,80,0.0,11.6,79,1000,NOT_AVAILABLE_IN_UI_EXPORT,Single-dimension GSC UI export; rows cannot be joined across dimensions; top-row and UI cap limitations apply.
VERIFIED_GSC_UI_SINGLE_DIMENSION,day90,2026-05-12,2026-08-09,sc-domain:fermatmind.com,web,country,阿曼,0,79,0.0,14.68,80,1000,NOT_AVAILABLE_IN_UI_EXPORT,Single-dimension GSC UI export; rows cannot be joined across dimensions; top-row and UI cap limitations apply.
VERIFIED_GSC_UI_SINGLE_DIMENSION,day90,2026-05-12,2026-08-09,sc-domain:fermatmind.com,web,country,叙利亚,0,74,0.0,9.08,81,1000,NOT_AVAILABLE_IN_UI_EXPORT,Single-dimension GSC UI export; rows cannot be joined across dimensions; top-row and UI cap limitations apply.
VERIFIED_GSC_UI_SINGLE_DIMENSION,day90,2026-05-12,2026-08-09,sc-domain:fermatmind.com,web,country,多米尼加共和国,0,73,0.0,19.42,82,1000,NOT_AVAILABLE_IN_UI_EXPORT,Single-dimension GSC UI export; rows cannot be joined across dimensions; top-row and UI cap limitations apply.
VERIFIED_GSC_UI_SINGLE_DIMENSION,day90,2026-05-12,2026-08-09,sc-domain:fermatmind.com,web,country,巴拿马,0,72,0.0,16.14,83,1000,NOT_AVAILABLE_IN_UI_EXPORT,Single-dimension GSC UI export; rows cannot be joined across dimensions; top-row and UI cap limitations apply.
VERIFIED_GSC_UI_SINGLE_DIMENSION,day90,2026-05-12,2026-08-09,sc-domain:fermatmind.com,web,country,捷克,0,70,0.0,11.17,84,1000,NOT_AVAILABLE_IN_UI_EXPORT,Single-dimension GSC UI export; rows cannot be joined across dimensions; top-row and UI cap limitations apply.
VERIFIED_GSC_UI_SINGLE_DIMENSION,day90,2026-05-12,2026-08-09,sc-domain:fermatmind.com,web,country,黎巴嫩,0,69,0.0,14.23,85,1000,NOT_AVAILABLE_IN_UI_EXPORT,Single-dimension GSC UI export; rows cannot be joined across dimensions; top-row and UI cap limitations apply.
VERIFIED_GSC_UI_SINGLE_DIMENSION,day90,2026-05-12,2026-08-09,sc-domain:fermatmind.com,web,country,牙买加,0,68,0.0,11.34,86,1000,NOT_AVAILABLE_IN_UI_EXPORT,Single-dimension GSC UI export; rows cannot be joined across dimensions; top-row and UI cap limitations apply.
VERIFIED_GSC_UI_SINGLE_DIMENSION,day90,2026-05-12,2026-08-09,sc-domain:fermatmind.com,web,country,巴勒斯坦,0,67,0.0,17.91,87,1000,NOT_AVAILABLE_IN_UI_EXPORT,Single-dimension GSC UI export; rows cannot be joined across dimensions; top-row and UI cap limitations apply.
VERIFIED_GSC_UI_SINGLE_DIMENSION,day90,2026-05-12,2026-08-09,sc-domain:fermatmind.com,web,country,哥斯达黎加,0,58,0.0,14.31,88,1000,NOT_AVAILABLE_IN_UI_EXPORT,Single-dimension GSC UI export; rows cannot be joined across dimensions; top-row and UI cap limitations apply.
VERIFIED_GSC_UI_SINGLE_DIMENSION,day90,2026-05-12,2026-08-09,sc-domain:fermatmind.com,web,country,科威特,0,58,0.0,31.14,89,1000,NOT_AVAILABLE_IN_UI_EXPORT,Single-dimension GSC UI export; rows cannot be joined across dimensions; top-row and UI cap limitations apply.
VERIFIED_GSC_UI_SINGLE_DIMENSION,day90,2026-05-12,2026-08-09,sc-domain:fermatmind.com,web,country,阿尔巴尼亚,0,51,0.0,18.22,90,1000,NOT_AVAILABLE_IN_UI_EXPORT,Single-dimension GSC UI export; rows cannot be joined across dimensions; top-row and UI cap limitations apply.
VERIFIED_GSC_UI_SINGLE_DIMENSION,day90,2026-05-12,2026-08-09,sc-domain:fermatmind.com,web,country,塞内加尔,0,50,0.0,11.78,91,1000,NOT_AVAILABLE_IN_UI_EXPORT,Single-dimension GSC UI export; rows cannot be joined across dimensions; top-row and UI cap limitations apply.
VERIFIED_GSC_UI_SINGLE_DIMENSION,day90,2026-05-12,2026-08-09,sc-domain:fermatmind.com,web,country,老挝,0,49,0.0,7.94,92,1000,NOT_AVAILABLE_IN_UI_EXPORT,Single-dimension GSC UI export; rows cannot be joined across dimensions; top-row and UI cap limitations apply.
VERIFIED_GSC_UI_SINGLE_DIMENSION,day90,2026-05-12,2026-08-09,sc-domain:fermatmind.com,web,country,卡塔尔,0,47,0.0,14.4,93,1000,NOT_AVAILABLE_IN_UI_EXPORT,Single-dimension GSC UI export; rows cannot be joined across dimensions; top-row and UI cap limitations apply.
VERIFIED_GSC_UI_SINGLE_DIMENSION,day90,2026-05-12,2026-08-09,sc-domain:fermatmind.com,web,country,克罗地亚,0,45,0.0,10.76,94,1000,NOT_AVAILABLE_IN_UI_EXPORT,Single-dimension GSC UI export; rows cannot be joined across dimensions; top-row and UI cap limitations apply.
VERIFIED_GSC_UI_SINGLE_DIMENSION,day90,2026-05-12,2026-08-09,sc-domain:fermatmind.com,web,country,科特迪瓦,0,41,0.0,13.71,95,1000,NOT_AVAILABLE_IN_UI_EXPORT,Single-dimension GSC UI export; rows cannot be joined across dimensions; top-row and UI cap limitations apply.
VERIFIED_GSC_UI_SINGLE_DIMENSION,day90,2026-05-12,2026-08-09,sc-domain:fermatmind.com,web,country,格鲁吉亚,0,39,0.0,8.33,96,1000,NOT_AVAILABLE_IN_UI_EXPORT,Single-dimension GSC UI export; rows cannot be joined across dimensions; top-row and UI cap limitations apply.
VERIFIED_GSC_UI_SINGLE_DIMENSION,day90,2026-05-12,2026-08-09,sc-domain:fermatmind.com,web,country,特立尼达和多巴哥,0,39,0.0,12.72,97,1000,NOT_AVAILABLE_IN_UI_EXPORT,Single-dimension GSC UI export; rows cannot be joined across dimensions; top-row and UI cap limitations apply.
VERIFIED_GSC_UI_SINGLE_DIMENSION,day90,2026-05-12,2026-08-09,sc-domain:fermatmind.com,web,country,斯洛伐克,0,37,0.0,8.05,98,1000,NOT_AVAILABLE_IN_UI_EXPORT,Single-dimension GSC UI export; rows cannot be joined across dimensions; top-row and UI cap limitations apply.
VERIFIED_GSC_UI_SINGLE_DIMENSION,day90,2026-05-12,2026-08-09,sc-domain:fermatmind.com,web,country,加纳,0,36,0.0,10.22,99,1000,NOT_AVAILABLE_IN_UI_EXPORT,Single-dimension GSC UI export; rows cannot be joined across dimensions; top-row and UI cap limitations apply.
VERIFIED_GSC_UI_SINGLE_DIMENSION,day90,2026-05-12,2026-08-09,sc-domain:fermatmind.com,web,country,安哥拉,0,35,0.0,13.11,100,1000,NOT_AVAILABLE_IN_UI_EXPORT,Single-dimension GSC UI export; rows cannot be joined across dimensions; top-row and UI cap limitations apply.
VERIFIED_GSC_UI_SINGLE_DIMENSION,day90,2026-05-12,2026-08-09,sc-domain:fermatmind.com,web,country,洪都拉斯,0,33,0.0,9.64,101,1000,NOT_AVAILABLE_IN_UI_EXPORT,Single-dimension GSC UI export; rows cannot be joined across dimensions; top-row and UI cap limitations apply.
VERIFIED_GSC_UI_SINGLE_DIMENSION,day90,2026-05-12,2026-08-09,sc-domain:fermatmind.com,web,country,坦桑尼亚,0,32,0.0,10.69,102,1000,NOT_AVAILABLE_IN_UI_EXPORT,Single-dimension GSC UI export; rows cannot be joined across dimensions; top-row and UI cap limitations apply.
VERIFIED_GSC_UI_SINGLE_DIMENSION,day90,2026-05-12,2026-08-09,sc-domain:fermatmind.com,web,country,巴林,0,31,0.0,21.77,103,1000,NOT_AVAILABLE_IN_UI_EXPORT,Single-dimension GSC UI export; rows cannot be joined across dimensions; top-row and UI cap limitations apply.
VERIFIED_GSC_UI_SINGLE_DIMENSION,day90,2026-05-12,2026-08-09,sc-domain:fermatmind.com,web,country,立陶宛,0,30,0.0,7.17,104,1000,NOT_AVAILABLE_IN_UI_EXPORT,Single-dimension GSC UI export; rows cannot be joined across dimensions; top-row and UI cap limitations apply.
VERIFIED_GSC_UI_SINGLE_DIMENSION,day90,2026-05-12,2026-08-09,sc-domain:fermatmind.com,web,country,文莱,0,29,0.0,8.45,105,1000,NOT_AVAILABLE_IN_UI_EXPORT,Single-dimension GSC UI export; rows cannot be joined across dimensions; top-row and UI cap limitations apply.
VERIFIED_GSC_UI_SINGLE_DIMENSION,day90,2026-05-12,2026-08-09,sc-domain:fermatmind.com,web,country,波斯尼亚和黑塞哥维那,0,28,0.0,10.71,106,1000,NOT_AVAILABLE_IN_UI_EXPORT,Single-dimension GSC UI export; rows cannot be joined across dimensions; top-row and UI cap limitations apply.
VERIFIED_GSC_UI_SINGLE_DIMENSION,day90,2026-05-12,2026-08-09,sc-domain:fermatmind.com,web,country,巴巴多斯,0,28,0.0,12.79,107,1000,NOT_AVAILABLE_IN_UI_EXPORT,Single-dimension GSC UI export; rows cannot be joined across dimensions; top-row and UI cap limitations apply.
VERIFIED_GSC_UI_SINGLE_DIMENSION,day90,2026-05-12,2026-08-09,sc-domain:fermatmind.com,web,country,蒙古,0,27,0.0,13.7,108,1000,NOT_AVAILABLE_IN_UI_EXPORT,Single-dimension GSC UI export; rows cannot be joined across dimensions; top-row and UI cap limitations apply.
VERIFIED_GSC_UI_SINGLE_DIMENSION,day90,2026-05-12,2026-08-09,sc-domain:fermatmind.com,web,country,危地马拉,0,26,0.0,8.08,109,1000,NOT_AVAILABLE_IN_UI_EXPORT,Single-dimension GSC UI export; rows cannot be joined across dimensions; top-row and UI cap limitations apply.
VERIFIED_GSC_UI_SINGLE_DIMENSION,day90,2026-05-12,2026-08-09,sc-domain:fermatmind.com,web,country,斯里兰卡,0,26,0.0,9.12,110,1000,NOT_AVAILABLE_IN_UI_EXPORT,Single-dimension GSC UI export; rows cannot be joined across dimensions; top-row and UI cap limitations apply.
VERIFIED_GSC_UI_SINGLE_DIMENSION,day90,2026-05-12,2026-08-09,sc-domain:fermatmind.com,web,country,波多黎各,0,26,0.0,10.27,111,1000,NOT_AVAILABLE_IN_UI_EXPORT,Single-dimension GSC UI export; rows cannot be joined across dimensions; top-row and UI cap limitations apply.
VERIFIED_GSC_UI_SINGLE_DIMENSION,day90,2026-05-12,2026-08-09,sc-domain:fermatmind.com,web,country,萨尔瓦多,0,26,0.0,11.5,112,1000,NOT_AVAILABLE_IN_UI_EXPORT,Single-dimension GSC UI export; rows cannot be joined across dimensions; top-row and UI cap limitations apply.
VERIFIED_GSC_UI_SINGLE_DIMENSION,day90,2026-05-12,2026-08-09,sc-domain:fermatmind.com,web,country,摩尔多瓦,0,24,0.0,11.83,113,1000,NOT_AVAILABLE_IN_UI_EXPORT,Single-dimension GSC UI export; rows cannot be joined across dimensions; top-row and UI cap limitations apply.
VERIFIED_GSC_UI_SINGLE_DIMENSION,day90,2026-05-12,2026-08-09,sc-domain:fermatmind.com,web,country,刚果 - 布拉柴维尔,0,23,0.0,10.3,114,1000,NOT_AVAILABLE_IN_UI_EXPORT,Single-dimension GSC UI export; rows cannot be joined across dimensions; top-row and UI cap limitations apply.
VERIFIED_GSC_UI_SINGLE_DIMENSION,day90,2026-05-12,2026-08-09,sc-domain:fermatmind.com,web,country,尼加拉瓜,0,23,0.0,12.26,115,1000,NOT_AVAILABLE_IN_UI_EXPORT,Single-dimension GSC UI export; rows cannot be joined across dimensions; top-row and UI cap limitations apply.
VERIFIED_GSC_UI_SINGLE_DIMENSION,day90,2026-05-12,2026-08-09,sc-domain:fermatmind.com,web,country,布基纳法索,0,22,0.0,23.18,116,1000,NOT_AVAILABLE_IN_UI_EXPORT,Single-dimension GSC UI export; rows cannot be joined across dimensions; top-row and UI cap limitations apply.
VERIFIED_GSC_UI_SINGLE_DIMENSION,day90,2026-05-12,2026-08-09,sc-domain:fermatmind.com,web,country,赞比亚,0,21,0.0,5.57,117,1000,NOT_AVAILABLE_IN_UI_EXPORT,Single-dimension GSC UI export; rows cannot be joined across dimensions; top-row and UI cap limitations apply.
VERIFIED_GSC_UI_SINGLE_DIMENSION,day90,2026-05-12,2026-08-09,sc-domain:fermatmind.com,web,country,多哥,0,20,0.0,15.05,118,1000,NOT_AVAILABLE_IN_UI_EXPORT,Single-dimension GSC UI export; rows cannot be joined across dimensions; top-row and UI cap limitations apply.
VERIFIED_GSC_UI_SINGLE_DIMENSION,day90,2026-05-12,2026-08-09,sc-domain:fermatmind.com,web,country,马其顿,0,19,0.0,8.11,119,1000,NOT_AVAILABLE_IN_UI_EXPORT,Single-dimension GSC UI export; rows cannot be joined across dimensions; top-row and UI cap limitations apply.
VERIFIED_GSC_UI_SINGLE_DIMENSION,day90,2026-05-12,2026-08-09,sc-domain:fermatmind.com,web,country,爱沙尼亚,0,19,0.0,11.0,120,1000,NOT_AVAILABLE_IN_UI_EXPORT,Single-dimension GSC UI export; rows cannot be joined across dimensions; top-row and UI cap limitations apply.
VERIFIED_GSC_UI_SINGLE_DIMENSION,day90,2026-05-12,2026-08-09,sc-domain:fermatmind.com,web,country,拉脱维亚,0,17,0.0,8.88,121,1000,NOT_AVAILABLE_IN_UI_EXPORT,Single-dimension GSC UI export; rows cannot be joined across dimensions; top-row and UI cap limitations apply.
VERIFIED_GSC_UI_SINGLE_DIMENSION,day90,2026-05-12,2026-08-09,sc-domain:fermatmind.com,web,country,利比亚,0,17,0.0,9.24,122,1000,NOT_AVAILABLE_IN_UI_EXPORT,Single-dimension GSC UI export; rows cannot be joined across dimensions; top-row and UI cap limitations apply.
VERIFIED_GSC_UI_SINGLE_DIMENSION,day90,2026-05-12,2026-08-09,sc-domain:fermatmind.com,web,country,关岛,0,16,0.0,7.06,123,1000,NOT_AVAILABLE_IN_UI_EXPORT,Single-dimension GSC UI export; rows cannot be joined across dimensions; top-row and UI cap limitations apply.
VERIFIED_GSC_UI_SINGLE_DIMENSION,day90,2026-05-12,2026-08-09,sc-domain:fermatmind.com,web,country,刚果 - 金沙萨,0,15,0.0,10.13,124,1000,NOT_AVAILABLE_IN_UI_EXPORT,Single-dimension GSC UI export; rows cannot be joined across dimensions; top-row and UI cap limitations apply.
VERIFIED_GSC_UI_SINGLE_DIMENSION,day90,2026-05-12,2026-08-09,sc-domain:fermatmind.com,web,country,卢森堡,0,14,0.0,7.14,125,1000,NOT_AVAILABLE_IN_UI_EXPORT,Single-dimension GSC UI export; rows cannot be joined across dimensions; top-row and UI cap limitations apply.
VERIFIED_GSC_UI_SINGLE_DIMENSION,day90,2026-05-12,2026-08-09,sc-domain:fermatmind.com,web,country,斯洛文尼亚,0,14,0.0,9.79,126,1000,NOT_AVAILABLE_IN_UI_EXPORT,Single-dimension GSC UI export; rows cannot be joined across dimensions; top-row and UI cap limitations apply.
VERIFIED_GSC_UI_SINGLE_DIMENSION,day90,2026-05-12,2026-08-09,sc-domain:fermatmind.com,web,country,圭亚那,0,14,0.0,12.43,127,1000,NOT_AVAILABLE_IN_UI_EXPORT,Single-dimension GSC UI export; rows cannot be joined across dimensions; top-row and UI cap limitations apply.
VERIFIED_GSC_UI_SINGLE_DIMENSION,day90,2026-05-12,2026-08-09,sc-domain:fermatmind.com,web,country,马里,0,14,0.0,17.21,128,1000,NOT_AVAILABLE_IN_UI_EXPORT,Single-dimension GSC UI export; rows cannot be joined across dimensions; top-row and UI cap limitations apply.
VERIFIED_GSC_UI_SINGLE_DIMENSION,day90,2026-05-12,2026-08-09,sc-domain:fermatmind.com,web,country,苏丹,0,13,0.0,8.0,129,1000,NOT_AVAILABLE_IN_UI_EXPORT,Single-dimension GSC UI export; rows cannot be joined across dimensions; top-row and UI cap limitations apply.
VERIFIED_GSC_UI_SINGLE_DIMENSION,day90,2026-05-12,2026-08-09,sc-domain:fermatmind.com,web,country,博茨瓦纳,0,13,0.0,14.23,130,1000,NOT_AVAILABLE_IN_UI_EXPORT,Single-dimension GSC UI export; rows cannot be joined across dimensions; top-row and UI cap limitations apply.
VERIFIED_GSC_UI_SINGLE_DIMENSION,day90,2026-05-12,2026-08-09,sc-domain:fermatmind.com,web,country,马耳他,0,12,0.0,6.58,131,1000,NOT_AVAILABLE_IN_UI_EXPORT,Single-dimension GSC UI export; rows cannot be joined across dimensions; top-row and UI cap limitations apply.
VERIFIED_GSC_UI_SINGLE_DIMENSION,day90,2026-05-12,2026-08-09,sc-domain:fermatmind.com,web,country,纳米比亚,0,12,0.0,11.33,132,1000,NOT_AVAILABLE_IN_UI_EXPORT,Single-dimension GSC UI export; rows cannot be joined across dimensions; top-row and UI cap limitations apply.
VERIFIED_GSC_UI_SINGLE_DIMENSION,day90,2026-05-12,2026-08-09,sc-domain:fermatmind.com,web,country,古巴,0,11,0.0,6.64,133,1000,NOT_AVAILABLE_IN_UI_EXPORT,Single-dimension GSC UI export; rows cannot be joined across dimensions; top-row and UI cap limitations apply.
VERIFIED_GSC_UI_SINGLE_DIMENSION,day90,2026-05-12,2026-08-09,sc-domain:fermatmind.com,web,country,毛里求斯,0,11,0.0,13.73,134,1000,NOT_AVAILABLE_IN_UI_EXPORT,Single-dimension GSC UI export; rows cannot be joined across dimensions; top-row and UI cap limitations apply.
VERIFIED_GSC_UI_SINGLE_DIMENSION,day90,2026-05-12,2026-08-09,sc-domain:fermatmind.com,web,country,塞浦路斯,0,10,0.0,7.5,135,1000,NOT_AVAILABLE_IN_UI_EXPORT,Single-dimension GSC UI export; rows cannot be joined across dimensions; top-row and UI cap limitations apply.
VERIFIED_GSC_UI_SINGLE_DIMENSION,day90,2026-05-12,2026-08-09,sc-domain:fermatmind.com,web,country,圣卢西亚,0,9,0.0,6.44,136,1000,NOT_AVAILABLE_IN_UI_EXPORT,Single-dimension GSC UI export; rows cannot be joined across dimensions; top-row and UI cap limitations apply.
VERIFIED_GSC_UI_SINGLE_DIMENSION,day90,2026-05-12,2026-08-09,sc-domain:fermatmind.com,web,country,冰岛,0,9,0.0,8.22,137,1000,NOT_AVAILABLE_IN_UI_EXPORT,Single-dimension GSC UI export; rows cannot be joined across dimensions; top-row and UI cap limitations apply.
VERIFIED_GSC_UI_SINGLE_DIMENSION,day90,2026-05-12,2026-08-09,sc-domain:fermatmind.com,web,country,索马里,0,9,0.0,11.0,138,1000,NOT_AVAILABLE_IN_UI_EXPORT,Single-dimension GSC UI export; rows cannot be joined across dimensions; top-row and UI cap limitations apply.
VERIFIED_GSC_UI_SINGLE_DIMENSION,day90,2026-05-12,2026-08-09,sc-domain:fermatmind.com,web,country,加蓬,0,9,0.0,14.44,139,1000,NOT_AVAILABLE_IN_UI_EXPORT,Single-dimension GSC UI export; rows cannot be joined across dimensions; top-row and UI cap limitations apply.
VERIFIED_GSC_UI_SINGLE_DIMENSION,day90,2026-05-12,2026-08-09,sc-domain:fermatmind.com,web,country,也门,0,8,0.0,9.25,140,1000,NOT_AVAILABLE_IN_UI_EXPORT,Single-dimension GSC UI export; rows cannot be joined across dimensions; top-row and UI cap limitations apply.
VERIFIED_GSC_UI_SINGLE_DIMENSION,day90,2026-05-12,2026-08-09,sc-domain:fermatmind.com,web,country,卢旺达,0,8,0.0,9.88,141,1000,NOT_AVAILABLE_IN_UI_EXPORT,Single-dimension GSC UI export; rows cannot be joined across dimensions; top-row and UI cap limitations apply.
VERIFIED_GSC_UI_SINGLE_DIMENSION,day90,2026-05-12,2026-08-09,sc-domain:fermatmind.com,web,country,巴哈马,0,8,0.0,19.5,142,1000,NOT_AVAILABLE_IN_UI_EXPORT,Single-dimension GSC UI export; rows cannot be joined across dimensions; top-row and UI cap limitations apply.
VERIFIED_GSC_UI_SINGLE_DIMENSION,day90,2026-05-12,2026-08-09,sc-domain:fermatmind.com,web,country,毛里塔尼亚,0,7,0.0,8.29,143,1000,NOT_AVAILABLE_IN_UI_EXPORT,Single-dimension GSC UI export; rows cannot be joined across dimensions; top-row and UI cap limitations apply.
VERIFIED_GSC_UI_SINGLE_DIMENSION,day90,2026-05-12,2026-08-09,sc-domain:fermatmind.com,web,country,津巴布韦,0,7,0.0,10.71,144,1000,NOT_AVAILABLE_IN_UI_EXPORT,Single-dimension GSC UI export; rows cannot be joined across dimensions; top-row and UI cap limitations apply.
VERIFIED_GSC_UI_SINGLE_DIMENSION,day90,2026-05-12,2026-08-09,sc-domain:fermatmind.com,web,country,莫桑比克,0,7,0.0,11.14,145,1000,NOT_AVAILABLE_IN_UI_EXPORT,Single-dimension GSC UI export; rows cannot be joined across dimensions; top-row and UI cap limitations apply.
VERIFIED_GSC_UI_SINGLE_DIMENSION,day90,2026-05-12,2026-08-09,sc-domain:fermatmind.com,web,country,马尔代夫,0,6,0.0,9.17,146,1000,NOT_AVAILABLE_IN_UI_EXPORT,Single-dimension GSC UI export; rows cannot be joined across dimensions; top-row and UI cap limitations apply.
VERIFIED_GSC_UI_SINGLE_DIMENSION,day90,2026-05-12,2026-08-09,sc-domain:fermatmind.com,web,country,海地,0,6,0.0,10.83,147,1000,NOT_AVAILABLE_IN_UI_EXPORT,Single-dimension GSC UI export; rows cannot be joined across dimensions; top-row and UI cap limitations apply.
VERIFIED_GSC_UI_SINGLE_DIMENSION,day90,2026-05-12,2026-08-09,sc-domain:fermatmind.com,web,country,喀麦隆,0,6,0.0,14.5,148,1000,NOT_AVAILABLE_IN_UI_EXPORT,Single-dimension GSC UI export; rows cannot be joined across dimensions; top-row and UI cap limitations apply.
VERIFIED_GSC_UI_SINGLE_DIMENSION,day90,2026-05-12,2026-08-09,sc-domain:fermatmind.com,web,country,苏里南,0,6,0.0,17.0,149,1000,NOT_AVAILABLE_IN_UI_EXPORT,Single-dimension GSC UI export; rows cannot be joined across dimensions; top-row and UI cap limitations apply.
VERIFIED_GSC_UI_SINGLE_DIMENSION,day90,2026-05-12,2026-08-09,sc-domain:fermatmind.com,web,country,巴布亚新几内亚,0,5,0.0,6.6,150,1000,NOT_AVAILABLE_IN_UI_EXPORT,Single-dimension GSC UI export; rows cannot be joined across dimensions; top-row and UI cap limitations apply.
VERIFIED_GSC_UI_SINGLE_DIMENSION,day90,2026-05-12,2026-08-09,sc-domain:fermatmind.com,web,country,贝宁,0,5,0.0,7.4,151,1000,NOT_AVAILABLE_IN_UI_EXPORT,Single-dimension GSC UI export; rows cannot be joined across dimensions; top-row and UI cap limitations apply.
VERIFIED_GSC_UI_SINGLE_DIMENSION,day90,2026-05-12,2026-08-09,sc-domain:fermatmind.com,web,country,阿富汗,0,5,0.0,7.8,152,1000,NOT_AVAILABLE_IN_UI_EXPORT,Single-dimension GSC UI export; rows cannot be joined across dimensions; top-row and UI cap limitations apply.
VERIFIED_GSC_UI_SINGLE_DIMENSION,day90,2026-05-12,2026-08-09,sc-domain:fermatmind.com,web,country,塞拉利昂,0,5,0.0,8.6,153,1000,NOT_AVAILABLE_IN_UI_EXPORT,Single-dimension GSC UI export; rows cannot be joined across dimensions; top-row and UI cap limitations apply.
VERIFIED_GSC_UI_SINGLE_DIMENSION,day90,2026-05-12,2026-08-09,sc-domain:fermatmind.com,web,country,美属萨摩亚,0,4,0.0,7.25,154,1000,NOT_AVAILABLE_IN_UI_EXPORT,Single-dimension GSC UI export; rows cannot be joined across dimensions; top-row and UI cap limitations apply.
VERIFIED_GSC_UI_SINGLE_DIMENSION,day90,2026-05-12,2026-08-09,sc-domain:fermatmind.com,web,country,斯威士兰,0,4,0.0,7.25,155,1000,NOT_AVAILABLE_IN_UI_EXPORT,Single-dimension GSC UI export; rows cannot be joined across dimensions; top-row and UI cap limitations apply.
VERIFIED_GSC_UI_SINGLE_DIMENSION,day90,2026-05-12,2026-08-09,sc-domain:fermatmind.com,web,country,斐济,0,4,0.0,7.5,156,1000,NOT_AVAILABLE_IN_UI_EXPORT,Single-dimension GSC UI export; rows cannot be joined across dimensions; top-row and UI cap limitations apply.
VERIFIED_GSC_UI_SINGLE_DIMENSION,day90,2026-05-12,2026-08-09,sc-domain:fermatmind.com,web,country,佛得角,0,4,0.0,7.75,157,1000,NOT_AVAILABLE_IN_UI_EXPORT,Single-dimension GSC UI export; rows cannot be joined across dimensions; top-row and UI cap limitations apply.
VERIFIED_GSC_UI_SINGLE_DIMENSION,day90,2026-05-12,2026-08-09,sc-domain:fermatmind.com,web,country,开曼群岛,0,4,0.0,8.5,158,1000,NOT_AVAILABLE_IN_UI_EXPORT,Single-dimension GSC UI export; rows cannot be joined across dimensions; top-row and UI cap limitations apply.
VERIFIED_GSC_UI_SINGLE_DIMENSION,day90,2026-05-12,2026-08-09,sc-domain:fermatmind.com,web,country,几内亚,0,4,0.0,8.75,159,1000,NOT_AVAILABLE_IN_UI_EXPORT,Single-dimension GSC UI export; rows cannot be joined across dimensions; top-row and UI cap limitations apply.
VERIFIED_GSC_UI_SINGLE_DIMENSION,day90,2026-05-12,2026-08-09,sc-domain:fermatmind.com,web,country,马拉维,0,4,0.0,9.5,160,1000,NOT_AVAILABLE_IN_UI_EXPORT,Single-dimension GSC UI export; rows cannot be joined across dimensions; top-row and UI cap limitations apply.
VERIFIED_GSC_UI_SINGLE_DIMENSION,day90,2026-05-12,2026-08-09,sc-domain:fermatmind.com,web,country,黑山,0,4,0.0,9.75,161,1000,NOT_AVAILABLE_IN_UI_EXPORT,Single-dimension GSC UI export; rows cannot be joined across dimensions; top-row and UI cap limitations apply.
VERIFIED_GSC_UI_SINGLE_DIMENSION,day90,2026-05-12,2026-08-09,sc-domain:fermatmind.com,web,country,密克罗尼西亚,0,4,0.0,10.5,162,1000,NOT_AVAILABLE_IN_UI_EXPORT,Single-dimension GSC UI export; rows cannot be joined across dimensions; top-row and UI cap limitations apply.
VERIFIED_GSC_UI_SINGLE_DIMENSION,day90,2026-05-12,2026-08-09,sc-domain:fermatmind.com,web,country,伯利兹,0,4,0.0,11.75,163,1000,NOT_AVAILABLE_IN_UI_EXPORT,Single-dimension GSC UI export; rows cannot be joined across dimensions; top-row and UI cap limitations apply.
VERIFIED_GSC_UI_SINGLE_DIMENSION,day90,2026-05-12,2026-08-09,sc-domain:fermatmind.com,web,country,西撒哈拉,0,4,0.0,13.0,164,1000,NOT_AVAILABLE_IN_UI_EXPORT,Single-dimension GSC UI export; rows cannot be joined across dimensions; top-row and UI cap limitations apply.
VERIFIED_GSC_UI_SINGLE_DIMENSION,day90,2026-05-12,2026-08-09,sc-domain:fermatmind.com,web,country,尼日尔,0,4,0.0,14.0,165,1000,NOT_AVAILABLE_IN_UI_EXPORT,Single-dimension GSC UI export; rows cannot be joined across dimensions; top-row and UI cap limitations apply.
VERIFIED_GSC_UI_SINGLE_DIMENSION,day90,2026-05-12,2026-08-09,sc-domain:fermatmind.com,web,country,马达加斯加,0,4,0.0,26.0,166,1000,NOT_AVAILABLE_IN_UI_EXPORT,Single-dimension GSC UI export; rows cannot be joined across dimensions; top-row and UI cap limitations apply.
VERIFIED_GSC_UI_SINGLE_DIMENSION,day90,2026-05-12,2026-08-09,sc-domain:fermatmind.com,web,country,荷属圣马丁岛,0,3,0.0,3.67,167,1000,NOT_AVAILABLE_IN_UI_EXPORT,Single-dimension GSC UI export; rows cannot be joined across dimensions; top-row and UI cap limitations apply.
VERIFIED_GSC_UI_SINGLE_DIMENSION,day90,2026-05-12,2026-08-09,sc-domain:fermatmind.com,web,country,吉布提,0,3,0.0,5.33,168,1000,NOT_AVAILABLE_IN_UI_EXPORT,Single-dimension GSC UI export; rows cannot be joined across dimensions; top-row and UI cap limitations apply.
VERIFIED_GSC_UI_SINGLE_DIMENSION,day90,2026-05-12,2026-08-09,sc-domain:fermatmind.com,web,country,曼岛,0,3,0.0,7.33,169,1000,NOT_AVAILABLE_IN_UI_EXPORT,Single-dimension GSC UI export; rows cannot be joined across dimensions; top-row and UI cap limitations apply.
VERIFIED_GSC_UI_SINGLE_DIMENSION,day90,2026-05-12,2026-08-09,sc-domain:fermatmind.com,web,country,莱索托,0,3,0.0,9.0,170,1000,NOT_AVAILABLE_IN_UI_EXPORT,Single-dimension GSC UI export; rows cannot be joined across dimensions; top-row and UI cap limitations apply.
VERIFIED_GSC_UI_SINGLE_DIMENSION,day90,2026-05-12,2026-08-09,sc-domain:fermatmind.com,web,country,百慕大,0,3,0.0,9.67,171,1000,NOT_AVAILABLE_IN_UI_EXPORT,Single-dimension GSC UI export; rows cannot be joined across dimensions; top-row and UI cap limitations apply.
VERIFIED_GSC_UI_SINGLE_DIMENSION,day90,2026-05-12,2026-08-09,sc-domain:fermatmind.com,web,country,库拉索,0,2,0.0,4.5,172,1000,NOT_AVAILABLE_IN_UI_EXPORT,Single-dimension GSC UI export; rows cannot be joined across dimensions; top-row and UI cap limitations apply.
VERIFIED_GSC_UI_SINGLE_DIMENSION,day90,2026-05-12,2026-08-09,sc-domain:fermatmind.com,web,country,北马里亚纳群岛,0,2,0.0,5.5,173,1000,NOT_AVAILABLE_IN_UI_EXPORT,Single-dimension GSC UI export; rows cannot be joined across dimensions; top-row and UI cap limitations apply.
VERIFIED_GSC_UI_SINGLE_DIMENSION,day90,2026-05-12,2026-08-09,sc-domain:fermatmind.com,web,country,塔吉克斯坦,0,2,0.0,6.0,174,1000,NOT_AVAILABLE_IN_UI_EXPORT,Single-dimension GSC UI export; rows cannot be joined across dimensions; top-row and UI cap limitations apply.
VERIFIED_GSC_UI_SINGLE_DIMENSION,day90,2026-05-12,2026-08-09,sc-domain:fermatmind.com,web,country,格林纳达,0,2,0.0,6.5,175,1000,NOT_AVAILABLE_IN_UI_EXPORT,Single-dimension GSC UI export; rows cannot be joined across dimensions; top-row and UI cap limitations apply.
VERIFIED_GSC_UI_SINGLE_DIMENSION,day90,2026-05-12,2026-08-09,sc-domain:fermatmind.com,web,country,利比里亚,0,2,0.0,6.5,176,1000,NOT_AVAILABLE_IN_UI_EXPORT,Single-dimension GSC UI export; rows cannot be joined across dimensions; top-row and UI cap limitations apply.
VERIFIED_GSC_UI_SINGLE_DIMENSION,day90,2026-05-12,2026-08-09,sc-domain:fermatmind.com,web,country,不丹,0,2,0.0,7.0,177,1000,NOT_AVAILABLE_IN_UI_EXPORT,Single-dimension GSC UI export; rows cannot be joined across dimensions; top-row and UI cap limitations apply.
VERIFIED_GSC_UI_SINGLE_DIMENSION,day90,2026-05-12,2026-08-09,sc-domain:fermatmind.com,web,country,瓦努阿图,0,2,0.0,8.0,178,1000,NOT_AVAILABLE_IN_UI_EXPORT,Single-dimension GSC UI export; rows cannot be joined across dimensions; top-row and UI cap limitations apply.
VERIFIED_GSC_UI_SINGLE_DIMENSION,day90,2026-05-12,2026-08-09,sc-domain:fermatmind.com,web,country,东帝汶,0,2,0.0,10.5,179,1000,NOT_AVAILABLE_IN_UI_EXPORT,Single-dimension GSC UI export; rows cannot be joined across dimensions; top-row and UI cap limitations apply.
VERIFIED_GSC_UI_SINGLE_DIMENSION,day90,2026-05-12,2026-08-09,sc-domain:fermatmind.com,web,country,土库曼斯坦,0,2,0.0,35.0,180,1000,NOT_AVAILABLE_IN_UI_EXPORT,Single-dimension GSC UI export; rows cannot be joined across dimensions; top-row and UI cap limitations apply.
VERIFIED_GSC_UI_SINGLE_DIMENSION,day90,2026-05-12,2026-08-09,sc-domain:fermatmind.com,web,country,新喀里多尼亚,0,1,0.0,2.0,181,1000,NOT_AVAILABLE_IN_UI_EXPORT,Single-dimension GSC UI export; rows cannot be joined across dimensions; top-row and UI cap limitations apply.
VERIFIED_GSC_UI_SINGLE_DIMENSION,day90,2026-05-12,2026-08-09,sc-domain:fermatmind.com,web,country,瓜德罗普,0,1,0.0,3.0,182,1000,NOT_AVAILABLE_IN_UI_EXPORT,Single-dimension GSC UI export; rows cannot be joined across dimensions; top-row and UI cap limitations apply.
VERIFIED_GSC_UI_SINGLE_DIMENSION,day90,2026-05-12,2026-08-09,sc-domain:fermatmind.com,web,country,科摩罗,0,1,0.0,4.0,183,1000,NOT_AVAILABLE_IN_UI_EXPORT,Single-dimension GSC UI export; rows cannot be joined across dimensions; top-row and UI cap limitations apply.
VERIFIED_GSC_UI_SINGLE_DIMENSION,day90,2026-05-12,2026-08-09,sc-domain:fermatmind.com,web,country,纽埃,0,1,0.0,4.0,184,1000,NOT_AVAILABLE_IN_UI_EXPORT,Single-dimension GSC UI export; rows cannot be joined across dimensions; top-row and UI cap limitations apply.
VERIFIED_GSC_UI_SINGLE_DIMENSION,day90,2026-05-12,2026-08-09,sc-domain:fermatmind.com,web,country,马约特岛,0,1,0.0,5.0,185,1000,NOT_AVAILABLE_IN_UI_EXPORT,Single-dimension GSC UI export; rows cannot be joined across dimensions; top-row and UI cap limitations apply.
VERIFIED_GSC_UI_SINGLE_DIMENSION,day90,2026-05-12,2026-08-09,sc-domain:fermatmind.com,web,country,法属圭亚那,0,1,0.0,6.0,186,1000,NOT_AVAILABLE_IN_UI_EXPORT,Single-dimension GSC UI export; rows cannot be joined across dimensions; top-row and UI cap limitations apply.
VERIFIED_GSC_UI_SINGLE_DIMENSION,day90,2026-05-12,2026-08-09,sc-domain:fermatmind.com,web,country,泽西岛,0,1,0.0,6.0,187,1000,NOT_AVAILABLE_IN_UI_EXPORT,Single-dimension GSC UI export; rows cannot be joined across dimensions; top-row and UI cap limitations apply.
VERIFIED_GSC_UI_SINGLE_DIMENSION,day90,2026-05-12,2026-08-09,sc-domain:fermatmind.com,web,country,南苏丹,0,1,0.0,6.0,188,1000,NOT_AVAILABLE_IN_UI_EXPORT,Single-dimension GSC UI export; rows cannot be joined across dimensions; top-row and UI cap limitations apply.
VERIFIED_GSC_UI_SINGLE_DIMENSION,day90,2026-05-12,2026-08-09,sc-domain:fermatmind.com,web,country,几内亚比绍,0,1,0.0,7.0,189,1000,NOT_AVAILABLE_IN_UI_EXPORT,Single-dimension GSC UI export; rows cannot be joined across dimensions; top-row and UI cap limitations apply.
VERIFIED_GSC_UI_SINGLE_DIMENSION,day90,2026-05-12,2026-08-09,sc-domain:fermatmind.com,web,country,帕劳,0,1,0.0,7.0,190,1000,NOT_AVAILABLE_IN_UI_EXPORT,Single-dimension GSC UI export; rows cannot be joined across dimensions; top-row and UI cap limitations apply.
VERIFIED_GSC_UI_SINGLE_DIMENSION,day90,2026-05-12,2026-08-09,sc-domain:fermatmind.com,web,country,留尼汪岛,0,1,0.0,7.0,191,1000,NOT_AVAILABLE_IN_UI_EXPORT,Single-dimension GSC UI export; rows cannot be joined across dimensions; top-row and UI cap limitations apply.
VERIFIED_GSC_UI_SINGLE_DIMENSION,day90,2026-05-12,2026-08-09,sc-domain:fermatmind.com,web,country,圣文森特和格林纳丁斯,0,1,0.0,7.0,192,1000,NOT_AVAILABLE_IN_UI_EXPORT,Single-dimension GSC UI export; rows cannot be joined across dimensions; top-row and UI cap limitations apply.
VERIFIED_GSC_UI_SINGLE_DIMENSION,day90,2026-05-12,2026-08-09,sc-domain:fermatmind.com,web,country,萨摩亚,0,1,0.0,7.0,193,1000,NOT_AVAILABLE_IN_UI_EXPORT,Single-dimension GSC UI export; rows cannot be joined across dimensions; top-row and UI cap limitations apply.
VERIFIED_GSC_UI_SINGLE_DIMENSION,day90,2026-05-12,2026-08-09,sc-domain:fermatmind.com,web,country,斯瓦尔巴和扬马延群岛,0,1,0.0,8.0,194,1000,NOT_AVAILABLE_IN_UI_EXPORT,Single-dimension GSC UI export; rows cannot be joined across dimensions; top-row and UI cap limitations apply.
VERIFIED_GSC_UI_SINGLE_DIMENSION,day90,2026-05-12,2026-08-09,sc-domain:fermatmind.com,web,country,所罗门群岛,0,1,0.0,8.0,195,1000,NOT_AVAILABLE_IN_UI_EXPORT,Single-dimension GSC UI export; rows cannot be joined across dimensions; top-row and UI cap limitations apply.
VERIFIED_GSC_UI_SINGLE_DIMENSION,day90,2026-05-12,2026-08-09,sc-domain:fermatmind.com,web,country,奥兰群岛,0,1,0.0,10.0,196,1000,NOT_AVAILABLE_IN_UI_EXPORT,Single-dimension GSC UI export; rows cannot be joined across dimensions; top-row and UI cap limitations apply.
VERIFIED_GSC_UI_SINGLE_DIMENSION,day90,2026-05-12,2026-08-09,sc-domain:fermatmind.com,web,country,格恩西岛,0,1,0.0,10.0,197,1000,NOT_AVAILABLE_IN_UI_EXPORT,Single-dimension GSC UI export; rows cannot be joined across dimensions; top-row and UI cap limitations apply.
VERIFIED_GSC_UI_SINGLE_DIMENSION,day90,2026-05-12,2026-08-09,sc-domain:fermatmind.com,web,country,英属维尔京群岛,0,1,0.0,11.0,198,1000,NOT_AVAILABLE_IN_UI_EXPORT,Single-dimension GSC UI export; rows cannot be joined across dimensions; top-row and UI cap limitations apply.
VERIFIED_GSC_UI_SINGLE_DIMENSION,day90,2026-05-12,2026-08-09,sc-domain:fermatmind.com,web,country,法罗群岛,0,1,0.0,12.0,199,1000,NOT_AVAILABLE_IN_UI_EXPORT,Single-dimension GSC UI export; rows cannot be joined across dimensions; top-row and UI cap limitations apply.
VERIFIED_GSC_UI_SINGLE_DIMENSION,day90,2026-05-12,2026-08-09,sc-domain:fermatmind.com,web,country,加勒比荷兰,0,1,0.0,13.0,200,1000,NOT_AVAILABLE_IN_UI_EXPORT,Single-dimension GSC UI export; rows cannot be joined across dimensions; top-row and UI cap limitations apply.
VERIFIED_GSC_UI_SINGLE_DIMENSION,day90,2026-05-12,2026-08-09,sc-domain:fermatmind.com,web,country,库克群岛,0,1,0.0,16.0,201,1000,NOT_AVAILABLE_IN_UI_EXPORT,Single-dimension GSC UI export; rows cannot be joined across dimensions; top-row and UI cap limitations apply.
VERIFIED_GSC_UI_SINGLE_DIMENSION,day90,2026-05-12,2026-08-09,sc-domain:fermatmind.com,web,country,赤道几内亚,0,1,0.0,22.0,202,1000,NOT_AVAILABLE_IN_UI_EXPORT,Single-dimension GSC UI export; rows cannot be joined across dimensions; top-row and UI cap limitations apply.
VERIFIED_GSC_UI_SINGLE_DIMENSION,day90,2026-05-12,2026-08-09,sc-domain:fermatmind.com,web,country,塞舌尔,0,1,0.0,22.0,203,1000,NOT_AVAILABLE_IN_UI_EXPORT,Single-dimension GSC UI export; rows cannot be joined across dimensions; top-row and UI cap limitations apply.
VERIFIED_GSC_UI_SINGLE_DIMENSION,day90,2026-05-12,2026-08-09,sc-domain:fermatmind.com,web,country,汤加,0,1,0.0,24.0,204,1000,NOT_AVAILABLE_IN_UI_EXPORT,Single-dimension GSC UI export; rows cannot be joined across dimensions; top-row and UI cap limitations apply.
VERIFIED_GSC_UI_SINGLE_DIMENSION,day90,2026-05-12,2026-08-09,sc-domain:fermatmind.com,web,country,圣基茨和尼维斯,0,1,0.0,27.0,205,1000,NOT_AVAILABLE_IN_UI_EXPORT,Single-dimension GSC UI export; rows cannot be joined across dimensions; top-row and UI cap limitations apply.
