evidence_status,window_id,window_start,window_end,property,search_type,dimension,dimension_value,clicks,impressions,ctr_percent,position,source_row_rank,row_limit,pagination,limitation
VERIFIED_GSC_UI_SINGLE_DIMENSION,current28,2026-07-13,2026-08-09,sc-domain:fermatmind.com,web,page,https://fermatmind.com/zh/tests/mbti-personality-test-16-personality-types,73,3387,2.16,7.84,1,1000,NOT_AVAILABLE_IN_UI_EXPORT,Single-dimension GSC UI export; rows cannot be joined across dimensions; top-row and UI cap limitations apply.
VERIFIED_GSC_UI_SINGLE_DIMENSION,current28,2026-07-13,2026-08-09,sc-domain:fermatmind.com,web,page,https://fermatmind.com/zh/tests/holland-career-interest-test-riasec,16,383,4.18,7.05,2,1000,NOT_AVAILABLE_IN_UI_EXPORT,Single-dimension GSC UI export; rows cannot be joined across dimensions; top-row and UI cap limitations apply.
VERIFIED_GSC_UI_SINGLE_DIMENSION,current28,2026-07-13,2026-08-09,sc-domain:fermatmind.com,web,page,https://fermatmind.com/zh/personality/intp-a-vs-intp-t,13,608,2.14,6.44,3,1000,NOT_AVAILABLE_IN_UI_EXPORT,Single-dimension GSC UI export; rows cannot be joined across dimensions; top-row and UI cap limitations apply.
VERIFIED_GSC_UI_SINGLE_DIMENSION,current28,2026-07-13,2026-08-09,sc-domain:fermatmind.com,web,page,https://fermatmind.com/,12,195,6.15,7.09,4,1000,NOT_AVAILABLE_IN_UI_EXPORT,Single-dimension GSC UI export; rows cannot be joined across dimensions; top-row and UI cap limitations apply.
VERIFIED_GSC_UI_SINGLE_DIMENSION,current28,2026-07-13,2026-08-09,sc-domain:fermatmind.com,web,page,https://fermatmind.com/zh/articles/big-five-tool-guide,11,676,1.63,7.91,5,1000,NOT_AVAILABLE_IN_UI_EXPORT,Single-dimension GSC UI export; rows cannot be joined across dimensions; top-row and UI cap limitations apply.
VERIFIED_GSC_UI_SINGLE_DIMENSION,current28,2026-07-13,2026-08-09,sc-domain:fermatmind.com,web,page,https://fermatmind.com/zh/tests/enneagram-personality-test-nine-types,11,342,3.22,7.43,6,1000,NOT_AVAILABLE_IN_UI_EXPORT,Single-dimension GSC UI export; rows cannot be joined across dimensions; top-row and UI cap limitations apply.
VERIFIED_GSC_UI_SINGLE_DIMENSION,current28,2026-07-13,2026-08-09,sc-domain:fermatmind.com,web,page,https://fermatmind.com/zh/personality/intp-a,9,462,1.95,8.12,7,1000,NOT_AVAILABLE_IN_UI_EXPORT,Single-dimension GSC UI export; rows cannot be joined across dimensions; top-row and UI cap limitations apply.
VERIFIED_GSC_UI_SINGLE_DIMENSION,current28,2026-07-13,2026-08-09,sc-domain:fermatmind.com,web,page,https://fermatmind.com/zh/articles/are-infj-men-rare-or-socially-silenced,6,209,2.87,8.3,8,1000,NOT_AVAILABLE_IN_UI_EXPORT,Single-dimension GSC UI export; rows cannot be joined across dimensions; top-row and UI cap limitations apply.
VERIFIED_GSC_UI_SINGLE_DIMENSION,current28,2026-07-13,2026-08-09,sc-domain:fermatmind.com,web,page,https://fermatmind.com/zh/tests/enneagram-personality-test,5,184,2.72,9.35,9,1000,NOT_AVAILABLE_IN_UI_EXPORT,Single-dimension GSC UI export; rows cannot be joined across dimensions; top-row and UI cap limitations apply.
VERIFIED_GSC_UI_SINGLE_DIMENSION,current28,2026-07-13,2026-08-09,sc-domain:fermatmind.com,web,page,https://fermatmind.com/zh/articles/enneagram-personality-test-explained,4,620,0.65,7.31,10,1000,NOT_AVAILABLE_IN_UI_EXPORT,Single-dimension GSC UI export; rows cannot be joined across dimensions; top-row and UI cap limitations apply.
VERIFIED_GSC_UI_SINGLE_DIMENSION,current28,2026-07-13,2026-08-09,sc-domain:fermatmind.com,web,page,https://fermatmind.com/en/articles/what-is-riasec-holland-code-career-interest-test,3,1637,0.18,24.58,11,1000,NOT_AVAILABLE_IN_UI_EXPORT,Single-dimension GSC UI export; rows cannot be joined across dimensions; top-row and UI cap limitations apply.
VERIFIED_GSC_UI_SINGLE_DIMENSION,current28,2026-07-13,2026-08-09,sc-domain:fermatmind.com,web,page,https://fermatmind.com/zh/personality/isfp-a,3,324,0.93,10.29,12,1000,NOT_AVAILABLE_IN_UI_EXPORT,Single-dimension GSC UI export; rows cannot be joined across dimensions; top-row and UI cap limitations apply.
VERIFIED_GSC_UI_SINGLE_DIMENSION,current28,2026-07-13,2026-08-09,sc-domain:fermatmind.com,web,page,https://fermatmind.com/zh/personality/istj-a,3,185,1.62,9.54,13,1000,NOT_AVAILABLE_IN_UI_EXPORT,Single-dimension GSC UI export; rows cannot be joined across dimensions; top-row and UI cap limitations apply.
VERIFIED_GSC_UI_SINGLE_DIMENSION,current28,2026-07-13,2026-08-09,sc-domain:fermatmind.com,web,page,https://fermatmind.com/zh/personality/intj-vs-intp,3,174,1.72,7.67,14,1000,NOT_AVAILABLE_IN_UI_EXPORT,Single-dimension GSC UI export; rows cannot be joined across dimensions; top-row and UI cap limitations apply.
VERIFIED_GSC_UI_SINGLE_DIMENSION,current28,2026-07-13,2026-08-09,sc-domain:fermatmind.com,web,page,https://fermatmind.com/en/personality/intp-a,2,1337,0.15,9.37,15,1000,NOT_AVAILABLE_IN_UI_EXPORT,Single-dimension GSC UI export; rows cannot be joined across dimensions; top-row and UI cap limitations apply.
VERIFIED_GSC_UI_SINGLE_DIMENSION,current28,2026-07-13,2026-08-09,sc-domain:fermatmind.com,web,page,https://fermatmind.com/en/personality/enneagram/wings/7w8,2,137,1.46,9.24,16,1000,NOT_AVAILABLE_IN_UI_EXPORT,Single-dimension GSC UI export; rows cannot be joined across dimensions; top-row and UI cap limitations apply.
VERIFIED_GSC_UI_SINGLE_DIMENSION,current28,2026-07-13,2026-08-09,sc-domain:fermatmind.com,web,page,https://fermatmind.com/zh/personality/enfj-a-vs-enfj-t,2,115,1.74,5.6,17,1000,NOT_AVAILABLE_IN_UI_EXPORT,Single-dimension GSC UI export; rows cannot be joined across dimensions; top-row and UI cap limitations apply.
VERIFIED_GSC_UI_SINGLE_DIMENSION,current28,2026-07-13,2026-08-09,sc-domain:fermatmind.com,web,page,https://fermatmind.com/zh/personality/enneagram/wings/1w2,2,86,2.33,6.42,18,1000,NOT_AVAILABLE_IN_UI_EXPORT,Single-dimension GSC UI export; rows cannot be joined across dimensions; top-row and UI cap limitations apply.
VERIFIED_GSC_UI_SINGLE_DIMENSION,current28,2026-07-13,2026-08-09,sc-domain:fermatmind.com,web,page,https://fermatmind.com/en,2,76,2.63,7.16,19,1000,NOT_AVAILABLE_IN_UI_EXPORT,Single-dimension GSC UI export; rows cannot be joined across dimensions; top-row and UI cap limitations apply.
VERIFIED_GSC_UI_SINGLE_DIMENSION,current28,2026-07-13,2026-08-09,sc-domain:fermatmind.com,web,page,https://fermatmind.com/zh/personality/enneagram/wings/9w8,2,72,2.78,6.94,20,1000,NOT_AVAILABLE_IN_UI_EXPORT,Single-dimension GSC UI export; rows cannot be joined across dimensions; top-row and UI cap limitations apply.
VERIFIED_GSC_UI_SINGLE_DIMENSION,current28,2026-07-13,2026-08-09,sc-domain:fermatmind.com,web,page,https://fermatmind.com/zh/personality/enneagram/wings/8w9,2,57,3.51,7.84,21,1000,NOT_AVAILABLE_IN_UI_EXPORT,Single-dimension GSC UI export; rows cannot be joined across dimensions; top-row and UI cap limitations apply.
VERIFIED_GSC_UI_SINGLE_DIMENSION,current28,2026-07-13,2026-08-09,sc-domain:fermatmind.com,web,page,https://fermatmind.com/zh/personality/big-five/facets,2,51,3.92,5.75,22,1000,NOT_AVAILABLE_IN_UI_EXPORT,Single-dimension GSC UI export; rows cannot be joined across dimensions; top-row and UI cap limitations apply.
VERIFIED_GSC_UI_SINGLE_DIMENSION,current28,2026-07-13,2026-08-09,sc-domain:fermatmind.com,web,page,https://fermatmind.com/zh/personality/big-five/facets/vulnerability,2,25,8.0,4.84,23,1000,NOT_AVAILABLE_IN_UI_EXPORT,Single-dimension GSC UI export; rows cannot be joined across dimensions; top-row and UI cap limitations apply.
VERIFIED_GSC_UI_SINGLE_DIMENSION,current28,2026-07-13,2026-08-09,sc-domain:fermatmind.com,web,page,https://fermatmind.com/en/personality/big-five/facets/straightforwardness,2,15,13.33,5.4,24,1000,NOT_AVAILABLE_IN_UI_EXPORT,Single-dimension GSC UI export; rows cannot be joined across dimensions; top-row and UI cap limitations apply.
VERIFIED_GSC_UI_SINGLE_DIMENSION,current28,2026-07-13,2026-08-09,sc-domain:fermatmind.com,web,page,https://fermatmind.com/zh/articles/gaokao-major-adjustment-unacceptable-major-checklist,1,1085,0.09,6.58,25,1000,NOT_AVAILABLE_IN_UI_EXPORT,Single-dimension GSC UI export; rows cannot be joined across dimensions; top-row and UI cap limitations apply.
VERIFIED_GSC_UI_SINGLE_DIMENSION,current28,2026-07-13,2026-08-09,sc-domain:fermatmind.com,web,page,https://fermatmind.com/zh/articles/mbti-basics,1,600,0.17,16.73,26,1000,NOT_AVAILABLE_IN_UI_EXPORT,Single-dimension GSC UI export; rows cannot be joined across dimensions; top-row and UI cap limitations apply.
VERIFIED_GSC_UI_SINGLE_DIMENSION,current28,2026-07-13,2026-08-09,sc-domain:fermatmind.com,web,page,https://fermatmind.com/en/personality/intj-a-vs-intj-t,1,277,0.36,9.23,27,1000,NOT_AVAILABLE_IN_UI_EXPORT,Single-dimension GSC UI export; rows cannot be joined across dimensions; top-row and UI cap limitations apply.
VERIFIED_GSC_UI_SINGLE_DIMENSION,current28,2026-07-13,2026-08-09,sc-domain:fermatmind.com,web,page,https://fermatmind.com/en/personality/infp-t,1,275,0.36,8.14,28,1000,NOT_AVAILABLE_IN_UI_EXPORT,Single-dimension GSC UI export; rows cannot be joined across dimensions; top-row and UI cap limitations apply.
VERIFIED_GSC_UI_SINGLE_DIMENSION,current28,2026-07-13,2026-08-09,sc-domain:fermatmind.com,web,page,https://fermatmind.com/en/personality/enneagram/wings/1w2,1,189,0.53,9.24,29,1000,NOT_AVAILABLE_IN_UI_EXPORT,Single-dimension GSC UI export; rows cannot be joined across dimensions; top-row and UI cap limitations apply.
VERIFIED_GSC_UI_SINGLE_DIMENSION,current28,2026-07-13,2026-08-09,sc-domain:fermatmind.com,web,page,https://fermatmind.com/en/tests/holland-career-interest-test-riasec,1,158,0.63,10.87,30,1000,NOT_AVAILABLE_IN_UI_EXPORT,Single-dimension GSC UI export; rows cannot be joined across dimensions; top-row and UI cap limitations apply.
VERIFIED_GSC_UI_SINGLE_DIMENSION,current28,2026-07-13,2026-08-09,sc-domain:fermatmind.com,web,page,https://fermatmind.com/en/personality/enneagram/wings/4w3,1,157,0.64,9.63,31,1000,NOT_AVAILABLE_IN_UI_EXPORT,Single-dimension GSC UI export; rows cannot be joined across dimensions; top-row and UI cap limitations apply.
VERIFIED_GSC_UI_SINGLE_DIMENSION,current28,2026-07-13,2026-08-09,sc-domain:fermatmind.com,web,page,https://fermatmind.com/en/personality/enneagram/type-1/instincts/self-preservation,1,157,0.64,10.06,32,1000,NOT_AVAILABLE_IN_UI_EXPORT,Single-dimension GSC UI export; rows cannot be joined across dimensions; top-row and UI cap limitations apply.
VERIFIED_GSC_UI_SINGLE_DIMENSION,current28,2026-07-13,2026-08-09,sc-domain:fermatmind.com,web,page,https://fermatmind.com/en/personality/enneagram/type-5/instincts/self-preservation,1,139,0.72,8.16,33,1000,NOT_AVAILABLE_IN_UI_EXPORT,Single-dimension GSC UI export; rows cannot be joined across dimensions; top-row and UI cap limitations apply.
VERIFIED_GSC_UI_SINGLE_DIMENSION,current28,2026-07-13,2026-08-09,sc-domain:fermatmind.com,web,page,https://fermatmind.com/zh/tests/big-five-personality-test-ocean-model,1,135,0.74,7.79,34,1000,NOT_AVAILABLE_IN_UI_EXPORT,Single-dimension GSC UI export; rows cannot be joined across dimensions; top-row and UI cap limitations apply.
VERIFIED_GSC_UI_SINGLE_DIMENSION,current28,2026-07-13,2026-08-09,sc-domain:fermatmind.com,web,page,https://fermatmind.com/zh/personality/esfj-a,1,130,0.77,10.55,35,1000,NOT_AVAILABLE_IN_UI_EXPORT,Single-dimension GSC UI export; rows cannot be joined across dimensions; top-row and UI cap limitations apply.
VERIFIED_GSC_UI_SINGLE_DIMENSION,current28,2026-07-13,2026-08-09,sc-domain:fermatmind.com,web,page,https://fermatmind.com/zh/personality/big-five/facets/aesthetics,1,121,0.83,7.32,36,1000,NOT_AVAILABLE_IN_UI_EXPORT,Single-dimension GSC UI export; rows cannot be joined across dimensions; top-row and UI cap limitations apply.
VERIFIED_GSC_UI_SINGLE_DIMENSION,current28,2026-07-13,2026-08-09,sc-domain:fermatmind.com,web,page,https://fermatmind.com/zh/personality/big-five/extraversion-high,1,101,0.99,13.8,37,1000,NOT_AVAILABLE_IN_UI_EXPORT,Single-dimension GSC UI export; rows cannot be joined across dimensions; top-row and UI cap limitations apply.
VERIFIED_GSC_UI_SINGLE_DIMENSION,current28,2026-07-13,2026-08-09,sc-domain:fermatmind.com,web,page,https://fermatmind.com/en/personality/enneagram/wings/4w5,1,99,1.01,9.26,38,1000,NOT_AVAILABLE_IN_UI_EXPORT,Single-dimension GSC UI export; rows cannot be joined across dimensions; top-row and UI cap limitations apply.
VERIFIED_GSC_UI_SINGLE_DIMENSION,current28,2026-07-13,2026-08-09,sc-domain:fermatmind.com,web,page,https://fermatmind.com/zh/personality/istj-vs-isfj,1,94,1.06,6.66,39,1000,NOT_AVAILABLE_IN_UI_EXPORT,Single-dimension GSC UI export; rows cannot be joined across dimensions; top-row and UI cap limitations apply.
VERIFIED_GSC_UI_SINGLE_DIMENSION,current28,2026-07-13,2026-08-09,sc-domain:fermatmind.com,web,page,https://fermatmind.com/zh/articles/eq-test-tool-guide,1,78,1.28,9.77,40,1000,NOT_AVAILABLE_IN_UI_EXPORT,Single-dimension GSC UI export; rows cannot be joined across dimensions; top-row and UI cap limitations apply.
VERIFIED_GSC_UI_SINGLE_DIMENSION,current28,2026-07-13,2026-08-09,sc-domain:fermatmind.com,web,page,https://fermatmind.com/zh/personality/enneagram/wings/5w4,1,55,1.82,5.4,41,1000,NOT_AVAILABLE_IN_UI_EXPORT,Single-dimension GSC UI export; rows cannot be joined across dimensions; top-row and UI cap limitations apply.
VERIFIED_GSC_UI_SINGLE_DIMENSION,current28,2026-07-13,2026-08-09,sc-domain:fermatmind.com,web,page,https://fermatmind.com/en/personality/enneagram/wings/9w8,1,55,1.82,10.49,42,1000,NOT_AVAILABLE_IN_UI_EXPORT,Single-dimension GSC UI export; rows cannot be joined across dimensions; top-row and UI cap limitations apply.
VERIFIED_GSC_UI_SINGLE_DIMENSION,current28,2026-07-13,2026-08-09,sc-domain:fermatmind.com,web,page,https://fermatmind.com/zh/personality/entj-vs-intj,1,54,1.85,11.69,43,1000,NOT_AVAILABLE_IN_UI_EXPORT,Single-dimension GSC UI export; rows cannot be joined across dimensions; top-row and UI cap limitations apply.
VERIFIED_GSC_UI_SINGLE_DIMENSION,current28,2026-07-13,2026-08-09,sc-domain:fermatmind.com,web,page,https://fermatmind.com/en/personality/enneagram/centers/heart,1,51,1.96,11.33,44,1000,NOT_AVAILABLE_IN_UI_EXPORT,Single-dimension GSC UI export; rows cannot be joined across dimensions; top-row and UI cap limitations apply.
VERIFIED_GSC_UI_SINGLE_DIMENSION,current28,2026-07-13,2026-08-09,sc-domain:fermatmind.com,web,page,https://fermatmind.com/zh/tests/iq-test-intelligence-quotient-assessment,1,49,2.04,17.63,45,1000,NOT_AVAILABLE_IN_UI_EXPORT,Single-dimension GSC UI export; rows cannot be joined across dimensions; top-row and UI cap limitations apply.
VERIFIED_GSC_UI_SINGLE_DIMENSION,current28,2026-07-13,2026-08-09,sc-domain:fermatmind.com,web,page,https://fermatmind.com/zh/personality/big-five/agreeableness,1,48,2.08,7.9,46,1000,NOT_AVAILABLE_IN_UI_EXPORT,Single-dimension GSC UI export; rows cannot be joined across dimensions; top-row and UI cap limitations apply.
VERIFIED_GSC_UI_SINGLE_DIMENSION,current28,2026-07-13,2026-08-09,sc-domain:fermatmind.com,web,page,https://fermatmind.com/en/personality/big-five/low-extraversion,1,47,2.13,9.23,47,1000,NOT_AVAILABLE_IN_UI_EXPORT,Single-dimension GSC UI export; rows cannot be joined across dimensions; top-row and UI cap limitations apply.
VERIFIED_GSC_UI_SINGLE_DIMENSION,current28,2026-07-13,2026-08-09,sc-domain:fermatmind.com,web,page,https://fermatmind.com/zh/personality/enneagram/wings/8w7,1,34,2.94,5.62,48,1000,NOT_AVAILABLE_IN_UI_EXPORT,Single-dimension GSC UI export; rows cannot be joined across dimensions; top-row and UI cap limitations apply.
VERIFIED_GSC_UI_SINGLE_DIMENSION,current28,2026-07-13,2026-08-09,sc-domain:fermatmind.com,web,page,https://fermatmind.com/en/personality/big-five/facets/self-consciousness,1,29,3.45,9.62,49,1000,NOT_AVAILABLE_IN_UI_EXPORT,Single-dimension GSC UI export; rows cannot be joined across dimensions; top-row and UI cap limitations apply.
VERIFIED_GSC_UI_SINGLE_DIMENSION,current28,2026-07-13,2026-08-09,sc-domain:fermatmind.com,web,page,https://fermatmind.com/zh/personality/enneagram/wings/7w8,1,26,3.85,5.73,50,1000,NOT_AVAILABLE_IN_UI_EXPORT,Single-dimension GSC UI export; rows cannot be joined across dimensions; top-row and UI cap limitations apply.
VERIFIED_GSC_UI_SINGLE_DIMENSION,current28,2026-07-13,2026-08-09,sc-domain:fermatmind.com,web,page,https://fermatmind.com/en/personality/big-five/facets,1,26,3.85,6.42,51,1000,NOT_AVAILABLE_IN_UI_EXPORT,Single-dimension GSC UI export; rows cannot be joined across dimensions; top-row and UI cap limitations apply.
VERIFIED_GSC_UI_SINGLE_DIMENSION,current28,2026-07-13,2026-08-09,sc-domain:fermatmind.com,web,page,https://fermatmind.com/zh/articles/how-personality-shapes-attitude-toward-ai,1,22,4.55,9.05,52,1000,NOT_AVAILABLE_IN_UI_EXPORT,Single-dimension GSC UI export; rows cannot be joined across dimensions; top-row and UI cap limitations apply.
VERIFIED_GSC_UI_SINGLE_DIMENSION,current28,2026-07-13,2026-08-09,sc-domain:fermatmind.com,web,page,https://fermatmind.com/en/career/jobs/special-forces,1,16,6.25,17.62,54,1000,NOT_AVAILABLE_IN_UI_EXPORT,Single-dimension GSC UI export; rows cannot be joined across dimensions; top-row and UI cap limitations apply.
VERIFIED_GSC_UI_SINGLE_DIMENSION,current28,2026-07-13,2026-08-09,sc-domain:fermatmind.com,web,page,https://fermatmind.com/zh/personality/big-five/facets/self-consciousness,1,15,6.67,9.07,55,1000,NOT_AVAILABLE_IN_UI_EXPORT,Single-dimension GSC UI export; rows cannot be joined across dimensions; top-row and UI cap limitations apply.
VERIFIED_GSC_UI_SINGLE_DIMENSION,current28,2026-07-13,2026-08-09,sc-domain:fermatmind.com,web,page,https://fermatmind.com/zh/personality/big-five/facets/gregariousness,1,12,8.33,17.17,56,1000,NOT_AVAILABLE_IN_UI_EXPORT,Single-dimension GSC UI export; rows cannot be joined across dimensions; top-row and UI cap limitations apply.
VERIFIED_GSC_UI_SINGLE_DIMENSION,current28,2026-07-13,2026-08-09,sc-domain:fermatmind.com,web,page,https://fermatmind.com/zh/career/jobs/broadcast-announcers-and-radio-disc-jockeys,1,4,25.0,10.5,57,1000,NOT_AVAILABLE_IN_UI_EXPORT,Single-dimension GSC UI export; rows cannot be joined across dimensions; top-row and UI cap limitations apply.
VERIFIED_GSC_UI_SINGLE_DIMENSION,current28,2026-07-13,2026-08-09,sc-domain:fermatmind.com,web,page,https://fermatmind.com/en/career/jobs/geodetic-surveyors,1,4,25.0,12.0,58,1000,NOT_AVAILABLE_IN_UI_EXPORT,Single-dimension GSC UI export; rows cannot be joined across dimensions; top-row and UI cap limitations apply.
VERIFIED_GSC_UI_SINGLE_DIMENSION,current28,2026-07-13,2026-08-09,sc-domain:fermatmind.com,web,page,https://fermatmind.com/zh/career/jobs/customs-brokers,1,4,25.0,22.25,59,1000,NOT_AVAILABLE_IN_UI_EXPORT,Single-dimension GSC UI export; rows cannot be joined across dimensions; top-row and UI cap limitations apply.
VERIFIED_GSC_UI_SINGLE_DIMENSION,current28,2026-07-13,2026-08-09,sc-domain:fermatmind.com,web,page,https://fermatmind.com/zh/personality/enneagram/type-8/instincts/self-preservation,1,2,50.0,3.0,61,1000,NOT_AVAILABLE_IN_UI_EXPORT,Single-dimension GSC UI export; rows cannot be joined across dimensions; top-row and UI cap limitations apply.
VERIFIED_GSC_UI_SINGLE_DIMENSION,current28,2026-07-13,2026-08-09,sc-domain:fermatmind.com,web,page,https://fermatmind.com/en/career/jobs/shipping-receiving-and-inventory-clerks,0,890,0.0,7.12,62,1000,NOT_AVAILABLE_IN_UI_EXPORT,Single-dimension GSC UI export; rows cannot be joined across dimensions; top-row and UI cap limitations apply.
VERIFIED_GSC_UI_SINGLE_DIMENSION,current28,2026-07-13,2026-08-09,sc-domain:fermatmind.com,web,page,https://fermatmind.com/en/personality/enneagram/wings/5w4,0,288,0.0,9.91,63,1000,NOT_AVAILABLE_IN_UI_EXPORT,Single-dimension GSC UI export; rows cannot be joined across dimensions; top-row and UI cap limitations apply.
VERIFIED_GSC_UI_SINGLE_DIMENSION,current28,2026-07-13,2026-08-09,sc-domain:fermatmind.com,web,page,https://fermatmind.com/zh/articles/major-career-mismatch-job-search-skills-plan,0,211,0.0,9.68,64,1000,NOT_AVAILABLE_IN_UI_EXPORT,Single-dimension GSC UI export; rows cannot be joined across dimensions; top-row and UI cap limitations apply.
VERIFIED_GSC_UI_SINGLE_DIMENSION,current28,2026-07-13,2026-08-09,sc-domain:fermatmind.com,web,page,https://fermatmind.com/zh/personality,0,210,0.0,8.11,65,1000,NOT_AVAILABLE_IN_UI_EXPORT,Single-dimension GSC UI export; rows cannot be joined across dimensions; top-row and UI cap limitations apply.
VERIFIED_GSC_UI_SINGLE_DIMENSION,current28,2026-07-13,2026-08-09,sc-domain:fermatmind.com,web,page,https://fermatmind.com/zh/articles/riasec-holland-career-interest-test-explained,0,207,0.0,6.86,66,1000,NOT_AVAILABLE_IN_UI_EXPORT,Single-dimension GSC UI export; rows cannot be joined across dimensions; top-row and UI cap limitations apply.
VERIFIED_GSC_UI_SINGLE_DIMENSION,current28,2026-07-13,2026-08-09,sc-domain:fermatmind.com,web,page,https://fermatmind.com/en/personality/enfj-a-vs-enfj-t,0,192,0.0,7.7,67,1000,NOT_AVAILABLE_IN_UI_EXPORT,Single-dimension GSC UI export; rows cannot be joined across dimensions; top-row and UI cap limitations apply.
VERIFIED_GSC_UI_SINGLE_DIMENSION,current28,2026-07-13,2026-08-09,sc-domain:fermatmind.com,web,page,https://fermatmind.com/en/personality/enneagram/wings/3w2,0,190,0.0,10.05,68,1000,NOT_AVAILABLE_IN_UI_EXPORT,Single-dimension GSC UI export; rows cannot be joined across dimensions; top-row and UI cap limitations apply.
VERIFIED_GSC_UI_SINGLE_DIMENSION,current28,2026-07-13,2026-08-09,sc-domain:fermatmind.com,web,page,https://fermatmind.com/en/articles/big-five-emotional-stability-stress-recovery-communication,0,173,0.0,12.31,69,1000,NOT_AVAILABLE_IN_UI_EXPORT,Single-dimension GSC UI export; rows cannot be joined across dimensions; top-row and UI cap limitations apply.
VERIFIED_GSC_UI_SINGLE_DIMENSION,current28,2026-07-13,2026-08-09,sc-domain:fermatmind.com,web,page,https://fermatmind.com/en/articles/major-career-mismatch-job-search-skills-plan,0,159,0.0,11.53,70,1000,NOT_AVAILABLE_IN_UI_EXPORT,Single-dimension GSC UI export; rows cannot be joined across dimensions; top-row and UI cap limitations apply.
VERIFIED_GSC_UI_SINGLE_DIMENSION,current28,2026-07-13,2026-08-09,sc-domain:fermatmind.com,web,page,https://fermatmind.com/zh/articles/big-five-emotional-stability-stress-recovery-communication,0,146,0.0,12.71,71,1000,NOT_AVAILABLE_IN_UI_EXPORT,Single-dimension GSC UI export; rows cannot be joined across dimensions; top-row and UI cap limitations apply.
VERIFIED_GSC_UI_SINGLE_DIMENSION,current28,2026-07-13,2026-08-09,sc-domain:fermatmind.com,web,page,https://fermatmind.com/en/personality/enneagram/wings/5w6,0,144,0.0,11.69,72,1000,NOT_AVAILABLE_IN_UI_EXPORT,Single-dimension GSC UI export; rows cannot be joined across dimensions; top-row and UI cap limitations apply.
VERIFIED_GSC_UI_SINGLE_DIMENSION,current28,2026-07-13,2026-08-09,sc-domain:fermatmind.com,web,page,https://fermatmind.com/en/personality/big-five/neuroticism-low,0,136,0.0,9.47,73,1000,NOT_AVAILABLE_IN_UI_EXPORT,Single-dimension GSC UI export; rows cannot be joined across dimensions; top-row and UI cap limitations apply.
VERIFIED_GSC_UI_SINGLE_DIMENSION,current28,2026-07-13,2026-08-09,sc-domain:fermatmind.com,web,page,https://fermatmind.com/en/personality/enneagram/type-6/instincts/self-preservation,0,136,0.0,9.79,74,1000,NOT_AVAILABLE_IN_UI_EXPORT,Single-dimension GSC UI export; rows cannot be joined across dimensions; top-row and UI cap limitations apply.
VERIFIED_GSC_UI_SINGLE_DIMENSION,current28,2026-07-13,2026-08-09,sc-domain:fermatmind.com,web,page,https://fermatmind.com/en/personality/big-five/low-agreeableness,0,133,0.0,10.68,75,1000,NOT_AVAILABLE_IN_UI_EXPORT,Single-dimension GSC UI export; rows cannot be joined across dimensions; top-row and UI cap limitations apply.
VERIFIED_GSC_UI_SINGLE_DIMENSION,current28,2026-07-13,2026-08-09,sc-domain:fermatmind.com,web,page,https://fermatmind.com/zh/personality/istp-a,0,126,0.0,9.59,76,1000,NOT_AVAILABLE_IN_UI_EXPORT,Single-dimension GSC UI export; rows cannot be joined across dimensions; top-row and UI cap limitations apply.
VERIFIED_GSC_UI_SINGLE_DIMENSION,current28,2026-07-13,2026-08-09,sc-domain:fermatmind.com,web,page,https://fermatmind.com/zh/articles/unwanted-major-repeat-or-stay-riasec-decision-checklist,0,125,0.0,8.19,77,1000,NOT_AVAILABLE_IN_UI_EXPORT,Single-dimension GSC UI export; rows cannot be joined across dimensions; top-row and UI cap limitations apply.
VERIFIED_GSC_UI_SINGLE_DIMENSION,current28,2026-07-13,2026-08-09,sc-domain:fermatmind.com,web,page,https://fermatmind.com/en/personality/enneagram/type-7/instincts/self-preservation,0,123,0.0,8.2,78,1000,NOT_AVAILABLE_IN_UI_EXPORT,Single-dimension GSC UI export; rows cannot be joined across dimensions; top-row and UI cap limitations apply.
VERIFIED_GSC_UI_SINGLE_DIMENSION,current28,2026-07-13,2026-08-09,sc-domain:fermatmind.com,web,page,https://fermatmind.com/zh/articles/iq-test-score-and-limits-explained,0,118,0.0,6.03,79,1000,NOT_AVAILABLE_IN_UI_EXPORT,Single-dimension GSC UI export; rows cannot be joined across dimensions; top-row and UI cap limitations apply.
VERIFIED_GSC_UI_SINGLE_DIMENSION,current28,2026-07-13,2026-08-09,sc-domain:fermatmind.com,web,page,https://fermatmind.com/en/personality/enneagram/type-8/instincts/self-preservation,0,113,0.0,9.08,80,1000,NOT_AVAILABLE_IN_UI_EXPORT,Single-dimension GSC UI export; rows cannot be joined across dimensions; top-row and UI cap limitations apply.
VERIFIED_GSC_UI_SINGLE_DIMENSION,current28,2026-07-13,2026-08-09,sc-domain:fermatmind.com,web,page,https://fermatmind.com/zh/career/guides,0,113,0.0,9.66,81,1000,NOT_AVAILABLE_IN_UI_EXPORT,Single-dimension GSC UI export; rows cannot be joined across dimensions; top-row and UI cap limitations apply.
VERIFIED_GSC_UI_SINGLE_DIMENSION,current28,2026-07-13,2026-08-09,sc-domain:fermatmind.com,web,page,https://fermatmind.com/en/personality/enneagram/wings/7w6,0,110,0.0,9.25,82,1000,NOT_AVAILABLE_IN_UI_EXPORT,Single-dimension GSC UI export; rows cannot be joined across dimensions; top-row and UI cap limitations apply.
VERIFIED_GSC_UI_SINGLE_DIMENSION,current28,2026-07-13,2026-08-09,sc-domain:fermatmind.com,web,page,https://fermatmind.com/zh/career/jobs/aircraft-and-avionics-equipment-mechanics-and-technicians,0,106,0.0,30.22,83,1000,NOT_AVAILABLE_IN_UI_EXPORT,Single-dimension GSC UI export; rows cannot be joined across dimensions; top-row and UI cap limitations apply.
VERIFIED_GSC_UI_SINGLE_DIMENSION,current28,2026-07-13,2026-08-09,sc-domain:fermatmind.com,web,page,https://fermatmind.com/en/articles/unwanted-major-repeat-or-stay-riasec-decision-checklist,0,105,0.0,18.54,84,1000,NOT_AVAILABLE_IN_UI_EXPORT,Single-dimension GSC UI export; rows cannot be joined across dimensions; top-row and UI cap limitations apply.
VERIFIED_GSC_UI_SINGLE_DIMENSION,current28,2026-07-13,2026-08-09,sc-domain:fermatmind.com,web,page,https://fermatmind.com/zh/personality/infj-vs-infp,0,104,0.0,12.53,85,1000,NOT_AVAILABLE_IN_UI_EXPORT,Single-dimension GSC UI export; rows cannot be joined across dimensions; top-row and UI cap limitations apply.
VERIFIED_GSC_UI_SINGLE_DIMENSION,current28,2026-07-13,2026-08-09,sc-domain:fermatmind.com,web,page,https://fermatmind.com/zh/career/jobs/supply-chain-managers,0,101,0.0,12.26,86,1000,NOT_AVAILABLE_IN_UI_EXPORT,Single-dimension GSC UI export; rows cannot be joined across dimensions; top-row and UI cap limitations apply.
VERIFIED_GSC_UI_SINGLE_DIMENSION,current28,2026-07-13,2026-08-09,sc-domain:fermatmind.com,web,page,https://fermatmind.com/zh/career/jobs/financial-managers,0,100,0.0,13.28,87,1000,NOT_AVAILABLE_IN_UI_EXPORT,Single-dimension GSC UI export; rows cannot be joined across dimensions; top-row and UI cap limitations apply.
VERIFIED_GSC_UI_SINGLE_DIMENSION,current28,2026-07-13,2026-08-09,sc-domain:fermatmind.com,web,page,https://fermatmind.com/en/articles/hot-major-fit-riasec-course-career-checklist,0,98,0.0,16.21,88,1000,NOT_AVAILABLE_IN_UI_EXPORT,Single-dimension GSC UI export; rows cannot be joined across dimensions; top-row and UI cap limitations apply.
VERIFIED_GSC_UI_SINGLE_DIMENSION,current28,2026-07-13,2026-08-09,sc-domain:fermatmind.com,web,page,https://fermatmind.com/en/career/jobs/sales-representatives-wholesale-and-manufacturing-except-technical-and-scientific-products,0,96,0.0,6.51,89,1000,NOT_AVAILABLE_IN_UI_EXPORT,Single-dimension GSC UI export; rows cannot be joined across dimensions; top-row and UI cap limitations apply.
VERIFIED_GSC_UI_SINGLE_DIMENSION,current28,2026-07-13,2026-08-09,sc-domain:fermatmind.com,web,page,https://fermatmind.com/zh/career/jobs/automotive-service-technicians-and-mechanics,0,96,0.0,24.78,90,1000,NOT_AVAILABLE_IN_UI_EXPORT,Single-dimension GSC UI export; rows cannot be joined across dimensions; top-row and UI cap limitations apply.
VERIFIED_GSC_UI_SINGLE_DIMENSION,current28,2026-07-13,2026-08-09,sc-domain:fermatmind.com,web,page,https://fermatmind.com/en/personality/enfj-a,0,93,0.0,9.53,91,1000,NOT_AVAILABLE_IN_UI_EXPORT,Single-dimension GSC UI export; rows cannot be joined across dimensions; top-row and UI cap limitations apply.
VERIFIED_GSC_UI_SINGLE_DIMENSION,current28,2026-07-13,2026-08-09,sc-domain:fermatmind.com,web,page,https://fermatmind.com/en/personality/enneagram/type-2/instincts/social,0,92,0.0,8.32,92,1000,NOT_AVAILABLE_IN_UI_EXPORT,Single-dimension GSC UI export; rows cannot be joined across dimensions; top-row and UI cap limitations apply.
VERIFIED_GSC_UI_SINGLE_DIMENSION,current28,2026-07-13,2026-08-09,sc-domain:fermatmind.com,web,page,https://fermatmind.com/zh/careers,0,91,0.0,11.95,93,1000,NOT_AVAILABLE_IN_UI_EXPORT,Single-dimension GSC UI export; rows cannot be joined across dimensions; top-row and UI cap limitations apply.
VERIFIED_GSC_UI_SINGLE_DIMENSION,current28,2026-07-13,2026-08-09,sc-domain:fermatmind.com,web,page,https://fermatmind.com/zh/articles/math-not-good-computer-ai-major-course-riasec-checklist,0,90,0.0,10.64,94,1000,NOT_AVAILABLE_IN_UI_EXPORT,Single-dimension GSC UI export; rows cannot be joined across dimensions; top-row and UI cap limitations apply.
VERIFIED_GSC_UI_SINGLE_DIMENSION,current28,2026-07-13,2026-08-09,sc-domain:fermatmind.com,web,page,https://fermatmind.com/en/personality/enneagram/wings/2w1,0,87,0.0,10.48,95,1000,NOT_AVAILABLE_IN_UI_EXPORT,Single-dimension GSC UI export; rows cannot be joined across dimensions; top-row and UI cap limitations apply.
VERIFIED_GSC_UI_SINGLE_DIMENSION,current28,2026-07-13,2026-08-09,sc-domain:fermatmind.com,web,page,https://fermatmind.com/en/personality/esfj-t,0,86,0.0,7.93,96,1000,NOT_AVAILABLE_IN_UI_EXPORT,Single-dimension GSC UI export; rows cannot be joined across dimensions; top-row and UI cap limitations apply.
VERIFIED_GSC_UI_SINGLE_DIMENSION,current28,2026-07-13,2026-08-09,sc-domain:fermatmind.com,web,page,https://fermatmind.com/zh/career/jobs/purchasing-managers,0,85,0.0,15.49,97,1000,NOT_AVAILABLE_IN_UI_EXPORT,Single-dimension GSC UI export; rows cannot be joined across dimensions; top-row and UI cap limitations apply.
VERIFIED_GSC_UI_SINGLE_DIMENSION,current28,2026-07-13,2026-08-09,sc-domain:fermatmind.com,web,page,https://fermatmind.com/en/personality/enneagram/wings/8w7,0,83,0.0,8.84,98,1000,NOT_AVAILABLE_IN_UI_EXPORT,Single-dimension GSC UI export; rows cannot be joined across dimensions; top-row and UI cap limitations apply.
VERIFIED_GSC_UI_SINGLE_DIMENSION,current28,2026-07-13,2026-08-09,sc-domain:fermatmind.com,web,page,https://fermatmind.com/en/tests/big-five-personality-test-ocean-model,0,82,0.0,52.3,99,1000,NOT_AVAILABLE_IN_UI_EXPORT,Single-dimension GSC UI export; rows cannot be joined across dimensions; top-row and UI cap limitations apply.
VERIFIED_GSC_UI_SINGLE_DIMENSION,current28,2026-07-13,2026-08-09,sc-domain:fermatmind.com,web,page,https://fermatmind.com/zh/articles/enneagram-workplace-friction-core-motivations,0,78,0.0,13.26,100,1000,NOT_AVAILABLE_IN_UI_EXPORT,Single-dimension GSC UI export; rows cannot be joined across dimensions; top-row and UI cap limitations apply.
VERIFIED_GSC_UI_SINGLE_DIMENSION,current28,2026-07-13,2026-08-09,sc-domain:fermatmind.com,web,page,https://fermatmind.com/en/data-privacy,0,76,0.0,13.63,101,1000,NOT_AVAILABLE_IN_UI_EXPORT,Single-dimension GSC UI export; rows cannot be joined across dimensions; top-row and UI cap limitations apply.
VERIFIED_GSC_UI_SINGLE_DIMENSION,current28,2026-07-13,2026-08-09,sc-domain:fermatmind.com,web,page,https://fermatmind.com/en/personality/big-five/low-conscientiousness,0,74,0.0,11.31,102,1000,NOT_AVAILABLE_IN_UI_EXPORT,Single-dimension GSC UI export; rows cannot be joined across dimensions; top-row and UI cap limitations apply.
VERIFIED_GSC_UI_SINGLE_DIMENSION,current28,2026-07-13,2026-08-09,sc-domain:fermatmind.com,web,page,https://fermatmind.com/en/personality/big-five/facets/dutifulness,0,73,0.0,6.04,103,1000,NOT_AVAILABLE_IN_UI_EXPORT,Single-dimension GSC UI export; rows cannot be joined across dimensions; top-row and UI cap limitations apply.
VERIFIED_GSC_UI_SINGLE_DIMENSION,current28,2026-07-13,2026-08-09,sc-domain:fermatmind.com,web,page,https://fermatmind.com/en/personality/enneagram/wings/3w4,0,71,0.0,9.77,104,1000,NOT_AVAILABLE_IN_UI_EXPORT,Single-dimension GSC UI export; rows cannot be joined across dimensions; top-row and UI cap limitations apply.
VERIFIED_GSC_UI_SINGLE_DIMENSION,current28,2026-07-13,2026-08-09,sc-domain:fermatmind.com,web,page,https://fermatmind.com/en/personality/big-five/high-conscientiousness,0,71,0.0,16.65,105,1000,NOT_AVAILABLE_IN_UI_EXPORT,Single-dimension GSC UI export; rows cannot be joined across dimensions; top-row and UI cap limitations apply.
VERIFIED_GSC_UI_SINGLE_DIMENSION,current28,2026-07-13,2026-08-09,sc-domain:fermatmind.com,web,page,https://fermatmind.com/en/personality/enneagram/wings/8w9,0,70,0.0,8.59,106,1000,NOT_AVAILABLE_IN_UI_EXPORT,Single-dimension GSC UI export; rows cannot be joined across dimensions; top-row and UI cap limitations apply.
VERIFIED_GSC_UI_SINGLE_DIMENSION,current28,2026-07-13,2026-08-09,sc-domain:fermatmind.com,web,page,https://fermatmind.com/en/career/jobs/real-estate-brokers-and-sales-agents,0,69,0.0,12.04,107,1000,NOT_AVAILABLE_IN_UI_EXPORT,Single-dimension GSC UI export; rows cannot be joined across dimensions; top-row and UI cap limitations apply.
VERIFIED_GSC_UI_SINGLE_DIMENSION,current28,2026-07-13,2026-08-09,sc-domain:fermatmind.com,web,page,https://fermatmind.com/en/personality/big-five/facets/assertiveness,0,68,0.0,7.6,108,1000,NOT_AVAILABLE_IN_UI_EXPORT,Single-dimension GSC UI export; rows cannot be joined across dimensions; top-row and UI cap limitations apply.
VERIFIED_GSC_UI_SINGLE_DIMENSION,current28,2026-07-13,2026-08-09,sc-domain:fermatmind.com,web,page,https://fermatmind.com/en/personality/intp-a-vs-intp-t,0,68,0.0,8.9,109,1000,NOT_AVAILABLE_IN_UI_EXPORT,Single-dimension GSC UI export; rows cannot be joined across dimensions; top-row and UI cap limitations apply.
VERIFIED_GSC_UI_SINGLE_DIMENSION,current28,2026-07-13,2026-08-09,sc-domain:fermatmind.com,web,page,https://fermatmind.com/tests/mbti-personality-test-16-personality-types-MBTI,0,67,0.0,68.09,110,1000,NOT_AVAILABLE_IN_UI_EXPORT,Single-dimension GSC UI export; rows cannot be joined across dimensions; top-row and UI cap limitations apply.
VERIFIED_GSC_UI_SINGLE_DIMENSION,current28,2026-07-13,2026-08-09,sc-domain:fermatmind.com,web,page,https://fermatmind.com/zh/tests,0,65,0.0,6.23,111,1000,NOT_AVAILABLE_IN_UI_EXPORT,Single-dimension GSC UI export; rows cannot be joined across dimensions; top-row and UI cap limitations apply.
VERIFIED_GSC_UI_SINGLE_DIMENSION,current28,2026-07-13,2026-08-09,sc-domain:fermatmind.com,web,page,https://fermatmind.com/zh/career/jobs/bus-drivers-transit-and-intercity,0,65,0.0,6.6,112,1000,NOT_AVAILABLE_IN_UI_EXPORT,Single-dimension GSC UI export; rows cannot be joined across dimensions; top-row and UI cap limitations apply.
VERIFIED_GSC_UI_SINGLE_DIMENSION,current28,2026-07-13,2026-08-09,sc-domain:fermatmind.com,web,page,https://fermatmind.com/zh/articles/unwanted-major-adjustment-riasec-transfer-plan,0,64,0.0,6.22,113,1000,NOT_AVAILABLE_IN_UI_EXPORT,Single-dimension GSC UI export; rows cannot be joined across dimensions; top-row and UI cap limitations apply.
VERIFIED_GSC_UI_SINGLE_DIMENSION,current28,2026-07-13,2026-08-09,sc-domain:fermatmind.com,web,page,https://fermatmind.com/en/personality/enneagram/wings/6w5,0,64,0.0,9.69,114,1000,NOT_AVAILABLE_IN_UI_EXPORT,Single-dimension GSC UI export; rows cannot be joined across dimensions; top-row and UI cap limitations apply.
VERIFIED_GSC_UI_SINGLE_DIMENSION,current28,2026-07-13,2026-08-09,sc-domain:fermatmind.com,web,page,https://fermatmind.com/en/personality/big-five/agreeableness,0,64,0.0,10.3,115,1000,NOT_AVAILABLE_IN_UI_EXPORT,Single-dimension GSC UI export; rows cannot be joined across dimensions; top-row and UI cap limitations apply.
VERIFIED_GSC_UI_SINGLE_DIMENSION,current28,2026-07-13,2026-08-09,sc-domain:fermatmind.com,web,page,https://fermatmind.com/zh/articles/mbti-narrative-portrait,0,64,0.0,11.11,116,1000,NOT_AVAILABLE_IN_UI_EXPORT,Single-dimension GSC UI export; rows cannot be joined across dimensions; top-row and UI cap limitations apply.
VERIFIED_GSC_UI_SINGLE_DIMENSION,current28,2026-07-13,2026-08-09,sc-domain:fermatmind.com,web,page,https://fermatmind.com/en/career/jobs/farmworkers-and-laborers-crop-nursery-and-greenhouse,0,63,0.0,7.9,117,1000,NOT_AVAILABLE_IN_UI_EXPORT,Single-dimension GSC UI export; rows cannot be joined across dimensions; top-row and UI cap limitations apply.
VERIFIED_GSC_UI_SINGLE_DIMENSION,current28,2026-07-13,2026-08-09,sc-domain:fermatmind.com,web,page,https://fermatmind.com/en/career/jobs/multimedia-artists-and-animators,0,63,0.0,8.38,118,1000,NOT_AVAILABLE_IN_UI_EXPORT,Single-dimension GSC UI export; rows cannot be joined across dimensions; top-row and UI cap limitations apply.
VERIFIED_GSC_UI_SINGLE_DIMENSION,current28,2026-07-13,2026-08-09,sc-domain:fermatmind.com,web,page,https://fermatmind.com/zh/career/jobs/film-and-video-editors-and-camera-operators,0,63,0.0,9.38,119,1000,NOT_AVAILABLE_IN_UI_EXPORT,Single-dimension GSC UI export; rows cannot be joined across dimensions; top-row and UI cap limitations apply.
VERIFIED_GSC_UI_SINGLE_DIMENSION,current28,2026-07-13,2026-08-09,sc-domain:fermatmind.com,web,page,https://fermatmind.com/zh/personality/enneagram/wings/4w3,0,62,0.0,6.35,120,1000,NOT_AVAILABLE_IN_UI_EXPORT,Single-dimension GSC UI export; rows cannot be joined across dimensions; top-row and UI cap limitations apply.
VERIFIED_GSC_UI_SINGLE_DIMENSION,current28,2026-07-13,2026-08-09,sc-domain:fermatmind.com,web,page,https://fermatmind.com/en/articles/mbti-vs-holland-code-career-choice,0,62,0.0,7.53,121,1000,NOT_AVAILABLE_IN_UI_EXPORT,Single-dimension GSC UI export; rows cannot be joined across dimensions; top-row and UI cap limitations apply.
VERIFIED_GSC_UI_SINGLE_DIMENSION,current28,2026-07-13,2026-08-09,sc-domain:fermatmind.com,web,page,https://fermatmind.com/zh/personality/big-five/facets/straightforwardness,0,61,0.0,10.77,122,1000,NOT_AVAILABLE_IN_UI_EXPORT,Single-dimension GSC UI export; rows cannot be joined across dimensions; top-row and UI cap limitations apply.
VERIFIED_GSC_UI_SINGLE_DIMENSION,current28,2026-07-13,2026-08-09,sc-domain:fermatmind.com,web,page,https://fermatmind.com/zh/personality/big-five/neuroticism,0,60,0.0,10.97,123,1000,NOT_AVAILABLE_IN_UI_EXPORT,Single-dimension GSC UI export; rows cannot be joined across dimensions; top-row and UI cap limitations apply.
VERIFIED_GSC_UI_SINGLE_DIMENSION,current28,2026-07-13,2026-08-09,sc-domain:fermatmind.com,web,page,https://fermatmind.com/en/tests,0,60,0.0,25.83,124,1000,NOT_AVAILABLE_IN_UI_EXPORT,Single-dimension GSC UI export; rows cannot be joined across dimensions; top-row and UI cap limitations apply.
VERIFIED_GSC_UI_SINGLE_DIMENSION,current28,2026-07-13,2026-08-09,sc-domain:fermatmind.com,web,page,https://fermatmind.com/zh/personality/enneagram/wings/6w5,0,59,0.0,9.44,125,1000,NOT_AVAILABLE_IN_UI_EXPORT,Single-dimension GSC UI export; rows cannot be joined across dimensions; top-row and UI cap limitations apply.
VERIFIED_GSC_UI_SINGLE_DIMENSION,current28,2026-07-13,2026-08-09,sc-domain:fermatmind.com,web,page,https://fermatmind.com/zh/personality/enneagram/wings/5w6,0,59,0.0,10.71,126,1000,NOT_AVAILABLE_IN_UI_EXPORT,Single-dimension GSC UI export; rows cannot be joined across dimensions; top-row and UI cap limitations apply.
VERIFIED_GSC_UI_SINGLE_DIMENSION,current28,2026-07-13,2026-08-09,sc-domain:fermatmind.com,web,page,https://fermatmind.com/en/personality/big-five/openness-low,0,58,0.0,10.48,127,1000,NOT_AVAILABLE_IN_UI_EXPORT,Single-dimension GSC UI export; rows cannot be joined across dimensions; top-row and UI cap limitations apply.
VERIFIED_GSC_UI_SINGLE_DIMENSION,current28,2026-07-13,2026-08-09,sc-domain:fermatmind.com,web,page,https://fermatmind.com/en/personality/isfp-a-vs-isfp-t,0,58,0.0,12.5,128,1000,NOT_AVAILABLE_IN_UI_EXPORT,Single-dimension GSC UI export; rows cannot be joined across dimensions; top-row and UI cap limitations apply.
VERIFIED_GSC_UI_SINGLE_DIMENSION,current28,2026-07-13,2026-08-09,sc-domain:fermatmind.com,web,page,https://fermatmind.com/zh/articles/mbti-vs-holland-career-choice,0,57,0.0,8.32,129,1000,NOT_AVAILABLE_IN_UI_EXPORT,Single-dimension GSC UI export; rows cannot be joined across dimensions; top-row and UI cap limitations apply.
VERIFIED_GSC_UI_SINGLE_DIMENSION,current28,2026-07-13,2026-08-09,sc-domain:fermatmind.com,web,page,https://fermatmind.com/zh/personality/enneagram/wings/3w4,0,56,0.0,8.48,130,1000,NOT_AVAILABLE_IN_UI_EXPORT,Single-dimension GSC UI export; rows cannot be joined across dimensions; top-row and UI cap limitations apply.
VERIFIED_GSC_UI_SINGLE_DIMENSION,current28,2026-07-13,2026-08-09,sc-domain:fermatmind.com,web,page,https://fermatmind.com/zh/personality/enneagram/wings/2w1,0,55,0.0,8.13,131,1000,NOT_AVAILABLE_IN_UI_EXPORT,Single-dimension GSC UI export; rows cannot be joined across dimensions; top-row and UI cap limitations apply.
VERIFIED_GSC_UI_SINGLE_DIMENSION,current28,2026-07-13,2026-08-09,sc-domain:fermatmind.com,web,page,https://fermatmind.com/zh/articles/major-category-program-tracking-riasec-choice-checklist,0,55,0.0,8.42,132,1000,NOT_AVAILABLE_IN_UI_EXPORT,Single-dimension GSC UI export; rows cannot be joined across dimensions; top-row and UI cap limitations apply.
VERIFIED_GSC_UI_SINGLE_DIMENSION,current28,2026-07-13,2026-08-09,sc-domain:fermatmind.com,web,page,https://fermatmind.com/en/personality/enneagram/wings/6w7,0,54,0.0,8.67,133,1000,NOT_AVAILABLE_IN_UI_EXPORT,Single-dimension GSC UI export; rows cannot be joined across dimensions; top-row and UI cap limitations apply.
VERIFIED_GSC_UI_SINGLE_DIMENSION,current28,2026-07-13,2026-08-09,sc-domain:fermatmind.com,web,page,https://fermatmind.com/zh/personality/enneagram/wings/7w6,0,52,0.0,7.65,134,1000,NOT_AVAILABLE_IN_UI_EXPORT,Single-dimension GSC UI export; rows cannot be joined across dimensions; top-row and UI cap limitations apply.
VERIFIED_GSC_UI_SINGLE_DIMENSION,current28,2026-07-13,2026-08-09,sc-domain:fermatmind.com,web,page,https://fermatmind.com/en/personality/esfj,0,52,0.0,38.98,135,1000,NOT_AVAILABLE_IN_UI_EXPORT,Single-dimension GSC UI export; rows cannot be joined across dimensions; top-row and UI cap limitations apply.
VERIFIED_GSC_UI_SINGLE_DIMENSION,current28,2026-07-13,2026-08-09,sc-domain:fermatmind.com,web,page,https://fermatmind.com/zh/personality/big-five/facets/impulsiveness,0,51,0.0,13.53,136,1000,NOT_AVAILABLE_IN_UI_EXPORT,Single-dimension GSC UI export; rows cannot be joined across dimensions; top-row and UI cap limitations apply.
VERIFIED_GSC_UI_SINGLE_DIMENSION,current28,2026-07-13,2026-08-09,sc-domain:fermatmind.com,web,page,https://fermatmind.com/en/articles/mbti-full-report-career-relationship-communication,0,49,0.0,12.29,137,1000,NOT_AVAILABLE_IN_UI_EXPORT,Single-dimension GSC UI export; rows cannot be joined across dimensions; top-row and UI cap limitations apply.
VERIFIED_GSC_UI_SINGLE_DIMENSION,current28,2026-07-13,2026-08-09,sc-domain:fermatmind.com,web,page,https://fermatmind.com/zh/personality/enneagram/type-2/instincts/social,0,49,0.0,13.12,138,1000,NOT_AVAILABLE_IN_UI_EXPORT,Single-dimension GSC UI export; rows cannot be joined across dimensions; top-row and UI cap limitations apply.
VERIFIED_GSC_UI_SINGLE_DIMENSION,current28,2026-07-13,2026-08-09,sc-domain:fermatmind.com,web,page,https://fermatmind.com/en/articles/major-category-program-tracking-riasec-choice-checklist,0,49,0.0,14.31,139,1000,NOT_AVAILABLE_IN_UI_EXPORT,Single-dimension GSC UI export; rows cannot be joined across dimensions; top-row and UI cap limitations apply.
VERIFIED_GSC_UI_SINGLE_DIMENSION,current28,2026-07-13,2026-08-09,sc-domain:fermatmind.com,web,page,https://fermatmind.com/en/personality/big-five/facets/gregariousness,0,48,0.0,6.67,140,1000,NOT_AVAILABLE_IN_UI_EXPORT,Single-dimension GSC UI export; rows cannot be joined across dimensions; top-row and UI cap limitations apply.
VERIFIED_GSC_UI_SINGLE_DIMENSION,current28,2026-07-13,2026-08-09,sc-domain:fermatmind.com,web,page,https://fermatmind.com/zh/articles/big-five-growth-guide,0,48,0.0,9.58,141,1000,NOT_AVAILABLE_IN_UI_EXPORT,Single-dimension GSC UI export; rows cannot be joined across dimensions; top-row and UI cap limitations apply.
VERIFIED_GSC_UI_SINGLE_DIMENSION,current28,2026-07-13,2026-08-09,sc-domain:fermatmind.com,web,page,https://fermatmind.com/zh/personality/enneagram/wings/4w5,0,48,0.0,10.12,142,1000,NOT_AVAILABLE_IN_UI_EXPORT,Single-dimension GSC UI export; rows cannot be joined across dimensions; top-row and UI cap limitations apply.
VERIFIED_GSC_UI_SINGLE_DIMENSION,current28,2026-07-13,2026-08-09,sc-domain:fermatmind.com,web,page,https://fermatmind.com/zh/personality/enneagram/wings/9w1,0,47,0.0,7.26,143,1000,NOT_AVAILABLE_IN_UI_EXPORT,Single-dimension GSC UI export; rows cannot be joined across dimensions; top-row and UI cap limitations apply.
VERIFIED_GSC_UI_SINGLE_DIMENSION,current28,2026-07-13,2026-08-09,sc-domain:fermatmind.com,web,page,https://fermatmind.com/en/personality/enneagram/type-1,0,47,0.0,15.19,144,1000,NOT_AVAILABLE_IN_UI_EXPORT,Single-dimension GSC UI export; rows cannot be joined across dimensions; top-row and UI cap limitations apply.
VERIFIED_GSC_UI_SINGLE_DIMENSION,current28,2026-07-13,2026-08-09,sc-domain:fermatmind.com,web,page,https://fermatmind.com/zh/personality/estp-t,0,47,0.0,15.45,145,1000,NOT_AVAILABLE_IN_UI_EXPORT,Single-dimension GSC UI export; rows cannot be joined across dimensions; top-row and UI cap limitations apply.
VERIFIED_GSC_UI_SINGLE_DIMENSION,current28,2026-07-13,2026-08-09,sc-domain:fermatmind.com,web,page,https://fermatmind.com/en/career/jobs/forest-fire-inspectors-and-prevention-specialists,0,46,0.0,17.46,146,1000,NOT_AVAILABLE_IN_UI_EXPORT,Single-dimension GSC UI export; rows cannot be joined across dimensions; top-row and UI cap limitations apply.
VERIFIED_GSC_UI_SINGLE_DIMENSION,current28,2026-07-13,2026-08-09,sc-domain:fermatmind.com,web,page,https://fermatmind.com/zh/career/guides/build-five-year-career-roadmap,0,45,0.0,6.62,147,1000,NOT_AVAILABLE_IN_UI_EXPORT,Single-dimension GSC UI export; rows cannot be joined across dimensions; top-row and UI cap limitations apply.
VERIFIED_GSC_UI_SINGLE_DIMENSION,current28,2026-07-13,2026-08-09,sc-domain:fermatmind.com,web,page,https://fermatmind.com/zh/articles/which-love-script-fits-you-best,0,45,0.0,9.84,148,1000,NOT_AVAILABLE_IN_UI_EXPORT,Single-dimension GSC UI export; rows cannot be joined across dimensions; top-row and UI cap limitations apply.
VERIFIED_GSC_UI_SINGLE_DIMENSION,current28,2026-07-13,2026-08-09,sc-domain:fermatmind.com,web,page,https://fermatmind.com/en/personality/enneagram/type-7/instincts/social,0,44,0.0,7.61,149,1000,NOT_AVAILABLE_IN_UI_EXPORT,Single-dimension GSC UI export; rows cannot be joined across dimensions; top-row and UI cap limitations apply.
VERIFIED_GSC_UI_SINGLE_DIMENSION,current28,2026-07-13,2026-08-09,sc-domain:fermatmind.com,web,page,https://fermatmind.com/zh/personality/enneagram/wings/1w9,0,44,0.0,12.05,150,1000,NOT_AVAILABLE_IN_UI_EXPORT,Single-dimension GSC UI export; rows cannot be joined across dimensions; top-row and UI cap limitations apply.
VERIFIED_GSC_UI_SINGLE_DIMENSION,current28,2026-07-13,2026-08-09,sc-domain:fermatmind.com,web,page,https://fermatmind.com/en/personality/big-five,0,44,0.0,15.8,151,1000,NOT_AVAILABLE_IN_UI_EXPORT,Single-dimension GSC UI export; rows cannot be joined across dimensions; top-row and UI cap limitations apply.
VERIFIED_GSC_UI_SINGLE_DIMENSION,current28,2026-07-13,2026-08-09,sc-domain:fermatmind.com,web,page,https://fermatmind.com/zh/articles/college-major-choice-holland-mbti-career-test,0,43,0.0,7.42,152,1000,NOT_AVAILABLE_IN_UI_EXPORT,Single-dimension GSC UI export; rows cannot be joined across dimensions; top-row and UI cap limitations apply.
VERIFIED_GSC_UI_SINGLE_DIMENSION,current28,2026-07-13,2026-08-09,sc-domain:fermatmind.com,web,page,https://fermatmind.com/zh/personality/big-five/agreeableness-low,0,42,0.0,6.71,153,1000,NOT_AVAILABLE_IN_UI_EXPORT,Single-dimension GSC UI export; rows cannot be joined across dimensions; top-row and UI cap limitations apply.
VERIFIED_GSC_UI_SINGLE_DIMENSION,current28,2026-07-13,2026-08-09,sc-domain:fermatmind.com,web,page,https://fermatmind.com/zh/personality/big-five/openness-high,0,40,0.0,6.03,154,1000,NOT_AVAILABLE_IN_UI_EXPORT,Single-dimension GSC UI export; rows cannot be joined across dimensions; top-row and UI cap limitations apply.
VERIFIED_GSC_UI_SINGLE_DIMENSION,current28,2026-07-13,2026-08-09,sc-domain:fermatmind.com,web,page,https://fermatmind.com/zh/personality/big-five/facets/modesty,0,39,0.0,14.97,155,1000,NOT_AVAILABLE_IN_UI_EXPORT,Single-dimension GSC UI export; rows cannot be joined across dimensions; top-row and UI cap limitations apply.
VERIFIED_GSC_UI_SINGLE_DIMENSION,current28,2026-07-13,2026-08-09,sc-domain:fermatmind.com,web,page,https://fermatmind.com/en/career/jobs/education-and-childcare-administrators-preschool-and-daycare,0,38,0.0,19.16,156,1000,NOT_AVAILABLE_IN_UI_EXPORT,Single-dimension GSC UI export; rows cannot be joined across dimensions; top-row and UI cap limitations apply.
VERIFIED_GSC_UI_SINGLE_DIMENSION,current28,2026-07-13,2026-08-09,sc-domain:fermatmind.com,web,page,https://fermatmind.com/zh/career/guides/from-mbti-to-job-fit,0,37,0.0,9.51,157,1000,NOT_AVAILABLE_IN_UI_EXPORT,Single-dimension GSC UI export; rows cannot be joined across dimensions; top-row and UI cap limitations apply.
VERIFIED_GSC_UI_SINGLE_DIMENSION,current28,2026-07-13,2026-08-09,sc-domain:fermatmind.com,web,page,https://fermatmind.com/en/career/jobs/first-line-supervisors-of-office-and-administrative-support-workers,0,37,0.0,13.08,158,1000,NOT_AVAILABLE_IN_UI_EXPORT,Single-dimension GSC UI export; rows cannot be joined across dimensions; top-row and UI cap limitations apply.
VERIFIED_GSC_UI_SINGLE_DIMENSION,current28,2026-07-13,2026-08-09,sc-domain:fermatmind.com,web,page,https://fermatmind.com/en/career/jobs/chemical-engineers,0,36,0.0,8.64,159,1000,NOT_AVAILABLE_IN_UI_EXPORT,Single-dimension GSC UI export; rows cannot be joined across dimensions; top-row and UI cap limitations apply.
VERIFIED_GSC_UI_SINGLE_DIMENSION,current28,2026-07-13,2026-08-09,sc-domain:fermatmind.com,web,page,https://fermatmind.com/en/personality/big-five/facets/modesty,0,35,0.0,6.06,160,1000,NOT_AVAILABLE_IN_UI_EXPORT,Single-dimension GSC UI export; rows cannot be joined across dimensions; top-row and UI cap limitations apply.
VERIFIED_GSC_UI_SINGLE_DIMENSION,current28,2026-07-13,2026-08-09,sc-domain:fermatmind.com,web,page,https://fermatmind.com/en/career/jobs/landscaping-and-groundskeeping-workers,0,35,0.0,7.77,161,1000,NOT_AVAILABLE_IN_UI_EXPORT,Single-dimension GSC UI export; rows cannot be joined across dimensions; top-row and UI cap limitations apply.
VERIFIED_GSC_UI_SINGLE_DIMENSION,current28,2026-07-13,2026-08-09,sc-domain:fermatmind.com,web,page,https://fermatmind.com/en/career/jobs/marketing-managers,0,35,0.0,9.11,162,1000,NOT_AVAILABLE_IN_UI_EXPORT,Single-dimension GSC UI export; rows cannot be joined across dimensions; top-row and UI cap limitations apply.
VERIFIED_GSC_UI_SINGLE_DIMENSION,current28,2026-07-13,2026-08-09,sc-domain:fermatmind.com,web,page,https://fermatmind.com/zh/personality/big-five/facets/compliance,0,35,0.0,9.51,163,1000,NOT_AVAILABLE_IN_UI_EXPORT,Single-dimension GSC UI export; rows cannot be joined across dimensions; top-row and UI cap limitations apply.
VERIFIED_GSC_UI_SINGLE_DIMENSION,current28,2026-07-13,2026-08-09,sc-domain:fermatmind.com,web,page,https://fermatmind.com/en/personality/big-five/openness-high,0,35,0.0,11.46,164,1000,NOT_AVAILABLE_IN_UI_EXPORT,Single-dimension GSC UI export; rows cannot be joined across dimensions; top-row and UI cap limitations apply.
VERIFIED_GSC_UI_SINGLE_DIMENSION,current28,2026-07-13,2026-08-09,sc-domain:fermatmind.com,web,page,https://fermatmind.com/zh/career/jobs/solar-photovoltaic-installers,0,35,0.0,12.91,165,1000,NOT_AVAILABLE_IN_UI_EXPORT,Single-dimension GSC UI export; rows cannot be joined across dimensions; top-row and UI cap limitations apply.
VERIFIED_GSC_UI_SINGLE_DIMENSION,current28,2026-07-13,2026-08-09,sc-domain:fermatmind.com,web,page,https://fermatmind.com/en/personality/enneagram/type-2,0,35,0.0,22.97,166,1000,NOT_AVAILABLE_IN_UI_EXPORT,Single-dimension GSC UI export; rows cannot be joined across dimensions; top-row and UI cap limitations apply.
VERIFIED_GSC_UI_SINGLE_DIMENSION,current28,2026-07-13,2026-08-09,sc-domain:fermatmind.com,web,page,https://fermatmind.com/zh/about,0,33,0.0,5.48,167,1000,NOT_AVAILABLE_IN_UI_EXPORT,Single-dimension GSC UI export; rows cannot be joined across dimensions; top-row and UI cap limitations apply.
VERIFIED_GSC_UI_SINGLE_DIMENSION,current28,2026-07-13,2026-08-09,sc-domain:fermatmind.com,web,page,https://fermatmind.com/zh/personality/big-five/facets/altruism,0,33,0.0,7.82,168,1000,NOT_AVAILABLE_IN_UI_EXPORT,Single-dimension GSC UI export; rows cannot be joined across dimensions; top-row and UI cap limitations apply.
VERIFIED_GSC_UI_SINGLE_DIMENSION,current28,2026-07-13,2026-08-09,sc-domain:fermatmind.com,web,page,https://fermatmind.com/zh/personality/big-five/conscientiousness-high,0,33,0.0,9.3,169,1000,NOT_AVAILABLE_IN_UI_EXPORT,Single-dimension GSC UI export; rows cannot be joined across dimensions; top-row and UI cap limitations apply.
VERIFIED_GSC_UI_SINGLE_DIMENSION,current28,2026-07-13,2026-08-09,sc-domain:fermatmind.com,web,page,https://fermatmind.com/en/personality/big-five/facets/warmth,0,33,0.0,9.45,170,1000,NOT_AVAILABLE_IN_UI_EXPORT,Single-dimension GSC UI export; rows cannot be joined across dimensions; top-row and UI cap limitations apply.
VERIFIED_GSC_UI_SINGLE_DIMENSION,current28,2026-07-13,2026-08-09,sc-domain:fermatmind.com,web,page,https://fermatmind.com/en/career/jobs/first-line-supervisors-of-housekeeping-and-janitorial-workers,0,33,0.0,10.18,171,1000,NOT_AVAILABLE_IN_UI_EXPORT,Single-dimension GSC UI export; rows cannot be joined across dimensions; top-row and UI cap limitations apply.
VERIFIED_GSC_UI_SINGLE_DIMENSION,current28,2026-07-13,2026-08-09,sc-domain:fermatmind.com,web,page,https://fermatmind.com/en/articles/unwanted-major-adjustment-riasec-transfer-plan,0,33,0.0,17.06,172,1000,NOT_AVAILABLE_IN_UI_EXPORT,Single-dimension GSC UI export; rows cannot be joined across dimensions; top-row and UI cap limitations apply.
VERIFIED_GSC_UI_SINGLE_DIMENSION,current28,2026-07-13,2026-08-09,sc-domain:fermatmind.com,web,page,https://fermatmind.com/en/personality/enneagram/type-6,0,33,0.0,23.0,173,1000,NOT_AVAILABLE_IN_UI_EXPORT,Single-dimension GSC UI export; rows cannot be joined across dimensions; top-row and UI cap limitations apply.
VERIFIED_GSC_UI_SINGLE_DIMENSION,current28,2026-07-13,2026-08-09,sc-domain:fermatmind.com,web,page,https://fermatmind.com/en/career/jobs/architects-except-landscape-and-naval,0,30,0.0,10.67,174,1000,NOT_AVAILABLE_IN_UI_EXPORT,Single-dimension GSC UI export; rows cannot be joined across dimensions; top-row and UI cap limitations apply.
VERIFIED_GSC_UI_SINGLE_DIMENSION,current28,2026-07-13,2026-08-09,sc-domain:fermatmind.com,web,page,https://fermatmind.com/en/career/jobs/first-line-supervisors-of-food-preparation-and-serving-workers,0,30,0.0,11.83,175,1000,NOT_AVAILABLE_IN_UI_EXPORT,Single-dimension GSC UI export; rows cannot be joined across dimensions; top-row and UI cap limitations apply.
VERIFIED_GSC_UI_SINGLE_DIMENSION,current28,2026-07-13,2026-08-09,sc-domain:fermatmind.com,web,page,https://fermatmind.com/zh/career/jobs/chemical-plant-and-system-operators,0,29,0.0,9.62,176,1000,NOT_AVAILABLE_IN_UI_EXPORT,Single-dimension GSC UI export; rows cannot be joined across dimensions; top-row and UI cap limitations apply.
VERIFIED_GSC_UI_SINGLE_DIMENSION,current28,2026-07-13,2026-08-09,sc-domain:fermatmind.com,web,page,https://fermatmind.com/en/articles/big-five-conscientiousness-low-procrastination-task-plan,0,29,0.0,11.66,177,1000,NOT_AVAILABLE_IN_UI_EXPORT,Single-dimension GSC UI export; rows cannot be joined across dimensions; top-row and UI cap limitations apply.
VERIFIED_GSC_UI_SINGLE_DIMENSION,current28,2026-07-13,2026-08-09,sc-domain:fermatmind.com,web,page,https://fermatmind.com/zh/personality/big-five/facets/assertiveness,0,29,0.0,12.21,178,1000,NOT_AVAILABLE_IN_UI_EXPORT,Single-dimension GSC UI export; rows cannot be joined across dimensions; top-row and UI cap limitations apply.
VERIFIED_GSC_UI_SINGLE_DIMENSION,current28,2026-07-13,2026-08-09,sc-domain:fermatmind.com,web,page,https://fermatmind.com/en/career/jobs/compliance-officers,0,29,0.0,14.97,179,1000,NOT_AVAILABLE_IN_UI_EXPORT,Single-dimension GSC UI export; rows cannot be joined across dimensions; top-row and UI cap limitations apply.
VERIFIED_GSC_UI_SINGLE_DIMENSION,current28,2026-07-13,2026-08-09,sc-domain:fermatmind.com,web,page,https://fermatmind.com/zh/tests/eq-test-emotional-intelligence-assessment,0,28,0.0,8.89,180,1000,NOT_AVAILABLE_IN_UI_EXPORT,Single-dimension GSC UI export; rows cannot be joined across dimensions; top-row and UI cap limitations apply.
VERIFIED_GSC_UI_SINGLE_DIMENSION,current28,2026-07-13,2026-08-09,sc-domain:fermatmind.com,web,page,https://fermatmind.com/zh/articles/hot-major-fit-riasec-course-career-checklist,0,28,0.0,9.79,181,1000,NOT_AVAILABLE_IN_UI_EXPORT,Single-dimension GSC UI export; rows cannot be joined across dimensions; top-row and UI cap limitations apply.
VERIFIED_GSC_UI_SINGLE_DIMENSION,current28,2026-07-13,2026-08-09,sc-domain:fermatmind.com,web,page,https://fermatmind.com/en/career/jobs/hydrologists,0,28,0.0,19.36,182,1000,NOT_AVAILABLE_IN_UI_EXPORT,Single-dimension GSC UI export; rows cannot be joined across dimensions; top-row and UI cap limitations apply.
VERIFIED_GSC_UI_SINGLE_DIMENSION,current28,2026-07-13,2026-08-09,sc-domain:fermatmind.com,web,page,https://fermatmind.com/en/personality/big-five/facets/self-discipline,0,27,0.0,6.85,183,1000,NOT_AVAILABLE_IN_UI_EXPORT,Single-dimension GSC UI export; rows cannot be joined across dimensions; top-row and UI cap limitations apply.
VERIFIED_GSC_UI_SINGLE_DIMENSION,current28,2026-07-13,2026-08-09,sc-domain:fermatmind.com,web,page,https://fermatmind.com/zh/articles/childhood-dream-job-still-shapes-career-choice,0,27,0.0,8.85,184,1000,NOT_AVAILABLE_IN_UI_EXPORT,Single-dimension GSC UI export; rows cannot be joined across dimensions; top-row and UI cap limitations apply.
VERIFIED_GSC_UI_SINGLE_DIMENSION,current28,2026-07-13,2026-08-09,sc-domain:fermatmind.com,web,page,https://fermatmind.com/en/career/jobs/rail-track-laying-and-maintenance-equipment-operators,0,27,0.0,9.7,185,1000,NOT_AVAILABLE_IN_UI_EXPORT,Single-dimension GSC UI export; rows cannot be joined across dimensions; top-row and UI cap limitations apply.
VERIFIED_GSC_UI_SINGLE_DIMENSION,current28,2026-07-13,2026-08-09,sc-domain:fermatmind.com,web,page,https://fermatmind.com/en/personality/big-five/facets/positive-emotions,0,27,0.0,11.19,186,1000,NOT_AVAILABLE_IN_UI_EXPORT,Single-dimension GSC UI export; rows cannot be joined across dimensions; top-row and UI cap limitations apply.
VERIFIED_GSC_UI_SINGLE_DIMENSION,current28,2026-07-13,2026-08-09,sc-domain:fermatmind.com,web,page,https://fermatmind.com/en/personality/enneagram/type-2/instincts/one-to-one,0,27,0.0,11.33,187,1000,NOT_AVAILABLE_IN_UI_EXPORT,Single-dimension GSC UI export; rows cannot be joined across dimensions; top-row and UI cap limitations apply.
VERIFIED_GSC_UI_SINGLE_DIMENSION,current28,2026-07-13,2026-08-09,sc-domain:fermatmind.com,web,page,https://fermatmind.com/en/career/jobs/reservation-and-transportation-ticket-agents-and-travel-clerks,0,27,0.0,13.74,188,1000,NOT_AVAILABLE_IN_UI_EXPORT,Single-dimension GSC UI export; rows cannot be joined across dimensions; top-row and UI cap limitations apply.
VERIFIED_GSC_UI_SINGLE_DIMENSION,current28,2026-07-13,2026-08-09,sc-domain:fermatmind.com,web,page,https://fermatmind.com/en/career/jobs/online-merchants,0,27,0.0,18.74,189,1000,NOT_AVAILABLE_IN_UI_EXPORT,Single-dimension GSC UI export; rows cannot be joined across dimensions; top-row and UI cap limitations apply.
VERIFIED_GSC_UI_SINGLE_DIMENSION,current28,2026-07-13,2026-08-09,sc-domain:fermatmind.com,web,page,https://fermatmind.com/en/career/jobs/roustabouts-oil-and-gas,0,27,0.0,23.63,190,1000,NOT_AVAILABLE_IN_UI_EXPORT,Single-dimension GSC UI export; rows cannot be joined across dimensions; top-row and UI cap limitations apply.
VERIFIED_GSC_UI_SINGLE_DIMENSION,current28,2026-07-13,2026-08-09,sc-domain:fermatmind.com,web,page,https://fermatmind.com/en/personality/big-five/facets/tender-mindedness,0,26,0.0,6.19,191,1000,NOT_AVAILABLE_IN_UI_EXPORT,Single-dimension GSC UI export; rows cannot be joined across dimensions; top-row and UI cap limitations apply.
VERIFIED_GSC_UI_SINGLE_DIMENSION,current28,2026-07-13,2026-08-09,sc-domain:fermatmind.com,web,page,https://fermatmind.com/zh/career/jobs/subway-and-streetcar-operators,0,26,0.0,10.92,192,1000,NOT_AVAILABLE_IN_UI_EXPORT,Single-dimension GSC UI export; rows cannot be joined across dimensions; top-row and UI cap limitations apply.
VERIFIED_GSC_UI_SINGLE_DIMENSION,current28,2026-07-13,2026-08-09,sc-domain:fermatmind.com,web,page,https://fermatmind.com/zh/career/jobs/marketing-managers,0,26,0.0,12.19,193,1000,NOT_AVAILABLE_IN_UI_EXPORT,Single-dimension GSC UI export; rows cannot be joined across dimensions; top-row and UI cap limitations apply.
VERIFIED_GSC_UI_SINGLE_DIMENSION,current28,2026-07-13,2026-08-09,sc-domain:fermatmind.com,web,page,https://fermatmind.com/en/personality/enneagram/wings/9w1,0,26,0.0,17.15,194,1000,NOT_AVAILABLE_IN_UI_EXPORT,Single-dimension GSC UI export; rows cannot be joined across dimensions; top-row and UI cap limitations apply.
VERIFIED_GSC_UI_SINGLE_DIMENSION,current28,2026-07-13,2026-08-09,sc-domain:fermatmind.com,web,page,https://fermatmind.com/en/personality/big-five/facets/achievement-striving,0,25,0.0,3.92,195,1000,NOT_AVAILABLE_IN_UI_EXPORT,Single-dimension GSC UI export; rows cannot be joined across dimensions; top-row and UI cap limitations apply.
VERIFIED_GSC_UI_SINGLE_DIMENSION,current28,2026-07-13,2026-08-09,sc-domain:fermatmind.com,web,page,https://fermatmind.com/zh/personality/enneagram/wings/3w2,0,25,0.0,7.28,196,1000,NOT_AVAILABLE_IN_UI_EXPORT,Single-dimension GSC UI export; rows cannot be joined across dimensions; top-row and UI cap limitations apply.
VERIFIED_GSC_UI_SINGLE_DIMENSION,current28,2026-07-13,2026-08-09,sc-domain:fermatmind.com,web,page,https://fermatmind.com/zh/articles/iq-test-tool-guide,0,25,0.0,9.28,197,1000,NOT_AVAILABLE_IN_UI_EXPORT,Single-dimension GSC UI export; rows cannot be joined across dimensions; top-row and UI cap limitations apply.
VERIFIED_GSC_UI_SINGLE_DIMENSION,current28,2026-07-13,2026-08-09,sc-domain:fermatmind.com,web,page,https://fermatmind.com/en/career/jobs/aircraft-launch-and-recovery-officers,0,25,0.0,17.64,198,1000,NOT_AVAILABLE_IN_UI_EXPORT,Single-dimension GSC UI export; rows cannot be joined across dimensions; top-row and UI cap limitations apply.
VERIFIED_GSC_UI_SINGLE_DIMENSION,current28,2026-07-13,2026-08-09,sc-domain:fermatmind.com,web,page,https://fermatmind.com/zh/career/jobs/financial-quantitative-analysts,0,25,0.0,19.92,199,1000,NOT_AVAILABLE_IN_UI_EXPORT,Single-dimension GSC UI export; rows cannot be joined across dimensions; top-row and UI cap limitations apply.
VERIFIED_GSC_UI_SINGLE_DIMENSION,current28,2026-07-13,2026-08-09,sc-domain:fermatmind.com,web,page,https://fermatmind.com/en/personality/big-five/facets/excitement-seeking,0,24,0.0,8.33,200,1000,NOT_AVAILABLE_IN_UI_EXPORT,Single-dimension GSC UI export; rows cannot be joined across dimensions; top-row and UI cap limitations apply.
VERIFIED_GSC_UI_SINGLE_DIMENSION,current28,2026-07-13,2026-08-09,sc-domain:fermatmind.com,web,page,https://fermatmind.com/zh/career/jobs/graphic-designers,0,24,0.0,9.67,201,1000,NOT_AVAILABLE_IN_UI_EXPORT,Single-dimension GSC UI export; rows cannot be joined across dimensions; top-row and UI cap limitations apply.
VERIFIED_GSC_UI_SINGLE_DIMENSION,current28,2026-07-13,2026-08-09,sc-domain:fermatmind.com,web,page,https://fermatmind.com/en/personality/big-five/facets/deliberation,0,24,0.0,10.54,202,1000,NOT_AVAILABLE_IN_UI_EXPORT,Single-dimension GSC UI export; rows cannot be joined across dimensions; top-row and UI cap limitations apply.
VERIFIED_GSC_UI_SINGLE_DIMENSION,current28,2026-07-13,2026-08-09,sc-domain:fermatmind.com,web,page,https://fermatmind.com/zh/career/jobs/dental-hygienists,0,24,0.0,11.71,203,1000,NOT_AVAILABLE_IN_UI_EXPORT,Single-dimension GSC UI export; rows cannot be joined across dimensions; top-row and UI cap limitations apply.
VERIFIED_GSC_UI_SINGLE_DIMENSION,current28,2026-07-13,2026-08-09,sc-domain:fermatmind.com,web,page,https://fermatmind.com/zh/career/jobs/air-traffic-controllers,0,24,0.0,11.88,204,1000,NOT_AVAILABLE_IN_UI_EXPORT,Single-dimension GSC UI export; rows cannot be joined across dimensions; top-row and UI cap limitations apply.
VERIFIED_GSC_UI_SINGLE_DIMENSION,current28,2026-07-13,2026-08-09,sc-domain:fermatmind.com,web,page,https://fermatmind.com/zh/charter,0,23,0.0,7.22,205,1000,NOT_AVAILABLE_IN_UI_EXPORT,Single-dimension GSC UI export; rows cannot be joined across dimensions; top-row and UI cap limitations apply.
VERIFIED_GSC_UI_SINGLE_DIMENSION,current28,2026-07-13,2026-08-09,sc-domain:fermatmind.com,web,page,https://fermatmind.com/en/career/jobs/automotive-service-technicians-and-mechanics,0,23,0.0,10.39,206,1000,NOT_AVAILABLE_IN_UI_EXPORT,Single-dimension GSC UI export; rows cannot be joined across dimensions; top-row and UI cap limitations apply.
VERIFIED_GSC_UI_SINGLE_DIMENSION,current28,2026-07-13,2026-08-09,sc-domain:fermatmind.com,web,page,https://fermatmind.com/en/career/jobs/chemistry-teachers-postsecondary,0,23,0.0,11.74,207,1000,NOT_AVAILABLE_IN_UI_EXPORT,Single-dimension GSC UI export; rows cannot be joined across dimensions; top-row and UI cap limitations apply.
VERIFIED_GSC_UI_SINGLE_DIMENSION,current28,2026-07-13,2026-08-09,sc-domain:fermatmind.com,web,page,https://fermatmind.com/en/personality/enneagram/type-8/instincts/one-to-one,0,23,0.0,12.17,208,1000,NOT_AVAILABLE_IN_UI_EXPORT,Single-dimension GSC UI export; rows cannot be joined across dimensions; top-row and UI cap limitations apply.
VERIFIED_GSC_UI_SINGLE_DIMENSION,current28,2026-07-13,2026-08-09,sc-domain:fermatmind.com,web,page,https://fermatmind.com/zh/personality/big-five/facets/warmth,0,23,0.0,14.7,209,1000,NOT_AVAILABLE_IN_UI_EXPORT,Single-dimension GSC UI export; rows cannot be joined across dimensions; top-row and UI cap limitations apply.
VERIFIED_GSC_UI_SINGLE_DIMENSION,current28,2026-07-13,2026-08-09,sc-domain:fermatmind.com,web,page,https://fermatmind.com/en/personality/big-five/facets/compliance,0,22,0.0,7.77,210,1000,NOT_AVAILABLE_IN_UI_EXPORT,Single-dimension GSC UI export; rows cannot be joined across dimensions; top-row and UI cap limitations apply.
VERIFIED_GSC_UI_SINGLE_DIMENSION,current28,2026-07-13,2026-08-09,sc-domain:fermatmind.com,web,page,https://fermatmind.com/en/personality/big-five/extraversion-low,0,22,0.0,8.5,211,1000,NOT_AVAILABLE_IN_UI_EXPORT,Single-dimension GSC UI export; rows cannot be joined across dimensions; top-row and UI cap limitations apply.
VERIFIED_GSC_UI_SINGLE_DIMENSION,current28,2026-07-13,2026-08-09,sc-domain:fermatmind.com,web,page,https://fermatmind.com/zh/articles/holland-career-interest-test-can-and-cannot-tell-you,0,22,0.0,8.91,212,1000,NOT_AVAILABLE_IN_UI_EXPORT,Single-dimension GSC UI export; rows cannot be joined across dimensions; top-row and UI cap limitations apply.
VERIFIED_GSC_UI_SINGLE_DIMENSION,current28,2026-07-13,2026-08-09,sc-domain:fermatmind.com,web,page,https://fermatmind.com/zh/career/guides/iq-eq-balance-at-work,0,22,0.0,9.86,213,1000,NOT_AVAILABLE_IN_UI_EXPORT,Single-dimension GSC UI export; rows cannot be joined across dimensions; top-row and UI cap limitations apply.
VERIFIED_GSC_UI_SINGLE_DIMENSION,current28,2026-07-13,2026-08-09,sc-domain:fermatmind.com,web,page,https://fermatmind.com/en/personality/big-five/conscientiousness-low,0,22,0.0,10.77,214,1000,NOT_AVAILABLE_IN_UI_EXPORT,Single-dimension GSC UI export; rows cannot be joined across dimensions; top-row and UI cap limitations apply.
VERIFIED_GSC_UI_SINGLE_DIMENSION,current28,2026-07-13,2026-08-09,sc-domain:fermatmind.com,web,page,https://fermatmind.com/en/career/jobs/purchasing-agents-except-wholesale-retail-and-farm-products,0,22,0.0,11.68,215,1000,NOT_AVAILABLE_IN_UI_EXPORT,Single-dimension GSC UI export; rows cannot be joined across dimensions; top-row and UI cap limitations apply.
VERIFIED_GSC_UI_SINGLE_DIMENSION,current28,2026-07-13,2026-08-09,sc-domain:fermatmind.com,web,page,https://fermatmind.com/en/career/jobs/fraud-examiners-investigators-and-analysts,0,22,0.0,18.09,216,1000,NOT_AVAILABLE_IN_UI_EXPORT,Single-dimension GSC UI export; rows cannot be joined across dimensions; top-row and UI cap limitations apply.
VERIFIED_GSC_UI_SINGLE_DIMENSION,current28,2026-07-13,2026-08-09,sc-domain:fermatmind.com,web,page,https://fermatmind.com/en/personality/big-five/neuroticism-high,0,22,0.0,19.14,217,1000,NOT_AVAILABLE_IN_UI_EXPORT,Single-dimension GSC UI export; rows cannot be joined across dimensions; top-row and UI cap limitations apply.
VERIFIED_GSC_UI_SINGLE_DIMENSION,current28,2026-07-13,2026-08-09,sc-domain:fermatmind.com,web,page,https://fermatmind.com/en/career/jobs/insurance-claims-and-policy-processing-clerks,0,21,0.0,7.67,218,1000,NOT_AVAILABLE_IN_UI_EXPORT,Single-dimension GSC UI export; rows cannot be joined across dimensions; top-row and UI cap limitations apply.
VERIFIED_GSC_UI_SINGLE_DIMENSION,current28,2026-07-13,2026-08-09,sc-domain:fermatmind.com,web,page,https://fermatmind.com/en/personality/big-five/facets/aesthetics,0,21,0.0,8.81,219,1000,NOT_AVAILABLE_IN_UI_EXPORT,Single-dimension GSC UI export; rows cannot be joined across dimensions; top-row and UI cap limitations apply.
VERIFIED_GSC_UI_SINGLE_DIMENSION,current28,2026-07-13,2026-08-09,sc-domain:fermatmind.com,web,page,https://fermatmind.com/en/career/jobs/biologists,0,21,0.0,8.9,220,1000,NOT_AVAILABLE_IN_UI_EXPORT,Single-dimension GSC UI export; rows cannot be joined across dimensions; top-row and UI cap limitations apply.
VERIFIED_GSC_UI_SINGLE_DIMENSION,current28,2026-07-13,2026-08-09,sc-domain:fermatmind.com,web,page,https://fermatmind.com/en/careers,0,21,0.0,9.71,221,1000,NOT_AVAILABLE_IN_UI_EXPORT,Single-dimension GSC UI export; rows cannot be joined across dimensions; top-row and UI cap limitations apply.
VERIFIED_GSC_UI_SINGLE_DIMENSION,current28,2026-07-13,2026-08-09,sc-domain:fermatmind.com,web,page,https://fermatmind.com/en/career/jobs/helpers-extraction-workers,0,21,0.0,12.52,222,1000,NOT_AVAILABLE_IN_UI_EXPORT,Single-dimension GSC UI export; rows cannot be joined across dimensions; top-row and UI cap limitations apply.
VERIFIED_GSC_UI_SINGLE_DIMENSION,current28,2026-07-13,2026-08-09,sc-domain:fermatmind.com,web,page,https://fermatmind.com/zh/career/jobs/taxi-drivers-and-chauffeurs,0,21,0.0,13.14,223,1000,NOT_AVAILABLE_IN_UI_EXPORT,Single-dimension GSC UI export; rows cannot be joined across dimensions; top-row and UI cap limitations apply.
VERIFIED_GSC_UI_SINGLE_DIMENSION,current28,2026-07-13,2026-08-09,sc-domain:fermatmind.com,web,page,https://fermatmind.com/en/career/jobs/general-internal-medicine-physicians,0,21,0.0,15.9,224,1000,NOT_AVAILABLE_IN_UI_EXPORT,Single-dimension GSC UI export; rows cannot be joined across dimensions; top-row and UI cap limitations apply.
VERIFIED_GSC_UI_SINGLE_DIMENSION,current28,2026-07-13,2026-08-09,sc-domain:fermatmind.com,web,page,https://fermatmind.com/en/tests/iq-test-intelligence-quotient-assessment,0,21,0.0,27.86,225,1000,NOT_AVAILABLE_IN_UI_EXPORT,Single-dimension GSC UI export; rows cannot be joined across dimensions; top-row and UI cap limitations apply.
VERIFIED_GSC_UI_SINGLE_DIMENSION,current28,2026-07-13,2026-08-09,sc-domain:fermatmind.com,web,page,https://fermatmind.com/en/career/jobs/property-real-estate-and-community-association-managers,0,20,0.0,6.0,226,1000,NOT_AVAILABLE_IN_UI_EXPORT,Single-dimension GSC UI export; rows cannot be joined across dimensions; top-row and UI cap limitations apply.
VERIFIED_GSC_UI_SINGLE_DIMENSION,current28,2026-07-13,2026-08-09,sc-domain:fermatmind.com,web,page,https://fermatmind.com/zh/career/jobs/film-and-video-editors,0,20,0.0,9.2,227,1000,NOT_AVAILABLE_IN_UI_EXPORT,Single-dimension GSC UI export; rows cannot be joined across dimensions; top-row and UI cap limitations apply.
VERIFIED_GSC_UI_SINGLE_DIMENSION,current28,2026-07-13,2026-08-09,sc-domain:fermatmind.com,web,page,https://fermatmind.com/zh/personality/enneagram/wings/6w7,0,20,0.0,9.65,228,1000,NOT_AVAILABLE_IN_UI_EXPORT,Single-dimension GSC UI export; rows cannot be joined across dimensions; top-row and UI cap limitations apply.
VERIFIED_GSC_UI_SINGLE_DIMENSION,current28,2026-07-13,2026-08-09,sc-domain:fermatmind.com,web,page,https://fermatmind.com/zh/career/jobs/judges-and-hearing-officers,0,20,0.0,11.75,229,1000,NOT_AVAILABLE_IN_UI_EXPORT,Single-dimension GSC UI export; rows cannot be joined across dimensions; top-row and UI cap limitations apply.
VERIFIED_GSC_UI_SINGLE_DIMENSION,current28,2026-07-13,2026-08-09,sc-domain:fermatmind.com,web,page,https://fermatmind.com/en/career/jobs/postal-service-clerks,0,20,0.0,14.55,230,1000,NOT_AVAILABLE_IN_UI_EXPORT,Single-dimension GSC UI export; rows cannot be joined across dimensions; top-row and UI cap limitations apply.
VERIFIED_GSC_UI_SINGLE_DIMENSION,current28,2026-07-13,2026-08-09,sc-domain:fermatmind.com,web,page,https://fermatmind.com/en/career/jobs/market-research-analysts-and-marketing-specialists,0,20,0.0,15.45,231,1000,NOT_AVAILABLE_IN_UI_EXPORT,Single-dimension GSC UI export; rows cannot be joined across dimensions; top-row and UI cap limitations apply.
VERIFIED_GSC_UI_SINGLE_DIMENSION,current28,2026-07-13,2026-08-09,sc-domain:fermatmind.com,web,page,https://fermatmind.com/en/personality/enneagram/type-4,0,20,0.0,21.4,232,1000,NOT_AVAILABLE_IN_UI_EXPORT,Single-dimension GSC UI export; rows cannot be joined across dimensions; top-row and UI cap limitations apply.
VERIFIED_GSC_UI_SINGLE_DIMENSION,current28,2026-07-13,2026-08-09,sc-domain:fermatmind.com,web,page,https://fermatmind.com/zh/brand,0,19,0.0,7.37,233,1000,NOT_AVAILABLE_IN_UI_EXPORT,Single-dimension GSC UI export; rows cannot be joined across dimensions; top-row and UI cap limitations apply.
VERIFIED_GSC_UI_SINGLE_DIMENSION,current28,2026-07-13,2026-08-09,sc-domain:fermatmind.com,web,page,https://fermatmind.com/zh/career/jobs/insurance-sales-agents,0,19,0.0,8.74,234,1000,NOT_AVAILABLE_IN_UI_EXPORT,Single-dimension GSC UI export; rows cannot be joined across dimensions; top-row and UI cap limitations apply.
VERIFIED_GSC_UI_SINGLE_DIMENSION,current28,2026-07-13,2026-08-09,sc-domain:fermatmind.com,web,page,https://fermatmind.com/en/personality/enneagram/type-7/instincts/one-to-one,0,19,0.0,9.21,235,1000,NOT_AVAILABLE_IN_UI_EXPORT,Single-dimension GSC UI export; rows cannot be joined across dimensions; top-row and UI cap limitations apply.
VERIFIED_GSC_UI_SINGLE_DIMENSION,current28,2026-07-13,2026-08-09,sc-domain:fermatmind.com,web,page,https://fermatmind.com/en/career/jobs/operating-engineers-and-other-construction-equipment-operators,0,19,0.0,11.26,236,1000,NOT_AVAILABLE_IN_UI_EXPORT,Single-dimension GSC UI export; rows cannot be joined across dimensions; top-row and UI cap limitations apply.
VERIFIED_GSC_UI_SINGLE_DIMENSION,current28,2026-07-13,2026-08-09,sc-domain:fermatmind.com,web,page,https://fermatmind.com/en/career/jobs/administrative-services-managers,0,19,0.0,14.84,237,1000,NOT_AVAILABLE_IN_UI_EXPORT,Single-dimension GSC UI export; rows cannot be joined across dimensions; top-row and UI cap limitations apply.
VERIFIED_GSC_UI_SINGLE_DIMENSION,current28,2026-07-13,2026-08-09,sc-domain:fermatmind.com,web,page,https://fermatmind.com/en/career/jobs/film-and-video-editors,0,19,0.0,15.05,238,1000,NOT_AVAILABLE_IN_UI_EXPORT,Single-dimension GSC UI export; rows cannot be joined across dimensions; top-row and UI cap limitations apply.
VERIFIED_GSC_UI_SINGLE_DIMENSION,current28,2026-07-13,2026-08-09,sc-domain:fermatmind.com,web,page,https://fermatmind.com/en/career/jobs/public-relations-managers,0,19,0.0,16.16,239,1000,NOT_AVAILABLE_IN_UI_EXPORT,Single-dimension GSC UI export; rows cannot be joined across dimensions; top-row and UI cap limitations apply.
VERIFIED_GSC_UI_SINGLE_DIMENSION,current28,2026-07-13,2026-08-09,sc-domain:fermatmind.com,web,page,https://fermatmind.com/zh/career/jobs/mechanical-engineering-technicians,0,19,0.0,16.84,240,1000,NOT_AVAILABLE_IN_UI_EXPORT,Single-dimension GSC UI export; rows cannot be joined across dimensions; top-row and UI cap limitations apply.
VERIFIED_GSC_UI_SINGLE_DIMENSION,current28,2026-07-13,2026-08-09,sc-domain:fermatmind.com,web,page,https://fermatmind.com/en/personality/enneagram/type-5,0,19,0.0,31.89,241,1000,NOT_AVAILABLE_IN_UI_EXPORT,Single-dimension GSC UI export; rows cannot be joined across dimensions; top-row and UI cap limitations apply.
VERIFIED_GSC_UI_SINGLE_DIMENSION,current28,2026-07-13,2026-08-09,sc-domain:fermatmind.com,web,page,https://fermatmind.com/zh/career/jobs/tool-and-die-makers,0,18,0.0,6.5,242,1000,NOT_AVAILABLE_IN_UI_EXPORT,Single-dimension GSC UI export; rows cannot be joined across dimensions; top-row and UI cap limitations apply.
VERIFIED_GSC_UI_SINGLE_DIMENSION,current28,2026-07-13,2026-08-09,sc-domain:fermatmind.com,web,page,https://fermatmind.com/zh/personality/big-five/facets/deliberation,0,18,0.0,7.5,243,1000,NOT_AVAILABLE_IN_UI_EXPORT,Single-dimension GSC UI export; rows cannot be joined across dimensions; top-row and UI cap limitations apply.
VERIFIED_GSC_UI_SINGLE_DIMENSION,current28,2026-07-13,2026-08-09,sc-domain:fermatmind.com,web,page,https://fermatmind.com/en/personality/esfp-t,0,18,0.0,8.11,244,1000,NOT_AVAILABLE_IN_UI_EXPORT,Single-dimension GSC UI export; rows cannot be joined across dimensions; top-row and UI cap limitations apply.
VERIFIED_GSC_UI_SINGLE_DIMENSION,current28,2026-07-13,2026-08-09,sc-domain:fermatmind.com,web,page,https://fermatmind.com/zh/career/jobs/shipping-receiving-and-inventory-clerks,0,18,0.0,9.28,245,1000,NOT_AVAILABLE_IN_UI_EXPORT,Single-dimension GSC UI export; rows cannot be joined across dimensions; top-row and UI cap limitations apply.
VERIFIED_GSC_UI_SINGLE_DIMENSION,current28,2026-07-13,2026-08-09,sc-domain:fermatmind.com,web,page,https://fermatmind.com/zh/career/jobs/substitute-teachers-short-term,0,18,0.0,9.5,246,1000,NOT_AVAILABLE_IN_UI_EXPORT,Single-dimension GSC UI export; rows cannot be joined across dimensions; top-row and UI cap limitations apply.
VERIFIED_GSC_UI_SINGLE_DIMENSION,current28,2026-07-13,2026-08-09,sc-domain:fermatmind.com,web,page,https://fermatmind.com/en/career/jobs/childcare-workers,0,18,0.0,10.44,247,1000,NOT_AVAILABLE_IN_UI_EXPORT,Single-dimension GSC UI export; rows cannot be joined across dimensions; top-row and UI cap limitations apply.
VERIFIED_GSC_UI_SINGLE_DIMENSION,current28,2026-07-13,2026-08-09,sc-domain:fermatmind.com,web,page,https://fermatmind.com/en/career/jobs/airline-pilots-copilots-and-flight-engineers,0,18,0.0,12.61,248,1000,NOT_AVAILABLE_IN_UI_EXPORT,Single-dimension GSC UI export; rows cannot be joined across dimensions; top-row and UI cap limitations apply.
VERIFIED_GSC_UI_SINGLE_DIMENSION,current28,2026-07-13,2026-08-09,sc-domain:fermatmind.com,web,page,https://fermatmind.com/zh/personality/big-five/facets/dutifulness,0,18,0.0,13.33,249,1000,NOT_AVAILABLE_IN_UI_EXPORT,Single-dimension GSC UI export; rows cannot be joined across dimensions; top-row and UI cap limitations apply.
VERIFIED_GSC_UI_SINGLE_DIMENSION,current28,2026-07-13,2026-08-09,sc-domain:fermatmind.com,web,page,https://fermatmind.com/zh/career/jobs/acupuncturists,0,18,0.0,13.5,250,1000,NOT_AVAILABLE_IN_UI_EXPORT,Single-dimension GSC UI export; rows cannot be joined across dimensions; top-row and UI cap limitations apply.
VERIFIED_GSC_UI_SINGLE_DIMENSION,current28,2026-07-13,2026-08-09,sc-domain:fermatmind.com,web,page,https://fermatmind.com/en/career/jobs/preschool-teachers,0,18,0.0,15.67,251,1000,NOT_AVAILABLE_IN_UI_EXPORT,Single-dimension GSC UI export; rows cannot be joined across dimensions; top-row and UI cap limitations apply.
VERIFIED_GSC_UI_SINGLE_DIMENSION,current28,2026-07-13,2026-08-09,sc-domain:fermatmind.com,web,page,https://fermatmind.com/zh/career/jobs/anesthesiologists,0,18,0.0,15.67,252,1000,NOT_AVAILABLE_IN_UI_EXPORT,Single-dimension GSC UI export; rows cannot be joined across dimensions; top-row and UI cap limitations apply.
VERIFIED_GSC_UI_SINGLE_DIMENSION,current28,2026-07-13,2026-08-09,sc-domain:fermatmind.com,web,page,https://fermatmind.com/en/career/jobs/bus-drivers-transit-and-intercity,0,18,0.0,16.06,253,1000,NOT_AVAILABLE_IN_UI_EXPORT,Single-dimension GSC UI export; rows cannot be joined across dimensions; top-row and UI cap limitations apply.
VERIFIED_GSC_UI_SINGLE_DIMENSION,current28,2026-07-13,2026-08-09,sc-domain:fermatmind.com,web,page,https://fermatmind.com/zh/career/jobs/fallers,0,17,0.0,5.88,254,1000,NOT_AVAILABLE_IN_UI_EXPORT,Single-dimension GSC UI export; rows cannot be joined across dimensions; top-row and UI cap limitations apply.
VERIFIED_GSC_UI_SINGLE_DIMENSION,current28,2026-07-13,2026-08-09,sc-domain:fermatmind.com,web,page,https://fermatmind.com/zh/personality/big-five/facets/imagination,0,17,0.0,7.59,255,1000,NOT_AVAILABLE_IN_UI_EXPORT,Single-dimension GSC UI export; rows cannot be joined across dimensions; top-row and UI cap limitations apply.
VERIFIED_GSC_UI_SINGLE_DIMENSION,current28,2026-07-13,2026-08-09,sc-domain:fermatmind.com,web,page,https://fermatmind.com/zh/articles/big-five-conscientiousness-low-procrastination-task-plan,0,17,0.0,8.35,256,1000,NOT_AVAILABLE_IN_UI_EXPORT,Single-dimension GSC UI export; rows cannot be joined across dimensions; top-row and UI cap limitations apply.
VERIFIED_GSC_UI_SINGLE_DIMENSION,current28,2026-07-13,2026-08-09,sc-domain:fermatmind.com,web,page,https://fermatmind.com/zh/career/jobs/diesel-service-technicians-and-mechanics,0,17,0.0,8.88,257,1000,NOT_AVAILABLE_IN_UI_EXPORT,Single-dimension GSC UI export; rows cannot be joined across dimensions; top-row and UI cap limitations apply.
VERIFIED_GSC_UI_SINGLE_DIMENSION,current28,2026-07-13,2026-08-09,sc-domain:fermatmind.com,web,page,https://fermatmind.com/en/career/jobs/energy-engineers-except-wind-and-solar,0,17,0.0,9.35,258,1000,NOT_AVAILABLE_IN_UI_EXPORT,Single-dimension GSC UI export; rows cannot be joined across dimensions; top-row and UI cap limitations apply.
VERIFIED_GSC_UI_SINGLE_DIMENSION,current28,2026-07-13,2026-08-09,sc-domain:fermatmind.com,web,page,https://fermatmind.com/en/career/jobs/sales-representatives-of-services-except-advertising-insurance-financial-services-and-travel,0,17,0.0,11.71,259,1000,NOT_AVAILABLE_IN_UI_EXPORT,Single-dimension GSC UI export; rows cannot be joined across dimensions; top-row and UI cap limitations apply.
VERIFIED_GSC_UI_SINGLE_DIMENSION,current28,2026-07-13,2026-08-09,sc-domain:fermatmind.com,web,page,https://fermatmind.com/en/articles/best-valentines-date-by-personality-and-relationship-science,0,17,0.0,14.29,260,1000,NOT_AVAILABLE_IN_UI_EXPORT,Single-dimension GSC UI export; rows cannot be joined across dimensions; top-row and UI cap limitations apply.
VERIFIED_GSC_UI_SINGLE_DIMENSION,current28,2026-07-13,2026-08-09,sc-domain:fermatmind.com,web,page,https://fermatmind.com/en/career/jobs/helpers-roofers,0,17,0.0,14.35,261,1000,NOT_AVAILABLE_IN_UI_EXPORT,Single-dimension GSC UI export; rows cannot be joined across dimensions; top-row and UI cap limitations apply.
VERIFIED_GSC_UI_SINGLE_DIMENSION,current28,2026-07-13,2026-08-09,sc-domain:fermatmind.com,web,page,https://fermatmind.com/zh/career/jobs/orthotists-and-prosthetists,0,17,0.0,18.18,262,1000,NOT_AVAILABLE_IN_UI_EXPORT,Single-dimension GSC UI export; rows cannot be joined across dimensions; top-row and UI cap limitations apply.
VERIFIED_GSC_UI_SINGLE_DIMENSION,current28,2026-07-13,2026-08-09,sc-domain:fermatmind.com,web,page,https://fermatmind.com/zh/career/jobs/physical-therapist-assistants,0,17,0.0,19.82,263,1000,NOT_AVAILABLE_IN_UI_EXPORT,Single-dimension GSC UI export; rows cannot be joined across dimensions; top-row and UI cap limitations apply.
VERIFIED_GSC_UI_SINGLE_DIMENSION,current28,2026-07-13,2026-08-09,sc-domain:fermatmind.com,web,page,https://fermatmind.com/zh/career/jobs/nurse-anesthetists,0,17,0.0,20.59,264,1000,NOT_AVAILABLE_IN_UI_EXPORT,Single-dimension GSC UI export; rows cannot be joined across dimensions; top-row and UI cap limitations apply.
VERIFIED_GSC_UI_SINGLE_DIMENSION,current28,2026-07-13,2026-08-09,sc-domain:fermatmind.com,web,page,https://fermatmind.com/zh/career/jobs/respiratory-therapists,0,17,0.0,20.59,265,1000,NOT_AVAILABLE_IN_UI_EXPORT,Single-dimension GSC UI export; rows cannot be joined across dimensions; top-row and UI cap limitations apply.
VERIFIED_GSC_UI_SINGLE_DIMENSION,current28,2026-07-13,2026-08-09,sc-domain:fermatmind.com,web,page,https://fermatmind.com/zh/career/jobs/secondary-school-teachers-except-special-and-career-technical-education,0,17,0.0,22.76,266,1000,NOT_AVAILABLE_IN_UI_EXPORT,Single-dimension GSC UI export; rows cannot be joined across dimensions; top-row and UI cap limitations apply.
VERIFIED_GSC_UI_SINGLE_DIMENSION,current28,2026-07-13,2026-08-09,sc-domain:fermatmind.com,web,page,https://fermatmind.com/en/career/jobs/agricultural-workers,0,17,0.0,23.12,267,1000,NOT_AVAILABLE_IN_UI_EXPORT,Single-dimension GSC UI export; rows cannot be joined across dimensions; top-row and UI cap limitations apply.
VERIFIED_GSC_UI_SINGLE_DIMENSION,current28,2026-07-13,2026-08-09,sc-domain:fermatmind.com,web,page,https://fermatmind.com/en/personality/enneagram/type-3,0,17,0.0,34.59,268,1000,NOT_AVAILABLE_IN_UI_EXPORT,Single-dimension GSC UI export; rows cannot be joined across dimensions; top-row and UI cap limitations apply.
VERIFIED_GSC_UI_SINGLE_DIMENSION,current28,2026-07-13,2026-08-09,sc-domain:fermatmind.com,web,page,https://fermatmind.com/en/personality/enneagram/centers/gut,0,16,0.0,6.69,269,1000,NOT_AVAILABLE_IN_UI_EXPORT,Single-dimension GSC UI export; rows cannot be joined across dimensions; top-row and UI cap limitations apply.
VERIFIED_GSC_UI_SINGLE_DIMENSION,current28,2026-07-13,2026-08-09,sc-domain:fermatmind.com,web,page,https://fermatmind.com/zh/articles/big-five-vs-disc-measurement-and-workplace-language,0,16,0.0,6.69,270,1000,NOT_AVAILABLE_IN_UI_EXPORT,Single-dimension GSC UI export; rows cannot be joined across dimensions; top-row and UI cap limitations apply.
VERIFIED_GSC_UI_SINGLE_DIMENSION,current28,2026-07-13,2026-08-09,sc-domain:fermatmind.com,web,page,https://fermatmind.com/zh/career/jobs/aircraft-mechanics-and-service-technicians,0,16,0.0,7.31,271,1000,NOT_AVAILABLE_IN_UI_EXPORT,Single-dimension GSC UI export; rows cannot be joined across dimensions; top-row and UI cap limitations apply.
VERIFIED_GSC_UI_SINGLE_DIMENSION,current28,2026-07-13,2026-08-09,sc-domain:fermatmind.com,web,page,https://fermatmind.com/en/personality/estj-a-vs-estj-t,0,16,0.0,8.56,272,1000,NOT_AVAILABLE_IN_UI_EXPORT,Single-dimension GSC UI export; rows cannot be joined across dimensions; top-row and UI cap limitations apply.
VERIFIED_GSC_UI_SINGLE_DIMENSION,current28,2026-07-13,2026-08-09,sc-domain:fermatmind.com,web,page,https://fermatmind.com/zh/personality/big-five/neuroticism-mid,0,16,0.0,9.44,273,1000,NOT_AVAILABLE_IN_UI_EXPORT,Single-dimension GSC UI export; rows cannot be joined across dimensions; top-row and UI cap limitations apply.
VERIFIED_GSC_UI_SINGLE_DIMENSION,current28,2026-07-13,2026-08-09,sc-domain:fermatmind.com,web,page,https://fermatmind.com/zh/career/jobs/dietitians-and-nutritionists,0,16,0.0,9.56,274,1000,NOT_AVAILABLE_IN_UI_EXPORT,Single-dimension GSC UI export; rows cannot be joined across dimensions; top-row and UI cap limitations apply.
VERIFIED_GSC_UI_SINGLE_DIMENSION,current28,2026-07-13,2026-08-09,sc-domain:fermatmind.com,web,page,https://fermatmind.com/zh/career/jobs/painting-and-coating-workers,0,16,0.0,9.62,275,1000,NOT_AVAILABLE_IN_UI_EXPORT,Single-dimension GSC UI export; rows cannot be joined across dimensions; top-row and UI cap limitations apply.
VERIFIED_GSC_UI_SINGLE_DIMENSION,current28,2026-07-13,2026-08-09,sc-domain:fermatmind.com,web,page,https://fermatmind.com/zh/career/jobs/public-relations-managers,0,16,0.0,10.06,276,1000,NOT_AVAILABLE_IN_UI_EXPORT,Single-dimension GSC UI export; rows cannot be joined across dimensions; top-row and UI cap limitations apply.
VERIFIED_GSC_UI_SINGLE_DIMENSION,current28,2026-07-13,2026-08-09,sc-domain:fermatmind.com,web,page,https://fermatmind.com/en/articles/career-interest-test-vs-personality-test,0,16,0.0,10.19,277,1000,NOT_AVAILABLE_IN_UI_EXPORT,Single-dimension GSC UI export; rows cannot be joined across dimensions; top-row and UI cap limitations apply.
VERIFIED_GSC_UI_SINGLE_DIMENSION,current28,2026-07-13,2026-08-09,sc-domain:fermatmind.com,web,page,https://fermatmind.com/en/career/jobs/education-administrators-kindergarten-through-secondary,0,16,0.0,11.06,278,1000,NOT_AVAILABLE_IN_UI_EXPORT,Single-dimension GSC UI export; rows cannot be joined across dimensions; top-row and UI cap limitations apply.
VERIFIED_GSC_UI_SINGLE_DIMENSION,current28,2026-07-13,2026-08-09,sc-domain:fermatmind.com,web,page,https://fermatmind.com/zh/career/recommendations,0,16,0.0,13.81,279,1000,NOT_AVAILABLE_IN_UI_EXPORT,Single-dimension GSC UI export; rows cannot be joined across dimensions; top-row and UI cap limitations apply.
VERIFIED_GSC_UI_SINGLE_DIMENSION,current28,2026-07-13,2026-08-09,sc-domain:fermatmind.com,web,page,https://fermatmind.com/zh/tests/category/career,0,16,0.0,14.19,280,1000,NOT_AVAILABLE_IN_UI_EXPORT,Single-dimension GSC UI export; rows cannot be joined across dimensions; top-row and UI cap limitations apply.
VERIFIED_GSC_UI_SINGLE_DIMENSION,current28,2026-07-13,2026-08-09,sc-domain:fermatmind.com,web,page,https://fermatmind.com/zh/personality/esfj,0,16,0.0,27.31,281,1000,NOT_AVAILABLE_IN_UI_EXPORT,Single-dimension GSC UI export; rows cannot be joined across dimensions; top-row and UI cap limitations apply.
VERIFIED_GSC_UI_SINGLE_DIMENSION,current28,2026-07-13,2026-08-09,sc-domain:fermatmind.com,web,page,https://fermatmind.com/zh/career/jobs/slaughterers-and-meat-packers,0,15,0.0,2.67,282,1000,NOT_AVAILABLE_IN_UI_EXPORT,Single-dimension GSC UI export; rows cannot be joined across dimensions; top-row and UI cap limitations apply.
VERIFIED_GSC_UI_SINGLE_DIMENSION,current28,2026-07-13,2026-08-09,sc-domain:fermatmind.com,web,page,https://fermatmind.com/zh/career/jobs/non-destructive-testing-specialists,0,15,0.0,6.87,283,1000,NOT_AVAILABLE_IN_UI_EXPORT,Single-dimension GSC UI export; rows cannot be joined across dimensions; top-row and UI cap limitations apply.
VERIFIED_GSC_UI_SINGLE_DIMENSION,current28,2026-07-13,2026-08-09,sc-domain:fermatmind.com,web,page,https://fermatmind.com/zh/personality/enneagram/type-7/instincts/one-to-one,0,15,0.0,6.93,284,1000,NOT_AVAILABLE_IN_UI_EXPORT,Single-dimension GSC UI export; rows cannot be joined across dimensions; top-row and UI cap limitations apply.
VERIFIED_GSC_UI_SINGLE_DIMENSION,current28,2026-07-13,2026-08-09,sc-domain:fermatmind.com,web,page,https://fermatmind.com/zh/career/jobs/compensation-and-benefits-managers,0,15,0.0,7.33,285,1000,NOT_AVAILABLE_IN_UI_EXPORT,Single-dimension GSC UI export; rows cannot be joined across dimensions; top-row and UI cap limitations apply.
VERIFIED_GSC_UI_SINGLE_DIMENSION,current28,2026-07-13,2026-08-09,sc-domain:fermatmind.com,web,page,https://fermatmind.com/zh/career/jobs/health-and-safety-engineers,0,15,0.0,7.47,286,1000,NOT_AVAILABLE_IN_UI_EXPORT,Single-dimension GSC UI export; rows cannot be joined across dimensions; top-row and UI cap limitations apply.
VERIFIED_GSC_UI_SINGLE_DIMENSION,current28,2026-07-13,2026-08-09,sc-domain:fermatmind.com,web,page,https://fermatmind.com/en/articles/holland-career-interest-test-can-and-cannot-tell-you,0,15,0.0,8.0,287,1000,NOT_AVAILABLE_IN_UI_EXPORT,Single-dimension GSC UI export; rows cannot be joined across dimensions; top-row and UI cap limitations apply.
VERIFIED_GSC_UI_SINGLE_DIMENSION,current28,2026-07-13,2026-08-09,sc-domain:fermatmind.com,web,page,https://fermatmind.com/en/career/jobs/helpers-pipelayers-plumbers-pipefitters-and-steamfitters,0,15,0.0,9.33,288,1000,NOT_AVAILABLE_IN_UI_EXPORT,Single-dimension GSC UI export; rows cannot be joined across dimensions; top-row and UI cap limitations apply.
VERIFIED_GSC_UI_SINGLE_DIMENSION,current28,2026-07-13,2026-08-09,sc-domain:fermatmind.com,web,page,https://fermatmind.com/en/personality/big-five/facets/impulsiveness,0,15,0.0,9.33,289,1000,NOT_AVAILABLE_IN_UI_EXPORT,Single-dimension GSC UI export; rows cannot be joined across dimensions; top-row and UI cap limitations apply.
VERIFIED_GSC_UI_SINGLE_DIMENSION,current28,2026-07-13,2026-08-09,sc-domain:fermatmind.com,web,page,https://fermatmind.com/zh/career/jobs/agricultural-technicians,0,15,0.0,9.33,290,1000,NOT_AVAILABLE_IN_UI_EXPORT,Single-dimension GSC UI export; rows cannot be joined across dimensions; top-row and UI cap limitations apply.
VERIFIED_GSC_UI_SINGLE_DIMENSION,current28,2026-07-13,2026-08-09,sc-domain:fermatmind.com,web,page,https://fermatmind.com/en/career/jobs/cooks-short-order,0,15,0.0,10.8,291,1000,NOT_AVAILABLE_IN_UI_EXPORT,Single-dimension GSC UI export; rows cannot be joined across dimensions; top-row and UI cap limitations apply.
VERIFIED_GSC_UI_SINGLE_DIMENSION,current28,2026-07-13,2026-08-09,sc-domain:fermatmind.com,web,page,https://fermatmind.com/zh/career/jobs/painters-construction-and-maintenance,0,15,0.0,11.2,292,1000,NOT_AVAILABLE_IN_UI_EXPORT,Single-dimension GSC UI export; rows cannot be joined across dimensions; top-row and UI cap limitations apply.
VERIFIED_GSC_UI_SINGLE_DIMENSION,current28,2026-07-13,2026-08-09,sc-domain:fermatmind.com,web,page,https://fermatmind.com/zh/career/jobs/administrative-law-judges-adjudicators-and-hearing-officers,0,15,0.0,12.87,293,1000,NOT_AVAILABLE_IN_UI_EXPORT,Single-dimension GSC UI export; rows cannot be joined across dimensions; top-row and UI cap limitations apply.
VERIFIED_GSC_UI_SINGLE_DIMENSION,current28,2026-07-13,2026-08-09,sc-domain:fermatmind.com,web,page,https://fermatmind.com/en/career/jobs/media-technical-directors-managers,0,15,0.0,13.8,294,1000,NOT_AVAILABLE_IN_UI_EXPORT,Single-dimension GSC UI export; rows cannot be joined across dimensions; top-row and UI cap limitations apply.
VERIFIED_GSC_UI_SINGLE_DIMENSION,current28,2026-07-13,2026-08-09,sc-domain:fermatmind.com,web,page,https://fermatmind.com/en/career/jobs/fundraising-managers,0,15,0.0,15.8,295,1000,NOT_AVAILABLE_IN_UI_EXPORT,Single-dimension GSC UI export; rows cannot be joined across dimensions; top-row and UI cap limitations apply.
VERIFIED_GSC_UI_SINGLE_DIMENSION,current28,2026-07-13,2026-08-09,sc-domain:fermatmind.com,web,page,https://fermatmind.com/zh/career/jobs/geographers,0,15,0.0,16.2,296,1000,NOT_AVAILABLE_IN_UI_EXPORT,Single-dimension GSC UI export; rows cannot be joined across dimensions; top-row and UI cap limitations apply.
VERIFIED_GSC_UI_SINGLE_DIMENSION,current28,2026-07-13,2026-08-09,sc-domain:fermatmind.com,web,page,https://fermatmind.com/zh/career/jobs/statistical-assistants,0,15,0.0,17.8,297,1000,NOT_AVAILABLE_IN_UI_EXPORT,Single-dimension GSC UI export; rows cannot be joined across dimensions; top-row and UI cap limitations apply.
VERIFIED_GSC_UI_SINGLE_DIMENSION,current28,2026-07-13,2026-08-09,sc-domain:fermatmind.com,web,page,https://fermatmind.com/zh/articles/big-five-narrative-portrait,0,15,0.0,19.53,298,1000,NOT_AVAILABLE_IN_UI_EXPORT,Single-dimension GSC UI export; rows cannot be joined across dimensions; top-row and UI cap limitations apply.
VERIFIED_GSC_UI_SINGLE_DIMENSION,current28,2026-07-13,2026-08-09,sc-domain:fermatmind.com,web,page,https://fermatmind.com/en/tests/enneagram-personality-test-nine-types,0,15,0.0,30.6,299,1000,NOT_AVAILABLE_IN_UI_EXPORT,Single-dimension GSC UI export; rows cannot be joined across dimensions; top-row and UI cap limitations apply.
VERIFIED_GSC_UI_SINGLE_DIMENSION,current28,2026-07-13,2026-08-09,sc-domain:fermatmind.com,web,page,https://fermatmind.com/en/personality/enneagram/type-9,0,15,0.0,55.4,300,1000,NOT_AVAILABLE_IN_UI_EXPORT,Single-dimension GSC UI export; rows cannot be joined across dimensions; top-row and UI cap limitations apply.
VERIFIED_GSC_UI_SINGLE_DIMENSION,current28,2026-07-13,2026-08-09,sc-domain:fermatmind.com,web,page,https://fermatmind.com/zh/terms,0,14,0.0,4.71,301,1000,NOT_AVAILABLE_IN_UI_EXPORT,Single-dimension GSC UI export; rows cannot be joined across dimensions; top-row and UI cap limitations apply.
VERIFIED_GSC_UI_SINGLE_DIMENSION,current28,2026-07-13,2026-08-09,sc-domain:fermatmind.com,web,page,https://fermatmind.com/zh/career/jobs/material-recording-clerks,0,14,0.0,6.43,302,1000,NOT_AVAILABLE_IN_UI_EXPORT,Single-dimension GSC UI export; rows cannot be joined across dimensions; top-row and UI cap limitations apply.
VERIFIED_GSC_UI_SINGLE_DIMENSION,current28,2026-07-13,2026-08-09,sc-domain:fermatmind.com,web,page,https://fermatmind.com/zh/career/jobs/water-transportation-occupations,0,14,0.0,6.79,303,1000,NOT_AVAILABLE_IN_UI_EXPORT,Single-dimension GSC UI export; rows cannot be joined across dimensions; top-row and UI cap limitations apply.
VERIFIED_GSC_UI_SINGLE_DIMENSION,current28,2026-07-13,2026-08-09,sc-domain:fermatmind.com,web,page,https://fermatmind.com/zh/career/jobs/graders-and-sorters-agricultural-products,0,14,0.0,7.0,304,1000,NOT_AVAILABLE_IN_UI_EXPORT,Single-dimension GSC UI export; rows cannot be joined across dimensions; top-row and UI cap limitations apply.
VERIFIED_GSC_UI_SINGLE_DIMENSION,current28,2026-07-13,2026-08-09,sc-domain:fermatmind.com,web,page,https://fermatmind.com/zh/career/jobs/barbers,0,14,0.0,7.21,305,1000,NOT_AVAILABLE_IN_UI_EXPORT,Single-dimension GSC UI export; rows cannot be joined across dimensions; top-row and UI cap limitations apply.
VERIFIED_GSC_UI_SINGLE_DIMENSION,current28,2026-07-13,2026-08-09,sc-domain:fermatmind.com,web,page,https://fermatmind.com/en/personality/big-five/extraversion-high,0,14,0.0,7.64,306,1000,NOT_AVAILABLE_IN_UI_EXPORT,Single-dimension GSC UI export; rows cannot be joined across dimensions; top-row and UI cap limitations apply.
VERIFIED_GSC_UI_SINGLE_DIMENSION,current28,2026-07-13,2026-08-09,sc-domain:fermatmind.com,web,page,https://fermatmind.com/en/career/jobs/marine-engineers-and-naval-architects,0,14,0.0,8.5,307,1000,NOT_AVAILABLE_IN_UI_EXPORT,Single-dimension GSC UI export; rows cannot be joined across dimensions; top-row and UI cap limitations apply.
VERIFIED_GSC_UI_SINGLE_DIMENSION,current28,2026-07-13,2026-08-09,sc-domain:fermatmind.com,web,page,https://fermatmind.com/en/personality/enneagram/type-5/instincts/one-to-one,0,14,0.0,8.64,308,1000,NOT_AVAILABLE_IN_UI_EXPORT,Single-dimension GSC UI export; rows cannot be joined across dimensions; top-row and UI cap limitations apply.
VERIFIED_GSC_UI_SINGLE_DIMENSION,current28,2026-07-13,2026-08-09,sc-domain:fermatmind.com,web,page,https://fermatmind.com/en/career/jobs/counter-and-rental-clerks,0,14,0.0,9.57,309,1000,NOT_AVAILABLE_IN_UI_EXPORT,Single-dimension GSC UI export; rows cannot be joined across dimensions; top-row and UI cap limitations apply.
VERIFIED_GSC_UI_SINGLE_DIMENSION,current28,2026-07-13,2026-08-09,sc-domain:fermatmind.com,web,page,https://fermatmind.com/en/career/jobs/arbitrators-mediators-and-conciliators,0,14,0.0,9.93,310,1000,NOT_AVAILABLE_IN_UI_EXPORT,Single-dimension GSC UI export; rows cannot be joined across dimensions; top-row and UI cap limitations apply.
VERIFIED_GSC_UI_SINGLE_DIMENSION,current28,2026-07-13,2026-08-09,sc-domain:fermatmind.com,web,page,https://fermatmind.com/en/career/jobs/first-line-supervisors-of-non-retail-sales-workers,0,14,0.0,11.0,311,1000,NOT_AVAILABLE_IN_UI_EXPORT,Single-dimension GSC UI export; rows cannot be joined across dimensions; top-row and UI cap limitations apply.
VERIFIED_GSC_UI_SINGLE_DIMENSION,current28,2026-07-13,2026-08-09,sc-domain:fermatmind.com,web,page,https://fermatmind.com/zh/career/jobs/insulation-workers,0,14,0.0,13.07,312,1000,NOT_AVAILABLE_IN_UI_EXPORT,Single-dimension GSC UI export; rows cannot be joined across dimensions; top-row and UI cap limitations apply.
VERIFIED_GSC_UI_SINGLE_DIMENSION,current28,2026-07-13,2026-08-09,sc-domain:fermatmind.com,web,page,https://fermatmind.com/zh/career/guides/first-90-days-in-new-role,0,14,0.0,16.86,313,1000,NOT_AVAILABLE_IN_UI_EXPORT,Single-dimension GSC UI export; rows cannot be joined across dimensions; top-row and UI cap limitations apply.
VERIFIED_GSC_UI_SINGLE_DIMENSION,current28,2026-07-13,2026-08-09,sc-domain:fermatmind.com,web,page,https://fermatmind.com/zh/career/jobs/forensic-science-technicians,0,14,0.0,17.29,314,1000,NOT_AVAILABLE_IN_UI_EXPORT,Single-dimension GSC UI export; rows cannot be joined across dimensions; top-row and UI cap limitations apply.
VERIFIED_GSC_UI_SINGLE_DIMENSION,current28,2026-07-13,2026-08-09,sc-domain:fermatmind.com,web,page,https://fermatmind.com/en/career/jobs/cabinetmakers-and-bench-carpenters,0,13,0.0,5.08,315,1000,NOT_AVAILABLE_IN_UI_EXPORT,Single-dimension GSC UI export; rows cannot be joined across dimensions; top-row and UI cap limitations apply.
VERIFIED_GSC_UI_SINGLE_DIMENSION,current28,2026-07-13,2026-08-09,sc-domain:fermatmind.com,web,page,https://fermatmind.com/zh/career/jobs/real-estate-brokers-and-sales-agents,0,13,0.0,7.15,316,1000,NOT_AVAILABLE_IN_UI_EXPORT,Single-dimension GSC UI export; rows cannot be joined across dimensions; top-row and UI cap limitations apply.
VERIFIED_GSC_UI_SINGLE_DIMENSION,current28,2026-07-13,2026-08-09,sc-domain:fermatmind.com,web,page,https://fermatmind.com/zh/personality/big-five/openness-low,0,13,0.0,7.31,317,1000,NOT_AVAILABLE_IN_UI_EXPORT,Single-dimension GSC UI export; rows cannot be joined across dimensions; top-row and UI cap limitations apply.
VERIFIED_GSC_UI_SINGLE_DIMENSION,current28,2026-07-13,2026-08-09,sc-domain:fermatmind.com,web,page,https://fermatmind.com/zh/career/jobs/craft-and-fine-artists,0,13,0.0,7.38,318,1000,NOT_AVAILABLE_IN_UI_EXPORT,Single-dimension GSC UI export; rows cannot be joined across dimensions; top-row and UI cap limitations apply.
VERIFIED_GSC_UI_SINGLE_DIMENSION,current28,2026-07-13,2026-08-09,sc-domain:fermatmind.com,web,page,https://fermatmind.com/en/career/jobs/refuse-and-recyclable-material-collectors,0,13,0.0,9.38,319,1000,NOT_AVAILABLE_IN_UI_EXPORT,Single-dimension GSC UI export; rows cannot be joined across dimensions; top-row and UI cap limitations apply.
VERIFIED_GSC_UI_SINGLE_DIMENSION,current28,2026-07-13,2026-08-09,sc-domain:fermatmind.com,web,page,https://fermatmind.com/en/career/jobs/clinical-and-counseling-psychologists,0,13,0.0,10.23,320,1000,NOT_AVAILABLE_IN_UI_EXPORT,Single-dimension GSC UI export; rows cannot be joined across dimensions; top-row and UI cap limitations apply.
VERIFIED_GSC_UI_SINGLE_DIMENSION,current28,2026-07-13,2026-08-09,sc-domain:fermatmind.com,web,page,https://fermatmind.com/en/career/jobs/web-and-digital-interface-designers,0,13,0.0,11.23,321,1000,NOT_AVAILABLE_IN_UI_EXPORT,Single-dimension GSC UI export; rows cannot be joined across dimensions; top-row and UI cap limitations apply.
VERIFIED_GSC_UI_SINGLE_DIMENSION,current28,2026-07-13,2026-08-09,sc-domain:fermatmind.com,web,page,https://fermatmind.com/en/articles/are-infj-men-rare-or-socially-silenced,0,13,0.0,11.46,322,1000,NOT_AVAILABLE_IN_UI_EXPORT,Single-dimension GSC UI export; rows cannot be joined across dimensions; top-row and UI cap limitations apply.
VERIFIED_GSC_UI_SINGLE_DIMENSION,current28,2026-07-13,2026-08-09,sc-domain:fermatmind.com,web,page,https://fermatmind.com/en/career/jobs/first-line-supervisors-of-security-workers,0,13,0.0,13.77,323,1000,NOT_AVAILABLE_IN_UI_EXPORT,Single-dimension GSC UI export; rows cannot be joined across dimensions; top-row and UI cap limitations apply.
VERIFIED_GSC_UI_SINGLE_DIMENSION,current28,2026-07-13,2026-08-09,sc-domain:fermatmind.com,web,page,https://fermatmind.com/en/career/jobs/customs-and-border-protection-officers,0,13,0.0,13.92,324,1000,NOT_AVAILABLE_IN_UI_EXPORT,Single-dimension GSC UI export; rows cannot be joined across dimensions; top-row and UI cap limitations apply.
VERIFIED_GSC_UI_SINGLE_DIMENSION,current28,2026-07-13,2026-08-09,sc-domain:fermatmind.com,web,page,https://fermatmind.com/en/career/jobs/loss-prevention-managers,0,13,0.0,14.85,325,1000,NOT_AVAILABLE_IN_UI_EXPORT,Single-dimension GSC UI export; rows cannot be joined across dimensions; top-row and UI cap limitations apply.
VERIFIED_GSC_UI_SINGLE_DIMENSION,current28,2026-07-13,2026-08-09,sc-domain:fermatmind.com,web,page,https://fermatmind.com/zh/articles/career-confusion-test-map,0,13,0.0,16.31,326,1000,NOT_AVAILABLE_IN_UI_EXPORT,Single-dimension GSC UI export; rows cannot be joined across dimensions; top-row and UI cap limitations apply.
VERIFIED_GSC_UI_SINGLE_DIMENSION,current28,2026-07-13,2026-08-09,sc-domain:fermatmind.com,web,page,https://fermatmind.com/en/articles/choose-career-using-personality-tests,0,13,0.0,16.85,327,1000,NOT_AVAILABLE_IN_UI_EXPORT,Single-dimension GSC UI export; rows cannot be joined across dimensions; top-row and UI cap limitations apply.
VERIFIED_GSC_UI_SINGLE_DIMENSION,current28,2026-07-13,2026-08-09,sc-domain:fermatmind.com,web,page,https://fermatmind.com/zh/career/jobs/carpet-installers,0,13,0.0,17.69,328,1000,NOT_AVAILABLE_IN_UI_EXPORT,Single-dimension GSC UI export; rows cannot be joined across dimensions; top-row and UI cap limitations apply.
VERIFIED_GSC_UI_SINGLE_DIMENSION,current28,2026-07-13,2026-08-09,sc-domain:fermatmind.com,web,page,https://fermatmind.com/zh/career/jobs/medical-equipment-repairers,0,13,0.0,19.0,329,1000,NOT_AVAILABLE_IN_UI_EXPORT,Single-dimension GSC UI export; rows cannot be joined across dimensions; top-row and UI cap limitations apply.
VERIFIED_GSC_UI_SINGLE_DIMENSION,current28,2026-07-13,2026-08-09,sc-domain:fermatmind.com,web,page,https://fermatmind.com/en/career/jobs/treasurers-and-controllers,0,13,0.0,21.23,330,1000,NOT_AVAILABLE_IN_UI_EXPORT,Single-dimension GSC UI export; rows cannot be joined across dimensions; top-row and UI cap limitations apply.
VERIFIED_GSC_UI_SINGLE_DIMENSION,current28,2026-07-13,2026-08-09,sc-domain:fermatmind.com,web,page,https://fermatmind.com/zh/personality/big-five/facets/values,0,13,0.0,21.69,331,1000,NOT_AVAILABLE_IN_UI_EXPORT,Single-dimension GSC UI export; rows cannot be joined across dimensions; top-row and UI cap limitations apply.
VERIFIED_GSC_UI_SINGLE_DIMENSION,current28,2026-07-13,2026-08-09,sc-domain:fermatmind.com,web,page,https://fermatmind.com/zh/career/jobs/wind-turbine-technicians,0,13,0.0,22.77,332,1000,NOT_AVAILABLE_IN_UI_EXPORT,Single-dimension GSC UI export; rows cannot be joined across dimensions; top-row and UI cap limitations apply.
VERIFIED_GSC_UI_SINGLE_DIMENSION,current28,2026-07-13,2026-08-09,sc-domain:fermatmind.com,web,page,https://fermatmind.com/en/career/jobs/social-workers,0,13,0.0,23.38,333,1000,NOT_AVAILABLE_IN_UI_EXPORT,Single-dimension GSC UI export; rows cannot be joined across dimensions; top-row and UI cap limitations apply.
VERIFIED_GSC_UI_SINGLE_DIMENSION,current28,2026-07-13,2026-08-09,sc-domain:fermatmind.com,web,page,https://fermatmind.com/zh/career/jobs/production-planning-and-expediting-clerks,0,12,0.0,3.83,334,1000,NOT_AVAILABLE_IN_UI_EXPORT,Single-dimension GSC UI export; rows cannot be joined across dimensions; top-row and UI cap limitations apply.
VERIFIED_GSC_UI_SINGLE_DIMENSION,current28,2026-07-13,2026-08-09,sc-domain:fermatmind.com,web,page,https://fermatmind.com/zh/career/guides/career-risk-management,0,12,0.0,6.67,335,1000,NOT_AVAILABLE_IN_UI_EXPORT,Single-dimension GSC UI export; rows cannot be joined across dimensions; top-row and UI cap limitations apply.
VERIFIED_GSC_UI_SINGLE_DIMENSION,current28,2026-07-13,2026-08-09,sc-domain:fermatmind.com,web,page,https://fermatmind.com/zh/career/jobs/audio-and-video-technicians,0,12,0.0,6.83,336,1000,NOT_AVAILABLE_IN_UI_EXPORT,Single-dimension GSC UI export; rows cannot be joined across dimensions; top-row and UI cap limitations apply.
VERIFIED_GSC_UI_SINGLE_DIMENSION,current28,2026-07-13,2026-08-09,sc-domain:fermatmind.com,web,page,https://fermatmind.com/en/career/jobs/occupational-health-and-safety-specialists-and-technicians,0,12,0.0,6.92,337,1000,NOT_AVAILABLE_IN_UI_EXPORT,Single-dimension GSC UI export; rows cannot be joined across dimensions; top-row and UI cap limitations apply.
VERIFIED_GSC_UI_SINGLE_DIMENSION,current28,2026-07-13,2026-08-09,sc-domain:fermatmind.com,web,page,https://fermatmind.com/en/career/jobs/animal-scientists,0,12,0.0,7.25,338,1000,NOT_AVAILABLE_IN_UI_EXPORT,Single-dimension GSC UI export; rows cannot be joined across dimensions; top-row and UI cap limitations apply.
VERIFIED_GSC_UI_SINGLE_DIMENSION,current28,2026-07-13,2026-08-09,sc-domain:fermatmind.com,web,page,https://fermatmind.com/en/career/jobs/inspectors-testers-sorters-samplers-and-weighers,0,12,0.0,8.17,339,1000,NOT_AVAILABLE_IN_UI_EXPORT,Single-dimension GSC UI export; rows cannot be joined across dimensions; top-row and UI cap limitations apply.
VERIFIED_GSC_UI_SINGLE_DIMENSION,current28,2026-07-13,2026-08-09,sc-domain:fermatmind.com,web,page,https://fermatmind.com/zh/personality/infp-t,0,12,0.0,8.5,340,1000,NOT_AVAILABLE_IN_UI_EXPORT,Single-dimension GSC UI export; rows cannot be joined across dimensions; top-row and UI cap limitations apply.
VERIFIED_GSC_UI_SINGLE_DIMENSION,current28,2026-07-13,2026-08-09,sc-domain:fermatmind.com,web,page,https://fermatmind.com/zh/career/jobs/psychology-teachers-postsecondary,0,12,0.0,9.83,341,1000,NOT_AVAILABLE_IN_UI_EXPORT,Single-dimension GSC UI export; rows cannot be joined across dimensions; top-row and UI cap limitations apply.
VERIFIED_GSC_UI_SINGLE_DIMENSION,current28,2026-07-13,2026-08-09,sc-domain:fermatmind.com,web,page,https://fermatmind.com/en/career/jobs/textile-bleaching-and-dyeing-machine-operators-and-tenders,0,12,0.0,11.25,342,1000,NOT_AVAILABLE_IN_UI_EXPORT,Single-dimension GSC UI export; rows cannot be joined across dimensions; top-row and UI cap limitations apply.
VERIFIED_GSC_UI_SINGLE_DIMENSION,current28,2026-07-13,2026-08-09,sc-domain:fermatmind.com,web,page,https://fermatmind.com/en/career/jobs/rail-yard-engineers-dinkey-operators-and-hostlers,0,12,0.0,11.67,343,1000,NOT_AVAILABLE_IN_UI_EXPORT,Single-dimension GSC UI export; rows cannot be joined across dimensions; top-row and UI cap limitations apply.
VERIFIED_GSC_UI_SINGLE_DIMENSION,current28,2026-07-13,2026-08-09,sc-domain:fermatmind.com,web,page,https://fermatmind.com/zh/topics/mbti,0,12,0.0,11.92,344,1000,NOT_AVAILABLE_IN_UI_EXPORT,Single-dimension GSC UI export; rows cannot be joined across dimensions; top-row and UI cap limitations apply.
VERIFIED_GSC_UI_SINGLE_DIMENSION,current28,2026-07-13,2026-08-09,sc-domain:fermatmind.com,web,page,https://fermatmind.com/en/personality/enfp-a,0,12,0.0,12.25,345,1000,NOT_AVAILABLE_IN_UI_EXPORT,Single-dimension GSC UI export; rows cannot be joined across dimensions; top-row and UI cap limitations apply.
VERIFIED_GSC_UI_SINGLE_DIMENSION,current28,2026-07-13,2026-08-09,sc-domain:fermatmind.com,web,page,https://fermatmind.com/en/career/jobs/title-examiners-abstractors-and-searchers,0,12,0.0,12.92,346,1000,NOT_AVAILABLE_IN_UI_EXPORT,Single-dimension GSC UI export; rows cannot be joined across dimensions; top-row and UI cap limitations apply.
VERIFIED_GSC_UI_SINGLE_DIMENSION,current28,2026-07-13,2026-08-09,sc-domain:fermatmind.com,web,page,https://fermatmind.com/zh/personality/enneagram/type-1/instincts/self-preservation,0,12,0.0,12.92,347,1000,NOT_AVAILABLE_IN_UI_EXPORT,Single-dimension GSC UI export; rows cannot be joined across dimensions; top-row and UI cap limitations apply.
VERIFIED_GSC_UI_SINGLE_DIMENSION,current28,2026-07-13,2026-08-09,sc-domain:fermatmind.com,web,page,https://fermatmind.com/en/career/jobs/low-vision-therapists-orientation-and-mobility-specialists-and-vision-rehabilitation-therapists,0,12,0.0,13.42,348,1000,NOT_AVAILABLE_IN_UI_EXPORT,Single-dimension GSC UI export; rows cannot be joined across dimensions; top-row and UI cap limitations apply.
VERIFIED_GSC_UI_SINGLE_DIMENSION,current28,2026-07-13,2026-08-09,sc-domain:fermatmind.com,web,page,https://fermatmind.com/zh/career/tests,0,12,0.0,13.5,349,1000,NOT_AVAILABLE_IN_UI_EXPORT,Single-dimension GSC UI export; rows cannot be joined across dimensions; top-row and UI cap limitations apply.
VERIFIED_GSC_UI_SINGLE_DIMENSION,current28,2026-07-13,2026-08-09,sc-domain:fermatmind.com,web,page,https://fermatmind.com/en/career/jobs/veterinary-assistants-and-laboratory-animal-caretakers,0,12,0.0,13.92,350,1000,NOT_AVAILABLE_IN_UI_EXPORT,Single-dimension GSC UI export; rows cannot be joined across dimensions; top-row and UI cap limitations apply.
VERIFIED_GSC_UI_SINGLE_DIMENSION,current28,2026-07-13,2026-08-09,sc-domain:fermatmind.com,web,page,https://fermatmind.com/zh/personality/enneagram/type-3,0,12,0.0,14.75,351,1000,NOT_AVAILABLE_IN_UI_EXPORT,Single-dimension GSC UI export; rows cannot be joined across dimensions; top-row and UI cap limitations apply.
VERIFIED_GSC_UI_SINGLE_DIMENSION,current28,2026-07-13,2026-08-09,sc-domain:fermatmind.com,web,page,https://fermatmind.com/en/career/jobs/aircraft-structure-surfaces-rigging-and-systems-assemblers,0,12,0.0,16.0,352,1000,NOT_AVAILABLE_IN_UI_EXPORT,Single-dimension GSC UI export; rows cannot be joined across dimensions; top-row and UI cap limitations apply.
VERIFIED_GSC_UI_SINGLE_DIMENSION,current28,2026-07-13,2026-08-09,sc-domain:fermatmind.com,web,page,https://fermatmind.com/en/career/jobs/archivists,0,12,0.0,16.42,353,1000,NOT_AVAILABLE_IN_UI_EXPORT,Single-dimension GSC UI export; rows cannot be joined across dimensions; top-row and UI cap limitations apply.
VERIFIED_GSC_UI_SINGLE_DIMENSION,current28,2026-07-13,2026-08-09,sc-domain:fermatmind.com,web,page,https://fermatmind.com/en/reliability-validity,0,12,0.0,19.5,354,1000,NOT_AVAILABLE_IN_UI_EXPORT,Single-dimension GSC UI export; rows cannot be joined across dimensions; top-row and UI cap limitations apply.
VERIFIED_GSC_UI_SINGLE_DIMENSION,current28,2026-07-13,2026-08-09,sc-domain:fermatmind.com,web,page,https://fermatmind.com/zh/career/jobs/credit-counselors,0,12,0.0,19.58,355,1000,NOT_AVAILABLE_IN_UI_EXPORT,Single-dimension GSC UI export; rows cannot be joined across dimensions; top-row and UI cap limitations apply.
VERIFIED_GSC_UI_SINGLE_DIMENSION,current28,2026-07-13,2026-08-09,sc-domain:fermatmind.com,web,page,https://fermatmind.com/en/career/jobs/transit-and-railroad-police,0,12,0.0,21.5,356,1000,NOT_AVAILABLE_IN_UI_EXPORT,Single-dimension GSC UI export; rows cannot be joined across dimensions; top-row and UI cap limitations apply.
VERIFIED_GSC_UI_SINGLE_DIMENSION,current28,2026-07-13,2026-08-09,sc-domain:fermatmind.com,web,page,https://fermatmind.com/zh/career/jobs/instructional-coordinators,0,12,0.0,21.5,357,1000,NOT_AVAILABLE_IN_UI_EXPORT,Single-dimension GSC UI export; rows cannot be joined across dimensions; top-row and UI cap limitations apply.
VERIFIED_GSC_UI_SINGLE_DIMENSION,current28,2026-07-13,2026-08-09,sc-domain:fermatmind.com,web,page,https://fermatmind.com/en/career/jobs/loan-officers,0,12,0.0,22.75,358,1000,NOT_AVAILABLE_IN_UI_EXPORT,Single-dimension GSC UI export; rows cannot be joined across dimensions; top-row and UI cap limitations apply.
VERIFIED_GSC_UI_SINGLE_DIMENSION,current28,2026-07-13,2026-08-09,sc-domain:fermatmind.com,web,page,https://fermatmind.com/en/datasets/occupations,0,12,0.0,31.67,359,1000,NOT_AVAILABLE_IN_UI_EXPORT,Single-dimension GSC UI export; rows cannot be joined across dimensions; top-row and UI cap limitations apply.
VERIFIED_GSC_UI_SINGLE_DIMENSION,current28,2026-07-13,2026-08-09,sc-domain:fermatmind.com,web,page,https://fermatmind.com/tests/eq-test-emotional-intelligence-assessment-情商测试,0,12,0.0,75.67,361,1000,NOT_AVAILABLE_IN_UI_EXPORT,Single-dimension GSC UI export; rows cannot be joined across dimensions; top-row and UI cap limitations apply.
VERIFIED_GSC_UI_SINGLE_DIMENSION,current28,2026-07-13,2026-08-09,sc-domain:fermatmind.com,web,page,https://fermatmind.com/zh/career/jobs/occupational-health-and-safety-specialists-and-technicians,0,11,0.0,5.09,362,1000,NOT_AVAILABLE_IN_UI_EXPORT,Single-dimension GSC UI export; rows cannot be joined across dimensions; top-row and UI cap limitations apply.
VERIFIED_GSC_UI_SINGLE_DIMENSION,current28,2026-07-13,2026-08-09,sc-domain:fermatmind.com,web,page,https://fermatmind.com/zh/articles/ocean-traits-what-the-five-letters-mean,0,11,0.0,6.18,363,1000,NOT_AVAILABLE_IN_UI_EXPORT,Single-dimension GSC UI export; rows cannot be joined across dimensions; top-row and UI cap limitations apply.
VERIFIED_GSC_UI_SINGLE_DIMENSION,current28,2026-07-13,2026-08-09,sc-domain:fermatmind.com,web,page,https://fermatmind.com/zh/career/jobs/archivists,0,11,0.0,6.91,365,1000,NOT_AVAILABLE_IN_UI_EXPORT,Single-dimension GSC UI export; rows cannot be joined across dimensions; top-row and UI cap limitations apply.
VERIFIED_GSC_UI_SINGLE_DIMENSION,current28,2026-07-13,2026-08-09,sc-domain:fermatmind.com,web,page,https://fermatmind.com/zh/career/jobs/postal-service-workers,0,11,0.0,7.45,366,1000,NOT_AVAILABLE_IN_UI_EXPORT,Single-dimension GSC UI export; rows cannot be joined across dimensions; top-row and UI cap limitations apply.
VERIFIED_GSC_UI_SINGLE_DIMENSION,current28,2026-07-13,2026-08-09,sc-domain:fermatmind.com,web,page,https://fermatmind.com/zh/articles/big-five-couples-conversation-not-relationship-prediction,0,11,0.0,7.91,367,1000,NOT_AVAILABLE_IN_UI_EXPORT,Single-dimension GSC UI export; rows cannot be joined across dimensions; top-row and UI cap limitations apply.
VERIFIED_GSC_UI_SINGLE_DIMENSION,current28,2026-07-13,2026-08-09,sc-domain:fermatmind.com,web,page,https://fermatmind.com/zh/personality/big-five/facets/positive-emotions,0,11,0.0,8.73,368,1000,NOT_AVAILABLE_IN_UI_EXPORT,Single-dimension GSC UI export; rows cannot be joined across dimensions; top-row and UI cap limitations apply.
VERIFIED_GSC_UI_SINGLE_DIMENSION,current28,2026-07-13,2026-08-09,sc-domain:fermatmind.com,web,page,https://fermatmind.com/zh/career/jobs/buyers-and-purchasing-agents-farm-products,0,11,0.0,9.0,369,1000,NOT_AVAILABLE_IN_UI_EXPORT,Single-dimension GSC UI export; rows cannot be joined across dimensions; top-row and UI cap limitations apply.
VERIFIED_GSC_UI_SINGLE_DIMENSION,current28,2026-07-13,2026-08-09,sc-domain:fermatmind.com,web,page,https://fermatmind.com/zh/career/jobs/industrial-production-managers,0,11,0.0,9.0,370,1000,NOT_AVAILABLE_IN_UI_EXPORT,Single-dimension GSC UI export; rows cannot be joined across dimensions; top-row and UI cap limitations apply.
VERIFIED_GSC_UI_SINGLE_DIMENSION,current28,2026-07-13,2026-08-09,sc-domain:fermatmind.com,web,page,https://fermatmind.com/en/career/jobs/financial-quantitative-analysts,0,11,0.0,9.45,371,1000,NOT_AVAILABLE_IN_UI_EXPORT,Single-dimension GSC UI export; rows cannot be joined across dimensions; top-row and UI cap limitations apply.
VERIFIED_GSC_UI_SINGLE_DIMENSION,current28,2026-07-13,2026-08-09,sc-domain:fermatmind.com,web,page,https://fermatmind.com/en/career/jobs/regulatory-affairs-specialists,0,11,0.0,9.55,372,1000,NOT_AVAILABLE_IN_UI_EXPORT,Single-dimension GSC UI export; rows cannot be joined across dimensions; top-row and UI cap limitations apply.
VERIFIED_GSC_UI_SINGLE_DIMENSION,current28,2026-07-13,2026-08-09,sc-domain:fermatmind.com,web,page,https://fermatmind.com/en/career/jobs/mental-health-and-substance-abuse-social-workers,0,11,0.0,11.09,373,1000,NOT_AVAILABLE_IN_UI_EXPORT,Single-dimension GSC UI export; rows cannot be joined across dimensions; top-row and UI cap limitations apply.
VERIFIED_GSC_UI_SINGLE_DIMENSION,current28,2026-07-13,2026-08-09,sc-domain:fermatmind.com,web,page,https://fermatmind.com/en/career/jobs/customs-brokers,0,11,0.0,12.09,374,1000,NOT_AVAILABLE_IN_UI_EXPORT,Single-dimension GSC UI export; rows cannot be joined across dimensions; top-row and UI cap limitations apply.
VERIFIED_GSC_UI_SINGLE_DIMENSION,current28,2026-07-13,2026-08-09,sc-domain:fermatmind.com,web,page,https://fermatmind.com/en/career/jobs/substitute-teachers-short-term,0,11,0.0,12.27,375,1000,NOT_AVAILABLE_IN_UI_EXPORT,Single-dimension GSC UI export; rows cannot be joined across dimensions; top-row and UI cap limitations apply.
VERIFIED_GSC_UI_SINGLE_DIMENSION,current28,2026-07-13,2026-08-09,sc-domain:fermatmind.com,web,page,https://fermatmind.com/en/career/jobs/financial-managers,0,11,0.0,15.45,376,1000,NOT_AVAILABLE_IN_UI_EXPORT,Single-dimension GSC UI export; rows cannot be joined across dimensions; top-row and UI cap limitations apply.
VERIFIED_GSC_UI_SINGLE_DIMENSION,current28,2026-07-13,2026-08-09,sc-domain:fermatmind.com,web,page,https://fermatmind.com/en/career/jobs/judges-magistrate-judges-and-magistrates,0,11,0.0,15.55,377,1000,NOT_AVAILABLE_IN_UI_EXPORT,Single-dimension GSC UI export; rows cannot be joined across dimensions; top-row and UI cap limitations apply.
VERIFIED_GSC_UI_SINGLE_DIMENSION,current28,2026-07-13,2026-08-09,sc-domain:fermatmind.com,web,page,https://fermatmind.com/en/career/jobs/electrical-and-electronics-drafters,0,11,0.0,15.73,378,1000,NOT_AVAILABLE_IN_UI_EXPORT,Single-dimension GSC UI export; rows cannot be joined across dimensions; top-row and UI cap limitations apply.
VERIFIED_GSC_UI_SINGLE_DIMENSION,current28,2026-07-13,2026-08-09,sc-domain:fermatmind.com,web,page,https://fermatmind.com/en/career/jobs/firefighters,0,11,0.0,15.91,379,1000,NOT_AVAILABLE_IN_UI_EXPORT,Single-dimension GSC UI export; rows cannot be joined across dimensions; top-row and UI cap limitations apply.
VERIFIED_GSC_UI_SINGLE_DIMENSION,current28,2026-07-13,2026-08-09,sc-domain:fermatmind.com,web,page,https://fermatmind.com/en/career/jobs/geography-teachers-postsecondary,0,11,0.0,16.18,380,1000,NOT_AVAILABLE_IN_UI_EXPORT,Single-dimension GSC UI export; rows cannot be joined across dimensions; top-row and UI cap limitations apply.
VERIFIED_GSC_UI_SINGLE_DIMENSION,current28,2026-07-13,2026-08-09,sc-domain:fermatmind.com,web,page,https://fermatmind.com/zh/personality/big-five/facets/feelings,0,11,0.0,17.91,381,1000,NOT_AVAILABLE_IN_UI_EXPORT,Single-dimension GSC UI export; rows cannot be joined across dimensions; top-row and UI cap limitations apply.
VERIFIED_GSC_UI_SINGLE_DIMENSION,current28,2026-07-13,2026-08-09,sc-domain:fermatmind.com,web,page,https://fermatmind.com/en/career/jobs/solar-thermal-installers-and-technicians,0,11,0.0,19.45,382,1000,NOT_AVAILABLE_IN_UI_EXPORT,Single-dimension GSC UI export; rows cannot be joined across dimensions; top-row and UI cap limitations apply.
VERIFIED_GSC_UI_SINGLE_DIMENSION,current28,2026-07-13,2026-08-09,sc-domain:fermatmind.com,web,page,https://fermatmind.com/zh/career/jobs/sewing-machine-operators,0,11,0.0,19.45,383,1000,NOT_AVAILABLE_IN_UI_EXPORT,Single-dimension GSC UI export; rows cannot be joined across dimensions; top-row and UI cap limitations apply.
VERIFIED_GSC_UI_SINGLE_DIMENSION,current28,2026-07-13,2026-08-09,sc-domain:fermatmind.com,web,page,https://fermatmind.com/zh/career/jobs/air-crew-members,0,11,0.0,20.18,384,1000,NOT_AVAILABLE_IN_UI_EXPORT,Single-dimension GSC UI export; rows cannot be joined across dimensions; top-row and UI cap limitations apply.
VERIFIED_GSC_UI_SINGLE_DIMENSION,current28,2026-07-13,2026-08-09,sc-domain:fermatmind.com,web,page,https://fermatmind.com/zh/career/jobs/childcare-workers,0,11,0.0,24.55,385,1000,NOT_AVAILABLE_IN_UI_EXPORT,Single-dimension GSC UI export; rows cannot be joined across dimensions; top-row and UI cap limitations apply.
VERIFIED_GSC_UI_SINGLE_DIMENSION,current28,2026-07-13,2026-08-09,sc-domain:fermatmind.com,web,page,https://fermatmind.com/zh/career/jobs/agricultural-workers,0,11,0.0,26.18,386,1000,NOT_AVAILABLE_IN_UI_EXPORT,Single-dimension GSC UI export; rows cannot be joined across dimensions; top-row and UI cap limitations apply.
VERIFIED_GSC_UI_SINGLE_DIMENSION,current28,2026-07-13,2026-08-09,sc-domain:fermatmind.com,web,page,https://fermatmind.com/en/career/jobs/carpenters,0,11,0.0,57.64,387,1000,NOT_AVAILABLE_IN_UI_EXPORT,Single-dimension GSC UI export; rows cannot be joined across dimensions; top-row and UI cap limitations apply.
VERIFIED_GSC_UI_SINGLE_DIMENSION,current28,2026-07-13,2026-08-09,sc-domain:fermatmind.com,web,page,https://fermatmind.com/zh/career/jobs/human-factors-engineers-and-ergonomists,0,10,0.0,8.1,388,1000,NOT_AVAILABLE_IN_UI_EXPORT,Single-dimension GSC UI export; rows cannot be joined across dimensions; top-row and UI cap limitations apply.
VERIFIED_GSC_UI_SINGLE_DIMENSION,current28,2026-07-13,2026-08-09,sc-domain:fermatmind.com,web,page,https://fermatmind.com/en/career/jobs/drywall-and-ceiling-tile-installers,0,10,0.0,8.2,389,1000,NOT_AVAILABLE_IN_UI_EXPORT,Single-dimension GSC UI export; rows cannot be joined across dimensions; top-row and UI cap limitations apply.
VERIFIED_GSC_UI_SINGLE_DIMENSION,current28,2026-07-13,2026-08-09,sc-domain:fermatmind.com,web,page,https://fermatmind.com/zh/career/jobs/tax-examiners-and-collectors-and-revenue-agents,0,10,0.0,8.5,390,1000,NOT_AVAILABLE_IN_UI_EXPORT,Single-dimension GSC UI export; rows cannot be joined across dimensions; top-row and UI cap limitations apply.
VERIFIED_GSC_UI_SINGLE_DIMENSION,current28,2026-07-13,2026-08-09,sc-domain:fermatmind.com,web,page,https://fermatmind.com/zh/tests/category/personality,0,10,0.0,8.7,391,1000,NOT_AVAILABLE_IN_UI_EXPORT,Single-dimension GSC UI export; rows cannot be joined across dimensions; top-row and UI cap limitations apply.
VERIFIED_GSC_UI_SINGLE_DIMENSION,current28,2026-07-13,2026-08-09,sc-domain:fermatmind.com,web,page,https://fermatmind.com/zh/career/jobs/funeral-home-managers,0,10,0.0,8.8,392,1000,NOT_AVAILABLE_IN_UI_EXPORT,Single-dimension GSC UI export; rows cannot be joined across dimensions; top-row and UI cap limitations apply.
VERIFIED_GSC_UI_SINGLE_DIMENSION,current28,2026-07-13,2026-08-09,sc-domain:fermatmind.com,web,page,https://fermatmind.com/en/personality/big-five/facets/imagination,0,10,0.0,9.4,393,1000,NOT_AVAILABLE_IN_UI_EXPORT,Single-dimension GSC UI export; rows cannot be joined across dimensions; top-row and UI cap limitations apply.
VERIFIED_GSC_UI_SINGLE_DIMENSION,current28,2026-07-13,2026-08-09,sc-domain:fermatmind.com,web,page,https://fermatmind.com/en/career/jobs/ushers-lobby-attendants-and-ticket-takers,0,10,0.0,9.8,394,1000,NOT_AVAILABLE_IN_UI_EXPORT,Single-dimension GSC UI export; rows cannot be joined across dimensions; top-row and UI cap limitations apply.
VERIFIED_GSC_UI_SINGLE_DIMENSION,current28,2026-07-13,2026-08-09,sc-domain:fermatmind.com,web,page,https://fermatmind.com/en/career/jobs/audio-and-video-technicians,0,10,0.0,10.4,395,1000,NOT_AVAILABLE_IN_UI_EXPORT,Single-dimension GSC UI export; rows cannot be joined across dimensions; top-row and UI cap limitations apply.
VERIFIED_GSC_UI_SINGLE_DIMENSION,current28,2026-07-13,2026-08-09,sc-domain:fermatmind.com,web,page,https://fermatmind.com/zh/career/jobs/advanced-practice-psychiatric-nurses,0,10,0.0,10.4,396,1000,NOT_AVAILABLE_IN_UI_EXPORT,Single-dimension GSC UI export; rows cannot be joined across dimensions; top-row and UI cap limitations apply.
VERIFIED_GSC_UI_SINGLE_DIMENSION,current28,2026-07-13,2026-08-09,sc-domain:fermatmind.com,web,page,https://fermatmind.com/en/brand,0,10,0.0,10.7,397,1000,NOT_AVAILABLE_IN_UI_EXPORT,Single-dimension GSC UI export; rows cannot be joined across dimensions; top-row and UI cap limitations apply.
VERIFIED_GSC_UI_SINGLE_DIMENSION,current28,2026-07-13,2026-08-09,sc-domain:fermatmind.com,web,page,https://fermatmind.com/en/career/jobs/receptionists-and-information-clerks,0,10,0.0,11.0,398,1000,NOT_AVAILABLE_IN_UI_EXPORT,Single-dimension GSC UI export; rows cannot be joined across dimensions; top-row and UI cap limitations apply.
VERIFIED_GSC_UI_SINGLE_DIMENSION,current28,2026-07-13,2026-08-09,sc-domain:fermatmind.com,web,page,https://fermatmind.com/en/career/jobs/surveyors,0,10,0.0,11.0,399,1000,NOT_AVAILABLE_IN_UI_EXPORT,Single-dimension GSC UI export; rows cannot be joined across dimensions; top-row and UI cap limitations apply.
VERIFIED_GSC_UI_SINGLE_DIMENSION,current28,2026-07-13,2026-08-09,sc-domain:fermatmind.com,web,page,https://fermatmind.com/en/career/jobs/broadcast-announcers-and-radio-disc-jockeys,0,10,0.0,11.6,400,1000,NOT_AVAILABLE_IN_UI_EXPORT,Single-dimension GSC UI export; rows cannot be joined across dimensions; top-row and UI cap limitations apply.
VERIFIED_GSC_UI_SINGLE_DIMENSION,current28,2026-07-13,2026-08-09,sc-domain:fermatmind.com,web,page,https://fermatmind.com/en/career/jobs/home-health-aides,0,10,0.0,12.2,401,1000,NOT_AVAILABLE_IN_UI_EXPORT,Single-dimension GSC UI export; rows cannot be joined across dimensions; top-row and UI cap limitations apply.
VERIFIED_GSC_UI_SINGLE_DIMENSION,current28,2026-07-13,2026-08-09,sc-domain:fermatmind.com,web,page,https://fermatmind.com/en/career/jobs/first-line-supervisors-of-all-other-tactical-operations-specialists,0,10,0.0,13.0,402,1000,NOT_AVAILABLE_IN_UI_EXPORT,Single-dimension GSC UI export; rows cannot be joined across dimensions; top-row and UI cap limitations apply.
VERIFIED_GSC_UI_SINGLE_DIMENSION,current28,2026-07-13,2026-08-09,sc-domain:fermatmind.com,web,page,https://fermatmind.com/en/career/jobs/business-teachers-postsecondary,0,10,0.0,13.2,403,1000,NOT_AVAILABLE_IN_UI_EXPORT,Single-dimension GSC UI export; rows cannot be joined across dimensions; top-row and UI cap limitations apply.
VERIFIED_GSC_UI_SINGLE_DIMENSION,current28,2026-07-13,2026-08-09,sc-domain:fermatmind.com,web,page,https://fermatmind.com/en/career/jobs/patient-representatives,0,10,0.0,13.2,404,1000,NOT_AVAILABLE_IN_UI_EXPORT,Single-dimension GSC UI export; rows cannot be joined across dimensions; top-row and UI cap limitations apply.
VERIFIED_GSC_UI_SINGLE_DIMENSION,current28,2026-07-13,2026-08-09,sc-domain:fermatmind.com,web,page,https://fermatmind.com/en/career/jobs/tour-guides-and-escorts,0,10,0.0,13.3,405,1000,NOT_AVAILABLE_IN_UI_EXPORT,Single-dimension GSC UI export; rows cannot be joined across dimensions; top-row and UI cap limitations apply.
VERIFIED_GSC_UI_SINGLE_DIMENSION,current28,2026-07-13,2026-08-09,sc-domain:fermatmind.com,web,page,https://fermatmind.com/en/career/jobs/advertising-promotions-and-marketing-managers,0,10,0.0,13.8,406,1000,NOT_AVAILABLE_IN_UI_EXPORT,Single-dimension GSC UI export; rows cannot be joined across dimensions; top-row and UI cap limitations apply.
VERIFIED_GSC_UI_SINGLE_DIMENSION,current28,2026-07-13,2026-08-09,sc-domain:fermatmind.com,web,page,https://fermatmind.com/en/career/jobs/interviewers-except-eligibility-and-loan,0,10,0.0,13.8,407,1000,NOT_AVAILABLE_IN_UI_EXPORT,Single-dimension GSC UI export; rows cannot be joined across dimensions; top-row and UI cap limitations apply.
VERIFIED_GSC_UI_SINGLE_DIMENSION,current28,2026-07-13,2026-08-09,sc-domain:fermatmind.com,web,page,https://fermatmind.com/en/career/jobs/textile-knitting-and-weaving-machine-setters-operators-and-tenders,0,10,0.0,16.3,408,1000,NOT_AVAILABLE_IN_UI_EXPORT,Single-dimension GSC UI export; rows cannot be joined across dimensions; top-row and UI cap limitations apply.
VERIFIED_GSC_UI_SINGLE_DIMENSION,current28,2026-07-13,2026-08-09,sc-domain:fermatmind.com,web,page,https://fermatmind.com/en/career/jobs/acupuncturists,0,10,0.0,18.1,409,1000,NOT_AVAILABLE_IN_UI_EXPORT,Single-dimension GSC UI export; rows cannot be joined across dimensions; top-row and UI cap limitations apply.
VERIFIED_GSC_UI_SINGLE_DIMENSION,current28,2026-07-13,2026-08-09,sc-domain:fermatmind.com,web,page,https://fermatmind.com/en/career/jobs/logistics-engineers,0,10,0.0,18.3,410,1000,NOT_AVAILABLE_IN_UI_EXPORT,Single-dimension GSC UI export; rows cannot be joined across dimensions; top-row and UI cap limitations apply.
VERIFIED_GSC_UI_SINGLE_DIMENSION,current28,2026-07-13,2026-08-09,sc-domain:fermatmind.com,web,page,https://fermatmind.com/zh/career/jobs/credit-analysts,0,10,0.0,20.6,411,1000,NOT_AVAILABLE_IN_UI_EXPORT,Single-dimension GSC UI export; rows cannot be joined across dimensions; top-row and UI cap limitations apply.
VERIFIED_GSC_UI_SINGLE_DIMENSION,current28,2026-07-13,2026-08-09,sc-domain:fermatmind.com,web,page,https://fermatmind.com/en/career/jobs/embalmers,0,10,0.0,22.1,412,1000,NOT_AVAILABLE_IN_UI_EXPORT,Single-dimension GSC UI export; rows cannot be joined across dimensions; top-row and UI cap limitations apply.
VERIFIED_GSC_UI_SINGLE_DIMENSION,current28,2026-07-13,2026-08-09,sc-domain:fermatmind.com,web,page,https://fermatmind.com/en/personality/esfp,0,10,0.0,23.1,413,1000,NOT_AVAILABLE_IN_UI_EXPORT,Single-dimension GSC UI export; rows cannot be joined across dimensions; top-row and UI cap limitations apply.
VERIFIED_GSC_UI_SINGLE_DIMENSION,current28,2026-07-13,2026-08-09,sc-domain:fermatmind.com,web,page,https://fermatmind.com/zh/career/jobs/special-education-teachers,0,10,0.0,25.7,414,1000,NOT_AVAILABLE_IN_UI_EXPORT,Single-dimension GSC UI export; rows cannot be joined across dimensions; top-row and UI cap limitations apply.
VERIFIED_GSC_UI_SINGLE_DIMENSION,current28,2026-07-13,2026-08-09,sc-domain:fermatmind.com,web,page,https://fermatmind.com/zh/personality/esfp,0,10,0.0,28.6,415,1000,NOT_AVAILABLE_IN_UI_EXPORT,Single-dimension GSC UI export; rows cannot be joined across dimensions; top-row and UI cap limitations apply.
VERIFIED_GSC_UI_SINGLE_DIMENSION,current28,2026-07-13,2026-08-09,sc-domain:fermatmind.com,web,page,https://fermatmind.com/tests/holland-career-interest-test-riasec-霍兰德职业兴趣测试,0,10,0.0,45.5,416,1000,NOT_AVAILABLE_IN_UI_EXPORT,Single-dimension GSC UI export; rows cannot be joined across dimensions; top-row and UI cap limitations apply.
VERIFIED_GSC_UI_SINGLE_DIMENSION,current28,2026-07-13,2026-08-09,sc-domain:fermatmind.com,web,page,https://fermatmind.com/zh/career/jobs/hand-laborers-and-material-movers,0,9,0.0,4.89,417,1000,NOT_AVAILABLE_IN_UI_EXPORT,Single-dimension GSC UI export; rows cannot be joined across dimensions; top-row and UI cap limitations apply.
VERIFIED_GSC_UI_SINGLE_DIMENSION,current28,2026-07-13,2026-08-09,sc-domain:fermatmind.com,web,page,https://fermatmind.com/en/career/jobs/dispatchers-except-police-fire-and-ambulance,0,9,0.0,6.44,418,1000,NOT_AVAILABLE_IN_UI_EXPORT,Single-dimension GSC UI export; rows cannot be joined across dimensions; top-row and UI cap limitations apply.
VERIFIED_GSC_UI_SINGLE_DIMENSION,current28,2026-07-13,2026-08-09,sc-domain:fermatmind.com,web,page,https://fermatmind.com/en/career/jobs/molders-shapers-and-casters-except-metal-and-plastic,0,9,0.0,7.22,419,1000,NOT_AVAILABLE_IN_UI_EXPORT,Single-dimension GSC UI export; rows cannot be joined across dimensions; top-row and UI cap limitations apply.
VERIFIED_GSC_UI_SINGLE_DIMENSION,current28,2026-07-13,2026-08-09,sc-domain:fermatmind.com,web,page,https://fermatmind.com/en/career/jobs/environmental-scientists-and-specialists-including-health,0,9,0.0,8.11,420,1000,NOT_AVAILABLE_IN_UI_EXPORT,Single-dimension GSC UI export; rows cannot be joined across dimensions; top-row and UI cap limitations apply.
VERIFIED_GSC_UI_SINGLE_DIMENSION,current28,2026-07-13,2026-08-09,sc-domain:fermatmind.com,web,page,https://fermatmind.com/en/personality/big-five/facets/trust,0,9,0.0,8.11,421,1000,NOT_AVAILABLE_IN_UI_EXPORT,Single-dimension GSC UI export; rows cannot be joined across dimensions; top-row and UI cap limitations apply.
VERIFIED_GSC_UI_SINGLE_DIMENSION,current28,2026-07-13,2026-08-09,sc-domain:fermatmind.com,web,page,https://fermatmind.com/zh/career/jobs/preschool-teachers,0,9,0.0,8.22,422,1000,NOT_AVAILABLE_IN_UI_EXPORT,Single-dimension GSC UI export; rows cannot be joined across dimensions; top-row and UI cap limitations apply.
VERIFIED_GSC_UI_SINGLE_DIMENSION,current28,2026-07-13,2026-08-09,sc-domain:fermatmind.com,web,page,https://fermatmind.com/en/personality/big-five/agreeableness-mid,0,9,0.0,8.44,423,1000,NOT_AVAILABLE_IN_UI_EXPORT,Single-dimension GSC UI export; rows cannot be joined across dimensions; top-row and UI cap limitations apply.
VERIFIED_GSC_UI_SINGLE_DIMENSION,current28,2026-07-13,2026-08-09,sc-domain:fermatmind.com,web,page,https://fermatmind.com/zh/career/jobs/civil-engineering-technicians,0,9,0.0,8.78,424,1000,NOT_AVAILABLE_IN_UI_EXPORT,Single-dimension GSC UI export; rows cannot be joined across dimensions; top-row and UI cap limitations apply.
VERIFIED_GSC_UI_SINGLE_DIMENSION,current28,2026-07-13,2026-08-09,sc-domain:fermatmind.com,web,page,https://fermatmind.com/zh/career/jobs/aerospace-engineers,0,9,0.0,9.11,425,1000,NOT_AVAILABLE_IN_UI_EXPORT,Single-dimension GSC UI export; rows cannot be joined across dimensions; top-row and UI cap limitations apply.
VERIFIED_GSC_UI_SINGLE_DIMENSION,current28,2026-07-13,2026-08-09,sc-domain:fermatmind.com,web,page,https://fermatmind.com/zh/career/jobs/postal-service-mail-sorters-processors-and-processing-machine-operators,0,9,0.0,9.89,426,1000,NOT_AVAILABLE_IN_UI_EXPORT,Single-dimension GSC UI export; rows cannot be joined across dimensions; top-row and UI cap limitations apply.
VERIFIED_GSC_UI_SINGLE_DIMENSION,current28,2026-07-13,2026-08-09,sc-domain:fermatmind.com,web,page,https://fermatmind.com/en/career/jobs/subway-and-streetcar-operators,0,9,0.0,10.89,427,1000,NOT_AVAILABLE_IN_UI_EXPORT,Single-dimension GSC UI export; rows cannot be joined across dimensions; top-row and UI cap limitations apply.
VERIFIED_GSC_UI_SINGLE_DIMENSION,current28,2026-07-13,2026-08-09,sc-domain:fermatmind.com,web,page,https://fermatmind.com/en/career/jobs/tailors-dressmakers-and-custom-sewers,0,9,0.0,12.11,428,1000,NOT_AVAILABLE_IN_UI_EXPORT,Single-dimension GSC UI export; rows cannot be joined across dimensions; top-row and UI cap limitations apply.
VERIFIED_GSC_UI_SINGLE_DIMENSION,current28,2026-07-13,2026-08-09,sc-domain:fermatmind.com,web,page,https://fermatmind.com/zh/career/jobs/security-and-fire-alarm-systems-installers,0,9,0.0,12.11,429,1000,NOT_AVAILABLE_IN_UI_EXPORT,Single-dimension GSC UI export; rows cannot be joined across dimensions; top-row and UI cap limitations apply.
VERIFIED_GSC_UI_SINGLE_DIMENSION,current28,2026-07-13,2026-08-09,sc-domain:fermatmind.com,web,page,https://fermatmind.com/zh/career/jobs/makeup-artists-theatrical-and-performance,0,9,0.0,13.11,430,1000,NOT_AVAILABLE_IN_UI_EXPORT,Single-dimension GSC UI export; rows cannot be joined across dimensions; top-row and UI cap limitations apply.
VERIFIED_GSC_UI_SINGLE_DIMENSION,current28,2026-07-13,2026-08-09,sc-domain:fermatmind.com,web,page,https://fermatmind.com/en/career/jobs/forensic-science-technicians,0,9,0.0,14.67,431,1000,NOT_AVAILABLE_IN_UI_EXPORT,Single-dimension GSC UI export; rows cannot be joined across dimensions; top-row and UI cap limitations apply.
VERIFIED_GSC_UI_SINGLE_DIMENSION,current28,2026-07-13,2026-08-09,sc-domain:fermatmind.com,web,page,https://fermatmind.com/en/career/jobs/human-factors-engineers-and-ergonomists,0,9,0.0,15.11,432,1000,NOT_AVAILABLE_IN_UI_EXPORT,Single-dimension GSC UI export; rows cannot be joined across dimensions; top-row and UI cap limitations apply.
VERIFIED_GSC_UI_SINGLE_DIMENSION,current28,2026-07-13,2026-08-09,sc-domain:fermatmind.com,web,page,https://fermatmind.com/en/career/jobs/shuttle-drivers-and-chauffeurs,0,9,0.0,15.33,433,1000,NOT_AVAILABLE_IN_UI_EXPORT,Single-dimension GSC UI export; rows cannot be joined across dimensions; top-row and UI cap limitations apply.
VERIFIED_GSC_UI_SINGLE_DIMENSION,current28,2026-07-13,2026-08-09,sc-domain:fermatmind.com,web,page,https://fermatmind.com/zh/personality/enneagram/type-8/instincts/one-to-one,0,9,0.0,15.44,434,1000,NOT_AVAILABLE_IN_UI_EXPORT,Single-dimension GSC UI export; rows cannot be joined across dimensions; top-row and UI cap limitations apply.
VERIFIED_GSC_UI_SINGLE_DIMENSION,current28,2026-07-13,2026-08-09,sc-domain:fermatmind.com,web,page,https://fermatmind.com/en/career/jobs/crossing-guards-and-flaggers,0,9,0.0,18.78,435,1000,NOT_AVAILABLE_IN_UI_EXPORT,Single-dimension GSC UI export; rows cannot be joined across dimensions; top-row and UI cap limitations apply.
VERIFIED_GSC_UI_SINGLE_DIMENSION,current28,2026-07-13,2026-08-09,sc-domain:fermatmind.com,web,page,https://fermatmind.com/zh/personality/big-five/facets/depression,0,9,0.0,19.22,436,1000,NOT_AVAILABLE_IN_UI_EXPORT,Single-dimension GSC UI export; rows cannot be joined across dimensions; top-row and UI cap limitations apply.
VERIFIED_GSC_UI_SINGLE_DIMENSION,current28,2026-07-13,2026-08-09,sc-domain:fermatmind.com,web,page,https://fermatmind.com/en/career/jobs/administrative-law-judges-adjudicators-and-hearing-officers,0,9,0.0,19.78,437,1000,NOT_AVAILABLE_IN_UI_EXPORT,Single-dimension GSC UI export; rows cannot be joined across dimensions; top-row and UI cap limitations apply.
VERIFIED_GSC_UI_SINGLE_DIMENSION,current28,2026-07-13,2026-08-09,sc-domain:fermatmind.com,web,page,https://fermatmind.com/en/career/jobs/credit-analysts,0,9,0.0,21.11,438,1000,NOT_AVAILABLE_IN_UI_EXPORT,Single-dimension GSC UI export; rows cannot be joined across dimensions; top-row and UI cap limitations apply.
VERIFIED_GSC_UI_SINGLE_DIMENSION,current28,2026-07-13,2026-08-09,sc-domain:fermatmind.com,web,page,https://fermatmind.com/zh/career/jobs/dentists-general,0,9,0.0,24.44,439,1000,NOT_AVAILABLE_IN_UI_EXPORT,Single-dimension GSC UI export; rows cannot be joined across dimensions; top-row and UI cap limitations apply.
VERIFIED_GSC_UI_SINGLE_DIMENSION,current28,2026-07-13,2026-08-09,sc-domain:fermatmind.com,web,page,https://fermatmind.com/zh/career/jobs/producers-and-directors,0,9,0.0,25.44,440,1000,NOT_AVAILABLE_IN_UI_EXPORT,Single-dimension GSC UI export; rows cannot be joined across dimensions; top-row and UI cap limitations apply.
VERIFIED_GSC_UI_SINGLE_DIMENSION,current28,2026-07-13,2026-08-09,sc-domain:fermatmind.com,web,page,https://fermatmind.com/zh/career/jobs/endoscopy-technicians,0,9,0.0,26.67,441,1000,NOT_AVAILABLE_IN_UI_EXPORT,Single-dimension GSC UI export; rows cannot be joined across dimensions; top-row and UI cap limitations apply.
VERIFIED_GSC_UI_SINGLE_DIMENSION,current28,2026-07-13,2026-08-09,sc-domain:fermatmind.com,web,page,https://fermatmind.com/en/career/jobs/atmospheric-scientists-including-meteorologists,0,8,0.0,3.75,442,1000,NOT_AVAILABLE_IN_UI_EXPORT,Single-dimension GSC UI export; rows cannot be joined across dimensions; top-row and UI cap limitations apply.
VERIFIED_GSC_UI_SINGLE_DIMENSION,current28,2026-07-13,2026-08-09,sc-domain:fermatmind.com,web,page,https://fermatmind.com/zh/career/jobs/social-workers,0,8,0.0,5.5,443,1000,NOT_AVAILABLE_IN_UI_EXPORT,Single-dimension GSC UI export; rows cannot be joined across dimensions; top-row and UI cap limitations apply.
VERIFIED_GSC_UI_SINGLE_DIMENSION,current28,2026-07-13,2026-08-09,sc-domain:fermatmind.com,web,page,https://fermatmind.com/zh/career/guides/salary-negotiation-framework,0,8,0.0,6.0,444,1000,NOT_AVAILABLE_IN_UI_EXPORT,Single-dimension GSC UI export; rows cannot be joined across dimensions; top-row and UI cap limitations apply.
VERIFIED_GSC_UI_SINGLE_DIMENSION,current28,2026-07-13,2026-08-09,sc-domain:fermatmind.com,web,page,https://fermatmind.com/zh/career/guides/networking-that-actually-works,0,8,0.0,6.62,445,1000,NOT_AVAILABLE_IN_UI_EXPORT,Single-dimension GSC UI export; rows cannot be joined across dimensions; top-row and UI cap limitations apply.
VERIFIED_GSC_UI_SINGLE_DIMENSION,current28,2026-07-13,2026-08-09,sc-domain:fermatmind.com,web,page,https://fermatmind.com/zh/personality/enneagram/type-6/instincts/self-preservation,0,8,0.0,6.62,446,1000,NOT_AVAILABLE_IN_UI_EXPORT,Single-dimension GSC UI export; rows cannot be joined across dimensions; top-row and UI cap limitations apply.
VERIFIED_GSC_UI_SINGLE_DIMENSION,current28,2026-07-13,2026-08-09,sc-domain:fermatmind.com,web,page,https://fermatmind.com/en/personality/big-five/facets/feelings,0,8,0.0,7.88,447,1000,NOT_AVAILABLE_IN_UI_EXPORT,Single-dimension GSC UI export; rows cannot be joined across dimensions; top-row and UI cap limitations apply.
VERIFIED_GSC_UI_SINGLE_DIMENSION,current28,2026-07-13,2026-08-09,sc-domain:fermatmind.com,web,page,https://fermatmind.com/en/career/jobs/cutters-and-trimmers-hand,0,8,0.0,8.25,448,1000,NOT_AVAILABLE_IN_UI_EXPORT,Single-dimension GSC UI export; rows cannot be joined across dimensions; top-row and UI cap limitations apply.
VERIFIED_GSC_UI_SINGLE_DIMENSION,current28,2026-07-13,2026-08-09,sc-domain:fermatmind.com,web,page,https://fermatmind.com/zh/career/jobs/farmworkers-farm-ranch-and-aquacultural-animals,0,8,0.0,8.25,449,1000,NOT_AVAILABLE_IN_UI_EXPORT,Single-dimension GSC UI export; rows cannot be joined across dimensions; top-row and UI cap limitations apply.
VERIFIED_GSC_UI_SINGLE_DIMENSION,current28,2026-07-13,2026-08-09,sc-domain:fermatmind.com,web,page,https://fermatmind.com/zh/personality/entj-t,0,8,0.0,8.62,450,1000,NOT_AVAILABLE_IN_UI_EXPORT,Single-dimension GSC UI export; rows cannot be joined across dimensions; top-row and UI cap limitations apply.
VERIFIED_GSC_UI_SINGLE_DIMENSION,current28,2026-07-13,2026-08-09,sc-domain:fermatmind.com,web,page,https://fermatmind.com/en/career/jobs/telecommunications-line-installers-and-repairers,0,8,0.0,8.75,451,1000,NOT_AVAILABLE_IN_UI_EXPORT,Single-dimension GSC UI export; rows cannot be joined across dimensions; top-row and UI cap limitations apply.
VERIFIED_GSC_UI_SINGLE_DIMENSION,current28,2026-07-13,2026-08-09,sc-domain:fermatmind.com,web,page,https://fermatmind.com/en/career/jobs/fire-prevention-and-protection-engineers,0,8,0.0,9.88,452,1000,NOT_AVAILABLE_IN_UI_EXPORT,Single-dimension GSC UI export; rows cannot be joined across dimensions; top-row and UI cap limitations apply.
VERIFIED_GSC_UI_SINGLE_DIMENSION,current28,2026-07-13,2026-08-09,sc-domain:fermatmind.com,web,page,https://fermatmind.com/en/articles/enneagram-workplace-friction-core-motivations,0,8,0.0,10.0,453,1000,NOT_AVAILABLE_IN_UI_EXPORT,Single-dimension GSC UI export; rows cannot be joined across dimensions; top-row and UI cap limitations apply.
VERIFIED_GSC_UI_SINGLE_DIMENSION,current28,2026-07-13,2026-08-09,sc-domain:fermatmind.com,web,page,https://fermatmind.com/en/career/jobs/air-crew-members,0,8,0.0,10.12,454,1000,NOT_AVAILABLE_IN_UI_EXPORT,Single-dimension GSC UI export; rows cannot be joined across dimensions; top-row and UI cap limitations apply.
VERIFIED_GSC_UI_SINGLE_DIMENSION,current28,2026-07-13,2026-08-09,sc-domain:fermatmind.com,web,page,https://fermatmind.com/en/career/jobs/postmasters-and-mail-superintendents,0,8,0.0,10.62,455,1000,NOT_AVAILABLE_IN_UI_EXPORT,Single-dimension GSC UI export; rows cannot be joined across dimensions; top-row and UI cap limitations apply.
VERIFIED_GSC_UI_SINGLE_DIMENSION,current28,2026-07-13,2026-08-09,sc-domain:fermatmind.com,web,page,https://fermatmind.com/zh/career/jobs/airline-and-commercial-pilots,0,8,0.0,10.88,456,1000,NOT_AVAILABLE_IN_UI_EXPORT,Single-dimension GSC UI export; rows cannot be joined across dimensions; top-row and UI cap limitations apply.
VERIFIED_GSC_UI_SINGLE_DIMENSION,current28,2026-07-13,2026-08-09,sc-domain:fermatmind.com,web,page,https://fermatmind.com/en/career/jobs/demonstrators-and-product-promoters,0,8,0.0,11.38,457,1000,NOT_AVAILABLE_IN_UI_EXPORT,Single-dimension GSC UI export; rows cannot be joined across dimensions; top-row and UI cap limitations apply.
VERIFIED_GSC_UI_SINGLE_DIMENSION,current28,2026-07-13,2026-08-09,sc-domain:fermatmind.com,web,page,https://fermatmind.com/zh/career/jobs/medical-and-clinical-laboratory-technologists,0,8,0.0,11.38,458,1000,NOT_AVAILABLE_IN_UI_EXPORT,Single-dimension GSC UI export; rows cannot be joined across dimensions; top-row and UI cap limitations apply.
VERIFIED_GSC_UI_SINGLE_DIMENSION,current28,2026-07-13,2026-08-09,sc-domain:fermatmind.com,web,page,https://fermatmind.com/en/career/jobs/machine-feeders-and-offbearers,0,8,0.0,13.0,459,1000,NOT_AVAILABLE_IN_UI_EXPORT,Single-dimension GSC UI export; rows cannot be joined across dimensions; top-row and UI cap limitations apply.
VERIFIED_GSC_UI_SINGLE_DIMENSION,current28,2026-07-13,2026-08-09,sc-domain:fermatmind.com,web,page,https://fermatmind.com/en/career/jobs/dentists-all-other-specialists,0,8,0.0,14.12,460,1000,NOT_AVAILABLE_IN_UI_EXPORT,Single-dimension GSC UI export; rows cannot be joined across dimensions; top-row and UI cap limitations apply.
VERIFIED_GSC_UI_SINGLE_DIMENSION,current28,2026-07-13,2026-08-09,sc-domain:fermatmind.com,web,page,https://fermatmind.com/en/career/jobs/insulation-workers-mechanical,0,8,0.0,14.12,461,1000,NOT_AVAILABLE_IN_UI_EXPORT,Single-dimension GSC UI export; rows cannot be joined across dimensions; top-row and UI cap limitations apply.
VERIFIED_GSC_UI_SINGLE_DIMENSION,current28,2026-07-13,2026-08-09,sc-domain:fermatmind.com,web,page,https://fermatmind.com/zh/career/jobs/hospitalists,0,8,0.0,14.62,462,1000,NOT_AVAILABLE_IN_UI_EXPORT,Single-dimension GSC UI export; rows cannot be joined across dimensions; top-row and UI cap limitations apply.
VERIFIED_GSC_UI_SINGLE_DIMENSION,current28,2026-07-13,2026-08-09,sc-domain:fermatmind.com,web,page,https://fermatmind.com/en/career/jobs/interpreters-and-translators,0,8,0.0,15.25,463,1000,NOT_AVAILABLE_IN_UI_EXPORT,Single-dimension GSC UI export; rows cannot be joined across dimensions; top-row and UI cap limitations apply.
VERIFIED_GSC_UI_SINGLE_DIMENSION,current28,2026-07-13,2026-08-09,sc-domain:fermatmind.com,web,page,https://fermatmind.com/en/career/jobs/janitors-and-building-cleaners,0,8,0.0,15.62,464,1000,NOT_AVAILABLE_IN_UI_EXPORT,Single-dimension GSC UI export; rows cannot be joined across dimensions; top-row and UI cap limitations apply.
VERIFIED_GSC_UI_SINGLE_DIMENSION,current28,2026-07-13,2026-08-09,sc-domain:fermatmind.com,web,page,https://fermatmind.com/en/career/jobs/wind-turbine-technicians,0,8,0.0,18.0,465,1000,NOT_AVAILABLE_IN_UI_EXPORT,Single-dimension GSC UI export; rows cannot be joined across dimensions; top-row and UI cap limitations apply.
VERIFIED_GSC_UI_SINGLE_DIMENSION,current28,2026-07-13,2026-08-09,sc-domain:fermatmind.com,web,page,https://fermatmind.com/en/career/jobs/layout-workers-metal-and-plastic,0,8,0.0,18.38,466,1000,NOT_AVAILABLE_IN_UI_EXPORT,Single-dimension GSC UI export; rows cannot be joined across dimensions; top-row and UI cap limitations apply.
VERIFIED_GSC_UI_SINGLE_DIMENSION,current28,2026-07-13,2026-08-09,sc-domain:fermatmind.com,web,page,https://fermatmind.com/zh/career/jobs/logistics-engineers,0,8,0.0,21.75,467,1000,NOT_AVAILABLE_IN_UI_EXPORT,Single-dimension GSC UI export; rows cannot be joined across dimensions; top-row and UI cap limitations apply.
VERIFIED_GSC_UI_SINGLE_DIMENSION,current28,2026-07-13,2026-08-09,sc-domain:fermatmind.com,web,page,https://fermatmind.com/zh/career/jobs/first-line-supervisors-of-mechanics-installers-and-repairers,0,7,0.0,2.86,468,1000,NOT_AVAILABLE_IN_UI_EXPORT,Single-dimension GSC UI export; rows cannot be joined across dimensions; top-row and UI cap limitations apply.
VERIFIED_GSC_UI_SINGLE_DIMENSION,current28,2026-07-13,2026-08-09,sc-domain:fermatmind.com,web,page,https://fermatmind.com/zh/personality/big-five/conscientiousness-low,0,7,0.0,4.29,469,1000,NOT_AVAILABLE_IN_UI_EXPORT,Single-dimension GSC UI export; rows cannot be joined across dimensions; top-row and UI cap limitations apply.
VERIFIED_GSC_UI_SINGLE_DIMENSION,current28,2026-07-13,2026-08-09,sc-domain:fermatmind.com,web,page,https://fermatmind.com/en/career/jobs/tax-examiners-and-collectors-and-revenue-agents,0,7,0.0,4.43,470,1000,NOT_AVAILABLE_IN_UI_EXPORT,Single-dimension GSC UI export; rows cannot be joined across dimensions; top-row and UI cap limitations apply.
VERIFIED_GSC_UI_SINGLE_DIMENSION,current28,2026-07-13,2026-08-09,sc-domain:fermatmind.com,web,page,https://fermatmind.com/zh/career/jobs/training-and-development-managers,0,7,0.0,5.14,471,1000,NOT_AVAILABLE_IN_UI_EXPORT,Single-dimension GSC UI export; rows cannot be joined across dimensions; top-row and UI cap limitations apply.
VERIFIED_GSC_UI_SINGLE_DIMENSION,current28,2026-07-13,2026-08-09,sc-domain:fermatmind.com,web,page,https://fermatmind.com/en/personality/big-five/facets/anxiety,0,7,0.0,5.57,472,1000,NOT_AVAILABLE_IN_UI_EXPORT,Single-dimension GSC UI export; rows cannot be joined across dimensions; top-row and UI cap limitations apply.
VERIFIED_GSC_UI_SINGLE_DIMENSION,current28,2026-07-13,2026-08-09,sc-domain:fermatmind.com,web,page,https://fermatmind.com/zh/career/guides/cross-industry-move-strategy,0,7,0.0,6.14,473,1000,NOT_AVAILABLE_IN_UI_EXPORT,Single-dimension GSC UI export; rows cannot be joined across dimensions; top-row and UI cap limitations apply.
VERIFIED_GSC_UI_SINGLE_DIMENSION,current28,2026-07-13,2026-08-09,sc-domain:fermatmind.com,web,page,https://fermatmind.com/zh/career/jobs/multimedia-artists-and-animators,0,7,0.0,6.14,474,1000,NOT_AVAILABLE_IN_UI_EXPORT,Single-dimension GSC UI export; rows cannot be joined across dimensions; top-row and UI cap limitations apply.
VERIFIED_GSC_UI_SINGLE_DIMENSION,current28,2026-07-13,2026-08-09,sc-domain:fermatmind.com,web,page,https://fermatmind.com/zh/career/jobs/cartographers-and-photogrammetrists,0,7,0.0,6.57,475,1000,NOT_AVAILABLE_IN_UI_EXPORT,Single-dimension GSC UI export; rows cannot be joined across dimensions; top-row and UI cap limitations apply.
VERIFIED_GSC_UI_SINGLE_DIMENSION,current28,2026-07-13,2026-08-09,sc-domain:fermatmind.com,web,page,https://fermatmind.com/zh/career/jobs/sales-representatives-wholesale-and-manufacturing-except-technical-and-scientific-products,0,7,0.0,7.0,476,1000,NOT_AVAILABLE_IN_UI_EXPORT,Single-dimension GSC UI export; rows cannot be joined across dimensions; top-row and UI cap limitations apply.
VERIFIED_GSC_UI_SINGLE_DIMENSION,current28,2026-07-13,2026-08-09,sc-domain:fermatmind.com,web,page,https://fermatmind.com/en/career/jobs/sawing-machine-setters-operators-and-tenders-wood,0,7,0.0,7.43,477,1000,NOT_AVAILABLE_IN_UI_EXPORT,Single-dimension GSC UI export; rows cannot be joined across dimensions; top-row and UI cap limitations apply.
VERIFIED_GSC_UI_SINGLE_DIMENSION,current28,2026-07-13,2026-08-09,sc-domain:fermatmind.com,web,page,https://fermatmind.com/zh/career/jobs/judges-magistrate-judges-and-magistrates,0,7,0.0,7.71,478,1000,NOT_AVAILABLE_IN_UI_EXPORT,Single-dimension GSC UI export; rows cannot be joined across dimensions; top-row and UI cap limitations apply.
VERIFIED_GSC_UI_SINGLE_DIMENSION,current28,2026-07-13,2026-08-09,sc-domain:fermatmind.com,web,page,https://fermatmind.com/zh/career/jobs/nuclear-engineers,0,7,0.0,7.71,479,1000,NOT_AVAILABLE_IN_UI_EXPORT,Single-dimension GSC UI export; rows cannot be joined across dimensions; top-row and UI cap limitations apply.
VERIFIED_GSC_UI_SINGLE_DIMENSION,current28,2026-07-13,2026-08-09,sc-domain:fermatmind.com,web,page,https://fermatmind.com/zh/career/jobs/intelligence-analysts,0,7,0.0,8.14,480,1000,NOT_AVAILABLE_IN_UI_EXPORT,Single-dimension GSC UI export; rows cannot be joined across dimensions; top-row and UI cap limitations apply.
VERIFIED_GSC_UI_SINGLE_DIMENSION,current28,2026-07-13,2026-08-09,sc-domain:fermatmind.com,web,page,https://fermatmind.com/en/career/jobs/sewing-machine-operators,0,7,0.0,8.43,481,1000,NOT_AVAILABLE_IN_UI_EXPORT,Single-dimension GSC UI export; rows cannot be joined across dimensions; top-row and UI cap limitations apply.
VERIFIED_GSC_UI_SINGLE_DIMENSION,current28,2026-07-13,2026-08-09,sc-domain:fermatmind.com,web,page,https://fermatmind.com/en/career/jobs/poets-lyricists-and-creative-writers,0,7,0.0,9.0,482,1000,NOT_AVAILABLE_IN_UI_EXPORT,Single-dimension GSC UI export; rows cannot be joined across dimensions; top-row and UI cap limitations apply.
VERIFIED_GSC_UI_SINGLE_DIMENSION,current28,2026-07-13,2026-08-09,sc-domain:fermatmind.com,web,page,https://fermatmind.com/zh/support,0,7,0.0,9.14,483,1000,NOT_AVAILABLE_IN_UI_EXPORT,Single-dimension GSC UI export; rows cannot be joined across dimensions; top-row and UI cap limitations apply.
VERIFIED_GSC_UI_SINGLE_DIMENSION,current28,2026-07-13,2026-08-09,sc-domain:fermatmind.com,web,page,https://fermatmind.com/zh/topics,0,7,0.0,9.29,484,1000,NOT_AVAILABLE_IN_UI_EXPORT,Single-dimension GSC UI export; rows cannot be joined across dimensions; top-row and UI cap limitations apply.
VERIFIED_GSC_UI_SINGLE_DIMENSION,current28,2026-07-13,2026-08-09,sc-domain:fermatmind.com,web,page,https://fermatmind.com/zh/career/jobs/helpers-electricians,0,7,0.0,9.57,485,1000,NOT_AVAILABLE_IN_UI_EXPORT,Single-dimension GSC UI export; rows cannot be joined across dimensions; top-row and UI cap limitations apply.
VERIFIED_GSC_UI_SINGLE_DIMENSION,current28,2026-07-13,2026-08-09,sc-domain:fermatmind.com,web,page,https://fermatmind.com/en/career/jobs/earth-drillers-except-oil-and-gas,0,7,0.0,10.43,486,1000,NOT_AVAILABLE_IN_UI_EXPORT,Single-dimension GSC UI export; rows cannot be joined across dimensions; top-row and UI cap limitations apply.
VERIFIED_GSC_UI_SINGLE_DIMENSION,current28,2026-07-13,2026-08-09,sc-domain:fermatmind.com,web,page,https://fermatmind.com/zh/career/jobs/clinical-and-counseling-psychologists,0,7,0.0,10.43,487,1000,NOT_AVAILABLE_IN_UI_EXPORT,Single-dimension GSC UI export; rows cannot be joined across dimensions; top-row and UI cap limitations apply.
VERIFIED_GSC_UI_SINGLE_DIMENSION,current28,2026-07-13,2026-08-09,sc-domain:fermatmind.com,web,page,https://fermatmind.com/zh/career/jobs/market-research-analysts-and-marketing-specialists,0,7,0.0,10.43,488,1000,NOT_AVAILABLE_IN_UI_EXPORT,Single-dimension GSC UI export; rows cannot be joined across dimensions; top-row and UI cap limitations apply.
VERIFIED_GSC_UI_SINGLE_DIMENSION,current28,2026-07-13,2026-08-09,sc-domain:fermatmind.com,web,page,https://fermatmind.com/en/career/jobs/environmental-science-and-protection-technicians,0,7,0.0,10.71,489,1000,NOT_AVAILABLE_IN_UI_EXPORT,Single-dimension GSC UI export; rows cannot be joined across dimensions; top-row and UI cap limitations apply.
VERIFIED_GSC_UI_SINGLE_DIMENSION,current28,2026-07-13,2026-08-09,sc-domain:fermatmind.com,web,page,https://fermatmind.com/zh/career/jobs/marriage-and-family-therapists,0,7,0.0,10.86,490,1000,NOT_AVAILABLE_IN_UI_EXPORT,Single-dimension GSC UI export; rows cannot be joined across dimensions; top-row and UI cap limitations apply.
VERIFIED_GSC_UI_SINGLE_DIMENSION,current28,2026-07-13,2026-08-09,sc-domain:fermatmind.com,web,page,https://fermatmind.com/en/career/jobs/crane-and-tower-operators,0,7,0.0,11.0,491,1000,NOT_AVAILABLE_IN_UI_EXPORT,Single-dimension GSC UI export; rows cannot be joined across dimensions; top-row and UI cap limitations apply.
VERIFIED_GSC_UI_SINGLE_DIMENSION,current28,2026-07-13,2026-08-09,sc-domain:fermatmind.com,web,page,https://fermatmind.com/zh/career/jobs/medical-assistants,0,7,0.0,11.0,492,1000,NOT_AVAILABLE_IN_UI_EXPORT,Single-dimension GSC UI export; rows cannot be joined across dimensions; top-row and UI cap limitations apply.
VERIFIED_GSC_UI_SINGLE_DIMENSION,current28,2026-07-13,2026-08-09,sc-domain:fermatmind.com,web,page,https://fermatmind.com/zh/policies,0,7,0.0,11.29,493,1000,NOT_AVAILABLE_IN_UI_EXPORT,Single-dimension GSC UI export; rows cannot be joined across dimensions; top-row and UI cap limitations apply.
VERIFIED_GSC_UI_SINGLE_DIMENSION,current28,2026-07-13,2026-08-09,sc-domain:fermatmind.com,web,page,https://fermatmind.com/zh/career/jobs/orderlies,0,7,0.0,11.57,494,1000,NOT_AVAILABLE_IN_UI_EXPORT,Single-dimension GSC UI export; rows cannot be joined across dimensions; top-row and UI cap limitations apply.
VERIFIED_GSC_UI_SINGLE_DIMENSION,current28,2026-07-13,2026-08-09,sc-domain:fermatmind.com,web,page,https://fermatmind.com/en/career/jobs/roofers,0,7,0.0,11.86,495,1000,NOT_AVAILABLE_IN_UI_EXPORT,Single-dimension GSC UI export; rows cannot be joined across dimensions; top-row and UI cap limitations apply.
VERIFIED_GSC_UI_SINGLE_DIMENSION,current28,2026-07-13,2026-08-09,sc-domain:fermatmind.com,web,page,https://fermatmind.com/zh/personality/enneagram/type-7/instincts/social,0,7,0.0,12.0,496,1000,NOT_AVAILABLE_IN_UI_EXPORT,Single-dimension GSC UI export; rows cannot be joined across dimensions; top-row and UI cap limitations apply.
VERIFIED_GSC_UI_SINGLE_DIMENSION,current28,2026-07-13,2026-08-09,sc-domain:fermatmind.com,web,page,https://fermatmind.com/zh/career/jobs/first-line-supervisors-of-landscaping-lawn-service-and-groundskeeping-workers,0,7,0.0,12.57,497,1000,NOT_AVAILABLE_IN_UI_EXPORT,Single-dimension GSC UI export; rows cannot be joined across dimensions; top-row and UI cap limitations apply.
VERIFIED_GSC_UI_SINGLE_DIMENSION,current28,2026-07-13,2026-08-09,sc-domain:fermatmind.com,web,page,https://fermatmind.com/zh/career/jobs/ophthalmologists-except-pediatric,0,7,0.0,12.57,498,1000,NOT_AVAILABLE_IN_UI_EXPORT,Single-dimension GSC UI export; rows cannot be joined across dimensions; top-row and UI cap limitations apply.
VERIFIED_GSC_UI_SINGLE_DIMENSION,current28,2026-07-13,2026-08-09,sc-domain:fermatmind.com,web,page,https://fermatmind.com/en/career/jobs/highway-maintenance-workers,0,7,0.0,12.86,499,1000,NOT_AVAILABLE_IN_UI_EXPORT,Single-dimension GSC UI export; rows cannot be joined across dimensions; top-row and UI cap limitations apply.
VERIFIED_GSC_UI_SINGLE_DIMENSION,current28,2026-07-13,2026-08-09,sc-domain:fermatmind.com,web,page,https://fermatmind.com/en/career/jobs/zoologists-and-wildlife-biologists,0,7,0.0,13.57,500,1000,NOT_AVAILABLE_IN_UI_EXPORT,Single-dimension GSC UI export; rows cannot be joined across dimensions; top-row and UI cap limitations apply.
VERIFIED_GSC_UI_SINGLE_DIMENSION,current28,2026-07-13,2026-08-09,sc-domain:fermatmind.com,web,page,https://fermatmind.com/en/career/jobs/allergists-and-immunologists,0,7,0.0,16.0,501,1000,NOT_AVAILABLE_IN_UI_EXPORT,Single-dimension GSC UI export; rows cannot be joined across dimensions; top-row and UI cap limitations apply.
VERIFIED_GSC_UI_SINGLE_DIMENSION,current28,2026-07-13,2026-08-09,sc-domain:fermatmind.com,web,page,https://fermatmind.com/en/career/jobs/disc-jockeys-except-radio,0,7,0.0,16.0,502,1000,NOT_AVAILABLE_IN_UI_EXPORT,Single-dimension GSC UI export; rows cannot be joined across dimensions; top-row and UI cap limitations apply.
VERIFIED_GSC_UI_SINGLE_DIMENSION,current28,2026-07-13,2026-08-09,sc-domain:fermatmind.com,web,page,https://fermatmind.com/zh/career/guides/leader-track-vs-expert-track,0,7,0.0,16.57,503,1000,NOT_AVAILABLE_IN_UI_EXPORT,Single-dimension GSC UI export; rows cannot be joined across dimensions; top-row and UI cap limitations apply.
VERIFIED_GSC_UI_SINGLE_DIMENSION,current28,2026-07-13,2026-08-09,sc-domain:fermatmind.com,web,page,https://fermatmind.com/en/career/jobs/fitness-and-wellness-coordinators,0,7,0.0,16.86,504,1000,NOT_AVAILABLE_IN_UI_EXPORT,Single-dimension GSC UI export; rows cannot be joined across dimensions; top-row and UI cap limitations apply.
VERIFIED_GSC_UI_SINGLE_DIMENSION,current28,2026-07-13,2026-08-09,sc-domain:fermatmind.com,web,page,https://fermatmind.com/zh/career/jobs/models,0,7,0.0,18.43,505,1000,NOT_AVAILABLE_IN_UI_EXPORT,Single-dimension GSC UI export; rows cannot be joined across dimensions; top-row and UI cap limitations apply.
VERIFIED_GSC_UI_SINGLE_DIMENSION,current28,2026-07-13,2026-08-09,sc-domain:fermatmind.com,web,page,https://fermatmind.com/en/career/jobs/hydrologic-technicians,0,7,0.0,18.57,506,1000,NOT_AVAILABLE_IN_UI_EXPORT,Single-dimension GSC UI export; rows cannot be joined across dimensions; top-row and UI cap limitations apply.
VERIFIED_GSC_UI_SINGLE_DIMENSION,current28,2026-07-13,2026-08-09,sc-domain:fermatmind.com,web,page,https://fermatmind.com/en/career/jobs/respiratory-therapists,0,7,0.0,18.86,507,1000,NOT_AVAILABLE_IN_UI_EXPORT,Single-dimension GSC UI export; rows cannot be joined across dimensions; top-row and UI cap limitations apply.
VERIFIED_GSC_UI_SINGLE_DIMENSION,current28,2026-07-13,2026-08-09,sc-domain:fermatmind.com,web,page,https://fermatmind.com/zh/career/jobs/helpers-carpenters,0,7,0.0,19.43,508,1000,NOT_AVAILABLE_IN_UI_EXPORT,Single-dimension GSC UI export; rows cannot be joined across dimensions; top-row and UI cap limitations apply.
VERIFIED_GSC_UI_SINGLE_DIMENSION,current28,2026-07-13,2026-08-09,sc-domain:fermatmind.com,web,page,https://fermatmind.com/zh/career/jobs/architects-except-landscape-and-naval,0,7,0.0,19.57,509,1000,NOT_AVAILABLE_IN_UI_EXPORT,Single-dimension GSC UI export; rows cannot be joined across dimensions; top-row and UI cap limitations apply.
VERIFIED_GSC_UI_SINGLE_DIMENSION,current28,2026-07-13,2026-08-09,sc-domain:fermatmind.com,web,page,https://fermatmind.com/en/career/jobs/aircraft-and-avionics-equipment-mechanics-and-technicians,0,7,0.0,20.57,510,1000,NOT_AVAILABLE_IN_UI_EXPORT,Single-dimension GSC UI export; rows cannot be joined across dimensions; top-row and UI cap limitations apply.
VERIFIED_GSC_UI_SINGLE_DIMENSION,current28,2026-07-13,2026-08-09,sc-domain:fermatmind.com,web,page,https://fermatmind.com/en/career/jobs/education-administrators-postsecondary,0,7,0.0,22.0,511,1000,NOT_AVAILABLE_IN_UI_EXPORT,Single-dimension GSC UI export; rows cannot be joined across dimensions; top-row and UI cap limitations apply.
VERIFIED_GSC_UI_SINGLE_DIMENSION,current28,2026-07-13,2026-08-09,sc-domain:fermatmind.com,web,page,https://fermatmind.com/zh/career/jobs/survey-researchers,0,7,0.0,22.71,512,1000,NOT_AVAILABLE_IN_UI_EXPORT,Single-dimension GSC UI export; rows cannot be joined across dimensions; top-row and UI cap limitations apply.
VERIFIED_GSC_UI_SINGLE_DIMENSION,current28,2026-07-13,2026-08-09,sc-domain:fermatmind.com,web,page,https://fermatmind.com/zh/articles/iq-test-growth-guide,0,7,0.0,24.14,513,1000,NOT_AVAILABLE_IN_UI_EXPORT,Single-dimension GSC UI export; rows cannot be joined across dimensions; top-row and UI cap limitations apply.
VERIFIED_GSC_UI_SINGLE_DIMENSION,current28,2026-07-13,2026-08-09,sc-domain:fermatmind.com,web,page,https://fermatmind.com/zh/articles/mbti-growth-guide,0,7,0.0,26.29,514,1000,NOT_AVAILABLE_IN_UI_EXPORT,Single-dimension GSC UI export; rows cannot be joined across dimensions; top-row and UI cap limitations apply.
VERIFIED_GSC_UI_SINGLE_DIMENSION,current28,2026-07-13,2026-08-09,sc-domain:fermatmind.com,web,page,https://fermatmind.com/zh/career/jobs/transportation-planners,0,7,0.0,27.43,515,1000,NOT_AVAILABLE_IN_UI_EXPORT,Single-dimension GSC UI export; rows cannot be joined across dimensions; top-row and UI cap limitations apply.
VERIFIED_GSC_UI_SINGLE_DIMENSION,current28,2026-07-13,2026-08-09,sc-domain:fermatmind.com,web,page,https://fermatmind.com/zh/personality/big-five/facets/activity,0,7,0.0,28.43,516,1000,NOT_AVAILABLE_IN_UI_EXPORT,Single-dimension GSC UI export; rows cannot be joined across dimensions; top-row and UI cap limitations apply.
VERIFIED_GSC_UI_SINGLE_DIMENSION,current28,2026-07-13,2026-08-09,sc-domain:fermatmind.com,web,page,https://fermatmind.com/en/career/jobs/energy-auditors,0,7,0.0,28.71,517,1000,NOT_AVAILABLE_IN_UI_EXPORT,Single-dimension GSC UI export; rows cannot be joined across dimensions; top-row and UI cap limitations apply.
VERIFIED_GSC_UI_SINGLE_DIMENSION,current28,2026-07-13,2026-08-09,sc-domain:fermatmind.com,web,page,https://fermatmind.com/zh/career/jobs/ship-engineers,0,7,0.0,30.14,518,1000,NOT_AVAILABLE_IN_UI_EXPORT,Single-dimension GSC UI export; rows cannot be joined across dimensions; top-row and UI cap limitations apply.
VERIFIED_GSC_UI_SINGLE_DIMENSION,current28,2026-07-13,2026-08-09,sc-domain:fermatmind.com,web,page,https://fermatmind.com/zh/career/jobs/dredge-operators,0,7,0.0,34.14,519,1000,NOT_AVAILABLE_IN_UI_EXPORT,Single-dimension GSC UI export; rows cannot be joined across dimensions; top-row and UI cap limitations apply.
VERIFIED_GSC_UI_SINGLE_DIMENSION,current28,2026-07-13,2026-08-09,sc-domain:fermatmind.com,web,page,https://fermatmind.com/zh/career/jobs/aviation-inspectors,0,7,0.0,34.57,520,1000,NOT_AVAILABLE_IN_UI_EXPORT,Single-dimension GSC UI export; rows cannot be joined across dimensions; top-row and UI cap limitations apply.
VERIFIED_GSC_UI_SINGLE_DIMENSION,current28,2026-07-13,2026-08-09,sc-domain:fermatmind.com,web,page,https://fermatmind.com/zh/career/jobs/securities-commodities-and-financial-services-sales-agents,0,6,0.0,3.67,521,1000,NOT_AVAILABLE_IN_UI_EXPORT,Single-dimension GSC UI export; rows cannot be joined across dimensions; top-row and UI cap limitations apply.
VERIFIED_GSC_UI_SINGLE_DIMENSION,current28,2026-07-13,2026-08-09,sc-domain:fermatmind.com,web,page,https://fermatmind.com/zh/career/jobs/cabinetmakers-and-bench-carpenters,0,6,0.0,3.83,522,1000,NOT_AVAILABLE_IN_UI_EXPORT,Single-dimension GSC UI export; rows cannot be joined across dimensions; top-row and UI cap limitations apply.
VERIFIED_GSC_UI_SINGLE_DIMENSION,current28,2026-07-13,2026-08-09,sc-domain:fermatmind.com,web,page,https://fermatmind.com/zh/career/jobs/chemical-engineers,0,6,0.0,4.5,523,1000,NOT_AVAILABLE_IN_UI_EXPORT,Single-dimension GSC UI export; rows cannot be joined across dimensions; top-row and UI cap limitations apply.
VERIFIED_GSC_UI_SINGLE_DIMENSION,current28,2026-07-13,2026-08-09,sc-domain:fermatmind.com,web,page,https://fermatmind.com/en/personality/big-five/facets/actions,0,6,0.0,5.67,524,1000,NOT_AVAILABLE_IN_UI_EXPORT,Single-dimension GSC UI export; rows cannot be joined across dimensions; top-row and UI cap limitations apply.
VERIFIED_GSC_UI_SINGLE_DIMENSION,current28,2026-07-13,2026-08-09,sc-domain:fermatmind.com,web,page,https://fermatmind.com/zh/career/jobs/retail-salespersons,0,6,0.0,5.83,525,1000,NOT_AVAILABLE_IN_UI_EXPORT,Single-dimension GSC UI export; rows cannot be joined across dimensions; top-row and UI cap limitations apply.
VERIFIED_GSC_UI_SINGLE_DIMENSION,current28,2026-07-13,2026-08-09,sc-domain:fermatmind.com,web,page,https://fermatmind.com/zh/articles,0,6,0.0,6.17,526,1000,NOT_AVAILABLE_IN_UI_EXPORT,Single-dimension GSC UI export; rows cannot be joined across dimensions; top-row and UI cap limitations apply.
VERIFIED_GSC_UI_SINGLE_DIMENSION,current28,2026-07-13,2026-08-09,sc-domain:fermatmind.com,web,page,https://fermatmind.com/en/career/jobs/compensation-and-benefits-managers,0,6,0.0,6.33,527,1000,NOT_AVAILABLE_IN_UI_EXPORT,Single-dimension GSC UI export; rows cannot be joined across dimensions; top-row and UI cap limitations apply.
VERIFIED_GSC_UI_SINGLE_DIMENSION,current28,2026-07-13,2026-08-09,sc-domain:fermatmind.com,web,page,https://fermatmind.com/en/personality/enneagram/wings/1w9,0,6,0.0,6.5,528,1000,NOT_AVAILABLE_IN_UI_EXPORT,Single-dimension GSC UI export; rows cannot be joined across dimensions; top-row and UI cap limitations apply.
VERIFIED_GSC_UI_SINGLE_DIMENSION,current28,2026-07-13,2026-08-09,sc-domain:fermatmind.com,web,page,https://fermatmind.com/zh/career/jobs/log-graders-and-scalers,0,6,0.0,6.5,529,1000,NOT_AVAILABLE_IN_UI_EXPORT,Single-dimension GSC UI export; rows cannot be joined across dimensions; top-row and UI cap limitations apply.
VERIFIED_GSC_UI_SINGLE_DIMENSION,current28,2026-07-13,2026-08-09,sc-domain:fermatmind.com,web,page,https://fermatmind.com/en/career/jobs/first-line-supervisors-of-material-moving-machine-and-vehicle-operators,0,6,0.0,6.67,530,1000,NOT_AVAILABLE_IN_UI_EXPORT,Single-dimension GSC UI export; rows cannot be joined across dimensions; top-row and UI cap limitations apply.
VERIFIED_GSC_UI_SINGLE_DIMENSION,current28,2026-07-13,2026-08-09,sc-domain:fermatmind.com,web,page,https://fermatmind.com/zh/career/jobs/general-and-operations-managers,0,6,0.0,6.67,531,1000,NOT_AVAILABLE_IN_UI_EXPORT,Single-dimension GSC UI export; rows cannot be joined across dimensions; top-row and UI cap limitations apply.
VERIFIED_GSC_UI_SINGLE_DIMENSION,current28,2026-07-13,2026-08-09,sc-domain:fermatmind.com,web,page,https://fermatmind.com/zh/career/jobs/hosts-and-hostesses-restaurant-lounge-and-coffee-shop,0,6,0.0,6.67,532,1000,NOT_AVAILABLE_IN_UI_EXPORT,Single-dimension GSC UI export; rows cannot be joined across dimensions; top-row and UI cap limitations apply.
VERIFIED_GSC_UI_SINGLE_DIMENSION,current28,2026-07-13,2026-08-09,sc-domain:fermatmind.com,web,page,https://fermatmind.com/zh/career/jobs/cooks-short-order,0,6,0.0,7.0,533,1000,NOT_AVAILABLE_IN_UI_EXPORT,Single-dimension GSC UI export; rows cannot be joined across dimensions; top-row and UI cap limitations apply.
VERIFIED_GSC_UI_SINGLE_DIMENSION,current28,2026-07-13,2026-08-09,sc-domain:fermatmind.com,web,page,https://fermatmind.com/zh/articles/big-five-vs-enneagram-traits-and-motivation-stories,0,6,0.0,7.17,534,1000,NOT_AVAILABLE_IN_UI_EXPORT,Single-dimension GSC UI export; rows cannot be joined across dimensions; top-row and UI cap limitations apply.
VERIFIED_GSC_UI_SINGLE_DIMENSION,current28,2026-07-13,2026-08-09,sc-domain:fermatmind.com,web,page,https://fermatmind.com/zh/career/jobs/paving-surfacing-and-tamping-equipment-operators,0,6,0.0,7.5,535,1000,NOT_AVAILABLE_IN_UI_EXPORT,Single-dimension GSC UI export; rows cannot be joined across dimensions; top-row and UI cap limitations apply.
VERIFIED_GSC_UI_SINGLE_DIMENSION,current28,2026-07-13,2026-08-09,sc-domain:fermatmind.com,web,page,https://fermatmind.com/en/career/jobs/solar-sales-representatives-and-assessors,0,6,0.0,7.67,536,1000,NOT_AVAILABLE_IN_UI_EXPORT,Single-dimension GSC UI export; rows cannot be joined across dimensions; top-row and UI cap limitations apply.
VERIFIED_GSC_UI_SINGLE_DIMENSION,current28,2026-07-13,2026-08-09,sc-domain:fermatmind.com,web,page,https://fermatmind.com/en/career/jobs/facilities-managers,0,6,0.0,7.83,537,1000,NOT_AVAILABLE_IN_UI_EXPORT,Single-dimension GSC UI export; rows cannot be joined across dimensions; top-row and UI cap limitations apply.
VERIFIED_GSC_UI_SINGLE_DIMENSION,current28,2026-07-13,2026-08-09,sc-domain:fermatmind.com,web,page,https://fermatmind.com/en/career/jobs/solar-photovoltaic-installers,0,6,0.0,8.0,538,1000,NOT_AVAILABLE_IN_UI_EXPORT,Single-dimension GSC UI export; rows cannot be joined across dimensions; top-row and UI cap limitations apply.
VERIFIED_GSC_UI_SINGLE_DIMENSION,current28,2026-07-13,2026-08-09,sc-domain:fermatmind.com,web,page,https://fermatmind.com/en/personality/big-five/agreeableness-high,0,6,0.0,8.0,539,1000,NOT_AVAILABLE_IN_UI_EXPORT,Single-dimension GSC UI export; rows cannot be joined across dimensions; top-row and UI cap limitations apply.
VERIFIED_GSC_UI_SINGLE_DIMENSION,current28,2026-07-13,2026-08-09,sc-domain:fermatmind.com,web,page,https://fermatmind.com/zh/career/jobs/exercise-trainers-and-group-fitness-instructors,0,6,0.0,8.0,540,1000,NOT_AVAILABLE_IN_UI_EXPORT,Single-dimension GSC UI export; rows cannot be joined across dimensions; top-row and UI cap limitations apply.
VERIFIED_GSC_UI_SINGLE_DIMENSION,current28,2026-07-13,2026-08-09,sc-domain:fermatmind.com,web,page,https://fermatmind.com/en/career/jobs/chemical-plant-and-system-operators,0,6,0.0,8.5,541,1000,NOT_AVAILABLE_IN_UI_EXPORT,Single-dimension GSC UI export; rows cannot be joined across dimensions; top-row and UI cap limitations apply.
VERIFIED_GSC_UI_SINGLE_DIMENSION,current28,2026-07-13,2026-08-09,sc-domain:fermatmind.com,web,page,https://fermatmind.com/en/career/jobs/stockers-and-order-fillers,0,6,0.0,8.5,542,1000,NOT_AVAILABLE_IN_UI_EXPORT,Single-dimension GSC UI export; rows cannot be joined across dimensions; top-row and UI cap limitations apply.
VERIFIED_GSC_UI_SINGLE_DIMENSION,current28,2026-07-13,2026-08-09,sc-domain:fermatmind.com,web,page,https://fermatmind.com/zh/career/jobs/highway-maintenance-workers,0,6,0.0,8.67,543,1000,NOT_AVAILABLE_IN_UI_EXPORT,Single-dimension GSC UI export; rows cannot be joined across dimensions; top-row and UI cap limitations apply.
VERIFIED_GSC_UI_SINGLE_DIMENSION,current28,2026-07-13,2026-08-09,sc-domain:fermatmind.com,web,page,https://fermatmind.com/zh/career/jobs/librarians-and-media-collections-specialists,0,6,0.0,8.67,544,1000,NOT_AVAILABLE_IN_UI_EXPORT,Single-dimension GSC UI export; rows cannot be joined across dimensions; top-row and UI cap limitations apply.
VERIFIED_GSC_UI_SINGLE_DIMENSION,current28,2026-07-13,2026-08-09,sc-domain:fermatmind.com,web,page,https://fermatmind.com/en/career/jobs/geographic-information-systems-technologists-and-technicians,0,6,0.0,9.0,545,1000,NOT_AVAILABLE_IN_UI_EXPORT,Single-dimension GSC UI export; rows cannot be joined across dimensions; top-row and UI cap limitations apply.
VERIFIED_GSC_UI_SINGLE_DIMENSION,current28,2026-07-13,2026-08-09,sc-domain:fermatmind.com,web,page,https://fermatmind.com/zh/career,0,6,0.0,9.17,546,1000,NOT_AVAILABLE_IN_UI_EXPORT,Single-dimension GSC UI export; rows cannot be joined across dimensions; top-row and UI cap limitations apply.
VERIFIED_GSC_UI_SINGLE_DIMENSION,current28,2026-07-13,2026-08-09,sc-domain:fermatmind.com,web,page,https://fermatmind.com/zh/career/jobs/bus-drivers,0,6,0.0,9.17,547,1000,NOT_AVAILABLE_IN_UI_EXPORT,Single-dimension GSC UI export; rows cannot be joined across dimensions; top-row and UI cap limitations apply.
VERIFIED_GSC_UI_SINGLE_DIMENSION,current28,2026-07-13,2026-08-09,sc-domain:fermatmind.com,web,page,https://fermatmind.com/zh/career/jobs/pourers-and-casters-metal,0,6,0.0,9.17,548,1000,NOT_AVAILABLE_IN_UI_EXPORT,Single-dimension GSC UI export; rows cannot be joined across dimensions; top-row and UI cap limitations apply.
VERIFIED_GSC_UI_SINGLE_DIMENSION,current28,2026-07-13,2026-08-09,sc-domain:fermatmind.com,web,page,https://fermatmind.com/en/career/jobs/barbers,0,6,0.0,9.83,549,1000,NOT_AVAILABLE_IN_UI_EXPORT,Single-dimension GSC UI export; rows cannot be joined across dimensions; top-row and UI cap limitations apply.
VERIFIED_GSC_UI_SINGLE_DIMENSION,current28,2026-07-13,2026-08-09,sc-domain:fermatmind.com,web,page,https://fermatmind.com/zh/career/jobs/general-internal-medicine-physicians,0,6,0.0,10.17,550,1000,NOT_AVAILABLE_IN_UI_EXPORT,Single-dimension GSC UI export; rows cannot be joined across dimensions; top-row and UI cap limitations apply.
VERIFIED_GSC_UI_SINGLE_DIMENSION,current28,2026-07-13,2026-08-09,sc-domain:fermatmind.com,web,page,https://fermatmind.com/zh/career/jobs/allergists-and-immunologists,0,6,0.0,10.33,551,1000,NOT_AVAILABLE_IN_UI_EXPORT,Single-dimension GSC UI export; rows cannot be joined across dimensions; top-row and UI cap limitations apply.
VERIFIED_GSC_UI_SINGLE_DIMENSION,current28,2026-07-13,2026-08-09,sc-domain:fermatmind.com,web,page,https://fermatmind.com/zh/personality/big-five/facets/excitement-seeking,0,6,0.0,10.67,552,1000,NOT_AVAILABLE_IN_UI_EXPORT,Single-dimension GSC UI export; rows cannot be joined across dimensions; top-row and UI cap limitations apply.
VERIFIED_GSC_UI_SINGLE_DIMENSION,current28,2026-07-13,2026-08-09,sc-domain:fermatmind.com,web,page,https://fermatmind.com/en/career/jobs/bicycle-repairers,0,6,0.0,10.83,553,1000,NOT_AVAILABLE_IN_UI_EXPORT,Single-dimension GSC UI export; rows cannot be joined across dimensions; top-row and UI cap limitations apply.
VERIFIED_GSC_UI_SINGLE_DIMENSION,current28,2026-07-13,2026-08-09,sc-domain:fermatmind.com,web,page,https://fermatmind.com/zh/career/jobs/electro-mechanical-technicians,0,6,0.0,10.83,554,1000,NOT_AVAILABLE_IN_UI_EXPORT,Single-dimension GSC UI export; rows cannot be joined across dimensions; top-row and UI cap limitations apply.
VERIFIED_GSC_UI_SINGLE_DIMENSION,current28,2026-07-13,2026-08-09,sc-domain:fermatmind.com,web,page,https://fermatmind.com/en/career/jobs/non-destructive-testing-specialists,0,6,0.0,11.17,555,1000,NOT_AVAILABLE_IN_UI_EXPORT,Single-dimension GSC UI export; rows cannot be joined across dimensions; top-row and UI cap limitations apply.
VERIFIED_GSC_UI_SINGLE_DIMENSION,current28,2026-07-13,2026-08-09,sc-domain:fermatmind.com,web,page,https://fermatmind.com/en/career/jobs/area-ethnic-and-cultural-studies-teachers-postsecondary,0,6,0.0,11.83,556,1000,NOT_AVAILABLE_IN_UI_EXPORT,Single-dimension GSC UI export; rows cannot be joined across dimensions; top-row and UI cap limitations apply.
VERIFIED_GSC_UI_SINGLE_DIMENSION,current28,2026-07-13,2026-08-09,sc-domain:fermatmind.com,web,page,https://fermatmind.com/en/career/jobs/septic-tank-servicers-and-sewer-pipe-cleaners,0,6,0.0,12.17,557,1000,NOT_AVAILABLE_IN_UI_EXPORT,Single-dimension GSC UI export; rows cannot be joined across dimensions; top-row and UI cap limitations apply.
VERIFIED_GSC_UI_SINGLE_DIMENSION,current28,2026-07-13,2026-08-09,sc-domain:fermatmind.com,web,page,https://fermatmind.com/zh/career/jobs/tax-preparers,0,6,0.0,12.5,558,1000,NOT_AVAILABLE_IN_UI_EXPORT,Single-dimension GSC UI export; rows cannot be joined across dimensions; top-row and UI cap limitations apply.
VERIFIED_GSC_UI_SINGLE_DIMENSION,current28,2026-07-13,2026-08-09,sc-domain:fermatmind.com,web,page,https://fermatmind.com/en/career/jobs/business-continuity-planners,0,6,0.0,14.33,559,1000,NOT_AVAILABLE_IN_UI_EXPORT,Single-dimension GSC UI export; rows cannot be joined across dimensions; top-row and UI cap limitations apply.
VERIFIED_GSC_UI_SINGLE_DIMENSION,current28,2026-07-13,2026-08-09,sc-domain:fermatmind.com,web,page,https://fermatmind.com/en/career/jobs/first-line-supervisors-of-gambling-services-workers,0,6,0.0,15.17,560,1000,NOT_AVAILABLE_IN_UI_EXPORT,Single-dimension GSC UI export; rows cannot be joined across dimensions; top-row and UI cap limitations apply.
VERIFIED_GSC_UI_SINGLE_DIMENSION,current28,2026-07-13,2026-08-09,sc-domain:fermatmind.com,web,page,https://fermatmind.com/en/career/jobs/film-and-video-editors-and-camera-operators,0,6,0.0,15.83,561,1000,NOT_AVAILABLE_IN_UI_EXPORT,Single-dimension GSC UI export; rows cannot be joined across dimensions; top-row and UI cap limitations apply.
VERIFIED_GSC_UI_SINGLE_DIMENSION,current28,2026-07-13,2026-08-09,sc-domain:fermatmind.com,web,page,https://fermatmind.com/en/career/jobs/office-machine-operators-except-computer,0,6,0.0,16.0,562,1000,NOT_AVAILABLE_IN_UI_EXPORT,Single-dimension GSC UI export; rows cannot be joined across dimensions; top-row and UI cap limitations apply.
VERIFIED_GSC_UI_SINGLE_DIMENSION,current28,2026-07-13,2026-08-09,sc-domain:fermatmind.com,web,page,https://fermatmind.com/en/career/jobs/furniture-finishers,0,6,0.0,18.0,563,1000,NOT_AVAILABLE_IN_UI_EXPORT,Single-dimension GSC UI export; rows cannot be joined across dimensions; top-row and UI cap limitations apply.
VERIFIED_GSC_UI_SINGLE_DIMENSION,current28,2026-07-13,2026-08-09,sc-domain:fermatmind.com,web,page,https://fermatmind.com/en/career/jobs/lathe-and-turning-machine-tool-setters-operators-and-tenders-metal-and-plastic,0,6,0.0,18.33,564,1000,NOT_AVAILABLE_IN_UI_EXPORT,Single-dimension GSC UI export; rows cannot be joined across dimensions; top-row and UI cap limitations apply.
VERIFIED_GSC_UI_SINGLE_DIMENSION,current28,2026-07-13,2026-08-09,sc-domain:fermatmind.com,web,page,https://fermatmind.com/en/career/jobs/nurse-midwives,0,6,0.0,18.33,565,1000,NOT_AVAILABLE_IN_UI_EXPORT,Single-dimension GSC UI export; rows cannot be joined across dimensions; top-row and UI cap limitations apply.
VERIFIED_GSC_UI_SINGLE_DIMENSION,current28,2026-07-13,2026-08-09,sc-domain:fermatmind.com,web,page,https://fermatmind.com/zh/career/jobs/aircraft-structure-surfaces-rigging-and-systems-assemblers,0,6,0.0,18.5,566,1000,NOT_AVAILABLE_IN_UI_EXPORT,Single-dimension GSC UI export; rows cannot be joined across dimensions; top-row and UI cap limitations apply.
VERIFIED_GSC_UI_SINGLE_DIMENSION,current28,2026-07-13,2026-08-09,sc-domain:fermatmind.com,web,page,https://fermatmind.com/en/career/jobs/gas-compressor-and-gas-pumping-station-operators,0,6,0.0,21.67,567,1000,NOT_AVAILABLE_IN_UI_EXPORT,Single-dimension GSC UI export; rows cannot be joined across dimensions; top-row and UI cap limitations apply.
VERIFIED_GSC_UI_SINGLE_DIMENSION,current28,2026-07-13,2026-08-09,sc-domain:fermatmind.com,web,page,https://fermatmind.com/en/topics/iq-eq,0,6,0.0,22.33,568,1000,NOT_AVAILABLE_IN_UI_EXPORT,Single-dimension GSC UI export; rows cannot be joined across dimensions; top-row and UI cap limitations apply.
VERIFIED_GSC_UI_SINGLE_DIMENSION,current28,2026-07-13,2026-08-09,sc-domain:fermatmind.com,web,page,https://fermatmind.com/zh/personality/big-five/facets/ideas,0,6,0.0,27.0,569,1000,NOT_AVAILABLE_IN_UI_EXPORT,Single-dimension GSC UI export; rows cannot be joined across dimensions; top-row and UI cap limitations apply.
VERIFIED_GSC_UI_SINGLE_DIMENSION,current28,2026-07-13,2026-08-09,sc-domain:fermatmind.com,web,page,https://fermatmind.com/zh/career/jobs/psychologists,0,6,0.0,29.67,570,1000,NOT_AVAILABLE_IN_UI_EXPORT,Single-dimension GSC UI export; rows cannot be joined across dimensions; top-row and UI cap limitations apply.
VERIFIED_GSC_UI_SINGLE_DIMENSION,current28,2026-07-13,2026-08-09,sc-domain:fermatmind.com,web,page,https://fermatmind.com/zh/career/jobs/spa-managers,0,6,0.0,29.67,571,1000,NOT_AVAILABLE_IN_UI_EXPORT,Single-dimension GSC UI export; rows cannot be joined across dimensions; top-row and UI cap limitations apply.
VERIFIED_GSC_UI_SINGLE_DIMENSION,current28,2026-07-13,2026-08-09,sc-domain:fermatmind.com,web,page,https://fermatmind.com/zh/career/jobs/hydroelectric-plant-technicians,0,6,0.0,30.17,572,1000,NOT_AVAILABLE_IN_UI_EXPORT,Single-dimension GSC UI export; rows cannot be joined across dimensions; top-row and UI cap limitations apply.
VERIFIED_GSC_UI_SINGLE_DIMENSION,current28,2026-07-13,2026-08-09,sc-domain:fermatmind.com,web,page,https://fermatmind.com/zh/career/jobs/nuclear-technicians,0,6,0.0,34.33,573,1000,NOT_AVAILABLE_IN_UI_EXPORT,Single-dimension GSC UI export; rows cannot be joined across dimensions; top-row and UI cap limitations apply.
VERIFIED_GSC_UI_SINGLE_DIMENSION,current28,2026-07-13,2026-08-09,sc-domain:fermatmind.com,web,page,https://fermatmind.com/zh/career/jobs/furniture-finishers,0,6,0.0,36.67,574,1000,NOT_AVAILABLE_IN_UI_EXPORT,Single-dimension GSC UI export; rows cannot be joined across dimensions; top-row and UI cap limitations apply.
VERIFIED_GSC_UI_SINGLE_DIMENSION,current28,2026-07-13,2026-08-09,sc-domain:fermatmind.com,web,page,https://fermatmind.com/zh/career/guides/how-to-choose-college-major,0,5,0.0,2.8,575,1000,NOT_AVAILABLE_IN_UI_EXPORT,Single-dimension GSC UI export; rows cannot be joined across dimensions; top-row and UI cap limitations apply.
VERIFIED_GSC_UI_SINGLE_DIMENSION,current28,2026-07-13,2026-08-09,sc-domain:fermatmind.com,web,page,https://fermatmind.com/en/career/jobs/first-line-supervisors-of-mechanics-installers-and-repairers,0,5,0.0,4.6,576,1000,NOT_AVAILABLE_IN_UI_EXPORT,Single-dimension GSC UI export; rows cannot be joined across dimensions; top-row and UI cap limitations apply.
VERIFIED_GSC_UI_SINGLE_DIMENSION,current28,2026-07-13,2026-08-09,sc-domain:fermatmind.com,web,page,https://fermatmind.com/zh/career/jobs/network-and-computer-systems-administrators,0,5,0.0,5.6,577,1000,NOT_AVAILABLE_IN_UI_EXPORT,Single-dimension GSC UI export; rows cannot be joined across dimensions; top-row and UI cap limitations apply.
VERIFIED_GSC_UI_SINGLE_DIMENSION,current28,2026-07-13,2026-08-09,sc-domain:fermatmind.com,web,page,https://fermatmind.com/zh/privacy,0,5,0.0,6.4,578,1000,NOT_AVAILABLE_IN_UI_EXPORT,Single-dimension GSC UI export; rows cannot be joined across dimensions; top-row and UI cap limitations apply.
VERIFIED_GSC_UI_SINGLE_DIMENSION,current28,2026-07-13,2026-08-09,sc-domain:fermatmind.com,web,page,https://fermatmind.com/en/career/jobs/art-drama-and-music-teachers-postsecondary,0,5,0.0,7.4,579,1000,NOT_AVAILABLE_IN_UI_EXPORT,Single-dimension GSC UI export; rows cannot be joined across dimensions; top-row and UI cap limitations apply.
VERIFIED_GSC_UI_SINGLE_DIMENSION,current28,2026-07-13,2026-08-09,sc-domain:fermatmind.com,web,page,https://fermatmind.com/zh/career/jobs/geodetic-surveyors,0,5,0.0,7.4,580,1000,NOT_AVAILABLE_IN_UI_EXPORT,Single-dimension GSC UI export; rows cannot be joined across dimensions; top-row and UI cap limitations apply.
VERIFIED_GSC_UI_SINGLE_DIMENSION,current28,2026-07-13,2026-08-09,sc-domain:fermatmind.com,web,page,https://fermatmind.com/zh/career/jobs/ushers-lobby-attendants-and-ticket-takers,0,5,0.0,7.6,581,1000,NOT_AVAILABLE_IN_UI_EXPORT,Single-dimension GSC UI export; rows cannot be joined across dimensions; top-row and UI cap limitations apply.
VERIFIED_GSC_UI_SINGLE_DIMENSION,current28,2026-07-13,2026-08-09,sc-domain:fermatmind.com,web,page,https://fermatmind.com/en/career/jobs/first-line-supervisors-of-landscaping-lawn-service-and-groundskeeping-workers,0,5,0.0,7.8,582,1000,NOT_AVAILABLE_IN_UI_EXPORT,Single-dimension GSC UI export; rows cannot be joined across dimensions; top-row and UI cap limitations apply.
VERIFIED_GSC_UI_SINGLE_DIMENSION,current28,2026-07-13,2026-08-09,sc-domain:fermatmind.com,web,page,https://fermatmind.com/en/personality/big-five/agreeableness-low,0,5,0.0,8.2,583,1000,NOT_AVAILABLE_IN_UI_EXPORT,Single-dimension GSC UI export; rows cannot be joined across dimensions; top-row and UI cap limitations apply.
VERIFIED_GSC_UI_SINGLE_DIMENSION,current28,2026-07-13,2026-08-09,sc-domain:fermatmind.com,web,page,https://fermatmind.com/en/career/jobs/geoscientists-except-hydrologists-and-geographers,0,5,0.0,8.4,584,1000,NOT_AVAILABLE_IN_UI_EXPORT,Single-dimension GSC UI export; rows cannot be joined across dimensions; top-row and UI cap limitations apply.
VERIFIED_GSC_UI_SINGLE_DIMENSION,current28,2026-07-13,2026-08-09,sc-domain:fermatmind.com,web,page,https://fermatmind.com/en/career/jobs/sailors-and-marine-oilers,0,5,0.0,8.4,585,1000,NOT_AVAILABLE_IN_UI_EXPORT,Single-dimension GSC UI export; rows cannot be joined across dimensions; top-row and UI cap limitations apply.
VERIFIED_GSC_UI_SINGLE_DIMENSION,current28,2026-07-13,2026-08-09,sc-domain:fermatmind.com,web,page,https://fermatmind.com/zh/career/jobs/loan-officers,0,5,0.0,8.4,586,1000,NOT_AVAILABLE_IN_UI_EXPORT,Single-dimension GSC UI export; rows cannot be joined across dimensions; top-row and UI cap limitations apply.
VERIFIED_GSC_UI_SINGLE_DIMENSION,current28,2026-07-13,2026-08-09,sc-domain:fermatmind.com,web,page,https://fermatmind.com/zh/career/jobs/roustabouts-oil-and-gas,0,5,0.0,8.4,587,1000,NOT_AVAILABLE_IN_UI_EXPORT,Single-dimension GSC UI export; rows cannot be joined across dimensions; top-row and UI cap limitations apply.
VERIFIED_GSC_UI_SINGLE_DIMENSION,current28,2026-07-13,2026-08-09,sc-domain:fermatmind.com,web,page,https://fermatmind.com/zh/articles/apply-personality-research-without-overclaiming,0,5,0.0,8.6,588,1000,NOT_AVAILABLE_IN_UI_EXPORT,Single-dimension GSC UI export; rows cannot be joined across dimensions; top-row and UI cap limitations apply.
VERIFIED_GSC_UI_SINGLE_DIMENSION,current28,2026-07-13,2026-08-09,sc-domain:fermatmind.com,web,page,https://fermatmind.com/en/personality/big-five/facets/values,0,5,0.0,8.8,589,1000,NOT_AVAILABLE_IN_UI_EXPORT,Single-dimension GSC UI export; rows cannot be joined across dimensions; top-row and UI cap limitations apply.
VERIFIED_GSC_UI_SINGLE_DIMENSION,current28,2026-07-13,2026-08-09,sc-domain:fermatmind.com,web,page,https://fermatmind.com/zh/career/jobs/agricultural-engineers,0,5,0.0,8.8,590,1000,NOT_AVAILABLE_IN_UI_EXPORT,Single-dimension GSC UI export; rows cannot be joined across dimensions; top-row and UI cap limitations apply.
VERIFIED_GSC_UI_SINGLE_DIMENSION,current28,2026-07-13,2026-08-09,sc-domain:fermatmind.com,web,page,https://fermatmind.com/zh/personality/big-five/extraversion-mid,0,5,0.0,8.8,591,1000,NOT_AVAILABLE_IN_UI_EXPORT,Single-dimension GSC UI export; rows cannot be joined across dimensions; top-row and UI cap limitations apply.
VERIFIED_GSC_UI_SINGLE_DIMENSION,current28,2026-07-13,2026-08-09,sc-domain:fermatmind.com,web,page,https://fermatmind.com/zh/personality/enneagram/type-7,0,5,0.0,8.8,592,1000,NOT_AVAILABLE_IN_UI_EXPORT,Single-dimension GSC UI export; rows cannot be joined across dimensions; top-row and UI cap limitations apply.
VERIFIED_GSC_UI_SINGLE_DIMENSION,current28,2026-07-13,2026-08-09,sc-domain:fermatmind.com,web,page,https://fermatmind.com/zh/personality/esfp-a,0,5,0.0,9.0,593,1000,NOT_AVAILABLE_IN_UI_EXPORT,Single-dimension GSC UI export; rows cannot be joined across dimensions; top-row and UI cap limitations apply.
VERIFIED_GSC_UI_SINGLE_DIMENSION,current28,2026-07-13,2026-08-09,sc-domain:fermatmind.com,web,page,https://fermatmind.com/en/career/jobs/gambling-dealers,0,5,0.0,9.8,594,1000,NOT_AVAILABLE_IN_UI_EXPORT,Single-dimension GSC UI export; rows cannot be joined across dimensions; top-row and UI cap limitations apply.
VERIFIED_GSC_UI_SINGLE_DIMENSION,current28,2026-07-13,2026-08-09,sc-domain:fermatmind.com,web,page,https://fermatmind.com/zh/career/jobs/transit-and-railroad-police,0,5,0.0,10.8,595,1000,NOT_AVAILABLE_IN_UI_EXPORT,Single-dimension GSC UI export; rows cannot be joined across dimensions; top-row and UI cap limitations apply.
VERIFIED_GSC_UI_SINGLE_DIMENSION,current28,2026-07-13,2026-08-09,sc-domain:fermatmind.com,web,page,https://fermatmind.com/en/career/jobs/drywall-and-ceiling-tile-installers-and-tapers,0,5,0.0,11.0,596,1000,NOT_AVAILABLE_IN_UI_EXPORT,Single-dimension GSC UI export; rows cannot be joined across dimensions; top-row and UI cap limitations apply.
VERIFIED_GSC_UI_SINGLE_DIMENSION,current28,2026-07-13,2026-08-09,sc-domain:fermatmind.com,web,page,https://fermatmind.com/en/career/jobs/community-health-workers,0,5,0.0,11.6,597,1000,NOT_AVAILABLE_IN_UI_EXPORT,Single-dimension GSC UI export; rows cannot be joined across dimensions; top-row and UI cap limitations apply.
VERIFIED_GSC_UI_SINGLE_DIMENSION,current28,2026-07-13,2026-08-09,sc-domain:fermatmind.com,web,page,https://fermatmind.com/en/career/jobs/paving-surfacing-and-tamping-equipment-operators,0,5,0.0,11.6,598,1000,NOT_AVAILABLE_IN_UI_EXPORT,Single-dimension GSC UI export; rows cannot be joined across dimensions; top-row and UI cap limitations apply.
VERIFIED_GSC_UI_SINGLE_DIMENSION,current28,2026-07-13,2026-08-09,sc-domain:fermatmind.com,web,page,https://fermatmind.com/en/personality/big-five/facets/altruism,0,5,0.0,12.4,599,1000,NOT_AVAILABLE_IN_UI_EXPORT,Single-dimension GSC UI export; rows cannot be joined across dimensions; top-row and UI cap limitations apply.
VERIFIED_GSC_UI_SINGLE_DIMENSION,current28,2026-07-13,2026-08-09,sc-domain:fermatmind.com,web,page,https://fermatmind.com/en/career/jobs/mechanical-engineering-technicians,0,5,0.0,12.6,600,1000,NOT_AVAILABLE_IN_UI_EXPORT,Single-dimension GSC UI export; rows cannot be joined across dimensions; top-row and UI cap limitations apply.
VERIFIED_GSC_UI_SINGLE_DIMENSION,current28,2026-07-13,2026-08-09,sc-domain:fermatmind.com,web,page,https://fermatmind.com/zh/career/jobs/postal-service-clerks,0,5,0.0,12.8,601,1000,NOT_AVAILABLE_IN_UI_EXPORT,Single-dimension GSC UI export; rows cannot be joined across dimensions; top-row and UI cap limitations apply.
VERIFIED_GSC_UI_SINGLE_DIMENSION,current28,2026-07-13,2026-08-09,sc-domain:fermatmind.com,web,page,https://fermatmind.com/en/career/jobs/anesthesiologist-assistants,0,5,0.0,13.2,602,1000,NOT_AVAILABLE_IN_UI_EXPORT,Single-dimension GSC UI export; rows cannot be joined across dimensions; top-row and UI cap limitations apply.
VERIFIED_GSC_UI_SINGLE_DIMENSION,current28,2026-07-13,2026-08-09,sc-domain:fermatmind.com,web,page,https://fermatmind.com/en/career/jobs/sports-medicine-physicians,0,5,0.0,13.2,603,1000,NOT_AVAILABLE_IN_UI_EXPORT,Single-dimension GSC UI export; rows cannot be joined across dimensions; top-row and UI cap limitations apply.
VERIFIED_GSC_UI_SINGLE_DIMENSION,current28,2026-07-13,2026-08-09,sc-domain:fermatmind.com,web,page,https://fermatmind.com/zh/career/jobs/watch-and-clock-repairers,0,5,0.0,13.2,604,1000,NOT_AVAILABLE_IN_UI_EXPORT,Single-dimension GSC UI export; rows cannot be joined across dimensions; top-row and UI cap limitations apply.
VERIFIED_GSC_UI_SINGLE_DIMENSION,current28,2026-07-13,2026-08-09,sc-domain:fermatmind.com,web,page,https://fermatmind.com/zh/career/jobs/tour-guides-and-escorts,0,5,0.0,13.6,605,1000,NOT_AVAILABLE_IN_UI_EXPORT,Single-dimension GSC UI export; rows cannot be joined across dimensions; top-row and UI cap limitations apply.
VERIFIED_GSC_UI_SINGLE_DIMENSION,current28,2026-07-13,2026-08-09,sc-domain:fermatmind.com,web,page,https://fermatmind.com/en/career/jobs/security-and-fire-alarm-systems-installers,0,5,0.0,14.0,606,1000,NOT_AVAILABLE_IN_UI_EXPORT,Single-dimension GSC UI export; rows cannot be joined across dimensions; top-row and UI cap limitations apply.
VERIFIED_GSC_UI_SINGLE_DIMENSION,current28,2026-07-13,2026-08-09,sc-domain:fermatmind.com,web,page,https://fermatmind.com/en/career/jobs/home-health-aides-and-personal-care-aides,0,5,0.0,14.2,607,1000,NOT_AVAILABLE_IN_UI_EXPORT,Single-dimension GSC UI export; rows cannot be joined across dimensions; top-row and UI cap limitations apply.
VERIFIED_GSC_UI_SINGLE_DIMENSION,current28,2026-07-13,2026-08-09,sc-domain:fermatmind.com,web,page,https://fermatmind.com/en/career/jobs/insurance-sales-agents,0,5,0.0,14.2,608,1000,NOT_AVAILABLE_IN_UI_EXPORT,Single-dimension GSC UI export; rows cannot be joined across dimensions; top-row and UI cap limitations apply.
VERIFIED_GSC_UI_SINGLE_DIMENSION,current28,2026-07-13,2026-08-09,sc-domain:fermatmind.com,web,page,https://fermatmind.com/zh/career/jobs/prepress-technicians-and-workers,0,5,0.0,14.2,609,1000,NOT_AVAILABLE_IN_UI_EXPORT,Single-dimension GSC UI export; rows cannot be joined across dimensions; top-row and UI cap limitations apply.
VERIFIED_GSC_UI_SINGLE_DIMENSION,current28,2026-07-13,2026-08-09,sc-domain:fermatmind.com,web,page,https://fermatmind.com/zh/career/jobs/rail-yard-engineers-dinkey-operators-and-hostlers,0,5,0.0,14.2,610,1000,NOT_AVAILABLE_IN_UI_EXPORT,Single-dimension GSC UI export; rows cannot be joined across dimensions; top-row and UI cap limitations apply.
VERIFIED_GSC_UI_SINGLE_DIMENSION,current28,2026-07-13,2026-08-09,sc-domain:fermatmind.com,web,page,https://fermatmind.com/zh/career/jobs/material-moving-machine-operators,0,5,0.0,14.6,611,1000,NOT_AVAILABLE_IN_UI_EXPORT,Single-dimension GSC UI export; rows cannot be joined across dimensions; top-row and UI cap limitations apply.
VERIFIED_GSC_UI_SINGLE_DIMENSION,current28,2026-07-13,2026-08-09,sc-domain:fermatmind.com,web,page,https://fermatmind.com/en/career/jobs/cooling-and-freezing-equipment-operators-and-tenders,0,5,0.0,15.0,612,1000,NOT_AVAILABLE_IN_UI_EXPORT,Single-dimension GSC UI export; rows cannot be joined across dimensions; top-row and UI cap limitations apply.
VERIFIED_GSC_UI_SINGLE_DIMENSION,current28,2026-07-13,2026-08-09,sc-domain:fermatmind.com,web,page,https://fermatmind.com/en/career/jobs/medical-and-clinical-laboratory-technologists,0,5,0.0,15.0,613,1000,NOT_AVAILABLE_IN_UI_EXPORT,Single-dimension GSC UI export; rows cannot be joined across dimensions; top-row and UI cap limitations apply.
VERIFIED_GSC_UI_SINGLE_DIMENSION,current28,2026-07-13,2026-08-09,sc-domain:fermatmind.com,web,page,https://fermatmind.com/zh/career/jobs,0,5,0.0,15.6,614,1000,NOT_AVAILABLE_IN_UI_EXPORT,Single-dimension GSC UI export; rows cannot be joined across dimensions; top-row and UI cap limitations apply.
VERIFIED_GSC_UI_SINGLE_DIMENSION,current28,2026-07-13,2026-08-09,sc-domain:fermatmind.com,web,page,https://fermatmind.com/en/career/jobs/security-guards,0,5,0.0,15.8,615,1000,NOT_AVAILABLE_IN_UI_EXPORT,Single-dimension GSC UI export; rows cannot be joined across dimensions; top-row and UI cap limitations apply.
VERIFIED_GSC_UI_SINGLE_DIMENSION,current28,2026-07-13,2026-08-09,sc-domain:fermatmind.com,web,page,https://fermatmind.com/zh/career/jobs/zoologists-and-wildlife-biologists,0,5,0.0,15.8,616,1000,NOT_AVAILABLE_IN_UI_EXPORT,Single-dimension GSC UI export; rows cannot be joined across dimensions; top-row and UI cap limitations apply.
VERIFIED_GSC_UI_SINGLE_DIMENSION,current28,2026-07-13,2026-08-09,sc-domain:fermatmind.com,web,page,https://fermatmind.com/en/career/jobs/aircraft-service-attendants,0,5,0.0,16.0,617,1000,NOT_AVAILABLE_IN_UI_EXPORT,Single-dimension GSC UI export; rows cannot be joined across dimensions; top-row and UI cap limitations apply.
VERIFIED_GSC_UI_SINGLE_DIMENSION,current28,2026-07-13,2026-08-09,sc-domain:fermatmind.com,web,page,https://fermatmind.com/zh/career/jobs/appraisers-of-personal-and-business-property,0,5,0.0,16.6,618,1000,NOT_AVAILABLE_IN_UI_EXPORT,Single-dimension GSC UI export; rows cannot be joined across dimensions; top-row and UI cap limitations apply.
VERIFIED_GSC_UI_SINGLE_DIMENSION,current28,2026-07-13,2026-08-09,sc-domain:fermatmind.com,web,page,https://fermatmind.com/en/career/jobs/information-technology-project-managers,0,5,0.0,17.6,619,1000,NOT_AVAILABLE_IN_UI_EXPORT,Single-dimension GSC UI export; rows cannot be joined across dimensions; top-row and UI cap limitations apply.
VERIFIED_GSC_UI_SINGLE_DIMENSION,current28,2026-07-13,2026-08-09,sc-domain:fermatmind.com,web,page,https://fermatmind.com/en/career/jobs/neurologists,0,5,0.0,17.8,620,1000,NOT_AVAILABLE_IN_UI_EXPORT,Single-dimension GSC UI export; rows cannot be joined across dimensions; top-row and UI cap limitations apply.
VERIFIED_GSC_UI_SINGLE_DIMENSION,current28,2026-07-13,2026-08-09,sc-domain:fermatmind.com,web,page,https://fermatmind.com/en/career/jobs/weatherization-installers-and-technicians,0,5,0.0,18.6,621,1000,NOT_AVAILABLE_IN_UI_EXPORT,Single-dimension GSC UI export; rows cannot be joined across dimensions; top-row and UI cap limitations apply.
VERIFIED_GSC_UI_SINGLE_DIMENSION,current28,2026-07-13,2026-08-09,sc-domain:fermatmind.com,web,page,https://fermatmind.com/en/career/jobs/podiatrists,0,5,0.0,19.6,622,1000,NOT_AVAILABLE_IN_UI_EXPORT,Single-dimension GSC UI export; rows cannot be joined across dimensions; top-row and UI cap limitations apply.
VERIFIED_GSC_UI_SINGLE_DIMENSION,current28,2026-07-13,2026-08-09,sc-domain:fermatmind.com,web,page,https://fermatmind.com/en/personality/big-five/facets/vulnerability,0,5,0.0,20.4,623,1000,NOT_AVAILABLE_IN_UI_EXPORT,Single-dimension GSC UI export; rows cannot be joined across dimensions; top-row and UI cap limitations apply.
VERIFIED_GSC_UI_SINGLE_DIMENSION,current28,2026-07-13,2026-08-09,sc-domain:fermatmind.com,web,page,https://fermatmind.com/en/career/jobs/solar-energy-systems-engineers,0,5,0.0,21.4,624,1000,NOT_AVAILABLE_IN_UI_EXPORT,Single-dimension GSC UI export; rows cannot be joined across dimensions; top-row and UI cap limitations apply.
VERIFIED_GSC_UI_SINGLE_DIMENSION,current28,2026-07-13,2026-08-09,sc-domain:fermatmind.com,web,page,https://fermatmind.com/en/career/jobs/psychology-teachers-postsecondary,0,5,0.0,22.0,625,1000,NOT_AVAILABLE_IN_UI_EXPORT,Single-dimension GSC UI export; rows cannot be joined across dimensions; top-row and UI cap limitations apply.
VERIFIED_GSC_UI_SINGLE_DIMENSION,current28,2026-07-13,2026-08-09,sc-domain:fermatmind.com,web,page,https://fermatmind.com/en/career/jobs/health-specialties-teachers-postsecondary,0,5,0.0,22.8,626,1000,NOT_AVAILABLE_IN_UI_EXPORT,Single-dimension GSC UI export; rows cannot be joined across dimensions; top-row and UI cap limitations apply.
VERIFIED_GSC_UI_SINGLE_DIMENSION,current28,2026-07-13,2026-08-09,sc-domain:fermatmind.com,web,page,https://fermatmind.com/zh/career/jobs/bicycle-repairers,0,5,0.0,25.0,627,1000,NOT_AVAILABLE_IN_UI_EXPORT,Single-dimension GSC UI export; rows cannot be joined across dimensions; top-row and UI cap limitations apply.
VERIFIED_GSC_UI_SINGLE_DIMENSION,current28,2026-07-13,2026-08-09,sc-domain:fermatmind.com,web,page,https://fermatmind.com/zh/career/jobs/hydrologists,0,5,0.0,25.4,628,1000,NOT_AVAILABLE_IN_UI_EXPORT,Single-dimension GSC UI export; rows cannot be joined across dimensions; top-row and UI cap limitations apply.
VERIFIED_GSC_UI_SINGLE_DIMENSION,current28,2026-07-13,2026-08-09,sc-domain:fermatmind.com,web,page,https://fermatmind.com/en/common-misconceptions,0,5,0.0,28.6,629,1000,NOT_AVAILABLE_IN_UI_EXPORT,Single-dimension GSC UI export; rows cannot be joined across dimensions; top-row and UI cap limitations apply.
VERIFIED_GSC_UI_SINGLE_DIMENSION,current28,2026-07-13,2026-08-09,sc-domain:fermatmind.com,web,page,https://fermatmind.com/zh/personality/big-five/facets/anxiety,0,5,0.0,32.4,630,1000,NOT_AVAILABLE_IN_UI_EXPORT,Single-dimension GSC UI export; rows cannot be joined across dimensions; top-row and UI cap limitations apply.
VERIFIED_GSC_UI_SINGLE_DIMENSION,current28,2026-07-13,2026-08-09,sc-domain:fermatmind.com,web,page,https://fermatmind.com/zh/career/jobs/loss-prevention-managers,0,5,0.0,33.4,631,1000,NOT_AVAILABLE_IN_UI_EXPORT,Single-dimension GSC UI export; rows cannot be joined across dimensions; top-row and UI cap limitations apply.
VERIFIED_GSC_UI_SINGLE_DIMENSION,current28,2026-07-13,2026-08-09,sc-domain:fermatmind.com,web,page,https://fermatmind.com/zh/career/jobs/education-administrators-postsecondary,0,5,0.0,33.8,632,1000,NOT_AVAILABLE_IN_UI_EXPORT,Single-dimension GSC UI export; rows cannot be joined across dimensions; top-row and UI cap limitations apply.
VERIFIED_GSC_UI_SINGLE_DIMENSION,current28,2026-07-13,2026-08-09,sc-domain:fermatmind.com,web,page,https://fermatmind.com/zh/career/jobs/library-technicians,0,5,0.0,34.4,633,1000,NOT_AVAILABLE_IN_UI_EXPORT,Single-dimension GSC UI export; rows cannot be joined across dimensions; top-row and UI cap limitations apply.
VERIFIED_GSC_UI_SINGLE_DIMENSION,current28,2026-07-13,2026-08-09,sc-domain:fermatmind.com,web,page,https://fermatmind.com/zh/career/jobs/flight-attendants,0,5,0.0,34.8,634,1000,NOT_AVAILABLE_IN_UI_EXPORT,Single-dimension GSC UI export; rows cannot be joined across dimensions; top-row and UI cap limitations apply.
VERIFIED_GSC_UI_SINGLE_DIMENSION,current28,2026-07-13,2026-08-09,sc-domain:fermatmind.com,web,page,https://fermatmind.com/zh/career/jobs/architecture-teachers-postsecondary,0,5,0.0,64.0,635,1000,NOT_AVAILABLE_IN_UI_EXPORT,Single-dimension GSC UI export; rows cannot be joined across dimensions; top-row and UI cap limitations apply.
VERIFIED_GSC_UI_SINGLE_DIMENSION,current28,2026-07-13,2026-08-09,sc-domain:fermatmind.com,web,page,https://fermatmind.com/zh/foundation,0,4,0.0,2.25,636,1000,NOT_AVAILABLE_IN_UI_EXPORT,Single-dimension GSC UI export; rows cannot be joined across dimensions; top-row and UI cap limitations apply.
VERIFIED_GSC_UI_SINGLE_DIMENSION,current28,2026-07-13,2026-08-09,sc-domain:fermatmind.com,web,page,https://fermatmind.com/zh/personality/enneagram/type-5/instincts/one-to-one,0,4,0.0,3.5,637,1000,NOT_AVAILABLE_IN_UI_EXPORT,Single-dimension GSC UI export; rows cannot be joined across dimensions; top-row and UI cap limitations apply.
VERIFIED_GSC_UI_SINGLE_DIMENSION,current28,2026-07-13,2026-08-09,sc-domain:fermatmind.com,web,page,https://fermatmind.com/zh/career/jobs/demonstrators-and-product-promoters,0,4,0.0,4.25,638,1000,NOT_AVAILABLE_IN_UI_EXPORT,Single-dimension GSC UI export; rows cannot be joined across dimensions; top-row and UI cap limitations apply.
VERIFIED_GSC_UI_SINGLE_DIMENSION,current28,2026-07-13,2026-08-09,sc-domain:fermatmind.com,web,page,https://fermatmind.com/zh/career/jobs/insurance-claims-and-policy-processing-clerks,0,4,0.0,4.25,639,1000,NOT_AVAILABLE_IN_UI_EXPORT,Single-dimension GSC UI export; rows cannot be joined across dimensions; top-row and UI cap limitations apply.
VERIFIED_GSC_UI_SINGLE_DIMENSION,current28,2026-07-13,2026-08-09,sc-domain:fermatmind.com,web,page,https://fermatmind.com/zh/career/jobs/septic-tank-servicers-and-sewer-pipe-cleaners,0,4,0.0,4.25,640,1000,NOT_AVAILABLE_IN_UI_EXPORT,Single-dimension GSC UI export; rows cannot be joined across dimensions; top-row and UI cap limitations apply.
VERIFIED_GSC_UI_SINGLE_DIMENSION,current28,2026-07-13,2026-08-09,sc-domain:fermatmind.com,web,page,https://fermatmind.com/zh/personality/enneagram/type-5/instincts/self-preservation,0,4,0.0,4.5,641,1000,NOT_AVAILABLE_IN_UI_EXPORT,Single-dimension GSC UI export; rows cannot be joined across dimensions; top-row and UI cap limitations apply.
VERIFIED_GSC_UI_SINGLE_DIMENSION,current28,2026-07-13,2026-08-09,sc-domain:fermatmind.com,web,page,https://fermatmind.com/zh/career/jobs/costume-attendants,0,4,0.0,4.75,642,1000,NOT_AVAILABLE_IN_UI_EXPORT,Single-dimension GSC UI export; rows cannot be joined across dimensions; top-row and UI cap limitations apply.
VERIFIED_GSC_UI_SINGLE_DIMENSION,current28,2026-07-13,2026-08-09,sc-domain:fermatmind.com,web,page,https://fermatmind.com/zh/career/jobs/extruding-and-forming-machine-setters-operators-and-tenders-synthetic-and-glass-fibers,0,4,0.0,5.0,643,1000,NOT_AVAILABLE_IN_UI_EXPORT,Single-dimension GSC UI export; rows cannot be joined across dimensions; top-row and UI cap limitations apply.
VERIFIED_GSC_UI_SINGLE_DIMENSION,current28,2026-07-13,2026-08-09,sc-domain:fermatmind.com,web,page,https://fermatmind.com/zh/career/guides/interview-strategy-by-role,0,4,0.0,5.5,644,1000,NOT_AVAILABLE_IN_UI_EXPORT,Single-dimension GSC UI export; rows cannot be joined across dimensions; top-row and UI cap limitations apply.
VERIFIED_GSC_UI_SINGLE_DIMENSION,current28,2026-07-13,2026-08-09,sc-domain:fermatmind.com,web,page,https://fermatmind.com/zh/career/jobs/ophthalmic-laboratory-technicians,0,4,0.0,5.5,645,1000,NOT_AVAILABLE_IN_UI_EXPORT,Single-dimension GSC UI export; rows cannot be joined across dimensions; top-row and UI cap limitations apply.
VERIFIED_GSC_UI_SINGLE_DIMENSION,current28,2026-07-13,2026-08-09,sc-domain:fermatmind.com,web,page,https://fermatmind.com/en/career/jobs/electrical-and-electronic-equipment-assemblers,0,4,0.0,6.5,646,1000,NOT_AVAILABLE_IN_UI_EXPORT,Single-dimension GSC UI export; rows cannot be joined across dimensions; top-row and UI cap limitations apply.
VERIFIED_GSC_UI_SINGLE_DIMENSION,current28,2026-07-13,2026-08-09,sc-domain:fermatmind.com,web,page,https://fermatmind.com/zh/career/jobs/camera-and-photographic-equipment-repairers,0,4,0.0,6.5,647,1000,NOT_AVAILABLE_IN_UI_EXPORT,Single-dimension GSC UI export; rows cannot be joined across dimensions; top-row and UI cap limitations apply.
VERIFIED_GSC_UI_SINGLE_DIMENSION,current28,2026-07-13,2026-08-09,sc-domain:fermatmind.com,web,page,https://fermatmind.com/zh/career/jobs/first-line-supervisors-of-office-and-administrative-support-workers,0,4,0.0,6.5,648,1000,NOT_AVAILABLE_IN_UI_EXPORT,Single-dimension GSC UI export; rows cannot be joined across dimensions; top-row and UI cap limitations apply.
VERIFIED_GSC_UI_SINGLE_DIMENSION,current28,2026-07-13,2026-08-09,sc-domain:fermatmind.com,web,page,https://fermatmind.com/en/career/jobs/radio-cellular-and-tower-equipment-installers-and-repairers,0,4,0.0,6.75,649,1000,NOT_AVAILABLE_IN_UI_EXPORT,Single-dimension GSC UI export; rows cannot be joined across dimensions; top-row and UI cap limitations apply.
VERIFIED_GSC_UI_SINGLE_DIMENSION,current28,2026-07-13,2026-08-09,sc-domain:fermatmind.com,web,page,https://fermatmind.com/zh/career/jobs/gas-compressor-and-gas-pumping-station-operators,0,4,0.0,6.75,650,1000,NOT_AVAILABLE_IN_UI_EXPORT,Single-dimension GSC UI export; rows cannot be joined across dimensions; top-row and UI cap limitations apply.
VERIFIED_GSC_UI_SINGLE_DIMENSION,current28,2026-07-13,2026-08-09,sc-domain:fermatmind.com,web,page,https://fermatmind.com/zh/career/jobs/procurement-clerks,0,4,0.0,6.75,651,1000,NOT_AVAILABLE_IN_UI_EXPORT,Single-dimension GSC UI export; rows cannot be joined across dimensions; top-row and UI cap limitations apply.
VERIFIED_GSC_UI_SINGLE_DIMENSION,current28,2026-07-13,2026-08-09,sc-domain:fermatmind.com,web,page,https://fermatmind.com/zh/career/jobs/mining-and-geological-engineers,0,4,0.0,7.0,652,1000,NOT_AVAILABLE_IN_UI_EXPORT,Single-dimension GSC UI export; rows cannot be joined across dimensions; top-row and UI cap limitations apply.
VERIFIED_GSC_UI_SINGLE_DIMENSION,current28,2026-07-13,2026-08-09,sc-domain:fermatmind.com,web,page,https://fermatmind.com/zh/career/jobs/molders-shapers-and-casters-except-metal-and-plastic,0,4,0.0,7.0,653,1000,NOT_AVAILABLE_IN_UI_EXPORT,Single-dimension GSC UI export; rows cannot be joined across dimensions; top-row and UI cap limitations apply.
VERIFIED_GSC_UI_SINGLE_DIMENSION,current28,2026-07-13,2026-08-09,sc-domain:fermatmind.com,web,page,https://fermatmind.com/en/career/jobs/travel-agents,0,4,0.0,7.5,654,1000,NOT_AVAILABLE_IN_UI_EXPORT,Single-dimension GSC UI export; rows cannot be joined across dimensions; top-row and UI cap limitations apply.
VERIFIED_GSC_UI_SINGLE_DIMENSION,current28,2026-07-13,2026-08-09,sc-domain:fermatmind.com,web,page,https://fermatmind.com/zh/career/jobs/fraud-examiners-investigators-and-analysts,0,4,0.0,7.5,655,1000,NOT_AVAILABLE_IN_UI_EXPORT,Single-dimension GSC UI export; rows cannot be joined across dimensions; top-row and UI cap limitations apply.
VERIFIED_GSC_UI_SINGLE_DIMENSION,current28,2026-07-13,2026-08-09,sc-domain:fermatmind.com,web,page,https://fermatmind.com/zh/career/jobs/magnetic-resonance-imaging-technologists,0,4,0.0,7.5,656,1000,NOT_AVAILABLE_IN_UI_EXPORT,Single-dimension GSC UI export; rows cannot be joined across dimensions; top-row and UI cap limitations apply.
VERIFIED_GSC_UI_SINGLE_DIMENSION,current28,2026-07-13,2026-08-09,sc-domain:fermatmind.com,web,page,https://fermatmind.com/zh/career/jobs/private-detectives-and-investigators,0,4,0.0,7.5,657,1000,NOT_AVAILABLE_IN_UI_EXPORT,Single-dimension GSC UI export; rows cannot be joined across dimensions; top-row and UI cap limitations apply.
VERIFIED_GSC_UI_SINGLE_DIMENSION,current28,2026-07-13,2026-08-09,sc-domain:fermatmind.com,web,page,https://fermatmind.com/en/career/jobs/wind-turbine-service-technicians,0,4,0.0,7.75,658,1000,NOT_AVAILABLE_IN_UI_EXPORT,Single-dimension GSC UI export; rows cannot be joined across dimensions; top-row and UI cap limitations apply.
VERIFIED_GSC_UI_SINGLE_DIMENSION,current28,2026-07-13,2026-08-09,sc-domain:fermatmind.com,web,page,https://fermatmind.com/zh/career/jobs/nanotechnology-engineering-technologists-and-technicians,0,4,0.0,7.75,659,1000,NOT_AVAILABLE_IN_UI_EXPORT,Single-dimension GSC UI export; rows cannot be joined across dimensions; top-row and UI cap limitations apply.
VERIFIED_GSC_UI_SINGLE_DIMENSION,current28,2026-07-13,2026-08-09,sc-domain:fermatmind.com,web,page,https://fermatmind.com/en/personality/enneagram/centers/head,0,4,0.0,8.0,660,1000,NOT_AVAILABLE_IN_UI_EXPORT,Single-dimension GSC UI export; rows cannot be joined across dimensions; top-row and UI cap limitations apply.
VERIFIED_GSC_UI_SINGLE_DIMENSION,current28,2026-07-13,2026-08-09,sc-domain:fermatmind.com,web,page,https://fermatmind.com/en/personality/estp-t,0,4,0.0,8.0,661,1000,NOT_AVAILABLE_IN_UI_EXPORT,Single-dimension GSC UI export; rows cannot be joined across dimensions; top-row and UI cap limitations apply.
VERIFIED_GSC_UI_SINGLE_DIMENSION,current28,2026-07-13,2026-08-09,sc-domain:fermatmind.com,web,page,https://fermatmind.com/zh/articles/big-five-stress-response-patterns-without-diagnosis,0,4,0.0,8.0,662,1000,NOT_AVAILABLE_IN_UI_EXPORT,Single-dimension GSC UI export; rows cannot be joined across dimensions; top-row and UI cap limitations apply.
VERIFIED_GSC_UI_SINGLE_DIMENSION,current28,2026-07-13,2026-08-09,sc-domain:fermatmind.com,web,page,https://fermatmind.com/zh/career/jobs/geographic-information-systems-technologists-and-technicians,0,4,0.0,8.0,663,1000,NOT_AVAILABLE_IN_UI_EXPORT,Single-dimension GSC UI export; rows cannot be joined across dimensions; top-row and UI cap limitations apply.
VERIFIED_GSC_UI_SINGLE_DIMENSION,current28,2026-07-13,2026-08-09,sc-domain:fermatmind.com,web,page,https://fermatmind.com/zh/career/jobs/veterinary-assistants-and-laboratory-animal-caretakers,0,4,0.0,8.0,664,1000,NOT_AVAILABLE_IN_UI_EXPORT,Single-dimension GSC UI export; rows cannot be joined across dimensions; top-row and UI cap limitations apply.
VERIFIED_GSC_UI_SINGLE_DIMENSION,current28,2026-07-13,2026-08-09,sc-domain:fermatmind.com,web,page,https://fermatmind.com/en/career/jobs/potters-manufacturing,0,4,0.0,8.25,665,1000,NOT_AVAILABLE_IN_UI_EXPORT,Single-dimension GSC UI export; rows cannot be joined across dimensions; top-row and UI cap limitations apply.
VERIFIED_GSC_UI_SINGLE_DIMENSION,current28,2026-07-13,2026-08-09,sc-domain:fermatmind.com,web,page,https://fermatmind.com/zh/career/jobs/textile-winding-twisting-and-drawing-out-machine-setters-operators-and-tenders,0,4,0.0,8.5,666,1000,NOT_AVAILABLE_IN_UI_EXPORT,Single-dimension GSC UI export; rows cannot be joined across dimensions; top-row and UI cap limitations apply.
VERIFIED_GSC_UI_SINGLE_DIMENSION,current28,2026-07-13,2026-08-09,sc-domain:fermatmind.com,web,page,https://fermatmind.com/en/career/jobs/emts-and-paramedics,0,4,0.0,9.0,667,1000,NOT_AVAILABLE_IN_UI_EXPORT,Single-dimension GSC UI export; rows cannot be joined across dimensions; top-row and UI cap limitations apply.
VERIFIED_GSC_UI_SINGLE_DIMENSION,current28,2026-07-13,2026-08-09,sc-domain:fermatmind.com,web,page,https://fermatmind.com/zh/career/jobs/directors-religious-activities-and-education,0,4,0.0,9.0,668,1000,NOT_AVAILABLE_IN_UI_EXPORT,Single-dimension GSC UI export; rows cannot be joined across dimensions; top-row and UI cap limitations apply.
VERIFIED_GSC_UI_SINGLE_DIMENSION,current28,2026-07-13,2026-08-09,sc-domain:fermatmind.com,web,page,https://fermatmind.com/en/career/jobs/first-line-supervisors-of-police-and-detectives,0,4,0.0,9.75,669,1000,NOT_AVAILABLE_IN_UI_EXPORT,Single-dimension GSC UI export; rows cannot be joined across dimensions; top-row and UI cap limitations apply.
VERIFIED_GSC_UI_SINGLE_DIMENSION,current28,2026-07-13,2026-08-09,sc-domain:fermatmind.com,web,page,https://fermatmind.com/en/career/jobs/structural-iron-and-steel-workers,0,4,0.0,9.75,670,1000,NOT_AVAILABLE_IN_UI_EXPORT,Single-dimension GSC UI export; rows cannot be joined across dimensions; top-row and UI cap limitations apply.
VERIFIED_GSC_UI_SINGLE_DIMENSION,current28,2026-07-13,2026-08-09,sc-domain:fermatmind.com,web,page,https://fermatmind.com/zh/career/jobs/farmworkers-and-laborers-crop-nursery-and-greenhouse,0,4,0.0,9.75,671,1000,NOT_AVAILABLE_IN_UI_EXPORT,Single-dimension GSC UI export; rows cannot be joined across dimensions; top-row and UI cap limitations apply.
VERIFIED_GSC_UI_SINGLE_DIMENSION,current28,2026-07-13,2026-08-09,sc-domain:fermatmind.com,web,page,https://fermatmind.com/en/personality/entj-a,0,4,0.0,10.25,672,1000,NOT_AVAILABLE_IN_UI_EXPORT,Single-dimension GSC UI export; rows cannot be joined across dimensions; top-row and UI cap limitations apply.
VERIFIED_GSC_UI_SINGLE_DIMENSION,current28,2026-07-13,2026-08-09,sc-domain:fermatmind.com,web,page,https://fermatmind.com/zh/career/jobs/rehabilitation-counselors,0,4,0.0,10.5,673,1000,NOT_AVAILABLE_IN_UI_EXPORT,Single-dimension GSC UI export; rows cannot be joined across dimensions; top-row and UI cap limitations apply.
VERIFIED_GSC_UI_SINGLE_DIMENSION,current28,2026-07-13,2026-08-09,sc-domain:fermatmind.com,web,page,https://fermatmind.com/en/career/jobs/helpers-carpenters,0,4,0.0,11.0,674,1000,NOT_AVAILABLE_IN_UI_EXPORT,Single-dimension GSC UI export; rows cannot be joined across dimensions; top-row and UI cap limitations apply.
VERIFIED_GSC_UI_SINGLE_DIMENSION,current28,2026-07-13,2026-08-09,sc-domain:fermatmind.com,web,page,https://fermatmind.com/en/career/jobs/logistics-analysts,0,4,0.0,11.75,675,1000,NOT_AVAILABLE_IN_UI_EXPORT,Single-dimension GSC UI export; rows cannot be joined across dimensions; top-row and UI cap limitations apply.
VERIFIED_GSC_UI_SINGLE_DIMENSION,current28,2026-07-13,2026-08-09,sc-domain:fermatmind.com,web,page,https://fermatmind.com/zh/articles/habits-and-big-five-traits-behavior-is-not-identity,0,4,0.0,11.75,676,1000,NOT_AVAILABLE_IN_UI_EXPORT,Single-dimension GSC UI export; rows cannot be joined across dimensions; top-row and UI cap limitations apply.
VERIFIED_GSC_UI_SINGLE_DIMENSION,current28,2026-07-13,2026-08-09,sc-domain:fermatmind.com,web,page,https://fermatmind.com/en/career/jobs/psychiatric-technicians,0,4,0.0,12.0,677,1000,NOT_AVAILABLE_IN_UI_EXPORT,Single-dimension GSC UI export; rows cannot be joined across dimensions; top-row and UI cap limitations apply.
VERIFIED_GSC_UI_SINGLE_DIMENSION,current28,2026-07-13,2026-08-09,sc-domain:fermatmind.com,web,page,https://fermatmind.com/zh/career/jobs/carpenters,0,4,0.0,12.5,678,1000,NOT_AVAILABLE_IN_UI_EXPORT,Single-dimension GSC UI export; rows cannot be joined across dimensions; top-row and UI cap limitations apply.
VERIFIED_GSC_UI_SINGLE_DIMENSION,current28,2026-07-13,2026-08-09,sc-domain:fermatmind.com,web,page,https://fermatmind.com/zh/career/jobs/poets-lyricists-and-creative-writers,0,4,0.0,12.5,679,1000,NOT_AVAILABLE_IN_UI_EXPORT,Single-dimension GSC UI export; rows cannot be joined across dimensions; top-row and UI cap limitations apply.
VERIFIED_GSC_UI_SINGLE_DIMENSION,current28,2026-07-13,2026-08-09,sc-domain:fermatmind.com,web,page,https://fermatmind.com/zh/career/jobs/fiberglass-laminators-and-fabricators,0,4,0.0,13.0,680,1000,NOT_AVAILABLE_IN_UI_EXPORT,Single-dimension GSC UI export; rows cannot be joined across dimensions; top-row and UI cap limitations apply.
VERIFIED_GSC_UI_SINGLE_DIMENSION,current28,2026-07-13,2026-08-09,sc-domain:fermatmind.com,web,page,https://fermatmind.com/en/career/jobs/carpet-installers,0,4,0.0,14.25,681,1000,NOT_AVAILABLE_IN_UI_EXPORT,Single-dimension GSC UI export; rows cannot be joined across dimensions; top-row and UI cap limitations apply.
VERIFIED_GSC_UI_SINGLE_DIMENSION,current28,2026-07-13,2026-08-09,sc-domain:fermatmind.com,web,page,https://fermatmind.com/zh/career/jobs/genetic-counselors,0,4,0.0,15.25,682,1000,NOT_AVAILABLE_IN_UI_EXPORT,Single-dimension GSC UI export; rows cannot be joined across dimensions; top-row and UI cap limitations apply.
VERIFIED_GSC_UI_SINGLE_DIMENSION,current28,2026-07-13,2026-08-09,sc-domain:fermatmind.com,web,page,https://fermatmind.com/zh/career/jobs/chemistry-teachers-postsecondary,0,4,0.0,15.75,683,1000,NOT_AVAILABLE_IN_UI_EXPORT,Single-dimension GSC UI export; rows cannot be joined across dimensions; top-row and UI cap limitations apply.
VERIFIED_GSC_UI_SINGLE_DIMENSION,current28,2026-07-13,2026-08-09,sc-domain:fermatmind.com,web,page,https://fermatmind.com/en/career/jobs/segmental-pavers,0,4,0.0,16.5,684,1000,NOT_AVAILABLE_IN_UI_EXPORT,Single-dimension GSC UI export; rows cannot be joined across dimensions; top-row and UI cap limitations apply.
VERIFIED_GSC_UI_SINGLE_DIMENSION,current28,2026-07-13,2026-08-09,sc-domain:fermatmind.com,web,page,https://fermatmind.com/zh/career/jobs/preventive-medicine-physicians,0,4,0.0,16.5,685,1000,NOT_AVAILABLE_IN_UI_EXPORT,Single-dimension GSC UI export; rows cannot be joined across dimensions; top-row and UI cap limitations apply.
VERIFIED_GSC_UI_SINGLE_DIMENSION,current28,2026-07-13,2026-08-09,sc-domain:fermatmind.com,web,page,https://fermatmind.com/en/career/jobs/urologists,0,4,0.0,17.0,686,1000,NOT_AVAILABLE_IN_UI_EXPORT,Single-dimension GSC UI export; rows cannot be joined across dimensions; top-row and UI cap limitations apply.
VERIFIED_GSC_UI_SINGLE_DIMENSION,current28,2026-07-13,2026-08-09,sc-domain:fermatmind.com,web,page,https://fermatmind.com/en/career/jobs/retail-sales-workers,0,4,0.0,17.5,687,1000,NOT_AVAILABLE_IN_UI_EXPORT,Single-dimension GSC UI export; rows cannot be joined across dimensions; top-row and UI cap limitations apply.
VERIFIED_GSC_UI_SINGLE_DIMENSION,current28,2026-07-13,2026-08-09,sc-domain:fermatmind.com,web,page,https://fermatmind.com/en/career/jobs/correctional-officers,0,4,0.0,17.75,688,1000,NOT_AVAILABLE_IN_UI_EXPORT,Single-dimension GSC UI export; rows cannot be joined across dimensions; top-row and UI cap limitations apply.
VERIFIED_GSC_UI_SINGLE_DIMENSION,current28,2026-07-13,2026-08-09,sc-domain:fermatmind.com,web,page,https://fermatmind.com/en/help/faq,0,4,0.0,17.75,689,1000,NOT_AVAILABLE_IN_UI_EXPORT,Single-dimension GSC UI export; rows cannot be joined across dimensions; top-row and UI cap limitations apply.
VERIFIED_GSC_UI_SINGLE_DIMENSION,current28,2026-07-13,2026-08-09,sc-domain:fermatmind.com,web,page,https://fermatmind.com/en/career/jobs/tutors,0,4,0.0,19.0,690,1000,NOT_AVAILABLE_IN_UI_EXPORT,Single-dimension GSC UI export; rows cannot be joined across dimensions; top-row and UI cap limitations apply.
VERIFIED_GSC_UI_SINGLE_DIMENSION,current28,2026-07-13,2026-08-09,sc-domain:fermatmind.com,web,page,https://fermatmind.com/en/career/jobs/hospitalists,0,4,0.0,19.25,691,1000,NOT_AVAILABLE_IN_UI_EXPORT,Single-dimension GSC UI export; rows cannot be joined across dimensions; top-row and UI cap limitations apply.
VERIFIED_GSC_UI_SINGLE_DIMENSION,current28,2026-07-13,2026-08-09,sc-domain:fermatmind.com,web,page,https://fermatmind.com/en/personality/enneagram,0,4,0.0,19.25,692,1000,NOT_AVAILABLE_IN_UI_EXPORT,Single-dimension GSC UI export; rows cannot be joined across dimensions; top-row and UI cap limitations apply.
VERIFIED_GSC_UI_SINGLE_DIMENSION,current28,2026-07-13,2026-08-09,sc-domain:fermatmind.com,web,page,https://fermatmind.com/en/career/jobs/agricultural-engineers,0,4,0.0,19.5,693,1000,NOT_AVAILABLE_IN_UI_EXPORT,Single-dimension GSC UI export; rows cannot be joined across dimensions; top-row and UI cap limitations apply.
VERIFIED_GSC_UI_SINGLE_DIMENSION,current28,2026-07-13,2026-08-09,sc-domain:fermatmind.com,web,page,https://fermatmind.com/en/career/jobs/physical-therapist-assistants,0,4,0.0,19.5,694,1000,NOT_AVAILABLE_IN_UI_EXPORT,Single-dimension GSC UI export; rows cannot be joined across dimensions; top-row and UI cap limitations apply.
VERIFIED_GSC_UI_SINGLE_DIMENSION,current28,2026-07-13,2026-08-09,sc-domain:fermatmind.com,web,page,https://fermatmind.com/en/career/jobs/anesthesiologists,0,4,0.0,20.0,695,1000,NOT_AVAILABLE_IN_UI_EXPORT,Single-dimension GSC UI export; rows cannot be joined across dimensions; top-row and UI cap limitations apply.
VERIFIED_GSC_UI_SINGLE_DIMENSION,current28,2026-07-13,2026-08-09,sc-domain:fermatmind.com,web,page,https://fermatmind.com/zh/career/jobs/signal-and-track-switch-repairers,0,4,0.0,21.0,696,1000,NOT_AVAILABLE_IN_UI_EXPORT,Single-dimension GSC UI export; rows cannot be joined across dimensions; top-row and UI cap limitations apply.
VERIFIED_GSC_UI_SINGLE_DIMENSION,current28,2026-07-13,2026-08-09,sc-domain:fermatmind.com,web,page,https://fermatmind.com/en/career/jobs/talent-directors,0,4,0.0,21.5,697,1000,NOT_AVAILABLE_IN_UI_EXPORT,Single-dimension GSC UI export; rows cannot be joined across dimensions; top-row and UI cap limitations apply.
VERIFIED_GSC_UI_SINGLE_DIMENSION,current28,2026-07-13,2026-08-09,sc-domain:fermatmind.com,web,page,https://fermatmind.com/zh/career/jobs/materials-scientists,0,4,0.0,23.0,698,1000,NOT_AVAILABLE_IN_UI_EXPORT,Single-dimension GSC UI export; rows cannot be joined across dimensions; top-row and UI cap limitations apply.
VERIFIED_GSC_UI_SINGLE_DIMENSION,current28,2026-07-13,2026-08-09,sc-domain:fermatmind.com,web,page,https://fermatmind.com/zh/career/jobs/secretaries-and-administrative-assistants,0,4,0.0,23.25,699,1000,NOT_AVAILABLE_IN_UI_EXPORT,Single-dimension GSC UI export; rows cannot be joined across dimensions; top-row and UI cap limitations apply.
VERIFIED_GSC_UI_SINGLE_DIMENSION,current28,2026-07-13,2026-08-09,sc-domain:fermatmind.com,web,page,https://fermatmind.com/en/career/jobs/prepress-technicians-and-workers,0,4,0.0,25.25,700,1000,NOT_AVAILABLE_IN_UI_EXPORT,Single-dimension GSC UI export; rows cannot be joined across dimensions; top-row and UI cap limitations apply.
VERIFIED_GSC_UI_SINGLE_DIMENSION,current28,2026-07-13,2026-08-09,sc-domain:fermatmind.com,web,page,https://fermatmind.com/zh/career/industries/management,0,4,0.0,25.5,701,1000,NOT_AVAILABLE_IN_UI_EXPORT,Single-dimension GSC UI export; rows cannot be joined across dimensions; top-row and UI cap limitations apply.
VERIFIED_GSC_UI_SINGLE_DIMENSION,current28,2026-07-13,2026-08-09,sc-domain:fermatmind.com,web,page,https://fermatmind.com/en/career/jobs/ophthalmologists-except-pediatric,0,4,0.0,25.75,702,1000,NOT_AVAILABLE_IN_UI_EXPORT,Single-dimension GSC UI export; rows cannot be joined across dimensions; top-row and UI cap limitations apply.
VERIFIED_GSC_UI_SINGLE_DIMENSION,current28,2026-07-13,2026-08-09,sc-domain:fermatmind.com,web,page,https://fermatmind.com/en/career/jobs/epidemiologists,0,4,0.0,26.5,703,1000,NOT_AVAILABLE_IN_UI_EXPORT,Single-dimension GSC UI export; rows cannot be joined across dimensions; top-row and UI cap limitations apply.
VERIFIED_GSC_UI_SINGLE_DIMENSION,current28,2026-07-13,2026-08-09,sc-domain:fermatmind.com,web,page,https://fermatmind.com/en/personality/big-five/facets/anger,0,4,0.0,28.0,704,1000,NOT_AVAILABLE_IN_UI_EXPORT,Single-dimension GSC UI export; rows cannot be joined across dimensions; top-row and UI cap limitations apply.
VERIFIED_GSC_UI_SINGLE_DIMENSION,current28,2026-07-13,2026-08-09,sc-domain:fermatmind.com,web,page,https://fermatmind.com/zh/career/jobs/psychiatric-technicians,0,4,0.0,28.25,705,1000,NOT_AVAILABLE_IN_UI_EXPORT,Single-dimension GSC UI export; rows cannot be joined across dimensions; top-row and UI cap limitations apply.
VERIFIED_GSC_UI_SINGLE_DIMENSION,current28,2026-07-13,2026-08-09,sc-domain:fermatmind.com,web,page,https://fermatmind.com/zh/career/jobs/helpers-roofers,0,4,0.0,36.75,706,1000,NOT_AVAILABLE_IN_UI_EXPORT,Single-dimension GSC UI export; rows cannot be joined across dimensions; top-row and UI cap limitations apply.
VERIFIED_GSC_UI_SINGLE_DIMENSION,current28,2026-07-13,2026-08-09,sc-domain:fermatmind.com,web,page,https://fermatmind.com/zh/career/jobs/small-engine-mechanics,0,4,0.0,37.5,707,1000,NOT_AVAILABLE_IN_UI_EXPORT,Single-dimension GSC UI export; rows cannot be joined across dimensions; top-row and UI cap limitations apply.
VERIFIED_GSC_UI_SINGLE_DIMENSION,current28,2026-07-13,2026-08-09,sc-domain:fermatmind.com,web,page,https://fermatmind.com/zh/career/jobs/logistics-analysts,0,4,0.0,39.75,708,1000,NOT_AVAILABLE_IN_UI_EXPORT,Single-dimension GSC UI export; rows cannot be joined across dimensions; top-row and UI cap limitations apply.
VERIFIED_GSC_UI_SINGLE_DIMENSION,current28,2026-07-13,2026-08-09,sc-domain:fermatmind.com,web,page,https://fermatmind.com/zh/career/jobs/regulatory-affairs-specialists,0,4,0.0,40.75,709,1000,NOT_AVAILABLE_IN_UI_EXPORT,Single-dimension GSC UI export; rows cannot be joined across dimensions; top-row and UI cap limitations apply.
VERIFIED_GSC_UI_SINGLE_DIMENSION,current28,2026-07-13,2026-08-09,sc-domain:fermatmind.com,web,page,https://fermatmind.com/zh/career/jobs/dancers-and-choreographers,0,4,0.0,43.75,710,1000,NOT_AVAILABLE_IN_UI_EXPORT,Single-dimension GSC UI export; rows cannot be joined across dimensions; top-row and UI cap limitations apply.
VERIFIED_GSC_UI_SINGLE_DIMENSION,current28,2026-07-13,2026-08-09,sc-domain:fermatmind.com,web,page,https://fermatmind.com/zh/career/jobs/recreation-workers,0,4,0.0,51.5,711,1000,NOT_AVAILABLE_IN_UI_EXPORT,Single-dimension GSC UI export; rows cannot be joined across dimensions; top-row and UI cap limitations apply.
VERIFIED_GSC_UI_SINGLE_DIMENSION,current28,2026-07-13,2026-08-09,sc-domain:fermatmind.com,web,page,https://fermatmind.com/zh/career/jobs/sociology-teachers-postsecondary,0,4,0.0,53.25,712,1000,NOT_AVAILABLE_IN_UI_EXPORT,Single-dimension GSC UI export; rows cannot be joined across dimensions; top-row and UI cap limitations apply.
VERIFIED_GSC_UI_SINGLE_DIMENSION,current28,2026-07-13,2026-08-09,sc-domain:fermatmind.com,web,page,https://fermatmind.com/zh/career/jobs/mechanical-drafters,0,4,0.0,63.0,713,1000,NOT_AVAILABLE_IN_UI_EXPORT,Single-dimension GSC UI export; rows cannot be joined across dimensions; top-row and UI cap limitations apply.
VERIFIED_GSC_UI_SINGLE_DIMENSION,current28,2026-07-13,2026-08-09,sc-domain:fermatmind.com,web,page,https://fermatmind.com/en/tests/mbti-personality-test-16-personality-types-MBTI,0,4,0.0,76.25,714,1000,NOT_AVAILABLE_IN_UI_EXPORT,Single-dimension GSC UI export; rows cannot be joined across dimensions; top-row and UI cap limitations apply.
VERIFIED_GSC_UI_SINGLE_DIMENSION,current28,2026-07-13,2026-08-09,sc-domain:fermatmind.com,web,page,https://fermatmind.com/zh/career/jobs/first-line-supervisors-of-entertainment-and-recreation-workers-except-gambling-services,0,3,0.0,1.0,715,1000,NOT_AVAILABLE_IN_UI_EXPORT,Single-dimension GSC UI export; rows cannot be joined across dimensions; top-row and UI cap limitations apply.
VERIFIED_GSC_UI_SINGLE_DIMENSION,current28,2026-07-13,2026-08-09,sc-domain:fermatmind.com,web,page,https://fermatmind.com/en/topics/mbti,0,3,0.0,2.67,716,1000,NOT_AVAILABLE_IN_UI_EXPORT,Single-dimension GSC UI export; rows cannot be joined across dimensions; top-row and UI cap limitations apply.
VERIFIED_GSC_UI_SINGLE_DIMENSION,current28,2026-07-13,2026-08-09,sc-domain:fermatmind.com,web,page,https://fermatmind.com/zh/personality/big-five/agreeableness-mid,0,3,0.0,4.67,717,1000,NOT_AVAILABLE_IN_UI_EXPORT,Single-dimension GSC UI export; rows cannot be joined across dimensions; top-row and UI cap limitations apply.
VERIFIED_GSC_UI_SINGLE_DIMENSION,current28,2026-07-13,2026-08-09,sc-domain:fermatmind.com,web,page,https://fermatmind.com/en/personality/big-five/facets/depression,0,3,0.0,5.0,718,1000,NOT_AVAILABLE_IN_UI_EXPORT,Single-dimension GSC UI export; rows cannot be joined across dimensions; top-row and UI cap limitations apply.
VERIFIED_GSC_UI_SINGLE_DIMENSION,current28,2026-07-13,2026-08-09,sc-domain:fermatmind.com,web,page,https://fermatmind.com/en/career/jobs/fiberglass-laminators-and-fabricators,0,3,0.0,5.67,719,1000,NOT_AVAILABLE_IN_UI_EXPORT,Single-dimension GSC UI export; rows cannot be joined across dimensions; top-row and UI cap limitations apply.
VERIFIED_GSC_UI_SINGLE_DIMENSION,current28,2026-07-13,2026-08-09,sc-domain:fermatmind.com,web,page,https://fermatmind.com/en/career/jobs/first-line-supervisors-of-retail-sales-workers,0,3,0.0,5.67,720,1000,NOT_AVAILABLE_IN_UI_EXPORT,Single-dimension GSC UI export; rows cannot be joined across dimensions; top-row and UI cap limitations apply.
VERIFIED_GSC_UI_SINGLE_DIMENSION,current28,2026-07-13,2026-08-09,sc-domain:fermatmind.com,web,page,https://fermatmind.com/en/career/jobs/industrial-production-managers,0,3,0.0,5.67,721,1000,NOT_AVAILABLE_IN_UI_EXPORT,Single-dimension GSC UI export; rows cannot be joined across dimensions; top-row and UI cap limitations apply.
VERIFIED_GSC_UI_SINGLE_DIMENSION,current28,2026-07-13,2026-08-09,sc-domain:fermatmind.com,web,page,https://fermatmind.com/zh/career/jobs/foundry-mold-and-coremakers,0,3,0.0,5.67,722,1000,NOT_AVAILABLE_IN_UI_EXPORT,Single-dimension GSC UI export; rows cannot be joined across dimensions; top-row and UI cap limitations apply.
VERIFIED_GSC_UI_SINGLE_DIMENSION,current28,2026-07-13,2026-08-09,sc-domain:fermatmind.com,web,page,https://fermatmind.com/en/career/jobs/dancers,0,3,0.0,6.0,723,1000,NOT_AVAILABLE_IN_UI_EXPORT,Single-dimension GSC UI export; rows cannot be joined across dimensions; top-row and UI cap limitations apply.
VERIFIED_GSC_UI_SINGLE_DIMENSION,current28,2026-07-13,2026-08-09,sc-domain:fermatmind.com,web,page,https://fermatmind.com/en/career/jobs/cardiovascular-technologists-and-technicians,0,3,0.0,6.33,724,1000,NOT_AVAILABLE_IN_UI_EXPORT,Single-dimension GSC UI export; rows cannot be joined across dimensions; top-row and UI cap limitations apply.
VERIFIED_GSC_UI_SINGLE_DIMENSION,current28,2026-07-13,2026-08-09,sc-domain:fermatmind.com,web,page,https://fermatmind.com/en/item-design-notes,0,3,0.0,6.33,725,1000,NOT_AVAILABLE_IN_UI_EXPORT,Single-dimension GSC UI export; rows cannot be joined across dimensions; top-row and UI cap limitations apply.
VERIFIED_GSC_UI_SINGLE_DIMENSION,current28,2026-07-13,2026-08-09,sc-domain:fermatmind.com,web,page,https://fermatmind.com/en/career/jobs/exercise-trainers-and-group-fitness-instructors,0,3,0.0,6.67,726,1000,NOT_AVAILABLE_IN_UI_EXPORT,Single-dimension GSC UI export; rows cannot be joined across dimensions; top-row and UI cap limitations apply.
VERIFIED_GSC_UI_SINGLE_DIMENSION,current28,2026-07-13,2026-08-09,sc-domain:fermatmind.com,web,page,https://fermatmind.com/en/career/jobs/general-and-operations-managers,0,3,0.0,6.67,727,1000,NOT_AVAILABLE_IN_UI_EXPORT,Single-dimension GSC UI export; rows cannot be joined across dimensions; top-row and UI cap limitations apply.
VERIFIED_GSC_UI_SINGLE_DIMENSION,current28,2026-07-13,2026-08-09,sc-domain:fermatmind.com,web,page,https://fermatmind.com/en/career/jobs/law-teachers-postsecondary,0,3,0.0,6.67,728,1000,NOT_AVAILABLE_IN_UI_EXPORT,Single-dimension GSC UI export; rows cannot be joined across dimensions; top-row and UI cap limitations apply.
VERIFIED_GSC_UI_SINGLE_DIMENSION,current28,2026-07-13,2026-08-09,sc-domain:fermatmind.com,web,page,https://fermatmind.com/en/personality/big-five/facets/activity,0,3,0.0,6.67,729,1000,NOT_AVAILABLE_IN_UI_EXPORT,Single-dimension GSC UI export; rows cannot be joined across dimensions; top-row and UI cap limitations apply.
VERIFIED_GSC_UI_SINGLE_DIMENSION,current28,2026-07-13,2026-08-09,sc-domain:fermatmind.com,web,page,https://fermatmind.com/zh/personality/big-five/facets/achievement-striving,0,3,0.0,6.67,730,1000,NOT_AVAILABLE_IN_UI_EXPORT,Single-dimension GSC UI export; rows cannot be joined across dimensions; top-row and UI cap limitations apply.
VERIFIED_GSC_UI_SINGLE_DIMENSION,current28,2026-07-13,2026-08-09,sc-domain:fermatmind.com,web,page,https://fermatmind.com/zh/career/jobs/excavating-and-loading-machine-and-dragline-operators-surface-mining,0,3,0.0,7.0,731,1000,NOT_AVAILABLE_IN_UI_EXPORT,Single-dimension GSC UI export; rows cannot be joined across dimensions; top-row and UI cap limitations apply.
VERIFIED_GSC_UI_SINGLE_DIMENSION,current28,2026-07-13,2026-08-09,sc-domain:fermatmind.com,web,page,https://fermatmind.com/en/career/jobs/wind-energy-development-managers,0,3,0.0,7.33,732,1000,NOT_AVAILABLE_IN_UI_EXPORT,Single-dimension GSC UI export; rows cannot be joined across dimensions; top-row and UI cap limitations apply.
VERIFIED_GSC_UI_SINGLE_DIMENSION,current28,2026-07-13,2026-08-09,sc-domain:fermatmind.com,web,page,https://fermatmind.com/zh/career/jobs/interviewers-except-eligibility-and-loan,0,3,0.0,7.33,733,1000,NOT_AVAILABLE_IN_UI_EXPORT,Single-dimension GSC UI export; rows cannot be joined across dimensions; top-row and UI cap limitations apply.
VERIFIED_GSC_UI_SINGLE_DIMENSION,current28,2026-07-13,2026-08-09,sc-domain:fermatmind.com,web,page,https://fermatmind.com/en/career/jobs/educational-guidance-and-career-counselors-and-advisors,0,3,0.0,7.67,734,1000,NOT_AVAILABLE_IN_UI_EXPORT,Single-dimension GSC UI export; rows cannot be joined across dimensions; top-row and UI cap limitations apply.
VERIFIED_GSC_UI_SINGLE_DIMENSION,current28,2026-07-13,2026-08-09,sc-domain:fermatmind.com,web,page,https://fermatmind.com/zh/articles/mbti-full-report-career-relationship-communication,0,3,0.0,7.67,735,1000,NOT_AVAILABLE_IN_UI_EXPORT,Single-dimension GSC UI export; rows cannot be joined across dimensions; top-row and UI cap limitations apply.
VERIFIED_GSC_UI_SINGLE_DIMENSION,current28,2026-07-13,2026-08-09,sc-domain:fermatmind.com,web,page,https://fermatmind.com/en/personality/istp-a,0,3,0.0,8.0,736,1000,NOT_AVAILABLE_IN_UI_EXPORT,Single-dimension GSC UI export; rows cannot be joined across dimensions; top-row and UI cap limitations apply.
VERIFIED_GSC_UI_SINGLE_DIMENSION,current28,2026-07-13,2026-08-09,sc-domain:fermatmind.com,web,page,https://fermatmind.com/en/career/jobs/textile-winding-twisting-and-drawing-out-machine-setters-operators-and-tenders,0,3,0.0,8.67,737,1000,NOT_AVAILABLE_IN_UI_EXPORT,Single-dimension GSC UI export; rows cannot be joined across dimensions; top-row and UI cap limitations apply.
VERIFIED_GSC_UI_SINGLE_DIMENSION,current28,2026-07-13,2026-08-09,sc-domain:fermatmind.com,web,page,https://fermatmind.com/zh/career/industries/design,0,3,0.0,8.67,738,1000,NOT_AVAILABLE_IN_UI_EXPORT,Single-dimension GSC UI export; rows cannot be joined across dimensions; top-row and UI cap limitations apply.
VERIFIED_GSC_UI_SINGLE_DIMENSION,current28,2026-07-13,2026-08-09,sc-domain:fermatmind.com,web,page,https://fermatmind.com/zh/career/jobs/industrial-engineering-technicians,0,3,0.0,8.67,739,1000,NOT_AVAILABLE_IN_UI_EXPORT,Single-dimension GSC UI export; rows cannot be joined across dimensions; top-row and UI cap limitations apply.
VERIFIED_GSC_UI_SINGLE_DIMENSION,current28,2026-07-13,2026-08-09,sc-domain:fermatmind.com,web,page,https://fermatmind.com/zh/career/jobs/postal-service-mail-carriers,0,3,0.0,8.67,740,1000,NOT_AVAILABLE_IN_UI_EXPORT,Single-dimension GSC UI export; rows cannot be joined across dimensions; top-row and UI cap limitations apply.
VERIFIED_GSC_UI_SINGLE_DIMENSION,current28,2026-07-13,2026-08-09,sc-domain:fermatmind.com,web,page,https://fermatmind.com/en/career/jobs/architects,0,3,0.0,9.0,741,1000,NOT_AVAILABLE_IN_UI_EXPORT,Single-dimension GSC UI export; rows cannot be joined across dimensions; top-row and UI cap limitations apply.
VERIFIED_GSC_UI_SINGLE_DIMENSION,current28,2026-07-13,2026-08-09,sc-domain:fermatmind.com,web,page,https://fermatmind.com/en/career/jobs/dredge-operators,0,3,0.0,9.0,742,1000,NOT_AVAILABLE_IN_UI_EXPORT,Single-dimension GSC UI export; rows cannot be joined across dimensions; top-row and UI cap limitations apply.
VERIFIED_GSC_UI_SINGLE_DIMENSION,current28,2026-07-13,2026-08-09,sc-domain:fermatmind.com,web,page,https://fermatmind.com/zh/career/jobs/farm-and-home-management-educators,0,3,0.0,9.0,743,1000,NOT_AVAILABLE_IN_UI_EXPORT,Single-dimension GSC UI export; rows cannot be joined across dimensions; top-row and UI cap limitations apply.
VERIFIED_GSC_UI_SINGLE_DIMENSION,current28,2026-07-13,2026-08-09,sc-domain:fermatmind.com,web,page,https://fermatmind.com/en/career/jobs/foreign-language-and-literature-teachers-postsecondary,0,3,0.0,9.67,744,1000,NOT_AVAILABLE_IN_UI_EXPORT,Single-dimension GSC UI export; rows cannot be joined across dimensions; top-row and UI cap limitations apply.
VERIFIED_GSC_UI_SINGLE_DIMENSION,current28,2026-07-13,2026-08-09,sc-domain:fermatmind.com,web,page,https://fermatmind.com/en/career/jobs/medical-records-and-health-information-technicians,0,3,0.0,9.67,745,1000,NOT_AVAILABLE_IN_UI_EXPORT,Single-dimension GSC UI export; rows cannot be joined across dimensions; top-row and UI cap limitations apply.
VERIFIED_GSC_UI_SINGLE_DIMENSION,current28,2026-07-13,2026-08-09,sc-domain:fermatmind.com,web,page,https://fermatmind.com/en/career/jobs/orderlies,0,3,0.0,10.0,746,1000,NOT_AVAILABLE_IN_UI_EXPORT,Single-dimension GSC UI export; rows cannot be joined across dimensions; top-row and UI cap limitations apply.
VERIFIED_GSC_UI_SINGLE_DIMENSION,current28,2026-07-13,2026-08-09,sc-domain:fermatmind.com,web,page,https://fermatmind.com/zh/career/jobs/solar-thermal-installers-and-technicians,0,3,0.0,10.0,747,1000,NOT_AVAILABLE_IN_UI_EXPORT,Single-dimension GSC UI export; rows cannot be joined across dimensions; top-row and UI cap limitations apply.
VERIFIED_GSC_UI_SINGLE_DIMENSION,current28,2026-07-13,2026-08-09,sc-domain:fermatmind.com,web,page,https://fermatmind.com/en/career/jobs/substance-abuse-and-behavioral-disorder-counselors,0,3,0.0,10.33,748,1000,NOT_AVAILABLE_IN_UI_EXPORT,Single-dimension GSC UI export; rows cannot be joined across dimensions; top-row and UI cap limitations apply.
VERIFIED_GSC_UI_SINGLE_DIMENSION,current28,2026-07-13,2026-08-09,sc-domain:fermatmind.com,web,page,https://fermatmind.com/zh/career/jobs/health-information-technologists-and-medical-registrars,0,3,0.0,10.33,749,1000,NOT_AVAILABLE_IN_UI_EXPORT,Single-dimension GSC UI export; rows cannot be joined across dimensions; top-row and UI cap limitations apply.
VERIFIED_GSC_UI_SINGLE_DIMENSION,current28,2026-07-13,2026-08-09,sc-domain:fermatmind.com,web,page,https://fermatmind.com/en/career/jobs/timing-device-assemblers-and-adjusters,0,3,0.0,11.33,750,1000,NOT_AVAILABLE_IN_UI_EXPORT,Single-dimension GSC UI export; rows cannot be joined across dimensions; top-row and UI cap limitations apply.
VERIFIED_GSC_UI_SINGLE_DIMENSION,current28,2026-07-13,2026-08-09,sc-domain:fermatmind.com,web,page,https://fermatmind.com/zh/career/jobs/embalmers,0,3,0.0,11.33,751,1000,NOT_AVAILABLE_IN_UI_EXPORT,Single-dimension GSC UI export; rows cannot be joined across dimensions; top-row and UI cap limitations apply.
VERIFIED_GSC_UI_SINGLE_DIMENSION,current28,2026-07-13,2026-08-09,sc-domain:fermatmind.com,web,page,https://fermatmind.com/en/career/jobs/makeup-artists-theatrical-and-performance,0,3,0.0,11.67,752,1000,NOT_AVAILABLE_IN_UI_EXPORT,Single-dimension GSC UI export; rows cannot be joined across dimensions; top-row and UI cap limitations apply.
VERIFIED_GSC_UI_SINGLE_DIMENSION,current28,2026-07-13,2026-08-09,sc-domain:fermatmind.com,web,page,https://fermatmind.com/en/career/jobs/biofuels-production-managers,0,3,0.0,12.0,753,1000,NOT_AVAILABLE_IN_UI_EXPORT,Single-dimension GSC UI export; rows cannot be joined across dimensions; top-row and UI cap limitations apply.
VERIFIED_GSC_UI_SINGLE_DIMENSION,current28,2026-07-13,2026-08-09,sc-domain:fermatmind.com,web,page,https://fermatmind.com/en/career/jobs/hydroelectric-plant-technicians,0,3,0.0,12.0,754,1000,NOT_AVAILABLE_IN_UI_EXPORT,Single-dimension GSC UI export; rows cannot be joined across dimensions; top-row and UI cap limitations apply.
VERIFIED_GSC_UI_SINGLE_DIMENSION,current28,2026-07-13,2026-08-09,sc-domain:fermatmind.com,web,page,https://fermatmind.com/en/career/jobs/dentists-general,0,3,0.0,12.33,755,1000,NOT_AVAILABLE_IN_UI_EXPORT,Single-dimension GSC UI export; rows cannot be joined across dimensions; top-row and UI cap limitations apply.
VERIFIED_GSC_UI_SINGLE_DIMENSION,current28,2026-07-13,2026-08-09,sc-domain:fermatmind.com,web,page,https://fermatmind.com/en/career/jobs/nursing-assistants,0,3,0.0,13.0,756,1000,NOT_AVAILABLE_IN_UI_EXPORT,Single-dimension GSC UI export; rows cannot be joined across dimensions; top-row and UI cap limitations apply.
VERIFIED_GSC_UI_SINGLE_DIMENSION,current28,2026-07-13,2026-08-09,sc-domain:fermatmind.com,web,page,https://fermatmind.com/zh/business,0,3,0.0,13.67,757,1000,NOT_AVAILABLE_IN_UI_EXPORT,Single-dimension GSC UI export; rows cannot be joined across dimensions; top-row and UI cap limitations apply.
VERIFIED_GSC_UI_SINGLE_DIMENSION,current28,2026-07-13,2026-08-09,sc-domain:fermatmind.com,web,page,https://fermatmind.com/en/career/jobs/geothermal-technicians,0,3,0.0,14.0,758,1000,NOT_AVAILABLE_IN_UI_EXPORT,Single-dimension GSC UI export; rows cannot be joined across dimensions; top-row and UI cap limitations apply.
VERIFIED_GSC_UI_SINGLE_DIMENSION,current28,2026-07-13,2026-08-09,sc-domain:fermatmind.com,web,page,https://fermatmind.com/en/career/jobs/nuclear-engineers,0,3,0.0,14.33,759,1000,NOT_AVAILABLE_IN_UI_EXPORT,Single-dimension GSC UI export; rows cannot be joined across dimensions; top-row and UI cap limitations apply.
VERIFIED_GSC_UI_SINGLE_DIMENSION,current28,2026-07-13,2026-08-09,sc-domain:fermatmind.com,web,page,https://fermatmind.com/zh/career/jobs/purchasing-managers-buyers-and-purchasing-agents,0,3,0.0,14.33,760,1000,NOT_AVAILABLE_IN_UI_EXPORT,Single-dimension GSC UI export; rows cannot be joined across dimensions; top-row and UI cap limitations apply.
VERIFIED_GSC_UI_SINGLE_DIMENSION,current28,2026-07-13,2026-08-09,sc-domain:fermatmind.com,web,page,https://fermatmind.com/en/career/jobs/magnetic-resonance-imaging-technologists,0,3,0.0,14.67,761,1000,NOT_AVAILABLE_IN_UI_EXPORT,Single-dimension GSC UI export; rows cannot be joined across dimensions; top-row and UI cap limitations apply.
VERIFIED_GSC_UI_SINGLE_DIMENSION,current28,2026-07-13,2026-08-09,sc-domain:fermatmind.com,web,page,https://fermatmind.com/zh/articles/big-five-communication-needs-conversation-prompts,0,3,0.0,14.67,762,1000,NOT_AVAILABLE_IN_UI_EXPORT,Single-dimension GSC UI export; rows cannot be joined across dimensions; top-row and UI cap limitations apply.
VERIFIED_GSC_UI_SINGLE_DIMENSION,current28,2026-07-13,2026-08-09,sc-domain:fermatmind.com,web,page,https://fermatmind.com/zh/career/jobs/textile-bleaching-and-dyeing-machine-operators-and-tenders,0,3,0.0,14.67,763,1000,NOT_AVAILABLE_IN_UI_EXPORT,Single-dimension GSC UI export; rows cannot be joined across dimensions; top-row and UI cap limitations apply.
VERIFIED_GSC_UI_SINGLE_DIMENSION,current28,2026-07-13,2026-08-09,sc-domain:fermatmind.com,web,page,https://fermatmind.com/en/career/jobs/buyers-and-purchasing-agents-farm-products,0,3,0.0,15.67,764,1000,NOT_AVAILABLE_IN_UI_EXPORT,Single-dimension GSC UI export; rows cannot be joined across dimensions; top-row and UI cap limitations apply.
VERIFIED_GSC_UI_SINGLE_DIMENSION,current28,2026-07-13,2026-08-09,sc-domain:fermatmind.com,web,page,https://fermatmind.com/zh/career/jobs/anthropology-and-archeology-teachers-postsecondary,0,3,0.0,16.0,765,1000,NOT_AVAILABLE_IN_UI_EXPORT,Single-dimension GSC UI export; rows cannot be joined across dimensions; top-row and UI cap limitations apply.
VERIFIED_GSC_UI_SINGLE_DIMENSION,current28,2026-07-13,2026-08-09,sc-domain:fermatmind.com,web,page,https://fermatmind.com/en/career/jobs/education-teachers-postsecondary,0,3,0.0,18.0,766,1000,NOT_AVAILABLE_IN_UI_EXPORT,Single-dimension GSC UI export; rows cannot be joined across dimensions; top-row and UI cap limitations apply.
VERIFIED_GSC_UI_SINGLE_DIMENSION,current28,2026-07-13,2026-08-09,sc-domain:fermatmind.com,web,page,https://fermatmind.com/zh/career/jobs/low-vision-therapists-orientation-and-mobility-specialists-and-vision-rehabilitation-therapists,0,3,0.0,18.0,767,1000,NOT_AVAILABLE_IN_UI_EXPORT,Single-dimension GSC UI export; rows cannot be joined across dimensions; top-row and UI cap limitations apply.
VERIFIED_GSC_UI_SINGLE_DIMENSION,current28,2026-07-13,2026-08-09,sc-domain:fermatmind.com,web,page,https://fermatmind.com/zh/career/jobs/dispatchers-except-police-fire-and-ambulance,0,3,0.0,18.67,768,1000,NOT_AVAILABLE_IN_UI_EXPORT,Single-dimension GSC UI export; rows cannot be joined across dimensions; top-row and UI cap limitations apply.
VERIFIED_GSC_UI_SINGLE_DIMENSION,current28,2026-07-13,2026-08-09,sc-domain:fermatmind.com,web,page,https://fermatmind.com/en/career/jobs/computer-programmers,0,3,0.0,19.0,769,1000,NOT_AVAILABLE_IN_UI_EXPORT,Single-dimension GSC UI export; rows cannot be joined across dimensions; top-row and UI cap limitations apply.
VERIFIED_GSC_UI_SINGLE_DIMENSION,current28,2026-07-13,2026-08-09,sc-domain:fermatmind.com,web,page,https://fermatmind.com/en/career/jobs/computer-hardware-engineers,0,3,0.0,19.33,770,1000,NOT_AVAILABLE_IN_UI_EXPORT,Single-dimension GSC UI export; rows cannot be joined across dimensions; top-row and UI cap limitations apply.
VERIFIED_GSC_UI_SINGLE_DIMENSION,current28,2026-07-13,2026-08-09,sc-domain:fermatmind.com,web,page,https://fermatmind.com/en/career/jobs/intelligence-analysts,0,3,0.0,19.33,771,1000,NOT_AVAILABLE_IN_UI_EXPORT,Single-dimension GSC UI export; rows cannot be joined across dimensions; top-row and UI cap limitations apply.
VERIFIED_GSC_UI_SINGLE_DIMENSION,current28,2026-07-13,2026-08-09,sc-domain:fermatmind.com,web,page,https://fermatmind.com/zh/career/jobs/radiation-therapists,0,3,0.0,20.0,772,1000,NOT_AVAILABLE_IN_UI_EXPORT,Single-dimension GSC UI export; rows cannot be joined across dimensions; top-row and UI cap limitations apply.
VERIFIED_GSC_UI_SINGLE_DIMENSION,current28,2026-07-13,2026-08-09,sc-domain:fermatmind.com,web,page,https://fermatmind.com/en/career/jobs/parts-salespersons,0,3,0.0,21.33,773,1000,NOT_AVAILABLE_IN_UI_EXPORT,Single-dimension GSC UI export; rows cannot be joined across dimensions; top-row and UI cap limitations apply.
VERIFIED_GSC_UI_SINGLE_DIMENSION,current28,2026-07-13,2026-08-09,sc-domain:fermatmind.com,web,page,https://fermatmind.com/en/career/jobs/logisticians,0,3,0.0,21.67,774,1000,NOT_AVAILABLE_IN_UI_EXPORT,Single-dimension GSC UI export; rows cannot be joined across dimensions; top-row and UI cap limitations apply.
VERIFIED_GSC_UI_SINGLE_DIMENSION,current28,2026-07-13,2026-08-09,sc-domain:fermatmind.com,web,page,https://fermatmind.com/en/career/jobs/pest-control-workers,0,3,0.0,22.67,775,1000,NOT_AVAILABLE_IN_UI_EXPORT,Single-dimension GSC UI export; rows cannot be joined across dimensions; top-row and UI cap limitations apply.
VERIFIED_GSC_UI_SINGLE_DIMENSION,current28,2026-07-13,2026-08-09,sc-domain:fermatmind.com,web,page,https://fermatmind.com/zh/career/jobs/textile-knitting-and-weaving-machine-setters-operators-and-tenders,0,3,0.0,23.33,776,1000,NOT_AVAILABLE_IN_UI_EXPORT,Single-dimension GSC UI export; rows cannot be joined across dimensions; top-row and UI cap limitations apply.
VERIFIED_GSC_UI_SINGLE_DIMENSION,current28,2026-07-13,2026-08-09,sc-domain:fermatmind.com,web,page,https://fermatmind.com/zh/datasets/occupations,0,3,0.0,24.67,777,1000,NOT_AVAILABLE_IN_UI_EXPORT,Single-dimension GSC UI export; rows cannot be joined across dimensions; top-row and UI cap limitations apply.
VERIFIED_GSC_UI_SINGLE_DIMENSION,current28,2026-07-13,2026-08-09,sc-domain:fermatmind.com,web,page,https://fermatmind.com/en/career/industries/__unknown__,0,3,0.0,31.33,778,1000,NOT_AVAILABLE_IN_UI_EXPORT,Single-dimension GSC UI export; rows cannot be joined across dimensions; top-row and UI cap limitations apply.
VERIFIED_GSC_UI_SINGLE_DIMENSION,current28,2026-07-13,2026-08-09,sc-domain:fermatmind.com,web,page,https://fermatmind.com/zh/career/jobs/neurologists,0,3,0.0,36.33,779,1000,NOT_AVAILABLE_IN_UI_EXPORT,Single-dimension GSC UI export; rows cannot be joined across dimensions; top-row and UI cap limitations apply.
VERIFIED_GSC_UI_SINGLE_DIMENSION,current28,2026-07-13,2026-08-09,sc-domain:fermatmind.com,web,page,https://fermatmind.com/zh/help/contact,0,3,0.0,36.33,780,1000,NOT_AVAILABLE_IN_UI_EXPORT,Single-dimension GSC UI export; rows cannot be joined across dimensions; top-row and UI cap limitations apply.
VERIFIED_GSC_UI_SINGLE_DIMENSION,current28,2026-07-13,2026-08-09,sc-domain:fermatmind.com,web,page,https://fermatmind.com/zh/career/jobs/roofers,0,3,0.0,38.33,781,1000,NOT_AVAILABLE_IN_UI_EXPORT,Single-dimension GSC UI export; rows cannot be joined across dimensions; top-row and UI cap limitations apply.
VERIFIED_GSC_UI_SINGLE_DIMENSION,current28,2026-07-13,2026-08-09,sc-domain:fermatmind.com,web,page,https://fermatmind.com/zh/career/jobs/transportation-engineers,0,3,0.0,51.33,783,1000,NOT_AVAILABLE_IN_UI_EXPORT,Single-dimension GSC UI export; rows cannot be joined across dimensions; top-row and UI cap limitations apply.
VERIFIED_GSC_UI_SINGLE_DIMENSION,current28,2026-07-13,2026-08-09,sc-domain:fermatmind.com,web,page,https://fermatmind.com/en/career/jobs/medical-equipment-repairers,0,3,0.0,66.33,784,1000,NOT_AVAILABLE_IN_UI_EXPORT,Single-dimension GSC UI export; rows cannot be joined across dimensions; top-row and UI cap limitations apply.
VERIFIED_GSC_UI_SINGLE_DIMENSION,current28,2026-07-13,2026-08-09,sc-domain:fermatmind.com,web,page,https://fermatmind.com/zh/career/jobs/refractory-materials-repairers-except-brickmasons,0,2,0.0,1.0,785,1000,NOT_AVAILABLE_IN_UI_EXPORT,Single-dimension GSC UI export; rows cannot be joined across dimensions; top-row and UI cap limitations apply.
VERIFIED_GSC_UI_SINGLE_DIMENSION,current28,2026-07-13,2026-08-09,sc-domain:fermatmind.com,web,page,https://fermatmind.com/en/personality/big-five/extraversion-mid,0,2,0.0,2.0,786,1000,NOT_AVAILABLE_IN_UI_EXPORT,Single-dimension GSC UI export; rows cannot be joined across dimensions; top-row and UI cap limitations apply.
VERIFIED_GSC_UI_SINGLE_DIMENSION,current28,2026-07-13,2026-08-09,sc-domain:fermatmind.com,web,page,https://fermatmind.com/zh/personality/enneagram/type-7/instincts/self-preservation,0,2,0.0,2.0,787,1000,NOT_AVAILABLE_IN_UI_EXPORT,Single-dimension GSC UI export; rows cannot be joined across dimensions; top-row and UI cap limitations apply.
VERIFIED_GSC_UI_SINGLE_DIMENSION,current28,2026-07-13,2026-08-09,sc-domain:fermatmind.com,web,page,https://fermatmind.com/zh/career/jobs/orthopedic-surgeons-except-pediatric,0,2,0.0,2.5,788,1000,NOT_AVAILABLE_IN_UI_EXPORT,Single-dimension GSC UI export; rows cannot be joined across dimensions; top-row and UI cap limitations apply.
VERIFIED_GSC_UI_SINGLE_DIMENSION,current28,2026-07-13,2026-08-09,sc-domain:fermatmind.com,web,page,https://fermatmind.com/zh/career/jobs/rock-splitters-quarry,0,2,0.0,2.5,789,1000,NOT_AVAILABLE_IN_UI_EXPORT,Single-dimension GSC UI export; rows cannot be joined across dimensions; top-row and UI cap limitations apply.
VERIFIED_GSC_UI_SINGLE_DIMENSION,current28,2026-07-13,2026-08-09,sc-domain:fermatmind.com,web,page,https://fermatmind.com/en/career/jobs/military-careers,0,2,0.0,3.0,790,1000,NOT_AVAILABLE_IN_UI_EXPORT,Single-dimension GSC UI export; rows cannot be joined across dimensions; top-row and UI cap limitations apply.
VERIFIED_GSC_UI_SINGLE_DIMENSION,current28,2026-07-13,2026-08-09,sc-domain:fermatmind.com,web,page,https://fermatmind.com/zh/career/jobs/educational-guidance-and-career-counselors-and-advisors,0,2,0.0,3.0,791,1000,NOT_AVAILABLE_IN_UI_EXPORT,Single-dimension GSC UI export; rows cannot be joined across dimensions; top-row and UI cap limitations apply.
VERIFIED_GSC_UI_SINGLE_DIMENSION,current28,2026-07-13,2026-08-09,sc-domain:fermatmind.com,web,page,https://fermatmind.com/zh/career/jobs/telecommunications-line-installers-and-repairers,0,2,0.0,3.0,792,1000,NOT_AVAILABLE_IN_UI_EXPORT,Single-dimension GSC UI export; rows cannot be joined across dimensions; top-row and UI cap limitations apply.
VERIFIED_GSC_UI_SINGLE_DIMENSION,current28,2026-07-13,2026-08-09,sc-domain:fermatmind.com,web,page,https://fermatmind.com/zh/personality/big-five/neuroticism-high,0,2,0.0,3.5,793,1000,NOT_AVAILABLE_IN_UI_EXPORT,Single-dimension GSC UI export; rows cannot be joined across dimensions; top-row and UI cap limitations apply.
VERIFIED_GSC_UI_SINGLE_DIMENSION,current28,2026-07-13,2026-08-09,sc-domain:fermatmind.com,web,page,https://fermatmind.com/en/career/jobs/aerospace-engineers,0,2,0.0,4.0,794,1000,NOT_AVAILABLE_IN_UI_EXPORT,Single-dimension GSC UI export; rows cannot be joined across dimensions; top-row and UI cap limitations apply.
VERIFIED_GSC_UI_SINGLE_DIMENSION,current28,2026-07-13,2026-08-09,sc-domain:fermatmind.com,web,page,https://fermatmind.com/en/career/jobs/aircraft-cargo-handling-supervisors,0,2,0.0,4.0,795,1000,NOT_AVAILABLE_IN_UI_EXPORT,Single-dimension GSC UI export; rows cannot be joined across dimensions; top-row and UI cap limitations apply.
VERIFIED_GSC_UI_SINGLE_DIMENSION,current28,2026-07-13,2026-08-09,sc-domain:fermatmind.com,web,page,https://fermatmind.com/en/career/jobs/clinical-research-coordinators,0,2,0.0,4.0,796,1000,NOT_AVAILABLE_IN_UI_EXPORT,Single-dimension GSC UI export; rows cannot be joined across dimensions; top-row and UI cap limitations apply.
VERIFIED_GSC_UI_SINGLE_DIMENSION,current28,2026-07-13,2026-08-09,sc-domain:fermatmind.com,web,page,https://fermatmind.com/en/help/about,0,2,0.0,4.0,797,1000,NOT_AVAILABLE_IN_UI_EXPORT,Single-dimension GSC UI export; rows cannot be joined across dimensions; top-row and UI cap limitations apply.
VERIFIED_GSC_UI_SINGLE_DIMENSION,current28,2026-07-13,2026-08-09,sc-domain:fermatmind.com,web,page,https://fermatmind.com/zh/personality/big-five/facets/self-discipline,0,2,0.0,4.0,798,1000,NOT_AVAILABLE_IN_UI_EXPORT,Single-dimension GSC UI export; rows cannot be joined across dimensions; top-row and UI cap limitations apply.
VERIFIED_GSC_UI_SINGLE_DIMENSION,current28,2026-07-13,2026-08-09,sc-domain:fermatmind.com,web,page,https://fermatmind.com/zh/personality/big-five/facets/tender-mindedness,0,2,0.0,4.0,799,1000,NOT_AVAILABLE_IN_UI_EXPORT,Single-dimension GSC UI export; rows cannot be joined across dimensions; top-row and UI cap limitations apply.
VERIFIED_GSC_UI_SINGLE_DIMENSION,current28,2026-07-13,2026-08-09,sc-domain:fermatmind.com,web,page,https://fermatmind.com/en/articles/mbti-narrative-portrait,0,2,0.0,4.5,800,1000,NOT_AVAILABLE_IN_UI_EXPORT,Single-dimension GSC UI export; rows cannot be joined across dimensions; top-row and UI cap limitations apply.
VERIFIED_GSC_UI_SINGLE_DIMENSION,current28,2026-07-13,2026-08-09,sc-domain:fermatmind.com,web,page,https://fermatmind.com/en/career/jobs/dental-hygienists,0,2,0.0,4.5,801,1000,NOT_AVAILABLE_IN_UI_EXPORT,Single-dimension GSC UI export; rows cannot be joined across dimensions; top-row and UI cap limitations apply.
VERIFIED_GSC_UI_SINGLE_DIMENSION,current28,2026-07-13,2026-08-09,sc-domain:fermatmind.com,web,page,https://fermatmind.com/zh/career/jobs/forest-fire-inspectors-and-prevention-specialists,0,2,0.0,4.5,802,1000,NOT_AVAILABLE_IN_UI_EXPORT,Single-dimension GSC UI export; rows cannot be joined across dimensions; top-row and UI cap limitations apply.
VERIFIED_GSC_UI_SINGLE_DIMENSION,current28,2026-07-13,2026-08-09,sc-domain:fermatmind.com,web,page,https://fermatmind.com/zh/career/jobs/property-real-estate-and-community-association-managers,0,2,0.0,4.5,803,1000,NOT_AVAILABLE_IN_UI_EXPORT,Single-dimension GSC UI export; rows cannot be joined across dimensions; top-row and UI cap limitations apply.
VERIFIED_GSC_UI_SINGLE_DIMENSION,current28,2026-07-13,2026-08-09,sc-domain:fermatmind.com,web,page,https://fermatmind.com/en/personality/big-five/neuroticism,0,2,0.0,5.0,804,1000,NOT_AVAILABLE_IN_UI_EXPORT,Single-dimension GSC UI export; rows cannot be joined across dimensions; top-row and UI cap limitations apply.
VERIFIED_GSC_UI_SINGLE_DIMENSION,current28,2026-07-13,2026-08-09,sc-domain:fermatmind.com,web,page,https://fermatmind.com/zh/career/jobs/emts-and-paramedics,0,2,0.0,5.0,805,1000,NOT_AVAILABLE_IN_UI_EXPORT,Single-dimension GSC UI export; rows cannot be joined across dimensions; top-row and UI cap limitations apply.
VERIFIED_GSC_UI_SINGLE_DIMENSION,current28,2026-07-13,2026-08-09,sc-domain:fermatmind.com,web,page,https://fermatmind.com/en/career/jobs/industrial-truck-and-tractor-operators,0,2,0.0,5.5,806,1000,NOT_AVAILABLE_IN_UI_EXPORT,Single-dimension GSC UI export; rows cannot be joined across dimensions; top-row and UI cap limitations apply.
VERIFIED_GSC_UI_SINGLE_DIMENSION,current28,2026-07-13,2026-08-09,sc-domain:fermatmind.com,web,page,https://fermatmind.com/en/career/jobs/pourers-and-casters-metal,0,2,0.0,5.5,807,1000,NOT_AVAILABLE_IN_UI_EXPORT,Single-dimension GSC UI export; rows cannot be joined across dimensions; top-row and UI cap limitations apply.
VERIFIED_GSC_UI_SINGLE_DIMENSION,current28,2026-07-13,2026-08-09,sc-domain:fermatmind.com,web,page,https://fermatmind.com/en/career/jobs/special-education-teachers,0,2,0.0,5.5,808,1000,NOT_AVAILABLE_IN_UI_EXPORT,Single-dimension GSC UI export; rows cannot be joined across dimensions; top-row and UI cap limitations apply.
VERIFIED_GSC_UI_SINGLE_DIMENSION,current28,2026-07-13,2026-08-09,sc-domain:fermatmind.com,web,page,https://fermatmind.com/zh/career/industries/transportation-and-material-moving,0,2,0.0,5.5,809,1000,NOT_AVAILABLE_IN_UI_EXPORT,Single-dimension GSC UI export; rows cannot be joined across dimensions; top-row and UI cap limitations apply.
VERIFIED_GSC_UI_SINGLE_DIMENSION,current28,2026-07-13,2026-08-09,sc-domain:fermatmind.com,web,page,https://fermatmind.com/zh/career/jobs/data-warehousing-specialists,0,2,0.0,5.5,810,1000,NOT_AVAILABLE_IN_UI_EXPORT,Single-dimension GSC UI export; rows cannot be joined across dimensions; top-row and UI cap limitations apply.
VERIFIED_GSC_UI_SINGLE_DIMENSION,current28,2026-07-13,2026-08-09,sc-domain:fermatmind.com,web,page,https://fermatmind.com/zh/career/jobs/search-marketing-strategists,0,2,0.0,5.5,811,1000,NOT_AVAILABLE_IN_UI_EXPORT,Single-dimension GSC UI export; rows cannot be joined across dimensions; top-row and UI cap limitations apply.
VERIFIED_GSC_UI_SINGLE_DIMENSION,current28,2026-07-13,2026-08-09,sc-domain:fermatmind.com,web,page,https://fermatmind.com/en/career/jobs/extruding-and-drawing-machine-setters-operators-and-tenders-metal-and-plastic,0,2,0.0,6.0,812,1000,NOT_AVAILABLE_IN_UI_EXPORT,Single-dimension GSC UI export; rows cannot be joined across dimensions; top-row and UI cap limitations apply.
VERIFIED_GSC_UI_SINGLE_DIMENSION,current28,2026-07-13,2026-08-09,sc-domain:fermatmind.com,web,page,https://fermatmind.com/en/career/jobs/occupational-health-and-safety-specialists,0,2,0.0,6.0,813,1000,NOT_AVAILABLE_IN_UI_EXPORT,Single-dimension GSC UI export; rows cannot be joined across dimensions; top-row and UI cap limitations apply.
VERIFIED_GSC_UI_SINGLE_DIMENSION,current28,2026-07-13,2026-08-09,sc-domain:fermatmind.com,web,page,https://fermatmind.com/en/career/jobs/rehabilitation-counselors,0,2,0.0,6.0,814,1000,NOT_AVAILABLE_IN_UI_EXPORT,Single-dimension GSC UI export; rows cannot be joined across dimensions; top-row and UI cap limitations apply.
VERIFIED_GSC_UI_SINGLE_DIMENSION,current28,2026-07-13,2026-08-09,sc-domain:fermatmind.com,web,page,https://fermatmind.com/zh/career/jobs/cooling-and-freezing-equipment-operators-and-tenders,0,2,0.0,6.0,815,1000,NOT_AVAILABLE_IN_UI_EXPORT,Single-dimension GSC UI export; rows cannot be joined across dimensions; top-row and UI cap limitations apply.
VERIFIED_GSC_UI_SINGLE_DIMENSION,current28,2026-07-13,2026-08-09,sc-domain:fermatmind.com,web,page,https://fermatmind.com/zh/career/jobs/gaming-services-occupations,0,2,0.0,6.0,816,1000,NOT_AVAILABLE_IN_UI_EXPORT,Single-dimension GSC UI export; rows cannot be joined across dimensions; top-row and UI cap limitations apply.
VERIFIED_GSC_UI_SINGLE_DIMENSION,current28,2026-07-13,2026-08-09,sc-domain:fermatmind.com,web,page,https://fermatmind.com/zh/career/jobs/adult-literacy-and-ged-teachers,0,2,0.0,6.5,817,1000,NOT_AVAILABLE_IN_UI_EXPORT,Single-dimension GSC UI export; rows cannot be joined across dimensions; top-row and UI cap limitations apply.
VERIFIED_GSC_UI_SINGLE_DIMENSION,current28,2026-07-13,2026-08-09,sc-domain:fermatmind.com,web,page,https://fermatmind.com/zh/career/jobs/laundry-and-dry-cleaning-workers,0,2,0.0,6.5,818,1000,NOT_AVAILABLE_IN_UI_EXPORT,Single-dimension GSC UI export; rows cannot be joined across dimensions; top-row and UI cap limitations apply.
VERIFIED_GSC_UI_SINGLE_DIMENSION,current28,2026-07-13,2026-08-09,sc-domain:fermatmind.com,web,page,https://fermatmind.com/zh/career/jobs/materials-engineers,0,2,0.0,6.5,819,1000,NOT_AVAILABLE_IN_UI_EXPORT,Single-dimension GSC UI export; rows cannot be joined across dimensions; top-row and UI cap limitations apply.
VERIFIED_GSC_UI_SINGLE_DIMENSION,current28,2026-07-13,2026-08-09,sc-domain:fermatmind.com,web,page,https://fermatmind.com/zh/career/jobs/reservation-and-transportation-ticket-agents-and-travel-clerks,0,2,0.0,6.5,820,1000,NOT_AVAILABLE_IN_UI_EXPORT,Single-dimension GSC UI export; rows cannot be joined across dimensions; top-row and UI cap limitations apply.
VERIFIED_GSC_UI_SINGLE_DIMENSION,current28,2026-07-13,2026-08-09,sc-domain:fermatmind.com,web,page,https://fermatmind.com/en/career/jobs/librarians-and-media-collections-specialists,0,2,0.0,7.0,821,1000,NOT_AVAILABLE_IN_UI_EXPORT,Single-dimension GSC UI export; rows cannot be joined across dimensions; top-row and UI cap limitations apply.
VERIFIED_GSC_UI_SINGLE_DIMENSION,current28,2026-07-13,2026-08-09,sc-domain:fermatmind.com,web,page,https://fermatmind.com/en/career/jobs/orthopedic-surgeons-except-pediatric,0,2,0.0,7.0,822,1000,NOT_AVAILABLE_IN_UI_EXPORT,Single-dimension GSC UI export; rows cannot be joined across dimensions; top-row and UI cap limitations apply.
VERIFIED_GSC_UI_SINGLE_DIMENSION,current28,2026-07-13,2026-08-09,sc-domain:fermatmind.com,web,page,https://fermatmind.com/en/career/jobs/manicurists-and-pedicurists,0,2,0.0,7.5,823,1000,NOT_AVAILABLE_IN_UI_EXPORT,Single-dimension GSC UI export; rows cannot be joined across dimensions; top-row and UI cap limitations apply.
VERIFIED_GSC_UI_SINGLE_DIMENSION,current28,2026-07-13,2026-08-09,sc-domain:fermatmind.com,web,page,https://fermatmind.com/en/career/jobs/materials-engineers,0,2,0.0,7.5,824,1000,NOT_AVAILABLE_IN_UI_EXPORT,Single-dimension GSC UI export; rows cannot be joined across dimensions; top-row and UI cap limitations apply.
VERIFIED_GSC_UI_SINGLE_DIMENSION,current28,2026-07-13,2026-08-09,sc-domain:fermatmind.com,web,page,https://fermatmind.com/en/career/jobs/residential-advisors,0,2,0.0,8.0,825,1000,NOT_AVAILABLE_IN_UI_EXPORT,Single-dimension GSC UI export; rows cannot be joined across dimensions; top-row and UI cap limitations apply.
VERIFIED_GSC_UI_SINGLE_DIMENSION,current28,2026-07-13,2026-08-09,sc-domain:fermatmind.com,web,page,https://fermatmind.com/en/career/jobs/self-enrichment-teachers,0,2,0.0,8.0,826,1000,NOT_AVAILABLE_IN_UI_EXPORT,Single-dimension GSC UI export; rows cannot be joined across dimensions; top-row and UI cap limitations apply.
VERIFIED_GSC_UI_SINGLE_DIMENSION,current28,2026-07-13,2026-08-09,sc-domain:fermatmind.com,web,page,https://fermatmind.com/en/career/jobs/signal-and-track-switch-repairers,0,2,0.0,8.0,827,1000,NOT_AVAILABLE_IN_UI_EXPORT,Single-dimension GSC UI export; rows cannot be joined across dimensions; top-row and UI cap limitations apply.
VERIFIED_GSC_UI_SINGLE_DIMENSION,current28,2026-07-13,2026-08-09,sc-domain:fermatmind.com,web,page,https://fermatmind.com/zh/career/jobs/environmental-scientists-and-specialists-including-health,0,2,0.0,8.0,828,1000,NOT_AVAILABLE_IN_UI_EXPORT,Single-dimension GSC UI export; rows cannot be joined across dimensions; top-row and UI cap limitations apply.
VERIFIED_GSC_UI_SINGLE_DIMENSION,current28,2026-07-13,2026-08-09,sc-domain:fermatmind.com,web,page,https://fermatmind.com/zh/career/jobs/facilities-managers,0,2,0.0,8.0,829,1000,NOT_AVAILABLE_IN_UI_EXPORT,Single-dimension GSC UI export; rows cannot be joined across dimensions; top-row and UI cap limitations apply.
VERIFIED_GSC_UI_SINGLE_DIMENSION,current28,2026-07-13,2026-08-09,sc-domain:fermatmind.com,web,page,https://fermatmind.com/zh/personality/big-five/agreeableness-high,0,2,0.0,8.0,830,1000,NOT_AVAILABLE_IN_UI_EXPORT,Single-dimension GSC UI export; rows cannot be joined across dimensions; top-row and UI cap limitations apply.
VERIFIED_GSC_UI_SINGLE_DIMENSION,current28,2026-07-13,2026-08-09,sc-domain:fermatmind.com,web,page,https://fermatmind.com/en/career/jobs/mathematicians-and-statisticians,0,2,0.0,8.5,831,1000,NOT_AVAILABLE_IN_UI_EXPORT,Single-dimension GSC UI export; rows cannot be joined across dimensions; top-row and UI cap limitations apply.
VERIFIED_GSC_UI_SINGLE_DIMENSION,current28,2026-07-13,2026-08-09,sc-domain:fermatmind.com,web,page,https://fermatmind.com/zh/career/jobs/first-line-supervisors-of-security-workers,0,2,0.0,8.5,832,1000,NOT_AVAILABLE_IN_UI_EXPORT,Single-dimension GSC UI export; rows cannot be joined across dimensions; top-row and UI cap limitations apply.
VERIFIED_GSC_UI_SINGLE_DIMENSION,current28,2026-07-13,2026-08-09,sc-domain:fermatmind.com,web,page,https://fermatmind.com/zh/career/jobs/industrial-organizational-psychologists,0,2,0.0,8.5,833,1000,NOT_AVAILABLE_IN_UI_EXPORT,Single-dimension GSC UI export; rows cannot be joined across dimensions; top-row and UI cap limitations apply.
VERIFIED_GSC_UI_SINGLE_DIMENSION,current28,2026-07-13,2026-08-09,sc-domain:fermatmind.com,web,page,https://fermatmind.com/zh/career/jobs/insulation-workers-mechanical,0,2,0.0,8.5,834,1000,NOT_AVAILABLE_IN_UI_EXPORT,Single-dimension GSC UI export; rows cannot be joined across dimensions; top-row and UI cap limitations apply.
VERIFIED_GSC_UI_SINGLE_DIMENSION,current28,2026-07-13,2026-08-09,sc-domain:fermatmind.com,web,page,https://fermatmind.com/en/career/industries/computer-and-information-technology,0,2,0.0,9.0,835,1000,NOT_AVAILABLE_IN_UI_EXPORT,Single-dimension GSC UI export; rows cannot be joined across dimensions; top-row and UI cap limitations apply.
VERIFIED_GSC_UI_SINGLE_DIMENSION,current28,2026-07-13,2026-08-09,sc-domain:fermatmind.com,web,page,https://fermatmind.com/zh/career/jobs/firefighters,0,2,0.0,9.0,836,1000,NOT_AVAILABLE_IN_UI_EXPORT,Single-dimension GSC UI export; rows cannot be joined across dimensions; top-row and UI cap limitations apply.
VERIFIED_GSC_UI_SINGLE_DIMENSION,current28,2026-07-13,2026-08-09,sc-domain:fermatmind.com,web,page,https://fermatmind.com/zh/personality/big-five/openness-mid,0,2,0.0,9.0,837,1000,NOT_AVAILABLE_IN_UI_EXPORT,Single-dimension GSC UI export; rows cannot be joined across dimensions; top-row and UI cap limitations apply.
VERIFIED_GSC_UI_SINGLE_DIMENSION,current28,2026-07-13,2026-08-09,sc-domain:fermatmind.com,web,page,https://fermatmind.com/zh/career/jobs/counter-and-rental-clerks,0,2,0.0,9.5,838,1000,NOT_AVAILABLE_IN_UI_EXPORT,Single-dimension GSC UI export; rows cannot be joined across dimensions; top-row and UI cap limitations apply.
VERIFIED_GSC_UI_SINGLE_DIMENSION,current28,2026-07-13,2026-08-09,sc-domain:fermatmind.com,web,page,https://fermatmind.com/zh/career/jobs/locker-room-coatroom-and-dressing-room-attendants,0,2,0.0,9.5,839,1000,NOT_AVAILABLE_IN_UI_EXPORT,Single-dimension GSC UI export; rows cannot be joined across dimensions; top-row and UI cap limitations apply.
VERIFIED_GSC_UI_SINGLE_DIMENSION,current28,2026-07-13,2026-08-09,sc-domain:fermatmind.com,web,page,https://fermatmind.com/en/career/jobs/small-engine-mechanics,0,2,0.0,10.0,840,1000,NOT_AVAILABLE_IN_UI_EXPORT,Single-dimension GSC UI export; rows cannot be joined across dimensions; top-row and UI cap limitations apply.
VERIFIED_GSC_UI_SINGLE_DIMENSION,current28,2026-07-13,2026-08-09,sc-domain:fermatmind.com,web,page,https://fermatmind.com/zh/career/jobs/skincare-specialists,0,2,0.0,10.0,841,1000,NOT_AVAILABLE_IN_UI_EXPORT,Single-dimension GSC UI export; rows cannot be joined across dimensions; top-row and UI cap limitations apply.
VERIFIED_GSC_UI_SINGLE_DIMENSION,current28,2026-07-13,2026-08-09,sc-domain:fermatmind.com,web,page,https://fermatmind.com/en/career/jobs/supply-chain-managers,0,2,0.0,10.5,842,1000,NOT_AVAILABLE_IN_UI_EXPORT,Single-dimension GSC UI export; rows cannot be joined across dimensions; top-row and UI cap limitations apply.
VERIFIED_GSC_UI_SINGLE_DIMENSION,current28,2026-07-13,2026-08-09,sc-domain:fermatmind.com,web,page,https://fermatmind.com/en/career/jobs/teaching-assistants-special-education,0,2,0.0,11.0,843,1000,NOT_AVAILABLE_IN_UI_EXPORT,Single-dimension GSC UI export; rows cannot be joined across dimensions; top-row and UI cap limitations apply.
VERIFIED_GSC_UI_SINGLE_DIMENSION,current28,2026-07-13,2026-08-09,sc-domain:fermatmind.com,web,page,https://fermatmind.com/en/career/jobs/anthropology-and-archeology-teachers-postsecondary,0,2,0.0,11.5,844,1000,NOT_AVAILABLE_IN_UI_EXPORT,Single-dimension GSC UI export; rows cannot be joined across dimensions; top-row and UI cap limitations apply.
VERIFIED_GSC_UI_SINGLE_DIMENSION,current28,2026-07-13,2026-08-09,sc-domain:fermatmind.com,web,page,https://fermatmind.com/en/career/jobs/models,0,2,0.0,11.5,845,1000,NOT_AVAILABLE_IN_UI_EXPORT,Single-dimension GSC UI export; rows cannot be joined across dimensions; top-row and UI cap limitations apply.
VERIFIED_GSC_UI_SINGLE_DIMENSION,current28,2026-07-13,2026-08-09,sc-domain:fermatmind.com,web,page,https://fermatmind.com/en/career/jobs/painters-construction-and-maintenance,0,2,0.0,12.0,846,1000,NOT_AVAILABLE_IN_UI_EXPORT,Single-dimension GSC UI export; rows cannot be joined across dimensions; top-row and UI cap limitations apply.
VERIFIED_GSC_UI_SINGLE_DIMENSION,current28,2026-07-13,2026-08-09,sc-domain:fermatmind.com,web,page,https://fermatmind.com/en/personality/enneagram/type-7,0,2,0.0,12.0,847,1000,NOT_AVAILABLE_IN_UI_EXPORT,Single-dimension GSC UI export; rows cannot be joined across dimensions; top-row and UI cap limitations apply.
VERIFIED_GSC_UI_SINGLE_DIMENSION,current28,2026-07-13,2026-08-09,sc-domain:fermatmind.com,web,page,https://fermatmind.com/zh/career/jobs/residential-advisors,0,2,0.0,14.0,848,1000,NOT_AVAILABLE_IN_UI_EXPORT,Single-dimension GSC UI export; rows cannot be joined across dimensions; top-row and UI cap limitations apply.
VERIFIED_GSC_UI_SINGLE_DIMENSION,current28,2026-07-13,2026-08-09,sc-domain:fermatmind.com,web,page,https://fermatmind.com/en/personality/esfj-a,0,2,0.0,14.5,849,1000,NOT_AVAILABLE_IN_UI_EXPORT,Single-dimension GSC UI export; rows cannot be joined across dimensions; top-row and UI cap limitations apply.
VERIFIED_GSC_UI_SINGLE_DIMENSION,current28,2026-07-13,2026-08-09,sc-domain:fermatmind.com,web,page,https://fermatmind.com/zh/career/jobs/architects,0,2,0.0,14.5,850,1000,NOT_AVAILABLE_IN_UI_EXPORT,Single-dimension GSC UI export; rows cannot be joined across dimensions; top-row and UI cap limitations apply.
VERIFIED_GSC_UI_SINGLE_DIMENSION,current28,2026-07-13,2026-08-09,sc-domain:fermatmind.com,web,page,https://fermatmind.com/zh/career/jobs/extruding-and-drawing-machine-setters-operators-and-tenders-metal-and-plastic,0,2,0.0,14.5,851,1000,NOT_AVAILABLE_IN_UI_EXPORT,Single-dimension GSC UI export; rows cannot be joined across dimensions; top-row and UI cap limitations apply.
VERIFIED_GSC_UI_SINGLE_DIMENSION,current28,2026-07-13,2026-08-09,sc-domain:fermatmind.com,web,page,https://fermatmind.com/en/articles/which-love-script-fits-you-best,0,2,0.0,15.0,852,1000,NOT_AVAILABLE_IN_UI_EXPORT,Single-dimension GSC UI export; rows cannot be joined across dimensions; top-row and UI cap limitations apply.
VERIFIED_GSC_UI_SINGLE_DIMENSION,current28,2026-07-13,2026-08-09,sc-domain:fermatmind.com,web,page,https://fermatmind.com/zh/career/jobs/first-line-supervisors-of-gambling-services-workers,0,2,0.0,15.0,853,1000,NOT_AVAILABLE_IN_UI_EXPORT,Single-dimension GSC UI export; rows cannot be joined across dimensions; top-row and UI cap limitations apply.
VERIFIED_GSC_UI_SINGLE_DIMENSION,current28,2026-07-13,2026-08-09,sc-domain:fermatmind.com,web,page,https://fermatmind.com/zh/career/jobs/surgical-technologists,0,2,0.0,15.5,854,1000,NOT_AVAILABLE_IN_UI_EXPORT,Single-dimension GSC UI export; rows cannot be joined across dimensions; top-row and UI cap limitations apply.
VERIFIED_GSC_UI_SINGLE_DIMENSION,current28,2026-07-13,2026-08-09,sc-domain:fermatmind.com,web,page,https://fermatmind.com/en/career/jobs/genetic-counselors,0,2,0.0,16.0,855,1000,NOT_AVAILABLE_IN_UI_EXPORT,Single-dimension GSC UI export; rows cannot be joined across dimensions; top-row and UI cap limitations apply.
VERIFIED_GSC_UI_SINGLE_DIMENSION,current28,2026-07-13,2026-08-09,sc-domain:fermatmind.com,web,page,https://fermatmind.com/en/career/jobs/special-education-teachers-middle-school,0,2,0.0,16.0,856,1000,NOT_AVAILABLE_IN_UI_EXPORT,Single-dimension GSC UI export; rows cannot be joined across dimensions; top-row and UI cap limitations apply.
VERIFIED_GSC_UI_SINGLE_DIMENSION,current28,2026-07-13,2026-08-09,sc-domain:fermatmind.com,web,page,https://fermatmind.com/zh/career/jobs/animal-caretakers,0,2,0.0,16.0,857,1000,NOT_AVAILABLE_IN_UI_EXPORT,Single-dimension GSC UI export; rows cannot be joined across dimensions; top-row and UI cap limitations apply.
VERIFIED_GSC_UI_SINGLE_DIMENSION,current28,2026-07-13,2026-08-09,sc-domain:fermatmind.com,web,page,https://fermatmind.com/en/career/industries/management,0,2,0.0,16.5,858,1000,NOT_AVAILABLE_IN_UI_EXPORT,Single-dimension GSC UI export; rows cannot be joined across dimensions; top-row and UI cap limitations apply.
VERIFIED_GSC_UI_SINGLE_DIMENSION,current28,2026-07-13,2026-08-09,sc-domain:fermatmind.com,web,page,https://fermatmind.com/en/career/jobs/library-technicians,0,2,0.0,16.5,859,1000,NOT_AVAILABLE_IN_UI_EXPORT,Single-dimension GSC UI export; rows cannot be joined across dimensions; top-row and UI cap limitations apply.
VERIFIED_GSC_UI_SINGLE_DIMENSION,current28,2026-07-13,2026-08-09,sc-domain:fermatmind.com,web,page,https://fermatmind.com/en/career/jobs/artillery-and-missile-crew-members,0,2,0.0,17.0,860,1000,NOT_AVAILABLE_IN_UI_EXPORT,Single-dimension GSC UI export; rows cannot be joined across dimensions; top-row and UI cap limitations apply.
VERIFIED_GSC_UI_SINGLE_DIMENSION,current28,2026-07-13,2026-08-09,sc-domain:fermatmind.com,web,page,https://fermatmind.com/en/career/jobs/cytotechnologists,0,2,0.0,17.0,861,1000,NOT_AVAILABLE_IN_UI_EXPORT,Single-dimension GSC UI export; rows cannot be joined across dimensions; top-row and UI cap limitations apply.
VERIFIED_GSC_UI_SINGLE_DIMENSION,current28,2026-07-13,2026-08-09,sc-domain:fermatmind.com,web,page,https://fermatmind.com/en/career/jobs/ship-engineers,0,2,0.0,17.0,862,1000,NOT_AVAILABLE_IN_UI_EXPORT,Single-dimension GSC UI export; rows cannot be joined across dimensions; top-row and UI cap limitations apply.
VERIFIED_GSC_UI_SINGLE_DIMENSION,current28,2026-07-13,2026-08-09,sc-domain:fermatmind.com,web,page,https://fermatmind.com/zh/career/jobs/mental-health-and-substance-abuse-social-workers,0,2,0.0,17.0,863,1000,NOT_AVAILABLE_IN_UI_EXPORT,Single-dimension GSC UI export; rows cannot be joined across dimensions; top-row and UI cap limitations apply.
VERIFIED_GSC_UI_SINGLE_DIMENSION,current28,2026-07-13,2026-08-09,sc-domain:fermatmind.com,web,page,https://fermatmind.com/en/career/jobs/architecture-teachers-postsecondary,0,2,0.0,17.5,864,1000,NOT_AVAILABLE_IN_UI_EXPORT,Single-dimension GSC UI export; rows cannot be joined across dimensions; top-row and UI cap limitations apply.
VERIFIED_GSC_UI_SINGLE_DIMENSION,current28,2026-07-13,2026-08-09,sc-domain:fermatmind.com,web,page,https://fermatmind.com/zh/career/jobs/podiatrists,0,2,0.0,18.0,865,1000,NOT_AVAILABLE_IN_UI_EXPORT,Single-dimension GSC UI export; rows cannot be joined across dimensions; top-row and UI cap limitations apply.
VERIFIED_GSC_UI_SINGLE_DIMENSION,current28,2026-07-13,2026-08-09,sc-domain:fermatmind.com,web,page,https://fermatmind.com/en/personality,0,2,0.0,18.5,866,1000,NOT_AVAILABLE_IN_UI_EXPORT,Single-dimension GSC UI export; rows cannot be joined across dimensions; top-row and UI cap limitations apply.
VERIFIED_GSC_UI_SINGLE_DIMENSION,current28,2026-07-13,2026-08-09,sc-domain:fermatmind.com,web,page,https://fermatmind.com/zh/career/jobs/first-line-supervisors-of-air-crew-members,0,2,0.0,19.0,867,1000,NOT_AVAILABLE_IN_UI_EXPORT,Single-dimension GSC UI export; rows cannot be joined across dimensions; top-row and UI cap limitations apply.
VERIFIED_GSC_UI_SINGLE_DIMENSION,current28,2026-07-13,2026-08-09,sc-domain:fermatmind.com,web,page,https://fermatmind.com/en/career/jobs/log-graders-and-scalers,0,2,0.0,19.5,868,1000,NOT_AVAILABLE_IN_UI_EXPORT,Single-dimension GSC UI export; rows cannot be joined across dimensions; top-row and UI cap limitations apply.
VERIFIED_GSC_UI_SINGLE_DIMENSION,current28,2026-07-13,2026-08-09,sc-domain:fermatmind.com,web,page,https://fermatmind.com/en/career/jobs/advertising-sales-agents,0,2,0.0,20.0,869,1000,NOT_AVAILABLE_IN_UI_EXPORT,Single-dimension GSC UI export; rows cannot be joined across dimensions; top-row and UI cap limitations apply.
VERIFIED_GSC_UI_SINGLE_DIMENSION,current28,2026-07-13,2026-08-09,sc-domain:fermatmind.com,web,page,https://fermatmind.com/en/career/jobs/first-line-supervisors-of-passenger-attendants,0,2,0.0,21.0,870,1000,NOT_AVAILABLE_IN_UI_EXPORT,Single-dimension GSC UI export; rows cannot be joined across dimensions; top-row and UI cap limitations apply.
VERIFIED_GSC_UI_SINGLE_DIMENSION,current28,2026-07-13,2026-08-09,sc-domain:fermatmind.com,web,page,https://fermatmind.com/zh/career/jobs/elevator-installers-and-repairers,0,2,0.0,21.0,871,1000,NOT_AVAILABLE_IN_UI_EXPORT,Single-dimension GSC UI export; rows cannot be joined across dimensions; top-row and UI cap limitations apply.
VERIFIED_GSC_UI_SINGLE_DIMENSION,current28,2026-07-13,2026-08-09,sc-domain:fermatmind.com,web,page,https://fermatmind.com/en/career/jobs/atmospheric-earth-marine-and-space-sciences-teachers-postsecondary,0,2,0.0,22.5,872,1000,NOT_AVAILABLE_IN_UI_EXPORT,Single-dimension GSC UI export; rows cannot be joined across dimensions; top-row and UI cap limitations apply.
VERIFIED_GSC_UI_SINGLE_DIMENSION,current28,2026-07-13,2026-08-09,sc-domain:fermatmind.com,web,page,https://fermatmind.com/en/career/jobs/nanotechnology-engineering-technologists-and-technicians,0,2,0.0,22.5,873,1000,NOT_AVAILABLE_IN_UI_EXPORT,Single-dimension GSC UI export; rows cannot be joined across dimensions; top-row and UI cap limitations apply.
VERIFIED_GSC_UI_SINGLE_DIMENSION,current28,2026-07-13,2026-08-09,sc-domain:fermatmind.com,web,page,https://fermatmind.com/zh/career/jobs/earth-drillers-except-oil-and-gas,0,2,0.0,23.0,874,1000,NOT_AVAILABLE_IN_UI_EXPORT,Single-dimension GSC UI export; rows cannot be joined across dimensions; top-row and UI cap limitations apply.
VERIFIED_GSC_UI_SINGLE_DIMENSION,current28,2026-07-13,2026-08-09,sc-domain:fermatmind.com,web,page,https://fermatmind.com/zh/career/jobs/fundraisers,0,2,0.0,23.5,875,1000,NOT_AVAILABLE_IN_UI_EXPORT,Single-dimension GSC UI export; rows cannot be joined across dimensions; top-row and UI cap limitations apply.
VERIFIED_GSC_UI_SINGLE_DIMENSION,current28,2026-07-13,2026-08-09,sc-domain:fermatmind.com,web,page,https://fermatmind.com/zh/career/jobs/computer-programmers,0,2,0.0,24.0,876,1000,NOT_AVAILABLE_IN_UI_EXPORT,Single-dimension GSC UI export; rows cannot be joined across dimensions; top-row and UI cap limitations apply.
VERIFIED_GSC_UI_SINGLE_DIMENSION,current28,2026-07-13,2026-08-09,sc-domain:fermatmind.com,web,page,https://fermatmind.com/zh/career/jobs/pharmacy-technicians,0,2,0.0,24.0,877,1000,NOT_AVAILABLE_IN_UI_EXPORT,Single-dimension GSC UI export; rows cannot be joined across dimensions; top-row and UI cap limitations apply.
VERIFIED_GSC_UI_SINGLE_DIMENSION,current28,2026-07-13,2026-08-09,sc-domain:fermatmind.com,web,page,https://fermatmind.com/zh/career/jobs/surveyors,0,2,0.0,24.0,878,1000,NOT_AVAILABLE_IN_UI_EXPORT,Single-dimension GSC UI export; rows cannot be joined across dimensions; top-row and UI cap limitations apply.
VERIFIED_GSC_UI_SINGLE_DIMENSION,current28,2026-07-13,2026-08-09,sc-domain:fermatmind.com,web,page,https://fermatmind.com/zh/career/jobs/molecular-and-cellular-biologists,0,2,0.0,30.0,879,1000,NOT_AVAILABLE_IN_UI_EXPORT,Single-dimension GSC UI export; rows cannot be joined across dimensions; top-row and UI cap limitations apply.
VERIFIED_GSC_UI_SINGLE_DIMENSION,current28,2026-07-13,2026-08-09,sc-domain:fermatmind.com,web,page,https://fermatmind.com/en/career/industries/production,0,2,0.0,32.5,880,1000,NOT_AVAILABLE_IN_UI_EXPORT,Single-dimension GSC UI export; rows cannot be joined across dimensions; top-row and UI cap limitations apply.
VERIFIED_GSC_UI_SINGLE_DIMENSION,current28,2026-07-13,2026-08-09,sc-domain:fermatmind.com,web,page,https://fermatmind.com/zh/help/faq,0,2,0.0,32.5,881,1000,NOT_AVAILABLE_IN_UI_EXPORT,Single-dimension GSC UI export; rows cannot be joined across dimensions; top-row and UI cap limitations apply.
VERIFIED_GSC_UI_SINGLE_DIMENSION,current28,2026-07-13,2026-08-09,sc-domain:fermatmind.com,web,page,https://fermatmind.com/en/career/guides,0,2,0.0,38.5,882,1000,NOT_AVAILABLE_IN_UI_EXPORT,Single-dimension GSC UI export; rows cannot be joined across dimensions; top-row and UI cap limitations apply.
VERIFIED_GSC_UI_SINGLE_DIMENSION,current28,2026-07-13,2026-08-09,sc-domain:fermatmind.com,web,page,https://fermatmind.com/zh/career/industries/technology,0,2,0.0,58.0,883,1000,NOT_AVAILABLE_IN_UI_EXPORT,Single-dimension GSC UI export; rows cannot be joined across dimensions; top-row and UI cap limitations apply.
VERIFIED_GSC_UI_SINGLE_DIMENSION,current28,2026-07-13,2026-08-09,sc-domain:fermatmind.com,web,page,https://fermatmind.com/zh/career/jobs/hydrologic-technicians,0,2,0.0,66.0,884,1000,NOT_AVAILABLE_IN_UI_EXPORT,Single-dimension GSC UI export; rows cannot be joined across dimensions; top-row and UI cap limitations apply.
VERIFIED_GSC_UI_SINGLE_DIMENSION,current28,2026-07-13,2026-08-09,sc-domain:fermatmind.com,web,page,https://fermatmind.com/zh/career/jobs/physician-assistants,0,2,0.0,70.5,885,1000,NOT_AVAILABLE_IN_UI_EXPORT,Single-dimension GSC UI export; rows cannot be joined across dimensions; top-row and UI cap limitations apply.
VERIFIED_GSC_UI_SINGLE_DIMENSION,current28,2026-07-13,2026-08-09,sc-domain:fermatmind.com,web,page,https://fermatmind.com/zh/career/jobs/patient-representatives,0,2,0.0,73.0,886,1000,NOT_AVAILABLE_IN_UI_EXPORT,Single-dimension GSC UI export; rows cannot be joined across dimensions; top-row and UI cap limitations apply.
VERIFIED_GSC_UI_SINGLE_DIMENSION,current28,2026-07-13,2026-08-09,sc-domain:fermatmind.com,web,page,https://fermatmind.com/zh/career/jobs/computer-hardware-engineers,0,2,0.0,80.5,887,1000,NOT_AVAILABLE_IN_UI_EXPORT,Single-dimension GSC UI export; rows cannot be joined across dimensions; top-row and UI cap limitations apply.
VERIFIED_GSC_UI_SINGLE_DIMENSION,current28,2026-07-13,2026-08-09,sc-domain:fermatmind.com,web,page,https://fermatmind.com/zh/career/jobs/art-drama-and-music-teachers-postsecondary,0,1,0.0,1.0,888,1000,NOT_AVAILABLE_IN_UI_EXPORT,Single-dimension GSC UI export; rows cannot be joined across dimensions; top-row and UI cap limitations apply.
VERIFIED_GSC_UI_SINGLE_DIMENSION,current28,2026-07-13,2026-08-09,sc-domain:fermatmind.com,web,page,https://fermatmind.com/zh/career/jobs/elementary-middle-and-high-school-principals,0,1,0.0,1.0,889,1000,NOT_AVAILABLE_IN_UI_EXPORT,Single-dimension GSC UI export; rows cannot be joined across dimensions; top-row and UI cap limitations apply.
VERIFIED_GSC_UI_SINGLE_DIMENSION,current28,2026-07-13,2026-08-09,sc-domain:fermatmind.com,web,page,https://fermatmind.com/zh/career/jobs/lathe-and-turning-machine-tool-setters-operators-and-tenders-metal-and-plastic,0,1,0.0,1.0,890,1000,NOT_AVAILABLE_IN_UI_EXPORT,Single-dimension GSC UI export; rows cannot be joined across dimensions; top-row and UI cap limitations apply.
VERIFIED_GSC_UI_SINGLE_DIMENSION,current28,2026-07-13,2026-08-09,sc-domain:fermatmind.com,web,page,https://fermatmind.com/zh/career/jobs/machine-feeders-and-offbearers,0,1,0.0,1.0,891,1000,NOT_AVAILABLE_IN_UI_EXPORT,Single-dimension GSC UI export; rows cannot be joined across dimensions; top-row and UI cap limitations apply.
VERIFIED_GSC_UI_SINGLE_DIMENSION,current28,2026-07-13,2026-08-09,sc-domain:fermatmind.com,web,page,https://fermatmind.com/zh/career/jobs/probation-officers-and-correctional-treatment-specialists,0,1,0.0,1.0,892,1000,NOT_AVAILABLE_IN_UI_EXPORT,Single-dimension GSC UI export; rows cannot be joined across dimensions; top-row and UI cap limitations apply.
VERIFIED_GSC_UI_SINGLE_DIMENSION,current28,2026-07-13,2026-08-09,sc-domain:fermatmind.com,web,page,https://fermatmind.com/zh/career/jobs/recreational-therapists,0,1,0.0,1.0,893,1000,NOT_AVAILABLE_IN_UI_EXPORT,Single-dimension GSC UI export; rows cannot be joined across dimensions; top-row and UI cap limitations apply.
VERIFIED_GSC_UI_SINGLE_DIMENSION,current28,2026-07-13,2026-08-09,sc-domain:fermatmind.com,web,page,https://fermatmind.com/zh/career/jobs/school-and-career-counselors,0,1,0.0,1.0,894,1000,NOT_AVAILABLE_IN_UI_EXPORT,Single-dimension GSC UI export; rows cannot be joined across dimensions; top-row and UI cap limitations apply.
VERIFIED_GSC_UI_SINGLE_DIMENSION,current28,2026-07-13,2026-08-09,sc-domain:fermatmind.com,web,page,https://fermatmind.com/zh/career/jobs/semiconductor-processing-technicians,0,1,0.0,1.0,895,1000,NOT_AVAILABLE_IN_UI_EXPORT,Single-dimension GSC UI export; rows cannot be joined across dimensions; top-row and UI cap limitations apply.
VERIFIED_GSC_UI_SINGLE_DIMENSION,current28,2026-07-13,2026-08-09,sc-domain:fermatmind.com,web,page,https://fermatmind.com/zh/career/jobs/tree-trimmers-and-pruners,0,1,0.0,1.0,896,1000,NOT_AVAILABLE_IN_UI_EXPORT,Single-dimension GSC UI export; rows cannot be joined across dimensions; top-row and UI cap limitations apply.
VERIFIED_GSC_UI_SINGLE_DIMENSION,current28,2026-07-13,2026-08-09,sc-domain:fermatmind.com,web,page,https://fermatmind.com/en/career/jobs/career-and-technical-education-teachers,0,1,0.0,2.0,897,1000,NOT_AVAILABLE_IN_UI_EXPORT,Single-dimension GSC UI export; rows cannot be joined across dimensions; top-row and UI cap limitations apply.
VERIFIED_GSC_UI_SINGLE_DIMENSION,current28,2026-07-13,2026-08-09,sc-domain:fermatmind.com,web,page,https://fermatmind.com/en/personality/big-five/conscientiousness-mid,0,1,0.0,2.0,898,1000,NOT_AVAILABLE_IN_UI_EXPORT,Single-dimension GSC UI export; rows cannot be joined across dimensions; top-row and UI cap limitations apply.
VERIFIED_GSC_UI_SINGLE_DIMENSION,current28,2026-07-13,2026-08-09,sc-domain:fermatmind.com,web,page,https://fermatmind.com/zh/career/jobs/dancers,0,1,0.0,2.0,899,1000,NOT_AVAILABLE_IN_UI_EXPORT,Single-dimension GSC UI export; rows cannot be joined across dimensions; top-row and UI cap limitations apply.
VERIFIED_GSC_UI_SINGLE_DIMENSION,current28,2026-07-13,2026-08-09,sc-domain:fermatmind.com,web,page,https://fermatmind.com/zh/career/jobs/heat-treating-equipment-setters-operators-and-tenders-metal-and-plastic,0,1,0.0,2.0,900,1000,NOT_AVAILABLE_IN_UI_EXPORT,Single-dimension GSC UI export; rows cannot be joined across dimensions; top-row and UI cap limitations apply.
VERIFIED_GSC_UI_SINGLE_DIMENSION,current28,2026-07-13,2026-08-09,sc-domain:fermatmind.com,web,page,https://fermatmind.com/zh/career/jobs/self-enrichment-teachers,0,1,0.0,2.0,901,1000,NOT_AVAILABLE_IN_UI_EXPORT,Single-dimension GSC UI export; rows cannot be joined across dimensions; top-row and UI cap limitations apply.
VERIFIED_GSC_UI_SINGLE_DIMENSION,current28,2026-07-13,2026-08-09,sc-domain:fermatmind.com,web,page,https://fermatmind.com/zh/career/jobs/refuse-and-recyclable-material-collectors,0,1,0.0,3.0,903,1000,NOT_AVAILABLE_IN_UI_EXPORT,Single-dimension GSC UI export; rows cannot be joined across dimensions; top-row and UI cap limitations apply.
VERIFIED_GSC_UI_SINGLE_DIMENSION,current28,2026-07-13,2026-08-09,sc-domain:fermatmind.com,web,page,https://fermatmind.com/zh/career/jobs/training-and-development-specialists,0,1,0.0,3.0,904,1000,NOT_AVAILABLE_IN_UI_EXPORT,Single-dimension GSC UI export; rows cannot be joined across dimensions; top-row and UI cap limitations apply.
VERIFIED_GSC_UI_SINGLE_DIMENSION,current28,2026-07-13,2026-08-09,sc-domain:fermatmind.com,web,page,https://fermatmind.com/en/career/jobs/purchasing-managers-buyers-and-purchasing-agents,0,1,0.0,4.0,905,1000,NOT_AVAILABLE_IN_UI_EXPORT,Single-dimension GSC UI export; rows cannot be joined across dimensions; top-row and UI cap limitations apply.
VERIFIED_GSC_UI_SINGLE_DIMENSION,current28,2026-07-13,2026-08-09,sc-domain:fermatmind.com,web,page,https://fermatmind.com/zh/career/jobs/biomass-power-plant-managers,0,1,0.0,4.0,906,1000,NOT_AVAILABLE_IN_UI_EXPORT,Single-dimension GSC UI export; rows cannot be joined across dimensions; top-row and UI cap limitations apply.
VERIFIED_GSC_UI_SINGLE_DIMENSION,current28,2026-07-13,2026-08-09,sc-domain:fermatmind.com,web,page,https://fermatmind.com/zh/career/jobs/business-teachers-postsecondary,0,1,0.0,4.0,907,1000,NOT_AVAILABLE_IN_UI_EXPORT,Single-dimension GSC UI export; rows cannot be joined across dimensions; top-row and UI cap limitations apply.
VERIFIED_GSC_UI_SINGLE_DIMENSION,current28,2026-07-13,2026-08-09,sc-domain:fermatmind.com,web,page,https://fermatmind.com/zh/career/jobs/education-and-childcare-administrators-preschool-and-daycare,0,1,0.0,4.0,908,1000,NOT_AVAILABLE_IN_UI_EXPORT,Single-dimension GSC UI export; rows cannot be joined across dimensions; top-row and UI cap limitations apply.
VERIFIED_GSC_UI_SINGLE_DIMENSION,current28,2026-07-13,2026-08-09,sc-domain:fermatmind.com,web,page,https://fermatmind.com/zh/career/jobs/electrical-and-electronics-engineers,0,1,0.0,4.0,909,1000,NOT_AVAILABLE_IN_UI_EXPORT,Single-dimension GSC UI export; rows cannot be joined across dimensions; top-row and UI cap limitations apply.
VERIFIED_GSC_UI_SINGLE_DIMENSION,current28,2026-07-13,2026-08-09,sc-domain:fermatmind.com,web,page,https://fermatmind.com/zh/career/jobs/web-and-digital-interface-designers,0,1,0.0,4.0,910,1000,NOT_AVAILABLE_IN_UI_EXPORT,Single-dimension GSC UI export; rows cannot be joined across dimensions; top-row and UI cap limitations apply.
VERIFIED_GSC_UI_SINGLE_DIMENSION,current28,2026-07-13,2026-08-09,sc-domain:fermatmind.com,web,page,https://fermatmind.com/en/career/jobs/motorboat-operators,0,1,0.0,5.0,911,1000,NOT_AVAILABLE_IN_UI_EXPORT,Single-dimension GSC UI export; rows cannot be joined across dimensions; top-row and UI cap limitations apply.
VERIFIED_GSC_UI_SINGLE_DIMENSION,current28,2026-07-13,2026-08-09,sc-domain:fermatmind.com,web,page,https://fermatmind.com/en/career/jobs/secretaries-and-administrative-assistants-except-legal-medical-and-executive,0,1,0.0,5.0,912,1000,NOT_AVAILABLE_IN_UI_EXPORT,Single-dimension GSC UI export; rows cannot be joined across dimensions; top-row and UI cap limitations apply.
VERIFIED_GSC_UI_SINGLE_DIMENSION,current28,2026-07-13,2026-08-09,sc-domain:fermatmind.com,web,page,https://fermatmind.com/zh/career/jobs/computer-and-information-systems-managers,0,1,0.0,5.0,913,1000,NOT_AVAILABLE_IN_UI_EXPORT,Single-dimension GSC UI export; rows cannot be joined across dimensions; top-row and UI cap limitations apply.
VERIFIED_GSC_UI_SINGLE_DIMENSION,current28,2026-07-13,2026-08-09,sc-domain:fermatmind.com,web,page,https://fermatmind.com/zh/career/jobs/first-line-supervisors-of-all-other-tactical-operations-specialists,0,1,0.0,5.0,914,1000,NOT_AVAILABLE_IN_UI_EXPORT,Single-dimension GSC UI export; rows cannot be joined across dimensions; top-row and UI cap limitations apply.
VERIFIED_GSC_UI_SINGLE_DIMENSION,current28,2026-07-13,2026-08-09,sc-domain:fermatmind.com,web,page,https://fermatmind.com/zh/career/jobs/metal-and-plastic-machine-workers,0,1,0.0,5.0,915,1000,NOT_AVAILABLE_IN_UI_EXPORT,Single-dimension GSC UI export; rows cannot be joined across dimensions; top-row and UI cap limitations apply.
VERIFIED_GSC_UI_SINGLE_DIMENSION,current28,2026-07-13,2026-08-09,sc-domain:fermatmind.com,web,page,https://fermatmind.com/zh/career/jobs/stone-cutters-and-carvers-manufacturing,0,1,0.0,5.0,916,1000,NOT_AVAILABLE_IN_UI_EXPORT,Single-dimension GSC UI export; rows cannot be joined across dimensions; top-row and UI cap limitations apply.
VERIFIED_GSC_UI_SINGLE_DIMENSION,current28,2026-07-13,2026-08-09,sc-domain:fermatmind.com,web,page,https://fermatmind.com/zh/personality/estp-a,0,1,0.0,5.0,917,1000,NOT_AVAILABLE_IN_UI_EXPORT,Single-dimension GSC UI export; rows cannot be joined across dimensions; top-row and UI cap limitations apply.
VERIFIED_GSC_UI_SINGLE_DIMENSION,current28,2026-07-13,2026-08-09,sc-domain:fermatmind.com,web,page,https://fermatmind.com/en/career/jobs/explosives-workers-ordnance-handling-experts-and-blasters,0,1,0.0,6.0,918,1000,NOT_AVAILABLE_IN_UI_EXPORT,Single-dimension GSC UI export; rows cannot be joined across dimensions; top-row and UI cap limitations apply.
VERIFIED_GSC_UI_SINGLE_DIMENSION,current28,2026-07-13,2026-08-09,sc-domain:fermatmind.com,web,page,https://fermatmind.com/en/career/jobs/industrial-engineering-technicians,0,1,0.0,6.0,919,1000,NOT_AVAILABLE_IN_UI_EXPORT,Single-dimension GSC UI export; rows cannot be joined across dimensions; top-row and UI cap limitations apply.
VERIFIED_GSC_UI_SINGLE_DIMENSION,current28,2026-07-13,2026-08-09,sc-domain:fermatmind.com,web,page,https://fermatmind.com/zh/career/jobs/artillery-and-missile-officers,0,1,0.0,6.0,920,1000,NOT_AVAILABLE_IN_UI_EXPORT,Single-dimension GSC UI export; rows cannot be joined across dimensions; top-row and UI cap limitations apply.
VERIFIED_GSC_UI_SINGLE_DIMENSION,current28,2026-07-13,2026-08-09,sc-domain:fermatmind.com,web,page,https://fermatmind.com/zh/career/jobs/construction-managers,0,1,0.0,6.0,921,1000,NOT_AVAILABLE_IN_UI_EXPORT,Single-dimension GSC UI export; rows cannot be joined across dimensions; top-row and UI cap limitations apply.
VERIFIED_GSC_UI_SINGLE_DIMENSION,current28,2026-07-13,2026-08-09,sc-domain:fermatmind.com,web,page,https://fermatmind.com/zh/career/jobs/environmental-engineering-technicians,0,1,0.0,6.0,922,1000,NOT_AVAILABLE_IN_UI_EXPORT,Single-dimension GSC UI export; rows cannot be joined across dimensions; top-row and UI cap limitations apply.
VERIFIED_GSC_UI_SINGLE_DIMENSION,current28,2026-07-13,2026-08-09,sc-domain:fermatmind.com,web,page,https://fermatmind.com/zh/career/jobs/first-line-supervisors-of-housekeeping-and-janitorial-workers,0,1,0.0,6.0,923,1000,NOT_AVAILABLE_IN_UI_EXPORT,Single-dimension GSC UI export; rows cannot be joined across dimensions; top-row and UI cap limitations apply.
VERIFIED_GSC_UI_SINGLE_DIMENSION,current28,2026-07-13,2026-08-09,sc-domain:fermatmind.com,web,page,https://fermatmind.com/zh/career/jobs/musicians-and-singers,0,1,0.0,6.0,924,1000,NOT_AVAILABLE_IN_UI_EXPORT,Single-dimension GSC UI export; rows cannot be joined across dimensions; top-row and UI cap limitations apply.
VERIFIED_GSC_UI_SINGLE_DIMENSION,current28,2026-07-13,2026-08-09,sc-domain:fermatmind.com,web,page,https://fermatmind.com/zh/career/jobs/sales-representatives-of-services-except-advertising-insurance-financial-services-and-travel,0,1,0.0,6.0,925,1000,NOT_AVAILABLE_IN_UI_EXPORT,Single-dimension GSC UI export; rows cannot be joined across dimensions; top-row and UI cap limitations apply.
VERIFIED_GSC_UI_SINGLE_DIMENSION,current28,2026-07-13,2026-08-09,sc-domain:fermatmind.com,web,page,https://fermatmind.com/en/career/industries/design,0,1,0.0,7.0,926,1000,NOT_AVAILABLE_IN_UI_EXPORT,Single-dimension GSC UI export; rows cannot be joined across dimensions; top-row and UI cap limitations apply.
VERIFIED_GSC_UI_SINGLE_DIMENSION,current28,2026-07-13,2026-08-09,sc-domain:fermatmind.com,web,page,https://fermatmind.com/en/career/jobs/floor-layers-except-carpet-wood-and-hard-tiles,0,1,0.0,7.0,927,1000,NOT_AVAILABLE_IN_UI_EXPORT,Single-dimension GSC UI export; rows cannot be joined across dimensions; top-row and UI cap limitations apply.
VERIFIED_GSC_UI_SINGLE_DIMENSION,current28,2026-07-13,2026-08-09,sc-domain:fermatmind.com,web,page,https://fermatmind.com/en/career/jobs/hosts-and-hostesses-restaurant-lounge-and-coffee-shop,0,1,0.0,7.0,928,1000,NOT_AVAILABLE_IN_UI_EXPORT,Single-dimension GSC UI export; rows cannot be joined across dimensions; top-row and UI cap limitations apply.
VERIFIED_GSC_UI_SINGLE_DIMENSION,current28,2026-07-13,2026-08-09,sc-domain:fermatmind.com,web,page,https://fermatmind.com/zh/career/jobs/computer-automated-teller-and-office-machine-repairers,0,1,0.0,7.0,929,1000,NOT_AVAILABLE_IN_UI_EXPORT,Single-dimension GSC UI export; rows cannot be joined across dimensions; top-row and UI cap limitations apply.
VERIFIED_GSC_UI_SINGLE_DIMENSION,current28,2026-07-13,2026-08-09,sc-domain:fermatmind.com,web,page,https://fermatmind.com/zh/career/jobs/computer-systems-engineers-architects,0,1,0.0,7.0,930,1000,NOT_AVAILABLE_IN_UI_EXPORT,Single-dimension GSC UI export; rows cannot be joined across dimensions; top-row and UI cap limitations apply.
VERIFIED_GSC_UI_SINGLE_DIMENSION,current28,2026-07-13,2026-08-09,sc-domain:fermatmind.com,web,page,https://fermatmind.com/zh/personality/istj-t,0,1,0.0,7.0,931,1000,NOT_AVAILABLE_IN_UI_EXPORT,Single-dimension GSC UI export; rows cannot be joined across dimensions; top-row and UI cap limitations apply.
VERIFIED_GSC_UI_SINGLE_DIMENSION,current28,2026-07-13,2026-08-09,sc-domain:fermatmind.com,web,page,https://fermatmind.com/en/career/jobs/captains-mates-and-pilots-of-water-vessels,0,1,0.0,8.0,932,1000,NOT_AVAILABLE_IN_UI_EXPORT,Single-dimension GSC UI export; rows cannot be joined across dimensions; top-row and UI cap limitations apply.
VERIFIED_GSC_UI_SINGLE_DIMENSION,current28,2026-07-13,2026-08-09,sc-domain:fermatmind.com,web,page,https://fermatmind.com/en/career/jobs/continuous-mining-machine-operators,0,1,0.0,8.0,933,1000,NOT_AVAILABLE_IN_UI_EXPORT,Single-dimension GSC UI export; rows cannot be joined across dimensions; top-row and UI cap limitations apply.
VERIFIED_GSC_UI_SINGLE_DIMENSION,current28,2026-07-13,2026-08-09,sc-domain:fermatmind.com,web,page,https://fermatmind.com/en/career/jobs/craft-and-fine-artists,0,1,0.0,8.0,934,1000,NOT_AVAILABLE_IN_UI_EXPORT,Single-dimension GSC UI export; rows cannot be joined across dimensions; top-row and UI cap limitations apply.
VERIFIED_GSC_UI_SINGLE_DIMENSION,current28,2026-07-13,2026-08-09,sc-domain:fermatmind.com,web,page,https://fermatmind.com/en/career/jobs/geographers,0,1,0.0,8.0,935,1000,NOT_AVAILABLE_IN_UI_EXPORT,Single-dimension GSC UI export; rows cannot be joined across dimensions; top-row and UI cap limitations apply.
VERIFIED_GSC_UI_SINGLE_DIMENSION,current28,2026-07-13,2026-08-09,sc-domain:fermatmind.com,web,page,https://fermatmind.com/en/career/jobs/sewers-hand,0,1,0.0,8.0,936,1000,NOT_AVAILABLE_IN_UI_EXPORT,Single-dimension GSC UI export; rows cannot be joined across dimensions; top-row and UI cap limitations apply.
VERIFIED_GSC_UI_SINGLE_DIMENSION,current28,2026-07-13,2026-08-09,sc-domain:fermatmind.com,web,page,https://fermatmind.com/en/career/jobs/surgical-technologists,0,1,0.0,8.0,937,1000,NOT_AVAILABLE_IN_UI_EXPORT,Single-dimension GSC UI export; rows cannot be joined across dimensions; top-row and UI cap limitations apply.
VERIFIED_GSC_UI_SINGLE_DIMENSION,current28,2026-07-13,2026-08-09,sc-domain:fermatmind.com,web,page,https://fermatmind.com/en/career/jobs/technical-writers,0,1,0.0,8.0,938,1000,NOT_AVAILABLE_IN_UI_EXPORT,Single-dimension GSC UI export; rows cannot be joined across dimensions; top-row and UI cap limitations apply.
VERIFIED_GSC_UI_SINGLE_DIMENSION,current28,2026-07-13,2026-08-09,sc-domain:fermatmind.com,web,page,https://fermatmind.com/zh/career/jobs/aircraft-launch-and-recovery-officers,0,1,0.0,8.0,939,1000,NOT_AVAILABLE_IN_UI_EXPORT,Single-dimension GSC UI export; rows cannot be joined across dimensions; top-row and UI cap limitations apply.
VERIFIED_GSC_UI_SINGLE_DIMENSION,current28,2026-07-13,2026-08-09,sc-domain:fermatmind.com,web,page,https://fermatmind.com/zh/career/jobs/police-identification-and-records-officers,0,1,0.0,8.0,940,1000,NOT_AVAILABLE_IN_UI_EXPORT,Single-dimension GSC UI export; rows cannot be joined across dimensions; top-row and UI cap limitations apply.
VERIFIED_GSC_UI_SINGLE_DIMENSION,current28,2026-07-13,2026-08-09,sc-domain:fermatmind.com,web,page,https://fermatmind.com/zh/personality/big-five/conscientiousness,0,1,0.0,8.0,941,1000,NOT_AVAILABLE_IN_UI_EXPORT,Single-dimension GSC UI export; rows cannot be joined across dimensions; top-row and UI cap limitations apply.
VERIFIED_GSC_UI_SINGLE_DIMENSION,current28,2026-07-13,2026-08-09,sc-domain:fermatmind.com,web,page,https://fermatmind.com/zh/personality/esfp-t,0,1,0.0,8.0,942,1000,NOT_AVAILABLE_IN_UI_EXPORT,Single-dimension GSC UI export; rows cannot be joined across dimensions; top-row and UI cap limitations apply.
VERIFIED_GSC_UI_SINGLE_DIMENSION,current28,2026-07-13,2026-08-09,sc-domain:fermatmind.com,web,page,https://fermatmind.com/en/career/jobs/farm-and-home-management-educators,0,1,0.0,9.0,944,1000,NOT_AVAILABLE_IN_UI_EXPORT,Single-dimension GSC UI export; rows cannot be joined across dimensions; top-row and UI cap limitations apply.
VERIFIED_GSC_UI_SINGLE_DIMENSION,current28,2026-07-13,2026-08-09,sc-domain:fermatmind.com,web,page,https://fermatmind.com/en/career/jobs/first-line-supervisors-of-helpers-laborers-and-material-movers-hand,0,1,0.0,9.0,945,1000,NOT_AVAILABLE_IN_UI_EXPORT,Single-dimension GSC UI export; rows cannot be joined across dimensions; top-row and UI cap limitations apply.
VERIFIED_GSC_UI_SINGLE_DIMENSION,current28,2026-07-13,2026-08-09,sc-domain:fermatmind.com,web,page,https://fermatmind.com/en/career/jobs/painting-coating-and-decorating-workers,0,1,0.0,9.0,946,1000,NOT_AVAILABLE_IN_UI_EXPORT,Single-dimension GSC UI export; rows cannot be joined across dimensions; top-row and UI cap limitations apply.
VERIFIED_GSC_UI_SINGLE_DIMENSION,current28,2026-07-13,2026-08-09,sc-domain:fermatmind.com,web,page,https://fermatmind.com/en/career/jobs/postal-service-workers,0,1,0.0,9.0,947,1000,NOT_AVAILABLE_IN_UI_EXPORT,Single-dimension GSC UI export; rows cannot be joined across dimensions; top-row and UI cap limitations apply.
VERIFIED_GSC_UI_SINGLE_DIMENSION,current28,2026-07-13,2026-08-09,sc-domain:fermatmind.com,web,page,https://fermatmind.com/en/career/jobs/power-plant-operators,0,1,0.0,9.0,948,1000,NOT_AVAILABLE_IN_UI_EXPORT,Single-dimension GSC UI export; rows cannot be joined across dimensions; top-row and UI cap limitations apply.
VERIFIED_GSC_UI_SINGLE_DIMENSION,current28,2026-07-13,2026-08-09,sc-domain:fermatmind.com,web,page,https://fermatmind.com/en/career/jobs/rock-splitters-quarry,0,1,0.0,9.0,949,1000,NOT_AVAILABLE_IN_UI_EXPORT,Single-dimension GSC UI export; rows cannot be joined across dimensions; top-row and UI cap limitations apply.
VERIFIED_GSC_UI_SINGLE_DIMENSION,current28,2026-07-13,2026-08-09,sc-domain:fermatmind.com,web,page,https://fermatmind.com/en/career/jobs/securities-commodities-and-financial-services-sales-agents,0,1,0.0,9.0,950,1000,NOT_AVAILABLE_IN_UI_EXPORT,Single-dimension GSC UI export; rows cannot be joined across dimensions; top-row and UI cap limitations apply.
VERIFIED_GSC_UI_SINGLE_DIMENSION,current28,2026-07-13,2026-08-09,sc-domain:fermatmind.com,web,page,https://fermatmind.com/zh/career/jobs/meter-readers-utilities,0,1,0.0,9.0,951,1000,NOT_AVAILABLE_IN_UI_EXPORT,Single-dimension GSC UI export; rows cannot be joined across dimensions; top-row and UI cap limitations apply.
VERIFIED_GSC_UI_SINGLE_DIMENSION,current28,2026-07-13,2026-08-09,sc-domain:fermatmind.com,web,page,https://fermatmind.com/zh/career/jobs/postmasters-and-mail-superintendents,0,1,0.0,9.0,952,1000,NOT_AVAILABLE_IN_UI_EXPORT,Single-dimension GSC UI export; rows cannot be joined across dimensions; top-row and UI cap limitations apply.
VERIFIED_GSC_UI_SINGLE_DIMENSION,current28,2026-07-13,2026-08-09,sc-domain:fermatmind.com,web,page,https://fermatmind.com/zh/career/jobs/technical-writers,0,1,0.0,9.0,953,1000,NOT_AVAILABLE_IN_UI_EXPORT,Single-dimension GSC UI export; rows cannot be joined across dimensions; top-row and UI cap limitations apply.
VERIFIED_GSC_UI_SINGLE_DIMENSION,current28,2026-07-13,2026-08-09,sc-domain:fermatmind.com,web,page,https://fermatmind.com/en/career/jobs/health-informatics-specialists,0,1,0.0,10.0,954,1000,NOT_AVAILABLE_IN_UI_EXPORT,Single-dimension GSC UI export; rows cannot be joined across dimensions; top-row and UI cap limitations apply.
VERIFIED_GSC_UI_SINGLE_DIMENSION,current28,2026-07-13,2026-08-09,sc-domain:fermatmind.com,web,page,https://fermatmind.com/en/career/jobs/heat-treating-equipment-setters-operators-and-tenders-metal-and-plastic,0,1,0.0,10.0,955,1000,NOT_AVAILABLE_IN_UI_EXPORT,Single-dimension GSC UI export; rows cannot be joined across dimensions; top-row and UI cap limitations apply.
VERIFIED_GSC_UI_SINGLE_DIMENSION,current28,2026-07-13,2026-08-09,sc-domain:fermatmind.com,web,page,https://fermatmind.com/en/career/jobs/paper-goods-machine-setters-operators-and-tenders,0,1,0.0,10.0,956,1000,NOT_AVAILABLE_IN_UI_EXPORT,Single-dimension GSC UI export; rows cannot be joined across dimensions; top-row and UI cap limitations apply.
VERIFIED_GSC_UI_SINGLE_DIMENSION,current28,2026-07-13,2026-08-09,sc-domain:fermatmind.com,web,page,https://fermatmind.com/en/career/jobs/paramedics,0,1,0.0,10.0,957,1000,NOT_AVAILABLE_IN_UI_EXPORT,Single-dimension GSC UI export; rows cannot be joined across dimensions; top-row and UI cap limitations apply.
VERIFIED_GSC_UI_SINGLE_DIMENSION,current28,2026-07-13,2026-08-09,sc-domain:fermatmind.com,web,page,https://fermatmind.com/zh/career/jobs/animal-scientists,0,1,0.0,10.0,958,1000,NOT_AVAILABLE_IN_UI_EXPORT,Single-dimension GSC UI export; rows cannot be joined across dimensions; top-row and UI cap limitations apply.
VERIFIED_GSC_UI_SINGLE_DIMENSION,current28,2026-07-13,2026-08-09,sc-domain:fermatmind.com,web,page,https://fermatmind.com/zh/career/jobs/mathematicians-and-statisticians,0,1,0.0,10.0,959,1000,NOT_AVAILABLE_IN_UI_EXPORT,Single-dimension GSC UI export; rows cannot be joined across dimensions; top-row and UI cap limitations apply.
VERIFIED_GSC_UI_SINGLE_DIMENSION,current28,2026-07-13,2026-08-09,sc-domain:fermatmind.com,web,page,https://fermatmind.com/zh/career/jobs/quality-control-analysts,0,1,0.0,10.0,960,1000,NOT_AVAILABLE_IN_UI_EXPORT,Single-dimension GSC UI export; rows cannot be joined across dimensions; top-row and UI cap limitations apply.
VERIFIED_GSC_UI_SINGLE_DIMENSION,current28,2026-07-13,2026-08-09,sc-domain:fermatmind.com,web,page,https://fermatmind.com/zh/career/jobs/shuttle-drivers-and-chauffeurs,0,1,0.0,10.0,961,1000,NOT_AVAILABLE_IN_UI_EXPORT,Single-dimension GSC UI export; rows cannot be joined across dimensions; top-row and UI cap limitations apply.
VERIFIED_GSC_UI_SINGLE_DIMENSION,current28,2026-07-13,2026-08-09,sc-domain:fermatmind.com,web,page,https://fermatmind.com/zh/career/jobs/weatherization-installers-and-technicians,0,1,0.0,10.0,962,1000,NOT_AVAILABLE_IN_UI_EXPORT,Single-dimension GSC UI export; rows cannot be joined across dimensions; top-row and UI cap limitations apply.
VERIFIED_GSC_UI_SINGLE_DIMENSION,current28,2026-07-13,2026-08-09,sc-domain:fermatmind.com,web,page,https://fermatmind.com/zh/career/jobs/wind-turbine-service-technicians,0,1,0.0,10.0,963,1000,NOT_AVAILABLE_IN_UI_EXPORT,Single-dimension GSC UI export; rows cannot be joined across dimensions; top-row and UI cap limitations apply.
VERIFIED_GSC_UI_SINGLE_DIMENSION,current28,2026-07-13,2026-08-09,sc-domain:fermatmind.com,web,page,https://fermatmind.com/en/career/jobs/aerospace-engineering-and-operations-technicians,0,1,0.0,11.0,964,1000,NOT_AVAILABLE_IN_UI_EXPORT,Single-dimension GSC UI export; rows cannot be joined across dimensions; top-row and UI cap limitations apply.
VERIFIED_GSC_UI_SINGLE_DIMENSION,current28,2026-07-13,2026-08-09,sc-domain:fermatmind.com,web,page,https://fermatmind.com/en/career/jobs/cartographers-and-photogrammetrists,0,1,0.0,11.0,965,1000,NOT_AVAILABLE_IN_UI_EXPORT,Single-dimension GSC UI export; rows cannot be joined across dimensions; top-row and UI cap limitations apply.
VERIFIED_GSC_UI_SINGLE_DIMENSION,current28,2026-07-13,2026-08-09,sc-domain:fermatmind.com,web,page,https://fermatmind.com/en/career/jobs/librarians,0,1,0.0,11.0,966,1000,NOT_AVAILABLE_IN_UI_EXPORT,Single-dimension GSC UI export; rows cannot be joined across dimensions; top-row and UI cap limitations apply.
VERIFIED_GSC_UI_SINGLE_DIMENSION,current28,2026-07-13,2026-08-09,sc-domain:fermatmind.com,web,page,https://fermatmind.com/en/career/jobs/packers-and-packagers-hand,0,1,0.0,11.0,967,1000,NOT_AVAILABLE_IN_UI_EXPORT,Single-dimension GSC UI export; rows cannot be joined across dimensions; top-row and UI cap limitations apply.
VERIFIED_GSC_UI_SINGLE_DIMENSION,current28,2026-07-13,2026-08-09,sc-domain:fermatmind.com,web,page,https://fermatmind.com/en/career/jobs/photonics-technicians,0,1,0.0,11.0,968,1000,NOT_AVAILABLE_IN_UI_EXPORT,Single-dimension GSC UI export; rows cannot be joined across dimensions; top-row and UI cap limitations apply.
VERIFIED_GSC_UI_SINGLE_DIMENSION,current28,2026-07-13,2026-08-09,sc-domain:fermatmind.com,web,page,https://fermatmind.com/en/career/jobs/physics-teachers-postsecondary,0,1,0.0,11.0,969,1000,NOT_AVAILABLE_IN_UI_EXPORT,Single-dimension GSC UI export; rows cannot be joined across dimensions; top-row and UI cap limitations apply.
VERIFIED_GSC_UI_SINGLE_DIMENSION,current28,2026-07-13,2026-08-09,sc-domain:fermatmind.com,web,page,https://fermatmind.com/en/career/jobs/soil-and-plant-scientists,0,1,0.0,11.0,970,1000,NOT_AVAILABLE_IN_UI_EXPORT,Single-dimension GSC UI export; rows cannot be joined across dimensions; top-row and UI cap limitations apply.
VERIFIED_GSC_UI_SINGLE_DIMENSION,current28,2026-07-13,2026-08-09,sc-domain:fermatmind.com,web,page,https://fermatmind.com/en/career/jobs/transportation-engineers,0,1,0.0,11.0,971,1000,NOT_AVAILABLE_IN_UI_EXPORT,Single-dimension GSC UI export; rows cannot be joined across dimensions; top-row and UI cap limitations apply.
VERIFIED_GSC_UI_SINGLE_DIMENSION,current28,2026-07-13,2026-08-09,sc-domain:fermatmind.com,web,page,https://fermatmind.com/en/personality/big-five/neuroticism-mid,0,1,0.0,11.0,972,1000,NOT_AVAILABLE_IN_UI_EXPORT,Single-dimension GSC UI export; rows cannot be joined across dimensions; top-row and UI cap limitations apply.
VERIFIED_GSC_UI_SINGLE_DIMENSION,current28,2026-07-13,2026-08-09,sc-domain:fermatmind.com,web,page,https://fermatmind.com/en/personality/big-five/openness-mid,0,1,0.0,11.0,973,1000,NOT_AVAILABLE_IN_UI_EXPORT,Single-dimension GSC UI export; rows cannot be joined across dimensions; top-row and UI cap limitations apply.
VERIFIED_GSC_UI_SINGLE_DIMENSION,current28,2026-07-13,2026-08-09,sc-domain:fermatmind.com,web,page,https://fermatmind.com/zh/career/jobs/biofuels-production-managers,0,1,0.0,12.0,975,1000,NOT_AVAILABLE_IN_UI_EXPORT,Single-dimension GSC UI export; rows cannot be joined across dimensions; top-row and UI cap limitations apply.
VERIFIED_GSC_UI_SINGLE_DIMENSION,current28,2026-07-13,2026-08-09,sc-domain:fermatmind.com,web,page,https://fermatmind.com/en/career/jobs/endoscopy-technicians,0,1,0.0,13.0,976,1000,NOT_AVAILABLE_IN_UI_EXPORT,Single-dimension GSC UI export; rows cannot be joined across dimensions; top-row and UI cap limitations apply.
VERIFIED_GSC_UI_SINGLE_DIMENSION,current28,2026-07-13,2026-08-09,sc-domain:fermatmind.com,web,page,https://fermatmind.com/zh/career/jobs/cardiovascular-technologists-and-technicians,0,1,0.0,13.0,977,1000,NOT_AVAILABLE_IN_UI_EXPORT,Single-dimension GSC UI export; rows cannot be joined across dimensions; top-row and UI cap limitations apply.
VERIFIED_GSC_UI_SINGLE_DIMENSION,current28,2026-07-13,2026-08-09,sc-domain:fermatmind.com,web,page,https://fermatmind.com/zh/personality/enfp-a,0,1,0.0,14.0,978,1000,NOT_AVAILABLE_IN_UI_EXPORT,Single-dimension GSC UI export; rows cannot be joined across dimensions; top-row and UI cap limitations apply.
VERIFIED_GSC_UI_SINGLE_DIMENSION,current28,2026-07-13,2026-08-09,sc-domain:fermatmind.com,web,page,https://fermatmind.com/zh/career/jobs/area-ethnic-and-cultural-studies-teachers-postsecondary,0,1,0.0,15.0,979,1000,NOT_AVAILABLE_IN_UI_EXPORT,Single-dimension GSC UI export; rows cannot be joined across dimensions; top-row and UI cap limitations apply.
VERIFIED_GSC_UI_SINGLE_DIMENSION,current28,2026-07-13,2026-08-09,sc-domain:fermatmind.com,web,page,https://fermatmind.com/en/career/jobs/police-identification-and-records-officers,0,1,0.0,17.0,980,1000,NOT_AVAILABLE_IN_UI_EXPORT,Single-dimension GSC UI export; rows cannot be joined across dimensions; top-row and UI cap limitations apply.
VERIFIED_GSC_UI_SINGLE_DIMENSION,current28,2026-07-13,2026-08-09,sc-domain:fermatmind.com,web,page,https://fermatmind.com/zh/career/jobs/preschool-and-childcare-center-directors,0,1,0.0,17.0,981,1000,NOT_AVAILABLE_IN_UI_EXPORT,Single-dimension GSC UI export; rows cannot be joined across dimensions; top-row and UI cap limitations apply.
VERIFIED_GSC_UI_SINGLE_DIMENSION,current28,2026-07-13,2026-08-09,sc-domain:fermatmind.com,web,page,https://fermatmind.com/en/help/contact,0,1,0.0,18.0,982,1000,NOT_AVAILABLE_IN_UI_EXPORT,Single-dimension GSC UI export; rows cannot be joined across dimensions; top-row and UI cap limitations apply.
VERIFIED_GSC_UI_SINGLE_DIMENSION,current28,2026-07-13,2026-08-09,sc-domain:fermatmind.com,web,page,https://fermatmind.com/zh/career/jobs/health-specialties-teachers-postsecondary,0,1,0.0,19.0,983,1000,NOT_AVAILABLE_IN_UI_EXPORT,Single-dimension GSC UI export; rows cannot be joined across dimensions; top-row and UI cap limitations apply.
VERIFIED_GSC_UI_SINGLE_DIMENSION,current28,2026-07-13,2026-08-09,sc-domain:fermatmind.com,web,page,https://fermatmind.com/en/career/jobs/armored-assault-vehicle-officers,0,1,0.0,20.0,984,1000,NOT_AVAILABLE_IN_UI_EXPORT,Single-dimension GSC UI export; rows cannot be joined across dimensions; top-row and UI cap limitations apply.
VERIFIED_GSC_UI_SINGLE_DIMENSION,current28,2026-07-13,2026-08-09,sc-domain:fermatmind.com,web,page,https://fermatmind.com/zh/career/jobs/floor-layers-except-carpet-wood-and-hard-tiles,0,1,0.0,20.0,985,1000,NOT_AVAILABLE_IN_UI_EXPORT,Single-dimension GSC UI export; rows cannot be joined across dimensions; top-row and UI cap limitations apply.
VERIFIED_GSC_UI_SINGLE_DIMENSION,current28,2026-07-13,2026-08-09,sc-domain:fermatmind.com,web,page,https://fermatmind.com/en/career/jobs/survey-researchers,0,1,0.0,24.0,986,1000,NOT_AVAILABLE_IN_UI_EXPORT,Single-dimension GSC UI export; rows cannot be joined across dimensions; top-row and UI cap limitations apply.
VERIFIED_GSC_UI_SINGLE_DIMENSION,current28,2026-07-13,2026-08-09,sc-domain:fermatmind.com,web,page,https://fermatmind.com/zh/career/jobs/first-line-supervisors-of-helpers-laborers-and-material-movers-hand,0,1,0.0,25.0,987,1000,NOT_AVAILABLE_IN_UI_EXPORT,Single-dimension GSC UI export; rows cannot be joined across dimensions; top-row and UI cap limitations apply.
VERIFIED_GSC_UI_SINGLE_DIMENSION,current28,2026-07-13,2026-08-09,sc-domain:fermatmind.com,web,page,https://fermatmind.com/zh/career/jobs/radio-frequency-identification-device-specialists,0,1,0.0,25.0,988,1000,NOT_AVAILABLE_IN_UI_EXPORT,Single-dimension GSC UI export; rows cannot be joined across dimensions; top-row and UI cap limitations apply.
VERIFIED_GSC_UI_SINGLE_DIMENSION,current28,2026-07-13,2026-08-09,sc-domain:fermatmind.com,web,page,https://fermatmind.com/en/career/jobs/home-appliance-repairers,0,1,0.0,29.0,989,1000,NOT_AVAILABLE_IN_UI_EXPORT,Single-dimension GSC UI export; rows cannot be joined across dimensions; top-row and UI cap limitations apply.
VERIFIED_GSC_UI_SINGLE_DIMENSION,current28,2026-07-13,2026-08-09,sc-domain:fermatmind.com,web,page,https://fermatmind.com/zh/career/jobs/helpers-pipelayers-plumbers-pipefitters-and-steamfitters,0,1,0.0,29.0,990,1000,NOT_AVAILABLE_IN_UI_EXPORT,Single-dimension GSC UI export; rows cannot be joined across dimensions; top-row and UI cap limitations apply.
VERIFIED_GSC_UI_SINGLE_DIMENSION,current28,2026-07-13,2026-08-09,sc-domain:fermatmind.com,web,page,https://fermatmind.com/zh/career/jobs/medical-records-and-health-information-technicians,0,1,0.0,29.0,991,1000,NOT_AVAILABLE_IN_UI_EXPORT,Single-dimension GSC UI export; rows cannot be joined across dimensions; top-row and UI cap limitations apply.
VERIFIED_GSC_UI_SINGLE_DIMENSION,current28,2026-07-13,2026-08-09,sc-domain:fermatmind.com,web,page,https://fermatmind.com/zh/career/jobs/rail-track-laying-and-maintenance-equipment-operators,0,1,0.0,29.0,992,1000,NOT_AVAILABLE_IN_UI_EXPORT,Single-dimension GSC UI export; rows cannot be joined across dimensions; top-row and UI cap limitations apply.
VERIFIED_GSC_UI_SINGLE_DIMENSION,current28,2026-07-13,2026-08-09,sc-domain:fermatmind.com,web,page,https://fermatmind.com/zh/articles/big-five-evidence-strength-from-one-study-to-review,0,1,0.0,30.0,993,1000,NOT_AVAILABLE_IN_UI_EXPORT,Single-dimension GSC UI export; rows cannot be joined across dimensions; top-row and UI cap limitations apply.
VERIFIED_GSC_UI_SINGLE_DIMENSION,current28,2026-07-13,2026-08-09,sc-domain:fermatmind.com,web,page,https://fermatmind.com/en/career/jobs/radiation-therapists,0,1,0.0,37.0,994,1000,NOT_AVAILABLE_IN_UI_EXPORT,Single-dimension GSC UI export; rows cannot be joined across dimensions; top-row and UI cap limitations apply.
VERIFIED_GSC_UI_SINGLE_DIMENSION,current28,2026-07-13,2026-08-09,sc-domain:fermatmind.com,web,page,https://fermatmind.com/en/career/jobs/actuaries,0,1,0.0,47.0,995,1000,NOT_AVAILABLE_IN_UI_EXPORT,Single-dimension GSC UI export; rows cannot be joined across dimensions; top-row and UI cap limitations apply.
VERIFIED_GSC_UI_SINGLE_DIMENSION,current28,2026-07-13,2026-08-09,sc-domain:fermatmind.com,web,page,https://fermatmind.com/en/career/jobs/medical-transcriptionists,0,1,0.0,50.0,996,1000,NOT_AVAILABLE_IN_UI_EXPORT,Single-dimension GSC UI export; rows cannot be joined across dimensions; top-row and UI cap limitations apply.
VERIFIED_GSC_UI_SINGLE_DIMENSION,current28,2026-07-13,2026-08-09,sc-domain:fermatmind.com,web,page,https://fermatmind.com/zh/career/jobs/urologists,0,1,0.0,54.0,997,1000,NOT_AVAILABLE_IN_UI_EXPORT,Single-dimension GSC UI export; rows cannot be joined across dimensions; top-row and UI cap limitations apply.
VERIFIED_GSC_UI_SINGLE_DIMENSION,current28,2026-07-13,2026-08-09,sc-domain:fermatmind.com,web,page,https://fermatmind.com/zh/career/industries/production,0,1,0.0,59.0,998,1000,NOT_AVAILABLE_IN_UI_EXPORT,Single-dimension GSC UI export; rows cannot be joined across dimensions; top-row and UI cap limitations apply.
VERIFIED_GSC_UI_SINGLE_DIMENSION,current28,2026-07-13,2026-08-09,sc-domain:fermatmind.com,web,page,https://fermatmind.com/zh/career/jobs/crematory-operators,0,1,0.0,67.0,999,1000,NOT_AVAILABLE_IN_UI_EXPORT,Single-dimension GSC UI export; rows cannot be joined across dimensions; top-row and UI cap limitations apply.
VERIFIED_GSC_UI_SINGLE_DIMENSION,current28,2026-07-13,2026-08-09,sc-domain:fermatmind.com,web,page,https://fermatmind.com/tests/big-five-personality-test-ocean-model-大五人格,0,1,0.0,78.0,1000,1000,NOT_AVAILABLE_IN_UI_EXPORT,Single-dimension GSC UI export; rows cannot be joined across dimensions; top-row and UI cap limitations apply.
VERIFIED_GSC_UI_SINGLE_DIMENSION,prev28,2026-06-15,2026-07-12,sc-domain:fermatmind.com,web,page,https://fermatmind.com/zh/tests/mbti-personality-test-16-personality-types,38,2678,1.42,7.86,1,1000,NOT_AVAILABLE_IN_UI_EXPORT,Single-dimension GSC UI export; rows cannot be joined across dimensions; top-row and UI cap limitations apply.
VERIFIED_GSC_UI_SINGLE_DIMENSION,prev28,2026-06-15,2026-07-12,sc-domain:fermatmind.com,web,page,https://fermatmind.com/zh/personality/intp-a,15,898,1.67,9.36,2,1000,NOT_AVAILABLE_IN_UI_EXPORT,Single-dimension GSC UI export; rows cannot be joined across dimensions; top-row and UI cap limitations apply.
VERIFIED_GSC_UI_SINGLE_DIMENSION,prev28,2026-06-15,2026-07-12,sc-domain:fermatmind.com,web,page,https://fermatmind.com/,13,266,4.89,8.25,3,1000,NOT_AVAILABLE_IN_UI_EXPORT,Single-dimension GSC UI export; rows cannot be joined across dimensions; top-row and UI cap limitations apply.
VERIFIED_GSC_UI_SINGLE_DIMENSION,prev28,2026-06-15,2026-07-12,sc-domain:fermatmind.com,web,page,https://fermatmind.com/zh/articles/big-five-tool-guide,7,1515,0.46,7.78,4,1000,NOT_AVAILABLE_IN_UI_EXPORT,Single-dimension GSC UI export; rows cannot be joined across dimensions; top-row and UI cap limitations apply.
VERIFIED_GSC_UI_SINGLE_DIMENSION,prev28,2026-06-15,2026-07-12,sc-domain:fermatmind.com,web,page,https://fermatmind.com/zh/personality/istj-a,7,561,1.25,9.55,5,1000,NOT_AVAILABLE_IN_UI_EXPORT,Single-dimension GSC UI export; rows cannot be joined across dimensions; top-row and UI cap limitations apply.
VERIFIED_GSC_UI_SINGLE_DIMENSION,prev28,2026-06-15,2026-07-12,sc-domain:fermatmind.com,web,page,https://fermatmind.com/zh/articles/gaokao-major-adjustment-unacceptable-major-checklist,5,3132,0.16,7.56,6,1000,NOT_AVAILABLE_IN_UI_EXPORT,Single-dimension GSC UI export; rows cannot be joined across dimensions; top-row and UI cap limitations apply.
VERIFIED_GSC_UI_SINGLE_DIMENSION,prev28,2026-06-15,2026-07-12,sc-domain:fermatmind.com,web,page,https://fermatmind.com/zh/personality/intp-a-vs-intp-t,5,292,1.71,7.85,7,1000,NOT_AVAILABLE_IN_UI_EXPORT,Single-dimension GSC UI export; rows cannot be joined across dimensions; top-row and UI cap limitations apply.
VERIFIED_GSC_UI_SINGLE_DIMENSION,prev28,2026-06-15,2026-07-12,sc-domain:fermatmind.com,web,page,https://fermatmind.com/en/articles/what-is-riasec-holland-code-career-interest-test,4,2049,0.2,18.5,8,1000,NOT_AVAILABLE_IN_UI_EXPORT,Single-dimension GSC UI export; rows cannot be joined across dimensions; top-row and UI cap limitations apply.
VERIFIED_GSC_UI_SINGLE_DIMENSION,prev28,2026-06-15,2026-07-12,sc-domain:fermatmind.com,web,page,https://fermatmind.com/zh/articles/riasec-holland-career-interest-test-explained,4,966,0.41,8.15,9,1000,NOT_AVAILABLE_IN_UI_EXPORT,Single-dimension GSC UI export; rows cannot be joined across dimensions; top-row and UI cap limitations apply.
VERIFIED_GSC_UI_SINGLE_DIMENSION,prev28,2026-06-15,2026-07-12,sc-domain:fermatmind.com,web,page,https://fermatmind.com/zh/tests/holland-career-interest-test-riasec,4,292,1.37,7.12,10,1000,NOT_AVAILABLE_IN_UI_EXPORT,Single-dimension GSC UI export; rows cannot be joined across dimensions; top-row and UI cap limitations apply.
VERIFIED_GSC_UI_SINGLE_DIMENSION,prev28,2026-06-15,2026-07-12,sc-domain:fermatmind.com,web,page,https://fermatmind.com/zh/articles/are-infj-men-rare-or-socially-silenced,4,122,3.28,9.9,11,1000,NOT_AVAILABLE_IN_UI_EXPORT,Single-dimension GSC UI export; rows cannot be joined across dimensions; top-row and UI cap limitations apply.
VERIFIED_GSC_UI_SINGLE_DIMENSION,prev28,2026-06-15,2026-07-12,sc-domain:fermatmind.com,web,page,https://fermatmind.com/zh/articles/mbti-basics,3,1328,0.23,14.14,12,1000,NOT_AVAILABLE_IN_UI_EXPORT,Single-dimension GSC UI export; rows cannot be joined across dimensions; top-row and UI cap limitations apply.
VERIFIED_GSC_UI_SINGLE_DIMENSION,prev28,2026-06-15,2026-07-12,sc-domain:fermatmind.com,web,page,https://fermatmind.com/en,3,87,3.45,12.31,13,1000,NOT_AVAILABLE_IN_UI_EXPORT,Single-dimension GSC UI export; rows cannot be joined across dimensions; top-row and UI cap limitations apply.
VERIFIED_GSC_UI_SINGLE_DIMENSION,prev28,2026-06-15,2026-07-12,sc-domain:fermatmind.com,web,page,https://fermatmind.com/zh/articles/enneagram-personality-test-explained,2,1184,0.17,10.98,14,1000,NOT_AVAILABLE_IN_UI_EXPORT,Single-dimension GSC UI export; rows cannot be joined across dimensions; top-row and UI cap limitations apply.
VERIFIED_GSC_UI_SINGLE_DIMENSION,prev28,2026-06-15,2026-07-12,sc-domain:fermatmind.com,web,page,https://fermatmind.com/zh/personality/istp-a,2,365,0.55,8.55,15,1000,NOT_AVAILABLE_IN_UI_EXPORT,Single-dimension GSC UI export; rows cannot be joined across dimensions; top-row and UI cap limitations apply.
VERIFIED_GSC_UI_SINGLE_DIMENSION,prev28,2026-06-15,2026-07-12,sc-domain:fermatmind.com,web,page,https://fermatmind.com/zh/tests/big-five-personality-test-ocean-model,2,305,0.66,9.73,16,1000,NOT_AVAILABLE_IN_UI_EXPORT,Single-dimension GSC UI export; rows cannot be joined across dimensions; top-row and UI cap limitations apply.
VERIFIED_GSC_UI_SINGLE_DIMENSION,prev28,2026-06-15,2026-07-12,sc-domain:fermatmind.com,web,page,https://fermatmind.com/en/articles/mbti-vs-holland-code-career-choice,2,113,1.77,10.96,17,1000,NOT_AVAILABLE_IN_UI_EXPORT,Single-dimension GSC UI export; rows cannot be joined across dimensions; top-row and UI cap limitations apply.
VERIFIED_GSC_UI_SINGLE_DIMENSION,prev28,2026-06-15,2026-07-12,sc-domain:fermatmind.com,web,page,https://fermatmind.com/zh/articles/major-career-mismatch-job-search-skills-plan,1,742,0.13,14.39,18,1000,NOT_AVAILABLE_IN_UI_EXPORT,Single-dimension GSC UI export; rows cannot be joined across dimensions; top-row and UI cap limitations apply.
VERIFIED_GSC_UI_SINGLE_DIMENSION,prev28,2026-06-15,2026-07-12,sc-domain:fermatmind.com,web,page,https://fermatmind.com/zh/articles/college-major-choice-holland-mbti-career-test,1,474,0.21,6.24,19,1000,NOT_AVAILABLE_IN_UI_EXPORT,Single-dimension GSC UI export; rows cannot be joined across dimensions; top-row and UI cap limitations apply.
VERIFIED_GSC_UI_SINGLE_DIMENSION,prev28,2026-06-15,2026-07-12,sc-domain:fermatmind.com,web,page,https://fermatmind.com/en/personality/intj-a-vs-intj-t,1,321,0.31,11.17,20,1000,NOT_AVAILABLE_IN_UI_EXPORT,Single-dimension GSC UI export; rows cannot be joined across dimensions; top-row and UI cap limitations apply.
VERIFIED_GSC_UI_SINGLE_DIMENSION,prev28,2026-06-15,2026-07-12,sc-domain:fermatmind.com,web,page,https://fermatmind.com/en/tests/iq-test-intelligence-quotient-assessment,1,267,0.37,43.56,21,1000,NOT_AVAILABLE_IN_UI_EXPORT,Single-dimension GSC UI export; rows cannot be joined across dimensions; top-row and UI cap limitations apply.
VERIFIED_GSC_UI_SINGLE_DIMENSION,prev28,2026-06-15,2026-07-12,sc-domain:fermatmind.com,web,page,https://fermatmind.com/zh/personality/isfp-a,1,193,0.52,8.58,22,1000,NOT_AVAILABLE_IN_UI_EXPORT,Single-dimension GSC UI export; rows cannot be joined across dimensions; top-row and UI cap limitations apply.
VERIFIED_GSC_UI_SINGLE_DIMENSION,prev28,2026-06-15,2026-07-12,sc-domain:fermatmind.com,web,page,https://fermatmind.com/zh/tests/iq-test-intelligence-quotient-assessment,1,163,0.61,12.36,23,1000,NOT_AVAILABLE_IN_UI_EXPORT,Single-dimension GSC UI export; rows cannot be joined across dimensions; top-row and UI cap limitations apply.
VERIFIED_GSC_UI_SINGLE_DIMENSION,prev28,2026-06-15,2026-07-12,sc-domain:fermatmind.com,web,page,https://fermatmind.com/zh/articles/which-love-script-fits-you-best,1,144,0.69,12.85,24,1000,NOT_AVAILABLE_IN_UI_EXPORT,Single-dimension GSC UI export; rows cannot be joined across dimensions; top-row and UI cap limitations apply.
VERIFIED_GSC_UI_SINGLE_DIMENSION,prev28,2026-06-15,2026-07-12,sc-domain:fermatmind.com,web,page,https://fermatmind.com/zh/articles/hot-major-fit-riasec-course-career-checklist,1,78,1.28,16.5,25,1000,NOT_AVAILABLE_IN_UI_EXPORT,Single-dimension GSC UI export; rows cannot be joined across dimensions; top-row and UI cap limitations apply.
VERIFIED_GSC_UI_SINGLE_DIMENSION,prev28,2026-06-15,2026-07-12,sc-domain:fermatmind.com,web,page,https://fermatmind.com/zh/tests,1,76,1.32,6.75,26,1000,NOT_AVAILABLE_IN_UI_EXPORT,Single-dimension GSC UI export; rows cannot be joined across dimensions; top-row and UI cap limitations apply.
VERIFIED_GSC_UI_SINGLE_DIMENSION,prev28,2026-06-15,2026-07-12,sc-domain:fermatmind.com,web,page,https://fermatmind.com/zh/career/jobs/dental-hygienists,1,72,1.39,9.36,27,1000,NOT_AVAILABLE_IN_UI_EXPORT,Single-dimension GSC UI export; rows cannot be joined across dimensions; top-row and UI cap limitations apply.
VERIFIED_GSC_UI_SINGLE_DIMENSION,prev28,2026-06-15,2026-07-12,sc-domain:fermatmind.com,web,page,https://fermatmind.com/zh/tests/eq-test-emotional-intelligence-assessment,1,67,1.49,9.28,28,1000,NOT_AVAILABLE_IN_UI_EXPORT,Single-dimension GSC UI export; rows cannot be joined across dimensions; top-row and UI cap limitations apply.
VERIFIED_GSC_UI_SINGLE_DIMENSION,prev28,2026-06-15,2026-07-12,sc-domain:fermatmind.com,web,page,https://fermatmind.com/en/tests/holland-career-interest-test-riasec,1,67,1.49,11.69,29,1000,NOT_AVAILABLE_IN_UI_EXPORT,Single-dimension GSC UI export; rows cannot be joined across dimensions; top-row and UI cap limitations apply.
VERIFIED_GSC_UI_SINGLE_DIMENSION,prev28,2026-06-15,2026-07-12,sc-domain:fermatmind.com,web,page,https://fermatmind.com/zh/articles/big-five-conscientiousness-low-procrastination-task-plan,1,56,1.79,19.68,30,1000,NOT_AVAILABLE_IN_UI_EXPORT,Single-dimension GSC UI export; rows cannot be joined across dimensions; top-row and UI cap limitations apply.
VERIFIED_GSC_UI_SINGLE_DIMENSION,prev28,2026-06-15,2026-07-12,sc-domain:fermatmind.com,web,page,https://fermatmind.com/zh/articles/iq-test-growth-guide,1,36,2.78,15.42,31,1000,NOT_AVAILABLE_IN_UI_EXPORT,Single-dimension GSC UI export; rows cannot be joined across dimensions; top-row and UI cap limitations apply.
VERIFIED_GSC_UI_SINGLE_DIMENSION,prev28,2026-06-15,2026-07-12,sc-domain:fermatmind.com,web,page,https://fermatmind.com/zh/career/jobs/general-and-operations-managers,1,34,2.94,10.26,32,1000,NOT_AVAILABLE_IN_UI_EXPORT,Single-dimension GSC UI export; rows cannot be joined across dimensions; top-row and UI cap limitations apply.
VERIFIED_GSC_UI_SINGLE_DIMENSION,prev28,2026-06-15,2026-07-12,sc-domain:fermatmind.com,web,page,https://fermatmind.com/en/articles/unwanted-major-repeat-or-stay-riasec-decision-checklist,1,33,3.03,12.94,33,1000,NOT_AVAILABLE_IN_UI_EXPORT,Single-dimension GSC UI export; rows cannot be joined across dimensions; top-row and UI cap limitations apply.
VERIFIED_GSC_UI_SINGLE_DIMENSION,prev28,2026-06-15,2026-07-12,sc-domain:fermatmind.com,web,page,https://fermatmind.com/zh/tests/category/personality,1,25,4.0,9.6,34,1000,NOT_AVAILABLE_IN_UI_EXPORT,Single-dimension GSC UI export; rows cannot be joined across dimensions; top-row and UI cap limitations apply.
VERIFIED_GSC_UI_SINGLE_DIMENSION,prev28,2026-06-15,2026-07-12,sc-domain:fermatmind.com,web,page,https://fermatmind.com/zh/articles/how-personality-shapes-attitude-toward-ai,1,25,4.0,11.84,35,1000,NOT_AVAILABLE_IN_UI_EXPORT,Single-dimension GSC UI export; rows cannot be joined across dimensions; top-row and UI cap limitations apply.
VERIFIED_GSC_UI_SINGLE_DIMENSION,prev28,2026-06-15,2026-07-12,sc-domain:fermatmind.com,web,page,https://fermatmind.com/zh/career/jobs/photonics-technicians,1,13,7.69,11.77,36,1000,NOT_AVAILABLE_IN_UI_EXPORT,Single-dimension GSC UI export; rows cannot be joined across dimensions; top-row and UI cap limitations apply.
VERIFIED_GSC_UI_SINGLE_DIMENSION,prev28,2026-06-15,2026-07-12,sc-domain:fermatmind.com,web,page,https://fermatmind.com/zh/career/jobs/paving-surfacing-and-tamping-equipment-operators,1,7,14.29,20.86,37,1000,NOT_AVAILABLE_IN_UI_EXPORT,Single-dimension GSC UI export; rows cannot be joined across dimensions; top-row and UI cap limitations apply.
VERIFIED_GSC_UI_SINGLE_DIMENSION,prev28,2026-06-15,2026-07-12,sc-domain:fermatmind.com,web,page,https://fermatmind.com/zh/career/jobs/zoologists-and-wildlife-biologists,1,6,16.67,7.67,38,1000,NOT_AVAILABLE_IN_UI_EXPORT,Single-dimension GSC UI export; rows cannot be joined across dimensions; top-row and UI cap limitations apply.
VERIFIED_GSC_UI_SINGLE_DIMENSION,prev28,2026-06-15,2026-07-12,sc-domain:fermatmind.com,web,page,https://fermatmind.com/en/career/jobs/shipping-receiving-and-inventory-clerks,0,1035,0.0,7.21,39,1000,NOT_AVAILABLE_IN_UI_EXPORT,Single-dimension GSC UI export; rows cannot be joined across dimensions; top-row and UI cap limitations apply.
VERIFIED_GSC_UI_SINGLE_DIMENSION,prev28,2026-06-15,2026-07-12,sc-domain:fermatmind.com,web,page,https://fermatmind.com/zh/career/jobs/graphic-designers,0,669,0.0,8.53,40,1000,NOT_AVAILABLE_IN_UI_EXPORT,Single-dimension GSC UI export; rows cannot be joined across dimensions; top-row and UI cap limitations apply.
VERIFIED_GSC_UI_SINGLE_DIMENSION,prev28,2026-06-15,2026-07-12,sc-domain:fermatmind.com,web,page,https://fermatmind.com/zh/articles/enneagram-workplace-friction-core-motivations,0,607,0.0,14.78,41,1000,NOT_AVAILABLE_IN_UI_EXPORT,Single-dimension GSC UI export; rows cannot be joined across dimensions; top-row and UI cap limitations apply.
VERIFIED_GSC_UI_SINGLE_DIMENSION,prev28,2026-06-15,2026-07-12,sc-domain:fermatmind.com,web,page,https://fermatmind.com/zh/articles/mbti-vs-holland-career-choice,0,517,0.0,8.88,42,1000,NOT_AVAILABLE_IN_UI_EXPORT,Single-dimension GSC UI export; rows cannot be joined across dimensions; top-row and UI cap limitations apply.
VERIFIED_GSC_UI_SINGLE_DIMENSION,prev28,2026-06-15,2026-07-12,sc-domain:fermatmind.com,web,page,https://fermatmind.com/zh/articles/eq-test-tool-guide,0,443,0.0,14.43,43,1000,NOT_AVAILABLE_IN_UI_EXPORT,Single-dimension GSC UI export; rows cannot be joined across dimensions; top-row and UI cap limitations apply.
VERIFIED_GSC_UI_SINGLE_DIMENSION,prev28,2026-06-15,2026-07-12,sc-domain:fermatmind.com,web,page,https://fermatmind.com/zh/articles/math-not-good-computer-ai-major-course-riasec-checklist,0,419,0.0,11.78,44,1000,NOT_AVAILABLE_IN_UI_EXPORT,Single-dimension GSC UI export; rows cannot be joined across dimensions; top-row and UI cap limitations apply.
VERIFIED_GSC_UI_SINGLE_DIMENSION,prev28,2026-06-15,2026-07-12,sc-domain:fermatmind.com,web,page,https://fermatmind.com/zh/personality,0,403,0.0,9.92,45,1000,NOT_AVAILABLE_IN_UI_EXPORT,Single-dimension GSC UI export; rows cannot be joined across dimensions; top-row and UI cap limitations apply.
VERIFIED_GSC_UI_SINGLE_DIMENSION,prev28,2026-06-15,2026-07-12,sc-domain:fermatmind.com,web,page,https://fermatmind.com/zh/articles/iq-test-score-and-limits-explained,0,356,0.0,8.94,46,1000,NOT_AVAILABLE_IN_UI_EXPORT,Single-dimension GSC UI export; rows cannot be joined across dimensions; top-row and UI cap limitations apply.
VERIFIED_GSC_UI_SINGLE_DIMENSION,prev28,2026-06-15,2026-07-12,sc-domain:fermatmind.com,web,page,https://fermatmind.com/zh/tests/enneagram-personality-test-nine-types,0,296,0.0,9.48,47,1000,NOT_AVAILABLE_IN_UI_EXPORT,Single-dimension GSC UI export; rows cannot be joined across dimensions; top-row and UI cap limitations apply.
VERIFIED_GSC_UI_SINGLE_DIMENSION,prev28,2026-06-15,2026-07-12,sc-domain:fermatmind.com,web,page,https://fermatmind.com/zh/career/guides/from-mbti-to-job-fit,0,285,0.0,10.27,48,1000,NOT_AVAILABLE_IN_UI_EXPORT,Single-dimension GSC UI export; rows cannot be joined across dimensions; top-row and UI cap limitations apply.
VERIFIED_GSC_UI_SINGLE_DIMENSION,prev28,2026-06-15,2026-07-12,sc-domain:fermatmind.com,web,page,https://fermatmind.com/zh/career/guides,0,285,0.0,11.91,49,1000,NOT_AVAILABLE_IN_UI_EXPORT,Single-dimension GSC UI export; rows cannot be joined across dimensions; top-row and UI cap limitations apply.
VERIFIED_GSC_UI_SINGLE_DIMENSION,prev28,2026-06-15,2026-07-12,sc-domain:fermatmind.com,web,page,https://fermatmind.com/zh/articles/big-five-emotional-stability-stress-recovery-communication,0,274,0.0,15.43,50,1000,NOT_AVAILABLE_IN_UI_EXPORT,Single-dimension GSC UI export; rows cannot be joined across dimensions; top-row and UI cap limitations apply.
VERIFIED_GSC_UI_SINGLE_DIMENSION,prev28,2026-06-15,2026-07-12,sc-domain:fermatmind.com,web,page,https://fermatmind.com/zh/articles/unwanted-major-adjustment-riasec-transfer-plan,0,262,0.0,9.3,51,1000,NOT_AVAILABLE_IN_UI_EXPORT,Single-dimension GSC UI export; rows cannot be joined across dimensions; top-row and UI cap limitations apply.
VERIFIED_GSC_UI_SINGLE_DIMENSION,prev28,2026-06-15,2026-07-12,sc-domain:fermatmind.com,web,page,https://fermatmind.com/zh/topics/mbti,0,261,0.0,17.56,52,1000,NOT_AVAILABLE_IN_UI_EXPORT,Single-dimension GSC UI export; rows cannot be joined across dimensions; top-row and UI cap limitations apply.
VERIFIED_GSC_UI_SINGLE_DIMENSION,prev28,2026-06-15,2026-07-12,sc-domain:fermatmind.com,web,page,https://fermatmind.com/en/personality/intp-a-vs-intp-t,0,219,0.0,12.5,53,1000,NOT_AVAILABLE_IN_UI_EXPORT,Single-dimension GSC UI export; rows cannot be joined across dimensions; top-row and UI cap limitations apply.
VERIFIED_GSC_UI_SINGLE_DIMENSION,prev28,2026-06-15,2026-07-12,sc-domain:fermatmind.com,web,page,https://fermatmind.com/en/career/jobs/purchasing-agents-except-wholesale-retail-and-farm-products,0,209,0.0,8.22,54,1000,NOT_AVAILABLE_IN_UI_EXPORT,Single-dimension GSC UI export; rows cannot be joined across dimensions; top-row and UI cap limitations apply.
VERIFIED_GSC_UI_SINGLE_DIMENSION,prev28,2026-06-15,2026-07-12,sc-domain:fermatmind.com,web,page,https://fermatmind.com/zh/personality/infp-t,0,197,0.0,9.69,55,1000,NOT_AVAILABLE_IN_UI_EXPORT,Single-dimension GSC UI export; rows cannot be joined across dimensions; top-row and UI cap limitations apply.
VERIFIED_GSC_UI_SINGLE_DIMENSION,prev28,2026-06-15,2026-07-12,sc-domain:fermatmind.com,web,page,https://fermatmind.com/en/career/jobs/sales-representatives-wholesale-and-manufacturing-except-technical-and-scientific-products,0,193,0.0,7.33,56,1000,NOT_AVAILABLE_IN_UI_EXPORT,Single-dimension GSC UI export; rows cannot be joined across dimensions; top-row and UI cap limitations apply.
VERIFIED_GSC_UI_SINGLE_DIMENSION,prev28,2026-06-15,2026-07-12,sc-domain:fermatmind.com,web,page,https://fermatmind.com/en/career/jobs/funeral-home-managers,0,185,0.0,7.14,57,1000,NOT_AVAILABLE_IN_UI_EXPORT,Single-dimension GSC UI export; rows cannot be joined across dimensions; top-row and UI cap limitations apply.
VERIFIED_GSC_UI_SINGLE_DIMENSION,prev28,2026-06-15,2026-07-12,sc-domain:fermatmind.com,web,page,https://fermatmind.com/en/articles/major-career-mismatch-job-search-skills-plan,0,179,0.0,11.73,58,1000,NOT_AVAILABLE_IN_UI_EXPORT,Single-dimension GSC UI export; rows cannot be joined across dimensions; top-row and UI cap limitations apply.
VERIFIED_GSC_UI_SINGLE_DIMENSION,prev28,2026-06-15,2026-07-12,sc-domain:fermatmind.com,web,page,https://fermatmind.com/en/personality/intp-a,0,172,0.0,9.39,59,1000,NOT_AVAILABLE_IN_UI_EXPORT,Single-dimension GSC UI export; rows cannot be joined across dimensions; top-row and UI cap limitations apply.
VERIFIED_GSC_UI_SINGLE_DIMENSION,prev28,2026-06-15,2026-07-12,sc-domain:fermatmind.com,web,page,https://fermatmind.com/zh/career/jobs/aircraft-and-avionics-equipment-mechanics-and-technicians,0,171,0.0,26.11,60,1000,NOT_AVAILABLE_IN_UI_EXPORT,Single-dimension GSC UI export; rows cannot be joined across dimensions; top-row and UI cap limitations apply.
VERIFIED_GSC_UI_SINGLE_DIMENSION,prev28,2026-06-15,2026-07-12,sc-domain:fermatmind.com,web,page,https://fermatmind.com/zh/careers,0,165,0.0,15.99,61,1000,NOT_AVAILABLE_IN_UI_EXPORT,Single-dimension GSC UI export; rows cannot be joined across dimensions; top-row and UI cap limitations apply.
VERIFIED_GSC_UI_SINGLE_DIMENSION,prev28,2026-06-15,2026-07-12,sc-domain:fermatmind.com,web,page,https://fermatmind.com/zh/career/jobs/automotive-service-technicians-and-mechanics,0,160,0.0,20.14,62,1000,NOT_AVAILABLE_IN_UI_EXPORT,Single-dimension GSC UI export; rows cannot be joined across dimensions; top-row and UI cap limitations apply.
VERIFIED_GSC_UI_SINGLE_DIMENSION,prev28,2026-06-15,2026-07-12,sc-domain:fermatmind.com,web,page,https://fermatmind.com/zh/career/jobs/production-planning-and-expediting-clerks,0,158,0.0,8.03,63,1000,NOT_AVAILABLE_IN_UI_EXPORT,Single-dimension GSC UI export; rows cannot be joined across dimensions; top-row and UI cap limitations apply.
VERIFIED_GSC_UI_SINGLE_DIMENSION,prev28,2026-06-15,2026-07-12,sc-domain:fermatmind.com,web,page,https://fermatmind.com/zh/personality/estp-t,0,154,0.0,8.8,64,1000,NOT_AVAILABLE_IN_UI_EXPORT,Single-dimension GSC UI export; rows cannot be joined across dimensions; top-row and UI cap limitations apply.
VERIFIED_GSC_UI_SINGLE_DIMENSION,prev28,2026-06-15,2026-07-12,sc-domain:fermatmind.com,web,page,https://fermatmind.com/zh/career/jobs/bus-drivers-transit-and-intercity,0,152,0.0,6.58,65,1000,NOT_AVAILABLE_IN_UI_EXPORT,Single-dimension GSC UI export; rows cannot be joined across dimensions; top-row and UI cap limitations apply.
VERIFIED_GSC_UI_SINGLE_DIMENSION,prev28,2026-06-15,2026-07-12,sc-domain:fermatmind.com,web,page,https://fermatmind.com/en/career/jobs/forest-fire-inspectors-and-prevention-specialists,0,140,0.0,9.28,66,1000,NOT_AVAILABLE_IN_UI_EXPORT,Single-dimension GSC UI export; rows cannot be joined across dimensions; top-row and UI cap limitations apply.
VERIFIED_GSC_UI_SINGLE_DIMENSION,prev28,2026-06-15,2026-07-12,sc-domain:fermatmind.com,web,page,https://fermatmind.com/en/articles/big-five-emotional-stability-stress-recovery-communication,0,140,0.0,13.95,67,1000,NOT_AVAILABLE_IN_UI_EXPORT,Single-dimension GSC UI export; rows cannot be joined across dimensions; top-row and UI cap limitations apply.
VERIFIED_GSC_UI_SINGLE_DIMENSION,prev28,2026-06-15,2026-07-12,sc-domain:fermatmind.com,web,page,https://fermatmind.com/en/career/jobs/web-and-digital-interface-designers,0,136,0.0,8.18,68,1000,NOT_AVAILABLE_IN_UI_EXPORT,Single-dimension GSC UI export; rows cannot be joined across dimensions; top-row and UI cap limitations apply.
VERIFIED_GSC_UI_SINGLE_DIMENSION,prev28,2026-06-15,2026-07-12,sc-domain:fermatmind.com,web,page,https://fermatmind.com/en/career/jobs/market-research-analysts-and-marketing-specialists,0,130,0.0,7.14,69,1000,NOT_AVAILABLE_IN_UI_EXPORT,Single-dimension GSC UI export; rows cannot be joined across dimensions; top-row and UI cap limitations apply.
VERIFIED_GSC_UI_SINGLE_DIMENSION,prev28,2026-06-15,2026-07-12,sc-domain:fermatmind.com,web,page,https://fermatmind.com/en/personality/enfj-a,0,129,0.0,11.92,70,1000,NOT_AVAILABLE_IN_UI_EXPORT,Single-dimension GSC UI export; rows cannot be joined across dimensions; top-row and UI cap limitations apply.
VERIFIED_GSC_UI_SINGLE_DIMENSION,prev28,2026-06-15,2026-07-12,sc-domain:fermatmind.com,web,page,https://fermatmind.com/en/career/jobs/chemical-engineers,0,128,0.0,6.97,71,1000,NOT_AVAILABLE_IN_UI_EXPORT,Single-dimension GSC UI export; rows cannot be joined across dimensions; top-row and UI cap limitations apply.
VERIFIED_GSC_UI_SINGLE_DIMENSION,prev28,2026-06-15,2026-07-12,sc-domain:fermatmind.com,web,page,https://fermatmind.com/zh/career/jobs/civil-engineering-technicians,0,126,0.0,11.45,72,1000,NOT_AVAILABLE_IN_UI_EXPORT,Single-dimension GSC UI export; rows cannot be joined across dimensions; top-row and UI cap limitations apply.
VERIFIED_GSC_UI_SINGLE_DIMENSION,prev28,2026-06-15,2026-07-12,sc-domain:fermatmind.com,web,page,https://fermatmind.com/zh/career/jobs/secretaries-and-administrative-assistants,0,121,0.0,9.79,73,1000,NOT_AVAILABLE_IN_UI_EXPORT,Single-dimension GSC UI export; rows cannot be joined across dimensions; top-row and UI cap limitations apply.
VERIFIED_GSC_UI_SINGLE_DIMENSION,prev28,2026-06-15,2026-07-12,sc-domain:fermatmind.com,web,page,https://fermatmind.com/en/articles/mbti-personality-test-science-vs-pseudoscience,0,116,0.0,15.41,74,1000,NOT_AVAILABLE_IN_UI_EXPORT,Single-dimension GSC UI export; rows cannot be joined across dimensions; top-row and UI cap limitations apply.
VERIFIED_GSC_UI_SINGLE_DIMENSION,prev28,2026-06-15,2026-07-12,sc-domain:fermatmind.com,web,page,https://fermatmind.com/en/career/jobs/refuse-and-recyclable-material-collectors,0,113,0.0,7.81,75,1000,NOT_AVAILABLE_IN_UI_EXPORT,Single-dimension GSC UI export; rows cannot be joined across dimensions; top-row and UI cap limitations apply.
VERIFIED_GSC_UI_SINGLE_DIMENSION,prev28,2026-06-15,2026-07-12,sc-domain:fermatmind.com,web,page,https://fermatmind.com/en/career/jobs/tailors-dressmakers-and-custom-sewers,0,111,0.0,6.82,76,1000,NOT_AVAILABLE_IN_UI_EXPORT,Single-dimension GSC UI export; rows cannot be joined across dimensions; top-row and UI cap limitations apply.
VERIFIED_GSC_UI_SINGLE_DIMENSION,prev28,2026-06-15,2026-07-12,sc-domain:fermatmind.com,web,page,https://fermatmind.com/zh/career/jobs/aerospace-engineers,0,108,0.0,7.23,77,1000,NOT_AVAILABLE_IN_UI_EXPORT,Single-dimension GSC UI export; rows cannot be joined across dimensions; top-row and UI cap limitations apply.
VERIFIED_GSC_UI_SINGLE_DIMENSION,prev28,2026-06-15,2026-07-12,sc-domain:fermatmind.com,web,page,https://fermatmind.com/zh/articles/career-confusion-test-map,0,104,0.0,8.53,78,1000,NOT_AVAILABLE_IN_UI_EXPORT,Single-dimension GSC UI export; rows cannot be joined across dimensions; top-row and UI cap limitations apply.
VERIFIED_GSC_UI_SINGLE_DIMENSION,prev28,2026-06-15,2026-07-12,sc-domain:fermatmind.com,web,page,https://fermatmind.com/zh/career/jobs/computer-hardware-engineers,0,100,0.0,8.72,79,1000,NOT_AVAILABLE_IN_UI_EXPORT,Single-dimension GSC UI export; rows cannot be joined across dimensions; top-row and UI cap limitations apply.
VERIFIED_GSC_UI_SINGLE_DIMENSION,prev28,2026-06-15,2026-07-12,sc-domain:fermatmind.com,web,page,https://fermatmind.com/zh/career/jobs/archivists,0,98,0.0,8.45,80,1000,NOT_AVAILABLE_IN_UI_EXPORT,Single-dimension GSC UI export; rows cannot be joined across dimensions; top-row and UI cap limitations apply.
VERIFIED_GSC_UI_SINGLE_DIMENSION,prev28,2026-06-15,2026-07-12,sc-domain:fermatmind.com,web,page,https://fermatmind.com/zh/personality/enfp-a,0,97,0.0,7.52,81,1000,NOT_AVAILABLE_IN_UI_EXPORT,Single-dimension GSC UI export; rows cannot be joined across dimensions; top-row and UI cap limitations apply.
VERIFIED_GSC_UI_SINGLE_DIMENSION,prev28,2026-06-15,2026-07-12,sc-domain:fermatmind.com,web,page,https://fermatmind.com/zh/career/jobs/mining-and-geological-engineers,0,96,0.0,7.92,82,1000,NOT_AVAILABLE_IN_UI_EXPORT,Single-dimension GSC UI export; rows cannot be joined across dimensions; top-row and UI cap limitations apply.
VERIFIED_GSC_UI_SINGLE_DIMENSION,prev28,2026-06-15,2026-07-12,sc-domain:fermatmind.com,web,page,https://fermatmind.com/zh/career/jobs/supply-chain-managers,0,96,0.0,11.73,83,1000,NOT_AVAILABLE_IN_UI_EXPORT,Single-dimension GSC UI export; rows cannot be joined across dimensions; top-row and UI cap limitations apply.
VERIFIED_GSC_UI_SINGLE_DIMENSION,prev28,2026-06-15,2026-07-12,sc-domain:fermatmind.com,web,page,https://fermatmind.com/zh/career/jobs/industrial-production-managers,0,94,0.0,9.31,84,1000,NOT_AVAILABLE_IN_UI_EXPORT,Single-dimension GSC UI export; rows cannot be joined across dimensions; top-row and UI cap limitations apply.
VERIFIED_GSC_UI_SINGLE_DIMENSION,prev28,2026-06-15,2026-07-12,sc-domain:fermatmind.com,web,page,https://fermatmind.com/zh/career/guides/networking-that-actually-works,0,94,0.0,11.12,85,1000,NOT_AVAILABLE_IN_UI_EXPORT,Single-dimension GSC UI export; rows cannot be joined across dimensions; top-row and UI cap limitations apply.
VERIFIED_GSC_UI_SINGLE_DIMENSION,prev28,2026-06-15,2026-07-12,sc-domain:fermatmind.com,web,page,https://fermatmind.com/zh/career/guides/build-five-year-career-roadmap,0,93,0.0,8.34,86,1000,NOT_AVAILABLE_IN_UI_EXPORT,Single-dimension GSC UI export; rows cannot be joined across dimensions; top-row and UI cap limitations apply.
VERIFIED_GSC_UI_SINGLE_DIMENSION,prev28,2026-06-15,2026-07-12,sc-domain:fermatmind.com,web,page,https://fermatmind.com/zh/career/jobs/real-estate-brokers-and-sales-agents,0,93,0.0,10.41,87,1000,NOT_AVAILABLE_IN_UI_EXPORT,Single-dimension GSC UI export; rows cannot be joined across dimensions; top-row and UI cap limitations apply.
VERIFIED_GSC_UI_SINGLE_DIMENSION,prev28,2026-06-15,2026-07-12,sc-domain:fermatmind.com,web,page,https://fermatmind.com/en/career/jobs/architects-except-landscape-and-naval,0,92,0.0,7.7,88,1000,NOT_AVAILABLE_IN_UI_EXPORT,Single-dimension GSC UI export; rows cannot be joined across dimensions; top-row and UI cap limitations apply.
VERIFIED_GSC_UI_SINGLE_DIMENSION,prev28,2026-06-15,2026-07-12,sc-domain:fermatmind.com,web,page,https://fermatmind.com/zh/career/jobs/financial-quantitative-analysts,0,92,0.0,10.54,89,1000,NOT_AVAILABLE_IN_UI_EXPORT,Single-dimension GSC UI export; rows cannot be joined across dimensions; top-row and UI cap limitations apply.
VERIFIED_GSC_UI_SINGLE_DIMENSION,prev28,2026-06-15,2026-07-12,sc-domain:fermatmind.com,web,page,https://fermatmind.com/en/career/jobs/securities-commodities-and-financial-services-sales-agents,0,91,0.0,7.67,90,1000,NOT_AVAILABLE_IN_UI_EXPORT,Single-dimension GSC UI export; rows cannot be joined across dimensions; top-row and UI cap limitations apply.
VERIFIED_GSC_UI_SINGLE_DIMENSION,prev28,2026-06-15,2026-07-12,sc-domain:fermatmind.com,web,page,https://fermatmind.com/en/career/jobs/multimedia-artists-and-animators,0,88,0.0,8.18,91,1000,NOT_AVAILABLE_IN_UI_EXPORT,Single-dimension GSC UI export; rows cannot be joined across dimensions; top-row and UI cap limitations apply.
VERIFIED_GSC_UI_SINGLE_DIMENSION,prev28,2026-06-15,2026-07-12,sc-domain:fermatmind.com,web,page,https://fermatmind.com/zh/career/jobs/anesthesiologists,0,87,0.0,12.99,92,1000,NOT_AVAILABLE_IN_UI_EXPORT,Single-dimension GSC UI export; rows cannot be joined across dimensions; top-row and UI cap limitations apply.
VERIFIED_GSC_UI_SINGLE_DIMENSION,prev28,2026-06-15,2026-07-12,sc-domain:fermatmind.com,web,page,https://fermatmind.com/zh/career/jobs/embalmers,0,85,0.0,7.31,93,1000,NOT_AVAILABLE_IN_UI_EXPORT,Single-dimension GSC UI export; rows cannot be joined across dimensions; top-row and UI cap limitations apply.
VERIFIED_GSC_UI_SINGLE_DIMENSION,prev28,2026-06-15,2026-07-12,sc-domain:fermatmind.com,web,page,https://fermatmind.com/en/personality/infp-t,0,85,0.0,8.01,94,1000,NOT_AVAILABLE_IN_UI_EXPORT,Single-dimension GSC UI export; rows cannot be joined across dimensions; top-row and UI cap limitations apply.
VERIFIED_GSC_UI_SINGLE_DIMENSION,prev28,2026-06-15,2026-07-12,sc-domain:fermatmind.com,web,page,https://fermatmind.com/en/career/jobs/postmasters-and-mail-superintendents,0,83,0.0,6.67,95,1000,NOT_AVAILABLE_IN_UI_EXPORT,Single-dimension GSC UI export; rows cannot be joined across dimensions; top-row and UI cap limitations apply.
VERIFIED_GSC_UI_SINGLE_DIMENSION,prev28,2026-06-15,2026-07-12,sc-domain:fermatmind.com,web,page,https://fermatmind.com/zh/career/jobs/barbers,0,81,0.0,11.52,96,1000,NOT_AVAILABLE_IN_UI_EXPORT,Single-dimension GSC UI export; rows cannot be joined across dimensions; top-row and UI cap limitations apply.
VERIFIED_GSC_UI_SINGLE_DIMENSION,prev28,2026-06-15,2026-07-12,sc-domain:fermatmind.com,web,page,https://fermatmind.com/zh/articles/unwanted-major-repeat-or-stay-riasec-decision-checklist,0,78,0.0,13.79,97,1000,NOT_AVAILABLE_IN_UI_EXPORT,Single-dimension GSC UI export; rows cannot be joined across dimensions; top-row and UI cap limitations apply.
VERIFIED_GSC_UI_SINGLE_DIMENSION,prev28,2026-06-15,2026-07-12,sc-domain:fermatmind.com,web,page,https://fermatmind.com/en/articles/best-valentines-date-by-personality-and-relationship-science,0,77,0.0,8.3,98,1000,NOT_AVAILABLE_IN_UI_EXPORT,Single-dimension GSC UI export; rows cannot be joined across dimensions; top-row and UI cap limitations apply.
VERIFIED_GSC_UI_SINGLE_DIMENSION,prev28,2026-06-15,2026-07-12,sc-domain:fermatmind.com,web,page,https://fermatmind.com/zh/career/jobs/shipping-receiving-and-inventory-clerks,0,77,0.0,12.74,99,1000,NOT_AVAILABLE_IN_UI_EXPORT,Single-dimension GSC UI export; rows cannot be joined across dimensions; top-row and UI cap limitations apply.
VERIFIED_GSC_UI_SINGLE_DIMENSION,prev28,2026-06-15,2026-07-12,sc-domain:fermatmind.com,web,page,https://fermatmind.com/en/career/jobs/bus-drivers-transit-and-intercity,0,74,0.0,11.09,100,1000,NOT_AVAILABLE_IN_UI_EXPORT,Single-dimension GSC UI export; rows cannot be joined across dimensions; top-row and UI cap limitations apply.
VERIFIED_GSC_UI_SINGLE_DIMENSION,prev28,2026-06-15,2026-07-12,sc-domain:fermatmind.com,web,page,https://fermatmind.com/zh/career/jobs/respiratory-therapists,0,73,0.0,10.53,101,1000,NOT_AVAILABLE_IN_UI_EXPORT,Single-dimension GSC UI export; rows cannot be joined across dimensions; top-row and UI cap limitations apply.
VERIFIED_GSC_UI_SINGLE_DIMENSION,prev28,2026-06-15,2026-07-12,sc-domain:fermatmind.com,web,page,https://fermatmind.com/zh/career/jobs/agricultural-technicians,0,71,0.0,8.55,102,1000,NOT_AVAILABLE_IN_UI_EXPORT,Single-dimension GSC UI export; rows cannot be joined across dimensions; top-row and UI cap limitations apply.
VERIFIED_GSC_UI_SINGLE_DIMENSION,prev28,2026-06-15,2026-07-12,sc-domain:fermatmind.com,web,page,https://fermatmind.com/zh/personality/esfj-a,0,71,0.0,12.31,103,1000,NOT_AVAILABLE_IN_UI_EXPORT,Single-dimension GSC UI export; rows cannot be joined across dimensions; top-row and UI cap limitations apply.
VERIFIED_GSC_UI_SINGLE_DIMENSION,prev28,2026-06-15,2026-07-12,sc-domain:fermatmind.com,web,page,https://fermatmind.com/zh/career/jobs/taxi-drivers-and-chauffeurs,0,70,0.0,9.77,104,1000,NOT_AVAILABLE_IN_UI_EXPORT,Single-dimension GSC UI export; rows cannot be joined across dimensions; top-row and UI cap limitations apply.
VERIFIED_GSC_UI_SINGLE_DIMENSION,prev28,2026-06-15,2026-07-12,sc-domain:fermatmind.com,web,page,https://fermatmind.com/zh/articles/big-five-growth-guide,0,70,0.0,11.33,105,1000,NOT_AVAILABLE_IN_UI_EXPORT,Single-dimension GSC UI export; rows cannot be joined across dimensions; top-row and UI cap limitations apply.
VERIFIED_GSC_UI_SINGLE_DIMENSION,prev28,2026-06-15,2026-07-12,sc-domain:fermatmind.com,web,page,https://fermatmind.com/zh/career/jobs/nurse-anesthetists,0,70,0.0,13.6,106,1000,NOT_AVAILABLE_IN_UI_EXPORT,Single-dimension GSC UI export; rows cannot be joined across dimensions; top-row and UI cap limitations apply.
VERIFIED_GSC_UI_SINGLE_DIMENSION,prev28,2026-06-15,2026-07-12,sc-domain:fermatmind.com,web,page,https://fermatmind.com/zh/career/jobs/purchasing-managers,0,69,0.0,12.25,107,1000,NOT_AVAILABLE_IN_UI_EXPORT,Single-dimension GSC UI export; rows cannot be joined across dimensions; top-row and UI cap limitations apply.
VERIFIED_GSC_UI_SINGLE_DIMENSION,prev28,2026-06-15,2026-07-12,sc-domain:fermatmind.com,web,page,https://fermatmind.com/en/personality/esfj-t,0,69,0.0,13.07,108,1000,NOT_AVAILABLE_IN_UI_EXPORT,Single-dimension GSC UI export; rows cannot be joined across dimensions; top-row and UI cap limitations apply.
VERIFIED_GSC_UI_SINGLE_DIMENSION,prev28,2026-06-15,2026-07-12,sc-domain:fermatmind.com,web,page,https://fermatmind.com/zh/career/jobs/non-destructive-testing-specialists,0,67,0.0,7.99,109,1000,NOT_AVAILABLE_IN_UI_EXPORT,Single-dimension GSC UI export; rows cannot be joined across dimensions; top-row and UI cap limitations apply.
VERIFIED_GSC_UI_SINGLE_DIMENSION,prev28,2026-06-15,2026-07-12,sc-domain:fermatmind.com,web,page,https://fermatmind.com/zh/career/jobs/health-and-safety-engineers,0,67,0.0,8.61,110,1000,NOT_AVAILABLE_IN_UI_EXPORT,Single-dimension GSC UI export; rows cannot be joined across dimensions; top-row and UI cap limitations apply.
VERIFIED_GSC_UI_SINGLE_DIMENSION,prev28,2026-06-15,2026-07-12,sc-domain:fermatmind.com,web,page,https://fermatmind.com/zh/career/jobs/chemical-plant-and-system-operators,0,64,0.0,6.62,111,1000,NOT_AVAILABLE_IN_UI_EXPORT,Single-dimension GSC UI export; rows cannot be joined across dimensions; top-row and UI cap limitations apply.
VERIFIED_GSC_UI_SINGLE_DIMENSION,prev28,2026-06-15,2026-07-12,sc-domain:fermatmind.com,web,page,https://fermatmind.com/en/career/jobs/energy-engineers-except-wind-and-solar,0,64,0.0,8.48,112,1000,NOT_AVAILABLE_IN_UI_EXPORT,Single-dimension GSC UI export; rows cannot be joined across dimensions; top-row and UI cap limitations apply.
VERIFIED_GSC_UI_SINGLE_DIMENSION,prev28,2026-06-15,2026-07-12,sc-domain:fermatmind.com,web,page,https://fermatmind.com/en/career/jobs/metal-refining-furnace-operators-and-tenders,0,63,0.0,10.63,113,1000,NOT_AVAILABLE_IN_UI_EXPORT,Single-dimension GSC UI export; rows cannot be joined across dimensions; top-row and UI cap limitations apply.
VERIFIED_GSC_UI_SINGLE_DIMENSION,prev28,2026-06-15,2026-07-12,sc-domain:fermatmind.com,web,page,https://fermatmind.com/en/data-privacy,0,63,0.0,15.63,114,1000,NOT_AVAILABLE_IN_UI_EXPORT,Single-dimension GSC UI export; rows cannot be joined across dimensions; top-row and UI cap limitations apply.
VERIFIED_GSC_UI_SINGLE_DIMENSION,prev28,2026-06-15,2026-07-12,sc-domain:fermatmind.com,web,page,https://fermatmind.com/zh/articles,0,62,0.0,9.1,115,1000,NOT_AVAILABLE_IN_UI_EXPORT,Single-dimension GSC UI export; rows cannot be joined across dimensions; top-row and UI cap limitations apply.
VERIFIED_GSC_UI_SINGLE_DIMENSION,prev28,2026-06-15,2026-07-12,sc-domain:fermatmind.com,web,page,https://fermatmind.com/zh/career/jobs/orderlies,0,62,0.0,10.21,116,1000,NOT_AVAILABLE_IN_UI_EXPORT,Single-dimension GSC UI export; rows cannot be joined across dimensions; top-row and UI cap limitations apply.
VERIFIED_GSC_UI_SINGLE_DIMENSION,prev28,2026-06-15,2026-07-12,sc-domain:fermatmind.com,web,page,https://fermatmind.com/en/career/jobs/interviewers-except-eligibility-and-loan,0,61,0.0,8.75,117,1000,NOT_AVAILABLE_IN_UI_EXPORT,Single-dimension GSC UI export; rows cannot be joined across dimensions; top-row and UI cap limitations apply.
VERIFIED_GSC_UI_SINGLE_DIMENSION,prev28,2026-06-15,2026-07-12,sc-domain:fermatmind.com,web,page,https://fermatmind.com/zh/career/jobs/fallers,0,60,0.0,7.2,118,1000,NOT_AVAILABLE_IN_UI_EXPORT,Single-dimension GSC UI export; rows cannot be joined across dimensions; top-row and UI cap limitations apply.
VERIFIED_GSC_UI_SINGLE_DIMENSION,prev28,2026-06-15,2026-07-12,sc-domain:fermatmind.com,web,page,https://fermatmind.com/zh/career/jobs/carpenters,0,60,0.0,10.98,119,1000,NOT_AVAILABLE_IN_UI_EXPORT,Single-dimension GSC UI export; rows cannot be joined across dimensions; top-row and UI cap limitations apply.
VERIFIED_GSC_UI_SINGLE_DIMENSION,prev28,2026-06-15,2026-07-12,sc-domain:fermatmind.com,web,page,https://fermatmind.com/en/career/jobs/chemistry-teachers-postsecondary,0,59,0.0,7.07,120,1000,NOT_AVAILABLE_IN_UI_EXPORT,Single-dimension GSC UI export; rows cannot be joined across dimensions; top-row and UI cap limitations apply.
VERIFIED_GSC_UI_SINGLE_DIMENSION,prev28,2026-06-15,2026-07-12,sc-domain:fermatmind.com,web,page,https://fermatmind.com/en/career/jobs/title-examiners-abstractors-and-searchers,0,59,0.0,7.32,121,1000,NOT_AVAILABLE_IN_UI_EXPORT,Single-dimension GSC UI export; rows cannot be joined across dimensions; top-row and UI cap limitations apply.
VERIFIED_GSC_UI_SINGLE_DIMENSION,prev28,2026-06-15,2026-07-12,sc-domain:fermatmind.com,web,page,https://fermatmind.com/zh/career/jobs/chemical-engineers,0,59,0.0,15.03,122,1000,NOT_AVAILABLE_IN_UI_EXPORT,Single-dimension GSC UI export; rows cannot be joined across dimensions; top-row and UI cap limitations apply.
VERIFIED_GSC_UI_SINGLE_DIMENSION,prev28,2026-06-15,2026-07-12,sc-domain:fermatmind.com,web,page,https://fermatmind.com/zh/privacy,0,58,0.0,16.84,123,1000,NOT_AVAILABLE_IN_UI_EXPORT,Single-dimension GSC UI export; rows cannot be joined across dimensions; top-row and UI cap limitations apply.
VERIFIED_GSC_UI_SINGLE_DIMENSION,prev28,2026-06-15,2026-07-12,sc-domain:fermatmind.com,web,page,https://fermatmind.com/zh/career/jobs/slaughterers-and-meat-packers,0,57,0.0,6.67,124,1000,NOT_AVAILABLE_IN_UI_EXPORT,Single-dimension GSC UI export; rows cannot be joined across dimensions; top-row and UI cap limitations apply.
VERIFIED_GSC_UI_SINGLE_DIMENSION,prev28,2026-06-15,2026-07-12,sc-domain:fermatmind.com,web,page,https://fermatmind.com/zh/topics,0,57,0.0,13.3,125,1000,NOT_AVAILABLE_IN_UI_EXPORT,Single-dimension GSC UI export; rows cannot be joined across dimensions; top-row and UI cap limitations apply.
VERIFIED_GSC_UI_SINGLE_DIMENSION,prev28,2026-06-15,2026-07-12,sc-domain:fermatmind.com,web,page,https://fermatmind.com/zh/career/guides/iq-eq-balance-at-work,0,57,0.0,14.93,126,1000,NOT_AVAILABLE_IN_UI_EXPORT,Single-dimension GSC UI export; rows cannot be joined across dimensions; top-row and UI cap limitations apply.
VERIFIED_GSC_UI_SINGLE_DIMENSION,prev28,2026-06-15,2026-07-12,sc-domain:fermatmind.com,web,page,https://fermatmind.com/en/career/jobs/geoscientists-except-hydrologists-and-geographers,0,56,0.0,6.88,127,1000,NOT_AVAILABLE_IN_UI_EXPORT,Single-dimension GSC UI export; rows cannot be joined across dimensions; top-row and UI cap limitations apply.
VERIFIED_GSC_UI_SINGLE_DIMENSION,prev28,2026-06-15,2026-07-12,sc-domain:fermatmind.com,web,page,https://fermatmind.com/zh/career/jobs/solar-photovoltaic-installers,0,55,0.0,7.36,128,1000,NOT_AVAILABLE_IN_UI_EXPORT,Single-dimension GSC UI export; rows cannot be joined across dimensions; top-row and UI cap limitations apply.
VERIFIED_GSC_UI_SINGLE_DIMENSION,prev28,2026-06-15,2026-07-12,sc-domain:fermatmind.com,web,page,https://fermatmind.com/en/career/jobs/first-line-supervisors-of-non-retail-sales-workers,0,55,0.0,11.0,129,1000,NOT_AVAILABLE_IN_UI_EXPORT,Single-dimension GSC UI export; rows cannot be joined across dimensions; top-row and UI cap limitations apply.
VERIFIED_GSC_UI_SINGLE_DIMENSION,prev28,2026-06-15,2026-07-12,sc-domain:fermatmind.com,web,page,https://fermatmind.com/zh/career/jobs/nanotechnology-engineering-technologists-and-technicians,0,55,0.0,11.29,130,1000,NOT_AVAILABLE_IN_UI_EXPORT,Single-dimension GSC UI export; rows cannot be joined across dimensions; top-row and UI cap limitations apply.
VERIFIED_GSC_UI_SINGLE_DIMENSION,prev28,2026-06-15,2026-07-12,sc-domain:fermatmind.com,web,page,https://fermatmind.com/en/career/jobs/aircraft-launch-and-recovery-officers,0,55,0.0,19.51,131,1000,NOT_AVAILABLE_IN_UI_EXPORT,Single-dimension GSC UI export; rows cannot be joined across dimensions; top-row and UI cap limitations apply.
VERIFIED_GSC_UI_SINGLE_DIMENSION,prev28,2026-06-15,2026-07-12,sc-domain:fermatmind.com,web,page,https://fermatmind.com/zh/career/jobs/dancers,0,53,0.0,8.36,132,1000,NOT_AVAILABLE_IN_UI_EXPORT,Single-dimension GSC UI export; rows cannot be joined across dimensions; top-row and UI cap limitations apply.
VERIFIED_GSC_UI_SINGLE_DIMENSION,prev28,2026-06-15,2026-07-12,sc-domain:fermatmind.com,web,page,https://fermatmind.com/zh/career/jobs/art-drama-and-music-teachers-postsecondary,0,52,0.0,7.63,133,1000,NOT_AVAILABLE_IN_UI_EXPORT,Single-dimension GSC UI export; rows cannot be joined across dimensions; top-row and UI cap limitations apply.
VERIFIED_GSC_UI_SINGLE_DIMENSION,prev28,2026-06-15,2026-07-12,sc-domain:fermatmind.com,web,page,https://fermatmind.com/zh/career/guides/salary-negotiation-framework,0,52,0.0,9.77,134,1000,NOT_AVAILABLE_IN_UI_EXPORT,Single-dimension GSC UI export; rows cannot be joined across dimensions; top-row and UI cap limitations apply.
VERIFIED_GSC_UI_SINGLE_DIMENSION,prev28,2026-06-15,2026-07-12,sc-domain:fermatmind.com,web,page,https://fermatmind.com/zh/personality/esfp-a,0,52,0.0,10.42,135,1000,NOT_AVAILABLE_IN_UI_EXPORT,Single-dimension GSC UI export; rows cannot be joined across dimensions; top-row and UI cap limitations apply.
VERIFIED_GSC_UI_SINGLE_DIMENSION,prev28,2026-06-15,2026-07-12,sc-domain:fermatmind.com,web,page,https://fermatmind.com/en/career/jobs/data-warehousing-specialists,0,50,0.0,9.18,136,1000,NOT_AVAILABLE_IN_UI_EXPORT,Single-dimension GSC UI export; rows cannot be joined across dimensions; top-row and UI cap limitations apply.
VERIFIED_GSC_UI_SINGLE_DIMENSION,prev28,2026-06-15,2026-07-12,sc-domain:fermatmind.com,web,page,https://fermatmind.com/zh/career/jobs/industrial-engineering-technicians,0,50,0.0,10.54,137,1000,NOT_AVAILABLE_IN_UI_EXPORT,Single-dimension GSC UI export; rows cannot be joined across dimensions; top-row and UI cap limitations apply.
VERIFIED_GSC_UI_SINGLE_DIMENSION,prev28,2026-06-15,2026-07-12,sc-domain:fermatmind.com,web,page,https://fermatmind.com/zh/career/jobs/advanced-practice-psychiatric-nurses,0,50,0.0,11.78,138,1000,NOT_AVAILABLE_IN_UI_EXPORT,Single-dimension GSC UI export; rows cannot be joined across dimensions; top-row and UI cap limitations apply.
VERIFIED_GSC_UI_SINGLE_DIMENSION,prev28,2026-06-15,2026-07-12,sc-domain:fermatmind.com,web,page,https://fermatmind.com/zh/career/jobs/dietitians-and-nutritionists,0,50,0.0,12.06,139,1000,NOT_AVAILABLE_IN_UI_EXPORT,Single-dimension GSC UI export; rows cannot be joined across dimensions; top-row and UI cap limitations apply.
VERIFIED_GSC_UI_SINGLE_DIMENSION,prev28,2026-06-15,2026-07-12,sc-domain:fermatmind.com,web,page,https://fermatmind.com/zh/career/jobs/customs-brokers,0,50,0.0,12.38,140,1000,NOT_AVAILABLE_IN_UI_EXPORT,Single-dimension GSC UI export; rows cannot be joined across dimensions; top-row and UI cap limitations apply.
VERIFIED_GSC_UI_SINGLE_DIMENSION,prev28,2026-06-15,2026-07-12,sc-domain:fermatmind.com,web,page,https://fermatmind.com/zh/career/jobs/mechanical-drafters,0,49,0.0,8.51,141,1000,NOT_AVAILABLE_IN_UI_EXPORT,Single-dimension GSC UI export; rows cannot be joined across dimensions; top-row and UI cap limitations apply.
VERIFIED_GSC_UI_SINGLE_DIMENSION,prev28,2026-06-15,2026-07-12,sc-domain:fermatmind.com,web,page,https://fermatmind.com/zh/career/jobs/pourers-and-casters-metal,0,48,0.0,5.48,142,1000,NOT_AVAILABLE_IN_UI_EXPORT,Single-dimension GSC UI export; rows cannot be joined across dimensions; top-row and UI cap limitations apply.
VERIFIED_GSC_UI_SINGLE_DIMENSION,prev28,2026-06-15,2026-07-12,sc-domain:fermatmind.com,web,page,https://fermatmind.com/zh/career/jobs/air-traffic-controllers,0,48,0.0,10.38,143,1000,NOT_AVAILABLE_IN_UI_EXPORT,Single-dimension GSC UI export; rows cannot be joined across dimensions; top-row and UI cap limitations apply.
VERIFIED_GSC_UI_SINGLE_DIMENSION,prev28,2026-06-15,2026-07-12,sc-domain:fermatmind.com,web,page,https://fermatmind.com/zh/career/jobs/veterinary-assistants-and-laboratory-animal-caretakers,0,47,0.0,9.32,144,1000,NOT_AVAILABLE_IN_UI_EXPORT,Single-dimension GSC UI export; rows cannot be joined across dimensions; top-row and UI cap limitations apply.
VERIFIED_GSC_UI_SINGLE_DIMENSION,prev28,2026-06-15,2026-07-12,sc-domain:fermatmind.com,web,page,https://fermatmind.com/zh/career/jobs/rehabilitation-counselors,0,47,0.0,12.94,145,1000,NOT_AVAILABLE_IN_UI_EXPORT,Single-dimension GSC UI export; rows cannot be joined across dimensions; top-row and UI cap limitations apply.
VERIFIED_GSC_UI_SINGLE_DIMENSION,prev28,2026-06-15,2026-07-12,sc-domain:fermatmind.com,web,page,https://fermatmind.com/zh/career/jobs/postal-service-mail-sorters-processors-and-processing-machine-operators,0,45,0.0,6.87,146,1000,NOT_AVAILABLE_IN_UI_EXPORT,Single-dimension GSC UI export; rows cannot be joined across dimensions; top-row and UI cap limitations apply.
VERIFIED_GSC_UI_SINGLE_DIMENSION,prev28,2026-06-15,2026-07-12,sc-domain:fermatmind.com,web,page,https://fermatmind.com/en/career/jobs/financial-quantitative-analysts,0,45,0.0,7.0,147,1000,NOT_AVAILABLE_IN_UI_EXPORT,Single-dimension GSC UI export; rows cannot be joined across dimensions; top-row and UI cap limitations apply.
VERIFIED_GSC_UI_SINGLE_DIMENSION,prev28,2026-06-15,2026-07-12,sc-domain:fermatmind.com,web,page,https://fermatmind.com/en/career/jobs/first-line-supervisors-of-office-and-administrative-support-workers,0,45,0.0,7.71,148,1000,NOT_AVAILABLE_IN_UI_EXPORT,Single-dimension GSC UI export; rows cannot be joined across dimensions; top-row and UI cap limitations apply.
VERIFIED_GSC_UI_SINGLE_DIMENSION,prev28,2026-06-15,2026-07-12,sc-domain:fermatmind.com,web,page,https://fermatmind.com/zh/career/jobs/geographers,0,45,0.0,7.82,149,1000,NOT_AVAILABLE_IN_UI_EXPORT,Single-dimension GSC UI export; rows cannot be joined across dimensions; top-row and UI cap limitations apply.
VERIFIED_GSC_UI_SINGLE_DIMENSION,prev28,2026-06-15,2026-07-12,sc-domain:fermatmind.com,web,page,https://fermatmind.com/zh/personality/entj-t,0,45,0.0,8.87,150,1000,NOT_AVAILABLE_IN_UI_EXPORT,Single-dimension GSC UI export; rows cannot be joined across dimensions; top-row and UI cap limitations apply.
VERIFIED_GSC_UI_SINGLE_DIMENSION,prev28,2026-06-15,2026-07-12,sc-domain:fermatmind.com,web,page,https://fermatmind.com/zh/articles/big-five-narrative-portrait,0,45,0.0,10.73,151,1000,NOT_AVAILABLE_IN_UI_EXPORT,Single-dimension GSC UI export; rows cannot be joined across dimensions; top-row and UI cap limitations apply.
VERIFIED_GSC_UI_SINGLE_DIMENSION,prev28,2026-06-15,2026-07-12,sc-domain:fermatmind.com,web,page,https://fermatmind.com/zh/career/jobs/marketing-managers,0,45,0.0,13.47,152,1000,NOT_AVAILABLE_IN_UI_EXPORT,Single-dimension GSC UI export; rows cannot be joined across dimensions; top-row and UI cap limitations apply.
VERIFIED_GSC_UI_SINGLE_DIMENSION,prev28,2026-06-15,2026-07-12,sc-domain:fermatmind.com,web,page,https://fermatmind.com/zh/career/jobs/locker-room-coatroom-and-dressing-room-attendants,0,44,0.0,10.34,153,1000,NOT_AVAILABLE_IN_UI_EXPORT,Single-dimension GSC UI export; rows cannot be joined across dimensions; top-row and UI cap limitations apply.
VERIFIED_GSC_UI_SINGLE_DIMENSION,prev28,2026-06-15,2026-07-12,sc-domain:fermatmind.com,web,page,https://fermatmind.com/zh/career/jobs/postal-service-mail-carriers,0,43,0.0,5.86,154,1000,NOT_AVAILABLE_IN_UI_EXPORT,Single-dimension GSC UI export; rows cannot be joined across dimensions; top-row and UI cap limitations apply.
VERIFIED_GSC_UI_SINGLE_DIMENSION,prev28,2026-06-15,2026-07-12,sc-domain:fermatmind.com,web,page,https://fermatmind.com/zh/career/jobs/education-administrators-kindergarten-through-secondary,0,43,0.0,11.65,155,1000,NOT_AVAILABLE_IN_UI_EXPORT,Single-dimension GSC UI export; rows cannot be joined across dimensions; top-row and UI cap limitations apply.
VERIFIED_GSC_UI_SINGLE_DIMENSION,prev28,2026-06-15,2026-07-12,sc-domain:fermatmind.com,web,page,https://fermatmind.com/zh/career/jobs/film-and-video-editors-and-camera-operators,0,43,0.0,11.84,156,1000,NOT_AVAILABLE_IN_UI_EXPORT,Single-dimension GSC UI export; rows cannot be joined across dimensions; top-row and UI cap limitations apply.
VERIFIED_GSC_UI_SINGLE_DIMENSION,prev28,2026-06-15,2026-07-12,sc-domain:fermatmind.com,web,page,https://fermatmind.com/zh/career/jobs/orthotists-and-prosthetists,0,42,0.0,9.93,157,1000,NOT_AVAILABLE_IN_UI_EXPORT,Single-dimension GSC UI export; rows cannot be joined across dimensions; top-row and UI cap limitations apply.
VERIFIED_GSC_UI_SINGLE_DIMENSION,prev28,2026-06-15,2026-07-12,sc-domain:fermatmind.com,web,page,https://fermatmind.com/zh/career/jobs/financial-managers,0,42,0.0,12.9,158,1000,NOT_AVAILABLE_IN_UI_EXPORT,Single-dimension GSC UI export; rows cannot be joined across dimensions; top-row and UI cap limitations apply.
VERIFIED_GSC_UI_SINGLE_DIMENSION,prev28,2026-06-15,2026-07-12,sc-domain:fermatmind.com,web,page,https://fermatmind.com/zh/career/jobs/physical-therapist-assistants,0,42,0.0,13.26,159,1000,NOT_AVAILABLE_IN_UI_EXPORT,Single-dimension GSC UI export; rows cannot be joined across dimensions; top-row and UI cap limitations apply.
VERIFIED_GSC_UI_SINGLE_DIMENSION,prev28,2026-06-15,2026-07-12,sc-domain:fermatmind.com,web,page,https://fermatmind.com/en/tests,0,42,0.0,19.76,160,1000,NOT_AVAILABLE_IN_UI_EXPORT,Single-dimension GSC UI export; rows cannot be joined across dimensions; top-row and UI cap limitations apply.
VERIFIED_GSC_UI_SINGLE_DIMENSION,prev28,2026-06-15,2026-07-12,sc-domain:fermatmind.com,web,page,https://fermatmind.com/zh/career/jobs/multimedia-artists-and-animators,0,41,0.0,8.24,161,1000,NOT_AVAILABLE_IN_UI_EXPORT,Single-dimension GSC UI export; rows cannot be joined across dimensions; top-row and UI cap limitations apply.
VERIFIED_GSC_UI_SINGLE_DIMENSION,prev28,2026-06-15,2026-07-12,sc-domain:fermatmind.com,web,page,https://fermatmind.com/en/career/jobs/arbitrators-mediators-and-conciliators,0,40,0.0,5.95,162,1000,NOT_AVAILABLE_IN_UI_EXPORT,Single-dimension GSC UI export; rows cannot be joined across dimensions; top-row and UI cap limitations apply.
VERIFIED_GSC_UI_SINGLE_DIMENSION,prev28,2026-06-15,2026-07-12,sc-domain:fermatmind.com,web,page,https://fermatmind.com/zh/career/jobs/preschool-and-childcare-center-directors,0,40,0.0,10.55,163,1000,NOT_AVAILABLE_IN_UI_EXPORT,Single-dimension GSC UI export; rows cannot be joined across dimensions; top-row and UI cap limitations apply.
VERIFIED_GSC_UI_SINGLE_DIMENSION,prev28,2026-06-15,2026-07-12,sc-domain:fermatmind.com,web,page,https://fermatmind.com/en/career/jobs/reservation-and-transportation-ticket-agents-and-travel-clerks,0,39,0.0,9.28,164,1000,NOT_AVAILABLE_IN_UI_EXPORT,Single-dimension GSC UI export; rows cannot be joined across dimensions; top-row and UI cap limitations apply.
VERIFIED_GSC_UI_SINGLE_DIMENSION,prev28,2026-06-15,2026-07-12,sc-domain:fermatmind.com,web,page,https://fermatmind.com/zh/career/tests,0,38,0.0,19.39,165,1000,NOT_AVAILABLE_IN_UI_EXPORT,Single-dimension GSC UI export; rows cannot be joined across dimensions; top-row and UI cap limitations apply.
VERIFIED_GSC_UI_SINGLE_DIMENSION,prev28,2026-06-15,2026-07-12,sc-domain:fermatmind.com,web,page,https://fermatmind.com/en/career/jobs/animal-scientists,0,37,0.0,5.92,166,1000,NOT_AVAILABLE_IN_UI_EXPORT,Single-dimension GSC UI export; rows cannot be joined across dimensions; top-row and UI cap limitations apply.
VERIFIED_GSC_UI_SINGLE_DIMENSION,prev28,2026-06-15,2026-07-12,sc-domain:fermatmind.com,web,page,https://fermatmind.com/zh/career/jobs/water-transportation-occupations,0,37,0.0,8.27,167,1000,NOT_AVAILABLE_IN_UI_EXPORT,Single-dimension GSC UI export; rows cannot be joined across dimensions; top-row and UI cap limitations apply.
VERIFIED_GSC_UI_SINGLE_DIMENSION,prev28,2026-06-15,2026-07-12,sc-domain:fermatmind.com,web,page,https://fermatmind.com/zh/career/jobs/dispatchers-except-police-fire-and-ambulance,0,37,0.0,8.89,168,1000,NOT_AVAILABLE_IN_UI_EXPORT,Single-dimension GSC UI export; rows cannot be joined across dimensions; top-row and UI cap limitations apply.
VERIFIED_GSC_UI_SINGLE_DIMENSION,prev28,2026-06-15,2026-07-12,sc-domain:fermatmind.com,web,page,https://fermatmind.com/en/career/jobs/marketing-managers,0,37,0.0,9.24,169,1000,NOT_AVAILABLE_IN_UI_EXPORT,Single-dimension GSC UI export; rows cannot be joined across dimensions; top-row and UI cap limitations apply.
VERIFIED_GSC_UI_SINGLE_DIMENSION,prev28,2026-06-15,2026-07-12,sc-domain:fermatmind.com,web,page,https://fermatmind.com/zh/career/jobs/ship-engineers,0,37,0.0,10.22,170,1000,NOT_AVAILABLE_IN_UI_EXPORT,Single-dimension GSC UI export; rows cannot be joined across dimensions; top-row and UI cap limitations apply.
VERIFIED_GSC_UI_SINGLE_DIMENSION,prev28,2026-06-15,2026-07-12,sc-domain:fermatmind.com,web,page,https://fermatmind.com/zh/brand,0,37,0.0,13.32,171,1000,NOT_AVAILABLE_IN_UI_EXPORT,Single-dimension GSC UI export; rows cannot be joined across dimensions; top-row and UI cap limitations apply.
VERIFIED_GSC_UI_SINGLE_DIMENSION,prev28,2026-06-15,2026-07-12,sc-domain:fermatmind.com,web,page,https://fermatmind.com/zh/articles/iq-test-tool-guide,0,36,0.0,6.92,172,1000,NOT_AVAILABLE_IN_UI_EXPORT,Single-dimension GSC UI export; rows cannot be joined across dimensions; top-row and UI cap limitations apply.
VERIFIED_GSC_UI_SINGLE_DIMENSION,prev28,2026-06-15,2026-07-12,sc-domain:fermatmind.com,web,page,https://fermatmind.com/en/career/jobs/sales-representatives-of-services-except-advertising-insurance-financial-services-and-travel,0,36,0.0,7.08,173,1000,NOT_AVAILABLE_IN_UI_EXPORT,Single-dimension GSC UI export; rows cannot be joined across dimensions; top-row and UI cap limitations apply.
VERIFIED_GSC_UI_SINGLE_DIMENSION,prev28,2026-06-15,2026-07-12,sc-domain:fermatmind.com,web,page,https://fermatmind.com/zh/career/jobs/hand-laborers-and-material-movers,0,36,0.0,8.0,174,1000,NOT_AVAILABLE_IN_UI_EXPORT,Single-dimension GSC UI export; rows cannot be joined across dimensions; top-row and UI cap limitations apply.
VERIFIED_GSC_UI_SINGLE_DIMENSION,prev28,2026-06-15,2026-07-12,sc-domain:fermatmind.com,web,page,https://fermatmind.com/zh/personality/enfj-a-vs-enfj-t,0,35,0.0,8.8,175,1000,NOT_AVAILABLE_IN_UI_EXPORT,Single-dimension GSC UI export; rows cannot be joined across dimensions; top-row and UI cap limitations apply.
VERIFIED_GSC_UI_SINGLE_DIMENSION,prev28,2026-06-15,2026-07-12,sc-domain:fermatmind.com,web,page,https://fermatmind.com/zh/career/jobs/emts-and-paramedics,0,35,0.0,9.57,176,1000,NOT_AVAILABLE_IN_UI_EXPORT,Single-dimension GSC UI export; rows cannot be joined across dimensions; top-row and UI cap limitations apply.
VERIFIED_GSC_UI_SINGLE_DIMENSION,prev28,2026-06-15,2026-07-12,sc-domain:fermatmind.com,web,page,https://fermatmind.com/en/articles/career-interest-test-vs-personality-test,0,34,0.0,9.44,177,1000,NOT_AVAILABLE_IN_UI_EXPORT,Single-dimension GSC UI export; rows cannot be joined across dimensions; top-row and UI cap limitations apply.
VERIFIED_GSC_UI_SINGLE_DIMENSION,prev28,2026-06-15,2026-07-12,sc-domain:fermatmind.com,web,page,https://fermatmind.com/zh/about,0,34,0.0,9.47,178,1000,NOT_AVAILABLE_IN_UI_EXPORT,Single-dimension GSC UI export; rows cannot be joined across dimensions; top-row and UI cap limitations apply.
VERIFIED_GSC_UI_SINGLE_DIMENSION,prev28,2026-06-15,2026-07-12,sc-domain:fermatmind.com,web,page,https://fermatmind.com/zh/career/jobs/helpers-electricians,0,34,0.0,9.91,179,1000,NOT_AVAILABLE_IN_UI_EXPORT,Single-dimension GSC UI export; rows cannot be joined across dimensions; top-row and UI cap limitations apply.
VERIFIED_GSC_UI_SINGLE_DIMENSION,prev28,2026-06-15,2026-07-12,sc-domain:fermatmind.com,web,page,https://fermatmind.com/zh/career/jobs/regulatory-affairs-specialists,0,34,0.0,12.68,180,1000,NOT_AVAILABLE_IN_UI_EXPORT,Single-dimension GSC UI export; rows cannot be joined across dimensions; top-row and UI cap limitations apply.
VERIFIED_GSC_UI_SINGLE_DIMENSION,prev28,2026-06-15,2026-07-12,sc-domain:fermatmind.com,web,page,https://fermatmind.com/zh/career/guides/career-risk-management,0,34,0.0,14.85,181,1000,NOT_AVAILABLE_IN_UI_EXPORT,Single-dimension GSC UI export; rows cannot be joined across dimensions; top-row and UI cap limitations apply.
VERIFIED_GSC_UI_SINGLE_DIMENSION,prev28,2026-06-15,2026-07-12,sc-domain:fermatmind.com,web,page,https://fermatmind.com/en/career/jobs/dispatchers-except-police-fire-and-ambulance,0,33,0.0,8.45,182,1000,NOT_AVAILABLE_IN_UI_EXPORT,Single-dimension GSC UI export; rows cannot be joined across dimensions; top-row and UI cap limitations apply.
VERIFIED_GSC_UI_SINGLE_DIMENSION,prev28,2026-06-15,2026-07-12,sc-domain:fermatmind.com,web,page,https://fermatmind.com/zh/personality/esfp-t,0,33,0.0,8.67,183,1000,NOT_AVAILABLE_IN_UI_EXPORT,Single-dimension GSC UI export; rows cannot be joined across dimensions; top-row and UI cap limitations apply.
VERIFIED_GSC_UI_SINGLE_DIMENSION,prev28,2026-06-15,2026-07-12,sc-domain:fermatmind.com,web,page,https://fermatmind.com/zh/career/jobs/watch-and-clock-repairers,0,33,0.0,9.27,184,1000,NOT_AVAILABLE_IN_UI_EXPORT,Single-dimension GSC UI export; rows cannot be joined across dimensions; top-row and UI cap limitations apply.
VERIFIED_GSC_UI_SINGLE_DIMENSION,prev28,2026-06-15,2026-07-12,sc-domain:fermatmind.com,web,page,https://fermatmind.com/zh/terms,0,33,0.0,10.73,185,1000,NOT_AVAILABLE_IN_UI_EXPORT,Single-dimension GSC UI export; rows cannot be joined across dimensions; top-row and UI cap limitations apply.
VERIFIED_GSC_UI_SINGLE_DIMENSION,prev28,2026-06-15,2026-07-12,sc-domain:fermatmind.com,web,page,https://fermatmind.com/zh/career/jobs/dentists-general,0,33,0.0,13.79,186,1000,NOT_AVAILABLE_IN_UI_EXPORT,Single-dimension GSC UI export; rows cannot be joined across dimensions; top-row and UI cap limitations apply.
VERIFIED_GSC_UI_SINGLE_DIMENSION,prev28,2026-06-15,2026-07-12,sc-domain:fermatmind.com,web,page,https://fermatmind.com/en/career/jobs/production-planning-and-expediting-clerks,0,32,0.0,6.97,187,1000,NOT_AVAILABLE_IN_UI_EXPORT,Single-dimension GSC UI export; rows cannot be joined across dimensions; top-row and UI cap limitations apply.
VERIFIED_GSC_UI_SINGLE_DIMENSION,prev28,2026-06-15,2026-07-12,sc-domain:fermatmind.com,web,page,https://fermatmind.com/en/career/jobs/security-and-fire-alarm-systems-installers,0,32,0.0,7.62,188,1000,NOT_AVAILABLE_IN_UI_EXPORT,Single-dimension GSC UI export; rows cannot be joined across dimensions; top-row and UI cap limitations apply.
VERIFIED_GSC_UI_SINGLE_DIMENSION,prev28,2026-06-15,2026-07-12,sc-domain:fermatmind.com,web,page,https://fermatmind.com/zh/career/jobs/firefighters,0,32,0.0,9.25,189,1000,NOT_AVAILABLE_IN_UI_EXPORT,Single-dimension GSC UI export; rows cannot be joined across dimensions; top-row and UI cap limitations apply.
VERIFIED_GSC_UI_SINGLE_DIMENSION,prev28,2026-06-15,2026-07-12,sc-domain:fermatmind.com,web,page,https://fermatmind.com/en/career/jobs/barbers,0,32,0.0,9.84,190,1000,NOT_AVAILABLE_IN_UI_EXPORT,Single-dimension GSC UI export; rows cannot be joined across dimensions; top-row and UI cap limitations apply.
VERIFIED_GSC_UI_SINGLE_DIMENSION,prev28,2026-06-15,2026-07-12,sc-domain:fermatmind.com,web,page,https://fermatmind.com/zh/career/guides/first-90-days-in-new-role,0,32,0.0,10.91,191,1000,NOT_AVAILABLE_IN_UI_EXPORT,Single-dimension GSC UI export; rows cannot be joined across dimensions; top-row and UI cap limitations apply.
VERIFIED_GSC_UI_SINGLE_DIMENSION,prev28,2026-06-15,2026-07-12,sc-domain:fermatmind.com,web,page,https://fermatmind.com/zh/career/jobs/medical-assistants,0,32,0.0,11.69,192,1000,NOT_AVAILABLE_IN_UI_EXPORT,Single-dimension GSC UI export; rows cannot be joined across dimensions; top-row and UI cap limitations apply.
VERIFIED_GSC_UI_SINGLE_DIMENSION,prev28,2026-06-15,2026-07-12,sc-domain:fermatmind.com,web,page,https://fermatmind.com/en/career/jobs/court-reporters,0,32,0.0,13.69,193,1000,NOT_AVAILABLE_IN_UI_EXPORT,Single-dimension GSC UI export; rows cannot be joined across dimensions; top-row and UI cap limitations apply.
VERIFIED_GSC_UI_SINGLE_DIMENSION,prev28,2026-06-15,2026-07-12,sc-domain:fermatmind.com,web,page,https://fermatmind.com/zh/career/jobs/septic-tank-servicers-and-sewer-pipe-cleaners,0,32,0.0,14.53,194,1000,NOT_AVAILABLE_IN_UI_EXPORT,Single-dimension GSC UI export; rows cannot be joined across dimensions; top-row and UI cap limitations apply.
VERIFIED_GSC_UI_SINGLE_DIMENSION,prev28,2026-06-15,2026-07-12,sc-domain:fermatmind.com,web,page,https://fermatmind.com/zh/career/jobs/film-and-video-editors,0,31,0.0,6.03,195,1000,NOT_AVAILABLE_IN_UI_EXPORT,Single-dimension GSC UI export; rows cannot be joined across dimensions; top-row and UI cap limitations apply.
VERIFIED_GSC_UI_SINGLE_DIMENSION,prev28,2026-06-15,2026-07-12,sc-domain:fermatmind.com,web,page,https://fermatmind.com/zh/career/jobs/subway-and-streetcar-operators,0,31,0.0,6.35,196,1000,NOT_AVAILABLE_IN_UI_EXPORT,Single-dimension GSC UI export; rows cannot be joined across dimensions; top-row and UI cap limitations apply.
VERIFIED_GSC_UI_SINGLE_DIMENSION,prev28,2026-06-15,2026-07-12,sc-domain:fermatmind.com,web,page,https://fermatmind.com/en/career/jobs/counter-and-rental-clerks,0,31,0.0,7.0,197,1000,NOT_AVAILABLE_IN_UI_EXPORT,Single-dimension GSC UI export; rows cannot be joined across dimensions; top-row and UI cap limitations apply.
VERIFIED_GSC_UI_SINGLE_DIMENSION,prev28,2026-06-15,2026-07-12,sc-domain:fermatmind.com,web,page,https://fermatmind.com/en/career/jobs/art-drama-and-music-teachers-postsecondary,0,30,0.0,7.17,198,1000,NOT_AVAILABLE_IN_UI_EXPORT,Single-dimension GSC UI export; rows cannot be joined across dimensions; top-row and UI cap limitations apply.
VERIFIED_GSC_UI_SINGLE_DIMENSION,prev28,2026-06-15,2026-07-12,sc-domain:fermatmind.com,web,page,https://fermatmind.com/en/career/jobs/postal-service-mail-carriers,0,30,0.0,7.3,199,1000,NOT_AVAILABLE_IN_UI_EXPORT,Single-dimension GSC UI export; rows cannot be joined across dimensions; top-row and UI cap limitations apply.
VERIFIED_GSC_UI_SINGLE_DIMENSION,prev28,2026-06-15,2026-07-12,sc-domain:fermatmind.com,web,page,https://fermatmind.com/en/career/jobs/receptionists-and-information-clerks,0,30,0.0,8.1,200,1000,NOT_AVAILABLE_IN_UI_EXPORT,Single-dimension GSC UI export; rows cannot be joined across dimensions; top-row and UI cap limitations apply.
VERIFIED_GSC_UI_SINGLE_DIMENSION,prev28,2026-06-15,2026-07-12,sc-domain:fermatmind.com,web,page,https://fermatmind.com/en/career/jobs/business-teachers-postsecondary,0,30,0.0,9.03,201,1000,NOT_AVAILABLE_IN_UI_EXPORT,Single-dimension GSC UI export; rows cannot be joined across dimensions; top-row and UI cap limitations apply.
VERIFIED_GSC_UI_SINGLE_DIMENSION,prev28,2026-06-15,2026-07-12,sc-domain:fermatmind.com,web,page,https://fermatmind.com/en/career/jobs/first-line-supervisors-of-mechanics-installers-and-repairers,0,29,0.0,8.17,202,1000,NOT_AVAILABLE_IN_UI_EXPORT,Single-dimension GSC UI export; rows cannot be joined across dimensions; top-row and UI cap limitations apply.
VERIFIED_GSC_UI_SINGLE_DIMENSION,prev28,2026-06-15,2026-07-12,sc-domain:fermatmind.com,web,page,https://fermatmind.com/zh/career/jobs/geodetic-surveyors,0,29,0.0,8.83,203,1000,NOT_AVAILABLE_IN_UI_EXPORT,Single-dimension GSC UI export; rows cannot be joined across dimensions; top-row and UI cap limitations apply.
VERIFIED_GSC_UI_SINGLE_DIMENSION,prev28,2026-06-15,2026-07-12,sc-domain:fermatmind.com,web,page,https://fermatmind.com/en/career/jobs/lathe-and-turning-machine-tool-setters-operators-and-tenders-metal-and-plastic,0,29,0.0,9.93,204,1000,NOT_AVAILABLE_IN_UI_EXPORT,Single-dimension GSC UI export; rows cannot be joined across dimensions; top-row and UI cap limitations apply.
VERIFIED_GSC_UI_SINGLE_DIMENSION,prev28,2026-06-15,2026-07-12,sc-domain:fermatmind.com,web,page,https://fermatmind.com/en/career/jobs/telecommunications-line-installers-and-repairers,0,29,0.0,10.14,205,1000,NOT_AVAILABLE_IN_UI_EXPORT,Single-dimension GSC UI export; rows cannot be joined across dimensions; top-row and UI cap limitations apply.
VERIFIED_GSC_UI_SINGLE_DIMENSION,prev28,2026-06-15,2026-07-12,sc-domain:fermatmind.com,web,page,https://fermatmind.com/zh/career/jobs/credit-counselors,0,29,0.0,10.83,206,1000,NOT_AVAILABLE_IN_UI_EXPORT,Single-dimension GSC UI export; rows cannot be joined across dimensions; top-row and UI cap limitations apply.
VERIFIED_GSC_UI_SINGLE_DIMENSION,prev28,2026-06-15,2026-07-12,sc-domain:fermatmind.com,web,page,https://fermatmind.com/zh/career/jobs/logistics-analysts,0,29,0.0,11.9,207,1000,NOT_AVAILABLE_IN_UI_EXPORT,Single-dimension GSC UI export; rows cannot be joined across dimensions; top-row and UI cap limitations apply.
VERIFIED_GSC_UI_SINGLE_DIMENSION,prev28,2026-06-15,2026-07-12,sc-domain:fermatmind.com,web,page,https://fermatmind.com/zh/career/jobs/cooks-short-order,0,29,0.0,12.1,208,1000,NOT_AVAILABLE_IN_UI_EXPORT,Single-dimension GSC UI export; rows cannot be joined across dimensions; top-row and UI cap limitations apply.
VERIFIED_GSC_UI_SINGLE_DIMENSION,prev28,2026-06-15,2026-07-12,sc-domain:fermatmind.com,web,page,https://fermatmind.com/zh/career/jobs/radiation-therapists,0,29,0.0,14.14,209,1000,NOT_AVAILABLE_IN_UI_EXPORT,Single-dimension GSC UI export; rows cannot be joined across dimensions; top-row and UI cap limitations apply.
VERIFIED_GSC_UI_SINGLE_DIMENSION,prev28,2026-06-15,2026-07-12,sc-domain:fermatmind.com,web,page,https://fermatmind.com/en/career/jobs/instructional-coordinators,0,28,0.0,7.71,210,1000,NOT_AVAILABLE_IN_UI_EXPORT,Single-dimension GSC UI export; rows cannot be joined across dimensions; top-row and UI cap limitations apply.
VERIFIED_GSC_UI_SINGLE_DIMENSION,prev28,2026-06-15,2026-07-12,sc-domain:fermatmind.com,web,page,https://fermatmind.com/zh/tests/category/career,0,28,0.0,8.71,211,1000,NOT_AVAILABLE_IN_UI_EXPORT,Single-dimension GSC UI export; rows cannot be joined across dimensions; top-row and UI cap limitations apply.
VERIFIED_GSC_UI_SINGLE_DIMENSION,prev28,2026-06-15,2026-07-12,sc-domain:fermatmind.com,web,page,https://fermatmind.com/zh/career/jobs/graders-and-sorters-agricultural-products,0,28,0.0,8.86,212,1000,NOT_AVAILABLE_IN_UI_EXPORT,Single-dimension GSC UI export; rows cannot be joined across dimensions; top-row and UI cap limitations apply.
VERIFIED_GSC_UI_SINGLE_DIMENSION,prev28,2026-06-15,2026-07-12,sc-domain:fermatmind.com,web,page,https://fermatmind.com/en/articles/unwanted-major-adjustment-riasec-transfer-plan,0,28,0.0,16.57,213,1000,NOT_AVAILABLE_IN_UI_EXPORT,Single-dimension GSC UI export; rows cannot be joined across dimensions; top-row and UI cap limitations apply.
VERIFIED_GSC_UI_SINGLE_DIMENSION,prev28,2026-06-15,2026-07-12,sc-domain:fermatmind.com,web,page,https://fermatmind.com/en/personality/enfp-a,0,28,0.0,21.18,214,1000,NOT_AVAILABLE_IN_UI_EXPORT,Single-dimension GSC UI export; rows cannot be joined across dimensions; top-row and UI cap limitations apply.
VERIFIED_GSC_UI_SINGLE_DIMENSION,prev28,2026-06-15,2026-07-12,sc-domain:fermatmind.com,web,page,https://fermatmind.com/zh/career/jobs/carpet-installers,0,27,0.0,8.59,215,1000,NOT_AVAILABLE_IN_UI_EXPORT,Single-dimension GSC UI export; rows cannot be joined across dimensions; top-row and UI cap limitations apply.
VERIFIED_GSC_UI_SINGLE_DIMENSION,prev28,2026-06-15,2026-07-12,sc-domain:fermatmind.com,web,page,https://fermatmind.com/zh/charter,0,27,0.0,9.33,216,1000,NOT_AVAILABLE_IN_UI_EXPORT,Single-dimension GSC UI export; rows cannot be joined across dimensions; top-row and UI cap limitations apply.
VERIFIED_GSC_UI_SINGLE_DIMENSION,prev28,2026-06-15,2026-07-12,sc-domain:fermatmind.com,web,page,https://fermatmind.com/en/career/jobs/film-and-video-editors,0,27,0.0,10.85,217,1000,NOT_AVAILABLE_IN_UI_EXPORT,Single-dimension GSC UI export; rows cannot be joined across dimensions; top-row and UI cap limitations apply.
VERIFIED_GSC_UI_SINGLE_DIMENSION,prev28,2026-06-15,2026-07-12,sc-domain:fermatmind.com,web,page,https://fermatmind.com/zh/personality/estp-a,0,27,0.0,14.48,218,1000,NOT_AVAILABLE_IN_UI_EXPORT,Single-dimension GSC UI export; rows cannot be joined across dimensions; top-row and UI cap limitations apply.
VERIFIED_GSC_UI_SINGLE_DIMENSION,prev28,2026-06-15,2026-07-12,sc-domain:fermatmind.com,web,page,https://fermatmind.com/zh/career/jobs/information-technology-project-managers,0,27,0.0,15.41,219,1000,NOT_AVAILABLE_IN_UI_EXPORT,Single-dimension GSC UI export; rows cannot be joined across dimensions; top-row and UI cap limitations apply.
VERIFIED_GSC_UI_SINGLE_DIMENSION,prev28,2026-06-15,2026-07-12,sc-domain:fermatmind.com,web,page,https://fermatmind.com/zh/career/jobs/general-internal-medicine-physicians,0,27,0.0,17.56,220,1000,NOT_AVAILABLE_IN_UI_EXPORT,Single-dimension GSC UI export; rows cannot be joined across dimensions; top-row and UI cap limitations apply.
VERIFIED_GSC_UI_SINGLE_DIMENSION,prev28,2026-06-15,2026-07-12,sc-domain:fermatmind.com,web,page,https://fermatmind.com/en/career/jobs/tool-and-die-makers,0,26,0.0,8.27,221,1000,NOT_AVAILABLE_IN_UI_EXPORT,Single-dimension GSC UI export; rows cannot be joined across dimensions; top-row and UI cap limitations apply.
VERIFIED_GSC_UI_SINGLE_DIMENSION,prev28,2026-06-15,2026-07-12,sc-domain:fermatmind.com,web,page,https://fermatmind.com/en/career/jobs/postal-service-workers,0,26,0.0,9.69,222,1000,NOT_AVAILABLE_IN_UI_EXPORT,Single-dimension GSC UI export; rows cannot be joined across dimensions; top-row and UI cap limitations apply.
VERIFIED_GSC_UI_SINGLE_DIMENSION,prev28,2026-06-15,2026-07-12,sc-domain:fermatmind.com,web,page,https://fermatmind.com/zh/career/jobs/nuclear-engineers,0,26,0.0,9.92,223,1000,NOT_AVAILABLE_IN_UI_EXPORT,Single-dimension GSC UI export; rows cannot be joined across dimensions; top-row and UI cap limitations apply.
VERIFIED_GSC_UI_SINGLE_DIMENSION,prev28,2026-06-15,2026-07-12,sc-domain:fermatmind.com,web,page,https://fermatmind.com/en/articles/are-infj-men-rare-or-socially-silenced,0,26,0.0,10.27,224,1000,NOT_AVAILABLE_IN_UI_EXPORT,Single-dimension GSC UI export; rows cannot be joined across dimensions; top-row and UI cap limitations apply.
VERIFIED_GSC_UI_SINGLE_DIMENSION,prev28,2026-06-15,2026-07-12,sc-domain:fermatmind.com,web,page,https://fermatmind.com/zh/career/jobs/high-school-teachers,0,26,0.0,12.38,225,1000,NOT_AVAILABLE_IN_UI_EXPORT,Single-dimension GSC UI export; rows cannot be joined across dimensions; top-row and UI cap limitations apply.
VERIFIED_GSC_UI_SINGLE_DIMENSION,prev28,2026-06-15,2026-07-12,sc-domain:fermatmind.com,web,page,https://fermatmind.com/zh/career/jobs/instructional-coordinators,0,26,0.0,12.81,226,1000,NOT_AVAILABLE_IN_UI_EXPORT,Single-dimension GSC UI export; rows cannot be joined across dimensions; top-row and UI cap limitations apply.
VERIFIED_GSC_UI_SINGLE_DIMENSION,prev28,2026-06-15,2026-07-12,sc-domain:fermatmind.com,web,page,https://fermatmind.com/en/career/jobs/cabinetmakers-and-bench-carpenters,0,25,0.0,8.24,227,1000,NOT_AVAILABLE_IN_UI_EXPORT,Single-dimension GSC UI export; rows cannot be joined across dimensions; top-row and UI cap limitations apply.
VERIFIED_GSC_UI_SINGLE_DIMENSION,prev28,2026-06-15,2026-07-12,sc-domain:fermatmind.com,web,page,https://fermatmind.com/zh/career/jobs/audio-and-video-technicians,0,25,0.0,9.28,228,1000,NOT_AVAILABLE_IN_UI_EXPORT,Single-dimension GSC UI export; rows cannot be joined across dimensions; top-row and UI cap limitations apply.
VERIFIED_GSC_UI_SINGLE_DIMENSION,prev28,2026-06-15,2026-07-12,sc-domain:fermatmind.com,web,page,https://fermatmind.com/en/career/jobs/education-administrators-postsecondary,0,25,0.0,9.72,229,1000,NOT_AVAILABLE_IN_UI_EXPORT,Single-dimension GSC UI export; rows cannot be joined across dimensions; top-row and UI cap limitations apply.
VERIFIED_GSC_UI_SINGLE_DIMENSION,prev28,2026-06-15,2026-07-12,sc-domain:fermatmind.com,web,page,https://fermatmind.com/zh/career/jobs/buyers-and-purchasing-agents-farm-products,0,25,0.0,13.76,230,1000,NOT_AVAILABLE_IN_UI_EXPORT,Single-dimension GSC UI export; rows cannot be joined across dimensions; top-row and UI cap limitations apply.
VERIFIED_GSC_UI_SINGLE_DIMENSION,prev28,2026-06-15,2026-07-12,sc-domain:fermatmind.com,web,page,https://fermatmind.com/zh/career/jobs/nursing-assistants,0,25,0.0,14.64,231,1000,NOT_AVAILABLE_IN_UI_EXPORT,Single-dimension GSC UI export; rows cannot be joined across dimensions; top-row and UI cap limitations apply.
VERIFIED_GSC_UI_SINGLE_DIMENSION,prev28,2026-06-15,2026-07-12,sc-domain:fermatmind.com,web,page,https://fermatmind.com/zh/career/jobs/retail-salespersons,0,25,0.0,16.04,232,1000,NOT_AVAILABLE_IN_UI_EXPORT,Single-dimension GSC UI export; rows cannot be joined across dimensions; top-row and UI cap limitations apply.
VERIFIED_GSC_UI_SINGLE_DIMENSION,prev28,2026-06-15,2026-07-12,sc-domain:fermatmind.com,web,page,https://fermatmind.com/en/career/jobs/postal-service-mail-sorters-processors-and-processing-machine-operators,0,24,0.0,8.83,233,1000,NOT_AVAILABLE_IN_UI_EXPORT,Single-dimension GSC UI export; rows cannot be joined across dimensions; top-row and UI cap limitations apply.
VERIFIED_GSC_UI_SINGLE_DIMENSION,prev28,2026-06-15,2026-07-12,sc-domain:fermatmind.com,web,page,https://fermatmind.com/zh/career/jobs/credit-analysts,0,24,0.0,16.04,234,1000,NOT_AVAILABLE_IN_UI_EXPORT,Single-dimension GSC UI export; rows cannot be joined across dimensions; top-row and UI cap limitations apply.
VERIFIED_GSC_UI_SINGLE_DIMENSION,prev28,2026-06-15,2026-07-12,sc-domain:fermatmind.com,web,page,https://fermatmind.com/zh/foundation,0,23,0.0,4.96,235,1000,NOT_AVAILABLE_IN_UI_EXPORT,Single-dimension GSC UI export; rows cannot be joined across dimensions; top-row and UI cap limitations apply.
VERIFIED_GSC_UI_SINGLE_DIMENSION,prev28,2026-06-15,2026-07-12,sc-domain:fermatmind.com,web,page,https://fermatmind.com/zh/career/jobs/painters-construction-and-maintenance,0,23,0.0,5.13,236,1000,NOT_AVAILABLE_IN_UI_EXPORT,Single-dimension GSC UI export; rows cannot be joined across dimensions; top-row and UI cap limitations apply.
VERIFIED_GSC_UI_SINGLE_DIMENSION,prev28,2026-06-15,2026-07-12,sc-domain:fermatmind.com,web,page,https://fermatmind.com/en/career/jobs/chemical-plant-and-system-operators,0,23,0.0,6.3,237,1000,NOT_AVAILABLE_IN_UI_EXPORT,Single-dimension GSC UI export; rows cannot be joined across dimensions; top-row and UI cap limitations apply.
VERIFIED_GSC_UI_SINGLE_DIMENSION,prev28,2026-06-15,2026-07-12,sc-domain:fermatmind.com,web,page,https://fermatmind.com/en/career/jobs/atmospheric-earth-marine-and-space-sciences-teachers-postsecondary,0,23,0.0,7.35,238,1000,NOT_AVAILABLE_IN_UI_EXPORT,Single-dimension GSC UI export; rows cannot be joined across dimensions; top-row and UI cap limitations apply.
VERIFIED_GSC_UI_SINGLE_DIMENSION,prev28,2026-06-15,2026-07-12,sc-domain:fermatmind.com,web,page,https://fermatmind.com/zh/articles/mbti-narrative-portrait,0,23,0.0,7.57,239,1000,NOT_AVAILABLE_IN_UI_EXPORT,Single-dimension GSC UI export; rows cannot be joined across dimensions; top-row and UI cap limitations apply.
VERIFIED_GSC_UI_SINGLE_DIMENSION,prev28,2026-06-15,2026-07-12,sc-domain:fermatmind.com,web,page,https://fermatmind.com/zh/career/jobs/agricultural-engineers,0,23,0.0,10.7,240,1000,NOT_AVAILABLE_IN_UI_EXPORT,Single-dimension GSC UI export; rows cannot be joined across dimensions; top-row and UI cap limitations apply.
VERIFIED_GSC_UI_SINGLE_DIMENSION,prev28,2026-06-15,2026-07-12,sc-domain:fermatmind.com,web,page,https://fermatmind.com/en/personality/estp-t,0,23,0.0,15.96,241,1000,NOT_AVAILABLE_IN_UI_EXPORT,Single-dimension GSC UI export; rows cannot be joined across dimensions; top-row and UI cap limitations apply.
VERIFIED_GSC_UI_SINGLE_DIMENSION,prev28,2026-06-15,2026-07-12,sc-domain:fermatmind.com,web,page,https://fermatmind.com/zh/career/jobs/molders-shapers-and-casters-except-metal-and-plastic,0,22,0.0,4.32,242,1000,NOT_AVAILABLE_IN_UI_EXPORT,Single-dimension GSC UI export; rows cannot be joined across dimensions; top-row and UI cap limitations apply.
VERIFIED_GSC_UI_SINGLE_DIMENSION,prev28,2026-06-15,2026-07-12,sc-domain:fermatmind.com,web,page,https://fermatmind.com/zh/career/jobs/exercise-trainers-and-group-fitness-instructors,0,22,0.0,8.05,243,1000,NOT_AVAILABLE_IN_UI_EXPORT,Single-dimension GSC UI export; rows cannot be joined across dimensions; top-row and UI cap limitations apply.
VERIFIED_GSC_UI_SINGLE_DIMENSION,prev28,2026-06-15,2026-07-12,sc-domain:fermatmind.com,web,page,https://fermatmind.com/en/articles/hot-major-fit-riasec-course-career-checklist,0,22,0.0,9.45,244,1000,NOT_AVAILABLE_IN_UI_EXPORT,Single-dimension GSC UI export; rows cannot be joined across dimensions; top-row and UI cap limitations apply.
VERIFIED_GSC_UI_SINGLE_DIMENSION,prev28,2026-06-15,2026-07-12,sc-domain:fermatmind.com,web,page,https://fermatmind.com/en/careers,0,22,0.0,10.91,245,1000,NOT_AVAILABLE_IN_UI_EXPORT,Single-dimension GSC UI export; rows cannot be joined across dimensions; top-row and UI cap limitations apply.
VERIFIED_GSC_UI_SINGLE_DIMENSION,prev28,2026-06-15,2026-07-12,sc-domain:fermatmind.com,web,page,https://fermatmind.com/zh/career/jobs/materials-engineers,0,22,0.0,11.18,246,1000,NOT_AVAILABLE_IN_UI_EXPORT,Single-dimension GSC UI export; rows cannot be joined across dimensions; top-row and UI cap limitations apply.
VERIFIED_GSC_UI_SINGLE_DIMENSION,prev28,2026-06-15,2026-07-12,sc-domain:fermatmind.com,web,page,https://fermatmind.com/zh/career/jobs/insurance-sales-agents,0,22,0.0,11.5,247,1000,NOT_AVAILABLE_IN_UI_EXPORT,Single-dimension GSC UI export; rows cannot be joined across dimensions; top-row and UI cap limitations apply.
VERIFIED_GSC_UI_SINGLE_DIMENSION,prev28,2026-06-15,2026-07-12,sc-domain:fermatmind.com,web,page,https://fermatmind.com/zh/career/jobs/logistics-engineers,0,22,0.0,12.41,248,1000,NOT_AVAILABLE_IN_UI_EXPORT,Single-dimension GSC UI export; rows cannot be joined across dimensions; top-row and UI cap limitations apply.
VERIFIED_GSC_UI_SINGLE_DIMENSION,prev28,2026-06-15,2026-07-12,sc-domain:fermatmind.com,web,page,https://fermatmind.com/zh/career/jobs/substitute-teachers-short-term,0,22,0.0,13.77,249,1000,NOT_AVAILABLE_IN_UI_EXPORT,Single-dimension GSC UI export; rows cannot be joined across dimensions; top-row and UI cap limitations apply.
VERIFIED_GSC_UI_SINGLE_DIMENSION,prev28,2026-06-15,2026-07-12,sc-domain:fermatmind.com,web,page,https://fermatmind.com/zh/career/jobs/low-vision-therapists-orientation-and-mobility-specialists-and-vision-rehabilitation-therapists,0,22,0.0,14.05,250,1000,NOT_AVAILABLE_IN_UI_EXPORT,Single-dimension GSC UI export; rows cannot be joined across dimensions; top-row and UI cap limitations apply.
VERIFIED_GSC_UI_SINGLE_DIMENSION,prev28,2026-06-15,2026-07-12,sc-domain:fermatmind.com,web,page,https://fermatmind.com/en/personality/esfp-t,0,22,0.0,18.0,251,1000,NOT_AVAILABLE_IN_UI_EXPORT,Single-dimension GSC UI export; rows cannot be joined across dimensions; top-row and UI cap limitations apply.
VERIFIED_GSC_UI_SINGLE_DIMENSION,prev28,2026-06-15,2026-07-12,sc-domain:fermatmind.com,web,page,https://fermatmind.com/en/career/jobs/general-and-operations-managers,0,21,0.0,7.1,252,1000,NOT_AVAILABLE_IN_UI_EXPORT,Single-dimension GSC UI export; rows cannot be joined across dimensions; top-row and UI cap limitations apply.
VERIFIED_GSC_UI_SINGLE_DIMENSION,prev28,2026-06-15,2026-07-12,sc-domain:fermatmind.com,web,page,https://fermatmind.com/en/career/jobs/graphic-designers,0,21,0.0,8.62,253,1000,NOT_AVAILABLE_IN_UI_EXPORT,Single-dimension GSC UI export; rows cannot be joined across dimensions; top-row and UI cap limitations apply.
VERIFIED_GSC_UI_SINGLE_DIMENSION,prev28,2026-06-15,2026-07-12,sc-domain:fermatmind.com,web,page,https://fermatmind.com/zh/career/jobs/social-and-human-service-assistants,0,21,0.0,8.71,254,1000,NOT_AVAILABLE_IN_UI_EXPORT,Single-dimension GSC UI export; rows cannot be joined across dimensions; top-row and UI cap limitations apply.
VERIFIED_GSC_UI_SINGLE_DIMENSION,prev28,2026-06-15,2026-07-12,sc-domain:fermatmind.com,web,page,https://fermatmind.com/zh/career/jobs/preschool-teachers,0,21,0.0,9.24,255,1000,NOT_AVAILABLE_IN_UI_EXPORT,Single-dimension GSC UI export; rows cannot be joined across dimensions; top-row and UI cap limitations apply.
VERIFIED_GSC_UI_SINGLE_DIMENSION,prev28,2026-06-15,2026-07-12,sc-domain:fermatmind.com,web,page,https://fermatmind.com/en/articles/enneagram-workplace-friction-core-motivations,0,21,0.0,9.67,256,1000,NOT_AVAILABLE_IN_UI_EXPORT,Single-dimension GSC UI export; rows cannot be joined across dimensions; top-row and UI cap limitations apply.
VERIFIED_GSC_UI_SINGLE_DIMENSION,prev28,2026-06-15,2026-07-12,sc-domain:fermatmind.com,web,page,https://fermatmind.com/zh/career/jobs/architects-except-landscape-and-naval,0,21,0.0,9.71,257,1000,NOT_AVAILABLE_IN_UI_EXPORT,Single-dimension GSC UI export; rows cannot be joined across dimensions; top-row and UI cap limitations apply.
VERIFIED_GSC_UI_SINGLE_DIMENSION,prev28,2026-06-15,2026-07-12,sc-domain:fermatmind.com,web,page,https://fermatmind.com/en/career/jobs/laundry-and-dry-cleaning-workers,0,21,0.0,14.86,258,1000,NOT_AVAILABLE_IN_UI_EXPORT,Single-dimension GSC UI export; rows cannot be joined across dimensions; top-row and UI cap limitations apply.
VERIFIED_GSC_UI_SINGLE_DIMENSION,prev28,2026-06-15,2026-07-12,sc-domain:fermatmind.com,web,page,https://fermatmind.com/en/career/jobs/occupational-health-and-safety-specialists-and-technicians,0,20,0.0,5.7,259,1000,NOT_AVAILABLE_IN_UI_EXPORT,Single-dimension GSC UI export; rows cannot be joined across dimensions; top-row and UI cap limitations apply.
VERIFIED_GSC_UI_SINGLE_DIMENSION,prev28,2026-06-15,2026-07-12,sc-domain:fermatmind.com,web,page,https://fermatmind.com/en/career/jobs/tree-trimmers-and-pruners,0,20,0.0,8.1,260,1000,NOT_AVAILABLE_IN_UI_EXPORT,Single-dimension GSC UI export; rows cannot be joined across dimensions; top-row and UI cap limitations apply.
VERIFIED_GSC_UI_SINGLE_DIMENSION,prev28,2026-06-15,2026-07-12,sc-domain:fermatmind.com,web,page,https://fermatmind.com/zh/career/jobs/postal-service-workers,0,20,0.0,9.8,261,1000,NOT_AVAILABLE_IN_UI_EXPORT,Single-dimension GSC UI export; rows cannot be joined across dimensions; top-row and UI cap limitations apply.
VERIFIED_GSC_UI_SINGLE_DIMENSION,prev28,2026-06-15,2026-07-12,sc-domain:fermatmind.com,web,page,https://fermatmind.com/zh/career/jobs/artillery-and-missile-crew-members,0,20,0.0,9.85,262,1000,NOT_AVAILABLE_IN_UI_EXPORT,Single-dimension GSC UI export; rows cannot be joined across dimensions; top-row and UI cap limitations apply.
VERIFIED_GSC_UI_SINGLE_DIMENSION,prev28,2026-06-15,2026-07-12,sc-domain:fermatmind.com,web,page,https://fermatmind.com/en/career/jobs/postal-service-clerks,0,20,0.0,11.55,263,1000,NOT_AVAILABLE_IN_UI_EXPORT,Single-dimension GSC UI export; rows cannot be joined across dimensions; top-row and UI cap limitations apply.
VERIFIED_GSC_UI_SINGLE_DIMENSION,prev28,2026-06-15,2026-07-12,sc-domain:fermatmind.com,web,page,https://fermatmind.com/zh/career/jobs/police-identification-and-records-officers,0,20,0.0,11.8,264,1000,NOT_AVAILABLE_IN_UI_EXPORT,Single-dimension GSC UI export; rows cannot be joined across dimensions; top-row and UI cap limitations apply.
VERIFIED_GSC_UI_SINGLE_DIMENSION,prev28,2026-06-15,2026-07-12,sc-domain:fermatmind.com,web,page,https://fermatmind.com/zh/career/jobs/floor-layers-except-carpet-wood-and-hard-tiles,0,20,0.0,14.15,265,1000,NOT_AVAILABLE_IN_UI_EXPORT,Single-dimension GSC UI export; rows cannot be joined across dimensions; top-row and UI cap limitations apply.
VERIFIED_GSC_UI_SINGLE_DIMENSION,prev28,2026-06-15,2026-07-12,sc-domain:fermatmind.com,web,page,https://fermatmind.com/zh/career/jobs/career-and-technical-education-teachers,0,20,0.0,14.8,266,1000,NOT_AVAILABLE_IN_UI_EXPORT,Single-dimension GSC UI export; rows cannot be joined across dimensions; top-row and UI cap limitations apply.
VERIFIED_GSC_UI_SINGLE_DIMENSION,prev28,2026-06-15,2026-07-12,sc-domain:fermatmind.com,web,page,https://fermatmind.com/zh/career/jobs/receptionists-and-information-clerks,0,20,0.0,15.1,267,1000,NOT_AVAILABLE_IN_UI_EXPORT,Single-dimension GSC UI export; rows cannot be joined across dimensions; top-row and UI cap limitations apply.
VERIFIED_GSC_UI_SINGLE_DIMENSION,prev28,2026-06-15,2026-07-12,sc-domain:fermatmind.com,web,page,https://fermatmind.com/zh/career/jobs/animal-scientists,0,20,0.0,16.05,268,1000,NOT_AVAILABLE_IN_UI_EXPORT,Single-dimension GSC UI export; rows cannot be joined across dimensions; top-row and UI cap limitations apply.
VERIFIED_GSC_UI_SINGLE_DIMENSION,prev28,2026-06-15,2026-07-12,sc-domain:fermatmind.com,web,page,https://fermatmind.com/en/career/jobs/administrative-law-judges-adjudicators-and-hearing-officers,0,19,0.0,7.05,269,1000,NOT_AVAILABLE_IN_UI_EXPORT,Single-dimension GSC UI export; rows cannot be joined across dimensions; top-row and UI cap limitations apply.
VERIFIED_GSC_UI_SINGLE_DIMENSION,prev28,2026-06-15,2026-07-12,sc-domain:fermatmind.com,web,page,https://fermatmind.com/en/career/jobs/clinical-and-counseling-psychologists,0,19,0.0,7.11,270,1000,NOT_AVAILABLE_IN_UI_EXPORT,Single-dimension GSC UI export; rows cannot be joined across dimensions; top-row and UI cap limitations apply.
VERIFIED_GSC_UI_SINGLE_DIMENSION,prev28,2026-06-15,2026-07-12,sc-domain:fermatmind.com,web,page,https://fermatmind.com/en/career/jobs/architects,0,19,0.0,7.68,271,1000,NOT_AVAILABLE_IN_UI_EXPORT,Single-dimension GSC UI export; rows cannot be joined across dimensions; top-row and UI cap limitations apply.
VERIFIED_GSC_UI_SINGLE_DIMENSION,prev28,2026-06-15,2026-07-12,sc-domain:fermatmind.com,web,page,https://fermatmind.com/en/career/jobs/sewing-machine-operators,0,19,0.0,7.79,272,1000,NOT_AVAILABLE_IN_UI_EXPORT,Single-dimension GSC UI export; rows cannot be joined across dimensions; top-row and UI cap limitations apply.
VERIFIED_GSC_UI_SINGLE_DIMENSION,prev28,2026-06-15,2026-07-12,sc-domain:fermatmind.com,web,page,https://fermatmind.com/en/career/jobs/non-destructive-testing-specialists,0,19,0.0,8.37,273,1000,NOT_AVAILABLE_IN_UI_EXPORT,Single-dimension GSC UI export; rows cannot be joined across dimensions; top-row and UI cap limitations apply.
VERIFIED_GSC_UI_SINGLE_DIMENSION,prev28,2026-06-15,2026-07-12,sc-domain:fermatmind.com,web,page,https://fermatmind.com/en/career/jobs/facilities-managers,0,19,0.0,8.74,274,1000,NOT_AVAILABLE_IN_UI_EXPORT,Single-dimension GSC UI export; rows cannot be joined across dimensions; top-row and UI cap limitations apply.
VERIFIED_GSC_UI_SINGLE_DIMENSION,prev28,2026-06-15,2026-07-12,sc-domain:fermatmind.com,web,page,https://fermatmind.com/zh/career/jobs/preventive-medicine-physicians,0,19,0.0,10.58,275,1000,NOT_AVAILABLE_IN_UI_EXPORT,Single-dimension GSC UI export; rows cannot be joined across dimensions; top-row and UI cap limitations apply.
VERIFIED_GSC_UI_SINGLE_DIMENSION,prev28,2026-06-15,2026-07-12,sc-domain:fermatmind.com,web,page,https://fermatmind.com/zh/career/jobs/chemistry-teachers-postsecondary,0,19,0.0,11.74,276,1000,NOT_AVAILABLE_IN_UI_EXPORT,Single-dimension GSC UI export; rows cannot be joined across dimensions; top-row and UI cap limitations apply.
VERIFIED_GSC_UI_SINGLE_DIMENSION,prev28,2026-06-15,2026-07-12,sc-domain:fermatmind.com,web,page,https://fermatmind.com/zh/career/jobs/diesel-service-technicians-and-mechanics,0,19,0.0,12.11,277,1000,NOT_AVAILABLE_IN_UI_EXPORT,Single-dimension GSC UI export; rows cannot be joined across dimensions; top-row and UI cap limitations apply.
VERIFIED_GSC_UI_SINGLE_DIMENSION,prev28,2026-06-15,2026-07-12,sc-domain:fermatmind.com,web,page,https://fermatmind.com/zh/career/jobs/clinical-and-counseling-psychologists,0,19,0.0,12.42,278,1000,NOT_AVAILABLE_IN_UI_EXPORT,Single-dimension GSC UI export; rows cannot be joined across dimensions; top-row and UI cap limitations apply.
VERIFIED_GSC_UI_SINGLE_DIMENSION,prev28,2026-06-15,2026-07-12,sc-domain:fermatmind.com,web,page,https://fermatmind.com/en/career/jobs/administrative-services-managers,0,19,0.0,13.16,279,1000,NOT_AVAILABLE_IN_UI_EXPORT,Single-dimension GSC UI export; rows cannot be joined across dimensions; top-row and UI cap limitations apply.
VERIFIED_GSC_UI_SINGLE_DIMENSION,prev28,2026-06-15,2026-07-12,sc-domain:fermatmind.com,web,page,https://fermatmind.com/zh/career/jobs/online-merchants,0,19,0.0,22.47,280,1000,NOT_AVAILABLE_IN_UI_EXPORT,Single-dimension GSC UI export; rows cannot be joined across dimensions; top-row and UI cap limitations apply.
VERIFIED_GSC_UI_SINGLE_DIMENSION,prev28,2026-06-15,2026-07-12,sc-domain:fermatmind.com,web,page,https://fermatmind.com/en/career/jobs/materials-engineers,0,18,0.0,7.83,281,1000,NOT_AVAILABLE_IN_UI_EXPORT,Single-dimension GSC UI export; rows cannot be joined across dimensions; top-row and UI cap limitations apply.
VERIFIED_GSC_UI_SINGLE_DIMENSION,prev28,2026-06-15,2026-07-12,sc-domain:fermatmind.com,web,page,https://fermatmind.com/en/career/jobs/stockers-and-order-fillers,0,18,0.0,8.06,282,1000,NOT_AVAILABLE_IN_UI_EXPORT,Single-dimension GSC UI export; rows cannot be joined across dimensions; top-row and UI cap limitations apply.
VERIFIED_GSC_UI_SINGLE_DIMENSION,prev28,2026-06-15,2026-07-12,sc-domain:fermatmind.com,web,page,https://fermatmind.com/zh/career/jobs/mathematicians-and-statisticians,0,18,0.0,9.22,283,1000,NOT_AVAILABLE_IN_UI_EXPORT,Single-dimension GSC UI export; rows cannot be joined across dimensions; top-row and UI cap limitations apply.
VERIFIED_GSC_UI_SINGLE_DIMENSION,prev28,2026-06-15,2026-07-12,sc-domain:fermatmind.com,web,page,https://fermatmind.com/zh/articles/childhood-dream-job-still-shapes-career-choice,0,18,0.0,9.28,284,1000,NOT_AVAILABLE_IN_UI_EXPORT,Single-dimension GSC UI export; rows cannot be joined across dimensions; top-row and UI cap limitations apply.
VERIFIED_GSC_UI_SINGLE_DIMENSION,prev28,2026-06-15,2026-07-12,sc-domain:fermatmind.com,web,page,https://fermatmind.com/en/career/jobs/geographic-information-systems-technologists-and-technicians,0,18,0.0,9.33,285,1000,NOT_AVAILABLE_IN_UI_EXPORT,Single-dimension GSC UI export; rows cannot be joined across dimensions; top-row and UI cap limitations apply.
VERIFIED_GSC_UI_SINGLE_DIMENSION,prev28,2026-06-15,2026-07-12,sc-domain:fermatmind.com,web,page,https://fermatmind.com/zh/career/jobs/helpers-roofers,0,18,0.0,11.83,286,1000,NOT_AVAILABLE_IN_UI_EXPORT,Single-dimension GSC UI export; rows cannot be joined across dimensions; top-row and UI cap limitations apply.
VERIFIED_GSC_UI_SINGLE_DIMENSION,prev28,2026-06-15,2026-07-12,sc-domain:fermatmind.com,web,page,https://fermatmind.com/zh/career/jobs/psychologists,0,18,0.0,14.67,287,1000,NOT_AVAILABLE_IN_UI_EXPORT,Single-dimension GSC UI export; rows cannot be joined across dimensions; top-row and UI cap limitations apply.
VERIFIED_GSC_UI_SINGLE_DIMENSION,prev28,2026-06-15,2026-07-12,sc-domain:fermatmind.com,web,page,https://fermatmind.com/en/career/jobs/technical-writers,0,18,0.0,15.17,288,1000,NOT_AVAILABLE_IN_UI_EXPORT,Single-dimension GSC UI export; rows cannot be joined across dimensions; top-row and UI cap limitations apply.
VERIFIED_GSC_UI_SINGLE_DIMENSION,prev28,2026-06-15,2026-07-12,sc-domain:fermatmind.com,web,page,https://fermatmind.com/zh/career/guides/cross-industry-move-strategy,0,17,0.0,4.47,289,1000,NOT_AVAILABLE_IN_UI_EXPORT,Single-dimension GSC UI export; rows cannot be joined across dimensions; top-row and UI cap limitations apply.
VERIFIED_GSC_UI_SINGLE_DIMENSION,prev28,2026-06-15,2026-07-12,sc-domain:fermatmind.com,web,page,https://fermatmind.com/zh/career/jobs/heat-treating-equipment-setters-operators-and-tenders-metal-and-plastic,0,17,0.0,5.12,290,1000,NOT_AVAILABLE_IN_UI_EXPORT,Single-dimension GSC UI export; rows cannot be joined across dimensions; top-row and UI cap limitations apply.
VERIFIED_GSC_UI_SINGLE_DIMENSION,prev28,2026-06-15,2026-07-12,sc-domain:fermatmind.com,web,page,https://fermatmind.com/zh/career/jobs/tool-and-die-makers,0,17,0.0,6.18,291,1000,NOT_AVAILABLE_IN_UI_EXPORT,Single-dimension GSC UI export; rows cannot be joined across dimensions; top-row and UI cap limitations apply.
VERIFIED_GSC_UI_SINGLE_DIMENSION,prev28,2026-06-15,2026-07-12,sc-domain:fermatmind.com,web,page,https://fermatmind.com/en/career/jobs/psychiatric-technicians,0,17,0.0,8.41,292,1000,NOT_AVAILABLE_IN_UI_EXPORT,Single-dimension GSC UI export; rows cannot be joined across dimensions; top-row and UI cap limitations apply.
VERIFIED_GSC_UI_SINGLE_DIMENSION,prev28,2026-06-15,2026-07-12,sc-domain:fermatmind.com,web,page,https://fermatmind.com/en/career/jobs/solar-photovoltaic-installers,0,17,0.0,8.59,293,1000,NOT_AVAILABLE_IN_UI_EXPORT,Single-dimension GSC UI export; rows cannot be joined across dimensions; top-row and UI cap limitations apply.
VERIFIED_GSC_UI_SINGLE_DIMENSION,prev28,2026-06-15,2026-07-12,sc-domain:fermatmind.com,web,page,https://fermatmind.com/zh/career/jobs/ushers-lobby-attendants-and-ticket-takers,0,17,0.0,8.76,294,1000,NOT_AVAILABLE_IN_UI_EXPORT,Single-dimension GSC UI export; rows cannot be joined across dimensions; top-row and UI cap limitations apply.
VERIFIED_GSC_UI_SINGLE_DIMENSION,prev28,2026-06-15,2026-07-12,sc-domain:fermatmind.com,web,page,https://fermatmind.com/en/career/jobs/environmental-scientists-and-specialists-including-health,0,17,0.0,8.88,295,1000,NOT_AVAILABLE_IN_UI_EXPORT,Single-dimension GSC UI export; rows cannot be joined across dimensions; top-row and UI cap limitations apply.
VERIFIED_GSC_UI_SINGLE_DIMENSION,prev28,2026-06-15,2026-07-12,sc-domain:fermatmind.com,web,page,https://fermatmind.com/zh/career/jobs/material-recording-clerks,0,17,0.0,9.76,296,1000,NOT_AVAILABLE_IN_UI_EXPORT,Single-dimension GSC UI export; rows cannot be joined across dimensions; top-row and UI cap limitations apply.
VERIFIED_GSC_UI_SINGLE_DIMENSION,prev28,2026-06-15,2026-07-12,sc-domain:fermatmind.com,web,page,https://fermatmind.com/zh/career/recommendations,0,17,0.0,11.0,297,1000,NOT_AVAILABLE_IN_UI_EXPORT,Single-dimension GSC UI export; rows cannot be joined across dimensions; top-row and UI cap limitations apply.
VERIFIED_GSC_UI_SINGLE_DIMENSION,prev28,2026-06-15,2026-07-12,sc-domain:fermatmind.com,web,page,https://fermatmind.com/zh/career/jobs/agricultural-workers,0,17,0.0,11.41,298,1000,NOT_AVAILABLE_IN_UI_EXPORT,Single-dimension GSC UI export; rows cannot be joined across dimensions; top-row and UI cap limitations apply.
VERIFIED_GSC_UI_SINGLE_DIMENSION,prev28,2026-06-15,2026-07-12,sc-domain:fermatmind.com,web,page,https://fermatmind.com/en/career/jobs/operating-engineers-and-other-construction-equipment-operators,0,17,0.0,12.24,299,1000,NOT_AVAILABLE_IN_UI_EXPORT,Single-dimension GSC UI export; rows cannot be joined across dimensions; top-row and UI cap limitations apply.
VERIFIED_GSC_UI_SINGLE_DIMENSION,prev28,2026-06-15,2026-07-12,sc-domain:fermatmind.com,web,page,https://fermatmind.com/en/career/jobs/carpenters,0,17,0.0,49.06,300,1000,NOT_AVAILABLE_IN_UI_EXPORT,Single-dimension GSC UI export; rows cannot be joined across dimensions; top-row and UI cap limitations apply.
VERIFIED_GSC_UI_SINGLE_DIMENSION,prev28,2026-06-15,2026-07-12,sc-domain:fermatmind.com,web,page,https://fermatmind.com/en/item-design-notes,0,16,0.0,3.81,301,1000,NOT_AVAILABLE_IN_UI_EXPORT,Single-dimension GSC UI export; rows cannot be joined across dimensions; top-row and UI cap limitations apply.
VERIFIED_GSC_UI_SINGLE_DIMENSION,prev28,2026-06-15,2026-07-12,sc-domain:fermatmind.com,web,page,https://fermatmind.com/en/career/jobs/solar-sales-representatives-and-assessors,0,16,0.0,7.25,302,1000,NOT_AVAILABLE_IN_UI_EXPORT,Single-dimension GSC UI export; rows cannot be joined across dimensions; top-row and UI cap limitations apply.
VERIFIED_GSC_UI_SINGLE_DIMENSION,prev28,2026-06-15,2026-07-12,sc-domain:fermatmind.com,web,page,https://fermatmind.com/en/career/jobs/shuttle-drivers-and-chauffeurs,0,16,0.0,7.75,303,1000,NOT_AVAILABLE_IN_UI_EXPORT,Single-dimension GSC UI export; rows cannot be joined across dimensions; top-row and UI cap limitations apply.
VERIFIED_GSC_UI_SINGLE_DIMENSION,prev28,2026-06-15,2026-07-12,sc-domain:fermatmind.com,web,page,https://fermatmind.com/zh/career/jobs/laundry-and-dry-cleaning-workers,0,16,0.0,9.19,304,1000,NOT_AVAILABLE_IN_UI_EXPORT,Single-dimension GSC UI export; rows cannot be joined across dimensions; top-row and UI cap limitations apply.
VERIFIED_GSC_UI_SINGLE_DIMENSION,prev28,2026-06-15,2026-07-12,sc-domain:fermatmind.com,web,page,https://fermatmind.com/en/career/jobs/buyers-and-purchasing-agents-farm-products,0,16,0.0,9.44,305,1000,NOT_AVAILABLE_IN_UI_EXPORT,Single-dimension GSC UI export; rows cannot be joined across dimensions; top-row and UI cap limitations apply.
VERIFIED_GSC_UI_SINGLE_DIMENSION,prev28,2026-06-15,2026-07-12,sc-domain:fermatmind.com,web,page,https://fermatmind.com/zh/career/jobs/rock-splitters-quarry,0,16,0.0,10.69,306,1000,NOT_AVAILABLE_IN_UI_EXPORT,Single-dimension GSC UI export; rows cannot be joined across dimensions; top-row and UI cap limitations apply.
VERIFIED_GSC_UI_SINGLE_DIMENSION,prev28,2026-06-15,2026-07-12,sc-domain:fermatmind.com,web,page,https://fermatmind.com/en/career/jobs/customs-brokers,0,16,0.0,11.12,307,1000,NOT_AVAILABLE_IN_UI_EXPORT,Single-dimension GSC UI export; rows cannot be joined across dimensions; top-row and UI cap limitations apply.
VERIFIED_GSC_UI_SINGLE_DIMENSION,prev28,2026-06-15,2026-07-12,sc-domain:fermatmind.com,web,page,https://fermatmind.com/en/career/jobs/real-estate-brokers-and-sales-agents,0,16,0.0,12.62,308,1000,NOT_AVAILABLE_IN_UI_EXPORT,Single-dimension GSC UI export; rows cannot be joined across dimensions; top-row and UI cap limitations apply.
VERIFIED_GSC_UI_SINGLE_DIMENSION,prev28,2026-06-15,2026-07-12,sc-domain:fermatmind.com,web,page,https://fermatmind.com/zh/career/jobs/surgical-technologists,0,16,0.0,17.62,309,1000,NOT_AVAILABLE_IN_UI_EXPORT,Single-dimension GSC UI export; rows cannot be joined across dimensions; top-row and UI cap limitations apply.
VERIFIED_GSC_UI_SINGLE_DIMENSION,prev28,2026-06-15,2026-07-12,sc-domain:fermatmind.com,web,page,https://fermatmind.com/en/career/jobs/signal-and-track-switch-repairers,0,16,0.0,28.81,310,1000,NOT_AVAILABLE_IN_UI_EXPORT,Single-dimension GSC UI export; rows cannot be joined across dimensions; top-row and UI cap limitations apply.
VERIFIED_GSC_UI_SINGLE_DIMENSION,prev28,2026-06-15,2026-07-12,sc-domain:fermatmind.com,web,page,https://fermatmind.com/en/career/jobs/fiberglass-laminators-and-fabricators,0,15,0.0,4.53,311,1000,NOT_AVAILABLE_IN_UI_EXPORT,Single-dimension GSC UI export; rows cannot be joined across dimensions; top-row and UI cap limitations apply.
VERIFIED_GSC_UI_SINGLE_DIMENSION,prev28,2026-06-15,2026-07-12,sc-domain:fermatmind.com,web,page,https://fermatmind.com/zh/career/jobs/compensation-and-benefits-managers,0,15,0.0,5.13,312,1000,NOT_AVAILABLE_IN_UI_EXPORT,Single-dimension GSC UI export; rows cannot be joined across dimensions; top-row and UI cap limitations apply.
VERIFIED_GSC_UI_SINGLE_DIMENSION,prev28,2026-06-15,2026-07-12,sc-domain:fermatmind.com,web,page,https://fermatmind.com/zh/career/jobs/highway-maintenance-workers,0,15,0.0,5.47,313,1000,NOT_AVAILABLE_IN_UI_EXPORT,Single-dimension GSC UI export; rows cannot be joined across dimensions; top-row and UI cap limitations apply.
VERIFIED_GSC_UI_SINGLE_DIMENSION,prev28,2026-06-15,2026-07-12,sc-domain:fermatmind.com,web,page,https://fermatmind.com/en/career/jobs/fire-prevention-and-protection-engineers,0,15,0.0,5.93,314,1000,NOT_AVAILABLE_IN_UI_EXPORT,Single-dimension GSC UI export; rows cannot be joined across dimensions; top-row and UI cap limitations apply.
VERIFIED_GSC_UI_SINGLE_DIMENSION,prev28,2026-06-15,2026-07-12,sc-domain:fermatmind.com,web,page,https://fermatmind.com/en/career/jobs/substitute-teachers-short-term,0,15,0.0,6.07,315,1000,NOT_AVAILABLE_IN_UI_EXPORT,Single-dimension GSC UI export; rows cannot be joined across dimensions; top-row and UI cap limitations apply.
VERIFIED_GSC_UI_SINGLE_DIMENSION,prev28,2026-06-15,2026-07-12,sc-domain:fermatmind.com,web,page,https://fermatmind.com/en/career/jobs/nanotechnology-engineering-technologists-and-technicians,0,15,0.0,7.2,316,1000,NOT_AVAILABLE_IN_UI_EXPORT,Single-dimension GSC UI export; rows cannot be joined across dimensions; top-row and UI cap limitations apply.
VERIFIED_GSC_UI_SINGLE_DIMENSION,prev28,2026-06-15,2026-07-12,sc-domain:fermatmind.com,web,page,https://fermatmind.com/en/career/jobs/first-line-supervisors-of-landscaping-lawn-service-and-groundskeeping-workers,0,15,0.0,7.87,317,1000,NOT_AVAILABLE_IN_UI_EXPORT,Single-dimension GSC UI export; rows cannot be joined across dimensions; top-row and UI cap limitations apply.
VERIFIED_GSC_UI_SINGLE_DIMENSION,prev28,2026-06-15,2026-07-12,sc-domain:fermatmind.com,web,page,https://fermatmind.com/en/career/jobs/biologists,0,15,0.0,8.4,318,1000,NOT_AVAILABLE_IN_UI_EXPORT,Single-dimension GSC UI export; rows cannot be joined across dimensions; top-row and UI cap limitations apply.
VERIFIED_GSC_UI_SINGLE_DIMENSION,prev28,2026-06-15,2026-07-12,sc-domain:fermatmind.com,web,page,https://fermatmind.com/zh/career/jobs/funeral-home-managers,0,15,0.0,9.6,319,1000,NOT_AVAILABLE_IN_UI_EXPORT,Single-dimension GSC UI export; rows cannot be joined across dimensions; top-row and UI cap limitations apply.
VERIFIED_GSC_UI_SINGLE_DIMENSION,prev28,2026-06-15,2026-07-12,sc-domain:fermatmind.com,web,page,https://fermatmind.com/zh/support,0,15,0.0,9.87,320,1000,NOT_AVAILABLE_IN_UI_EXPORT,Single-dimension GSC UI export; rows cannot be joined across dimensions; top-row and UI cap limitations apply.
VERIFIED_GSC_UI_SINGLE_DIMENSION,prev28,2026-06-15,2026-07-12,sc-domain:fermatmind.com,web,page,https://fermatmind.com/zh/career/jobs/security-and-fire-alarm-systems-installers,0,15,0.0,9.93,321,1000,NOT_AVAILABLE_IN_UI_EXPORT,Single-dimension GSC UI export; rows cannot be joined across dimensions; top-row and UI cap limitations apply.
VERIFIED_GSC_UI_SINGLE_DIMENSION,prev28,2026-06-15,2026-07-12,sc-domain:fermatmind.com,web,page,https://fermatmind.com/en/career/jobs/makeup-artists-theatrical-and-performance,0,15,0.0,10.07,322,1000,NOT_AVAILABLE_IN_UI_EXPORT,Single-dimension GSC UI export; rows cannot be joined across dimensions; top-row and UI cap limitations apply.
VERIFIED_GSC_UI_SINGLE_DIMENSION,prev28,2026-06-15,2026-07-12,sc-domain:fermatmind.com,web,page,https://fermatmind.com/zh/career/jobs/medical-and-clinical-laboratory-technologists,0,15,0.0,10.73,323,1000,NOT_AVAILABLE_IN_UI_EXPORT,Single-dimension GSC UI export; rows cannot be joined across dimensions; top-row and UI cap limitations apply.
VERIFIED_GSC_UI_SINGLE_DIMENSION,prev28,2026-06-15,2026-07-12,sc-domain:fermatmind.com,web,page,https://fermatmind.com/zh/career/jobs/counter-and-rental-clerks,0,15,0.0,13.73,324,1000,NOT_AVAILABLE_IN_UI_EXPORT,Single-dimension GSC UI export; rows cannot be joined across dimensions; top-row and UI cap limitations apply.
VERIFIED_GSC_UI_SINGLE_DIMENSION,prev28,2026-06-15,2026-07-12,sc-domain:fermatmind.com,web,page,https://fermatmind.com/zh/career/jobs/first-line-supervisors-of-office-and-administrative-support-workers,0,15,0.0,13.93,325,1000,NOT_AVAILABLE_IN_UI_EXPORT,Single-dimension GSC UI export; rows cannot be joined across dimensions; top-row and UI cap limitations apply.
VERIFIED_GSC_UI_SINGLE_DIMENSION,prev28,2026-06-15,2026-07-12,sc-domain:fermatmind.com,web,page,https://fermatmind.com/zh/career/jobs/judges-magistrate-judges-and-magistrates,0,15,0.0,14.27,326,1000,NOT_AVAILABLE_IN_UI_EXPORT,Single-dimension GSC UI export; rows cannot be joined across dimensions; top-row and UI cap limitations apply.
VERIFIED_GSC_UI_SINGLE_DIMENSION,prev28,2026-06-15,2026-07-12,sc-domain:fermatmind.com,web,page,https://fermatmind.com/en/career/jobs/aircraft-structure-surfaces-rigging-and-systems-assemblers,0,15,0.0,14.67,327,1000,NOT_AVAILABLE_IN_UI_EXPORT,Single-dimension GSC UI export; rows cannot be joined across dimensions; top-row and UI cap limitations apply.
VERIFIED_GSC_UI_SINGLE_DIMENSION,prev28,2026-06-15,2026-07-12,sc-domain:fermatmind.com,web,page,https://fermatmind.com/zh/career/jobs/judges-and-hearing-officers,0,15,0.0,15.4,328,1000,NOT_AVAILABLE_IN_UI_EXPORT,Single-dimension GSC UI export; rows cannot be joined across dimensions; top-row and UI cap limitations apply.
VERIFIED_GSC_UI_SINGLE_DIMENSION,prev28,2026-06-15,2026-07-12,sc-domain:fermatmind.com,web,page,https://fermatmind.com/en/career/jobs/nuclear-engineers,0,15,0.0,16.33,329,1000,NOT_AVAILABLE_IN_UI_EXPORT,Single-dimension GSC UI export; rows cannot be joined across dimensions; top-row and UI cap limitations apply.
VERIFIED_GSC_UI_SINGLE_DIMENSION,prev28,2026-06-15,2026-07-12,sc-domain:fermatmind.com,web,page,https://fermatmind.com/en/tests/enneagram-personality-test-nine-types,0,15,0.0,21.0,330,1000,NOT_AVAILABLE_IN_UI_EXPORT,Single-dimension GSC UI export; rows cannot be joined across dimensions; top-row and UI cap limitations apply.
VERIFIED_GSC_UI_SINGLE_DIMENSION,prev28,2026-06-15,2026-07-12,sc-domain:fermatmind.com,web,page,https://fermatmind.com/en/career/jobs/search-marketing-strategists,0,14,0.0,7.93,331,1000,NOT_AVAILABLE_IN_UI_EXPORT,Single-dimension GSC UI export; rows cannot be joined across dimensions; top-row and UI cap limitations apply.
VERIFIED_GSC_UI_SINGLE_DIMENSION,prev28,2026-06-15,2026-07-12,sc-domain:fermatmind.com,web,page,https://fermatmind.com/zh/career/jobs/physics-teachers-postsecondary,0,14,0.0,8.0,332,1000,NOT_AVAILABLE_IN_UI_EXPORT,Single-dimension GSC UI export; rows cannot be joined across dimensions; top-row and UI cap limitations apply.
VERIFIED_GSC_UI_SINGLE_DIMENSION,prev28,2026-06-15,2026-07-12,sc-domain:fermatmind.com,web,page,https://fermatmind.com/en/articles/mbti-full-report-career-relationship-communication,0,14,0.0,9.57,333,1000,NOT_AVAILABLE_IN_UI_EXPORT,Single-dimension GSC UI export; rows cannot be joined across dimensions; top-row and UI cap limitations apply.
VERIFIED_GSC_UI_SINGLE_DIMENSION,prev28,2026-06-15,2026-07-12,sc-domain:fermatmind.com,web,page,https://fermatmind.com/zh/career/jobs/electrical-and-electronics-engineers,0,14,0.0,10.71,334,1000,NOT_AVAILABLE_IN_UI_EXPORT,Single-dimension GSC UI export; rows cannot be joined across dimensions; top-row and UI cap limitations apply.
VERIFIED_GSC_UI_SINGLE_DIMENSION,prev28,2026-06-15,2026-07-12,sc-domain:fermatmind.com,web,page,https://fermatmind.com/zh/personality/big-five/agreeableness-low,0,14,0.0,10.79,335,1000,NOT_AVAILABLE_IN_UI_EXPORT,Single-dimension GSC UI export; rows cannot be joined across dimensions; top-row and UI cap limitations apply.
VERIFIED_GSC_UI_SINGLE_DIMENSION,prev28,2026-06-15,2026-07-12,sc-domain:fermatmind.com,web,page,https://fermatmind.com/zh/career/jobs/orthopedic-surgeons-except-pediatric,0,14,0.0,10.86,336,1000,NOT_AVAILABLE_IN_UI_EXPORT,Single-dimension GSC UI export; rows cannot be joined across dimensions; top-row and UI cap limitations apply.
VERIFIED_GSC_UI_SINGLE_DIMENSION,prev28,2026-06-15,2026-07-12,sc-domain:fermatmind.com,web,page,https://fermatmind.com/zh/career/jobs/fraud-examiners-investigators-and-analysts,0,14,0.0,12.86,337,1000,NOT_AVAILABLE_IN_UI_EXPORT,Single-dimension GSC UI export; rows cannot be joined across dimensions; top-row and UI cap limitations apply.
VERIFIED_GSC_UI_SINGLE_DIMENSION,prev28,2026-06-15,2026-07-12,sc-domain:fermatmind.com,web,page,https://fermatmind.com/zh/career/jobs/insulation-workers-mechanical,0,14,0.0,12.93,338,1000,NOT_AVAILABLE_IN_UI_EXPORT,Single-dimension GSC UI export; rows cannot be joined across dimensions; top-row and UI cap limitations apply.
VERIFIED_GSC_UI_SINGLE_DIMENSION,prev28,2026-06-15,2026-07-12,sc-domain:fermatmind.com,web,page,https://fermatmind.com/zh/policies,0,14,0.0,13.36,339,1000,NOT_AVAILABLE_IN_UI_EXPORT,Single-dimension GSC UI export; rows cannot be joined across dimensions; top-row and UI cap limitations apply.
VERIFIED_GSC_UI_SINGLE_DIMENSION,prev28,2026-06-15,2026-07-12,sc-domain:fermatmind.com,web,page,https://fermatmind.com/zh/career/jobs/spa-managers,0,14,0.0,15.79,340,1000,NOT_AVAILABLE_IN_UI_EXPORT,Single-dimension GSC UI export; rows cannot be joined across dimensions; top-row and UI cap limitations apply.
VERIFIED_GSC_UI_SINGLE_DIMENSION,prev28,2026-06-15,2026-07-12,sc-domain:fermatmind.com,web,page,https://fermatmind.com/zh/career/jobs/appraisers-of-personal-and-business-property,0,14,0.0,16.36,341,1000,NOT_AVAILABLE_IN_UI_EXPORT,Single-dimension GSC UI export; rows cannot be joined across dimensions; top-row and UI cap limitations apply.
VERIFIED_GSC_UI_SINGLE_DIMENSION,prev28,2026-06-15,2026-07-12,sc-domain:fermatmind.com,web,page,https://fermatmind.com/en/career/jobs/fraud-examiners-investigators-and-analysts,0,14,0.0,17.36,342,1000,NOT_AVAILABLE_IN_UI_EXPORT,Single-dimension GSC UI export; rows cannot be joined across dimensions; top-row and UI cap limitations apply.
VERIFIED_GSC_UI_SINGLE_DIMENSION,prev28,2026-06-15,2026-07-12,sc-domain:fermatmind.com,web,page,https://fermatmind.com/en/personality/isfp-a,0,14,0.0,17.43,343,1000,NOT_AVAILABLE_IN_UI_EXPORT,Single-dimension GSC UI export; rows cannot be joined across dimensions; top-row and UI cap limitations apply.
VERIFIED_GSC_UI_SINGLE_DIMENSION,prev28,2026-06-15,2026-07-12,sc-domain:fermatmind.com,web,page,https://fermatmind.com/en/career/jobs/computer-automated-teller-and-office-machine-repairers,0,13,0.0,5.77,344,1000,NOT_AVAILABLE_IN_UI_EXPORT,Single-dimension GSC UI export; rows cannot be joined across dimensions; top-row and UI cap limitations apply.
VERIFIED_GSC_UI_SINGLE_DIMENSION,prev28,2026-06-15,2026-07-12,sc-domain:fermatmind.com,web,page,https://fermatmind.com/en/career/jobs/roustabouts-oil-and-gas,0,13,0.0,6.77,345,1000,NOT_AVAILABLE_IN_UI_EXPORT,Single-dimension GSC UI export; rows cannot be joined across dimensions; top-row and UI cap limitations apply.
VERIFIED_GSC_UI_SINGLE_DIMENSION,prev28,2026-06-15,2026-07-12,sc-domain:fermatmind.com,web,page,https://fermatmind.com/en/tests/big-five-personality-test-ocean-model,0,13,0.0,7.38,346,1000,NOT_AVAILABLE_IN_UI_EXPORT,Single-dimension GSC UI export; rows cannot be joined across dimensions; top-row and UI cap limitations apply.
VERIFIED_GSC_UI_SINGLE_DIMENSION,prev28,2026-06-15,2026-07-12,sc-domain:fermatmind.com,web,page,https://fermatmind.com/zh/career/jobs/postal-service-clerks,0,13,0.0,7.46,347,1000,NOT_AVAILABLE_IN_UI_EXPORT,Single-dimension GSC UI export; rows cannot be joined across dimensions; top-row and UI cap limitations apply.
VERIFIED_GSC_UI_SINGLE_DIMENSION,prev28,2026-06-15,2026-07-12,sc-domain:fermatmind.com,web,page,https://fermatmind.com/zh/career/guides/how-to-choose-college-major,0,13,0.0,7.54,348,1000,NOT_AVAILABLE_IN_UI_EXPORT,Single-dimension GSC UI export; rows cannot be joined across dimensions; top-row and UI cap limitations apply.
VERIFIED_GSC_UI_SINGLE_DIMENSION,prev28,2026-06-15,2026-07-12,sc-domain:fermatmind.com,web,page,https://fermatmind.com/zh/career/jobs/health-information-technologists-and-medical-registrars,0,13,0.0,7.85,349,1000,NOT_AVAILABLE_IN_UI_EXPORT,Single-dimension GSC UI export; rows cannot be joined across dimensions; top-row and UI cap limitations apply.
VERIFIED_GSC_UI_SINGLE_DIMENSION,prev28,2026-06-15,2026-07-12,sc-domain:fermatmind.com,web,page,https://fermatmind.com/zh/career/jobs/electro-mechanical-technicians,0,13,0.0,8.23,350,1000,NOT_AVAILABLE_IN_UI_EXPORT,Single-dimension GSC UI export; rows cannot be joined across dimensions; top-row and UI cap limitations apply.
VERIFIED_GSC_UI_SINGLE_DIMENSION,prev28,2026-06-15,2026-07-12,sc-domain:fermatmind.com,web,page,https://fermatmind.com/en/career/jobs/purchasing-managers,0,13,0.0,8.69,351,1000,NOT_AVAILABLE_IN_UI_EXPORT,Single-dimension GSC UI export; rows cannot be joined across dimensions; top-row and UI cap limitations apply.
VERIFIED_GSC_UI_SINGLE_DIMENSION,prev28,2026-06-15,2026-07-12,sc-domain:fermatmind.com,web,page,https://fermatmind.com/en/career/jobs/helpers-pipelayers-plumbers-pipefitters-and-steamfitters,0,13,0.0,10.92,352,1000,NOT_AVAILABLE_IN_UI_EXPORT,Single-dimension GSC UI export; rows cannot be joined across dimensions; top-row and UI cap limitations apply.
VERIFIED_GSC_UI_SINGLE_DIMENSION,prev28,2026-06-15,2026-07-12,sc-domain:fermatmind.com,web,page,https://fermatmind.com/en/articles/major-category-program-tracking-riasec-choice-checklist,0,13,0.0,11.92,353,1000,NOT_AVAILABLE_IN_UI_EXPORT,Single-dimension GSC UI export; rows cannot be joined across dimensions; top-row and UI cap limitations apply.
VERIFIED_GSC_UI_SINGLE_DIMENSION,prev28,2026-06-15,2026-07-12,sc-domain:fermatmind.com,web,page,https://fermatmind.com/en/career/jobs/landscaping-and-groundskeeping-workers,0,13,0.0,11.92,354,1000,NOT_AVAILABLE_IN_UI_EXPORT,Single-dimension GSC UI export; rows cannot be joined across dimensions; top-row and UI cap limitations apply.
VERIFIED_GSC_UI_SINGLE_DIMENSION,prev28,2026-06-15,2026-07-12,sc-domain:fermatmind.com,web,page,https://fermatmind.com/zh/career/jobs/administrative-law-judges-adjudicators-and-hearing-officers,0,13,0.0,12.92,355,1000,NOT_AVAILABLE_IN_UI_EXPORT,Single-dimension GSC UI export; rows cannot be joined across dimensions; top-row and UI cap limitations apply.
VERIFIED_GSC_UI_SINGLE_DIMENSION,prev28,2026-06-15,2026-07-12,sc-domain:fermatmind.com,web,page,https://fermatmind.com/zh/career/jobs/acupuncturists,0,13,0.0,15.46,356,1000,NOT_AVAILABLE_IN_UI_EXPORT,Single-dimension GSC UI export; rows cannot be joined across dimensions; top-row and UI cap limitations apply.
VERIFIED_GSC_UI_SINGLE_DIMENSION,prev28,2026-06-15,2026-07-12,sc-domain:fermatmind.com,web,page,https://fermatmind.com/zh/career/jobs/psychology-teachers-postsecondary,0,12,0.0,4.58,357,1000,NOT_AVAILABLE_IN_UI_EXPORT,Single-dimension GSC UI export; rows cannot be joined across dimensions; top-row and UI cap limitations apply.
VERIFIED_GSC_UI_SINGLE_DIMENSION,prev28,2026-06-15,2026-07-12,sc-domain:fermatmind.com,web,page,https://fermatmind.com/en/career/jobs/archivists,0,12,0.0,6.5,358,1000,NOT_AVAILABLE_IN_UI_EXPORT,Single-dimension GSC UI export; rows cannot be joined across dimensions; top-row and UI cap limitations apply.
VERIFIED_GSC_UI_SINGLE_DIMENSION,prev28,2026-06-15,2026-07-12,sc-domain:fermatmind.com,web,page,https://fermatmind.com/en/career/jobs/regulatory-affairs-specialists,0,12,0.0,7.5,359,1000,NOT_AVAILABLE_IN_UI_EXPORT,Single-dimension GSC UI export; rows cannot be joined across dimensions; top-row and UI cap limitations apply.
VERIFIED_GSC_UI_SINGLE_DIMENSION,prev28,2026-06-15,2026-07-12,sc-domain:fermatmind.com,web,page,https://fermatmind.com/en/career/jobs/nurse-anesthetists,0,12,0.0,8.17,360,1000,NOT_AVAILABLE_IN_UI_EXPORT,Single-dimension GSC UI export; rows cannot be joined across dimensions; top-row and UI cap limitations apply.
VERIFIED_GSC_UI_SINGLE_DIMENSION,prev28,2026-06-15,2026-07-12,sc-domain:fermatmind.com,web,page,https://fermatmind.com/en/career/jobs/intelligence-analysts,0,12,0.0,8.42,361,1000,NOT_AVAILABLE_IN_UI_EXPORT,Single-dimension GSC UI export; rows cannot be joined across dimensions; top-row and UI cap limitations apply.
VERIFIED_GSC_UI_SINGLE_DIMENSION,prev28,2026-06-15,2026-07-12,sc-domain:fermatmind.com,web,page,https://fermatmind.com/zh/career/jobs/gaming-services-occupations,0,12,0.0,8.42,362,1000,NOT_AVAILABLE_IN_UI_EXPORT,Single-dimension GSC UI export; rows cannot be joined across dimensions; top-row and UI cap limitations apply.
VERIFIED_GSC_UI_SINGLE_DIMENSION,prev28,2026-06-15,2026-07-12,sc-domain:fermatmind.com,web,page,https://fermatmind.com/zh/career/jobs/neurologists,0,12,0.0,9.08,363,1000,NOT_AVAILABLE_IN_UI_EXPORT,Single-dimension GSC UI export; rows cannot be joined across dimensions; top-row and UI cap limitations apply.
VERIFIED_GSC_UI_SINGLE_DIMENSION,prev28,2026-06-15,2026-07-12,sc-domain:fermatmind.com,web,page,https://fermatmind.com/en/career/jobs/septic-tank-servicers-and-sewer-pipe-cleaners,0,12,0.0,9.5,364,1000,NOT_AVAILABLE_IN_UI_EXPORT,Single-dimension GSC UI export; rows cannot be joined across dimensions; top-row and UI cap limitations apply.
VERIFIED_GSC_UI_SINGLE_DIMENSION,prev28,2026-06-15,2026-07-12,sc-domain:fermatmind.com,web,page,https://fermatmind.com/zh/career/jobs/log-graders-and-scalers,0,12,0.0,11.0,365,1000,NOT_AVAILABLE_IN_UI_EXPORT,Single-dimension GSC UI export; rows cannot be joined across dimensions; top-row and UI cap limitations apply.
VERIFIED_GSC_UI_SINGLE_DIMENSION,prev28,2026-06-15,2026-07-12,sc-domain:fermatmind.com,web,page,https://fermatmind.com/en/career/jobs/marine-engineers-and-naval-architects,0,12,0.0,13.75,366,1000,NOT_AVAILABLE_IN_UI_EXPORT,Single-dimension GSC UI export; rows cannot be joined across dimensions; top-row and UI cap limitations apply.
VERIFIED_GSC_UI_SINGLE_DIMENSION,prev28,2026-06-15,2026-07-12,sc-domain:fermatmind.com,web,page,https://fermatmind.com/en/career/jobs/cooling-and-freezing-equipment-operators-and-tenders,0,12,0.0,13.83,367,1000,NOT_AVAILABLE_IN_UI_EXPORT,Single-dimension GSC UI export; rows cannot be joined across dimensions; top-row and UI cap limitations apply.
VERIFIED_GSC_UI_SINGLE_DIMENSION,prev28,2026-06-15,2026-07-12,sc-domain:fermatmind.com,web,page,https://fermatmind.com/zh/reliability-validity,0,12,0.0,16.75,368,1000,NOT_AVAILABLE_IN_UI_EXPORT,Single-dimension GSC UI export; rows cannot be joined across dimensions; top-row and UI cap limitations apply.
VERIFIED_GSC_UI_SINGLE_DIMENSION,prev28,2026-06-15,2026-07-12,sc-domain:fermatmind.com,web,page,https://fermatmind.com/zh/career/jobs/interviewers-except-eligibility-and-loan,0,12,0.0,18.33,369,1000,NOT_AVAILABLE_IN_UI_EXPORT,Single-dimension GSC UI export; rows cannot be joined across dimensions; top-row and UI cap limitations apply.
VERIFIED_GSC_UI_SINGLE_DIMENSION,prev28,2026-06-15,2026-07-12,sc-domain:fermatmind.com,web,page,https://fermatmind.com/en/career/jobs/special-forces,0,12,0.0,20.5,370,1000,NOT_AVAILABLE_IN_UI_EXPORT,Single-dimension GSC UI export; rows cannot be joined across dimensions; top-row and UI cap limitations apply.
VERIFIED_GSC_UI_SINGLE_DIMENSION,prev28,2026-06-15,2026-07-12,sc-domain:fermatmind.com,web,page,https://fermatmind.com/en/career/jobs/occupational-health-and-safety-technicians,0,11,0.0,6.91,371,1000,NOT_AVAILABLE_IN_UI_EXPORT,Single-dimension GSC UI export; rows cannot be joined across dimensions; top-row and UI cap limitations apply.
VERIFIED_GSC_UI_SINGLE_DIMENSION,prev28,2026-06-15,2026-07-12,sc-domain:fermatmind.com,web,page,https://fermatmind.com/zh/articles/mbti-growth-guide,0,11,0.0,8.27,372,1000,NOT_AVAILABLE_IN_UI_EXPORT,Single-dimension GSC UI export; rows cannot be joined across dimensions; top-row and UI cap limitations apply.
VERIFIED_GSC_UI_SINGLE_DIMENSION,prev28,2026-06-15,2026-07-12,sc-domain:fermatmind.com,web,page,https://fermatmind.com/en/career/jobs/molecular-and-cellular-biologists,0,11,0.0,8.36,373,1000,NOT_AVAILABLE_IN_UI_EXPORT,Single-dimension GSC UI export; rows cannot be joined across dimensions; top-row and UI cap limitations apply.
VERIFIED_GSC_UI_SINGLE_DIMENSION,prev28,2026-06-15,2026-07-12,sc-domain:fermatmind.com,web,page,https://fermatmind.com/zh/career/jobs/helpers-pipelayers-plumbers-pipefitters-and-steamfitters,0,11,0.0,8.82,374,1000,NOT_AVAILABLE_IN_UI_EXPORT,Single-dimension GSC UI export; rows cannot be joined across dimensions; top-row and UI cap limitations apply.
VERIFIED_GSC_UI_SINGLE_DIMENSION,prev28,2026-06-15,2026-07-12,sc-domain:fermatmind.com,web,page,https://fermatmind.com/en/career/jobs/heat-treating-equipment-setters-operators-and-tenders-metal-and-plastic,0,11,0.0,9.55,375,1000,NOT_AVAILABLE_IN_UI_EXPORT,Single-dimension GSC UI export; rows cannot be joined across dimensions; top-row and UI cap limitations apply.
VERIFIED_GSC_UI_SINGLE_DIMENSION,prev28,2026-06-15,2026-07-12,sc-domain:fermatmind.com,web,page,https://fermatmind.com/zh/career/jobs/cartographers-and-photogrammetrists,0,11,0.0,9.55,376,1000,NOT_AVAILABLE_IN_UI_EXPORT,Single-dimension GSC UI export; rows cannot be joined across dimensions; top-row and UI cap limitations apply.
VERIFIED_GSC_UI_SINGLE_DIMENSION,prev28,2026-06-15,2026-07-12,sc-domain:fermatmind.com,web,page,https://fermatmind.com/zh/career/jobs/computer-programmers,0,11,0.0,9.55,377,1000,NOT_AVAILABLE_IN_UI_EXPORT,Single-dimension GSC UI export; rows cannot be joined across dimensions; top-row and UI cap limitations apply.
VERIFIED_GSC_UI_SINGLE_DIMENSION,prev28,2026-06-15,2026-07-12,sc-domain:fermatmind.com,web,page,https://fermatmind.com/zh/career/jobs/architecture-teachers-postsecondary,0,11,0.0,9.73,378,1000,NOT_AVAILABLE_IN_UI_EXPORT,Single-dimension GSC UI export; rows cannot be joined across dimensions; top-row and UI cap limitations apply.
VERIFIED_GSC_UI_SINGLE_DIMENSION,prev28,2026-06-15,2026-07-12,sc-domain:fermatmind.com,web,page,https://fermatmind.com/en/career/jobs/paving-surfacing-and-tamping-equipment-operators,0,11,0.0,9.82,379,1000,NOT_AVAILABLE_IN_UI_EXPORT,Single-dimension GSC UI export; rows cannot be joined across dimensions; top-row and UI cap limitations apply.
VERIFIED_GSC_UI_SINGLE_DIMENSION,prev28,2026-06-15,2026-07-12,sc-domain:fermatmind.com,web,page,https://fermatmind.com/zh/career/jobs/loan-officers,0,11,0.0,9.82,380,1000,NOT_AVAILABLE_IN_UI_EXPORT,Single-dimension GSC UI export; rows cannot be joined across dimensions; top-row and UI cap limitations apply.
VERIFIED_GSC_UI_SINGLE_DIMENSION,prev28,2026-06-15,2026-07-12,sc-domain:fermatmind.com,web,page,https://fermatmind.com/en/career/jobs/education-administrators-kindergarten-through-secondary,0,11,0.0,9.91,381,1000,NOT_AVAILABLE_IN_UI_EXPORT,Single-dimension GSC UI export; rows cannot be joined across dimensions; top-row and UI cap limitations apply.
VERIFIED_GSC_UI_SINGLE_DIMENSION,prev28,2026-06-15,2026-07-12,sc-domain:fermatmind.com,web,page,https://fermatmind.com/en/career/jobs/anthropology-and-archeology-teachers-postsecondary,0,11,0.0,10.09,382,1000,NOT_AVAILABLE_IN_UI_EXPORT,Single-dimension GSC UI export; rows cannot be joined across dimensions; top-row and UI cap limitations apply.
VERIFIED_GSC_UI_SINGLE_DIMENSION,prev28,2026-06-15,2026-07-12,sc-domain:fermatmind.com,web,page,https://fermatmind.com/zh/career/jobs/social-workers,0,11,0.0,10.82,383,1000,NOT_AVAILABLE_IN_UI_EXPORT,Single-dimension GSC UI export; rows cannot be joined across dimensions; top-row and UI cap limitations apply.
VERIFIED_GSC_UI_SINGLE_DIMENSION,prev28,2026-06-15,2026-07-12,sc-domain:fermatmind.com,web,page,https://fermatmind.com/en/career/jobs/subway-and-streetcar-operators,0,11,0.0,11.73,384,1000,NOT_AVAILABLE_IN_UI_EXPORT,Single-dimension GSC UI export; rows cannot be joined across dimensions; top-row and UI cap limitations apply.
VERIFIED_GSC_UI_SINGLE_DIMENSION,prev28,2026-06-15,2026-07-12,sc-domain:fermatmind.com,web,page,https://fermatmind.com/en/career/jobs/patient-representatives,0,11,0.0,12.82,385,1000,NOT_AVAILABLE_IN_UI_EXPORT,Single-dimension GSC UI export; rows cannot be joined across dimensions; top-row and UI cap limitations apply.
VERIFIED_GSC_UI_SINGLE_DIMENSION,prev28,2026-06-15,2026-07-12,sc-domain:fermatmind.com,web,page,https://fermatmind.com/zh/career/jobs/first-line-supervisors-of-security-workers,0,11,0.0,15.0,386,1000,NOT_AVAILABLE_IN_UI_EXPORT,Single-dimension GSC UI export; rows cannot be joined across dimensions; top-row and UI cap limitations apply.
VERIFIED_GSC_UI_SINGLE_DIMENSION,prev28,2026-06-15,2026-07-12,sc-domain:fermatmind.com,web,page,https://fermatmind.com/zh/career/jobs/transportation-planners,0,11,0.0,16.45,387,1000,NOT_AVAILABLE_IN_UI_EXPORT,Single-dimension GSC UI export; rows cannot be joined across dimensions; top-row and UI cap limitations apply.
VERIFIED_GSC_UI_SINGLE_DIMENSION,prev28,2026-06-15,2026-07-12,sc-domain:fermatmind.com,web,page,https://fermatmind.com/zh/career/jobs/special-education-teachers,0,11,0.0,18.09,388,1000,NOT_AVAILABLE_IN_UI_EXPORT,Single-dimension GSC UI export; rows cannot be joined across dimensions; top-row and UI cap limitations apply.
VERIFIED_GSC_UI_SINGLE_DIMENSION,prev28,2026-06-15,2026-07-12,sc-domain:fermatmind.com,web,page,https://fermatmind.com/zh/career/jobs/title-examiners-abstractors-and-searchers,0,11,0.0,18.55,389,1000,NOT_AVAILABLE_IN_UI_EXPORT,Single-dimension GSC UI export; rows cannot be joined across dimensions; top-row and UI cap limitations apply.
VERIFIED_GSC_UI_SINGLE_DIMENSION,prev28,2026-06-15,2026-07-12,sc-domain:fermatmind.com,web,page,https://fermatmind.com/zh/career/jobs/skincare-specialists,0,11,0.0,19.73,390,1000,NOT_AVAILABLE_IN_UI_EXPORT,Single-dimension GSC UI export; rows cannot be joined across dimensions; top-row and UI cap limitations apply.
VERIFIED_GSC_UI_SINGLE_DIMENSION,prev28,2026-06-15,2026-07-12,sc-domain:fermatmind.com,web,page,https://fermatmind.com/zh/career/jobs/library-technicians,0,11,0.0,22.09,391,1000,NOT_AVAILABLE_IN_UI_EXPORT,Single-dimension GSC UI export; rows cannot be joined across dimensions; top-row and UI cap limitations apply.
VERIFIED_GSC_UI_SINGLE_DIMENSION,prev28,2026-06-15,2026-07-12,sc-domain:fermatmind.com,web,page,https://fermatmind.com/en/career/jobs/spa-managers,0,11,0.0,25.27,392,1000,NOT_AVAILABLE_IN_UI_EXPORT,Single-dimension GSC UI export; rows cannot be joined across dimensions; top-row and UI cap limitations apply.
VERIFIED_GSC_UI_SINGLE_DIMENSION,prev28,2026-06-15,2026-07-12,sc-domain:fermatmind.com,web,page,https://fermatmind.com/en/career/jobs/ushers-lobby-attendants-and-ticket-takers,0,10,0.0,6.3,393,1000,NOT_AVAILABLE_IN_UI_EXPORT,Single-dimension GSC UI export; rows cannot be joined across dimensions; top-row and UI cap limitations apply.
VERIFIED_GSC_UI_SINGLE_DIMENSION,prev28,2026-06-15,2026-07-12,sc-domain:fermatmind.com,web,page,https://fermatmind.com/zh/career/jobs/postmasters-and-mail-superintendents,0,10,0.0,6.3,394,1000,NOT_AVAILABLE_IN_UI_EXPORT,Single-dimension GSC UI export; rows cannot be joined across dimensions; top-row and UI cap limitations apply.
VERIFIED_GSC_UI_SINGLE_DIMENSION,prev28,2026-06-15,2026-07-12,sc-domain:fermatmind.com,web,page,https://fermatmind.com/en/career/jobs/inspectors-testers-sorters-samplers-and-weighers,0,10,0.0,6.7,395,1000,NOT_AVAILABLE_IN_UI_EXPORT,Single-dimension GSC UI export; rows cannot be joined across dimensions; top-row and UI cap limitations apply.
VERIFIED_GSC_UI_SINGLE_DIMENSION,prev28,2026-06-15,2026-07-12,sc-domain:fermatmind.com,web,page,https://fermatmind.com/en/career/jobs/pest-control-workers,0,10,0.0,6.7,396,1000,NOT_AVAILABLE_IN_UI_EXPORT,Single-dimension GSC UI export; rows cannot be joined across dimensions; top-row and UI cap limitations apply.
VERIFIED_GSC_UI_SINGLE_DIMENSION,prev28,2026-06-15,2026-07-12,sc-domain:fermatmind.com,web,page,https://fermatmind.com/en/career/jobs/extruding-and-drawing-machine-setters-operators-and-tenders-metal-and-plastic,0,10,0.0,7.0,397,1000,NOT_AVAILABLE_IN_UI_EXPORT,Single-dimension GSC UI export; rows cannot be joined across dimensions; top-row and UI cap limitations apply.
VERIFIED_GSC_UI_SINGLE_DIMENSION,prev28,2026-06-15,2026-07-12,sc-domain:fermatmind.com,web,page,https://fermatmind.com/en/career/jobs/first-line-supervisors-of-housekeeping-and-janitorial-workers,0,10,0.0,7.0,398,1000,NOT_AVAILABLE_IN_UI_EXPORT,Single-dimension GSC UI export; rows cannot be joined across dimensions; top-row and UI cap limitations apply.
VERIFIED_GSC_UI_SINGLE_DIMENSION,prev28,2026-06-15,2026-07-12,sc-domain:fermatmind.com,web,page,https://fermatmind.com/en/career/jobs/agricultural-engineers,0,10,0.0,7.4,399,1000,NOT_AVAILABLE_IN_UI_EXPORT,Single-dimension GSC UI export; rows cannot be joined across dimensions; top-row and UI cap limitations apply.
VERIFIED_GSC_UI_SINGLE_DIMENSION,prev28,2026-06-15,2026-07-12,sc-domain:fermatmind.com,web,page,https://fermatmind.com/en/career/jobs/power-plant-operators,0,10,0.0,7.4,400,1000,NOT_AVAILABLE_IN_UI_EXPORT,Single-dimension GSC UI export; rows cannot be joined across dimensions; top-row and UI cap limitations apply.
VERIFIED_GSC_UI_SINGLE_DIMENSION,prev28,2026-06-15,2026-07-12,sc-domain:fermatmind.com,web,page,https://fermatmind.com/zh/career/jobs/extruding-and-drawing-machine-setters-operators-and-tenders-metal-and-plastic,0,10,0.0,7.9,401,1000,NOT_AVAILABLE_IN_UI_EXPORT,Single-dimension GSC UI export; rows cannot be joined across dimensions; top-row and UI cap limitations apply.
VERIFIED_GSC_UI_SINGLE_DIMENSION,prev28,2026-06-15,2026-07-12,sc-domain:fermatmind.com,web,page,https://fermatmind.com/en/career/jobs/tour-guides-and-escorts,0,10,0.0,8.1,402,1000,NOT_AVAILABLE_IN_UI_EXPORT,Single-dimension GSC UI export; rows cannot be joined across dimensions; top-row and UI cap limitations apply.
VERIFIED_GSC_UI_SINGLE_DIMENSION,prev28,2026-06-15,2026-07-12,sc-domain:fermatmind.com,web,page,https://fermatmind.com/en/career/jobs/pourers-and-casters-metal,0,10,0.0,8.2,403,1000,NOT_AVAILABLE_IN_UI_EXPORT,Single-dimension GSC UI export; rows cannot be joined across dimensions; top-row and UI cap limitations apply.
VERIFIED_GSC_UI_SINGLE_DIMENSION,prev28,2026-06-15,2026-07-12,sc-domain:fermatmind.com,web,page,https://fermatmind.com/en/career/jobs/first-line-supervisors-of-gambling-services-workers,0,10,0.0,9.7,404,1000,NOT_AVAILABLE_IN_UI_EXPORT,Single-dimension GSC UI export; rows cannot be joined across dimensions; top-row and UI cap limitations apply.
VERIFIED_GSC_UI_SINGLE_DIMENSION,prev28,2026-06-15,2026-07-12,sc-domain:fermatmind.com,web,page,https://fermatmind.com/en/career/jobs/health-information-technologists-and-medical-registrars,0,10,0.0,10.3,405,1000,NOT_AVAILABLE_IN_UI_EXPORT,Single-dimension GSC UI export; rows cannot be joined across dimensions; top-row and UI cap limitations apply.
VERIFIED_GSC_UI_SINGLE_DIMENSION,prev28,2026-06-15,2026-07-12,sc-domain:fermatmind.com,web,page,https://fermatmind.com/en/career/jobs/agricultural-technicians,0,10,0.0,10.7,406,1000,NOT_AVAILABLE_IN_UI_EXPORT,Single-dimension GSC UI export; rows cannot be joined across dimensions; top-row and UI cap limitations apply.
VERIFIED_GSC_UI_SINGLE_DIMENSION,prev28,2026-06-15,2026-07-12,sc-domain:fermatmind.com,web,page,https://fermatmind.com/en/career/jobs/tax-preparers,0,10,0.0,10.7,407,1000,NOT_AVAILABLE_IN_UI_EXPORT,Single-dimension GSC UI export; rows cannot be joined across dimensions; top-row and UI cap limitations apply.
VERIFIED_GSC_UI_SINGLE_DIMENSION,prev28,2026-06-15,2026-07-12,sc-domain:fermatmind.com,web,page,https://fermatmind.com/zh/career/jobs/craft-and-fine-artists,0,10,0.0,10.9,408,1000,NOT_AVAILABLE_IN_UI_EXPORT,Single-dimension GSC UI export; rows cannot be joined across dimensions; top-row and UI cap limitations apply.
VERIFIED_GSC_UI_SINGLE_DIMENSION,prev28,2026-06-15,2026-07-12,sc-domain:fermatmind.com,web,page,https://fermatmind.com/zh/career/jobs/reservation-and-transportation-ticket-agents-and-travel-clerks,0,10,0.0,10.9,409,1000,NOT_AVAILABLE_IN_UI_EXPORT,Single-dimension GSC UI export; rows cannot be joined across dimensions; top-row and UI cap limitations apply.
VERIFIED_GSC_UI_SINGLE_DIMENSION,prev28,2026-06-15,2026-07-12,sc-domain:fermatmind.com,web,page,https://fermatmind.com/zh/career/jobs/special-education-teachers-middle-school,0,10,0.0,11.9,410,1000,NOT_AVAILABLE_IN_UI_EXPORT,Single-dimension GSC UI export; rows cannot be joined across dimensions; top-row and UI cap limitations apply.
VERIFIED_GSC_UI_SINGLE_DIMENSION,prev28,2026-06-15,2026-07-12,sc-domain:fermatmind.com,web,page,https://fermatmind.com/zh/career/jobs/costume-attendants,0,10,0.0,12.5,411,1000,NOT_AVAILABLE_IN_UI_EXPORT,Single-dimension GSC UI export; rows cannot be joined across dimensions; top-row and UI cap limitations apply.
VERIFIED_GSC_UI_SINGLE_DIMENSION,prev28,2026-06-15,2026-07-12,sc-domain:fermatmind.com,web,page,https://fermatmind.com/en/personality/big-five/neuroticism-low,0,10,0.0,12.9,412,1000,NOT_AVAILABLE_IN_UI_EXPORT,Single-dimension GSC UI export; rows cannot be joined across dimensions; top-row and UI cap limitations apply.
VERIFIED_GSC_UI_SINGLE_DIMENSION,prev28,2026-06-15,2026-07-12,sc-domain:fermatmind.com,web,page,https://fermatmind.com/zh/career/jobs/textile-bleaching-and-dyeing-machine-operators-and-tenders,0,10,0.0,13.1,413,1000,NOT_AVAILABLE_IN_UI_EXPORT,Single-dimension GSC UI export; rows cannot be joined across dimensions; top-row and UI cap limitations apply.
VERIFIED_GSC_UI_SINGLE_DIMENSION,prev28,2026-06-15,2026-07-12,sc-domain:fermatmind.com,web,page,https://fermatmind.com/zh/career/jobs/models,0,10,0.0,13.2,414,1000,NOT_AVAILABLE_IN_UI_EXPORT,Single-dimension GSC UI export; rows cannot be joined across dimensions; top-row and UI cap limitations apply.
VERIFIED_GSC_UI_SINGLE_DIMENSION,prev28,2026-06-15,2026-07-12,sc-domain:fermatmind.com,web,page,https://fermatmind.com/en/career/jobs/logistics-engineers,0,10,0.0,13.6,415,1000,NOT_AVAILABLE_IN_UI_EXPORT,Single-dimension GSC UI export; rows cannot be joined across dimensions; top-row and UI cap limitations apply.
VERIFIED_GSC_UI_SINGLE_DIMENSION,prev28,2026-06-15,2026-07-12,sc-domain:fermatmind.com,web,page,https://fermatmind.com/zh/career/jobs/public-relations-managers,0,10,0.0,15.5,416,1000,NOT_AVAILABLE_IN_UI_EXPORT,Single-dimension GSC UI export; rows cannot be joined across dimensions; top-row and UI cap limitations apply.
VERIFIED_GSC_UI_SINGLE_DIMENSION,prev28,2026-06-15,2026-07-12,sc-domain:fermatmind.com,web,page,https://fermatmind.com/zh/career/jobs/disc-jockeys-except-radio,0,10,0.0,15.7,417,1000,NOT_AVAILABLE_IN_UI_EXPORT,Single-dimension GSC UI export; rows cannot be joined across dimensions; top-row and UI cap limitations apply.
VERIFIED_GSC_UI_SINGLE_DIMENSION,prev28,2026-06-15,2026-07-12,sc-domain:fermatmind.com,web,page,https://fermatmind.com/zh/career/guides/leader-track-vs-expert-track,0,10,0.0,16.0,418,1000,NOT_AVAILABLE_IN_UI_EXPORT,Single-dimension GSC UI export; rows cannot be joined across dimensions; top-row and UI cap limitations apply.
VERIFIED_GSC_UI_SINGLE_DIMENSION,prev28,2026-06-15,2026-07-12,sc-domain:fermatmind.com,web,page,https://fermatmind.com/zh/career/jobs/foreign-language-and-literature-teachers-postsecondary,0,10,0.0,21.7,419,1000,NOT_AVAILABLE_IN_UI_EXPORT,Single-dimension GSC UI export; rows cannot be joined across dimensions; top-row and UI cap limitations apply.
VERIFIED_GSC_UI_SINGLE_DIMENSION,prev28,2026-06-15,2026-07-12,sc-domain:fermatmind.com,web,page,https://fermatmind.com/en/career/jobs/area-ethnic-and-cultural-studies-teachers-postsecondary,0,9,0.0,3.78,420,1000,NOT_AVAILABLE_IN_UI_EXPORT,Single-dimension GSC UI export; rows cannot be joined across dimensions; top-row and UI cap limitations apply.
VERIFIED_GSC_UI_SINGLE_DIMENSION,prev28,2026-06-15,2026-07-12,sc-domain:fermatmind.com,web,page,https://fermatmind.com/en/career/jobs/disc-jockeys-except-radio,0,9,0.0,6.33,421,1000,NOT_AVAILABLE_IN_UI_EXPORT,Single-dimension GSC UI export; rows cannot be joined across dimensions; top-row and UI cap limitations apply.
VERIFIED_GSC_UI_SINGLE_DIMENSION,prev28,2026-06-15,2026-07-12,sc-domain:fermatmind.com,web,page,https://fermatmind.com/en/topics/mbti,0,9,0.0,6.89,422,1000,NOT_AVAILABLE_IN_UI_EXPORT,Single-dimension GSC UI export; rows cannot be joined across dimensions; top-row and UI cap limitations apply.
VERIFIED_GSC_UI_SINGLE_DIMENSION,prev28,2026-06-15,2026-07-12,sc-domain:fermatmind.com,web,page,https://fermatmind.com/en/career/jobs/bicycle-repairers,0,9,0.0,7.22,423,1000,NOT_AVAILABLE_IN_UI_EXPORT,Single-dimension GSC UI export; rows cannot be joined across dimensions; top-row and UI cap limitations apply.
VERIFIED_GSC_UI_SINGLE_DIMENSION,prev28,2026-06-15,2026-07-12,sc-domain:fermatmind.com,web,page,https://fermatmind.com/zh/career/jobs/textile-winding-twisting-and-drawing-out-machine-setters-operators-and-tenders,0,9,0.0,7.67,424,1000,NOT_AVAILABLE_IN_UI_EXPORT,Single-dimension GSC UI export; rows cannot be joined across dimensions; top-row and UI cap limitations apply.
VERIFIED_GSC_UI_SINGLE_DIMENSION,prev28,2026-06-15,2026-07-12,sc-domain:fermatmind.com,web,page,https://fermatmind.com/en/career/jobs/climate-change-policy-analysts,0,9,0.0,7.78,425,1000,NOT_AVAILABLE_IN_UI_EXPORT,Single-dimension GSC UI export; rows cannot be joined across dimensions; top-row and UI cap limitations apply.
VERIFIED_GSC_UI_SINGLE_DIMENSION,prev28,2026-06-15,2026-07-12,sc-domain:fermatmind.com,web,page,https://fermatmind.com/en/career/jobs/ophthalmologists-except-pediatric,0,9,0.0,8.0,426,1000,NOT_AVAILABLE_IN_UI_EXPORT,Single-dimension GSC UI export; rows cannot be joined across dimensions; top-row and UI cap limitations apply.
VERIFIED_GSC_UI_SINGLE_DIMENSION,prev28,2026-06-15,2026-07-12,sc-domain:fermatmind.com,web,page,https://fermatmind.com/zh/career/guides/build-portfolio-for-career-switch,0,9,0.0,8.22,427,1000,NOT_AVAILABLE_IN_UI_EXPORT,Single-dimension GSC UI export; rows cannot be joined across dimensions; top-row and UI cap limitations apply.
VERIFIED_GSC_UI_SINGLE_DIMENSION,prev28,2026-06-15,2026-07-12,sc-domain:fermatmind.com,web,page,https://fermatmind.com/en/career/jobs/residential-advisors,0,9,0.0,8.33,428,1000,NOT_AVAILABLE_IN_UI_EXPORT,Single-dimension GSC UI export; rows cannot be joined across dimensions; top-row and UI cap limitations apply.
VERIFIED_GSC_UI_SINGLE_DIMENSION,prev28,2026-06-15,2026-07-12,sc-domain:fermatmind.com,web,page,https://fermatmind.com/en/career/jobs/first-line-supervisors-of-police-and-detectives,0,9,0.0,8.56,429,1000,NOT_AVAILABLE_IN_UI_EXPORT,Single-dimension GSC UI export; rows cannot be joined across dimensions; top-row and UI cap limitations apply.
VERIFIED_GSC_UI_SINGLE_DIMENSION,prev28,2026-06-15,2026-07-12,sc-domain:fermatmind.com,web,page,https://fermatmind.com/en/career/jobs/high-school-teachers,0,9,0.0,8.56,430,1000,NOT_AVAILABLE_IN_UI_EXPORT,Single-dimension GSC UI export; rows cannot be joined across dimensions; top-row and UI cap limitations apply.
VERIFIED_GSC_UI_SINGLE_DIMENSION,prev28,2026-06-15,2026-07-12,sc-domain:fermatmind.com,web,page,https://fermatmind.com/en/personality/enneagram/type-7/instincts/self-preservation,0,9,0.0,8.78,431,1000,NOT_AVAILABLE_IN_UI_EXPORT,Single-dimension GSC UI export; rows cannot be joined across dimensions; top-row and UI cap limitations apply.
VERIFIED_GSC_UI_SINGLE_DIMENSION,prev28,2026-06-15,2026-07-12,sc-domain:fermatmind.com,web,page,https://fermatmind.com/en/career/jobs/emts-and-paramedics,0,9,0.0,9.33,432,1000,NOT_AVAILABLE_IN_UI_EXPORT,Single-dimension GSC UI export; rows cannot be joined across dimensions; top-row and UI cap limitations apply.
VERIFIED_GSC_UI_SINGLE_DIMENSION,prev28,2026-06-15,2026-07-12,sc-domain:fermatmind.com,web,page,https://fermatmind.com/zh/item-design-notes,0,9,0.0,9.33,433,1000,NOT_AVAILABLE_IN_UI_EXPORT,Single-dimension GSC UI export; rows cannot be joined across dimensions; top-row and UI cap limitations apply.
VERIFIED_GSC_UI_SINGLE_DIMENSION,prev28,2026-06-15,2026-07-12,sc-domain:fermatmind.com,web,page,https://fermatmind.com/en/career/jobs/advertising-promotions-and-marketing-managers,0,9,0.0,9.67,434,1000,NOT_AVAILABLE_IN_UI_EXPORT,Single-dimension GSC UI export; rows cannot be joined across dimensions; top-row and UI cap limitations apply.
VERIFIED_GSC_UI_SINGLE_DIMENSION,prev28,2026-06-15,2026-07-12,sc-domain:fermatmind.com,web,page,https://fermatmind.com/en/career/jobs/health-specialties-teachers-postsecondary,0,9,0.0,9.67,435,1000,NOT_AVAILABLE_IN_UI_EXPORT,Single-dimension GSC UI export; rows cannot be joined across dimensions; top-row and UI cap limitations apply.
VERIFIED_GSC_UI_SINGLE_DIMENSION,prev28,2026-06-15,2026-07-12,sc-domain:fermatmind.com,web,page,https://fermatmind.com/zh/career/jobs/pharmacy-technicians,0,9,0.0,9.78,436,1000,NOT_AVAILABLE_IN_UI_EXPORT,Single-dimension GSC UI export; rows cannot be joined across dimensions; top-row and UI cap limitations apply.
VERIFIED_GSC_UI_SINGLE_DIMENSION,prev28,2026-06-15,2026-07-12,sc-domain:fermatmind.com,web,page,https://fermatmind.com/zh/career/jobs/first-line-supervisors-of-landscaping-lawn-service-and-groundskeeping-workers,0,9,0.0,10.89,437,1000,NOT_AVAILABLE_IN_UI_EXPORT,Single-dimension GSC UI export; rows cannot be joined across dimensions; top-row and UI cap limitations apply.
VERIFIED_GSC_UI_SINGLE_DIMENSION,prev28,2026-06-15,2026-07-12,sc-domain:fermatmind.com,web,page,https://fermatmind.com/en/career/jobs/financial-managers,0,9,0.0,12.11,438,1000,NOT_AVAILABLE_IN_UI_EXPORT,Single-dimension GSC UI export; rows cannot be joined across dimensions; top-row and UI cap limitations apply.
VERIFIED_GSC_UI_SINGLE_DIMENSION,prev28,2026-06-15,2026-07-12,sc-domain:fermatmind.com,web,page,https://fermatmind.com/zh/career/jobs/librarians-and-media-collections-specialists,0,9,0.0,12.67,439,1000,NOT_AVAILABLE_IN_UI_EXPORT,Single-dimension GSC UI export; rows cannot be joined across dimensions; top-row and UI cap limitations apply.
VERIFIED_GSC_UI_SINGLE_DIMENSION,prev28,2026-06-15,2026-07-12,sc-domain:fermatmind.com,web,page,https://fermatmind.com/zh/career/jobs/recreational-therapists,0,9,0.0,12.67,440,1000,NOT_AVAILABLE_IN_UI_EXPORT,Single-dimension GSC UI export; rows cannot be joined across dimensions; top-row and UI cap limitations apply.
VERIFIED_GSC_UI_SINGLE_DIMENSION,prev28,2026-06-15,2026-07-12,sc-domain:fermatmind.com,web,page,https://fermatmind.com/en/career/jobs/furniture-finishers,0,9,0.0,12.89,441,1000,NOT_AVAILABLE_IN_UI_EXPORT,Single-dimension GSC UI export; rows cannot be joined across dimensions; top-row and UI cap limitations apply.
VERIFIED_GSC_UI_SINGLE_DIMENSION,prev28,2026-06-15,2026-07-12,sc-domain:fermatmind.com,web,page,https://fermatmind.com/en/reliability-validity,0,9,0.0,14.78,442,1000,NOT_AVAILABLE_IN_UI_EXPORT,Single-dimension GSC UI export; rows cannot be joined across dimensions; top-row and UI cap limitations apply.
VERIFIED_GSC_UI_SINGLE_DIMENSION,prev28,2026-06-15,2026-07-12,sc-domain:fermatmind.com,web,page,https://fermatmind.com/en/career/jobs/first-line-supervisors-of-security-workers,0,9,0.0,16.33,443,1000,NOT_AVAILABLE_IN_UI_EXPORT,Single-dimension GSC UI export; rows cannot be joined across dimensions; top-row and UI cap limitations apply.
VERIFIED_GSC_UI_SINGLE_DIMENSION,prev28,2026-06-15,2026-07-12,sc-domain:fermatmind.com,web,page,https://fermatmind.com/en/career/jobs/carpet-installers,0,9,0.0,20.22,444,1000,NOT_AVAILABLE_IN_UI_EXPORT,Single-dimension GSC UI export; rows cannot be joined across dimensions; top-row and UI cap limitations apply.
VERIFIED_GSC_UI_SINGLE_DIMENSION,prev28,2026-06-15,2026-07-12,sc-domain:fermatmind.com,web,page,https://fermatmind.com/zh/career/jobs/histology-technicians,0,9,0.0,20.67,445,1000,NOT_AVAILABLE_IN_UI_EXPORT,Single-dimension GSC UI export; rows cannot be joined across dimensions; top-row and UI cap limitations apply.
VERIFIED_GSC_UI_SINGLE_DIMENSION,prev28,2026-06-15,2026-07-12,sc-domain:fermatmind.com,web,page,https://fermatmind.com/zh/career/jobs/allergists-and-immunologists,0,9,0.0,26.56,446,1000,NOT_AVAILABLE_IN_UI_EXPORT,Single-dimension GSC UI export; rows cannot be joined across dimensions; top-row and UI cap limitations apply.
VERIFIED_GSC_UI_SINGLE_DIMENSION,prev28,2026-06-15,2026-07-12,sc-domain:fermatmind.com,web,page,https://fermatmind.com/en/career/jobs/exercise-trainers-and-group-fitness-instructors,0,8,0.0,6.0,447,1000,NOT_AVAILABLE_IN_UI_EXPORT,Single-dimension GSC UI export; rows cannot be joined across dimensions; top-row and UI cap limitations apply.
VERIFIED_GSC_UI_SINGLE_DIMENSION,prev28,2026-06-15,2026-07-12,sc-domain:fermatmind.com,web,page,https://fermatmind.com/en/career/jobs/information-technology-project-managers,0,8,0.0,6.25,448,1000,NOT_AVAILABLE_IN_UI_EXPORT,Single-dimension GSC UI export; rows cannot be joined across dimensions; top-row and UI cap limitations apply.
VERIFIED_GSC_UI_SINGLE_DIMENSION,prev28,2026-06-15,2026-07-12,sc-domain:fermatmind.com,web,page,https://fermatmind.com/en/career/jobs/radio-frequency-identification-device-specialists,0,8,0.0,7.0,449,1000,NOT_AVAILABLE_IN_UI_EXPORT,Single-dimension GSC UI export; rows cannot be joined across dimensions; top-row and UI cap limitations apply.
VERIFIED_GSC_UI_SINGLE_DIMENSION,prev28,2026-06-15,2026-07-12,sc-domain:fermatmind.com,web,page,https://fermatmind.com/en/career/jobs/education-teachers-postsecondary,0,8,0.0,7.25,450,1000,NOT_AVAILABLE_IN_UI_EXPORT,Single-dimension GSC UI export; rows cannot be joined across dimensions; top-row and UI cap limitations apply.
VERIFIED_GSC_UI_SINGLE_DIMENSION,prev28,2026-06-15,2026-07-12,sc-domain:fermatmind.com,web,page,https://fermatmind.com/en/career/jobs/education-and-childcare-administrators-preschool-and-daycare,0,8,0.0,7.62,451,1000,NOT_AVAILABLE_IN_UI_EXPORT,Single-dimension GSC UI export; rows cannot be joined across dimensions; top-row and UI cap limitations apply.
VERIFIED_GSC_UI_SINGLE_DIMENSION,prev28,2026-06-15,2026-07-12,sc-domain:fermatmind.com,web,page,https://fermatmind.com/en/career/jobs/mental-health-and-substance-abuse-social-workers,0,8,0.0,8.0,452,1000,NOT_AVAILABLE_IN_UI_EXPORT,Single-dimension GSC UI export; rows cannot be joined across dimensions; top-row and UI cap limitations apply.
VERIFIED_GSC_UI_SINGLE_DIMENSION,prev28,2026-06-15,2026-07-12,sc-domain:fermatmind.com,web,page,https://fermatmind.com/en/career/jobs/highway-maintenance-workers,0,8,0.0,8.25,453,1000,NOT_AVAILABLE_IN_UI_EXPORT,Single-dimension GSC UI export; rows cannot be joined across dimensions; top-row and UI cap limitations apply.
VERIFIED_GSC_UI_SINGLE_DIMENSION,prev28,2026-06-15,2026-07-12,sc-domain:fermatmind.com,web,page,https://fermatmind.com/zh/career/jobs/cabinetmakers-and-bench-carpenters,0,8,0.0,8.62,454,1000,NOT_AVAILABLE_IN_UI_EXPORT,Single-dimension GSC UI export; rows cannot be joined across dimensions; top-row and UI cap limitations apply.
VERIFIED_GSC_UI_SINGLE_DIMENSION,prev28,2026-06-15,2026-07-12,sc-domain:fermatmind.com,web,page,https://fermatmind.com/en/career/jobs/directors-religious-activities-and-education,0,8,0.0,8.88,455,1000,NOT_AVAILABLE_IN_UI_EXPORT,Single-dimension GSC UI export; rows cannot be joined across dimensions; top-row and UI cap limitations apply.
VERIFIED_GSC_UI_SINGLE_DIMENSION,prev28,2026-06-15,2026-07-12,sc-domain:fermatmind.com,web,page,https://fermatmind.com/zh/career/jobs/flight-attendants,0,8,0.0,9.0,456,1000,NOT_AVAILABLE_IN_UI_EXPORT,Single-dimension GSC UI export; rows cannot be joined across dimensions; top-row and UI cap limitations apply.
VERIFIED_GSC_UI_SINGLE_DIMENSION,prev28,2026-06-15,2026-07-12,sc-domain:fermatmind.com,web,page,https://fermatmind.com/en/career/jobs/models,0,8,0.0,9.12,457,1000,NOT_AVAILABLE_IN_UI_EXPORT,Single-dimension GSC UI export; rows cannot be joined across dimensions; top-row and UI cap limitations apply.
VERIFIED_GSC_UI_SINGLE_DIMENSION,prev28,2026-06-15,2026-07-12,sc-domain:fermatmind.com,web,page,https://fermatmind.com/zh/career/jobs/gas-compressor-and-gas-pumping-station-operators,0,8,0.0,10.38,458,1000,NOT_AVAILABLE_IN_UI_EXPORT,Single-dimension GSC UI export; rows cannot be joined across dimensions; top-row and UI cap limitations apply.
VERIFIED_GSC_UI_SINGLE_DIMENSION,prev28,2026-06-15,2026-07-12,sc-domain:fermatmind.com,web,page,https://fermatmind.com/zh/career/jobs/first-line-supervisors-of-mechanics-installers-and-repairers,0,8,0.0,10.5,459,1000,NOT_AVAILABLE_IN_UI_EXPORT,Single-dimension GSC UI export; rows cannot be joined across dimensions; top-row and UI cap limitations apply.
VERIFIED_GSC_UI_SINGLE_DIMENSION,prev28,2026-06-15,2026-07-12,sc-domain:fermatmind.com,web,page,https://fermatmind.com/zh/career/jobs/web-and-digital-interface-designers,0,8,0.0,10.62,460,1000,NOT_AVAILABLE_IN_UI_EXPORT,Single-dimension GSC UI export; rows cannot be joined across dimensions; top-row and UI cap limitations apply.
VERIFIED_GSC_UI_SINGLE_DIMENSION,prev28,2026-06-15,2026-07-12,sc-domain:fermatmind.com,web,page,https://fermatmind.com/zh/career/jobs/cytotechnologists,0,8,0.0,10.75,461,1000,NOT_AVAILABLE_IN_UI_EXPORT,Single-dimension GSC UI export; rows cannot be joined across dimensions; top-row and UI cap limitations apply.
VERIFIED_GSC_UI_SINGLE_DIMENSION,prev28,2026-06-15,2026-07-12,sc-domain:fermatmind.com,web,page,https://fermatmind.com/zh/career/jobs/probation-officers-and-correctional-treatment-specialists,0,8,0.0,10.75,462,1000,NOT_AVAILABLE_IN_UI_EXPORT,Single-dimension GSC UI export; rows cannot be joined across dimensions; top-row and UI cap limitations apply.
VERIFIED_GSC_UI_SINGLE_DIMENSION,prev28,2026-06-15,2026-07-12,sc-domain:fermatmind.com,web,page,https://fermatmind.com/en/career/jobs/psychology-teachers-postsecondary,0,8,0.0,11.12,463,1000,NOT_AVAILABLE_IN_UI_EXPORT,Single-dimension GSC UI export; rows cannot be joined across dimensions; top-row and UI cap limitations apply.
VERIFIED_GSC_UI_SINGLE_DIMENSION,prev28,2026-06-15,2026-07-12,sc-domain:fermatmind.com,web,page,https://fermatmind.com/en/career/jobs/textile-knitting-and-weaving-machine-setters-operators-and-tenders,0,8,0.0,11.38,464,1000,NOT_AVAILABLE_IN_UI_EXPORT,Single-dimension GSC UI export; rows cannot be joined across dimensions; top-row and UI cap limitations apply.
VERIFIED_GSC_UI_SINGLE_DIMENSION,prev28,2026-06-15,2026-07-12,sc-domain:fermatmind.com,web,page,https://fermatmind.com/en/career/jobs/geological-technicians-except-hydrologic-technicians,0,8,0.0,11.75,465,1000,NOT_AVAILABLE_IN_UI_EXPORT,Single-dimension GSC UI export; rows cannot be joined across dimensions; top-row and UI cap limitations apply.
VERIFIED_GSC_UI_SINGLE_DIMENSION,prev28,2026-06-15,2026-07-12,sc-domain:fermatmind.com,web,page,https://fermatmind.com/zh/career/jobs/directors-religious-activities-and-education,0,8,0.0,12.75,466,1000,NOT_AVAILABLE_IN_UI_EXPORT,Single-dimension GSC UI export; rows cannot be joined across dimensions; top-row and UI cap limitations apply.
VERIFIED_GSC_UI_SINGLE_DIMENSION,prev28,2026-06-15,2026-07-12,sc-domain:fermatmind.com,web,page,https://fermatmind.com/en/career/jobs/librarians-and-media-collections-specialists,0,8,0.0,13.5,467,1000,NOT_AVAILABLE_IN_UI_EXPORT,Single-dimension GSC UI export; rows cannot be joined across dimensions; top-row and UI cap limitations apply.
VERIFIED_GSC_UI_SINGLE_DIMENSION,prev28,2026-06-15,2026-07-12,sc-domain:fermatmind.com,web,page,https://fermatmind.com/en/career/jobs/acupuncturists,0,8,0.0,13.88,468,1000,NOT_AVAILABLE_IN_UI_EXPORT,Single-dimension GSC UI export; rows cannot be joined across dimensions; top-row and UI cap limitations apply.
VERIFIED_GSC_UI_SINGLE_DIMENSION,prev28,2026-06-15,2026-07-12,sc-domain:fermatmind.com,web,page,https://fermatmind.com/zh/career/jobs/educational-guidance-and-career-counselors-and-advisors,0,8,0.0,14.62,469,1000,NOT_AVAILABLE_IN_UI_EXPORT,Single-dimension GSC UI export; rows cannot be joined across dimensions; top-row and UI cap limitations apply.
VERIFIED_GSC_UI_SINGLE_DIMENSION,prev28,2026-06-15,2026-07-12,sc-domain:fermatmind.com,web,page,https://fermatmind.com/en/career/jobs/talent-directors,0,8,0.0,14.75,470,1000,NOT_AVAILABLE_IN_UI_EXPORT,Single-dimension GSC UI export; rows cannot be joined across dimensions; top-row and UI cap limitations apply.
VERIFIED_GSC_UI_SINGLE_DIMENSION,prev28,2026-06-15,2026-07-12,sc-domain:fermatmind.com,web,page,https://fermatmind.com/zh/career/jobs/sales-representatives-wholesale-and-manufacturing-except-technical-and-scientific-products,0,8,0.0,15.12,471,1000,NOT_AVAILABLE_IN_UI_EXPORT,Single-dimension GSC UI export; rows cannot be joined across dimensions; top-row and UI cap limitations apply.
VERIFIED_GSC_UI_SINGLE_DIMENSION,prev28,2026-06-15,2026-07-12,sc-domain:fermatmind.com,web,page,https://fermatmind.com/en/career/jobs/low-vision-therapists-orientation-and-mobility-specialists-and-vision-rehabilitation-therapists,0,8,0.0,17.38,472,1000,NOT_AVAILABLE_IN_UI_EXPORT,Single-dimension GSC UI export; rows cannot be joined across dimensions; top-row and UI cap limitations apply.
VERIFIED_GSC_UI_SINGLE_DIMENSION,prev28,2026-06-15,2026-07-12,sc-domain:fermatmind.com,web,page,https://fermatmind.com/en/career/jobs/online-merchants,0,8,0.0,18.0,473,1000,NOT_AVAILABLE_IN_UI_EXPORT,Single-dimension GSC UI export; rows cannot be joined across dimensions; top-row and UI cap limitations apply.
VERIFIED_GSC_UI_SINGLE_DIMENSION,prev28,2026-06-15,2026-07-12,sc-domain:fermatmind.com,web,page,https://fermatmind.com/zh/career/jobs/timing-device-assemblers-and-adjusters,0,8,0.0,18.88,474,1000,NOT_AVAILABLE_IN_UI_EXPORT,Single-dimension GSC UI export; rows cannot be joined across dimensions; top-row and UI cap limitations apply.
VERIFIED_GSC_UI_SINGLE_DIMENSION,prev28,2026-06-15,2026-07-12,sc-domain:fermatmind.com,web,page,https://fermatmind.com/en/personality/big-five/low-agreeableness,0,8,0.0,20.12,475,1000,NOT_AVAILABLE_IN_UI_EXPORT,Single-dimension GSC UI export; rows cannot be joined across dimensions; top-row and UI cap limitations apply.
VERIFIED_GSC_UI_SINGLE_DIMENSION,prev28,2026-06-15,2026-07-12,sc-domain:fermatmind.com,web,page,https://fermatmind.com/zh/career/jobs/hospitalists,0,8,0.0,20.12,476,1000,NOT_AVAILABLE_IN_UI_EXPORT,Single-dimension GSC UI export; rows cannot be joined across dimensions; top-row and UI cap limitations apply.
VERIFIED_GSC_UI_SINGLE_DIMENSION,prev28,2026-06-15,2026-07-12,sc-domain:fermatmind.com,web,page,https://fermatmind.com/zh/career/jobs/computer-automated-teller-and-office-machine-repairers,0,7,0.0,1.86,477,1000,NOT_AVAILABLE_IN_UI_EXPORT,Single-dimension GSC UI export; rows cannot be joined across dimensions; top-row and UI cap limitations apply.
VERIFIED_GSC_UI_SINGLE_DIMENSION,prev28,2026-06-15,2026-07-12,sc-domain:fermatmind.com,web,page,https://fermatmind.com/zh/career/jobs/semiconductor-processing-technicians,0,7,0.0,2.57,478,1000,NOT_AVAILABLE_IN_UI_EXPORT,Single-dimension GSC UI export; rows cannot be joined across dimensions; top-row and UI cap limitations apply.
VERIFIED_GSC_UI_SINGLE_DIMENSION,prev28,2026-06-15,2026-07-12,sc-domain:fermatmind.com,web,page,https://fermatmind.com/en/career/jobs/telecommunications-engineering-specialists,0,7,0.0,4.57,479,1000,NOT_AVAILABLE_IN_UI_EXPORT,Single-dimension GSC UI export; rows cannot be joined across dimensions; top-row and UI cap limitations apply.
VERIFIED_GSC_UI_SINGLE_DIMENSION,prev28,2026-06-15,2026-07-12,sc-domain:fermatmind.com,web,page,https://fermatmind.com/en/career/jobs/first-line-supervisors-of-all-other-tactical-operations-specialists,0,7,0.0,6.71,480,1000,NOT_AVAILABLE_IN_UI_EXPORT,Single-dimension GSC UI export; rows cannot be joined across dimensions; top-row and UI cap limitations apply.
VERIFIED_GSC_UI_SINGLE_DIMENSION,prev28,2026-06-15,2026-07-12,sc-domain:fermatmind.com,web,page,https://fermatmind.com/en/career/jobs/motion-picture-projectionists,0,7,0.0,6.71,481,1000,NOT_AVAILABLE_IN_UI_EXPORT,Single-dimension GSC UI export; rows cannot be joined across dimensions; top-row and UI cap limitations apply.
VERIFIED_GSC_UI_SINGLE_DIMENSION,prev28,2026-06-15,2026-07-12,sc-domain:fermatmind.com,web,page,https://fermatmind.com/en/articles/choose-career-using-personality-tests,0,7,0.0,7.0,482,1000,NOT_AVAILABLE_IN_UI_EXPORT,Single-dimension GSC UI export; rows cannot be joined across dimensions; top-row and UI cap limitations apply.
VERIFIED_GSC_UI_SINGLE_DIMENSION,prev28,2026-06-15,2026-07-12,sc-domain:fermatmind.com,web,page,https://fermatmind.com/en/career/jobs/treasurers-and-controllers,0,7,0.0,7.14,483,1000,NOT_AVAILABLE_IN_UI_EXPORT,Single-dimension GSC UI export; rows cannot be joined across dimensions; top-row and UI cap limitations apply.
VERIFIED_GSC_UI_SINGLE_DIMENSION,prev28,2026-06-15,2026-07-12,sc-domain:fermatmind.com,web,page,https://fermatmind.com/zh/career/jobs/helpers-carpenters,0,7,0.0,7.14,484,1000,NOT_AVAILABLE_IN_UI_EXPORT,Single-dimension GSC UI export; rows cannot be joined across dimensions; top-row and UI cap limitations apply.
VERIFIED_GSC_UI_SINGLE_DIMENSION,prev28,2026-06-15,2026-07-12,sc-domain:fermatmind.com,web,page,https://fermatmind.com/zh/career/jobs/ophthalmologists-except-pediatric,0,7,0.0,7.14,485,1000,NOT_AVAILABLE_IN_UI_EXPORT,Single-dimension GSC UI export; rows cannot be joined across dimensions; top-row and UI cap limitations apply.
VERIFIED_GSC_UI_SINGLE_DIMENSION,prev28,2026-06-15,2026-07-12,sc-domain:fermatmind.com,web,page,https://fermatmind.com/en/career/jobs/crane-and-tower-operators,0,7,0.0,7.29,486,1000,NOT_AVAILABLE_IN_UI_EXPORT,Single-dimension GSC UI export; rows cannot be joined across dimensions; top-row and UI cap limitations apply.
VERIFIED_GSC_UI_SINGLE_DIMENSION,prev28,2026-06-15,2026-07-12,sc-domain:fermatmind.com,web,page,https://fermatmind.com/en/career/jobs/rehabilitation-counselors,0,7,0.0,7.57,487,1000,NOT_AVAILABLE_IN_UI_EXPORT,Single-dimension GSC UI export; rows cannot be joined across dimensions; top-row and UI cap limitations apply.
VERIFIED_GSC_UI_SINGLE_DIMENSION,prev28,2026-06-15,2026-07-12,sc-domain:fermatmind.com,web,page,https://fermatmind.com/en/career/jobs/geothermal-technicians,0,7,0.0,7.71,488,1000,NOT_AVAILABLE_IN_UI_EXPORT,Single-dimension GSC UI export; rows cannot be joined across dimensions; top-row and UI cap limitations apply.
VERIFIED_GSC_UI_SINGLE_DIMENSION,prev28,2026-06-15,2026-07-12,sc-domain:fermatmind.com,web,page,https://fermatmind.com/zh/career/jobs/metal-and-plastic-machine-workers,0,7,0.0,7.86,489,1000,NOT_AVAILABLE_IN_UI_EXPORT,Single-dimension GSC UI export; rows cannot be joined across dimensions; top-row and UI cap limitations apply.
VERIFIED_GSC_UI_SINGLE_DIMENSION,prev28,2026-06-15,2026-07-12,sc-domain:fermatmind.com,web,page,https://fermatmind.com/en/career/jobs/solar-energy-systems-engineers,0,7,0.0,8.14,490,1000,NOT_AVAILABLE_IN_UI_EXPORT,Single-dimension GSC UI export; rows cannot be joined across dimensions; top-row and UI cap limitations apply.
VERIFIED_GSC_UI_SINGLE_DIMENSION,prev28,2026-06-15,2026-07-12,sc-domain:fermatmind.com,web,page,https://fermatmind.com/en/career/jobs/floor-layers-except-carpet-wood-and-hard-tiles,0,7,0.0,8.29,491,1000,NOT_AVAILABLE_IN_UI_EXPORT,Single-dimension GSC UI export; rows cannot be joined across dimensions; top-row and UI cap limitations apply.
VERIFIED_GSC_UI_SINGLE_DIMENSION,prev28,2026-06-15,2026-07-12,sc-domain:fermatmind.com,web,page,https://fermatmind.com/en/career/jobs/educational-guidance-and-career-counselors-and-advisors,0,7,0.0,8.43,492,1000,NOT_AVAILABLE_IN_UI_EXPORT,Single-dimension GSC UI export; rows cannot be joined across dimensions; top-row and UI cap limitations apply.
VERIFIED_GSC_UI_SINGLE_DIMENSION,prev28,2026-06-15,2026-07-12,sc-domain:fermatmind.com,web,page,https://fermatmind.com/en/career/jobs/fundraising-managers,0,7,0.0,8.57,493,1000,NOT_AVAILABLE_IN_UI_EXPORT,Single-dimension GSC UI export; rows cannot be joined across dimensions; top-row and UI cap limitations apply.
VERIFIED_GSC_UI_SINGLE_DIMENSION,prev28,2026-06-15,2026-07-12,sc-domain:fermatmind.com,web,page,https://fermatmind.com/en/career/jobs/first-line-supervisors-of-helpers-laborers-and-material-movers-hand,0,7,0.0,8.86,494,1000,NOT_AVAILABLE_IN_UI_EXPORT,Single-dimension GSC UI export; rows cannot be joined across dimensions; top-row and UI cap limitations apply.
VERIFIED_GSC_UI_SINGLE_DIMENSION,prev28,2026-06-15,2026-07-12,sc-domain:fermatmind.com,web,page,https://fermatmind.com/zh/career/jobs/wind-turbine-service-technicians,0,7,0.0,8.86,495,1000,NOT_AVAILABLE_IN_UI_EXPORT,Single-dimension GSC UI export; rows cannot be joined across dimensions; top-row and UI cap limitations apply.
VERIFIED_GSC_UI_SINGLE_DIMENSION,prev28,2026-06-15,2026-07-12,sc-domain:fermatmind.com,web,page,https://fermatmind.com/en/career/jobs/photonics-technicians,0,7,0.0,9.0,496,1000,NOT_AVAILABLE_IN_UI_EXPORT,Single-dimension GSC UI export; rows cannot be joined across dimensions; top-row and UI cap limitations apply.
VERIFIED_GSC_UI_SINGLE_DIMENSION,prev28,2026-06-15,2026-07-12,sc-domain:fermatmind.com,web,page,https://fermatmind.com/zh/career/jobs/air-crew-members,0,7,0.0,9.0,497,1000,NOT_AVAILABLE_IN_UI_EXPORT,Single-dimension GSC UI export; rows cannot be joined across dimensions; top-row and UI cap limitations apply.
VERIFIED_GSC_UI_SINGLE_DIMENSION,prev28,2026-06-15,2026-07-12,sc-domain:fermatmind.com,web,page,https://fermatmind.com/en/career/jobs/mechanical-drafters,0,7,0.0,9.14,498,1000,NOT_AVAILABLE_IN_UI_EXPORT,Single-dimension GSC UI export; rows cannot be joined across dimensions; top-row and UI cap limitations apply.
VERIFIED_GSC_UI_SINGLE_DIMENSION,prev28,2026-06-15,2026-07-12,sc-domain:fermatmind.com,web,page,https://fermatmind.com/en/career/jobs/refractory-materials-repairers-except-brickmasons,0,7,0.0,9.14,499,1000,NOT_AVAILABLE_IN_UI_EXPORT,Single-dimension GSC UI export; rows cannot be joined across dimensions; top-row and UI cap limitations apply.
VERIFIED_GSC_UI_SINGLE_DIMENSION,prev28,2026-06-15,2026-07-12,sc-domain:fermatmind.com,web,page,https://fermatmind.com/en/career/jobs/compensation-and-benefits-managers,0,7,0.0,9.57,500,1000,NOT_AVAILABLE_IN_UI_EXPORT,Single-dimension GSC UI export; rows cannot be joined across dimensions; top-row and UI cap limitations apply.
VERIFIED_GSC_UI_SINGLE_DIMENSION,prev28,2026-06-15,2026-07-12,sc-domain:fermatmind.com,web,page,https://fermatmind.com/en/career/jobs/earth-drillers-except-oil-and-gas,0,7,0.0,10.0,501,1000,NOT_AVAILABLE_IN_UI_EXPORT,Single-dimension GSC UI export; rows cannot be joined across dimensions; top-row and UI cap limitations apply.
VERIFIED_GSC_UI_SINGLE_DIMENSION,prev28,2026-06-15,2026-07-12,sc-domain:fermatmind.com,web,page,https://fermatmind.com/en/career/jobs/industrial-organizational-psychologists,0,7,0.0,10.0,502,1000,NOT_AVAILABLE_IN_UI_EXPORT,Single-dimension GSC UI export; rows cannot be joined across dimensions; top-row and UI cap limitations apply.
VERIFIED_GSC_UI_SINGLE_DIMENSION,prev28,2026-06-15,2026-07-12,sc-domain:fermatmind.com,web,page,https://fermatmind.com/zh/career/jobs/law-teachers-postsecondary,0,7,0.0,10.14,503,1000,NOT_AVAILABLE_IN_UI_EXPORT,Single-dimension GSC UI export; rows cannot be joined across dimensions; top-row and UI cap limitations apply.
VERIFIED_GSC_UI_SINGLE_DIMENSION,prev28,2026-06-15,2026-07-12,sc-domain:fermatmind.com,web,page,https://fermatmind.com/en/personality/istp-a,0,7,0.0,10.29,504,1000,NOT_AVAILABLE_IN_UI_EXPORT,Single-dimension GSC UI export; rows cannot be joined across dimensions; top-row and UI cap limitations apply.
VERIFIED_GSC_UI_SINGLE_DIMENSION,prev28,2026-06-15,2026-07-12,sc-domain:fermatmind.com,web,page,https://fermatmind.com/zh/career/jobs/excavating-and-loading-machine-and-dragline-operators-surface-mining,0,7,0.0,10.29,505,1000,NOT_AVAILABLE_IN_UI_EXPORT,Single-dimension GSC UI export; rows cannot be joined across dimensions; top-row and UI cap limitations apply.
VERIFIED_GSC_UI_SINGLE_DIMENSION,prev28,2026-06-15,2026-07-12,sc-domain:fermatmind.com,web,page,https://fermatmind.com/en/career/jobs/judges-magistrate-judges-and-magistrates,0,7,0.0,10.57,506,1000,NOT_AVAILABLE_IN_UI_EXPORT,Single-dimension GSC UI export; rows cannot be joined across dimensions; top-row and UI cap limitations apply.
VERIFIED_GSC_UI_SINGLE_DIMENSION,prev28,2026-06-15,2026-07-12,sc-domain:fermatmind.com,web,page,https://fermatmind.com/en/career/jobs/orthopedic-surgeons-except-pediatric,0,7,0.0,11.0,507,1000,NOT_AVAILABLE_IN_UI_EXPORT,Single-dimension GSC UI export; rows cannot be joined across dimensions; top-row and UI cap limitations apply.
VERIFIED_GSC_UI_SINGLE_DIMENSION,prev28,2026-06-15,2026-07-12,sc-domain:fermatmind.com,web,page,https://fermatmind.com/en/career/jobs/credit-analysts,0,7,0.0,11.71,508,1000,NOT_AVAILABLE_IN_UI_EXPORT,Single-dimension GSC UI export; rows cannot be joined across dimensions; top-row and UI cap limitations apply.
VERIFIED_GSC_UI_SINGLE_DIMENSION,prev28,2026-06-15,2026-07-12,sc-domain:fermatmind.com,web,page,https://fermatmind.com/zh/career/jobs/stationary-engineers-and-boiler-operators,0,7,0.0,12.0,509,1000,NOT_AVAILABLE_IN_UI_EXPORT,Single-dimension GSC UI export; rows cannot be joined across dimensions; top-row and UI cap limitations apply.
VERIFIED_GSC_UI_SINGLE_DIMENSION,prev28,2026-06-15,2026-07-12,sc-domain:fermatmind.com,web,page,https://fermatmind.com/zh/articles/major-category-program-tracking-riasec-choice-checklist,0,7,0.0,13.29,510,1000,NOT_AVAILABLE_IN_UI_EXPORT,Single-dimension GSC UI export; rows cannot be joined across dimensions; top-row and UI cap limitations apply.
VERIFIED_GSC_UI_SINGLE_DIMENSION,prev28,2026-06-15,2026-07-12,sc-domain:fermatmind.com,web,page,https://fermatmind.com/zh/career/jobs/weatherization-installers-and-technicians,0,7,0.0,13.29,511,1000,NOT_AVAILABLE_IN_UI_EXPORT,Single-dimension GSC UI export; rows cannot be joined across dimensions; top-row and UI cap limitations apply.
VERIFIED_GSC_UI_SINGLE_DIMENSION,prev28,2026-06-15,2026-07-12,sc-domain:fermatmind.com,web,page,https://fermatmind.com/zh/career/jobs/insulation-workers,0,7,0.0,14.86,512,1000,NOT_AVAILABLE_IN_UI_EXPORT,Single-dimension GSC UI export; rows cannot be joined across dimensions; top-row and UI cap limitations apply.
VERIFIED_GSC_UI_SINGLE_DIMENSION,prev28,2026-06-15,2026-07-12,sc-domain:fermatmind.com,web,page,https://fermatmind.com/zh/career/jobs/patient-representatives,0,7,0.0,15.14,513,1000,NOT_AVAILABLE_IN_UI_EXPORT,Single-dimension GSC UI export; rows cannot be joined across dimensions; top-row and UI cap limitations apply.
VERIFIED_GSC_UI_SINGLE_DIMENSION,prev28,2026-06-15,2026-07-12,sc-domain:fermatmind.com,web,page,https://fermatmind.com/zh/career/jobs/first-line-supervisors-of-gambling-services-workers,0,7,0.0,16.14,514,1000,NOT_AVAILABLE_IN_UI_EXPORT,Single-dimension GSC UI export; rows cannot be joined across dimensions; top-row and UI cap limitations apply.
VERIFIED_GSC_UI_SINGLE_DIMENSION,prev28,2026-06-15,2026-07-12,sc-domain:fermatmind.com,web,page,https://fermatmind.com/en/career/jobs/civil-engineering-technicians,0,7,0.0,16.43,515,1000,NOT_AVAILABLE_IN_UI_EXPORT,Single-dimension GSC UI export; rows cannot be joined across dimensions; top-row and UI cap limitations apply.
VERIFIED_GSC_UI_SINGLE_DIMENSION,prev28,2026-06-15,2026-07-12,sc-domain:fermatmind.com,web,page,https://fermatmind.com/en/personality/esfj-a,0,7,0.0,16.43,516,1000,NOT_AVAILABLE_IN_UI_EXPORT,Single-dimension GSC UI export; rows cannot be joined across dimensions; top-row and UI cap limitations apply.
VERIFIED_GSC_UI_SINGLE_DIMENSION,prev28,2026-06-15,2026-07-12,sc-domain:fermatmind.com,web,page,https://fermatmind.com/zh/career/jobs/tax-preparers,0,7,0.0,16.43,517,1000,NOT_AVAILABLE_IN_UI_EXPORT,Single-dimension GSC UI export; rows cannot be joined across dimensions; top-row and UI cap limitations apply.
VERIFIED_GSC_UI_SINGLE_DIMENSION,prev28,2026-06-15,2026-07-12,sc-domain:fermatmind.com,web,page,https://fermatmind.com/zh/career/jobs/demonstrators-and-product-promoters,0,7,0.0,17.29,518,1000,NOT_AVAILABLE_IN_UI_EXPORT,Single-dimension GSC UI export; rows cannot be joined across dimensions; top-row and UI cap limitations apply.
VERIFIED_GSC_UI_SINGLE_DIMENSION,prev28,2026-06-15,2026-07-12,sc-domain:fermatmind.com,web,page,https://fermatmind.com/en/career/jobs/social-workers,0,7,0.0,23.86,519,1000,NOT_AVAILABLE_IN_UI_EXPORT,Single-dimension GSC UI export; rows cannot be joined across dimensions; top-row and UI cap limitations apply.
VERIFIED_GSC_UI_SINGLE_DIMENSION,prev28,2026-06-15,2026-07-12,sc-domain:fermatmind.com,web,page,https://fermatmind.com/en/personality/enneagram/type-3,0,7,0.0,44.43,520,1000,NOT_AVAILABLE_IN_UI_EXPORT,Single-dimension GSC UI export; rows cannot be joined across dimensions; top-row and UI cap limitations apply.
VERIFIED_GSC_UI_SINGLE_DIMENSION,prev28,2026-06-15,2026-07-12,sc-domain:fermatmind.com,web,page,https://fermatmind.com/zh/career/jobs/airline-and-commercial-pilots,0,6,0.0,5.5,521,1000,NOT_AVAILABLE_IN_UI_EXPORT,Single-dimension GSC UI export; rows cannot be joined across dimensions; top-row and UI cap limitations apply.
VERIFIED_GSC_UI_SINGLE_DIMENSION,prev28,2026-06-15,2026-07-12,sc-domain:fermatmind.com,web,page,https://fermatmind.com/en/career/jobs/appraisers-of-personal-and-business-property,0,6,0.0,6.0,522,1000,NOT_AVAILABLE_IN_UI_EXPORT,Single-dimension GSC UI export; rows cannot be joined across dimensions; top-row and UI cap limitations apply.
VERIFIED_GSC_UI_SINGLE_DIMENSION,prev28,2026-06-15,2026-07-12,sc-domain:fermatmind.com,web,page,https://fermatmind.com/en/career/jobs/hosts-and-hostesses-restaurant-lounge-and-coffee-shop,0,6,0.0,6.5,523,1000,NOT_AVAILABLE_IN_UI_EXPORT,Single-dimension GSC UI export; rows cannot be joined across dimensions; top-row and UI cap limitations apply.
VERIFIED_GSC_UI_SINGLE_DIMENSION,prev28,2026-06-15,2026-07-12,sc-domain:fermatmind.com,web,page,https://fermatmind.com/zh/career/jobs/refuse-and-recyclable-material-collectors,0,6,0.0,6.5,524,1000,NOT_AVAILABLE_IN_UI_EXPORT,Single-dimension GSC UI export; rows cannot be joined across dimensions; top-row and UI cap limitations apply.
VERIFIED_GSC_UI_SINGLE_DIMENSION,prev28,2026-06-15,2026-07-12,sc-domain:fermatmind.com,web,page,https://fermatmind.com/en/career/jobs/radiation-therapists,0,6,0.0,6.67,525,1000,NOT_AVAILABLE_IN_UI_EXPORT,Single-dimension GSC UI export; rows cannot be joined across dimensions; top-row and UI cap limitations apply.
VERIFIED_GSC_UI_SINGLE_DIMENSION,prev28,2026-06-15,2026-07-12,sc-domain:fermatmind.com,web,page,https://fermatmind.com/en/career/jobs/textile-bleaching-and-dyeing-machine-operators-and-tenders,0,6,0.0,6.83,526,1000,NOT_AVAILABLE_IN_UI_EXPORT,Single-dimension GSC UI export; rows cannot be joined across dimensions; top-row and UI cap limitations apply.
VERIFIED_GSC_UI_SINGLE_DIMENSION,prev28,2026-06-15,2026-07-12,sc-domain:fermatmind.com,web,page,https://fermatmind.com/en/career/jobs/animal-caretakers,0,6,0.0,7.17,527,1000,NOT_AVAILABLE_IN_UI_EXPORT,Single-dimension GSC UI export; rows cannot be joined across dimensions; top-row and UI cap limitations apply.
VERIFIED_GSC_UI_SINGLE_DIMENSION,prev28,2026-06-15,2026-07-12,sc-domain:fermatmind.com,web,page,https://fermatmind.com/en/career/jobs/architecture-teachers-postsecondary,0,6,0.0,7.5,528,1000,NOT_AVAILABLE_IN_UI_EXPORT,Single-dimension GSC UI export; rows cannot be joined across dimensions; top-row and UI cap limitations apply.
VERIFIED_GSC_UI_SINGLE_DIMENSION,prev28,2026-06-15,2026-07-12,sc-domain:fermatmind.com,web,page,https://fermatmind.com/zh/career/jobs/substance-abuse-behavioral-disorder-and-mental-health-counselors,0,6,0.0,7.5,529,1000,NOT_AVAILABLE_IN_UI_EXPORT,Single-dimension GSC UI export; rows cannot be joined across dimensions; top-row and UI cap limitations apply.
VERIFIED_GSC_UI_SINGLE_DIMENSION,prev28,2026-06-15,2026-07-12,sc-domain:fermatmind.com,web,page,https://fermatmind.com/en/career/jobs/english-language-and-literature-teachers-postsecondary,0,6,0.0,7.83,530,1000,NOT_AVAILABLE_IN_UI_EXPORT,Single-dimension GSC UI export; rows cannot be joined across dimensions; top-row and UI cap limitations apply.
VERIFIED_GSC_UI_SINGLE_DIMENSION,prev28,2026-06-15,2026-07-12,sc-domain:fermatmind.com,web,page,https://fermatmind.com/en/career/jobs/graders-and-sorters-agricultural-products,0,6,0.0,8.0,531,1000,NOT_AVAILABLE_IN_UI_EXPORT,Single-dimension GSC UI export; rows cannot be joined across dimensions; top-row and UI cap limitations apply.
VERIFIED_GSC_UI_SINGLE_DIMENSION,prev28,2026-06-15,2026-07-12,sc-domain:fermatmind.com,web,page,https://fermatmind.com/zh/career/jobs/bus-drivers,0,6,0.0,8.0,532,1000,NOT_AVAILABLE_IN_UI_EXPORT,Single-dimension GSC UI export; rows cannot be joined across dimensions; top-row and UI cap limitations apply.
VERIFIED_GSC_UI_SINGLE_DIMENSION,prev28,2026-06-15,2026-07-12,sc-domain:fermatmind.com,web,page,https://fermatmind.com/en/career/jobs/public-relations-managers,0,6,0.0,8.17,533,1000,NOT_AVAILABLE_IN_UI_EXPORT,Single-dimension GSC UI export; rows cannot be joined across dimensions; top-row and UI cap limitations apply.
VERIFIED_GSC_UI_SINGLE_DIMENSION,prev28,2026-06-15,2026-07-12,sc-domain:fermatmind.com,web,page,https://fermatmind.com/en/career/jobs/watch-and-clock-repairers,0,6,0.0,9.0,534,1000,NOT_AVAILABLE_IN_UI_EXPORT,Single-dimension GSC UI export; rows cannot be joined across dimensions; top-row and UI cap limitations apply.
VERIFIED_GSC_UI_SINGLE_DIMENSION,prev28,2026-06-15,2026-07-12,sc-domain:fermatmind.com,web,page,https://fermatmind.com/zh/career/jobs/forensic-science-technicians,0,6,0.0,9.67,535,1000,NOT_AVAILABLE_IN_UI_EXPORT,Single-dimension GSC UI export; rows cannot be joined across dimensions; top-row and UI cap limitations apply.
VERIFIED_GSC_UI_SINGLE_DIMENSION,prev28,2026-06-15,2026-07-12,sc-domain:fermatmind.com,web,page,https://fermatmind.com/zh/career/jobs/electrical-and-electronics-drafters,0,6,0.0,10.17,536,1000,NOT_AVAILABLE_IN_UI_EXPORT,Single-dimension GSC UI export; rows cannot be joined across dimensions; top-row and UI cap limitations apply.
VERIFIED_GSC_UI_SINGLE_DIMENSION,prev28,2026-06-15,2026-07-12,sc-domain:fermatmind.com,web,page,https://fermatmind.com/en/career/jobs/medical-and-clinical-laboratory-technologists,0,6,0.0,10.33,537,1000,NOT_AVAILABLE_IN_UI_EXPORT,Single-dimension GSC UI export; rows cannot be joined across dimensions; top-row and UI cap limitations apply.
VERIFIED_GSC_UI_SINGLE_DIMENSION,prev28,2026-06-15,2026-07-12,sc-domain:fermatmind.com,web,page,https://fermatmind.com/zh/career/jobs/architects,0,6,0.0,10.67,538,1000,NOT_AVAILABLE_IN_UI_EXPORT,Single-dimension GSC UI export; rows cannot be joined across dimensions; top-row and UI cap limitations apply.
VERIFIED_GSC_UI_SINGLE_DIMENSION,prev28,2026-06-15,2026-07-12,sc-domain:fermatmind.com,web,page,https://fermatmind.com/zh/personality/big-five/conscientiousness-high,0,6,0.0,11.0,539,1000,NOT_AVAILABLE_IN_UI_EXPORT,Single-dimension GSC UI export; rows cannot be joined across dimensions; top-row and UI cap limitations apply.
VERIFIED_GSC_UI_SINGLE_DIMENSION,prev28,2026-06-15,2026-07-12,sc-domain:fermatmind.com,web,page,https://fermatmind.com/en/career/jobs/special-education-teachers-middle-school,0,6,0.0,11.17,540,1000,NOT_AVAILABLE_IN_UI_EXPORT,Single-dimension GSC UI export; rows cannot be joined across dimensions; top-row and UI cap limitations apply.
VERIFIED_GSC_UI_SINGLE_DIMENSION,prev28,2026-06-15,2026-07-12,sc-domain:fermatmind.com,web,page,https://fermatmind.com/zh/career/jobs/mental-health-and-substance-abuse-social-workers,0,6,0.0,11.17,541,1000,NOT_AVAILABLE_IN_UI_EXPORT,Single-dimension GSC UI export; rows cannot be joined across dimensions; top-row and UI cap limitations apply.
VERIFIED_GSC_UI_SINGLE_DIMENSION,prev28,2026-06-15,2026-07-12,sc-domain:fermatmind.com,web,page,https://fermatmind.com/en/career/jobs/transportation-planners,0,6,0.0,12.0,542,1000,NOT_AVAILABLE_IN_UI_EXPORT,Single-dimension GSC UI export; rows cannot be joined across dimensions; top-row and UI cap limitations apply.
VERIFIED_GSC_UI_SINGLE_DIMENSION,prev28,2026-06-15,2026-07-12,sc-domain:fermatmind.com,web,page,https://fermatmind.com/en/career/jobs/airline-pilots-copilots-and-flight-engineers,0,6,0.0,12.5,543,1000,NOT_AVAILABLE_IN_UI_EXPORT,Single-dimension GSC UI export; rows cannot be joined across dimensions; top-row and UI cap limitations apply.
VERIFIED_GSC_UI_SINGLE_DIMENSION,prev28,2026-06-15,2026-07-12,sc-domain:fermatmind.com,web,page,https://fermatmind.com/zh/career/jobs/geoscientists-except-hydrologists-and-geographers,0,6,0.0,14.67,544,1000,NOT_AVAILABLE_IN_UI_EXPORT,Single-dimension GSC UI export; rows cannot be joined across dimensions; top-row and UI cap limitations apply.
VERIFIED_GSC_UI_SINGLE_DIMENSION,prev28,2026-06-15,2026-07-12,sc-domain:fermatmind.com,web,page,https://fermatmind.com/en/career/jobs/foundry-mold-and-coremakers,0,6,0.0,15.0,545,1000,NOT_AVAILABLE_IN_UI_EXPORT,Single-dimension GSC UI export; rows cannot be joined across dimensions; top-row and UI cap limitations apply.
VERIFIED_GSC_UI_SINGLE_DIMENSION,prev28,2026-06-15,2026-07-12,sc-domain:fermatmind.com,web,page,https://fermatmind.com/en/career/jobs/geographers,0,6,0.0,15.67,546,1000,NOT_AVAILABLE_IN_UI_EXPORT,Single-dimension GSC UI export; rows cannot be joined across dimensions; top-row and UI cap limitations apply.
VERIFIED_GSC_UI_SINGLE_DIMENSION,prev28,2026-06-15,2026-07-12,sc-domain:fermatmind.com,web,page,https://fermatmind.com/zh/career/jobs/market-research-analysts-and-marketing-specialists,0,6,0.0,18.0,547,1000,NOT_AVAILABLE_IN_UI_EXPORT,Single-dimension GSC UI export; rows cannot be joined across dimensions; top-row and UI cap limitations apply.
VERIFIED_GSC_UI_SINGLE_DIMENSION,prev28,2026-06-15,2026-07-12,sc-domain:fermatmind.com,web,page,https://fermatmind.com/zh/career/jobs/furniture-finishers,0,6,0.0,19.0,548,1000,NOT_AVAILABLE_IN_UI_EXPORT,Single-dimension GSC UI export; rows cannot be joined across dimensions; top-row and UI cap limitations apply.
VERIFIED_GSC_UI_SINGLE_DIMENSION,prev28,2026-06-15,2026-07-12,sc-domain:fermatmind.com,web,page,https://fermatmind.com/en/career/jobs/loan-officers,0,6,0.0,20.67,549,1000,NOT_AVAILABLE_IN_UI_EXPORT,Single-dimension GSC UI export; rows cannot be joined across dimensions; top-row and UI cap limitations apply.
VERIFIED_GSC_UI_SINGLE_DIMENSION,prev28,2026-06-15,2026-07-12,sc-domain:fermatmind.com,web,page,https://fermatmind.com/en/career/jobs/gaming-services-occupations,0,6,0.0,20.83,550,1000,NOT_AVAILABLE_IN_UI_EXPORT,Single-dimension GSC UI export; rows cannot be joined across dimensions; top-row and UI cap limitations apply.
VERIFIED_GSC_UI_SINGLE_DIMENSION,prev28,2026-06-15,2026-07-12,sc-domain:fermatmind.com,web,page,https://fermatmind.com/en/career/jobs/embalmers,0,6,0.0,21.5,551,1000,NOT_AVAILABLE_IN_UI_EXPORT,Single-dimension GSC UI export; rows cannot be joined across dimensions; top-row and UI cap limitations apply.
VERIFIED_GSC_UI_SINGLE_DIMENSION,prev28,2026-06-15,2026-07-12,sc-domain:fermatmind.com,web,page,https://fermatmind.com/zh/career/jobs/lodging-managers,0,6,0.0,21.5,552,1000,NOT_AVAILABLE_IN_UI_EXPORT,Single-dimension GSC UI export; rows cannot be joined across dimensions; top-row and UI cap limitations apply.
VERIFIED_GSC_UI_SINGLE_DIMENSION,prev28,2026-06-15,2026-07-12,sc-domain:fermatmind.com,web,page,https://fermatmind.com/zh/career/jobs/endoscopy-technicians,0,6,0.0,26.83,553,1000,NOT_AVAILABLE_IN_UI_EXPORT,Single-dimension GSC UI export; rows cannot be joined across dimensions; top-row and UI cap limitations apply.
VERIFIED_GSC_UI_SINGLE_DIMENSION,prev28,2026-06-15,2026-07-12,sc-domain:fermatmind.com,web,page,https://fermatmind.com/zh/career/jobs/genetic-counselors,0,5,0.0,5.0,554,1000,NOT_AVAILABLE_IN_UI_EXPORT,Single-dimension GSC UI export; rows cannot be joined across dimensions; top-row and UI cap limitations apply.
VERIFIED_GSC_UI_SINGLE_DIMENSION,prev28,2026-06-15,2026-07-12,sc-domain:fermatmind.com,web,page,https://fermatmind.com/zh/career/jobs/technical-writers,0,5,0.0,5.0,555,1000,NOT_AVAILABLE_IN_UI_EXPORT,Single-dimension GSC UI export; rows cannot be joined across dimensions; top-row and UI cap limitations apply.
VERIFIED_GSC_UI_SINGLE_DIMENSION,prev28,2026-06-15,2026-07-12,sc-domain:fermatmind.com,web,page,https://fermatmind.com/zh/career/jobs/fiberglass-laminators-and-fabricators,0,5,0.0,5.2,556,1000,NOT_AVAILABLE_IN_UI_EXPORT,Single-dimension GSC UI export; rows cannot be joined across dimensions; top-row and UI cap limitations apply.
VERIFIED_GSC_UI_SINGLE_DIMENSION,prev28,2026-06-15,2026-07-12,sc-domain:fermatmind.com,web,page,https://fermatmind.com/zh/career/jobs/molecular-and-cellular-biologists,0,5,0.0,5.8,557,1000,NOT_AVAILABLE_IN_UI_EXPORT,Single-dimension GSC UI export; rows cannot be joined across dimensions; top-row and UI cap limitations apply.
VERIFIED_GSC_UI_SINGLE_DIMENSION,prev28,2026-06-15,2026-07-12,sc-domain:fermatmind.com,web,page,https://fermatmind.com/en/career/jobs/health-and-safety-engineers,0,5,0.0,6.2,558,1000,NOT_AVAILABLE_IN_UI_EXPORT,Single-dimension GSC UI export; rows cannot be joined across dimensions; top-row and UI cap limitations apply.
VERIFIED_GSC_UI_SINGLE_DIMENSION,prev28,2026-06-15,2026-07-12,sc-domain:fermatmind.com,web,page,https://fermatmind.com/en/charter,0,5,0.0,6.2,559,1000,NOT_AVAILABLE_IN_UI_EXPORT,Single-dimension GSC UI export; rows cannot be joined across dimensions; top-row and UI cap limitations apply.
VERIFIED_GSC_UI_SINGLE_DIMENSION,prev28,2026-06-15,2026-07-12,sc-domain:fermatmind.com,web,page,https://fermatmind.com/en/career/jobs/stone-cutters-and-carvers-manufacturing,0,5,0.0,6.8,560,1000,NOT_AVAILABLE_IN_UI_EXPORT,Single-dimension GSC UI export; rows cannot be joined across dimensions; top-row and UI cap limitations apply.
VERIFIED_GSC_UI_SINGLE_DIMENSION,prev28,2026-06-15,2026-07-12,sc-domain:fermatmind.com,web,page,https://fermatmind.com/en/career/jobs/loss-prevention-managers,0,5,0.0,7.0,561,1000,NOT_AVAILABLE_IN_UI_EXPORT,Single-dimension GSC UI export; rows cannot be joined across dimensions; top-row and UI cap limitations apply.
VERIFIED_GSC_UI_SINGLE_DIMENSION,prev28,2026-06-15,2026-07-12,sc-domain:fermatmind.com,web,page,https://fermatmind.com/en/career/jobs/ship-engineers,0,5,0.0,7.8,562,1000,NOT_AVAILABLE_IN_UI_EXPORT,Single-dimension GSC UI export; rows cannot be joined across dimensions; top-row and UI cap limitations apply.
VERIFIED_GSC_UI_SINGLE_DIMENSION,prev28,2026-06-15,2026-07-12,sc-domain:fermatmind.com,web,page,https://fermatmind.com/zh/career/jobs/statistical-assistants,0,5,0.0,7.8,563,1000,NOT_AVAILABLE_IN_UI_EXPORT,Single-dimension GSC UI export; rows cannot be joined across dimensions; top-row and UI cap limitations apply.
VERIFIED_GSC_UI_SINGLE_DIMENSION,prev28,2026-06-15,2026-07-12,sc-domain:fermatmind.com,web,page,https://fermatmind.com/en/career/jobs/demonstrators-and-product-promoters,0,5,0.0,8.0,564,1000,NOT_AVAILABLE_IN_UI_EXPORT,Single-dimension GSC UI export; rows cannot be joined across dimensions; top-row and UI cap limitations apply.
VERIFIED_GSC_UI_SINGLE_DIMENSION,prev28,2026-06-15,2026-07-12,sc-domain:fermatmind.com,web,page,https://fermatmind.com/en/career/jobs/firefighters,0,5,0.0,8.0,565,1000,NOT_AVAILABLE_IN_UI_EXPORT,Single-dimension GSC UI export; rows cannot be joined across dimensions; top-row and UI cap limitations apply.
VERIFIED_GSC_UI_SINGLE_DIMENSION,prev28,2026-06-15,2026-07-12,sc-domain:fermatmind.com,web,page,https://fermatmind.com/zh/career/jobs/farm-and-home-management-educators,0,5,0.0,8.0,566,1000,NOT_AVAILABLE_IN_UI_EXPORT,Single-dimension GSC UI export; rows cannot be joined across dimensions; top-row and UI cap limitations apply.
VERIFIED_GSC_UI_SINGLE_DIMENSION,prev28,2026-06-15,2026-07-12,sc-domain:fermatmind.com,web,page,https://fermatmind.com/zh/career/jobs/forest-fire-inspectors-and-prevention-specialists,0,5,0.0,8.0,567,1000,NOT_AVAILABLE_IN_UI_EXPORT,Single-dimension GSC UI export; rows cannot be joined across dimensions; top-row and UI cap limitations apply.
VERIFIED_GSC_UI_SINGLE_DIMENSION,prev28,2026-06-15,2026-07-12,sc-domain:fermatmind.com,web,page,https://fermatmind.com/en/career/jobs/helpers-extraction-workers,0,5,0.0,8.4,568,1000,NOT_AVAILABLE_IN_UI_EXPORT,Single-dimension GSC UI export; rows cannot be joined across dimensions; top-row and UI cap limitations apply.
VERIFIED_GSC_UI_SINGLE_DIMENSION,prev28,2026-06-15,2026-07-12,sc-domain:fermatmind.com,web,page,https://fermatmind.com/zh/career/jobs/earth-drillers-except-oil-and-gas,0,5,0.0,8.4,569,1000,NOT_AVAILABLE_IN_UI_EXPORT,Single-dimension GSC UI export; rows cannot be joined across dimensions; top-row and UI cap limitations apply.
VERIFIED_GSC_UI_SINGLE_DIMENSION,prev28,2026-06-15,2026-07-12,sc-domain:fermatmind.com,web,page,https://fermatmind.com/en/career/jobs/cardiovascular-technologists-and-technicians,0,5,0.0,9.2,570,1000,NOT_AVAILABLE_IN_UI_EXPORT,Single-dimension GSC UI export; rows cannot be joined across dimensions; top-row and UI cap limitations apply.
VERIFIED_GSC_UI_SINGLE_DIMENSION,prev28,2026-06-15,2026-07-12,sc-domain:fermatmind.com,web,page,https://fermatmind.com/en/career/jobs/heavy-vehicle-and-mobile-equipment-service-technicians,0,5,0.0,9.6,571,1000,NOT_AVAILABLE_IN_UI_EXPORT,Single-dimension GSC UI export; rows cannot be joined across dimensions; top-row and UI cap limitations apply.
VERIFIED_GSC_UI_SINGLE_DIMENSION,prev28,2026-06-15,2026-07-12,sc-domain:fermatmind.com,web,page,https://fermatmind.com/en/career/jobs/podiatrists,0,5,0.0,9.6,572,1000,NOT_AVAILABLE_IN_UI_EXPORT,Single-dimension GSC UI export; rows cannot be joined across dimensions; top-row and UI cap limitations apply.
VERIFIED_GSC_UI_SINGLE_DIMENSION,prev28,2026-06-15,2026-07-12,sc-domain:fermatmind.com,web,page,https://fermatmind.com/en/career/jobs/construction-managers,0,5,0.0,10.2,573,1000,NOT_AVAILABLE_IN_UI_EXPORT,Single-dimension GSC UI export; rows cannot be joined across dimensions; top-row and UI cap limitations apply.
VERIFIED_GSC_UI_SINGLE_DIMENSION,prev28,2026-06-15,2026-07-12,sc-domain:fermatmind.com,web,page,https://fermatmind.com/zh/career/jobs/first-line-supervisors-of-housekeeping-and-janitorial-workers,0,5,0.0,10.6,574,1000,NOT_AVAILABLE_IN_UI_EXPORT,Single-dimension GSC UI export; rows cannot be joined across dimensions; top-row and UI cap limitations apply.
VERIFIED_GSC_UI_SINGLE_DIMENSION,prev28,2026-06-15,2026-07-12,sc-domain:fermatmind.com,web,page,https://fermatmind.com/en/career/jobs/surgical-technologists,0,5,0.0,11.2,575,1000,NOT_AVAILABLE_IN_UI_EXPORT,Single-dimension GSC UI export; rows cannot be joined across dimensions; top-row and UI cap limitations apply.
VERIFIED_GSC_UI_SINGLE_DIMENSION,prev28,2026-06-15,2026-07-12,sc-domain:fermatmind.com,web,page,https://fermatmind.com/zh/career/jobs/environmental-scientists-and-specialists-including-health,0,5,0.0,13.0,576,1000,NOT_AVAILABLE_IN_UI_EXPORT,Single-dimension GSC UI export; rows cannot be joined across dimensions; top-row and UI cap limitations apply.
VERIFIED_GSC_UI_SINGLE_DIMENSION,prev28,2026-06-15,2026-07-12,sc-domain:fermatmind.com,web,page,https://fermatmind.com/en/career/jobs/aircraft-service-attendants,0,5,0.0,13.4,577,1000,NOT_AVAILABLE_IN_UI_EXPORT,Single-dimension GSC UI export; rows cannot be joined across dimensions; top-row and UI cap limitations apply.
VERIFIED_GSC_UI_SINGLE_DIMENSION,prev28,2026-06-15,2026-07-12,sc-domain:fermatmind.com,web,page,https://fermatmind.com/en/career/jobs/weatherization-installers-and-technicians,0,5,0.0,14.0,578,1000,NOT_AVAILABLE_IN_UI_EXPORT,Single-dimension GSC UI export; rows cannot be joined across dimensions; top-row and UI cap limitations apply.
VERIFIED_GSC_UI_SINGLE_DIMENSION,prev28,2026-06-15,2026-07-12,sc-domain:fermatmind.com,web,page,https://fermatmind.com/zh/career/jobs/biofuels-production-managers,0,5,0.0,14.0,579,1000,NOT_AVAILABLE_IN_UI_EXPORT,Single-dimension GSC UI export; rows cannot be joined across dimensions; top-row and UI cap limitations apply.
VERIFIED_GSC_UI_SINGLE_DIMENSION,prev28,2026-06-15,2026-07-12,sc-domain:fermatmind.com,web,page,https://fermatmind.com/en/career/jobs/biofuels-production-managers,0,5,0.0,16.6,580,1000,NOT_AVAILABLE_IN_UI_EXPORT,Single-dimension GSC UI export; rows cannot be joined across dimensions; top-row and UI cap limitations apply.
VERIFIED_GSC_UI_SINGLE_DIMENSION,prev28,2026-06-15,2026-07-12,sc-domain:fermatmind.com,web,page,https://fermatmind.com/en/career/jobs/sawing-machine-setters-operators-and-tenders-wood,0,5,0.0,16.6,581,1000,NOT_AVAILABLE_IN_UI_EXPORT,Single-dimension GSC UI export; rows cannot be joined across dimensions; top-row and UI cap limitations apply.
VERIFIED_GSC_UI_SINGLE_DIMENSION,prev28,2026-06-15,2026-07-12,sc-domain:fermatmind.com,web,page,https://fermatmind.com/en/career/jobs/allergists-and-immunologists,0,5,0.0,17.0,582,1000,NOT_AVAILABLE_IN_UI_EXPORT,Single-dimension GSC UI export; rows cannot be joined across dimensions; top-row and UI cap limitations apply.
VERIFIED_GSC_UI_SINGLE_DIMENSION,prev28,2026-06-15,2026-07-12,sc-domain:fermatmind.com,web,page,https://fermatmind.com/en/career/jobs/electrical-and-electronics-engineers,0,5,0.0,17.4,583,1000,NOT_AVAILABLE_IN_UI_EXPORT,Single-dimension GSC UI export; rows cannot be joined across dimensions; top-row and UI cap limitations apply.
VERIFIED_GSC_UI_SINGLE_DIMENSION,prev28,2026-06-15,2026-07-12,sc-domain:fermatmind.com,web,page,https://fermatmind.com/en/career/jobs/dental-hygienists,0,5,0.0,19.0,584,1000,NOT_AVAILABLE_IN_UI_EXPORT,Single-dimension GSC UI export; rows cannot be joined across dimensions; top-row and UI cap limitations apply.
VERIFIED_GSC_UI_SINGLE_DIMENSION,prev28,2026-06-15,2026-07-12,sc-domain:fermatmind.com,web,page,https://fermatmind.com/zh/career/jobs/fundraisers,0,5,0.0,19.6,585,1000,NOT_AVAILABLE_IN_UI_EXPORT,Single-dimension GSC UI export; rows cannot be joined across dimensions; top-row and UI cap limitations apply.
VERIFIED_GSC_UI_SINGLE_DIMENSION,prev28,2026-06-15,2026-07-12,sc-domain:fermatmind.com,web,page,https://fermatmind.com/en/career/jobs/general-internal-medicine-physicians,0,5,0.0,20.2,586,1000,NOT_AVAILABLE_IN_UI_EXPORT,Single-dimension GSC UI export; rows cannot be joined across dimensions; top-row and UI cap limitations apply.
VERIFIED_GSC_UI_SINGLE_DIMENSION,prev28,2026-06-15,2026-07-12,sc-domain:fermatmind.com,web,page,https://fermatmind.com/en/career/jobs/nurse-midwives,0,5,0.0,20.6,587,1000,NOT_AVAILABLE_IN_UI_EXPORT,Single-dimension GSC UI export; rows cannot be joined across dimensions; top-row and UI cap limitations apply.
VERIFIED_GSC_UI_SINGLE_DIMENSION,prev28,2026-06-15,2026-07-12,sc-domain:fermatmind.com,web,page,https://fermatmind.com/en/career/jobs/parts-salespersons,0,5,0.0,21.2,588,1000,NOT_AVAILABLE_IN_UI_EXPORT,Single-dimension GSC UI export; rows cannot be joined across dimensions; top-row and UI cap limitations apply.
VERIFIED_GSC_UI_SINGLE_DIMENSION,prev28,2026-06-15,2026-07-12,sc-domain:fermatmind.com,web,page,https://fermatmind.com/en/datasets/occupations,0,5,0.0,27.6,589,1000,NOT_AVAILABLE_IN_UI_EXPORT,Single-dimension GSC UI export; rows cannot be joined across dimensions; top-row and UI cap limitations apply.
VERIFIED_GSC_UI_SINGLE_DIMENSION,prev28,2026-06-15,2026-07-12,sc-domain:fermatmind.com,web,page,https://fermatmind.com/en/personality/enneagram/type-5,0,5,0.0,31.0,590,1000,NOT_AVAILABLE_IN_UI_EXPORT,Single-dimension GSC UI export; rows cannot be joined across dimensions; top-row and UI cap limitations apply.
VERIFIED_GSC_UI_SINGLE_DIMENSION,prev28,2026-06-15,2026-07-12,sc-domain:fermatmind.com,web,page,https://fermatmind.com/en/personality/enneagram/type-6,0,5,0.0,36.0,591,1000,NOT_AVAILABLE_IN_UI_EXPORT,Single-dimension GSC UI export; rows cannot be joined across dimensions; top-row and UI cap limitations apply.
VERIFIED_GSC_UI_SINGLE_DIMENSION,prev28,2026-06-15,2026-07-12,sc-domain:fermatmind.com,web,page,https://fermatmind.com/en/personality/big-five/low-extraversion,0,4,0.0,4.75,592,1000,NOT_AVAILABLE_IN_UI_EXPORT,Single-dimension GSC UI export; rows cannot be joined across dimensions; top-row and UI cap limitations apply.
VERIFIED_GSC_UI_SINGLE_DIMENSION,prev28,2026-06-15,2026-07-12,sc-domain:fermatmind.com,web,page,https://fermatmind.com/en/career/jobs/sports-medicine-physicians,0,4,0.0,5.5,593,1000,NOT_AVAILABLE_IN_UI_EXPORT,Single-dimension GSC UI export; rows cannot be joined across dimensions; top-row and UI cap limitations apply.
VERIFIED_GSC_UI_SINGLE_DIMENSION,prev28,2026-06-15,2026-07-12,sc-domain:fermatmind.com,web,page,https://fermatmind.com/zh/career/jobs/foundry-mold-and-coremakers,0,4,0.0,5.5,594,1000,NOT_AVAILABLE_IN_UI_EXPORT,Single-dimension GSC UI export; rows cannot be joined across dimensions; top-row and UI cap limitations apply.
VERIFIED_GSC_UI_SINGLE_DIMENSION,prev28,2026-06-15,2026-07-12,sc-domain:fermatmind.com,web,page,https://fermatmind.com/en/career/jobs/preschool-teachers,0,4,0.0,6.5,595,1000,NOT_AVAILABLE_IN_UI_EXPORT,Single-dimension GSC UI export; rows cannot be joined across dimensions; top-row and UI cap limitations apply.
VERIFIED_GSC_UI_SINGLE_DIMENSION,prev28,2026-06-15,2026-07-12,sc-domain:fermatmind.com,web,page,https://fermatmind.com/en/career/jobs/anesthesiologists,0,4,0.0,6.75,596,1000,NOT_AVAILABLE_IN_UI_EXPORT,Single-dimension GSC UI export; rows cannot be joined across dimensions; top-row and UI cap limitations apply.
VERIFIED_GSC_UI_SINGLE_DIMENSION,prev28,2026-06-15,2026-07-12,sc-domain:fermatmind.com,web,page,https://fermatmind.com/en/career/jobs/dentists-all-other-specialists,0,4,0.0,7.25,597,1000,NOT_AVAILABLE_IN_UI_EXPORT,Single-dimension GSC UI export; rows cannot be joined across dimensions; top-row and UI cap limitations apply.
VERIFIED_GSC_UI_SINGLE_DIMENSION,prev28,2026-06-15,2026-07-12,sc-domain:fermatmind.com,web,page,https://fermatmind.com/en/career/jobs/foreign-language-and-literature-teachers-postsecondary,0,4,0.0,7.25,598,1000,NOT_AVAILABLE_IN_UI_EXPORT,Single-dimension GSC UI export; rows cannot be joined across dimensions; top-row and UI cap limitations apply.
VERIFIED_GSC_UI_SINGLE_DIMENSION,prev28,2026-06-15,2026-07-12,sc-domain:fermatmind.com,web,page,https://fermatmind.com/en/career/jobs/hazardous-materials-removal-workers,0,4,0.0,7.5,599,1000,NOT_AVAILABLE_IN_UI_EXPORT,Single-dimension GSC UI export; rows cannot be joined across dimensions; top-row and UI cap limitations apply.
VERIFIED_GSC_UI_SINGLE_DIMENSION,prev28,2026-06-15,2026-07-12,sc-domain:fermatmind.com,web,page,https://fermatmind.com/en/career/jobs/helpers-carpenters,0,4,0.0,7.75,600,1000,NOT_AVAILABLE_IN_UI_EXPORT,Single-dimension GSC UI export; rows cannot be joined across dimensions; top-row and UI cap limitations apply.
VERIFIED_GSC_UI_SINGLE_DIMENSION,prev28,2026-06-15,2026-07-12,sc-domain:fermatmind.com,web,page,https://fermatmind.com/en/career/industries/management,0,4,0.0,8.5,601,1000,NOT_AVAILABLE_IN_UI_EXPORT,Single-dimension GSC UI export; rows cannot be joined across dimensions; top-row and UI cap limitations apply.
VERIFIED_GSC_UI_SINGLE_DIMENSION,prev28,2026-06-15,2026-07-12,sc-domain:fermatmind.com,web,page,https://fermatmind.com/zh/career/jobs/aircraft-structure-surfaces-rigging-and-systems-assemblers,0,4,0.0,8.5,602,1000,NOT_AVAILABLE_IN_UI_EXPORT,Single-dimension GSC UI export; rows cannot be joined across dimensions; top-row and UI cap limitations apply.
VERIFIED_GSC_UI_SINGLE_DIMENSION,prev28,2026-06-15,2026-07-12,sc-domain:fermatmind.com,web,page,https://fermatmind.com/zh/career/jobs/residential-advisors,0,4,0.0,8.5,603,1000,NOT_AVAILABLE_IN_UI_EXPORT,Single-dimension GSC UI export; rows cannot be joined across dimensions; top-row and UI cap limitations apply.
VERIFIED_GSC_UI_SINGLE_DIMENSION,prev28,2026-06-15,2026-07-12,sc-domain:fermatmind.com,web,page,https://fermatmind.com/en/career/jobs/retail-salespersons,0,4,0.0,8.75,604,1000,NOT_AVAILABLE_IN_UI_EXPORT,Single-dimension GSC UI export; rows cannot be joined across dimensions; top-row and UI cap limitations apply.
VERIFIED_GSC_UI_SINGLE_DIMENSION,prev28,2026-06-15,2026-07-12,sc-domain:fermatmind.com,web,page,https://fermatmind.com/en/career/jobs/self-enrichment-teachers,0,4,0.0,8.75,605,1000,NOT_AVAILABLE_IN_UI_EXPORT,Single-dimension GSC UI export; rows cannot be joined across dimensions; top-row and UI cap limitations apply.
VERIFIED_GSC_UI_SINGLE_DIMENSION,prev28,2026-06-15,2026-07-12,sc-domain:fermatmind.com,web,page,https://fermatmind.com/zh/career/jobs/logisticians,0,4,0.0,8.75,606,1000,NOT_AVAILABLE_IN_UI_EXPORT,Single-dimension GSC UI export; rows cannot be joined across dimensions; top-row and UI cap limitations apply.
VERIFIED_GSC_UI_SINGLE_DIMENSION,prev28,2026-06-15,2026-07-12,sc-domain:fermatmind.com,web,page,https://fermatmind.com/en/career/jobs/artillery-and-missile-crew-members,0,4,0.0,9.25,607,1000,NOT_AVAILABLE_IN_UI_EXPORT,Single-dimension GSC UI export; rows cannot be joined across dimensions; top-row and UI cap limitations apply.
VERIFIED_GSC_UI_SINGLE_DIMENSION,prev28,2026-06-15,2026-07-12,sc-domain:fermatmind.com,web,page,https://fermatmind.com/zh/career/jobs/business-teachers-postsecondary,0,4,0.0,9.25,608,1000,NOT_AVAILABLE_IN_UI_EXPORT,Single-dimension GSC UI export; rows cannot be joined across dimensions; top-row and UI cap limitations apply.
VERIFIED_GSC_UI_SINGLE_DIMENSION,prev28,2026-06-15,2026-07-12,sc-domain:fermatmind.com,web,page,https://fermatmind.com/en/personality/big-five/facets/dutifulness,0,4,0.0,9.5,609,1000,NOT_AVAILABLE_IN_UI_EXPORT,Single-dimension GSC UI export; rows cannot be joined across dimensions; top-row and UI cap limitations apply.
VERIFIED_GSC_UI_SINGLE_DIMENSION,prev28,2026-06-15,2026-07-12,sc-domain:fermatmind.com,web,page,https://fermatmind.com/en/career/jobs/business-continuity-planners,0,4,0.0,9.75,610,1000,NOT_AVAILABLE_IN_UI_EXPORT,Single-dimension GSC UI export; rows cannot be joined across dimensions; top-row and UI cap limitations apply.
VERIFIED_GSC_UI_SINGLE_DIMENSION,prev28,2026-06-15,2026-07-12,sc-domain:fermatmind.com,web,page,https://fermatmind.com/zh/career/jobs/signal-and-track-switch-repairers,0,4,0.0,9.75,611,1000,NOT_AVAILABLE_IN_UI_EXPORT,Single-dimension GSC UI export; rows cannot be joined across dimensions; top-row and UI cap limitations apply.
VERIFIED_GSC_UI_SINGLE_DIMENSION,prev28,2026-06-15,2026-07-12,sc-domain:fermatmind.com,web,page,https://fermatmind.com/en/personality/big-five/extraversion-high,0,4,0.0,10.0,612,1000,NOT_AVAILABLE_IN_UI_EXPORT,Single-dimension GSC UI export; rows cannot be joined across dimensions; top-row and UI cap limitations apply.
VERIFIED_GSC_UI_SINGLE_DIMENSION,prev28,2026-06-15,2026-07-12,sc-domain:fermatmind.com,web,page,https://fermatmind.com/zh/career/jobs/solar-thermal-installers-and-technicians,0,4,0.0,10.75,613,1000,NOT_AVAILABLE_IN_UI_EXPORT,Single-dimension GSC UI export; rows cannot be joined across dimensions; top-row and UI cap limitations apply.
VERIFIED_GSC_UI_SINGLE_DIMENSION,prev28,2026-06-15,2026-07-12,sc-domain:fermatmind.com,web,page,https://fermatmind.com/en/career/jobs/armored-assault-vehicle-officers,0,4,0.0,11.0,614,1000,NOT_AVAILABLE_IN_UI_EXPORT,Single-dimension GSC UI export; rows cannot be joined across dimensions; top-row and UI cap limitations apply.
VERIFIED_GSC_UI_SINGLE_DIMENSION,prev28,2026-06-15,2026-07-12,sc-domain:fermatmind.com,web,page,https://fermatmind.com/en/career/jobs/craft-and-fine-artists,0,4,0.0,11.5,615,1000,NOT_AVAILABLE_IN_UI_EXPORT,Single-dimension GSC UI export; rows cannot be joined across dimensions; top-row and UI cap limitations apply.
VERIFIED_GSC_UI_SINGLE_DIMENSION,prev28,2026-06-15,2026-07-12,sc-domain:fermatmind.com,web,page,https://fermatmind.com/en/career/jobs/continuous-mining-machine-operators,0,4,0.0,12.0,616,1000,NOT_AVAILABLE_IN_UI_EXPORT,Single-dimension GSC UI export; rows cannot be joined across dimensions; top-row and UI cap limitations apply.
VERIFIED_GSC_UI_SINGLE_DIMENSION,prev28,2026-06-15,2026-07-12,sc-domain:fermatmind.com,web,page,https://fermatmind.com/en/career/jobs/geography-teachers-postsecondary,0,4,0.0,12.0,617,1000,NOT_AVAILABLE_IN_UI_EXPORT,Single-dimension GSC UI export; rows cannot be joined across dimensions; top-row and UI cap limitations apply.
VERIFIED_GSC_UI_SINGLE_DIMENSION,prev28,2026-06-15,2026-07-12,sc-domain:fermatmind.com,web,page,https://fermatmind.com/en/career/jobs/drywall-and-ceiling-tile-installers-and-tapers,0,4,0.0,13.75,618,1000,NOT_AVAILABLE_IN_UI_EXPORT,Single-dimension GSC UI export; rows cannot be joined across dimensions; top-row and UI cap limitations apply.
VERIFIED_GSC_UI_SINGLE_DIMENSION,prev28,2026-06-15,2026-07-12,sc-domain:fermatmind.com,web,page,https://fermatmind.com/en/personality/istj-a,0,4,0.0,15.0,619,1000,NOT_AVAILABLE_IN_UI_EXPORT,Single-dimension GSC UI export; rows cannot be joined across dimensions; top-row and UI cap limitations apply.
VERIFIED_GSC_UI_SINGLE_DIMENSION,prev28,2026-06-15,2026-07-12,sc-domain:fermatmind.com,web,page,https://fermatmind.com/en/career/jobs/travel-agents,0,4,0.0,15.5,620,1000,NOT_AVAILABLE_IN_UI_EXPORT,Single-dimension GSC UI export; rows cannot be joined across dimensions; top-row and UI cap limitations apply.
VERIFIED_GSC_UI_SINGLE_DIMENSION,prev28,2026-06-15,2026-07-12,sc-domain:fermatmind.com,web,page,https://fermatmind.com/zh/career/jobs/shuttle-drivers-and-chauffeurs,0,4,0.0,15.75,621,1000,NOT_AVAILABLE_IN_UI_EXPORT,Single-dimension GSC UI export; rows cannot be joined across dimensions; top-row and UI cap limitations apply.
VERIFIED_GSC_UI_SINGLE_DIMENSION,prev28,2026-06-15,2026-07-12,sc-domain:fermatmind.com,web,page,https://fermatmind.com/en/career/jobs/statistical-assistants,0,4,0.0,16.75,622,1000,NOT_AVAILABLE_IN_UI_EXPORT,Single-dimension GSC UI export; rows cannot be joined across dimensions; top-row and UI cap limitations apply.
VERIFIED_GSC_UI_SINGLE_DIMENSION,prev28,2026-06-15,2026-07-12,sc-domain:fermatmind.com,web,page,https://fermatmind.com/zh/career/jobs/bicycle-repairers,0,4,0.0,18.0,623,1000,NOT_AVAILABLE_IN_UI_EXPORT,Single-dimension GSC UI export; rows cannot be joined across dimensions; top-row and UI cap limitations apply.
VERIFIED_GSC_UI_SINGLE_DIMENSION,prev28,2026-06-15,2026-07-12,sc-domain:fermatmind.com,web,page,https://fermatmind.com/zh/career/jobs/radio-frequency-identification-device-specialists,0,4,0.0,21.0,624,1000,NOT_AVAILABLE_IN_UI_EXPORT,Single-dimension GSC UI export; rows cannot be joined across dimensions; top-row and UI cap limitations apply.
VERIFIED_GSC_UI_SINGLE_DIMENSION,prev28,2026-06-15,2026-07-12,sc-domain:fermatmind.com,web,page,https://fermatmind.com/en/personality/enneagram/type-1,0,4,0.0,21.25,625,1000,NOT_AVAILABLE_IN_UI_EXPORT,Single-dimension GSC UI export; rows cannot be joined across dimensions; top-row and UI cap limitations apply.
VERIFIED_GSC_UI_SINGLE_DIMENSION,prev28,2026-06-15,2026-07-12,sc-domain:fermatmind.com,web,page,https://fermatmind.com/zh/career/jobs/cardiovascular-technologists-and-technicians,0,4,0.0,21.25,626,1000,NOT_AVAILABLE_IN_UI_EXPORT,Single-dimension GSC UI export; rows cannot be joined across dimensions; top-row and UI cap limitations apply.
VERIFIED_GSC_UI_SINGLE_DIMENSION,prev28,2026-06-15,2026-07-12,sc-domain:fermatmind.com,web,page,https://fermatmind.com/zh/career/jobs/hydrologic-technicians,0,4,0.0,21.25,627,1000,NOT_AVAILABLE_IN_UI_EXPORT,Single-dimension GSC UI export; rows cannot be joined across dimensions; top-row and UI cap limitations apply.
VERIFIED_GSC_UI_SINGLE_DIMENSION,prev28,2026-06-15,2026-07-12,sc-domain:fermatmind.com,web,page,https://fermatmind.com/en/career/jobs/neurologists,0,4,0.0,21.75,628,1000,NOT_AVAILABLE_IN_UI_EXPORT,Single-dimension GSC UI export; rows cannot be joined across dimensions; top-row and UI cap limitations apply.
VERIFIED_GSC_UI_SINGLE_DIMENSION,prev28,2026-06-15,2026-07-12,sc-domain:fermatmind.com,web,page,https://fermatmind.com/zh/career/jobs/nuclear-technicians,0,4,0.0,22.25,629,1000,NOT_AVAILABLE_IN_UI_EXPORT,Single-dimension GSC UI export; rows cannot be joined across dimensions; top-row and UI cap limitations apply.
VERIFIED_GSC_UI_SINGLE_DIMENSION,prev28,2026-06-15,2026-07-12,sc-domain:fermatmind.com,web,page,https://fermatmind.com/zh/career/jobs/podiatrists,0,4,0.0,23.5,630,1000,NOT_AVAILABLE_IN_UI_EXPORT,Single-dimension GSC UI export; rows cannot be joined across dimensions; top-row and UI cap limitations apply.
VERIFIED_GSC_UI_SINGLE_DIMENSION,prev28,2026-06-15,2026-07-12,sc-domain:fermatmind.com,web,page,https://fermatmind.com/en/career/jobs/agricultural-workers,0,4,0.0,24.75,631,1000,NOT_AVAILABLE_IN_UI_EXPORT,Single-dimension GSC UI export; rows cannot be joined across dimensions; top-row and UI cap limitations apply.
VERIFIED_GSC_UI_SINGLE_DIMENSION,prev28,2026-06-15,2026-07-12,sc-domain:fermatmind.com,web,page,https://fermatmind.com/en/personality/enneagram/type-2,0,4,0.0,25.75,632,1000,NOT_AVAILABLE_IN_UI_EXPORT,Single-dimension GSC UI export; rows cannot be joined across dimensions; top-row and UI cap limitations apply.
VERIFIED_GSC_UI_SINGLE_DIMENSION,prev28,2026-06-15,2026-07-12,sc-domain:fermatmind.com,web,page,https://fermatmind.com/zh/personality/big-five/conscientiousness-low,0,4,0.0,28.0,633,1000,NOT_AVAILABLE_IN_UI_EXPORT,Single-dimension GSC UI export; rows cannot be joined across dimensions; top-row and UI cap limitations apply.
VERIFIED_GSC_UI_SINGLE_DIMENSION,prev28,2026-06-15,2026-07-12,sc-domain:fermatmind.com,web,page,https://fermatmind.com/zh/career/jobs/construction-managers,0,4,0.0,28.25,634,1000,NOT_AVAILABLE_IN_UI_EXPORT,Single-dimension GSC UI export; rows cannot be joined across dimensions; top-row and UI cap limitations apply.
VERIFIED_GSC_UI_SINGLE_DIMENSION,prev28,2026-06-15,2026-07-12,sc-domain:fermatmind.com,web,page,https://fermatmind.com/zh/career/jobs/animal-caretakers,0,4,0.0,28.5,635,1000,NOT_AVAILABLE_IN_UI_EXPORT,Single-dimension GSC UI export; rows cannot be joined across dimensions; top-row and UI cap limitations apply.
VERIFIED_GSC_UI_SINGLE_DIMENSION,prev28,2026-06-15,2026-07-12,sc-domain:fermatmind.com,web,page,https://fermatmind.com/en/personality/big-five/neuroticism-high,0,4,0.0,41.0,636,1000,NOT_AVAILABLE_IN_UI_EXPORT,Single-dimension GSC UI export; rows cannot be joined across dimensions; top-row and UI cap limitations apply.
VERIFIED_GSC_UI_SINGLE_DIMENSION,prev28,2026-06-15,2026-07-12,sc-domain:fermatmind.com,web,page,https://fermatmind.com/en/tests/category/personality,0,3,0.0,1.33,637,1000,NOT_AVAILABLE_IN_UI_EXPORT,Single-dimension GSC UI export; rows cannot be joined across dimensions; top-row and UI cap limitations apply.
VERIFIED_GSC_UI_SINGLE_DIMENSION,prev28,2026-06-15,2026-07-12,sc-domain:fermatmind.com,web,page,https://fermatmind.com/en/tests/category/career,0,3,0.0,3.0,638,1000,NOT_AVAILABLE_IN_UI_EXPORT,Single-dimension GSC UI export; rows cannot be joined across dimensions; top-row and UI cap limitations apply.
VERIFIED_GSC_UI_SINGLE_DIMENSION,prev28,2026-06-15,2026-07-12,sc-domain:fermatmind.com,web,page,https://fermatmind.com/en/career/jobs/nursing-assistants,0,3,0.0,3.67,639,1000,NOT_AVAILABLE_IN_UI_EXPORT,Single-dimension GSC UI export; rows cannot be joined across dimensions; top-row and UI cap limitations apply.
VERIFIED_GSC_UI_SINGLE_DIMENSION,prev28,2026-06-15,2026-07-12,sc-domain:fermatmind.com,web,page,https://fermatmind.com/en/personality/big-five/extraversion-low,0,3,0.0,3.67,640,1000,NOT_AVAILABLE_IN_UI_EXPORT,Single-dimension GSC UI export; rows cannot be joined across dimensions; top-row and UI cap limitations apply.
VERIFIED_GSC_UI_SINGLE_DIMENSION,prev28,2026-06-15,2026-07-12,sc-domain:fermatmind.com,web,page,https://fermatmind.com/zh/career/jobs/hydroelectric-plant-technicians,0,3,0.0,4.33,641,1000,NOT_AVAILABLE_IN_UI_EXPORT,Single-dimension GSC UI export; rows cannot be joined across dimensions; top-row and UI cap limitations apply.
VERIFIED_GSC_UI_SINGLE_DIMENSION,prev28,2026-06-15,2026-07-12,sc-domain:fermatmind.com,web,page,https://fermatmind.com/en/career/jobs/prepress-technicians-and-workers,0,3,0.0,5.0,642,1000,NOT_AVAILABLE_IN_UI_EXPORT,Single-dimension GSC UI export; rows cannot be joined across dimensions; top-row and UI cap limitations apply.
VERIFIED_GSC_UI_SINGLE_DIMENSION,prev28,2026-06-15,2026-07-12,sc-domain:fermatmind.com,web,page,https://fermatmind.com/en/career/jobs/extruding-and-forming-machine-setters-operators-and-tenders-synthetic-and-glass-fibers,0,3,0.0,5.67,643,1000,NOT_AVAILABLE_IN_UI_EXPORT,Single-dimension GSC UI export; rows cannot be joined across dimensions; top-row and UI cap limitations apply.
VERIFIED_GSC_UI_SINGLE_DIMENSION,prev28,2026-06-15,2026-07-12,sc-domain:fermatmind.com,web,page,https://fermatmind.com/en/topics,0,3,0.0,5.67,644,1000,NOT_AVAILABLE_IN_UI_EXPORT,Single-dimension GSC UI export; rows cannot be joined across dimensions; top-row and UI cap limitations apply.
VERIFIED_GSC_UI_SINGLE_DIMENSION,prev28,2026-06-15,2026-07-12,sc-domain:fermatmind.com,web,page,https://fermatmind.com/en/career/jobs/paper-goods-machine-setters-operators-and-tenders,0,3,0.0,6.0,645,1000,NOT_AVAILABLE_IN_UI_EXPORT,Single-dimension GSC UI export; rows cannot be joined across dimensions; top-row and UI cap limitations apply.
VERIFIED_GSC_UI_SINGLE_DIMENSION,prev28,2026-06-15,2026-07-12,sc-domain:fermatmind.com,web,page,https://fermatmind.com/zh/career/jobs/wind-turbine-technicians,0,3,0.0,6.0,646,1000,NOT_AVAILABLE_IN_UI_EXPORT,Single-dimension GSC UI export; rows cannot be joined across dimensions; top-row and UI cap limitations apply.
VERIFIED_GSC_UI_SINGLE_DIMENSION,prev28,2026-06-15,2026-07-12,sc-domain:fermatmind.com,web,page,https://fermatmind.com/zh/career/jobs/occupational-health-and-safety-specialists-and-technicians,0,3,0.0,6.33,647,1000,NOT_AVAILABLE_IN_UI_EXPORT,Single-dimension GSC UI export; rows cannot be joined across dimensions; top-row and UI cap limitations apply.
VERIFIED_GSC_UI_SINGLE_DIMENSION,prev28,2026-06-15,2026-07-12,sc-domain:fermatmind.com,web,page,https://fermatmind.com/en/career/jobs/textile-winding-twisting-and-drawing-out-machine-setters-operators-and-tenders,0,3,0.0,6.67,648,1000,NOT_AVAILABLE_IN_UI_EXPORT,Single-dimension GSC UI export; rows cannot be joined across dimensions; top-row and UI cap limitations apply.
VERIFIED_GSC_UI_SINGLE_DIMENSION,prev28,2026-06-15,2026-07-12,sc-domain:fermatmind.com,web,page,https://fermatmind.com/en/career/jobs/zoologists-and-wildlife-biologists,0,3,0.0,6.67,649,1000,NOT_AVAILABLE_IN_UI_EXPORT,Single-dimension GSC UI export; rows cannot be joined across dimensions; top-row and UI cap limitations apply.
VERIFIED_GSC_UI_SINGLE_DIMENSION,prev28,2026-06-15,2026-07-12,sc-domain:fermatmind.com,web,page,https://fermatmind.com/en/career/jobs/cytotechnologists,0,3,0.0,7.0,650,1000,NOT_AVAILABLE_IN_UI_EXPORT,Single-dimension GSC UI export; rows cannot be joined across dimensions; top-row and UI cap limitations apply.
VERIFIED_GSC_UI_SINGLE_DIMENSION,prev28,2026-06-15,2026-07-12,sc-domain:fermatmind.com,web,page,https://fermatmind.com/en/articles/childhood-dream-job-still-shapes-career-choice,0,3,0.0,8.0,651,1000,NOT_AVAILABLE_IN_UI_EXPORT,Single-dimension GSC UI export; rows cannot be joined across dimensions; top-row and UI cap limitations apply.
VERIFIED_GSC_UI_SINGLE_DIMENSION,prev28,2026-06-15,2026-07-12,sc-domain:fermatmind.com,web,page,https://fermatmind.com/en/career/jobs/drywall-and-ceiling-tile-installers,0,3,0.0,8.0,652,1000,NOT_AVAILABLE_IN_UI_EXPORT,Single-dimension GSC UI export; rows cannot be joined across dimensions; top-row and UI cap limitations apply.
VERIFIED_GSC_UI_SINGLE_DIMENSION,prev28,2026-06-15,2026-07-12,sc-domain:fermatmind.com,web,page,https://fermatmind.com/en/career/jobs/substance-abuse-and-behavioral-disorder-counselors,0,3,0.0,8.0,653,1000,NOT_AVAILABLE_IN_UI_EXPORT,Single-dimension GSC UI export; rows cannot be joined across dimensions; top-row and UI cap limitations apply.
VERIFIED_GSC_UI_SINGLE_DIMENSION,prev28,2026-06-15,2026-07-12,sc-domain:fermatmind.com,web,page,https://fermatmind.com/en/common-misconceptions,0,3,0.0,8.0,654,1000,NOT_AVAILABLE_IN_UI_EXPORT,Single-dimension GSC UI export; rows cannot be joined across dimensions; top-row and UI cap limitations apply.
VERIFIED_GSC_UI_SINGLE_DIMENSION,prev28,2026-06-15,2026-07-12,sc-domain:fermatmind.com,web,page,https://fermatmind.com/en/career/jobs/dancers,0,3,0.0,8.33,655,1000,NOT_AVAILABLE_IN_UI_EXPORT,Single-dimension GSC UI export; rows cannot be joined across dimensions; top-row and UI cap limitations apply.
VERIFIED_GSC_UI_SINGLE_DIMENSION,prev28,2026-06-15,2026-07-12,sc-domain:fermatmind.com,web,page,https://fermatmind.com/zh/personality/infj-vs-infp,0,3,0.0,8.67,656,1000,NOT_AVAILABLE_IN_UI_EXPORT,Single-dimension GSC UI export; rows cannot be joined across dimensions; top-row and UI cap limitations apply.
VERIFIED_GSC_UI_SINGLE_DIMENSION,prev28,2026-06-15,2026-07-12,sc-domain:fermatmind.com,web,page,https://fermatmind.com/en/career/jobs/urologists,0,3,0.0,9.33,657,1000,NOT_AVAILABLE_IN_UI_EXPORT,Single-dimension GSC UI export; rows cannot be joined across dimensions; top-row and UI cap limitations apply.
VERIFIED_GSC_UI_SINGLE_DIMENSION,prev28,2026-06-15,2026-07-12,sc-domain:fermatmind.com,web,page,https://fermatmind.com/zh/career/jobs/dredge-operators,0,3,0.0,9.33,658,1000,NOT_AVAILABLE_IN_UI_EXPORT,Single-dimension GSC UI export; rows cannot be joined across dimensions; top-row and UI cap limitations apply.
VERIFIED_GSC_UI_SINGLE_DIMENSION,prev28,2026-06-15,2026-07-12,sc-domain:fermatmind.com,web,page,https://fermatmind.com/en/career/jobs/farm-and-home-management-educators,0,3,0.0,9.67,659,1000,NOT_AVAILABLE_IN_UI_EXPORT,Single-dimension GSC UI export; rows cannot be joined across dimensions; top-row and UI cap limitations apply.
VERIFIED_GSC_UI_SINGLE_DIMENSION,prev28,2026-06-15,2026-07-12,sc-domain:fermatmind.com,web,page,https://fermatmind.com/zh/career/jobs/anthropology-and-archeology-teachers-postsecondary,0,3,0.0,10.67,660,1000,NOT_AVAILABLE_IN_UI_EXPORT,Single-dimension GSC UI export; rows cannot be joined across dimensions; top-row and UI cap limitations apply.
VERIFIED_GSC_UI_SINGLE_DIMENSION,prev28,2026-06-15,2026-07-12,sc-domain:fermatmind.com,web,page,https://fermatmind.com/en/career/jobs/special-education-teachers,0,3,0.0,11.0,661,1000,NOT_AVAILABLE_IN_UI_EXPORT,Single-dimension GSC UI export; rows cannot be joined across dimensions; top-row and UI cap limitations apply.
VERIFIED_GSC_UI_SINGLE_DIMENSION,prev28,2026-06-15,2026-07-12,sc-domain:fermatmind.com,web,page,https://fermatmind.com/zh/career/jobs/tree-trimmers-and-pruners,0,3,0.0,11.0,662,1000,NOT_AVAILABLE_IN_UI_EXPORT,Single-dimension GSC UI export; rows cannot be joined across dimensions; top-row and UI cap limitations apply.
VERIFIED_GSC_UI_SINGLE_DIMENSION,prev28,2026-06-15,2026-07-12,sc-domain:fermatmind.com,web,page,https://fermatmind.com/en/career/jobs/helpers-roofers,0,3,0.0,11.33,663,1000,NOT_AVAILABLE_IN_UI_EXPORT,Single-dimension GSC UI export; rows cannot be joined across dimensions; top-row and UI cap limitations apply.
VERIFIED_GSC_UI_SINGLE_DIMENSION,prev28,2026-06-15,2026-07-12,sc-domain:fermatmind.com,web,page,https://fermatmind.com/en/career/jobs/electrical-and-electronics-drafters,0,3,0.0,13.0,664,1000,NOT_AVAILABLE_IN_UI_EXPORT,Single-dimension GSC UI export; rows cannot be joined across dimensions; top-row and UI cap limitations apply.
VERIFIED_GSC_UI_SINGLE_DIMENSION,prev28,2026-06-15,2026-07-12,sc-domain:fermatmind.com,web,page,https://fermatmind.com/zh/career/guides/interview-strategy-by-role,0,3,0.0,13.0,665,1000,NOT_AVAILABLE_IN_UI_EXPORT,Single-dimension GSC UI export; rows cannot be joined across dimensions; top-row and UI cap limitations apply.
VERIFIED_GSC_UI_SINGLE_DIMENSION,prev28,2026-06-15,2026-07-12,sc-domain:fermatmind.com,web,page,https://fermatmind.com/en/articles/which-love-script-fits-you-best,0,3,0.0,13.33,666,1000,NOT_AVAILABLE_IN_UI_EXPORT,Single-dimension GSC UI export; rows cannot be joined across dimensions; top-row and UI cap limitations apply.
VERIFIED_GSC_UI_SINGLE_DIMENSION,prev28,2026-06-15,2026-07-12,sc-domain:fermatmind.com,web,page,https://fermatmind.com/en/career/jobs/painting-coating-and-decorating-workers,0,3,0.0,13.33,667,1000,NOT_AVAILABLE_IN_UI_EXPORT,Single-dimension GSC UI export; rows cannot be joined across dimensions; top-row and UI cap limitations apply.
VERIFIED_GSC_UI_SINGLE_DIMENSION,prev28,2026-06-15,2026-07-12,sc-domain:fermatmind.com,web,page,https://fermatmind.com/en/career/jobs/wind-turbine-technicians,0,3,0.0,13.67,668,1000,NOT_AVAILABLE_IN_UI_EXPORT,Single-dimension GSC UI export; rows cannot be joined across dimensions; top-row and UI cap limitations apply.
VERIFIED_GSC_UI_SINGLE_DIMENSION,prev28,2026-06-15,2026-07-12,sc-domain:fermatmind.com,web,page,https://fermatmind.com/en/personality/estp-a,0,3,0.0,13.67,669,1000,NOT_AVAILABLE_IN_UI_EXPORT,Single-dimension GSC UI export; rows cannot be joined across dimensions; top-row and UI cap limitations apply.
VERIFIED_GSC_UI_SINGLE_DIMENSION,prev28,2026-06-15,2026-07-12,sc-domain:fermatmind.com,web,page,https://fermatmind.com/en/career/jobs/audio-and-video-technicians,0,3,0.0,14.33,670,1000,NOT_AVAILABLE_IN_UI_EXPORT,Single-dimension GSC UI export; rows cannot be joined across dimensions; top-row and UI cap limitations apply.
VERIFIED_GSC_UI_SINGLE_DIMENSION,prev28,2026-06-15,2026-07-12,sc-domain:fermatmind.com,web,page,https://fermatmind.com/en/career/jobs/hydroelectric-plant-technicians,0,3,0.0,14.33,671,1000,NOT_AVAILABLE_IN_UI_EXPORT,Single-dimension GSC UI export; rows cannot be joined across dimensions; top-row and UI cap limitations apply.
VERIFIED_GSC_UI_SINGLE_DIMENSION,prev28,2026-06-15,2026-07-12,sc-domain:fermatmind.com,web,page,https://fermatmind.com/en/career/jobs/insulation-workers-mechanical,0,3,0.0,14.67,672,1000,NOT_AVAILABLE_IN_UI_EXPORT,Single-dimension GSC UI export; rows cannot be joined across dimensions; top-row and UI cap limitations apply.
VERIFIED_GSC_UI_SINGLE_DIMENSION,prev28,2026-06-15,2026-07-12,sc-domain:fermatmind.com,web,page,https://fermatmind.com/en/career/jobs/small-engine-mechanics,0,3,0.0,14.67,673,1000,NOT_AVAILABLE_IN_UI_EXPORT,Single-dimension GSC UI export; rows cannot be joined across dimensions; top-row and UI cap limitations apply.
VERIFIED_GSC_UI_SINGLE_DIMENSION,prev28,2026-06-15,2026-07-12,sc-domain:fermatmind.com,web,page,https://fermatmind.com/zh/career/jobs/parts-salespersons,0,3,0.0,14.67,674,1000,NOT_AVAILABLE_IN_UI_EXPORT,Single-dimension GSC UI export; rows cannot be joined across dimensions; top-row and UI cap limitations apply.
VERIFIED_GSC_UI_SINGLE_DIMENSION,prev28,2026-06-15,2026-07-12,sc-domain:fermatmind.com,web,page,https://fermatmind.com/zh/career/jobs/rail-yard-engineers-dinkey-operators-and-hostlers,0,3,0.0,15.0,675,1000,NOT_AVAILABLE_IN_UI_EXPORT,Single-dimension GSC UI export; rows cannot be joined across dimensions; top-row and UI cap limitations apply.
VERIFIED_GSC_UI_SINGLE_DIMENSION,prev28,2026-06-15,2026-07-12,sc-domain:fermatmind.com,web,page,https://fermatmind.com/zh/career/jobs/extruding-and-forming-machine-setters-operators-and-tenders-synthetic-and-glass-fibers,0,3,0.0,15.33,676,1000,NOT_AVAILABLE_IN_UI_EXPORT,Single-dimension GSC UI export; rows cannot be joined across dimensions; top-row and UI cap limitations apply.
VERIFIED_GSC_UI_SINGLE_DIMENSION,prev28,2026-06-15,2026-07-12,sc-domain:fermatmind.com,web,page,https://fermatmind.com/en/career/jobs/slaughterers-and-meat-packers,0,3,0.0,16.0,677,1000,NOT_AVAILABLE_IN_UI_EXPORT,Single-dimension GSC UI export; rows cannot be joined across dimensions; top-row and UI cap limitations apply.
VERIFIED_GSC_UI_SINGLE_DIMENSION,prev28,2026-06-15,2026-07-12,sc-domain:fermatmind.com,web,page,https://fermatmind.com/en/career/jobs/media-technical-directors-managers,0,3,0.0,16.33,678,1000,NOT_AVAILABLE_IN_UI_EXPORT,Single-dimension GSC UI export; rows cannot be joined across dimensions; top-row and UI cap limitations apply.
VERIFIED_GSC_UI_SINGLE_DIMENSION,prev28,2026-06-15,2026-07-12,sc-domain:fermatmind.com,web,page,https://fermatmind.com/en/career/jobs/timing-device-assemblers-and-adjusters,0,3,0.0,19.0,679,1000,NOT_AVAILABLE_IN_UI_EXPORT,Single-dimension GSC UI export; rows cannot be joined across dimensions; top-row and UI cap limitations apply.
VERIFIED_GSC_UI_SINGLE_DIMENSION,prev28,2026-06-15,2026-07-12,sc-domain:fermatmind.com,web,page,https://fermatmind.com/zh/career/industries/management,0,3,0.0,19.0,680,1000,NOT_AVAILABLE_IN_UI_EXPORT,Single-dimension GSC UI export; rows cannot be joined across dimensions; top-row and UI cap limitations apply.
VERIFIED_GSC_UI_SINGLE_DIMENSION,prev28,2026-06-15,2026-07-12,sc-domain:fermatmind.com,web,page,https://fermatmind.com/zh/career/jobs/tax-examiners-and-collectors-and-revenue-agents,0,3,0.0,19.33,681,1000,NOT_AVAILABLE_IN_UI_EXPORT,Single-dimension GSC UI export; rows cannot be joined across dimensions; top-row and UI cap limitations apply.
VERIFIED_GSC_UI_SINGLE_DIMENSION,prev28,2026-06-15,2026-07-12,sc-domain:fermatmind.com,web,page,https://fermatmind.com/zh/career/jobs/cooling-and-freezing-equipment-operators-and-tenders,0,3,0.0,19.67,682,1000,NOT_AVAILABLE_IN_UI_EXPORT,Single-dimension GSC UI export; rows cannot be joined across dimensions; top-row and UI cap limitations apply.
VERIFIED_GSC_UI_SINGLE_DIMENSION,prev28,2026-06-15,2026-07-12,sc-domain:fermatmind.com,web,page,https://fermatmind.com/zh/career/jobs/education-and-childcare-administrators-preschool-and-daycare,0,3,0.0,19.67,683,1000,NOT_AVAILABLE_IN_UI_EXPORT,Single-dimension GSC UI export; rows cannot be joined across dimensions; top-row and UI cap limitations apply.
VERIFIED_GSC_UI_SINGLE_DIMENSION,prev28,2026-06-15,2026-07-12,sc-domain:fermatmind.com,web,page,https://fermatmind.com/en/career/jobs/veterinary-assistants-and-laboratory-animal-caretakers,0,3,0.0,20.0,684,1000,NOT_AVAILABLE_IN_UI_EXPORT,Single-dimension GSC UI export; rows cannot be joined across dimensions; top-row and UI cap limitations apply.
VERIFIED_GSC_UI_SINGLE_DIMENSION,prev28,2026-06-15,2026-07-12,sc-domain:fermatmind.com,web,page,https://fermatmind.com/zh/career/jobs/hydrologists,0,3,0.0,20.33,685,1000,NOT_AVAILABLE_IN_UI_EXPORT,Single-dimension GSC UI export; rows cannot be joined across dimensions; top-row and UI cap limitations apply.
VERIFIED_GSC_UI_SINGLE_DIMENSION,prev28,2026-06-15,2026-07-12,sc-domain:fermatmind.com,web,page,https://fermatmind.com/en/career/jobs/rail-yard-engineers-dinkey-operators-and-hostlers,0,3,0.0,20.67,686,1000,NOT_AVAILABLE_IN_UI_EXPORT,Single-dimension GSC UI export; rows cannot be joined across dimensions; top-row and UI cap limitations apply.
VERIFIED_GSC_UI_SINGLE_DIMENSION,prev28,2026-06-15,2026-07-12,sc-domain:fermatmind.com,web,page,https://fermatmind.com/en/career/jobs/economics-teachers-postsecondary,0,3,0.0,21.0,687,1000,NOT_AVAILABLE_IN_UI_EXPORT,Single-dimension GSC UI export; rows cannot be joined across dimensions; top-row and UI cap limitations apply.
VERIFIED_GSC_UI_SINGLE_DIMENSION,prev28,2026-06-15,2026-07-12,sc-domain:fermatmind.com,web,page,https://fermatmind.com/zh/career/jobs/aircraft-launch-and-recovery-officers,0,3,0.0,23.33,688,1000,NOT_AVAILABLE_IN_UI_EXPORT,Single-dimension GSC UI export; rows cannot be joined across dimensions; top-row and UI cap limitations apply.
VERIFIED_GSC_UI_SINGLE_DIMENSION,prev28,2026-06-15,2026-07-12,sc-domain:fermatmind.com,web,page,https://fermatmind.com/en/career/jobs/medical-transcriptionists,0,3,0.0,24.33,690,1000,NOT_AVAILABLE_IN_UI_EXPORT,Single-dimension GSC UI export; rows cannot be joined across dimensions; top-row and UI cap limitations apply.
VERIFIED_GSC_UI_SINGLE_DIMENSION,prev28,2026-06-15,2026-07-12,sc-domain:fermatmind.com,web,page,https://fermatmind.com/en/career/jobs/hydrologic-technicians,0,3,0.0,25.67,691,1000,NOT_AVAILABLE_IN_UI_EXPORT,Single-dimension GSC UI export; rows cannot be joined across dimensions; top-row and UI cap limitations apply.
VERIFIED_GSC_UI_SINGLE_DIMENSION,prev28,2026-06-15,2026-07-12,sc-domain:fermatmind.com,web,page,https://fermatmind.com/en/personality/entj-a,0,3,0.0,25.67,692,1000,NOT_AVAILABLE_IN_UI_EXPORT,Single-dimension GSC UI export; rows cannot be joined across dimensions; top-row and UI cap limitations apply.
VERIFIED_GSC_UI_SINGLE_DIMENSION,prev28,2026-06-15,2026-07-12,sc-domain:fermatmind.com,web,page,https://fermatmind.com/zh/career/jobs/facilities-managers,0,3,0.0,41.0,693,1000,NOT_AVAILABLE_IN_UI_EXPORT,Single-dimension GSC UI export; rows cannot be joined across dimensions; top-row and UI cap limitations apply.
VERIFIED_GSC_UI_SINGLE_DIMENSION,prev28,2026-06-15,2026-07-12,sc-domain:fermatmind.com,web,page,https://fermatmind.com/en/personality/enneagram/type-4,0,3,0.0,47.67,694,1000,NOT_AVAILABLE_IN_UI_EXPORT,Single-dimension GSC UI export; rows cannot be joined across dimensions; top-row and UI cap limitations apply.
VERIFIED_GSC_UI_SINGLE_DIMENSION,prev28,2026-06-15,2026-07-12,sc-domain:fermatmind.com,web,page,https://fermatmind.com/zh/career/jobs/geological-technicians-except-hydrologic-technicians,0,2,0.0,1.0,695,1000,NOT_AVAILABLE_IN_UI_EXPORT,Single-dimension GSC UI export; rows cannot be joined across dimensions; top-row and UI cap limitations apply.
VERIFIED_GSC_UI_SINGLE_DIMENSION,prev28,2026-06-15,2026-07-12,sc-domain:fermatmind.com,web,page,https://fermatmind.com/zh/career/jobs/paper-goods-machine-setters-operators-and-tenders,0,2,0.0,1.0,696,1000,NOT_AVAILABLE_IN_UI_EXPORT,Single-dimension GSC UI export; rows cannot be joined across dimensions; top-row and UI cap limitations apply.
VERIFIED_GSC_UI_SINGLE_DIMENSION,prev28,2026-06-15,2026-07-12,sc-domain:fermatmind.com,web,page,https://fermatmind.com/zh/personality/intj-vs-intp,0,2,0.0,1.0,697,1000,NOT_AVAILABLE_IN_UI_EXPORT,Single-dimension GSC UI export; rows cannot be joined across dimensions; top-row and UI cap limitations apply.
VERIFIED_GSC_UI_SINGLE_DIMENSION,prev28,2026-06-15,2026-07-12,sc-domain:fermatmind.com,web,page,https://fermatmind.com/zh/personality/big-five/openness-low,0,2,0.0,4.0,698,1000,NOT_AVAILABLE_IN_UI_EXPORT,Single-dimension GSC UI export; rows cannot be joined across dimensions; top-row and UI cap limitations apply.
VERIFIED_GSC_UI_SINGLE_DIMENSION,prev28,2026-06-15,2026-07-12,sc-domain:fermatmind.com,web,page,https://fermatmind.com/zh/personality/entj-vs-intj,0,2,0.0,4.0,699,1000,NOT_AVAILABLE_IN_UI_EXPORT,Single-dimension GSC UI export; rows cannot be joined across dimensions; top-row and UI cap limitations apply.
VERIFIED_GSC_UI_SINGLE_DIMENSION,prev28,2026-06-15,2026-07-12,sc-domain:fermatmind.com,web,page,https://fermatmind.com/en/career/jobs/log-graders-and-scalers,0,2,0.0,4.5,700,1000,NOT_AVAILABLE_IN_UI_EXPORT,Single-dimension GSC UI export; rows cannot be joined across dimensions; top-row and UI cap limitations apply.
VERIFIED_GSC_UI_SINGLE_DIMENSION,prev28,2026-06-15,2026-07-12,sc-domain:fermatmind.com,web,page,https://fermatmind.com/zh/career/jobs/solar-energy-installation-managers,0,2,0.0,4.5,701,1000,NOT_AVAILABLE_IN_UI_EXPORT,Single-dimension GSC UI export; rows cannot be joined across dimensions; top-row and UI cap limitations apply.
VERIFIED_GSC_UI_SINGLE_DIMENSION,prev28,2026-06-15,2026-07-12,sc-domain:fermatmind.com,web,page,https://fermatmind.com/zh/personality/big-five/openness-high,0,2,0.0,5.0,702,1000,NOT_AVAILABLE_IN_UI_EXPORT,Single-dimension GSC UI export; rows cannot be joined across dimensions; top-row and UI cap limitations apply.
VERIFIED_GSC_UI_SINGLE_DIMENSION,prev28,2026-06-15,2026-07-12,sc-domain:fermatmind.com,web,page,https://fermatmind.com/zh/career/jobs/school-and-career-counselors,0,2,0.0,5.5,703,1000,NOT_AVAILABLE_IN_UI_EXPORT,Single-dimension GSC UI export; rows cannot be joined across dimensions; top-row and UI cap limitations apply.
VERIFIED_GSC_UI_SINGLE_DIMENSION,prev28,2026-06-15,2026-07-12,sc-domain:fermatmind.com,web,page,https://fermatmind.com/zh/career/jobs/training-and-development-specialists,0,2,0.0,5.5,704,1000,NOT_AVAILABLE_IN_UI_EXPORT,Single-dimension GSC UI export; rows cannot be joined across dimensions; top-row and UI cap limitations apply.
VERIFIED_GSC_UI_SINGLE_DIMENSION,prev28,2026-06-15,2026-07-12,sc-domain:fermatmind.com,web,page,https://fermatmind.com/en/career/jobs/physics-teachers-postsecondary,0,2,0.0,6.0,705,1000,NOT_AVAILABLE_IN_UI_EXPORT,Single-dimension GSC UI export; rows cannot be joined across dimensions; top-row and UI cap limitations apply.
VERIFIED_GSC_UI_SINGLE_DIMENSION,prev28,2026-06-15,2026-07-12,sc-domain:fermatmind.com,web,page,https://fermatmind.com/en/career/jobs/sociology-teachers-postsecondary,0,2,0.0,6.0,706,1000,NOT_AVAILABLE_IN_UI_EXPORT,Single-dimension GSC UI export; rows cannot be joined across dimensions; top-row and UI cap limitations apply.
VERIFIED_GSC_UI_SINGLE_DIMENSION,prev28,2026-06-15,2026-07-12,sc-domain:fermatmind.com,web,page,https://fermatmind.com/en/personality/big-five/facets/modesty,0,2,0.0,6.0,707,1000,NOT_AVAILABLE_IN_UI_EXPORT,Single-dimension GSC UI export; rows cannot be joined across dimensions; top-row and UI cap limitations apply.
VERIFIED_GSC_UI_SINGLE_DIMENSION,prev28,2026-06-15,2026-07-12,sc-domain:fermatmind.com,web,page,https://fermatmind.com/en/personality/enneagram/wings/3w4,0,2,0.0,6.0,708,1000,NOT_AVAILABLE_IN_UI_EXPORT,Single-dimension GSC UI export; rows cannot be joined across dimensions; top-row and UI cap limitations apply.
VERIFIED_GSC_UI_SINGLE_DIMENSION,prev28,2026-06-15,2026-07-12,sc-domain:fermatmind.com,web,page,https://fermatmind.com/zh/career/jobs/mechanical-engineering-technicians,0,2,0.0,6.0,709,1000,NOT_AVAILABLE_IN_UI_EXPORT,Single-dimension GSC UI export; rows cannot be joined across dimensions; top-row and UI cap limitations apply.
VERIFIED_GSC_UI_SINGLE_DIMENSION,prev28,2026-06-15,2026-07-12,sc-domain:fermatmind.com,web,page,https://fermatmind.com/en/career/jobs/gas-compressor-and-gas-pumping-station-operators,0,2,0.0,6.5,710,1000,NOT_AVAILABLE_IN_UI_EXPORT,Single-dimension GSC UI export; rows cannot be joined across dimensions; top-row and UI cap limitations apply.
VERIFIED_GSC_UI_SINGLE_DIMENSION,prev28,2026-06-15,2026-07-12,sc-domain:fermatmind.com,web,page,https://fermatmind.com/en/career/jobs/library-technicians,0,2,0.0,6.5,711,1000,NOT_AVAILABLE_IN_UI_EXPORT,Single-dimension GSC UI export; rows cannot be joined across dimensions; top-row and UI cap limitations apply.
VERIFIED_GSC_UI_SINGLE_DIMENSION,prev28,2026-06-15,2026-07-12,sc-domain:fermatmind.com,web,page,https://fermatmind.com/en/career/jobs/anesthesiologist-assistants,0,2,0.0,7.0,712,1000,NOT_AVAILABLE_IN_UI_EXPORT,Single-dimension GSC UI export; rows cannot be joined across dimensions; top-row and UI cap limitations apply.
VERIFIED_GSC_UI_SINGLE_DIMENSION,prev28,2026-06-15,2026-07-12,sc-domain:fermatmind.com,web,page,https://fermatmind.com/en/career/jobs/ophthalmic-laboratory-technicians,0,2,0.0,7.0,713,1000,NOT_AVAILABLE_IN_UI_EXPORT,Single-dimension GSC UI export; rows cannot be joined across dimensions; top-row and UI cap limitations apply.
VERIFIED_GSC_UI_SINGLE_DIMENSION,prev28,2026-06-15,2026-07-12,sc-domain:fermatmind.com,web,page,https://fermatmind.com/en/career/jobs/segmental-pavers,0,2,0.0,7.5,714,1000,NOT_AVAILABLE_IN_UI_EXPORT,Single-dimension GSC UI export; rows cannot be joined across dimensions; top-row and UI cap limitations apply.
VERIFIED_GSC_UI_SINGLE_DIMENSION,prev28,2026-06-15,2026-07-12,sc-domain:fermatmind.com,web,page,https://fermatmind.com/en/personality/enfj-a-vs-enfj-t,0,2,0.0,7.5,715,1000,NOT_AVAILABLE_IN_UI_EXPORT,Single-dimension GSC UI export; rows cannot be joined across dimensions; top-row and UI cap limitations apply.
VERIFIED_GSC_UI_SINGLE_DIMENSION,prev28,2026-06-15,2026-07-12,sc-domain:fermatmind.com,web,page,https://fermatmind.com/en/career/jobs/janitors-and-building-cleaners,0,2,0.0,8.0,716,1000,NOT_AVAILABLE_IN_UI_EXPORT,Single-dimension GSC UI export; rows cannot be joined across dimensions; top-row and UI cap limitations apply.
VERIFIED_GSC_UI_SINGLE_DIMENSION,prev28,2026-06-15,2026-07-12,sc-domain:fermatmind.com,web,page,https://fermatmind.com/en/career/jobs/aircraft-and-avionics-equipment-mechanics-and-technicians,0,2,0.0,8.5,717,1000,NOT_AVAILABLE_IN_UI_EXPORT,Single-dimension GSC UI export; rows cannot be joined across dimensions; top-row and UI cap limitations apply.
VERIFIED_GSC_UI_SINGLE_DIMENSION,prev28,2026-06-15,2026-07-12,sc-domain:fermatmind.com,web,page,https://fermatmind.com/en/career/jobs/genetic-counselors,0,2,0.0,8.5,718,1000,NOT_AVAILABLE_IN_UI_EXPORT,Single-dimension GSC UI export; rows cannot be joined across dimensions; top-row and UI cap limitations apply.
VERIFIED_GSC_UI_SINGLE_DIMENSION,prev28,2026-06-15,2026-07-12,sc-domain:fermatmind.com,web,page,https://fermatmind.com/en/career/jobs/orderlies,0,2,0.0,8.5,719,1000,NOT_AVAILABLE_IN_UI_EXPORT,Single-dimension GSC UI export; rows cannot be joined across dimensions; top-row and UI cap limitations apply.
VERIFIED_GSC_UI_SINGLE_DIMENSION,prev28,2026-06-15,2026-07-12,sc-domain:fermatmind.com,web,page,https://fermatmind.com/en/career/jobs/cutters-and-trimmers-hand,0,2,0.0,9.0,720,1000,NOT_AVAILABLE_IN_UI_EXPORT,Single-dimension GSC UI export; rows cannot be joined across dimensions; top-row and UI cap limitations apply.
VERIFIED_GSC_UI_SINGLE_DIMENSION,prev28,2026-06-15,2026-07-12,sc-domain:fermatmind.com,web,page,https://fermatmind.com/en/career/jobs/fitness-and-wellness-coordinators,0,2,0.0,9.0,721,1000,NOT_AVAILABLE_IN_UI_EXPORT,Single-dimension GSC UI export; rows cannot be joined across dimensions; top-row and UI cap limitations apply.
VERIFIED_GSC_UI_SINGLE_DIMENSION,prev28,2026-06-15,2026-07-12,sc-domain:fermatmind.com,web,page,https://fermatmind.com/en/career/jobs/solar-energy-installation-managers,0,2,0.0,9.0,722,1000,NOT_AVAILABLE_IN_UI_EXPORT,Single-dimension GSC UI export; rows cannot be joined across dimensions; top-row and UI cap limitations apply.
VERIFIED_GSC_UI_SINGLE_DIMENSION,prev28,2026-06-15,2026-07-12,sc-domain:fermatmind.com,web,page,https://fermatmind.com/en/career/jobs/structural-iron-and-steel-workers,0,2,0.0,9.0,723,1000,NOT_AVAILABLE_IN_UI_EXPORT,Single-dimension GSC UI export; rows cannot be joined across dimensions; top-row and UI cap limitations apply.
VERIFIED_GSC_UI_SINGLE_DIMENSION,prev28,2026-06-15,2026-07-12,sc-domain:fermatmind.com,web,page,https://fermatmind.com/en/career/jobs/community-health-workers,0,2,0.0,10.5,724,1000,NOT_AVAILABLE_IN_UI_EXPORT,Single-dimension GSC UI export; rows cannot be joined across dimensions; top-row and UI cap limitations apply.
VERIFIED_GSC_UI_SINGLE_DIMENSION,prev28,2026-06-15,2026-07-12,sc-domain:fermatmind.com,web,page,https://fermatmind.com/zh/career/jobs/rail-track-laying-and-maintenance-equipment-operators,0,2,0.0,10.5,725,1000,NOT_AVAILABLE_IN_UI_EXPORT,Single-dimension GSC UI export; rows cannot be joined across dimensions; top-row and UI cap limitations apply.
VERIFIED_GSC_UI_SINGLE_DIMENSION,prev28,2026-06-15,2026-07-12,sc-domain:fermatmind.com,web,page,https://fermatmind.com/zh/career/jobs/small-engine-mechanics,0,2,0.0,11.0,726,1000,NOT_AVAILABLE_IN_UI_EXPORT,Single-dimension GSC UI export; rows cannot be joined across dimensions; top-row and UI cap limitations apply.
VERIFIED_GSC_UI_SINGLE_DIMENSION,prev28,2026-06-15,2026-07-12,sc-domain:fermatmind.com,web,page,https://fermatmind.com/zh/career/jobs/education-administrators-postsecondary,0,2,0.0,11.5,727,1000,NOT_AVAILABLE_IN_UI_EXPORT,Single-dimension GSC UI export; rows cannot be joined across dimensions; top-row and UI cap limitations apply.
VERIFIED_GSC_UI_SINGLE_DIMENSION,prev28,2026-06-15,2026-07-12,sc-domain:fermatmind.com,web,page,https://fermatmind.com/en/personality/big-five/facets/assertiveness,0,2,0.0,14.5,728,1000,NOT_AVAILABLE_IN_UI_EXPORT,Single-dimension GSC UI export; rows cannot be joined across dimensions; top-row and UI cap limitations apply.
VERIFIED_GSC_UI_SINGLE_DIMENSION,prev28,2026-06-15,2026-07-12,sc-domain:fermatmind.com,web,page,https://fermatmind.com/zh/articles/iq-test-narrative-portrait,0,2,0.0,14.5,729,1000,NOT_AVAILABLE_IN_UI_EXPORT,Single-dimension GSC UI export; rows cannot be joined across dimensions; top-row and UI cap limitations apply.
VERIFIED_GSC_UI_SINGLE_DIMENSION,prev28,2026-06-15,2026-07-12,sc-domain:fermatmind.com,web,page,https://fermatmind.com/en/career/jobs/home-health-aides-and-personal-care-aides,0,2,0.0,15.0,730,1000,NOT_AVAILABLE_IN_UI_EXPORT,Single-dimension GSC UI export; rows cannot be joined across dimensions; top-row and UI cap limitations apply.
VERIFIED_GSC_UI_SINGLE_DIMENSION,prev28,2026-06-15,2026-07-12,sc-domain:fermatmind.com,web,page,https://fermatmind.com/zh/career/industries/design,0,2,0.0,15.0,731,1000,NOT_AVAILABLE_IN_UI_EXPORT,Single-dimension GSC UI export; rows cannot be joined across dimensions; top-row and UI cap limitations apply.
VERIFIED_GSC_UI_SINGLE_DIMENSION,prev28,2026-06-15,2026-07-12,sc-domain:fermatmind.com,web,page,https://fermatmind.com/en/datasets/occupations/method,0,2,0.0,16.0,732,1000,NOT_AVAILABLE_IN_UI_EXPORT,Single-dimension GSC UI export; rows cannot be joined across dimensions; top-row and UI cap limitations apply.
VERIFIED_GSC_UI_SINGLE_DIMENSION,prev28,2026-06-15,2026-07-12,sc-domain:fermatmind.com,web,page,https://fermatmind.com/zh/personality/big-five/openness-mid,0,2,0.0,16.5,733,1000,NOT_AVAILABLE_IN_UI_EXPORT,Single-dimension GSC UI export; rows cannot be joined across dimensions; top-row and UI cap limitations apply.
VERIFIED_GSC_UI_SINGLE_DIMENSION,prev28,2026-06-15,2026-07-12,sc-domain:fermatmind.com,web,page,https://fermatmind.com/en/career/jobs/wind-energy-development-managers,0,2,0.0,18.0,734,1000,NOT_AVAILABLE_IN_UI_EXPORT,Single-dimension GSC UI export; rows cannot be joined across dimensions; top-row and UI cap limitations apply.
VERIFIED_GSC_UI_SINGLE_DIMENSION,prev28,2026-06-15,2026-07-12,sc-domain:fermatmind.com,web,page,https://fermatmind.com/en/career/jobs/computer-programmers,0,2,0.0,19.5,735,1000,NOT_AVAILABLE_IN_UI_EXPORT,Single-dimension GSC UI export; rows cannot be joined across dimensions; top-row and UI cap limitations apply.
VERIFIED_GSC_UI_SINGLE_DIMENSION,prev28,2026-06-15,2026-07-12,sc-domain:fermatmind.com,web,page,https://fermatmind.com/en/career/jobs/costume-attendants,0,2,0.0,19.5,736,1000,NOT_AVAILABLE_IN_UI_EXPORT,Single-dimension GSC UI export; rows cannot be joined across dimensions; top-row and UI cap limitations apply.
VERIFIED_GSC_UI_SINGLE_DIMENSION,prev28,2026-06-15,2026-07-12,sc-domain:fermatmind.com,web,page,https://fermatmind.com/en/career/jobs/molders-shapers-and-casters-except-metal-and-plastic,0,2,0.0,20.5,737,1000,NOT_AVAILABLE_IN_UI_EXPORT,Single-dimension GSC UI export; rows cannot be joined across dimensions; top-row and UI cap limitations apply.
VERIFIED_GSC_UI_SINGLE_DIMENSION,prev28,2026-06-15,2026-07-12,sc-domain:fermatmind.com,web,page,https://fermatmind.com/zh/career/jobs/physical-medicine-and-rehabilitation-physicians,0,2,0.0,20.5,738,1000,NOT_AVAILABLE_IN_UI_EXPORT,Single-dimension GSC UI export; rows cannot be joined across dimensions; top-row and UI cap limitations apply.
VERIFIED_GSC_UI_SINGLE_DIMENSION,prev28,2026-06-15,2026-07-12,sc-domain:fermatmind.com,web,page,https://fermatmind.com/en/articles/big-five-conscientiousness-low-procrastination-task-plan,0,2,0.0,21.0,739,1000,NOT_AVAILABLE_IN_UI_EXPORT,Single-dimension GSC UI export; rows cannot be joined across dimensions; top-row and UI cap limitations apply.
VERIFIED_GSC_UI_SINGLE_DIMENSION,prev28,2026-06-15,2026-07-12,sc-domain:fermatmind.com,web,page,https://fermatmind.com/zh/career/jobs/first-line-supervisors-of-police-and-detectives,0,2,0.0,21.0,740,1000,NOT_AVAILABLE_IN_UI_EXPORT,Single-dimension GSC UI export; rows cannot be joined across dimensions; top-row and UI cap limitations apply.
VERIFIED_GSC_UI_SINGLE_DIMENSION,prev28,2026-06-15,2026-07-12,sc-domain:fermatmind.com,web,page,https://fermatmind.com/zh/career/jobs/area-ethnic-and-cultural-studies-teachers-postsecondary,0,2,0.0,23.0,741,1000,NOT_AVAILABLE_IN_UI_EXPORT,Single-dimension GSC UI export; rows cannot be joined across dimensions; top-row and UI cap limitations apply.
VERIFIED_GSC_UI_SINGLE_DIMENSION,prev28,2026-06-15,2026-07-12,sc-domain:fermatmind.com,web,page,https://fermatmind.com/zh/career/jobs/sales-representatives-of-services-except-advertising-insurance-financial-services-and-travel,0,2,0.0,28.0,742,1000,NOT_AVAILABLE_IN_UI_EXPORT,Single-dimension GSC UI export; rows cannot be joined across dimensions; top-row and UI cap limitations apply.
VERIFIED_GSC_UI_SINGLE_DIMENSION,prev28,2026-06-15,2026-07-12,sc-domain:fermatmind.com,web,page,https://fermatmind.com/en/career/jobs/solar-thermal-installers-and-technicians,0,2,0.0,28.5,743,1000,NOT_AVAILABLE_IN_UI_EXPORT,Single-dimension GSC UI export; rows cannot be joined across dimensions; top-row and UI cap limitations apply.
VERIFIED_GSC_UI_SINGLE_DIMENSION,prev28,2026-06-15,2026-07-12,sc-domain:fermatmind.com,web,page,https://fermatmind.com/zh/business,0,2,0.0,28.5,744,1000,NOT_AVAILABLE_IN_UI_EXPORT,Single-dimension GSC UI export; rows cannot be joined across dimensions; top-row and UI cap limitations apply.
VERIFIED_GSC_UI_SINGLE_DIMENSION,prev28,2026-06-15,2026-07-12,sc-domain:fermatmind.com,web,page,https://fermatmind.com/zh/career/jobs/layout-workers-metal-and-plastic,0,2,0.0,29.0,745,1000,NOT_AVAILABLE_IN_UI_EXPORT,Single-dimension GSC UI export; rows cannot be joined across dimensions; top-row and UI cap limitations apply.
VERIFIED_GSC_UI_SINGLE_DIMENSION,prev28,2026-06-15,2026-07-12,sc-domain:fermatmind.com,web,page,https://fermatmind.com/zh/career/jobs/roofers,0,2,0.0,29.0,746,1000,NOT_AVAILABLE_IN_UI_EXPORT,Single-dimension GSC UI export; rows cannot be joined across dimensions; top-row and UI cap limitations apply.
VERIFIED_GSC_UI_SINGLE_DIMENSION,prev28,2026-06-15,2026-07-12,sc-domain:fermatmind.com,web,page,https://fermatmind.com/en/career/jobs/customs-and-border-protection-officers,0,2,0.0,30.0,747,1000,NOT_AVAILABLE_IN_UI_EXPORT,Single-dimension GSC UI export; rows cannot be joined across dimensions; top-row and UI cap limitations apply.
VERIFIED_GSC_UI_SINGLE_DIMENSION,prev28,2026-06-15,2026-07-12,sc-domain:fermatmind.com,web,page,https://fermatmind.com/en/personality/enneagram/wings/4w3,0,2,0.0,30.0,748,1000,NOT_AVAILABLE_IN_UI_EXPORT,Single-dimension GSC UI export; rows cannot be joined across dimensions; top-row and UI cap limitations apply.
VERIFIED_GSC_UI_SINGLE_DIMENSION,prev28,2026-06-15,2026-07-12,sc-domain:fermatmind.com,web,page,https://fermatmind.com/zh/help/contact,0,2,0.0,30.5,749,1000,NOT_AVAILABLE_IN_UI_EXPORT,Single-dimension GSC UI export; rows cannot be joined across dimensions; top-row and UI cap limitations apply.
VERIFIED_GSC_UI_SINGLE_DIMENSION,prev28,2026-06-15,2026-07-12,sc-domain:fermatmind.com,web,page,https://fermatmind.com/zh/career/jobs/childcare-workers,0,2,0.0,32.0,750,1000,NOT_AVAILABLE_IN_UI_EXPORT,Single-dimension GSC UI export; rows cannot be joined across dimensions; top-row and UI cap limitations apply.
VERIFIED_GSC_UI_SINGLE_DIMENSION,prev28,2026-06-15,2026-07-12,sc-domain:fermatmind.com,web,page,https://fermatmind.com/en/personality/big-five/high-conscientiousness,0,2,0.0,37.5,751,1000,NOT_AVAILABLE_IN_UI_EXPORT,Single-dimension GSC UI export; rows cannot be joined across dimensions; top-row and UI cap limitations apply.
VERIFIED_GSC_UI_SINGLE_DIMENSION,prev28,2026-06-15,2026-07-12,sc-domain:fermatmind.com,web,page,https://fermatmind.com/en/career/jobs/film-and-video-editors-and-camera-operators,0,1,0.0,1.0,752,1000,NOT_AVAILABLE_IN_UI_EXPORT,Single-dimension GSC UI export; rows cannot be joined across dimensions; top-row and UI cap limitations apply.
VERIFIED_GSC_UI_SINGLE_DIMENSION,prev28,2026-06-15,2026-07-12,sc-domain:fermatmind.com,web,page,https://fermatmind.com/en/career/jobs/law-teachers-postsecondary,0,1,0.0,1.0,753,1000,NOT_AVAILABLE_IN_UI_EXPORT,Single-dimension GSC UI export; rows cannot be joined across dimensions; top-row and UI cap limitations apply.
VERIFIED_GSC_UI_SINGLE_DIMENSION,prev28,2026-06-15,2026-07-12,sc-domain:fermatmind.com,web,page,https://fermatmind.com/zh/personality/big-five/conscientiousness-mid,0,1,0.0,1.0,754,1000,NOT_AVAILABLE_IN_UI_EXPORT,Single-dimension GSC UI export; rows cannot be joined across dimensions; top-row and UI cap limitations apply.
VERIFIED_GSC_UI_SINGLE_DIMENSION,prev28,2026-06-15,2026-07-12,sc-domain:fermatmind.com,web,page,https://fermatmind.com/en/career/jobs/insurance-sales-agents,0,1,0.0,2.0,755,1000,NOT_AVAILABLE_IN_UI_EXPORT,Single-dimension GSC UI export; rows cannot be joined across dimensions; top-row and UI cap limitations apply.
VERIFIED_GSC_UI_SINGLE_DIMENSION,prev28,2026-06-15,2026-07-12,sc-domain:fermatmind.com,web,page,https://fermatmind.com/en/career/jobs/tax-examiners-and-collectors-and-revenue-agents,0,1,0.0,2.0,756,1000,NOT_AVAILABLE_IN_UI_EXPORT,Single-dimension GSC UI export; rows cannot be joined across dimensions; top-row and UI cap limitations apply.
VERIFIED_GSC_UI_SINGLE_DIMENSION,prev28,2026-06-15,2026-07-12,sc-domain:fermatmind.com,web,page,https://fermatmind.com/zh/career/jobs/search-marketing-strategists,0,1,0.0,2.0,757,1000,NOT_AVAILABLE_IN_UI_EXPORT,Single-dimension GSC UI export; rows cannot be joined across dimensions; top-row and UI cap limitations apply.
VERIFIED_GSC_UI_SINGLE_DIMENSION,prev28,2026-06-15,2026-07-12,sc-domain:fermatmind.com,web,page,https://fermatmind.com/zh/career/jobs/training-and-development-managers,0,1,0.0,3.0,758,1000,NOT_AVAILABLE_IN_UI_EXPORT,Single-dimension GSC UI export; rows cannot be joined across dimensions; top-row and UI cap limitations apply.
VERIFIED_GSC_UI_SINGLE_DIMENSION,prev28,2026-06-15,2026-07-12,sc-domain:fermatmind.com,web,page,https://fermatmind.com/en/career/jobs/first-line-supervisors-of-passenger-attendants,0,1,0.0,4.0,759,1000,NOT_AVAILABLE_IN_UI_EXPORT,Single-dimension GSC UI export; rows cannot be joined across dimensions; top-row and UI cap limitations apply.
VERIFIED_GSC_UI_SINGLE_DIMENSION,prev28,2026-06-15,2026-07-12,sc-domain:fermatmind.com,web,page,https://fermatmind.com/en/career/jobs/locker-room-coatroom-and-dressing-room-attendants,0,1,0.0,4.0,760,1000,NOT_AVAILABLE_IN_UI_EXPORT,Single-dimension GSC UI export; rows cannot be joined across dimensions; top-row and UI cap limitations apply.
VERIFIED_GSC_UI_SINGLE_DIMENSION,prev28,2026-06-15,2026-07-12,sc-domain:fermatmind.com,web,page,https://fermatmind.com/zh/career/jobs/computer-and-information-systems-managers,0,1,0.0,4.0,761,1000,NOT_AVAILABLE_IN_UI_EXPORT,Single-dimension GSC UI export; rows cannot be joined across dimensions; top-row and UI cap limitations apply.
VERIFIED_GSC_UI_SINGLE_DIMENSION,prev28,2026-06-15,2026-07-12,sc-domain:fermatmind.com,web,page,https://fermatmind.com/en/career/jobs/automotive-service-technicians-and-mechanics,0,1,0.0,5.0,762,1000,NOT_AVAILABLE_IN_UI_EXPORT,Single-dimension GSC UI export; rows cannot be joined across dimensions; top-row and UI cap limitations apply.
VERIFIED_GSC_UI_SINGLE_DIMENSION,prev28,2026-06-15,2026-07-12,sc-domain:fermatmind.com,web,page,https://fermatmind.com/en/career/jobs/machine-feeders-and-offbearers,0,1,0.0,5.0,763,1000,NOT_AVAILABLE_IN_UI_EXPORT,Single-dimension GSC UI export; rows cannot be joined across dimensions; top-row and UI cap limitations apply.
VERIFIED_GSC_UI_SINGLE_DIMENSION,prev28,2026-06-15,2026-07-12,sc-domain:fermatmind.com,web,page,https://fermatmind.com/en/career/jobs/preventive-medicine-physicians,0,1,0.0,5.0,764,1000,NOT_AVAILABLE_IN_UI_EXPORT,Single-dimension GSC UI export; rows cannot be joined across dimensions; top-row and UI cap limitations apply.
VERIFIED_GSC_UI_SINGLE_DIMENSION,prev28,2026-06-15,2026-07-12,sc-domain:fermatmind.com,web,page,https://fermatmind.com/en/personality/big-five/facets/compliance,0,1,0.0,5.0,765,1000,NOT_AVAILABLE_IN_UI_EXPORT,Single-dimension GSC UI export; rows cannot be joined across dimensions; top-row and UI cap limitations apply.
VERIFIED_GSC_UI_SINGLE_DIMENSION,prev28,2026-06-15,2026-07-12,sc-domain:fermatmind.com,web,page,https://fermatmind.com/zh/career/industries/transportation-and-material-moving,0,1,0.0,5.0,766,1000,NOT_AVAILABLE_IN_UI_EXPORT,Single-dimension GSC UI export; rows cannot be joined across dimensions; top-row and UI cap limitations apply.
VERIFIED_GSC_UI_SINGLE_DIMENSION,prev28,2026-06-15,2026-07-12,sc-domain:fermatmind.com,web,page,https://fermatmind.com/zh/career/jobs/english-language-and-literature-teachers-postsecondary,0,1,0.0,5.0,767,1000,NOT_AVAILABLE_IN_UI_EXPORT,Single-dimension GSC UI export; rows cannot be joined across dimensions; top-row and UI cap limitations apply.
VERIFIED_GSC_UI_SINGLE_DIMENSION,prev28,2026-06-15,2026-07-12,sc-domain:fermatmind.com,web,page,https://fermatmind.com/en/career/industries/computer-and-information-technology,0,1,0.0,6.0,768,1000,NOT_AVAILABLE_IN_UI_EXPORT,Single-dimension GSC UI export; rows cannot be joined across dimensions; top-row and UI cap limitations apply.
VERIFIED_GSC_UI_SINGLE_DIMENSION,prev28,2026-06-15,2026-07-12,sc-domain:fermatmind.com,web,page,https://fermatmind.com/en/personality/big-five/facets/achievement-striving,0,1,0.0,6.0,769,1000,NOT_AVAILABLE_IN_UI_EXPORT,Single-dimension GSC UI export; rows cannot be joined across dimensions; top-row and UI cap limitations apply.
VERIFIED_GSC_UI_SINGLE_DIMENSION,prev28,2026-06-15,2026-07-12,sc-domain:fermatmind.com,web,page,https://fermatmind.com/zh/career/jobs/stone-cutters-and-carvers-manufacturing,0,1,0.0,6.0,770,1000,NOT_AVAILABLE_IN_UI_EXPORT,Single-dimension GSC UI export; rows cannot be joined across dimensions; top-row and UI cap limitations apply.
VERIFIED_GSC_UI_SINGLE_DIMENSION,prev28,2026-06-15,2026-07-12,sc-domain:fermatmind.com,web,page,https://fermatmind.com/en/career/jobs/engine-and-other-machine-assemblers,0,1,0.0,7.0,771,1000,NOT_AVAILABLE_IN_UI_EXPORT,Single-dimension GSC UI export; rows cannot be joined across dimensions; top-row and UI cap limitations apply.
VERIFIED_GSC_UI_SINGLE_DIMENSION,prev28,2026-06-15,2026-07-12,sc-domain:fermatmind.com,web,page,https://fermatmind.com/en/career/jobs/fallers,0,1,0.0,7.0,772,1000,NOT_AVAILABLE_IN_UI_EXPORT,Single-dimension GSC UI export; rows cannot be joined across dimensions; top-row and UI cap limitations apply.
VERIFIED_GSC_UI_SINGLE_DIMENSION,prev28,2026-06-15,2026-07-12,sc-domain:fermatmind.com,web,page,https://fermatmind.com/en/career/jobs/physical-medicine-and-rehabilitation-physicians,0,1,0.0,7.0,773,1000,NOT_AVAILABLE_IN_UI_EXPORT,Single-dimension GSC UI export; rows cannot be joined across dimensions; top-row and UI cap limitations apply.
VERIFIED_GSC_UI_SINGLE_DIMENSION,prev28,2026-06-15,2026-07-12,sc-domain:fermatmind.com,web,page,https://fermatmind.com/en/career/jobs/rock-splitters-quarry,0,1,0.0,7.0,774,1000,NOT_AVAILABLE_IN_UI_EXPORT,Single-dimension GSC UI export; rows cannot be joined across dimensions; top-row and UI cap limitations apply.
VERIFIED_GSC_UI_SINGLE_DIMENSION,prev28,2026-06-15,2026-07-12,sc-domain:fermatmind.com,web,page,https://fermatmind.com/zh/career/jobs/first-line-supervisors-of-helpers-laborers-and-material-movers-hand,0,1,0.0,7.0,775,1000,NOT_AVAILABLE_IN_UI_EXPORT,Single-dimension GSC UI export; rows cannot be joined across dimensions; top-row and UI cap limitations apply.
VERIFIED_GSC_UI_SINGLE_DIMENSION,prev28,2026-06-15,2026-07-12,sc-domain:fermatmind.com,web,page,https://fermatmind.com/zh/career/jobs/prepress-technicians-and-workers,0,1,0.0,7.0,776,1000,NOT_AVAILABLE_IN_UI_EXPORT,Single-dimension GSC UI export; rows cannot be joined across dimensions; top-row and UI cap limitations apply.
VERIFIED_GSC_UI_SINGLE_DIMENSION,prev28,2026-06-15,2026-07-12,sc-domain:fermatmind.com,web,page,https://fermatmind.com/zh/career/jobs/telecommunications-line-installers-and-repairers,0,1,0.0,7.0,777,1000,NOT_AVAILABLE_IN_UI_EXPORT,Single-dimension GSC UI export; rows cannot be joined across dimensions; top-row and UI cap limitations apply.
VERIFIED_GSC_UI_SINGLE_DIMENSION,prev28,2026-06-15,2026-07-12,sc-domain:fermatmind.com,web,page,https://fermatmind.com/zh/personality/big-five/extraversion-mid,0,1,0.0,7.0,778,1000,NOT_AVAILABLE_IN_UI_EXPORT,Single-dimension GSC UI export; rows cannot be joined across dimensions; top-row and UI cap limitations apply.
VERIFIED_GSC_UI_SINGLE_DIMENSION,prev28,2026-06-15,2026-07-12,sc-domain:fermatmind.com,web,page,https://fermatmind.com/en/career/jobs/aircraft-cargo-handling-supervisors,0,1,0.0,8.0,779,1000,NOT_AVAILABLE_IN_UI_EXPORT,Single-dimension GSC UI export; rows cannot be joined across dimensions; top-row and UI cap limitations apply.
VERIFIED_GSC_UI_SINGLE_DIMENSION,prev28,2026-06-15,2026-07-12,sc-domain:fermatmind.com,web,page,https://fermatmind.com/zh/career/jobs/continuous-mining-machine-operators,0,1,0.0,8.0,780,1000,NOT_AVAILABLE_IN_UI_EXPORT,Single-dimension GSC UI export; rows cannot be joined across dimensions; top-row and UI cap limitations apply.
VERIFIED_GSC_UI_SINGLE_DIMENSION,prev28,2026-06-15,2026-07-12,sc-domain:fermatmind.com,web,page,https://fermatmind.com/zh/career/jobs/quality-control-analysts,0,1,0.0,8.0,781,1000,NOT_AVAILABLE_IN_UI_EXPORT,Single-dimension GSC UI export; rows cannot be joined across dimensions; top-row and UI cap limitations apply.
VERIFIED_GSC_UI_SINGLE_DIMENSION,prev28,2026-06-15,2026-07-12,sc-domain:fermatmind.com,web,page,https://fermatmind.com/zh/career/jobs/survey-researchers,0,1,0.0,8.0,782,1000,NOT_AVAILABLE_IN_UI_EXPORT,Single-dimension GSC UI export; rows cannot be joined across dimensions; top-row and UI cap limitations apply.
VERIFIED_GSC_UI_SINGLE_DIMENSION,prev28,2026-06-15,2026-07-12,sc-domain:fermatmind.com,web,page,https://fermatmind.com/en/career/jobs/air-crew-members,0,1,0.0,9.0,783,1000,NOT_AVAILABLE_IN_UI_EXPORT,Single-dimension GSC UI export; rows cannot be joined across dimensions; top-row and UI cap limitations apply.
VERIFIED_GSC_UI_SINGLE_DIMENSION,prev28,2026-06-15,2026-07-12,sc-domain:fermatmind.com,web,page,https://fermatmind.com/en/career/jobs/career-and-technical-education-teachers,0,1,0.0,9.0,784,1000,NOT_AVAILABLE_IN_UI_EXPORT,Single-dimension GSC UI export; rows cannot be joined across dimensions; top-row and UI cap limitations apply.
VERIFIED_GSC_UI_SINGLE_DIMENSION,prev28,2026-06-15,2026-07-12,sc-domain:fermatmind.com,web,page,https://fermatmind.com/en/career/jobs/dredge-operators,0,1,0.0,9.0,785,1000,NOT_AVAILABLE_IN_UI_EXPORT,Single-dimension GSC UI export; rows cannot be joined across dimensions; top-row and UI cap limitations apply.
VERIFIED_GSC_UI_SINGLE_DIMENSION,prev28,2026-06-15,2026-07-12,sc-domain:fermatmind.com,web,page,https://fermatmind.com/en/career/jobs/industrial-production-managers,0,1,0.0,9.0,786,1000,NOT_AVAILABLE_IN_UI_EXPORT,Single-dimension GSC UI export; rows cannot be joined across dimensions; top-row and UI cap limitations apply.
VERIFIED_GSC_UI_SINGLE_DIMENSION,prev28,2026-06-15,2026-07-12,sc-domain:fermatmind.com,web,page,https://fermatmind.com/en/career/jobs/property-real-estate-and-community-association-managers,0,1,0.0,9.0,787,1000,NOT_AVAILABLE_IN_UI_EXPORT,Single-dimension GSC UI export; rows cannot be joined across dimensions; top-row and UI cap limitations apply.
VERIFIED_GSC_UI_SINGLE_DIMENSION,prev28,2026-06-15,2026-07-12,sc-domain:fermatmind.com,web,page,https://fermatmind.com/en/career/jobs/rail-track-laying-and-maintenance-equipment-operators,0,1,0.0,9.0,788,1000,NOT_AVAILABLE_IN_UI_EXPORT,Single-dimension GSC UI export; rows cannot be joined across dimensions; top-row and UI cap limitations apply.
VERIFIED_GSC_UI_SINGLE_DIMENSION,prev28,2026-06-15,2026-07-12,sc-domain:fermatmind.com,web,page,https://fermatmind.com/zh/personality/enneagram/type-1/instincts/self-preservation,0,1,0.0,9.0,789,1000,NOT_AVAILABLE_IN_UI_EXPORT,Single-dimension GSC UI export; rows cannot be joined across dimensions; top-row and UI cap limitations apply.
VERIFIED_GSC_UI_SINGLE_DIMENSION,prev28,2026-06-15,2026-07-12,sc-domain:fermatmind.com,web,page,https://fermatmind.com/zh/personality/enneagram/type-7,0,1,0.0,9.0,790,1000,NOT_AVAILABLE_IN_UI_EXPORT,Single-dimension GSC UI export; rows cannot be joined across dimensions; top-row and UI cap limitations apply.
VERIFIED_GSC_UI_SINGLE_DIMENSION,prev28,2026-06-15,2026-07-12,sc-domain:fermatmind.com,web,page,https://fermatmind.com/en/career/jobs/cooks-short-order,0,1,0.0,10.0,791,1000,NOT_AVAILABLE_IN_UI_EXPORT,Single-dimension GSC UI export; rows cannot be joined across dimensions; top-row and UI cap limitations apply.
VERIFIED_GSC_UI_SINGLE_DIMENSION,prev28,2026-06-15,2026-07-12,sc-domain:fermatmind.com,web,page,https://fermatmind.com/en/career/jobs/hydrologists,0,1,0.0,10.0,792,1000,NOT_AVAILABLE_IN_UI_EXPORT,Single-dimension GSC UI export; rows cannot be joined across dimensions; top-row and UI cap limitations apply.
VERIFIED_GSC_UI_SINGLE_DIMENSION,prev28,2026-06-15,2026-07-12,sc-domain:fermatmind.com,web,page,https://fermatmind.com/en/career/jobs/teaching-assistants-special-education,0,1,0.0,10.0,793,1000,NOT_AVAILABLE_IN_UI_EXPORT,Single-dimension GSC UI export; rows cannot be joined across dimensions; top-row and UI cap limitations apply.
VERIFIED_GSC_UI_SINGLE_DIMENSION,prev28,2026-06-15,2026-07-12,sc-domain:fermatmind.com,web,page,https://fermatmind.com/en/help/contact,0,1,0.0,10.0,794,1000,NOT_AVAILABLE_IN_UI_EXPORT,Single-dimension GSC UI export; rows cannot be joined across dimensions; top-row and UI cap limitations apply.
VERIFIED_GSC_UI_SINGLE_DIMENSION,prev28,2026-06-15,2026-07-12,sc-domain:fermatmind.com,web,page,https://fermatmind.com/en/personality/enneagram/centers/heart,0,1,0.0,10.0,795,1000,NOT_AVAILABLE_IN_UI_EXPORT,Single-dimension GSC UI export; rows cannot be joined across dimensions; top-row and UI cap limitations apply.
VERIFIED_GSC_UI_SINGLE_DIMENSION,prev28,2026-06-15,2026-07-12,sc-domain:fermatmind.com,web,page,https://fermatmind.com/zh/career/jobs/lathe-and-turning-machine-tool-setters-operators-and-tenders-metal-and-plastic,0,1,0.0,10.0,796,1000,NOT_AVAILABLE_IN_UI_EXPORT,Single-dimension GSC UI export; rows cannot be joined across dimensions; top-row and UI cap limitations apply.
VERIFIED_GSC_UI_SINGLE_DIMENSION,prev28,2026-06-15,2026-07-12,sc-domain:fermatmind.com,web,page,https://fermatmind.com/zh/career/jobs/ophthalmic-laboratory-technicians,0,1,0.0,10.0,797,1000,NOT_AVAILABLE_IN_UI_EXPORT,Single-dimension GSC UI export; rows cannot be joined across dimensions; top-row and UI cap limitations apply.
VERIFIED_GSC_UI_SINGLE_DIMENSION,prev28,2026-06-15,2026-07-12,sc-domain:fermatmind.com,web,page,https://fermatmind.com/zh/career/jobs/transit-and-railroad-police,0,1,0.0,10.0,798,1000,NOT_AVAILABLE_IN_UI_EXPORT,Single-dimension GSC UI export; rows cannot be joined across dimensions; top-row and UI cap limitations apply.
VERIFIED_GSC_UI_SINGLE_DIMENSION,prev28,2026-06-15,2026-07-12,sc-domain:fermatmind.com,web,page,https://fermatmind.com/zh/personality/big-five/neuroticism-mid,0,1,0.0,10.0,799,1000,NOT_AVAILABLE_IN_UI_EXPORT,Single-dimension GSC UI export; rows cannot be joined across dimensions; top-row and UI cap limitations apply.
VERIFIED_GSC_UI_SINGLE_DIMENSION,prev28,2026-06-15,2026-07-12,sc-domain:fermatmind.com,web,page,https://fermatmind.com/en/career/jobs/aerospace-engineers,0,1,0.0,11.0,800,1000,NOT_AVAILABLE_IN_UI_EXPORT,Single-dimension GSC UI export; rows cannot be joined across dimensions; top-row and UI cap limitations apply.
VERIFIED_GSC_UI_SINGLE_DIMENSION,prev28,2026-06-15,2026-07-12,sc-domain:fermatmind.com,web,page,https://fermatmind.com/en/career/jobs/logistics-analysts,0,1,0.0,11.0,801,1000,NOT_AVAILABLE_IN_UI_EXPORT,Single-dimension GSC UI export; rows cannot be joined across dimensions; top-row and UI cap limitations apply.
VERIFIED_GSC_UI_SINGLE_DIMENSION,prev28,2026-06-15,2026-07-12,sc-domain:fermatmind.com,web,page,https://fermatmind.com/en/career/jobs/medical-records-and-health-information-technicians,0,1,0.0,11.0,802,1000,NOT_AVAILABLE_IN_UI_EXPORT,Single-dimension GSC UI export; rows cannot be joined across dimensions; top-row and UI cap limitations apply.
VERIFIED_GSC_UI_SINGLE_DIMENSION,prev28,2026-06-15,2026-07-12,sc-domain:fermatmind.com,web,page,https://fermatmind.com/en/career/jobs/painters-construction-and-maintenance,0,1,0.0,11.0,803,1000,NOT_AVAILABLE_IN_UI_EXPORT,Single-dimension GSC UI export; rows cannot be joined across dimensions; top-row and UI cap limitations apply.
VERIFIED_GSC_UI_SINGLE_DIMENSION,prev28,2026-06-15,2026-07-12,sc-domain:fermatmind.com,web,page,https://fermatmind.com/en/career/jobs/paramedics,0,1,0.0,11.0,804,1000,NOT_AVAILABLE_IN_UI_EXPORT,Single-dimension GSC UI export; rows cannot be joined across dimensions; top-row and UI cap limitations apply.
VERIFIED_GSC_UI_SINGLE_DIMENSION,prev28,2026-06-15,2026-07-12,sc-domain:fermatmind.com,web,page,https://fermatmind.com/en/career/jobs/roofers,0,1,0.0,11.0,805,1000,NOT_AVAILABLE_IN_UI_EXPORT,Single-dimension GSC UI export; rows cannot be joined across dimensions; top-row and UI cap limitations apply.
VERIFIED_GSC_UI_SINGLE_DIMENSION,prev28,2026-06-15,2026-07-12,sc-domain:fermatmind.com,web,page,https://fermatmind.com/en/career/jobs/tutors,0,1,0.0,11.0,806,1000,NOT_AVAILABLE_IN_UI_EXPORT,Single-dimension GSC UI export; rows cannot be joined across dimensions; top-row and UI cap limitations apply.
VERIFIED_GSC_UI_SINGLE_DIMENSION,prev28,2026-06-15,2026-07-12,sc-domain:fermatmind.com,web,page,https://fermatmind.com/en/career/jobs/wind-turbine-service-technicians,0,1,0.0,11.0,807,1000,NOT_AVAILABLE_IN_UI_EXPORT,Single-dimension GSC UI export; rows cannot be joined across dimensions; top-row and UI cap limitations apply.
VERIFIED_GSC_UI_SINGLE_DIMENSION,prev28,2026-06-15,2026-07-12,sc-domain:fermatmind.com,web,page,https://fermatmind.com/en/personality/big-five/facets/warmth,0,1,0.0,11.0,808,1000,NOT_AVAILABLE_IN_UI_EXPORT,Single-dimension GSC UI export; rows cannot be joined across dimensions; top-row and UI cap limitations apply.
VERIFIED_GSC_UI_SINGLE_DIMENSION,prev28,2026-06-15,2026-07-12,sc-domain:fermatmind.com,web,page,https://fermatmind.com/zh/career,0,1,0.0,14.0,809,1000,NOT_AVAILABLE_IN_UI_EXPORT,Single-dimension GSC UI export; rows cannot be joined across dimensions; top-row and UI cap limitations apply.
VERIFIED_GSC_UI_SINGLE_DIMENSION,prev28,2026-06-15,2026-07-12,sc-domain:fermatmind.com,web,page,https://fermatmind.com/zh/career/jobs/substance-abuse-and-behavioral-disorder-counselors,0,1,0.0,14.0,810,1000,NOT_AVAILABLE_IN_UI_EXPORT,Single-dimension GSC UI export; rows cannot be joined across dimensions; top-row and UI cap limitations apply.
VERIFIED_GSC_UI_SINGLE_DIMENSION,prev28,2026-06-15,2026-07-12,sc-domain:fermatmind.com,web,page,https://fermatmind.com/zh/career/jobs/health-specialties-teachers-postsecondary,0,1,0.0,15.0,811,1000,NOT_AVAILABLE_IN_UI_EXPORT,Single-dimension GSC UI export; rows cannot be joined across dimensions; top-row and UI cap limitations apply.
VERIFIED_GSC_UI_SINGLE_DIMENSION,prev28,2026-06-15,2026-07-12,sc-domain:fermatmind.com,web,page,https://fermatmind.com/en/career/jobs/social-and-human-service-assistants,0,1,0.0,16.0,812,1000,NOT_AVAILABLE_IN_UI_EXPORT,Single-dimension GSC UI export; rows cannot be joined across dimensions; top-row and UI cap limitations apply.
VERIFIED_GSC_UI_SINGLE_DIMENSION,prev28,2026-06-15,2026-07-12,sc-domain:fermatmind.com,web,page,https://fermatmind.com/zh/help/faq,0,1,0.0,20.0,813,1000,NOT_AVAILABLE_IN_UI_EXPORT,Single-dimension GSC UI export; rows cannot be joined across dimensions; top-row and UI cap limitations apply.
VERIFIED_GSC_UI_SINGLE_DIMENSION,prev28,2026-06-15,2026-07-12,sc-domain:fermatmind.com,web,page,https://fermatmind.com/en/career/jobs/endoscopy-technicians,0,1,0.0,21.0,814,1000,NOT_AVAILABLE_IN_UI_EXPORT,Single-dimension GSC UI export; rows cannot be joined across dimensions; top-row and UI cap limitations apply.
VERIFIED_GSC_UI_SINGLE_DIMENSION,prev28,2026-06-15,2026-07-12,sc-domain:fermatmind.com,web,page,https://fermatmind.com/en/career/jobs/dentists-general,0,1,0.0,22.0,815,1000,NOT_AVAILABLE_IN_UI_EXPORT,Single-dimension GSC UI export; rows cannot be joined across dimensions; top-row and UI cap limitations apply.
VERIFIED_GSC_UI_SINGLE_DIMENSION,prev28,2026-06-15,2026-07-12,sc-domain:fermatmind.com,web,page,https://fermatmind.com/zh/career/jobs/urologists,0,1,0.0,23.0,816,1000,NOT_AVAILABLE_IN_UI_EXPORT,Single-dimension GSC UI export; rows cannot be joined across dimensions; top-row and UI cap limitations apply.
VERIFIED_GSC_UI_SINGLE_DIMENSION,prev28,2026-06-15,2026-07-12,sc-domain:fermatmind.com,web,page,https://fermatmind.com/zh/datasets/occupations,0,1,0.0,23.0,817,1000,NOT_AVAILABLE_IN_UI_EXPORT,Single-dimension GSC UI export; rows cannot be joined across dimensions; top-row and UI cap limitations apply.
VERIFIED_GSC_UI_SINGLE_DIMENSION,prev28,2026-06-15,2026-07-12,sc-domain:fermatmind.com,web,page,https://fermatmind.com/en/career/guides,0,1,0.0,24.0,818,1000,NOT_AVAILABLE_IN_UI_EXPORT,Single-dimension GSC UI export; rows cannot be joined across dimensions; top-row and UI cap limitations apply.
VERIFIED_GSC_UI_SINGLE_DIMENSION,prev28,2026-06-15,2026-07-12,sc-domain:fermatmind.com,web,page,https://fermatmind.com/en/career/jobs/security-guards,0,1,0.0,26.0,819,1000,NOT_AVAILABLE_IN_UI_EXPORT,Single-dimension GSC UI export; rows cannot be joined across dimensions; top-row and UI cap limitations apply.
VERIFIED_GSC_UI_SINGLE_DIMENSION,prev28,2026-06-15,2026-07-12,sc-domain:fermatmind.com,web,page,https://fermatmind.com/en/career/jobs/supply-chain-managers,0,1,0.0,26.0,820,1000,NOT_AVAILABLE_IN_UI_EXPORT,Single-dimension GSC UI export; rows cannot be joined across dimensions; top-row and UI cap limitations apply.
VERIFIED_GSC_UI_SINGLE_DIMENSION,prev28,2026-06-15,2026-07-12,sc-domain:fermatmind.com,web,page,https://fermatmind.com/zh/career/jobs/psychiatric-technicians,0,1,0.0,26.0,821,1000,NOT_AVAILABLE_IN_UI_EXPORT,Single-dimension GSC UI export; rows cannot be joined across dimensions; top-row and UI cap limitations apply.
VERIFIED_GSC_UI_SINGLE_DIMENSION,prev28,2026-06-15,2026-07-12,sc-domain:fermatmind.com,web,page,https://fermatmind.com/zh/career/jobs/forestry-and-conservation-science-teachers-postsecondary,0,1,0.0,27.0,822,1000,NOT_AVAILABLE_IN_UI_EXPORT,Single-dimension GSC UI export; rows cannot be joined across dimensions; top-row and UI cap limitations apply.
VERIFIED_GSC_UI_SINGLE_DIMENSION,prev28,2026-06-15,2026-07-12,sc-domain:fermatmind.com,web,page,https://fermatmind.com/zh/career/jobs/intelligence-analysts,0,1,0.0,27.0,823,1000,NOT_AVAILABLE_IN_UI_EXPORT,Single-dimension GSC UI export; rows cannot be joined across dimensions; top-row and UI cap limitations apply.
VERIFIED_GSC_UI_SINGLE_DIMENSION,prev28,2026-06-15,2026-07-12,sc-domain:fermatmind.com,web,page,https://fermatmind.com/en/career/jobs/home-health-aides,0,1,0.0,29.0,824,1000,NOT_AVAILABLE_IN_UI_EXPORT,Single-dimension GSC UI export; rows cannot be joined across dimensions; top-row and UI cap limitations apply.
VERIFIED_GSC_UI_SINGLE_DIMENSION,prev28,2026-06-15,2026-07-12,sc-domain:fermatmind.com,web,page,https://fermatmind.com/en/personality/enneagram/type-5/instincts/one-to-one,0,1,0.0,29.0,825,1000,NOT_AVAILABLE_IN_UI_EXPORT,Single-dimension GSC UI export; rows cannot be joined across dimensions; top-row and UI cap limitations apply.
VERIFIED_GSC_UI_SINGLE_DIMENSION,prev28,2026-06-15,2026-07-12,sc-domain:fermatmind.com,web,page,https://fermatmind.com/en/career/jobs/logisticians,0,1,0.0,32.0,826,1000,NOT_AVAILABLE_IN_UI_EXPORT,Single-dimension GSC UI export; rows cannot be joined across dimensions; top-row and UI cap limitations apply.
VERIFIED_GSC_UI_SINGLE_DIMENSION,prev28,2026-06-15,2026-07-12,sc-domain:fermatmind.com,web,page,https://fermatmind.com/zh/career/jobs/data-warehousing-specialists,0,1,0.0,35.0,827,1000,NOT_AVAILABLE_IN_UI_EXPORT,Single-dimension GSC UI export; rows cannot be joined across dimensions; top-row and UI cap limitations apply.
VERIFIED_GSC_UI_SINGLE_DIMENSION,prev28,2026-06-15,2026-07-12,sc-domain:fermatmind.com,web,page,https://fermatmind.com/en/personality/big-five/facets/positive-emotions,0,1,0.0,40.0,828,1000,NOT_AVAILABLE_IN_UI_EXPORT,Single-dimension GSC UI export; rows cannot be joined across dimensions; top-row and UI cap limitations apply.
VERIFIED_GSC_UI_SINGLE_DIMENSION,prev28,2026-06-15,2026-07-12,sc-domain:fermatmind.com,web,page,https://fermatmind.com/en/career/jobs/epidemiologists,0,1,0.0,43.0,829,1000,NOT_AVAILABLE_IN_UI_EXPORT,Single-dimension GSC UI export; rows cannot be joined across dimensions; top-row and UI cap limitations apply.
VERIFIED_GSC_UI_SINGLE_DIMENSION,prev28,2026-06-15,2026-07-12,sc-domain:fermatmind.com,web,page,https://fermatmind.com/en/career/jobs/physical-therapist-assistants,0,1,0.0,50.0,830,1000,NOT_AVAILABLE_IN_UI_EXPORT,Single-dimension GSC UI export; rows cannot be joined across dimensions; top-row and UI cap limitations apply.
VERIFIED_GSC_UI_SINGLE_DIMENSION,prev28,2026-06-15,2026-07-12,sc-domain:fermatmind.com,web,page,https://fermatmind.com/zh/datasets/occupations/method,0,1,0.0,51.0,831,1000,NOT_AVAILABLE_IN_UI_EXPORT,Single-dimension GSC UI export; rows cannot be joined across dimensions; top-row and UI cap limitations apply.
VERIFIED_GSC_UI_SINGLE_DIMENSION,prev28,2026-06-15,2026-07-12,sc-domain:fermatmind.com,web,page,https://fermatmind.com/en/personality/enneagram/type-9,0,1,0.0,55.0,832,1000,NOT_AVAILABLE_IN_UI_EXPORT,Single-dimension GSC UI export; rows cannot be joined across dimensions; top-row and UI cap limitations apply.
VERIFIED_GSC_UI_SINGLE_DIMENSION,day90,2026-05-12,2026-08-09,sc-domain:fermatmind.com,web,page,https://fermatmind.com/zh/tests/mbti-personality-test-16-personality-types,111,6248,1.78,7.96,1,1000,NOT_AVAILABLE_IN_UI_EXPORT,Single-dimension GSC UI export; rows cannot be joined across dimensions; top-row and UI cap limitations apply.
VERIFIED_GSC_UI_SINGLE_DIMENSION,day90,2026-05-12,2026-08-09,sc-domain:fermatmind.com,web,page,https://fermatmind.com/,27,585,4.62,7.82,2,1000,NOT_AVAILABLE_IN_UI_EXPORT,Single-dimension GSC UI export; rows cannot be joined across dimensions; top-row and UI cap limitations apply.
VERIFIED_GSC_UI_SINGLE_DIMENSION,day90,2026-05-12,2026-08-09,sc-domain:fermatmind.com,web,page,https://fermatmind.com/zh/personality/intp-a,24,1592,1.51,10.06,3,1000,NOT_AVAILABLE_IN_UI_EXPORT,Single-dimension GSC UI export; rows cannot be joined across dimensions; top-row and UI cap limitations apply.
VERIFIED_GSC_UI_SINGLE_DIMENSION,day90,2026-05-12,2026-08-09,sc-domain:fermatmind.com,web,page,https://fermatmind.com/zh/tests/holland-career-interest-test-riasec,20,742,2.7,7.04,4,1000,NOT_AVAILABLE_IN_UI_EXPORT,Single-dimension GSC UI export; rows cannot be joined across dimensions; top-row and UI cap limitations apply.
VERIFIED_GSC_UI_SINGLE_DIMENSION,day90,2026-05-12,2026-08-09,sc-domain:fermatmind.com,web,page,https://fermatmind.com/zh/articles/big-five-tool-guide,18,2191,0.82,7.82,5,1000,NOT_AVAILABLE_IN_UI_EXPORT,Single-dimension GSC UI export; rows cannot be joined across dimensions; top-row and UI cap limitations apply.
VERIFIED_GSC_UI_SINGLE_DIMENSION,day90,2026-05-12,2026-08-09,sc-domain:fermatmind.com,web,page,https://fermatmind.com/zh/personality/intp-a-vs-intp-t,18,900,2.0,6.9,6,1000,NOT_AVAILABLE_IN_UI_EXPORT,Single-dimension GSC UI export; rows cannot be joined across dimensions; top-row and UI cap limitations apply.
VERIFIED_GSC_UI_SINGLE_DIMENSION,day90,2026-05-12,2026-08-09,sc-domain:fermatmind.com,web,page,https://fermatmind.com/zh/articles/are-infj-men-rare-or-socially-silenced,12,424,2.83,9.84,7,1000,NOT_AVAILABLE_IN_UI_EXPORT,Single-dimension GSC UI export; rows cannot be joined across dimensions; top-row and UI cap limitations apply.
VERIFIED_GSC_UI_SINGLE_DIMENSION,day90,2026-05-12,2026-08-09,sc-domain:fermatmind.com,web,page,https://fermatmind.com/zh/tests/enneagram-personality-test-nine-types,11,685,1.61,9.17,8,1000,NOT_AVAILABLE_IN_UI_EXPORT,Single-dimension GSC UI export; rows cannot be joined across dimensions; top-row and UI cap limitations apply.
VERIFIED_GSC_UI_SINGLE_DIMENSION,day90,2026-05-12,2026-08-09,sc-domain:fermatmind.com,web,page,https://fermatmind.com/en/articles/what-is-riasec-holland-code-career-interest-test,10,4252,0.24,20.48,9,1000,NOT_AVAILABLE_IN_UI_EXPORT,Single-dimension GSC UI export; rows cannot be joined across dimensions; top-row and UI cap limitations apply.
VERIFIED_GSC_UI_SINGLE_DIMENSION,day90,2026-05-12,2026-08-09,sc-domain:fermatmind.com,web,page,https://fermatmind.com/zh/personality/istj-a,10,1025,0.98,9.99,10,1000,NOT_AVAILABLE_IN_UI_EXPORT,Single-dimension GSC UI export; rows cannot be joined across dimensions; top-row and UI cap limitations apply.
VERIFIED_GSC_UI_SINGLE_DIMENSION,day90,2026-05-12,2026-08-09,sc-domain:fermatmind.com,web,page,https://fermatmind.com/en,8,230,3.48,8.7,11,1000,NOT_AVAILABLE_IN_UI_EXPORT,Single-dimension GSC UI export; rows cannot be joined across dimensions; top-row and UI cap limitations apply.
VERIFIED_GSC_UI_SINGLE_DIMENSION,day90,2026-05-12,2026-08-09,sc-domain:fermatmind.com,web,page,https://fermatmind.com/zh/articles/gaokao-major-adjustment-unacceptable-major-checklist,6,4217,0.14,7.31,12,1000,NOT_AVAILABLE_IN_UI_EXPORT,Single-dimension GSC UI export; rows cannot be joined across dimensions; top-row and UI cap limitations apply.
VERIFIED_GSC_UI_SINGLE_DIMENSION,day90,2026-05-12,2026-08-09,sc-domain:fermatmind.com,web,page,https://fermatmind.com/zh/articles/enneagram-personality-test-explained,6,1804,0.33,9.72,13,1000,NOT_AVAILABLE_IN_UI_EXPORT,Single-dimension GSC UI export; rows cannot be joined across dimensions; top-row and UI cap limitations apply.
VERIFIED_GSC_UI_SINGLE_DIMENSION,day90,2026-05-12,2026-08-09,sc-domain:fermatmind.com,web,page,https://fermatmind.com/zh/tests/big-five-personality-test-ocean-model,5,608,0.82,9.41,14,1000,NOT_AVAILABLE_IN_UI_EXPORT,Single-dimension GSC UI export; rows cannot be joined across dimensions; top-row and UI cap limitations apply.
VERIFIED_GSC_UI_SINGLE_DIMENSION,day90,2026-05-12,2026-08-09,sc-domain:fermatmind.com,web,page,https://fermatmind.com/zh/tests/enneagram-personality-test,5,184,2.72,9.35,15,1000,NOT_AVAILABLE_IN_UI_EXPORT,Single-dimension GSC UI export; rows cannot be joined across dimensions; top-row and UI cap limitations apply.
VERIFIED_GSC_UI_SINGLE_DIMENSION,day90,2026-05-12,2026-08-09,sc-domain:fermatmind.com,web,page,https://fermatmind.com/zh/articles/mbti-basics,4,1952,0.2,14.88,16,1000,NOT_AVAILABLE_IN_UI_EXPORT,Single-dimension GSC UI export; rows cannot be joined across dimensions; top-row and UI cap limitations apply.
VERIFIED_GSC_UI_SINGLE_DIMENSION,day90,2026-05-12,2026-08-09,sc-domain:fermatmind.com,web,page,https://fermatmind.com/zh/articles/riasec-holland-career-interest-test-explained,4,1347,0.3,8.0,17,1000,NOT_AVAILABLE_IN_UI_EXPORT,Single-dimension GSC UI export; rows cannot be joined across dimensions; top-row and UI cap limitations apply.
VERIFIED_GSC_UI_SINGLE_DIMENSION,day90,2026-05-12,2026-08-09,sc-domain:fermatmind.com,web,page,https://fermatmind.com/zh/personality/isfp-a,4,637,0.63,9.91,18,1000,NOT_AVAILABLE_IN_UI_EXPORT,Single-dimension GSC UI export; rows cannot be joined across dimensions; top-row and UI cap limitations apply.
VERIFIED_GSC_UI_SINGLE_DIMENSION,day90,2026-05-12,2026-08-09,sc-domain:fermatmind.com,web,page,https://fermatmind.com/en/tests/holland-career-interest-test-riasec,3,236,1.27,10.88,19,1000,NOT_AVAILABLE_IN_UI_EXPORT,Single-dimension GSC UI export; rows cannot be joined across dimensions; top-row and UI cap limitations apply.
VERIFIED_GSC_UI_SINGLE_DIMENSION,day90,2026-05-12,2026-08-09,sc-domain:fermatmind.com,web,page,https://fermatmind.com/zh/personality/intj-vs-intp,3,176,1.7,7.6,20,1000,NOT_AVAILABLE_IN_UI_EXPORT,Single-dimension GSC UI export; rows cannot be joined across dimensions; top-row and UI cap limitations apply.
VERIFIED_GSC_UI_SINGLE_DIMENSION,day90,2026-05-12,2026-08-09,sc-domain:fermatmind.com,web,page,https://fermatmind.com/en/personality/intp-a,2,1520,0.13,9.38,21,1000,NOT_AVAILABLE_IN_UI_EXPORT,Single-dimension GSC UI export; rows cannot be joined across dimensions; top-row and UI cap limitations apply.
VERIFIED_GSC_UI_SINGLE_DIMENSION,day90,2026-05-12,2026-08-09,sc-domain:fermatmind.com,web,page,https://fermatmind.com/zh/personality/istp-a,2,611,0.33,9.8,22,1000,NOT_AVAILABLE_IN_UI_EXPORT,Single-dimension GSC UI export; rows cannot be joined across dimensions; top-row and UI cap limitations apply.
VERIFIED_GSC_UI_SINGLE_DIMENSION,day90,2026-05-12,2026-08-09,sc-domain:fermatmind.com,web,page,https://fermatmind.com/en/personality/intj-a-vs-intj-t,2,598,0.33,10.27,23,1000,NOT_AVAILABLE_IN_UI_EXPORT,Single-dimension GSC UI export; rows cannot be joined across dimensions; top-row and UI cap limitations apply.
VERIFIED_GSC_UI_SINGLE_DIMENSION,day90,2026-05-12,2026-08-09,sc-domain:fermatmind.com,web,page,https://fermatmind.com/zh/tests/iq-test-intelligence-quotient-assessment,2,235,0.85,13.24,24,1000,NOT_AVAILABLE_IN_UI_EXPORT,Single-dimension GSC UI export; rows cannot be joined across dimensions; top-row and UI cap limitations apply.
VERIFIED_GSC_UI_SINGLE_DIMENSION,day90,2026-05-12,2026-08-09,sc-domain:fermatmind.com,web,page,https://fermatmind.com/en/articles/mbti-vs-holland-code-career-choice,2,203,0.99,9.06,25,1000,NOT_AVAILABLE_IN_UI_EXPORT,Single-dimension GSC UI export; rows cannot be joined across dimensions; top-row and UI cap limitations apply.
VERIFIED_GSC_UI_SINGLE_DIMENSION,day90,2026-05-12,2026-08-09,sc-domain:fermatmind.com,web,page,https://fermatmind.com/zh/personality/enfj-a-vs-enfj-t,2,150,1.33,6.35,26,1000,NOT_AVAILABLE_IN_UI_EXPORT,Single-dimension GSC UI export; rows cannot be joined across dimensions; top-row and UI cap limitations apply.
VERIFIED_GSC_UI_SINGLE_DIMENSION,day90,2026-05-12,2026-08-09,sc-domain:fermatmind.com,web,page,https://fermatmind.com/en/personality/enneagram/wings/7w8,2,137,1.46,9.24,27,1000,NOT_AVAILABLE_IN_UI_EXPORT,Single-dimension GSC UI export; rows cannot be joined across dimensions; top-row and UI cap limitations apply.
VERIFIED_GSC_UI_SINGLE_DIMENSION,day90,2026-05-12,2026-08-09,sc-domain:fermatmind.com,web,page,https://fermatmind.com/zh/personality/enneagram/wings/1w2,2,86,2.33,6.42,28,1000,NOT_AVAILABLE_IN_UI_EXPORT,Single-dimension GSC UI export; rows cannot be joined across dimensions; top-row and UI cap limitations apply.
VERIFIED_GSC_UI_SINGLE_DIMENSION,day90,2026-05-12,2026-08-09,sc-domain:fermatmind.com,web,page,https://fermatmind.com/zh/articles/how-personality-shapes-attitude-toward-ai,2,73,2.74,9.07,29,1000,NOT_AVAILABLE_IN_UI_EXPORT,Single-dimension GSC UI export; rows cannot be joined across dimensions; top-row and UI cap limitations apply.
VERIFIED_GSC_UI_SINGLE_DIMENSION,day90,2026-05-12,2026-08-09,sc-domain:fermatmind.com,web,page,https://fermatmind.com/zh/personality/enneagram/wings/9w8,2,72,2.78,6.94,30,1000,NOT_AVAILABLE_IN_UI_EXPORT,Single-dimension GSC UI export; rows cannot be joined across dimensions; top-row and UI cap limitations apply.
VERIFIED_GSC_UI_SINGLE_DIMENSION,day90,2026-05-12,2026-08-09,sc-domain:fermatmind.com,web,page,https://fermatmind.com/zh/personality/enneagram/wings/8w9,2,57,3.51,7.84,31,1000,NOT_AVAILABLE_IN_UI_EXPORT,Single-dimension GSC UI export; rows cannot be joined across dimensions; top-row and UI cap limitations apply.
VERIFIED_GSC_UI_SINGLE_DIMENSION,day90,2026-05-12,2026-08-09,sc-domain:fermatmind.com,web,page,https://fermatmind.com/zh/personality/big-five/facets,2,51,3.92,5.75,32,1000,NOT_AVAILABLE_IN_UI_EXPORT,Single-dimension GSC UI export; rows cannot be joined across dimensions; top-row and UI cap limitations apply.
VERIFIED_GSC_UI_SINGLE_DIMENSION,day90,2026-05-12,2026-08-09,sc-domain:fermatmind.com,web,page,https://fermatmind.com/zh/personality/big-five/facets/vulnerability,2,25,8.0,4.84,33,1000,NOT_AVAILABLE_IN_UI_EXPORT,Single-dimension GSC UI export; rows cannot be joined across dimensions; top-row and UI cap limitations apply.
VERIFIED_GSC_UI_SINGLE_DIMENSION,day90,2026-05-12,2026-08-09,sc-domain:fermatmind.com,web,page,https://fermatmind.com/en/personality/big-five/facets/straightforwardness,2,15,13.33,5.4,34,1000,NOT_AVAILABLE_IN_UI_EXPORT,Single-dimension GSC UI export; rows cannot be joined across dimensions; top-row and UI cap limitations apply.
VERIFIED_GSC_UI_SINGLE_DIMENSION,day90,2026-05-12,2026-08-09,sc-domain:fermatmind.com,web,page,https://fermatmind.com/zh/articles/major-career-mismatch-job-search-skills-plan,1,953,0.1,13.35,35,1000,NOT_AVAILABLE_IN_UI_EXPORT,Single-dimension GSC UI export; rows cannot be joined across dimensions; top-row and UI cap limitations apply.
VERIFIED_GSC_UI_SINGLE_DIMENSION,day90,2026-05-12,2026-08-09,sc-domain:fermatmind.com,web,page,https://fermatmind.com/zh/articles/eq-test-tool-guide,1,521,0.19,13.73,36,1000,NOT_AVAILABLE_IN_UI_EXPORT,Single-dimension GSC UI export; rows cannot be joined across dimensions; top-row and UI cap limitations apply.
VERIFIED_GSC_UI_SINGLE_DIMENSION,day90,2026-05-12,2026-08-09,sc-domain:fermatmind.com,web,page,https://fermatmind.com/zh/articles/college-major-choice-holland-mbti-career-test,1,517,0.19,6.33,37,1000,NOT_AVAILABLE_IN_UI_EXPORT,Single-dimension GSC UI export; rows cannot be joined across dimensions; top-row and UI cap limitations apply.
VERIFIED_GSC_UI_SINGLE_DIMENSION,day90,2026-05-12,2026-08-09,sc-domain:fermatmind.com,web,page,https://fermatmind.com/en/personality/infp-t,1,360,0.28,8.11,38,1000,NOT_AVAILABLE_IN_UI_EXPORT,Single-dimension GSC UI export; rows cannot be joined across dimensions; top-row and UI cap limitations apply.
VERIFIED_GSC_UI_SINGLE_DIMENSION,day90,2026-05-12,2026-08-09,sc-domain:fermatmind.com,web,page,https://fermatmind.com/en/tests/iq-test-intelligence-quotient-assessment,1,306,0.33,42.33,39,1000,NOT_AVAILABLE_IN_UI_EXPORT,Single-dimension GSC UI export; rows cannot be joined across dimensions; top-row and UI cap limitations apply.
VERIFIED_GSC_UI_SINGLE_DIMENSION,day90,2026-05-12,2026-08-09,sc-domain:fermatmind.com,web,page,https://fermatmind.com/zh/personality/esfj-a,1,273,0.37,10.26,40,1000,NOT_AVAILABLE_IN_UI_EXPORT,Single-dimension GSC UI export; rows cannot be joined across dimensions; top-row and UI cap limitations apply.
VERIFIED_GSC_UI_SINGLE_DIMENSION,day90,2026-05-12,2026-08-09,sc-domain:fermatmind.com,web,page,https://fermatmind.com/zh/articles/which-love-script-fits-you-best,1,248,0.4,11.8,41,1000,NOT_AVAILABLE_IN_UI_EXPORT,Single-dimension GSC UI export; rows cannot be joined across dimensions; top-row and UI cap limitations apply.
VERIFIED_GSC_UI_SINGLE_DIMENSION,day90,2026-05-12,2026-08-09,sc-domain:fermatmind.com,web,page,https://fermatmind.com/zh/personality/enfp-a,1,228,0.44,11.16,42,1000,NOT_AVAILABLE_IN_UI_EXPORT,Single-dimension GSC UI export; rows cannot be joined across dimensions; top-row and UI cap limitations apply.
VERIFIED_GSC_UI_SINGLE_DIMENSION,day90,2026-05-12,2026-08-09,sc-domain:fermatmind.com,web,page,https://fermatmind.com/zh/tests,1,214,0.47,6.66,43,1000,NOT_AVAILABLE_IN_UI_EXPORT,Single-dimension GSC UI export; rows cannot be joined across dimensions; top-row and UI cap limitations apply.
VERIFIED_GSC_UI_SINGLE_DIMENSION,day90,2026-05-12,2026-08-09,sc-domain:fermatmind.com,web,page,https://fermatmind.com/en/personality/enneagram/wings/1w2,1,189,0.53,9.24,44,1000,NOT_AVAILABLE_IN_UI_EXPORT,Single-dimension GSC UI export; rows cannot be joined across dimensions; top-row and UI cap limitations apply.
VERIFIED_GSC_UI_SINGLE_DIMENSION,day90,2026-05-12,2026-08-09,sc-domain:fermatmind.com,web,page,https://fermatmind.com/en/tests,1,183,0.55,26.23,45,1000,NOT_AVAILABLE_IN_UI_EXPORT,Single-dimension GSC UI export; rows cannot be joined across dimensions; top-row and UI cap limitations apply.
VERIFIED_GSC_UI_SINGLE_DIMENSION,day90,2026-05-12,2026-08-09,sc-domain:fermatmind.com,web,page,https://fermatmind.com/en/personality/enneagram/wings/4w3,1,159,0.63,9.89,46,1000,NOT_AVAILABLE_IN_UI_EXPORT,Single-dimension GSC UI export; rows cannot be joined across dimensions; top-row and UI cap limitations apply.
VERIFIED_GSC_UI_SINGLE_DIMENSION,day90,2026-05-12,2026-08-09,sc-domain:fermatmind.com,web,page,https://fermatmind.com/en/personality/enneagram/type-1/instincts/self-preservation,1,157,0.64,10.06,47,1000,NOT_AVAILABLE_IN_UI_EXPORT,Single-dimension GSC UI export; rows cannot be joined across dimensions; top-row and UI cap limitations apply.
VERIFIED_GSC_UI_SINGLE_DIMENSION,day90,2026-05-12,2026-08-09,sc-domain:fermatmind.com,web,page,https://fermatmind.com/en/personality/enneagram/type-5/instincts/self-preservation,1,139,0.72,8.16,48,1000,NOT_AVAILABLE_IN_UI_EXPORT,Single-dimension GSC UI export; rows cannot be joined across dimensions; top-row and UI cap limitations apply.
VERIFIED_GSC_UI_SINGLE_DIMENSION,day90,2026-05-12,2026-08-09,sc-domain:fermatmind.com,web,page,https://fermatmind.com/en/articles/unwanted-major-repeat-or-stay-riasec-decision-checklist,1,138,0.72,17.2,49,1000,NOT_AVAILABLE_IN_UI_EXPORT,Single-dimension GSC UI export; rows cannot be joined across dimensions; top-row and UI cap limitations apply.
VERIFIED_GSC_UI_SINGLE_DIMENSION,day90,2026-05-12,2026-08-09,sc-domain:fermatmind.com,web,page,https://fermatmind.com/zh/personality/big-five/facets/aesthetics,1,121,0.83,7.32,50,1000,NOT_AVAILABLE_IN_UI_EXPORT,Single-dimension GSC UI export; rows cannot be joined across dimensions; top-row and UI cap limitations apply.
VERIFIED_GSC_UI_SINGLE_DIMENSION,day90,2026-05-12,2026-08-09,sc-domain:fermatmind.com,web,page,https://fermatmind.com/zh/articles/hot-major-fit-riasec-course-career-checklist,1,106,0.94,14.73,51,1000,NOT_AVAILABLE_IN_UI_EXPORT,Single-dimension GSC UI export; rows cannot be joined across dimensions; top-row and UI cap limitations apply.
VERIFIED_GSC_UI_SINGLE_DIMENSION,day90,2026-05-12,2026-08-09,sc-domain:fermatmind.com,web,page,https://fermatmind.com/zh/tests/eq-test-emotional-intelligence-assessment,1,102,0.98,9.09,52,1000,NOT_AVAILABLE_IN_UI_EXPORT,Single-dimension GSC UI export; rows cannot be joined across dimensions; top-row and UI cap limitations apply.
VERIFIED_GSC_UI_SINGLE_DIMENSION,day90,2026-05-12,2026-08-09,sc-domain:fermatmind.com,web,page,https://fermatmind.com/zh/personality/big-five/extraversion-high,1,101,0.99,13.8,53,1000,NOT_AVAILABLE_IN_UI_EXPORT,Single-dimension GSC UI export; rows cannot be joined across dimensions; top-row and UI cap limitations apply.
VERIFIED_GSC_UI_SINGLE_DIMENSION,day90,2026-05-12,2026-08-09,sc-domain:fermatmind.com,web,page,https://fermatmind.com/en/personality/enneagram/wings/4w5,1,99,1.01,9.26,54,1000,NOT_AVAILABLE_IN_UI_EXPORT,Single-dimension GSC UI export; rows cannot be joined across dimensions; top-row and UI cap limitations apply.
VERIFIED_GSC_UI_SINGLE_DIMENSION,day90,2026-05-12,2026-08-09,sc-domain:fermatmind.com,web,page,https://fermatmind.com/zh/career/jobs/dental-hygienists,1,98,1.02,11.11,55,1000,NOT_AVAILABLE_IN_UI_EXPORT,Single-dimension GSC UI export; rows cannot be joined across dimensions; top-row and UI cap limitations apply.
VERIFIED_GSC_UI_SINGLE_DIMENSION,day90,2026-05-12,2026-08-09,sc-domain:fermatmind.com,web,page,https://fermatmind.com/zh/personality/istj-vs-isfj,1,94,1.06,6.66,56,1000,NOT_AVAILABLE_IN_UI_EXPORT,Single-dimension GSC UI export; rows cannot be joined across dimensions; top-row and UI cap limitations apply.
VERIFIED_GSC_UI_SINGLE_DIMENSION,day90,2026-05-12,2026-08-09,sc-domain:fermatmind.com,web,page,https://fermatmind.com/zh/articles/big-five-conscientiousness-low-procrastination-task-plan,1,73,1.37,17.04,57,1000,NOT_AVAILABLE_IN_UI_EXPORT,Single-dimension GSC UI export; rows cannot be joined across dimensions; top-row and UI cap limitations apply.
VERIFIED_GSC_UI_SINGLE_DIMENSION,day90,2026-05-12,2026-08-09,sc-domain:fermatmind.com,web,page,https://fermatmind.com/zh/career/jobs/zoologists-and-wildlife-biologists,1,73,1.37,33.84,58,1000,NOT_AVAILABLE_IN_UI_EXPORT,Single-dimension GSC UI export; rows cannot be joined across dimensions; top-row and UI cap limitations apply.
VERIFIED_GSC_UI_SINGLE_DIMENSION,day90,2026-05-12,2026-08-09,sc-domain:fermatmind.com,web,page,https://fermatmind.com/zh/articles/iq-test-growth-guide,1,70,1.43,13.84,59,1000,NOT_AVAILABLE_IN_UI_EXPORT,Single-dimension GSC UI export; rows cannot be joined across dimensions; top-row and UI cap limitations apply.
VERIFIED_GSC_UI_SINGLE_DIMENSION,day90,2026-05-12,2026-08-09,sc-domain:fermatmind.com,web,page,https://fermatmind.com/zh/career/jobs/general-and-operations-managers,1,60,1.67,20.23,60,1000,NOT_AVAILABLE_IN_UI_EXPORT,Single-dimension GSC UI export; rows cannot be joined across dimensions; top-row and UI cap limitations apply.
VERIFIED_GSC_UI_SINGLE_DIMENSION,day90,2026-05-12,2026-08-09,sc-domain:fermatmind.com,web,page,https://fermatmind.com/zh/career/jobs/customs-brokers,1,57,1.75,13.91,61,1000,NOT_AVAILABLE_IN_UI_EXPORT,Single-dimension GSC UI export; rows cannot be joined across dimensions; top-row and UI cap limitations apply.
VERIFIED_GSC_UI_SINGLE_DIMENSION,day90,2026-05-12,2026-08-09,sc-domain:fermatmind.com,web,page,https://fermatmind.com/zh/personality/entj-vs-intj,1,56,1.79,11.41,62,1000,NOT_AVAILABLE_IN_UI_EXPORT,Single-dimension GSC UI export; rows cannot be joined across dimensions; top-row and UI cap limitations apply.
VERIFIED_GSC_UI_SINGLE_DIMENSION,day90,2026-05-12,2026-08-09,sc-domain:fermatmind.com,web,page,https://fermatmind.com/zh/personality/enneagram/wings/5w4,1,55,1.82,5.4,63,1000,NOT_AVAILABLE_IN_UI_EXPORT,Single-dimension GSC UI export; rows cannot be joined across dimensions; top-row and UI cap limitations apply.
VERIFIED_GSC_UI_SINGLE_DIMENSION,day90,2026-05-12,2026-08-09,sc-domain:fermatmind.com,web,page,https://fermatmind.com/en/personality/enneagram/wings/9w8,1,55,1.82,10.49,64,1000,NOT_AVAILABLE_IN_UI_EXPORT,Single-dimension GSC UI export; rows cannot be joined across dimensions; top-row and UI cap limitations apply.
VERIFIED_GSC_UI_SINGLE_DIMENSION,day90,2026-05-12,2026-08-09,sc-domain:fermatmind.com,web,page,https://fermatmind.com/en/personality/enneagram/centers/heart,1,52,1.92,11.31,65,1000,NOT_AVAILABLE_IN_UI_EXPORT,Single-dimension GSC UI export; rows cannot be joined across dimensions; top-row and UI cap limitations apply.
VERIFIED_GSC_UI_SINGLE_DIMENSION,day90,2026-05-12,2026-08-09,sc-domain:fermatmind.com,web,page,https://fermatmind.com/en/personality/big-five/low-extraversion,1,51,1.96,8.88,66,1000,NOT_AVAILABLE_IN_UI_EXPORT,Single-dimension GSC UI export; rows cannot be joined across dimensions; top-row and UI cap limitations apply.
VERIFIED_GSC_UI_SINGLE_DIMENSION,day90,2026-05-12,2026-08-09,sc-domain:fermatmind.com,web,page,https://fermatmind.com/zh/personality/big-five/agreeableness,1,48,2.08,7.9,67,1000,NOT_AVAILABLE_IN_UI_EXPORT,Single-dimension GSC UI export; rows cannot be joined across dimensions; top-row and UI cap limitations apply.
VERIFIED_GSC_UI_SINGLE_DIMENSION,day90,2026-05-12,2026-08-09,sc-domain:fermatmind.com,web,page,https://fermatmind.com/zh/tests/category/personality,1,44,2.27,10.39,68,1000,NOT_AVAILABLE_IN_UI_EXPORT,Single-dimension GSC UI export; rows cannot be joined across dimensions; top-row and UI cap limitations apply.
VERIFIED_GSC_UI_SINGLE_DIMENSION,day90,2026-05-12,2026-08-09,sc-domain:fermatmind.com,web,page,https://fermatmind.com/zh/personality/enneagram/wings/8w7,1,34,2.94,5.62,69,1000,NOT_AVAILABLE_IN_UI_EXPORT,Single-dimension GSC UI export; rows cannot be joined across dimensions; top-row and UI cap limitations apply.
VERIFIED_GSC_UI_SINGLE_DIMENSION,day90,2026-05-12,2026-08-09,sc-domain:fermatmind.com,web,page,https://fermatmind.com/en/personality/big-five/facets/self-consciousness,1,29,3.45,9.62,70,1000,NOT_AVAILABLE_IN_UI_EXPORT,Single-dimension GSC UI export; rows cannot be joined across dimensions; top-row and UI cap limitations apply.
VERIFIED_GSC_UI_SINGLE_DIMENSION,day90,2026-05-12,2026-08-09,sc-domain:fermatmind.com,web,page,https://fermatmind.com/en/career/jobs/special-forces,1,28,3.57,18.86,71,1000,NOT_AVAILABLE_IN_UI_EXPORT,Single-dimension GSC UI export; rows cannot be joined across dimensions; top-row and UI cap limitations apply.
VERIFIED_GSC_UI_SINGLE_DIMENSION,day90,2026-05-12,2026-08-09,sc-domain:fermatmind.com,web,page,https://fermatmind.com/zh/personality/enneagram/wings/7w8,1,26,3.85,5.73,72,1000,NOT_AVAILABLE_IN_UI_EXPORT,Single-dimension GSC UI export; rows cannot be joined across dimensions; top-row and UI cap limitations apply.
VERIFIED_GSC_UI_SINGLE_DIMENSION,day90,2026-05-12,2026-08-09,sc-domain:fermatmind.com,web,page,https://fermatmind.com/en/personality/big-five/facets,1,26,3.85,6.42,73,1000,NOT_AVAILABLE_IN_UI_EXPORT,Single-dimension GSC UI export; rows cannot be joined across dimensions; top-row and UI cap limitations apply.
VERIFIED_GSC_UI_SINGLE_DIMENSION,day90,2026-05-12,2026-08-09,sc-domain:fermatmind.com,web,page,https://fermatmind.com/zh/career/jobs/photonics-technicians,1,17,5.88,20.24,74,1000,NOT_AVAILABLE_IN_UI_EXPORT,Single-dimension GSC UI export; rows cannot be joined across dimensions; top-row and UI cap limitations apply.
VERIFIED_GSC_UI_SINGLE_DIMENSION,day90,2026-05-12,2026-08-09,sc-domain:fermatmind.com,web,page,https://fermatmind.com/zh/personality/big-five/facets/self-consciousness,1,15,6.67,9.07,76,1000,NOT_AVAILABLE_IN_UI_EXPORT,Single-dimension GSC UI export; rows cannot be joined across dimensions; top-row and UI cap limitations apply.
VERIFIED_GSC_UI_SINGLE_DIMENSION,day90,2026-05-12,2026-08-09,sc-domain:fermatmind.com,web,page,https://fermatmind.com/zh/career/jobs/paving-surfacing-and-tamping-equipment-operators,1,14,7.14,13.71,77,1000,NOT_AVAILABLE_IN_UI_EXPORT,Single-dimension GSC UI export; rows cannot be joined across dimensions; top-row and UI cap limitations apply.
VERIFIED_GSC_UI_SINGLE_DIMENSION,day90,2026-05-12,2026-08-09,sc-domain:fermatmind.com,web,page,https://fermatmind.com/zh/personality/big-five/facets/gregariousness,1,12,8.33,17.17,78,1000,NOT_AVAILABLE_IN_UI_EXPORT,Single-dimension GSC UI export; rows cannot be joined across dimensions; top-row and UI cap limitations apply.
VERIFIED_GSC_UI_SINGLE_DIMENSION,day90,2026-05-12,2026-08-09,sc-domain:fermatmind.com,web,page,https://fermatmind.com/zh/career/jobs/broadcast-announcers-and-radio-disc-jockeys,1,4,25.0,10.5,79,1000,NOT_AVAILABLE_IN_UI_EXPORT,Single-dimension GSC UI export; rows cannot be joined across dimensions; top-row and UI cap limitations apply.
VERIFIED_GSC_UI_SINGLE_DIMENSION,day90,2026-05-12,2026-08-09,sc-domain:fermatmind.com,web,page,https://fermatmind.com/en/career/jobs/geodetic-surveyors,1,4,25.0,12.0,80,1000,NOT_AVAILABLE_IN_UI_EXPORT,Single-dimension GSC UI export; rows cannot be joined across dimensions; top-row and UI cap limitations apply.
VERIFIED_GSC_UI_SINGLE_DIMENSION,day90,2026-05-12,2026-08-09,sc-domain:fermatmind.com,web,page,https://fermatmind.com/zh/personality/enneagram/type-8/instincts/self-preservation,1,2,50.0,3.0,82,1000,NOT_AVAILABLE_IN_UI_EXPORT,Single-dimension GSC UI export; rows cannot be joined across dimensions; top-row and UI cap limitations apply.
VERIFIED_GSC_UI_SINGLE_DIMENSION,day90,2026-05-12,2026-08-09,sc-domain:fermatmind.com,web,page,https://fermatmind.com/en/career/jobs/shipping-receiving-and-inventory-clerks,0,2050,0.0,7.17,83,1000,NOT_AVAILABLE_IN_UI_EXPORT,Single-dimension GSC UI export; rows cannot be joined across dimensions; top-row and UI cap limitations apply.
VERIFIED_GSC_UI_SINGLE_DIMENSION,day90,2026-05-12,2026-08-09,sc-domain:fermatmind.com,web,page,https://fermatmind.com/zh/articles/mbti-vs-holland-career-choice,0,758,0.0,8.92,84,1000,NOT_AVAILABLE_IN_UI_EXPORT,Single-dimension GSC UI export; rows cannot be joined across dimensions; top-row and UI cap limitations apply.
VERIFIED_GSC_UI_SINGLE_DIMENSION,day90,2026-05-12,2026-08-09,sc-domain:fermatmind.com,web,page,https://fermatmind.com/zh/personality/infp-t,0,741,0.0,14.03,85,1000,NOT_AVAILABLE_IN_UI_EXPORT,Single-dimension GSC UI export; rows cannot be joined across dimensions; top-row and UI cap limitations apply.
VERIFIED_GSC_UI_SINGLE_DIMENSION,day90,2026-05-12,2026-08-09,sc-domain:fermatmind.com,web,page,https://fermatmind.com/zh/career/jobs/graphic-designers,0,698,0.0,8.89,86,1000,NOT_AVAILABLE_IN_UI_EXPORT,Single-dimension GSC UI export; rows cannot be joined across dimensions; top-row and UI cap limitations apply.
VERIFIED_GSC_UI_SINGLE_DIMENSION,day90,2026-05-12,2026-08-09,sc-domain:fermatmind.com,web,page,https://fermatmind.com/zh/personality,0,696,0.0,9.83,87,1000,NOT_AVAILABLE_IN_UI_EXPORT,Single-dimension GSC UI export; rows cannot be joined across dimensions; top-row and UI cap limitations apply.
VERIFIED_GSC_UI_SINGLE_DIMENSION,day90,2026-05-12,2026-08-09,sc-domain:fermatmind.com,web,page,https://fermatmind.com/zh/articles/enneagram-workplace-friction-core-motivations,0,685,0.0,14.6,88,1000,NOT_AVAILABLE_IN_UI_EXPORT,Single-dimension GSC UI export; rows cannot be joined across dimensions; top-row and UI cap limitations apply.
VERIFIED_GSC_UI_SINGLE_DIMENSION,day90,2026-05-12,2026-08-09,sc-domain:fermatmind.com,web,page,https://fermatmind.com/zh/articles/math-not-good-computer-ai-major-course-riasec-checklist,0,509,0.0,11.58,89,1000,NOT_AVAILABLE_IN_UI_EXPORT,Single-dimension GSC UI export; rows cannot be joined across dimensions; top-row and UI cap limitations apply.
VERIFIED_GSC_UI_SINGLE_DIMENSION,day90,2026-05-12,2026-08-09,sc-domain:fermatmind.com,web,page,https://fermatmind.com/zh/articles/iq-test-score-and-limits-explained,0,474,0.0,8.22,90,1000,NOT_AVAILABLE_IN_UI_EXPORT,Single-dimension GSC UI export; rows cannot be joined across dimensions; top-row and UI cap limitations apply.
VERIFIED_GSC_UI_SINGLE_DIMENSION,day90,2026-05-12,2026-08-09,sc-domain:fermatmind.com,web,page,https://fermatmind.com/zh/career/guides,0,429,0.0,11.62,91,1000,NOT_AVAILABLE_IN_UI_EXPORT,Single-dimension GSC UI export; rows cannot be joined across dimensions; top-row and UI cap limitations apply.
VERIFIED_GSC_UI_SINGLE_DIMENSION,day90,2026-05-12,2026-08-09,sc-domain:fermatmind.com,web,page,https://fermatmind.com/zh/articles/big-five-emotional-stability-stress-recovery-communication,0,420,0.0,14.48,92,1000,NOT_AVAILABLE_IN_UI_EXPORT,Single-dimension GSC UI export; rows cannot be joined across dimensions; top-row and UI cap limitations apply.
VERIFIED_GSC_UI_SINGLE_DIMENSION,day90,2026-05-12,2026-08-09,sc-domain:fermatmind.com,web,page,https://fermatmind.com/zh/career/guides/from-mbti-to-job-fit,0,417,0.0,10.68,93,1000,NOT_AVAILABLE_IN_UI_EXPORT,Single-dimension GSC UI export; rows cannot be joined across dimensions; top-row and UI cap limitations apply.
VERIFIED_GSC_UI_SINGLE_DIMENSION,day90,2026-05-12,2026-08-09,sc-domain:fermatmind.com,web,page,https://fermatmind.com/en/career/jobs/sales-representatives-wholesale-and-manufacturing-except-technical-and-scientific-products,0,410,0.0,7.05,94,1000,NOT_AVAILABLE_IN_UI_EXPORT,Single-dimension GSC UI export; rows cannot be joined across dimensions; top-row and UI cap limitations apply.
VERIFIED_GSC_UI_SINGLE_DIMENSION,day90,2026-05-12,2026-08-09,sc-domain:fermatmind.com,web,page,https://fermatmind.com/zh/topics/mbti,0,402,0.0,18.01,95,1000,NOT_AVAILABLE_IN_UI_EXPORT,Single-dimension GSC UI export; rows cannot be joined across dimensions; top-row and UI cap limitations apply.
VERIFIED_GSC_UI_SINGLE_DIMENSION,day90,2026-05-12,2026-08-09,sc-domain:fermatmind.com,web,page,https://fermatmind.com/zh/career/jobs/mining-and-geological-engineers,0,387,0.0,41.56,96,1000,NOT_AVAILABLE_IN_UI_EXPORT,Single-dimension GSC UI export; rows cannot be joined across dimensions; top-row and UI cap limitations apply.
VERIFIED_GSC_UI_SINGLE_DIMENSION,day90,2026-05-12,2026-08-09,sc-domain:fermatmind.com,web,page,https://fermatmind.com/en/articles/major-career-mismatch-job-search-skills-plan,0,338,0.0,11.64,97,1000,NOT_AVAILABLE_IN_UI_EXPORT,Single-dimension GSC UI export; rows cannot be joined across dimensions; top-row and UI cap limitations apply.
VERIFIED_GSC_UI_SINGLE_DIMENSION,day90,2026-05-12,2026-08-09,sc-domain:fermatmind.com,web,page,https://fermatmind.com/zh/career/jobs/aircraft-and-avionics-equipment-mechanics-and-technicians,0,327,0.0,30.98,98,1000,NOT_AVAILABLE_IN_UI_EXPORT,Single-dimension GSC UI export; rows cannot be joined across dimensions; top-row and UI cap limitations apply.
VERIFIED_GSC_UI_SINGLE_DIMENSION,day90,2026-05-12,2026-08-09,sc-domain:fermatmind.com,web,page,https://fermatmind.com/zh/articles/unwanted-major-adjustment-riasec-transfer-plan,0,326,0.0,8.7,99,1000,NOT_AVAILABLE_IN_UI_EXPORT,Single-dimension GSC UI export; rows cannot be joined across dimensions; top-row and UI cap limitations apply.
VERIFIED_GSC_UI_SINGLE_DIMENSION,day90,2026-05-12,2026-08-09,sc-domain:fermatmind.com,web,page,https://fermatmind.com/en/articles/big-five-emotional-stability-stress-recovery-communication,0,313,0.0,13.04,100,1000,NOT_AVAILABLE_IN_UI_EXPORT,Single-dimension GSC UI export; rows cannot be joined across dimensions; top-row and UI cap limitations apply.
VERIFIED_GSC_UI_SINGLE_DIMENSION,day90,2026-05-12,2026-08-09,sc-domain:fermatmind.com,web,page,https://fermatmind.com/zh/career/jobs/automotive-service-technicians-and-mechanics,0,291,0.0,24.23,101,1000,NOT_AVAILABLE_IN_UI_EXPORT,Single-dimension GSC UI export; rows cannot be joined across dimensions; top-row and UI cap limitations apply.
VERIFIED_GSC_UI_SINGLE_DIMENSION,day90,2026-05-12,2026-08-09,sc-domain:fermatmind.com,web,page,https://fermatmind.com/en/personality/enneagram/wings/5w4,0,288,0.0,9.91,102,1000,NOT_AVAILABLE_IN_UI_EXPORT,Single-dimension GSC UI export; rows cannot be joined across dimensions; top-row and UI cap limitations apply.
VERIFIED_GSC_UI_SINGLE_DIMENSION,day90,2026-05-12,2026-08-09,sc-domain:fermatmind.com,web,page,https://fermatmind.com/zh/careers,0,288,0.0,15.08,103,1000,NOT_AVAILABLE_IN_UI_EXPORT,Single-dimension GSC UI export; rows cannot be joined across dimensions; top-row and UI cap limitations apply.
VERIFIED_GSC_UI_SINGLE_DIMENSION,day90,2026-05-12,2026-08-09,sc-domain:fermatmind.com,web,page,https://fermatmind.com/en/personality/intp-a-vs-intp-t,0,287,0.0,11.64,104,1000,NOT_AVAILABLE_IN_UI_EXPORT,Single-dimension GSC UI export; rows cannot be joined across dimensions; top-row and UI cap limitations apply.
VERIFIED_GSC_UI_SINGLE_DIMENSION,day90,2026-05-12,2026-08-09,sc-domain:fermatmind.com,web,page,https://fermatmind.com/en/personality/enfj-a,0,277,0.0,10.71,105,1000,NOT_AVAILABLE_IN_UI_EXPORT,Single-dimension GSC UI export; rows cannot be joined across dimensions; top-row and UI cap limitations apply.
VERIFIED_GSC_UI_SINGLE_DIMENSION,day90,2026-05-12,2026-08-09,sc-domain:fermatmind.com,web,page,https://fermatmind.com/zh/career/jobs/postal-service-mail-sorters-processors-and-processing-machine-operators,0,247,0.0,27.82,106,1000,NOT_AVAILABLE_IN_UI_EXPORT,Single-dimension GSC UI export; rows cannot be joined across dimensions; top-row and UI cap limitations apply.
VERIFIED_GSC_UI_SINGLE_DIMENSION,day90,2026-05-12,2026-08-09,sc-domain:fermatmind.com,web,page,https://fermatmind.com/en/career/jobs/purchasing-agents-except-wholesale-retail-and-farm-products,0,244,0.0,8.51,107,1000,NOT_AVAILABLE_IN_UI_EXPORT,Single-dimension GSC UI export; rows cannot be joined across dimensions; top-row and UI cap limitations apply.
VERIFIED_GSC_UI_SINGLE_DIMENSION,day90,2026-05-12,2026-08-09,sc-domain:fermatmind.com,web,page,https://fermatmind.com/en/career/jobs/tailors-dressmakers-and-custom-sewers,0,226,0.0,6.41,108,1000,NOT_AVAILABLE_IN_UI_EXPORT,Single-dimension GSC UI export; rows cannot be joined across dimensions; top-row and UI cap limitations apply.
VERIFIED_GSC_UI_SINGLE_DIMENSION,day90,2026-05-12,2026-08-09,sc-domain:fermatmind.com,web,page,https://fermatmind.com/zh/career/jobs/bus-drivers-transit-and-intercity,0,217,0.0,6.59,109,1000,NOT_AVAILABLE_IN_UI_EXPORT,Single-dimension GSC UI export; rows cannot be joined across dimensions; top-row and UI cap limitations apply.
VERIFIED_GSC_UI_SINGLE_DIMENSION,day90,2026-05-12,2026-08-09,sc-domain:fermatmind.com,web,page,https://fermatmind.com/en/career/jobs/market-research-analysts-and-marketing-specialists,0,215,0.0,8.06,110,1000,NOT_AVAILABLE_IN_UI_EXPORT,Single-dimension GSC UI export; rows cannot be joined across dimensions; top-row and UI cap limitations apply.
VERIFIED_GSC_UI_SINGLE_DIMENSION,day90,2026-05-12,2026-08-09,sc-domain:fermatmind.com,web,page,https://fermatmind.com/zh/personality/estp-t,0,214,0.0,11.04,111,1000,NOT_AVAILABLE_IN_UI_EXPORT,Single-dimension GSC UI export; rows cannot be joined across dimensions; top-row and UI cap limitations apply.
VERIFIED_GSC_UI_SINGLE_DIMENSION,day90,2026-05-12,2026-08-09,sc-domain:fermatmind.com,web,page,https://fermatmind.com/zh/articles/unwanted-major-repeat-or-stay-riasec-decision-checklist,0,203,0.0,10.34,112,1000,NOT_AVAILABLE_IN_UI_EXPORT,Single-dimension GSC UI export; rows cannot be joined across dimensions; top-row and UI cap limitations apply.
VERIFIED_GSC_UI_SINGLE_DIMENSION,day90,2026-05-12,2026-08-09,sc-domain:fermatmind.com,web,page,https://fermatmind.com/zh/career/jobs/supply-chain-managers,0,201,0.0,12.61,113,1000,NOT_AVAILABLE_IN_UI_EXPORT,Single-dimension GSC UI export; rows cannot be joined across dimensions; top-row and UI cap limitations apply.
VERIFIED_GSC_UI_SINGLE_DIMENSION,day90,2026-05-12,2026-08-09,sc-domain:fermatmind.com,web,page,https://fermatmind.com/en/career/jobs/web-and-digital-interface-designers,0,196,0.0,8.34,114,1000,NOT_AVAILABLE_IN_UI_EXPORT,Single-dimension GSC UI export; rows cannot be joined across dimensions; top-row and UI cap limitations apply.
VERIFIED_GSC_UI_SINGLE_DIMENSION,day90,2026-05-12,2026-08-09,sc-domain:fermatmind.com,web,page,https://fermatmind.com/en/personality/enfj-a-vs-enfj-t,0,194,0.0,7.7,115,1000,NOT_AVAILABLE_IN_UI_EXPORT,Single-dimension GSC UI export; rows cannot be joined across dimensions; top-row and UI cap limitations apply.
VERIFIED_GSC_UI_SINGLE_DIMENSION,day90,2026-05-12,2026-08-09,sc-domain:fermatmind.com,web,page,https://fermatmind.com/en/personality/enneagram/wings/3w2,0,190,0.0,10.05,116,1000,NOT_AVAILABLE_IN_UI_EXPORT,Single-dimension GSC UI export; rows cannot be joined across dimensions; top-row and UI cap limitations apply.
VERIFIED_GSC_UI_SINGLE_DIMENSION,day90,2026-05-12,2026-08-09,sc-domain:fermatmind.com,web,page,https://fermatmind.com/en/career/jobs/funeral-home-managers,0,188,0.0,7.14,117,1000,NOT_AVAILABLE_IN_UI_EXPORT,Single-dimension GSC UI export; rows cannot be joined across dimensions; top-row and UI cap limitations apply.
VERIFIED_GSC_UI_SINGLE_DIMENSION,day90,2026-05-12,2026-08-09,sc-domain:fermatmind.com,web,page,https://fermatmind.com/en/career/jobs/forest-fire-inspectors-and-prevention-specialists,0,186,0.0,11.3,118,1000,NOT_AVAILABLE_IN_UI_EXPORT,Single-dimension GSC UI export; rows cannot be joined across dimensions; top-row and UI cap limitations apply.
VERIFIED_GSC_UI_SINGLE_DIMENSION,day90,2026-05-12,2026-08-09,sc-domain:fermatmind.com,web,page,https://fermatmind.com/en/articles/mbti-personality-test-science-vs-pseudoscience,0,185,0.0,13.53,119,1000,NOT_AVAILABLE_IN_UI_EXPORT,Single-dimension GSC UI export; rows cannot be joined across dimensions; top-row and UI cap limitations apply.
VERIFIED_GSC_UI_SINGLE_DIMENSION,day90,2026-05-12,2026-08-09,sc-domain:fermatmind.com,web,page,https://fermatmind.com/zh/career/jobs/civil-engineering-technicians,0,178,0.0,25.61,120,1000,NOT_AVAILABLE_IN_UI_EXPORT,Single-dimension GSC UI export; rows cannot be joined across dimensions; top-row and UI cap limitations apply.
VERIFIED_GSC_UI_SINGLE_DIMENSION,day90,2026-05-12,2026-08-09,sc-domain:fermatmind.com,web,page,https://fermatmind.com/en/personality/esfj-t,0,176,0.0,10.06,121,1000,NOT_AVAILABLE_IN_UI_EXPORT,Single-dimension GSC UI export; rows cannot be joined across dimensions; top-row and UI cap limitations apply.
VERIFIED_GSC_UI_SINGLE_DIMENSION,day90,2026-05-12,2026-08-09,sc-domain:fermatmind.com,web,page,https://fermatmind.com/zh/career/jobs/purchasing-managers,0,171,0.0,16.54,122,1000,NOT_AVAILABLE_IN_UI_EXPORT,Single-dimension GSC UI export; rows cannot be joined across dimensions; top-row and UI cap limitations apply.
VERIFIED_GSC_UI_SINGLE_DIMENSION,day90,2026-05-12,2026-08-09,sc-domain:fermatmind.com,web,page,https://fermatmind.com/zh/career/jobs/production-planning-and-expediting-clerks,0,170,0.0,7.73,123,1000,NOT_AVAILABLE_IN_UI_EXPORT,Single-dimension GSC UI export; rows cannot be joined across dimensions; top-row and UI cap limitations apply.
VERIFIED_GSC_UI_SINGLE_DIMENSION,day90,2026-05-12,2026-08-09,sc-domain:fermatmind.com,web,page,https://fermatmind.com/zh/career/guides/build-five-year-career-roadmap,0,165,0.0,8.43,124,1000,NOT_AVAILABLE_IN_UI_EXPORT,Single-dimension GSC UI export; rows cannot be joined across dimensions; top-row and UI cap limitations apply.
VERIFIED_GSC_UI_SINGLE_DIMENSION,day90,2026-05-12,2026-08-09,sc-domain:fermatmind.com,web,page,https://fermatmind.com/zh/career/jobs/archivists,0,165,0.0,11.65,125,1000,NOT_AVAILABLE_IN_UI_EXPORT,Single-dimension GSC UI export; rows cannot be joined across dimensions; top-row and UI cap limitations apply.
VERIFIED_GSC_UI_SINGLE_DIMENSION,day90,2026-05-12,2026-08-09,sc-domain:fermatmind.com,web,page,https://fermatmind.com/en/career/jobs/chemical-engineers,0,164,0.0,7.34,126,1000,NOT_AVAILABLE_IN_UI_EXPORT,Single-dimension GSC UI export; rows cannot be joined across dimensions; top-row and UI cap limitations apply.
VERIFIED_GSC_UI_SINGLE_DIMENSION,day90,2026-05-12,2026-08-09,sc-domain:fermatmind.com,web,page,https://fermatmind.com/zh/career/jobs/secretaries-and-administrative-assistants,0,164,0.0,19.64,127,1000,NOT_AVAILABLE_IN_UI_EXPORT,Single-dimension GSC UI export; rows cannot be joined across dimensions; top-row and UI cap limitations apply.
VERIFIED_GSC_UI_SINGLE_DIMENSION,day90,2026-05-12,2026-08-09,sc-domain:fermatmind.com,web,page,https://fermatmind.com/zh/career/jobs/aerospace-engineers,0,160,0.0,19.94,128,1000,NOT_AVAILABLE_IN_UI_EXPORT,Single-dimension GSC UI export; rows cannot be joined across dimensions; top-row and UI cap limitations apply.
VERIFIED_GSC_UI_SINGLE_DIMENSION,day90,2026-05-12,2026-08-09,sc-domain:fermatmind.com,web,page,https://fermatmind.com/zh/career/jobs/financial-managers,0,155,0.0,14.97,129,1000,NOT_AVAILABLE_IN_UI_EXPORT,Single-dimension GSC UI export; rows cannot be joined across dimensions; top-row and UI cap limitations apply.
VERIFIED_GSC_UI_SINGLE_DIMENSION,day90,2026-05-12,2026-08-09,sc-domain:fermatmind.com,web,page,https://fermatmind.com/en/career/jobs/multimedia-artists-and-animators,0,151,0.0,8.26,130,1000,NOT_AVAILABLE_IN_UI_EXPORT,Single-dimension GSC UI export; rows cannot be joined across dimensions; top-row and UI cap limitations apply.
VERIFIED_GSC_UI_SINGLE_DIMENSION,day90,2026-05-12,2026-08-09,sc-domain:fermatmind.com,web,page,https://fermatmind.com/zh/career/jobs/geodetic-surveyors,0,148,0.0,49.14,131,1000,NOT_AVAILABLE_IN_UI_EXPORT,Single-dimension GSC UI export; rows cannot be joined across dimensions; top-row and UI cap limitations apply.
VERIFIED_GSC_UI_SINGLE_DIMENSION,day90,2026-05-12,2026-08-09,sc-domain:fermatmind.com,web,page,https://fermatmind.com/en/career/jobs/postmasters-and-mail-superintendents,0,146,0.0,7.43,132,1000,NOT_AVAILABLE_IN_UI_EXPORT,Single-dimension GSC UI export; rows cannot be joined across dimensions; top-row and UI cap limitations apply.
VERIFIED_GSC_UI_SINGLE_DIMENSION,day90,2026-05-12,2026-08-09,sc-domain:fermatmind.com,web,page,https://fermatmind.com/en/personality/big-five/neuroticism-low,0,146,0.0,9.71,133,1000,NOT_AVAILABLE_IN_UI_EXPORT,Single-dimension GSC UI export; rows cannot be joined across dimensions; top-row and UI cap limitations apply.
VERIFIED_GSC_UI_SINGLE_DIMENSION,day90,2026-05-12,2026-08-09,sc-domain:fermatmind.com,web,page,https://fermatmind.com/en/personality/enneagram/wings/5w6,0,144,0.0,11.69,134,1000,NOT_AVAILABLE_IN_UI_EXPORT,Single-dimension GSC UI export; rows cannot be joined across dimensions; top-row and UI cap limitations apply.
VERIFIED_GSC_UI_SINGLE_DIMENSION,day90,2026-05-12,2026-08-09,sc-domain:fermatmind.com,web,page,https://fermatmind.com/en/career/jobs/architects-except-landscape-and-naval,0,142,0.0,8.37,135,1000,NOT_AVAILABLE_IN_UI_EXPORT,Single-dimension GSC UI export; rows cannot be joined across dimensions; top-row and UI cap limitations apply.
VERIFIED_GSC_UI_SINGLE_DIMENSION,day90,2026-05-12,2026-08-09,sc-domain:fermatmind.com,web,page,https://fermatmind.com/en/personality/big-five/low-agreeableness,0,141,0.0,11.22,136,1000,NOT_AVAILABLE_IN_UI_EXPORT,Single-dimension GSC UI export; rows cannot be joined across dimensions; top-row and UI cap limitations apply.
VERIFIED_GSC_UI_SINGLE_DIMENSION,day90,2026-05-12,2026-08-09,sc-domain:fermatmind.com,web,page,https://fermatmind.com/en/career/jobs/refuse-and-recyclable-material-collectors,0,140,0.0,7.82,137,1000,NOT_AVAILABLE_IN_UI_EXPORT,Single-dimension GSC UI export; rows cannot be joined across dimensions; top-row and UI cap limitations apply.
VERIFIED_GSC_UI_SINGLE_DIMENSION,day90,2026-05-12,2026-08-09,sc-domain:fermatmind.com,web,page,https://fermatmind.com/en/data-privacy,0,140,0.0,14.59,138,1000,NOT_AVAILABLE_IN_UI_EXPORT,Single-dimension GSC UI export; rows cannot be joined across dimensions; top-row and UI cap limitations apply.
VERIFIED_GSC_UI_SINGLE_DIMENSION,day90,2026-05-12,2026-08-09,sc-domain:fermatmind.com,web,page,https://fermatmind.com/zh/career/guides/first-90-days-in-new-role,0,137,0.0,9.42,139,1000,NOT_AVAILABLE_IN_UI_EXPORT,Single-dimension GSC UI export; rows cannot be joined across dimensions; top-row and UI cap limitations apply.
VERIFIED_GSC_UI_SINGLE_DIMENSION,day90,2026-05-12,2026-08-09,sc-domain:fermatmind.com,web,page,https://fermatmind.com/en/personality/enneagram/type-6/instincts/self-preservation,0,136,0.0,9.79,140,1000,NOT_AVAILABLE_IN_UI_EXPORT,Single-dimension GSC UI export; rows cannot be joined across dimensions; top-row and UI cap limitations apply.
VERIFIED_GSC_UI_SINGLE_DIMENSION,day90,2026-05-12,2026-08-09,sc-domain:fermatmind.com,web,page,https://fermatmind.com/zh/personality/esfp-a,0,133,0.0,9.74,141,1000,NOT_AVAILABLE_IN_UI_EXPORT,Single-dimension GSC UI export; rows cannot be joined across dimensions; top-row and UI cap limitations apply.
VERIFIED_GSC_UI_SINGLE_DIMENSION,day90,2026-05-12,2026-08-09,sc-domain:fermatmind.com,web,page,https://fermatmind.com/en/personality/enneagram/type-7/instincts/self-preservation,0,132,0.0,8.23,142,1000,NOT_AVAILABLE_IN_UI_EXPORT,Single-dimension GSC UI export; rows cannot be joined across dimensions; top-row and UI cap limitations apply.
VERIFIED_GSC_UI_SINGLE_DIMENSION,day90,2026-05-12,2026-08-09,sc-domain:fermatmind.com,web,page,https://fermatmind.com/zh/career/jobs/financial-quantitative-analysts,0,129,0.0,16.96,143,1000,NOT_AVAILABLE_IN_UI_EXPORT,Single-dimension GSC UI export; rows cannot be joined across dimensions; top-row and UI cap limitations apply.
VERIFIED_GSC_UI_SINGLE_DIMENSION,day90,2026-05-12,2026-08-09,sc-domain:fermatmind.com,web,page,https://fermatmind.com/zh/articles/career-confusion-test-map,0,125,0.0,9.15,144,1000,NOT_AVAILABLE_IN_UI_EXPORT,Single-dimension GSC UI export; rows cannot be joined across dimensions; top-row and UI cap limitations apply.
VERIFIED_GSC_UI_SINGLE_DIMENSION,day90,2026-05-12,2026-08-09,sc-domain:fermatmind.com,web,page,https://fermatmind.com/zh/career/jobs/market-research-analysts-and-marketing-specialists,0,125,0.0,53.58,145,1000,NOT_AVAILABLE_IN_UI_EXPORT,Single-dimension GSC UI export; rows cannot be joined across dimensions; top-row and UI cap limitations apply.
VERIFIED_GSC_UI_SINGLE_DIMENSION,day90,2026-05-12,2026-08-09,sc-domain:fermatmind.com,web,page,https://fermatmind.com/zh/career/guides/salary-negotiation-framework,0,121,0.0,9.5,146,1000,NOT_AVAILABLE_IN_UI_EXPORT,Single-dimension GSC UI export; rows cannot be joined across dimensions; top-row and UI cap limitations apply.
VERIFIED_GSC_UI_SINGLE_DIMENSION,day90,2026-05-12,2026-08-09,sc-domain:fermatmind.com,web,page,https://fermatmind.com/en/articles/hot-major-fit-riasec-course-career-checklist,0,120,0.0,14.97,147,1000,NOT_AVAILABLE_IN_UI_EXPORT,Single-dimension GSC UI export; rows cannot be joined across dimensions; top-row and UI cap limitations apply.
VERIFIED_GSC_UI_SINGLE_DIMENSION,day90,2026-05-12,2026-08-09,sc-domain:fermatmind.com,web,page,https://fermatmind.com/zh/articles/big-five-growth-guide,0,119,0.0,10.61,148,1000,NOT_AVAILABLE_IN_UI_EXPORT,Single-dimension GSC UI export; rows cannot be joined across dimensions; top-row and UI cap limitations apply.
VERIFIED_GSC_UI_SINGLE_DIMENSION,day90,2026-05-12,2026-08-09,sc-domain:fermatmind.com,web,page,https://fermatmind.com/zh/career/jobs/film-and-video-editors-and-camera-operators,0,118,0.0,12.97,149,1000,NOT_AVAILABLE_IN_UI_EXPORT,Single-dimension GSC UI export; rows cannot be joined across dimensions; top-row and UI cap limitations apply.
VERIFIED_GSC_UI_SINGLE_DIMENSION,day90,2026-05-12,2026-08-09,sc-domain:fermatmind.com,web,page,https://fermatmind.com/zh/career/jobs/industrial-production-managers,0,116,0.0,13.14,150,1000,NOT_AVAILABLE_IN_UI_EXPORT,Single-dimension GSC UI export; rows cannot be joined across dimensions; top-row and UI cap limitations apply.
VERIFIED_GSC_UI_SINGLE_DIMENSION,day90,2026-05-12,2026-08-09,sc-domain:fermatmind.com,web,page,https://fermatmind.com/zh/career/jobs/real-estate-brokers-and-sales-agents,0,114,0.0,12.47,151,1000,NOT_AVAILABLE_IN_UI_EXPORT,Single-dimension GSC UI export; rows cannot be joined across dimensions; top-row and UI cap limitations apply.
VERIFIED_GSC_UI_SINGLE_DIMENSION,day90,2026-05-12,2026-08-09,sc-domain:fermatmind.com,web,page,https://fermatmind.com/zh/career/jobs/mechanical-drafters,0,114,0.0,22.32,152,1000,NOT_AVAILABLE_IN_UI_EXPORT,Single-dimension GSC UI export; rows cannot be joined across dimensions; top-row and UI cap limitations apply.
VERIFIED_GSC_UI_SINGLE_DIMENSION,day90,2026-05-12,2026-08-09,sc-domain:fermatmind.com,web,page,https://fermatmind.com/en/personality/enneagram/type-8/instincts/self-preservation,0,113,0.0,9.08,153,1000,NOT_AVAILABLE_IN_UI_EXPORT,Single-dimension GSC UI export; rows cannot be joined across dimensions; top-row and UI cap limitations apply.
VERIFIED_GSC_UI_SINGLE_DIMENSION,day90,2026-05-12,2026-08-09,sc-domain:fermatmind.com,web,page,https://fermatmind.com/zh/career/guides/networking-that-actually-works,0,113,0.0,11.15,154,1000,NOT_AVAILABLE_IN_UI_EXPORT,Single-dimension GSC UI export; rows cannot be joined across dimensions; top-row and UI cap limitations apply.
VERIFIED_GSC_UI_SINGLE_DIMENSION,day90,2026-05-12,2026-08-09,sc-domain:fermatmind.com,web,page,https://fermatmind.com/zh/articles/mbti-narrative-portrait,0,112,0.0,9.0,155,1000,NOT_AVAILABLE_IN_UI_EXPORT,Single-dimension GSC UI export; rows cannot be joined across dimensions; top-row and UI cap limitations apply.
VERIFIED_GSC_UI_SINGLE_DIMENSION,day90,2026-05-12,2026-08-09,sc-domain:fermatmind.com,web,page,https://fermatmind.com/zh/articles,0,110,0.0,7.45,156,1000,NOT_AVAILABLE_IN_UI_EXPORT,Single-dimension GSC UI export; rows cannot be joined across dimensions; top-row and UI cap limitations apply.
VERIFIED_GSC_UI_SINGLE_DIMENSION,day90,2026-05-12,2026-08-09,sc-domain:fermatmind.com,web,page,https://fermatmind.com/en/articles/best-valentines-date-by-personality-and-relationship-science,0,110,0.0,9.05,157,1000,NOT_AVAILABLE_IN_UI_EXPORT,Single-dimension GSC UI export; rows cannot be joined across dimensions; top-row and UI cap limitations apply.
VERIFIED_GSC_UI_SINGLE_DIMENSION,day90,2026-05-12,2026-08-09,sc-domain:fermatmind.com,web,page,https://fermatmind.com/en/personality/enneagram/wings/7w6,0,110,0.0,9.25,158,1000,NOT_AVAILABLE_IN_UI_EXPORT,Single-dimension GSC UI export; rows cannot be joined across dimensions; top-row and UI cap limitations apply.
VERIFIED_GSC_UI_SINGLE_DIMENSION,day90,2026-05-12,2026-08-09,sc-domain:fermatmind.com,web,page,https://fermatmind.com/zh/career/jobs/chemical-plant-and-system-operators,0,109,0.0,9.76,159,1000,NOT_AVAILABLE_IN_UI_EXPORT,Single-dimension GSC UI export; rows cannot be joined across dimensions; top-row and UI cap limitations apply.
VERIFIED_GSC_UI_SINGLE_DIMENSION,day90,2026-05-12,2026-08-09,sc-domain:fermatmind.com,web,page,https://fermatmind.com/zh/career/jobs/anesthesiologists,0,108,0.0,15.09,160,1000,NOT_AVAILABLE_IN_UI_EXPORT,Single-dimension GSC UI export; rows cannot be joined across dimensions; top-row and UI cap limitations apply.
VERIFIED_GSC_UI_SINGLE_DIMENSION,day90,2026-05-12,2026-08-09,sc-domain:fermatmind.com,web,page,https://fermatmind.com/zh/personality/infj-vs-infp,0,107,0.0,12.42,161,1000,NOT_AVAILABLE_IN_UI_EXPORT,Single-dimension GSC UI export; rows cannot be joined across dimensions; top-row and UI cap limitations apply.
VERIFIED_GSC_UI_SINGLE_DIMENSION,day90,2026-05-12,2026-08-09,sc-domain:fermatmind.com,web,page,https://fermatmind.com/zh/career/jobs/computer-hardware-engineers,0,105,0.0,10.73,162,1000,NOT_AVAILABLE_IN_UI_EXPORT,Single-dimension GSC UI export; rows cannot be joined across dimensions; top-row and UI cap limitations apply.
VERIFIED_GSC_UI_SINGLE_DIMENSION,day90,2026-05-12,2026-08-09,sc-domain:fermatmind.com,web,page,https://fermatmind.com/zh/career/jobs/shipping-receiving-and-inventory-clerks,0,103,0.0,17.29,163,1000,NOT_AVAILABLE_IN_UI_EXPORT,Single-dimension GSC UI export; rows cannot be joined across dimensions; top-row and UI cap limitations apply.
VERIFIED_GSC_UI_SINGLE_DIMENSION,day90,2026-05-12,2026-08-09,sc-domain:fermatmind.com,web,page,https://fermatmind.com/zh/career/jobs/postal-service-mail-carriers,0,103,0.0,32.23,164,1000,NOT_AVAILABLE_IN_UI_EXPORT,Single-dimension GSC UI export; rows cannot be joined across dimensions; top-row and UI cap limitations apply.
VERIFIED_GSC_UI_SINGLE_DIMENSION,day90,2026-05-12,2026-08-09,sc-domain:fermatmind.com,web,page,https://fermatmind.com/en/tests/big-five-personality-test-ocean-model,0,101,0.0,44.49,165,1000,NOT_AVAILABLE_IN_UI_EXPORT,Single-dimension GSC UI export; rows cannot be joined across dimensions; top-row and UI cap limitations apply.
VERIFIED_GSC_UI_SINGLE_DIMENSION,day90,2026-05-12,2026-08-09,sc-domain:fermatmind.com,web,page,https://fermatmind.com/zh/career/jobs/taxi-drivers-and-chauffeurs,0,99,0.0,11.7,166,1000,NOT_AVAILABLE_IN_UI_EXPORT,Single-dimension GSC UI export; rows cannot be joined across dimensions; top-row and UI cap limitations apply.
VERIFIED_GSC_UI_SINGLE_DIMENSION,day90,2026-05-12,2026-08-09,sc-domain:fermatmind.com,web,page,https://fermatmind.com/zh/career/guides/iq-eq-balance-at-work,0,96,0.0,13.71,167,1000,NOT_AVAILABLE_IN_UI_EXPORT,Single-dimension GSC UI export; rows cannot be joined across dimensions; top-row and UI cap limitations apply.
VERIFIED_GSC_UI_SINGLE_DIMENSION,day90,2026-05-12,2026-08-09,sc-domain:fermatmind.com,web,page,https://fermatmind.com/zh/career/jobs/agricultural-technicians,0,96,0.0,14.29,168,1000,NOT_AVAILABLE_IN_UI_EXPORT,Single-dimension GSC UI export; rows cannot be joined across dimensions; top-row and UI cap limitations apply.
VERIFIED_GSC_UI_SINGLE_DIMENSION,day90,2026-05-12,2026-08-09,sc-domain:fermatmind.com,web,page,https://fermatmind.com/zh/career/jobs/marketing-managers,0,96,0.0,26.16,169,1000,NOT_AVAILABLE_IN_UI_EXPORT,Single-dimension GSC UI export; rows cannot be joined across dimensions; top-row and UI cap limitations apply.
VERIFIED_GSC_UI_SINGLE_DIMENSION,day90,2026-05-12,2026-08-09,sc-domain:fermatmind.com,web,page,https://fermatmind.com/zh/career/jobs/barbers,0,95,0.0,10.88,170,1000,NOT_AVAILABLE_IN_UI_EXPORT,Single-dimension GSC UI export; rows cannot be joined across dimensions; top-row and UI cap limitations apply.
VERIFIED_GSC_UI_SINGLE_DIMENSION,day90,2026-05-12,2026-08-09,sc-domain:fermatmind.com,web,page,https://fermatmind.com/en/career/jobs/chemistry-teachers-postsecondary,0,94,0.0,8.28,171,1000,NOT_AVAILABLE_IN_UI_EXPORT,Single-dimension GSC UI export; rows cannot be joined across dimensions; top-row and UI cap limitations apply.
VERIFIED_GSC_UI_SINGLE_DIMENSION,day90,2026-05-12,2026-08-09,sc-domain:fermatmind.com,web,page,https://fermatmind.com/zh/career/jobs/respiratory-therapists,0,94,0.0,13.77,172,1000,NOT_AVAILABLE_IN_UI_EXPORT,Single-dimension GSC UI export; rows cannot be joined across dimensions; top-row and UI cap limitations apply.
VERIFIED_GSC_UI_SINGLE_DIMENSION,day90,2026-05-12,2026-08-09,sc-domain:fermatmind.com,web,page,https://fermatmind.com/en/career/jobs/securities-commodities-and-financial-services-sales-agents,0,92,0.0,7.68,173,1000,NOT_AVAILABLE_IN_UI_EXPORT,Single-dimension GSC UI export; rows cannot be joined across dimensions; top-row and UI cap limitations apply.
VERIFIED_GSC_UI_SINGLE_DIMENSION,day90,2026-05-12,2026-08-09,sc-domain:fermatmind.com,web,page,https://fermatmind.com/en/personality/enneagram/type-2/instincts/social,0,92,0.0,8.32,174,1000,NOT_AVAILABLE_IN_UI_EXPORT,Single-dimension GSC UI export; rows cannot be joined across dimensions; top-row and UI cap limitations apply.
VERIFIED_GSC_UI_SINGLE_DIMENSION,day90,2026-05-12,2026-08-09,sc-domain:fermatmind.com,web,page,https://fermatmind.com/en/career/jobs/bus-drivers-transit-and-intercity,0,92,0.0,12.07,175,1000,NOT_AVAILABLE_IN_UI_EXPORT,Single-dimension GSC UI export; rows cannot be joined across dimensions; top-row and UI cap limitations apply.
VERIFIED_GSC_UI_SINGLE_DIMENSION,day90,2026-05-12,2026-08-09,sc-domain:fermatmind.com,web,page,https://fermatmind.com/zh/career/jobs/embalmers,0,91,0.0,8.64,176,1000,NOT_AVAILABLE_IN_UI_EXPORT,Single-dimension GSC UI export; rows cannot be joined across dimensions; top-row and UI cap limitations apply.
VERIFIED_GSC_UI_SINGLE_DIMENSION,day90,2026-05-12,2026-08-09,sc-domain:fermatmind.com,web,page,https://fermatmind.com/zh/career/jobs/nurse-anesthetists,0,91,0.0,15.74,177,1000,NOT_AVAILABLE_IN_UI_EXPORT,Single-dimension GSC UI export; rows cannot be joined across dimensions; top-row and UI cap limitations apply.
VERIFIED_GSC_UI_SINGLE_DIMENSION,day90,2026-05-12,2026-08-09,sc-domain:fermatmind.com,web,page,https://fermatmind.com/zh/about,0,90,0.0,7.13,178,1000,NOT_AVAILABLE_IN_UI_EXPORT,Single-dimension GSC UI export; rows cannot be joined across dimensions; top-row and UI cap limitations apply.
VERIFIED_GSC_UI_SINGLE_DIMENSION,day90,2026-05-12,2026-08-09,sc-domain:fermatmind.com,web,page,https://fermatmind.com/zh/articles/iq-test-tool-guide,0,90,0.0,7.51,179,1000,NOT_AVAILABLE_IN_UI_EXPORT,Single-dimension GSC UI export; rows cannot be joined across dimensions; top-row and UI cap limitations apply.
VERIFIED_GSC_UI_SINGLE_DIMENSION,day90,2026-05-12,2026-08-09,sc-domain:fermatmind.com,web,page,https://fermatmind.com/zh/career/jobs/non-destructive-testing-specialists,0,90,0.0,9.01,180,1000,NOT_AVAILABLE_IN_UI_EXPORT,Single-dimension GSC UI export; rows cannot be joined across dimensions; top-row and UI cap limitations apply.
VERIFIED_GSC_UI_SINGLE_DIMENSION,day90,2026-05-12,2026-08-09,sc-domain:fermatmind.com,web,page,https://fermatmind.com/zh/career/jobs/solar-photovoltaic-installers,0,90,0.0,9.52,181,1000,NOT_AVAILABLE_IN_UI_EXPORT,Single-dimension GSC UI export; rows cannot be joined across dimensions; top-row and UI cap limitations apply.
VERIFIED_GSC_UI_SINGLE_DIMENSION,day90,2026-05-12,2026-08-09,sc-domain:fermatmind.com,web,page,https://fermatmind.com/en/personality/enneagram/wings/2w1,0,87,0.0,10.48,182,1000,NOT_AVAILABLE_IN_UI_EXPORT,Single-dimension GSC UI export; rows cannot be joined across dimensions; top-row and UI cap limitations apply.
VERIFIED_GSC_UI_SINGLE_DIMENSION,day90,2026-05-12,2026-08-09,sc-domain:fermatmind.com,web,page,https://fermatmind.com/en/career/jobs/energy-engineers-except-wind-and-solar,0,86,0.0,8.66,183,1000,NOT_AVAILABLE_IN_UI_EXPORT,Single-dimension GSC UI export; rows cannot be joined across dimensions; top-row and UI cap limitations apply.
VERIFIED_GSC_UI_SINGLE_DIMENSION,day90,2026-05-12,2026-08-09,sc-domain:fermatmind.com,web,page,https://fermatmind.com/zh/career/jobs/health-and-safety-engineers,0,85,0.0,9.92,184,1000,NOT_AVAILABLE_IN_UI_EXPORT,Single-dimension GSC UI export; rows cannot be joined across dimensions; top-row and UI cap limitations apply.
VERIFIED_GSC_UI_SINGLE_DIMENSION,day90,2026-05-12,2026-08-09,sc-domain:fermatmind.com,web,page,https://fermatmind.com/en/career/jobs/real-estate-brokers-and-sales-agents,0,85,0.0,12.15,185,1000,NOT_AVAILABLE_IN_UI_EXPORT,Single-dimension GSC UI export; rows cannot be joined across dimensions; top-row and UI cap limitations apply.
VERIFIED_GSC_UI_SINGLE_DIMENSION,day90,2026-05-12,2026-08-09,sc-domain:fermatmind.com,web,page,https://fermatmind.com/en/personality/enneagram/wings/8w7,0,83,0.0,8.84,186,1000,NOT_AVAILABLE_IN_UI_EXPORT,Single-dimension GSC UI export; rows cannot be joined across dimensions; top-row and UI cap limitations apply.
VERIFIED_GSC_UI_SINGLE_DIMENSION,day90,2026-05-12,2026-08-09,sc-domain:fermatmind.com,web,page,https://fermatmind.com/en/career/jobs/first-line-supervisors-of-office-and-administrative-support-workers,0,82,0.0,10.13,187,1000,NOT_AVAILABLE_IN_UI_EXPORT,Single-dimension GSC UI export; rows cannot be joined across dimensions; top-row and UI cap limitations apply.
VERIFIED_GSC_UI_SINGLE_DIMENSION,day90,2026-05-12,2026-08-09,sc-domain:fermatmind.com,web,page,https://fermatmind.com/zh/career/jobs/orthotists-and-prosthetists,0,80,0.0,18.12,188,1000,NOT_AVAILABLE_IN_UI_EXPORT,Single-dimension GSC UI export; rows cannot be joined across dimensions; top-row and UI cap limitations apply.
VERIFIED_GSC_UI_SINGLE_DIMENSION,day90,2026-05-12,2026-08-09,sc-domain:fermatmind.com,web,page,https://fermatmind.com/en/career/jobs/aircraft-launch-and-recovery-officers,0,80,0.0,18.93,189,1000,NOT_AVAILABLE_IN_UI_EXPORT,Single-dimension GSC UI export; rows cannot be joined across dimensions; top-row and UI cap limitations apply.
VERIFIED_GSC_UI_SINGLE_DIMENSION,day90,2026-05-12,2026-08-09,sc-domain:fermatmind.com,web,page,https://fermatmind.com/en/career/jobs/geoscientists-except-hydrologists-and-geographers,0,79,0.0,7.32,190,1000,NOT_AVAILABLE_IN_UI_EXPORT,Single-dimension GSC UI export; rows cannot be joined across dimensions; top-row and UI cap limitations apply.
VERIFIED_GSC_UI_SINGLE_DIMENSION,day90,2026-05-12,2026-08-09,sc-domain:fermatmind.com,web,page,https://fermatmind.com/en/career/jobs/first-line-supervisors-of-housekeeping-and-janitorial-workers,0,79,0.0,8.59,191,1000,NOT_AVAILABLE_IN_UI_EXPORT,Single-dimension GSC UI export; rows cannot be joined across dimensions; top-row and UI cap limitations apply.
VERIFIED_GSC_UI_SINGLE_DIMENSION,day90,2026-05-12,2026-08-09,sc-domain:fermatmind.com,web,page,https://fermatmind.com/zh/career/jobs/fallers,0,78,0.0,6.83,192,1000,NOT_AVAILABLE_IN_UI_EXPORT,Single-dimension GSC UI export; rows cannot be joined across dimensions; top-row and UI cap limitations apply.
VERIFIED_GSC_UI_SINGLE_DIMENSION,day90,2026-05-12,2026-08-09,sc-domain:fermatmind.com,web,page,https://fermatmind.com/en/career/jobs/reservation-and-transportation-ticket-agents-and-travel-clerks,0,78,0.0,10.21,193,1000,NOT_AVAILABLE_IN_UI_EXPORT,Single-dimension GSC UI export; rows cannot be joined across dimensions; top-row and UI cap limitations apply.
VERIFIED_GSC_UI_SINGLE_DIMENSION,day90,2026-05-12,2026-08-09,sc-domain:fermatmind.com,web,page,https://fermatmind.com/zh/career/jobs/search-marketing-strategists,0,78,0.0,32.47,194,1000,NOT_AVAILABLE_IN_UI_EXPORT,Single-dimension GSC UI export; rows cannot be joined across dimensions; top-row and UI cap limitations apply.
VERIFIED_GSC_UI_SINGLE_DIMENSION,day90,2026-05-12,2026-08-09,sc-domain:fermatmind.com,web,page,https://fermatmind.com/en/personality/big-five/facets/dutifulness,0,77,0.0,6.22,195,1000,NOT_AVAILABLE_IN_UI_EXPORT,Single-dimension GSC UI export; rows cannot be joined across dimensions; top-row and UI cap limitations apply.
VERIFIED_GSC_UI_SINGLE_DIMENSION,day90,2026-05-12,2026-08-09,sc-domain:fermatmind.com,web,page,https://fermatmind.com/en/career/jobs/first-line-supervisors-of-police-and-detectives,0,77,0.0,10.14,196,1000,NOT_AVAILABLE_IN_UI_EXPORT,Single-dimension GSC UI export; rows cannot be joined across dimensions; top-row and UI cap limitations apply.
VERIFIED_GSC_UI_SINGLE_DIMENSION,day90,2026-05-12,2026-08-09,sc-domain:fermatmind.com,web,page,https://fermatmind.com/zh/career/recommendations,0,77,0.0,16.09,197,1000,NOT_AVAILABLE_IN_UI_EXPORT,Single-dimension GSC UI export; rows cannot be joined across dimensions; top-row and UI cap limitations apply.
VERIFIED_GSC_UI_SINGLE_DIMENSION,day90,2026-05-12,2026-08-09,sc-domain:fermatmind.com,web,page,https://fermatmind.com/en/career/jobs/title-examiners-abstractors-and-searchers,0,76,0.0,8.24,198,1000,NOT_AVAILABLE_IN_UI_EXPORT,Single-dimension GSC UI export; rows cannot be joined across dimensions; top-row and UI cap limitations apply.
VERIFIED_GSC_UI_SINGLE_DIMENSION,day90,2026-05-12,2026-08-09,sc-domain:fermatmind.com,web,page,https://fermatmind.com/en/career/jobs/financial-quantitative-analysts,0,75,0.0,7.4,199,1000,NOT_AVAILABLE_IN_UI_EXPORT,Single-dimension GSC UI export; rows cannot be joined across dimensions; top-row and UI cap limitations apply.
VERIFIED_GSC_UI_SINGLE_DIMENSION,day90,2026-05-12,2026-08-09,sc-domain:fermatmind.com,web,page,https://fermatmind.com/en/career/jobs/marketing-managers,0,75,0.0,9.12,200,1000,NOT_AVAILABLE_IN_UI_EXPORT,Single-dimension GSC UI export; rows cannot be joined across dimensions; top-row and UI cap limitations apply.
VERIFIED_GSC_UI_SINGLE_DIMENSION,day90,2026-05-12,2026-08-09,sc-domain:fermatmind.com,web,page,https://fermatmind.com/en/career/jobs/interviewers-except-eligibility-and-loan,0,75,0.0,9.31,201,1000,NOT_AVAILABLE_IN_UI_EXPORT,Single-dimension GSC UI export; rows cannot be joined across dimensions; top-row and UI cap limitations apply.
VERIFIED_GSC_UI_SINGLE_DIMENSION,day90,2026-05-12,2026-08-09,sc-domain:fermatmind.com,web,page,https://fermatmind.com/en/personality/big-five/low-conscientiousness,0,74,0.0,11.31,202,1000,NOT_AVAILABLE_IN_UI_EXPORT,Single-dimension GSC UI export; rows cannot be joined across dimensions; top-row and UI cap limitations apply.
VERIFIED_GSC_UI_SINGLE_DIMENSION,day90,2026-05-12,2026-08-09,sc-domain:fermatmind.com,web,page,https://fermatmind.com/zh/privacy,0,74,0.0,15.09,203,1000,NOT_AVAILABLE_IN_UI_EXPORT,Single-dimension GSC UI export; rows cannot be joined across dimensions; top-row and UI cap limitations apply.
VERIFIED_GSC_UI_SINGLE_DIMENSION,day90,2026-05-12,2026-08-09,sc-domain:fermatmind.com,web,page,https://fermatmind.com/zh/career/jobs/agricultural-engineers,0,74,0.0,26.36,204,1000,NOT_AVAILABLE_IN_UI_EXPORT,Single-dimension GSC UI export; rows cannot be joined across dimensions; top-row and UI cap limitations apply.
VERIFIED_GSC_UI_SINGLE_DIMENSION,day90,2026-05-12,2026-08-09,sc-domain:fermatmind.com,web,page,https://fermatmind.com/en/personality/enneagram/wings/3w4,0,73,0.0,9.67,205,1000,NOT_AVAILABLE_IN_UI_EXPORT,Single-dimension GSC UI export; rows cannot be joined across dimensions; top-row and UI cap limitations apply.
VERIFIED_GSC_UI_SINGLE_DIMENSION,day90,2026-05-12,2026-08-09,sc-domain:fermatmind.com,web,page,https://fermatmind.com/en/personality/big-five/high-conscientiousness,0,73,0.0,17.22,206,1000,NOT_AVAILABLE_IN_UI_EXPORT,Single-dimension GSC UI export; rows cannot be joined across dimensions; top-row and UI cap limitations apply.
VERIFIED_GSC_UI_SINGLE_DIMENSION,day90,2026-05-12,2026-08-09,sc-domain:fermatmind.com,web,page,https://fermatmind.com/zh/career/jobs/slaughterers-and-meat-packers,0,72,0.0,5.83,207,1000,NOT_AVAILABLE_IN_UI_EXPORT,Single-dimension GSC UI export; rows cannot be joined across dimensions; top-row and UI cap limitations apply.
VERIFIED_GSC_UI_SINGLE_DIMENSION,day90,2026-05-12,2026-08-09,sc-domain:fermatmind.com,web,page,https://fermatmind.com/zh/career/jobs/air-traffic-controllers,0,72,0.0,10.88,208,1000,NOT_AVAILABLE_IN_UI_EXPORT,Single-dimension GSC UI export; rows cannot be joined across dimensions; top-row and UI cap limitations apply.
VERIFIED_GSC_UI_SINGLE_DIMENSION,day90,2026-05-12,2026-08-09,sc-domain:fermatmind.com,web,page,https://fermatmind.com/zh/tests/category/career,0,71,0.0,10.46,209,1000,NOT_AVAILABLE_IN_UI_EXPORT,Single-dimension GSC UI export; rows cannot be joined across dimensions; top-row and UI cap limitations apply.
VERIFIED_GSC_UI_SINGLE_DIMENSION,day90,2026-05-12,2026-08-09,sc-domain:fermatmind.com,web,page,https://fermatmind.com/en/personality/big-five/facets/assertiveness,0,70,0.0,7.8,210,1000,NOT_AVAILABLE_IN_UI_EXPORT,Single-dimension GSC UI export; rows cannot be joined across dimensions; top-row and UI cap limitations apply.
VERIFIED_GSC_UI_SINGLE_DIMENSION,day90,2026-05-12,2026-08-09,sc-domain:fermatmind.com,web,page,https://fermatmind.com/en/personality/enneagram/wings/8w9,0,70,0.0,8.59,211,1000,NOT_AVAILABLE_IN_UI_EXPORT,Single-dimension GSC UI export; rows cannot be joined across dimensions; top-row and UI cap limitations apply.
VERIFIED_GSC_UI_SINGLE_DIMENSION,day90,2026-05-12,2026-08-09,sc-domain:fermatmind.com,web,page,https://fermatmind.com/zh/career/guides/career-risk-management,0,70,0.0,10.79,212,1000,NOT_AVAILABLE_IN_UI_EXPORT,Single-dimension GSC UI export; rows cannot be joined across dimensions; top-row and UI cap limitations apply.
VERIFIED_GSC_UI_SINGLE_DIMENSION,day90,2026-05-12,2026-08-09,sc-domain:fermatmind.com,web,page,https://fermatmind.com/zh/brand,0,70,0.0,12.04,213,1000,NOT_AVAILABLE_IN_UI_EXPORT,Single-dimension GSC UI export; rows cannot be joined across dimensions; top-row and UI cap limitations apply.
VERIFIED_GSC_UI_SINGLE_DIMENSION,day90,2026-05-12,2026-08-09,sc-domain:fermatmind.com,web,page,https://fermatmind.com/zh/topics,0,70,0.0,12.19,214,1000,NOT_AVAILABLE_IN_UI_EXPORT,Single-dimension GSC UI export; rows cannot be joined across dimensions; top-row and UI cap limitations apply.
VERIFIED_GSC_UI_SINGLE_DIMENSION,day90,2026-05-12,2026-08-09,sc-domain:fermatmind.com,web,page,https://fermatmind.com/zh/career/jobs/orderlies,0,69,0.0,10.35,215,1000,NOT_AVAILABLE_IN_UI_EXPORT,Single-dimension GSC UI export; rows cannot be joined across dimensions; top-row and UI cap limitations apply.
VERIFIED_GSC_UI_SINGLE_DIMENSION,day90,2026-05-12,2026-08-09,sc-domain:fermatmind.com,web,page,https://fermatmind.com/en/career/jobs/first-line-supervisors-of-non-retail-sales-workers,0,69,0.0,11.0,216,1000,NOT_AVAILABLE_IN_UI_EXPORT,Single-dimension GSC UI export; rows cannot be joined across dimensions; top-row and UI cap limitations apply.
VERIFIED_GSC_UI_SINGLE_DIMENSION,day90,2026-05-12,2026-08-09,sc-domain:fermatmind.com,web,page,https://fermatmind.com/en/career/jobs/metal-refining-furnace-operators-and-tenders,0,68,0.0,10.28,217,1000,NOT_AVAILABLE_IN_UI_EXPORT,Single-dimension GSC UI export; rows cannot be joined across dimensions; top-row and UI cap limitations apply.
VERIFIED_GSC_UI_SINGLE_DIMENSION,day90,2026-05-12,2026-08-09,sc-domain:fermatmind.com,web,page,https://fermatmind.com/tests/mbti-personality-test-16-personality-types-MBTI,0,67,0.0,68.09,218,1000,NOT_AVAILABLE_IN_UI_EXPORT,Single-dimension GSC UI export; rows cannot be joined across dimensions; top-row and UI cap limitations apply.
VERIFIED_GSC_UI_SINGLE_DIMENSION,day90,2026-05-12,2026-08-09,sc-domain:fermatmind.com,web,page,https://fermatmind.com/en/articles/career-interest-test-vs-personality-test,0,66,0.0,9.11,219,1000,NOT_AVAILABLE_IN_UI_EXPORT,Single-dimension GSC UI export; rows cannot be joined across dimensions; top-row and UI cap limitations apply.
VERIFIED_GSC_UI_SINGLE_DIMENSION,day90,2026-05-12,2026-08-09,sc-domain:fermatmind.com,web,page,https://fermatmind.com/zh/career/jobs/geographers,0,66,0.0,10.23,220,1000,NOT_AVAILABLE_IN_UI_EXPORT,Single-dimension GSC UI export; rows cannot be joined across dimensions; top-row and UI cap limitations apply.
VERIFIED_GSC_UI_SINGLE_DIMENSION,day90,2026-05-12,2026-08-09,sc-domain:fermatmind.com,web,page,https://fermatmind.com/zh/career/jobs/dietitians-and-nutritionists,0,66,0.0,11.45,221,1000,NOT_AVAILABLE_IN_UI_EXPORT,Single-dimension GSC UI export; rows cannot be joined across dimensions; top-row and UI cap limitations apply.
VERIFIED_GSC_UI_SINGLE_DIMENSION,day90,2026-05-12,2026-08-09,sc-domain:fermatmind.com,web,page,https://fermatmind.com/zh/career/jobs/nursing-assistants,0,66,0.0,25.5,222,1000,NOT_AVAILABLE_IN_UI_EXPORT,Single-dimension GSC UI export; rows cannot be joined across dimensions; top-row and UI cap limitations apply.
VERIFIED_GSC_UI_SINGLE_DIMENSION,day90,2026-05-12,2026-08-09,sc-domain:fermatmind.com,web,page,https://fermatmind.com/zh/career/jobs/chemical-engineers,0,65,0.0,14.06,223,1000,NOT_AVAILABLE_IN_UI_EXPORT,Single-dimension GSC UI export; rows cannot be joined across dimensions; top-row and UI cap limitations apply.
VERIFIED_GSC_UI_SINGLE_DIMENSION,day90,2026-05-12,2026-08-09,sc-domain:fermatmind.com,web,page,https://fermatmind.com/en/personality/enneagram/wings/6w5,0,64,0.0,9.69,224,1000,NOT_AVAILABLE_IN_UI_EXPORT,Single-dimension GSC UI export; rows cannot be joined across dimensions; top-row and UI cap limitations apply.
VERIFIED_GSC_UI_SINGLE_DIMENSION,day90,2026-05-12,2026-08-09,sc-domain:fermatmind.com,web,page,https://fermatmind.com/en/personality/big-five/agreeableness,0,64,0.0,10.3,225,1000,NOT_AVAILABLE_IN_UI_EXPORT,Single-dimension GSC UI export; rows cannot be joined across dimensions; top-row and UI cap limitations apply.
VERIFIED_GSC_UI_SINGLE_DIMENSION,day90,2026-05-12,2026-08-09,sc-domain:fermatmind.com,web,page,https://fermatmind.com/zh/career/jobs/carpenters,0,64,0.0,11.08,226,1000,NOT_AVAILABLE_IN_UI_EXPORT,Single-dimension GSC UI export; rows cannot be joined across dimensions; top-row and UI cap limitations apply.
VERIFIED_GSC_UI_SINGLE_DIMENSION,day90,2026-05-12,2026-08-09,sc-domain:fermatmind.com,web,page,https://fermatmind.com/zh/charter,0,63,0.0,7.6,227,1000,NOT_AVAILABLE_IN_UI_EXPORT,Single-dimension GSC UI export; rows cannot be joined across dimensions; top-row and UI cap limitations apply.
VERIFIED_GSC_UI_SINGLE_DIMENSION,day90,2026-05-12,2026-08-09,sc-domain:fermatmind.com,web,page,https://fermatmind.com/en/career/jobs/farmworkers-and-laborers-crop-nursery-and-greenhouse,0,63,0.0,7.9,228,1000,NOT_AVAILABLE_IN_UI_EXPORT,Single-dimension GSC UI export; rows cannot be joined across dimensions; top-row and UI cap limitations apply.
VERIFIED_GSC_UI_SINGLE_DIMENSION,day90,2026-05-12,2026-08-09,sc-domain:fermatmind.com,web,page,https://fermatmind.com/en/career/jobs/data-warehousing-specialists,0,63,0.0,8.65,229,1000,NOT_AVAILABLE_IN_UI_EXPORT,Single-dimension GSC UI export; rows cannot be joined across dimensions; top-row and UI cap limitations apply.
VERIFIED_GSC_UI_SINGLE_DIMENSION,day90,2026-05-12,2026-08-09,sc-domain:fermatmind.com,web,page,https://fermatmind.com/en/articles/mbti-full-report-career-relationship-communication,0,63,0.0,11.68,230,1000,NOT_AVAILABLE_IN_UI_EXPORT,Single-dimension GSC UI export; rows cannot be joined across dimensions; top-row and UI cap limitations apply.
VERIFIED_GSC_UI_SINGLE_DIMENSION,day90,2026-05-12,2026-08-09,sc-domain:fermatmind.com,web,page,https://fermatmind.com/zh/personality/enneagram/wings/4w3,0,62,0.0,6.35,231,1000,NOT_AVAILABLE_IN_UI_EXPORT,Single-dimension GSC UI export; rows cannot be joined across dimensions; top-row and UI cap limitations apply.
VERIFIED_GSC_UI_SINGLE_DIMENSION,day90,2026-05-12,2026-08-09,sc-domain:fermatmind.com,web,page,https://fermatmind.com/en/career/jobs/sales-representatives-of-services-except-advertising-insurance-financial-services-and-travel,0,62,0.0,8.35,232,1000,NOT_AVAILABLE_IN_UI_EXPORT,Single-dimension GSC UI export; rows cannot be joined across dimensions; top-row and UI cap limitations apply.
VERIFIED_GSC_UI_SINGLE_DIMENSION,day90,2026-05-12,2026-08-09,sc-domain:fermatmind.com,web,page,https://fermatmind.com/zh/articles/major-category-program-tracking-riasec-choice-checklist,0,62,0.0,8.97,233,1000,NOT_AVAILABLE_IN_UI_EXPORT,Single-dimension GSC UI export; rows cannot be joined across dimensions; top-row and UI cap limitations apply.
VERIFIED_GSC_UI_SINGLE_DIMENSION,day90,2026-05-12,2026-08-09,sc-domain:fermatmind.com,web,page,https://fermatmind.com/en/articles/major-category-program-tracking-riasec-choice-checklist,0,62,0.0,13.81,234,1000,NOT_AVAILABLE_IN_UI_EXPORT,Single-dimension GSC UI export; rows cannot be joined across dimensions; top-row and UI cap limitations apply.
VERIFIED_GSC_UI_SINGLE_DIMENSION,day90,2026-05-12,2026-08-09,sc-domain:fermatmind.com,web,page,https://fermatmind.com/zh/career/jobs/nanotechnology-engineering-technologists-and-technicians,0,62,0.0,14.53,235,1000,NOT_AVAILABLE_IN_UI_EXPORT,Single-dimension GSC UI export; rows cannot be joined across dimensions; top-row and UI cap limitations apply.
VERIFIED_GSC_UI_SINGLE_DIMENSION,day90,2026-05-12,2026-08-09,sc-domain:fermatmind.com,web,page,https://fermatmind.com/zh/career/jobs/diesel-service-technicians-and-mechanics,0,62,0.0,36.15,236,1000,NOT_AVAILABLE_IN_UI_EXPORT,Single-dimension GSC UI export; rows cannot be joined across dimensions; top-row and UI cap limitations apply.
VERIFIED_GSC_UI_SINGLE_DIMENSION,day90,2026-05-12,2026-08-09,sc-domain:fermatmind.com,web,page,https://fermatmind.com/zh/personality/big-five/facets/straightforwardness,0,61,0.0,10.77,237,1000,NOT_AVAILABLE_IN_UI_EXPORT,Single-dimension GSC UI export; rows cannot be joined across dimensions; top-row and UI cap limitations apply.
VERIFIED_GSC_UI_SINGLE_DIMENSION,day90,2026-05-12,2026-08-09,sc-domain:fermatmind.com,web,page,https://fermatmind.com/zh/career/jobs/advanced-practice-psychiatric-nurses,0,61,0.0,11.44,238,1000,NOT_AVAILABLE_IN_UI_EXPORT,Single-dimension GSC UI export; rows cannot be joined across dimensions; top-row and UI cap limitations apply.
VERIFIED_GSC_UI_SINGLE_DIMENSION,day90,2026-05-12,2026-08-09,sc-domain:fermatmind.com,web,page,https://fermatmind.com/en/career/jobs/film-and-video-editors,0,61,0.0,11.59,239,1000,NOT_AVAILABLE_IN_UI_EXPORT,Single-dimension GSC UI export; rows cannot be joined across dimensions; top-row and UI cap limitations apply.
VERIFIED_GSC_UI_SINGLE_DIMENSION,day90,2026-05-12,2026-08-09,sc-domain:fermatmind.com,web,page,https://fermatmind.com/zh/career/jobs/buyers-and-purchasing-agents-farm-products,0,61,0.0,16.16,240,1000,NOT_AVAILABLE_IN_UI_EXPORT,Single-dimension GSC UI export; rows cannot be joined across dimensions; top-row and UI cap limitations apply.
VERIFIED_GSC_UI_SINGLE_DIMENSION,day90,2026-05-12,2026-08-09,sc-domain:fermatmind.com,web,page,https://fermatmind.com/en/articles/unwanted-major-adjustment-riasec-transfer-plan,0,61,0.0,16.84,241,1000,NOT_AVAILABLE_IN_UI_EXPORT,Single-dimension GSC UI export; rows cannot be joined across dimensions; top-row and UI cap limitations apply.
VERIFIED_GSC_UI_SINGLE_DIMENSION,day90,2026-05-12,2026-08-09,sc-domain:fermatmind.com,web,page,https://fermatmind.com/en/career/jobs/security-and-fire-alarm-systems-installers,0,60,0.0,7.73,242,1000,NOT_AVAILABLE_IN_UI_EXPORT,Single-dimension GSC UI export; rows cannot be joined across dimensions; top-row and UI cap limitations apply.
VERIFIED_GSC_UI_SINGLE_DIMENSION,day90,2026-05-12,2026-08-09,sc-domain:fermatmind.com,web,page,https://fermatmind.com/zh/personality/big-five/neuroticism,0,60,0.0,10.97,243,1000,NOT_AVAILABLE_IN_UI_EXPORT,Single-dimension GSC UI export; rows cannot be joined across dimensions; top-row and UI cap limitations apply.
VERIFIED_GSC_UI_SINGLE_DIMENSION,day90,2026-05-12,2026-08-09,sc-domain:fermatmind.com,web,page,https://fermatmind.com/zh/articles/big-five-narrative-portrait,0,60,0.0,12.93,244,1000,NOT_AVAILABLE_IN_UI_EXPORT,Single-dimension GSC UI export; rows cannot be joined across dimensions; top-row and UI cap limitations apply.
VERIFIED_GSC_UI_SINGLE_DIMENSION,day90,2026-05-12,2026-08-09,sc-domain:fermatmind.com,web,page,https://fermatmind.com/zh/career/jobs/physical-therapist-assistants,0,60,0.0,15.98,245,1000,NOT_AVAILABLE_IN_UI_EXPORT,Single-dimension GSC UI export; rows cannot be joined across dimensions; top-row and UI cap limitations apply.
VERIFIED_GSC_UI_SINGLE_DIMENSION,day90,2026-05-12,2026-08-09,sc-domain:fermatmind.com,web,page,https://fermatmind.com/zh/personality/enneagram/wings/6w5,0,59,0.0,9.44,246,1000,NOT_AVAILABLE_IN_UI_EXPORT,Single-dimension GSC UI export; rows cannot be joined across dimensions; top-row and UI cap limitations apply.
VERIFIED_GSC_UI_SINGLE_DIMENSION,day90,2026-05-12,2026-08-09,sc-domain:fermatmind.com,web,page,https://fermatmind.com/en/articles/are-infj-men-rare-or-socially-silenced,0,59,0.0,9.68,247,1000,NOT_AVAILABLE_IN_UI_EXPORT,Single-dimension GSC UI export; rows cannot be joined across dimensions; top-row and UI cap limitations apply.
VERIFIED_GSC_UI_SINGLE_DIMENSION,day90,2026-05-12,2026-08-09,sc-domain:fermatmind.com,web,page,https://fermatmind.com/zh/personality/enneagram/wings/5w6,0,59,0.0,10.71,248,1000,NOT_AVAILABLE_IN_UI_EXPORT,Single-dimension GSC UI export; rows cannot be joined across dimensions; top-row and UI cap limitations apply.
VERIFIED_GSC_UI_SINGLE_DIMENSION,day90,2026-05-12,2026-08-09,sc-domain:fermatmind.com,web,page,https://fermatmind.com/en/personality/big-five/openness-low,0,58,0.0,10.48,249,1000,NOT_AVAILABLE_IN_UI_EXPORT,Single-dimension GSC UI export; rows cannot be joined across dimensions; top-row and UI cap limitations apply.
VERIFIED_GSC_UI_SINGLE_DIMENSION,day90,2026-05-12,2026-08-09,sc-domain:fermatmind.com,web,page,https://fermatmind.com/en/personality/isfp-a-vs-isfp-t,0,58,0.0,12.5,250,1000,NOT_AVAILABLE_IN_UI_EXPORT,Single-dimension GSC UI export; rows cannot be joined across dimensions; top-row and UI cap limitations apply.
VERIFIED_GSC_UI_SINGLE_DIMENSION,day90,2026-05-12,2026-08-09,sc-domain:fermatmind.com,web,page,https://fermatmind.com/zh/career/tests,0,58,0.0,17.16,251,1000,NOT_AVAILABLE_IN_UI_EXPORT,Single-dimension GSC UI export; rows cannot be joined across dimensions; top-row and UI cap limitations apply.
VERIFIED_GSC_UI_SINGLE_DIMENSION,day90,2026-05-12,2026-08-09,sc-domain:fermatmind.com,web,page,https://fermatmind.com/zh/career/jobs/subway-and-streetcar-operators,0,57,0.0,8.44,252,1000,NOT_AVAILABLE_IN_UI_EXPORT,Single-dimension GSC UI export; rows cannot be joined across dimensions; top-row and UI cap limitations apply.
VERIFIED_GSC_UI_SINGLE_DIMENSION,day90,2026-05-12,2026-08-09,sc-domain:fermatmind.com,web,page,https://fermatmind.com/zh/personality/big-five/agreeableness-low,0,56,0.0,7.73,253,1000,NOT_AVAILABLE_IN_UI_EXPORT,Single-dimension GSC UI export; rows cannot be joined across dimensions; top-row and UI cap limitations apply.
VERIFIED_GSC_UI_SINGLE_DIMENSION,day90,2026-05-12,2026-08-09,sc-domain:fermatmind.com,web,page,https://fermatmind.com/zh/terms,0,56,0.0,8.3,254,1000,NOT_AVAILABLE_IN_UI_EXPORT,Single-dimension GSC UI export; rows cannot be joined across dimensions; top-row and UI cap limitations apply.
VERIFIED_GSC_UI_SINGLE_DIMENSION,day90,2026-05-12,2026-08-09,sc-domain:fermatmind.com,web,page,https://fermatmind.com/zh/personality/enneagram/wings/3w4,0,56,0.0,8.48,255,1000,NOT_AVAILABLE_IN_UI_EXPORT,Single-dimension GSC UI export; rows cannot be joined across dimensions; top-row and UI cap limitations apply.
VERIFIED_GSC_UI_SINGLE_DIMENSION,day90,2026-05-12,2026-08-09,sc-domain:fermatmind.com,web,page,https://fermatmind.com/zh/career/jobs/watch-and-clock-repairers,0,56,0.0,11.05,256,1000,NOT_AVAILABLE_IN_UI_EXPORT,Single-dimension GSC UI export; rows cannot be joined across dimensions; top-row and UI cap limitations apply.
VERIFIED_GSC_UI_SINGLE_DIMENSION,day90,2026-05-12,2026-08-09,sc-domain:fermatmind.com,web,page,https://fermatmind.com/zh/career/jobs/rehabilitation-counselors,0,56,0.0,16.23,257,1000,NOT_AVAILABLE_IN_UI_EXPORT,Single-dimension GSC UI export; rows cannot be joined across dimensions; top-row and UI cap limitations apply.
VERIFIED_GSC_UI_SINGLE_DIMENSION,day90,2026-05-12,2026-08-09,sc-domain:fermatmind.com,web,page,https://fermatmind.com/en/personality/enfp-a,0,56,0.0,16.62,258,1000,NOT_AVAILABLE_IN_UI_EXPORT,Single-dimension GSC UI export; rows cannot be joined across dimensions; top-row and UI cap limitations apply.
VERIFIED_GSC_UI_SINGLE_DIMENSION,day90,2026-05-12,2026-08-09,sc-domain:fermatmind.com,web,page,https://fermatmind.com/zh/personality/enneagram/wings/2w1,0,55,0.0,8.13,259,1000,NOT_AVAILABLE_IN_UI_EXPORT,Single-dimension GSC UI export; rows cannot be joined across dimensions; top-row and UI cap limitations apply.
VERIFIED_GSC_UI_SINGLE_DIMENSION,day90,2026-05-12,2026-08-09,sc-domain:fermatmind.com,web,page,https://fermatmind.com/zh/career/jobs/dancers,0,55,0.0,8.84,260,1000,NOT_AVAILABLE_IN_UI_EXPORT,Single-dimension GSC UI export; rows cannot be joined across dimensions; top-row and UI cap limitations apply.
VERIFIED_GSC_UI_SINGLE_DIMENSION,day90,2026-05-12,2026-08-09,sc-domain:fermatmind.com,web,page,https://fermatmind.com/zh/career/jobs/insurance-sales-agents,0,55,0.0,19.6,261,1000,NOT_AVAILABLE_IN_UI_EXPORT,Single-dimension GSC UI export; rows cannot be joined across dimensions; top-row and UI cap limitations apply.
VERIFIED_GSC_UI_SINGLE_DIMENSION,day90,2026-05-12,2026-08-09,sc-domain:fermatmind.com,web,page,https://fermatmind.com/zh/career/jobs/pourers-and-casters-metal,0,54,0.0,5.89,262,1000,NOT_AVAILABLE_IN_UI_EXPORT,Single-dimension GSC UI export; rows cannot be joined across dimensions; top-row and UI cap limitations apply.
VERIFIED_GSC_UI_SINGLE_DIMENSION,day90,2026-05-12,2026-08-09,sc-domain:fermatmind.com,web,page,https://fermatmind.com/en/career/jobs/arbitrators-mediators-and-conciliators,0,54,0.0,6.98,263,1000,NOT_AVAILABLE_IN_UI_EXPORT,Single-dimension GSC UI export; rows cannot be joined across dimensions; top-row and UI cap limitations apply.
VERIFIED_GSC_UI_SINGLE_DIMENSION,day90,2026-05-12,2026-08-09,sc-domain:fermatmind.com,web,page,https://fermatmind.com/en/personality/enneagram/wings/6w7,0,54,0.0,8.67,264,1000,NOT_AVAILABLE_IN_UI_EXPORT,Single-dimension GSC UI export; rows cannot be joined across dimensions; top-row and UI cap limitations apply.
VERIFIED_GSC_UI_SINGLE_DIMENSION,day90,2026-05-12,2026-08-09,sc-domain:fermatmind.com,web,page,https://fermatmind.com/zh/career/jobs/carpet-installers,0,54,0.0,9.78,265,1000,NOT_AVAILABLE_IN_UI_EXPORT,Single-dimension GSC UI export; rows cannot be joined across dimensions; top-row and UI cap limitations apply.
VERIFIED_GSC_UI_SINGLE_DIMENSION,day90,2026-05-12,2026-08-09,sc-domain:fermatmind.com,web,page,https://fermatmind.com/zh/career/jobs/clinical-and-counseling-psychologists,0,54,0.0,12.46,266,1000,NOT_AVAILABLE_IN_UI_EXPORT,Single-dimension GSC UI export; rows cannot be joined across dimensions; top-row and UI cap limitations apply.
VERIFIED_GSC_UI_SINGLE_DIMENSION,day90,2026-05-12,2026-08-09,sc-domain:fermatmind.com,web,page,https://fermatmind.com/en/career/jobs/animal-scientists,0,53,0.0,6.25,267,1000,NOT_AVAILABLE_IN_UI_EXPORT,Single-dimension GSC UI export; rows cannot be joined across dimensions; top-row and UI cap limitations apply.
VERIFIED_GSC_UI_SINGLE_DIMENSION,day90,2026-05-12,2026-08-09,sc-domain:fermatmind.com,web,page,https://fermatmind.com/en/career/jobs/production-planning-and-expediting-clerks,0,53,0.0,7.02,268,1000,NOT_AVAILABLE_IN_UI_EXPORT,Single-dimension GSC UI export; rows cannot be joined across dimensions; top-row and UI cap limitations apply.
VERIFIED_GSC_UI_SINGLE_DIMENSION,day90,2026-05-12,2026-08-09,sc-domain:fermatmind.com,web,page,https://fermatmind.com/zh/career/jobs/art-drama-and-music-teachers-postsecondary,0,53,0.0,7.51,269,1000,NOT_AVAILABLE_IN_UI_EXPORT,Single-dimension GSC UI export; rows cannot be joined across dimensions; top-row and UI cap limitations apply.
VERIFIED_GSC_UI_SINGLE_DIMENSION,day90,2026-05-12,2026-08-09,sc-domain:fermatmind.com,web,page,https://fermatmind.com/en/career/jobs/stockers-and-order-fillers,0,53,0.0,8.0,270,1000,NOT_AVAILABLE_IN_UI_EXPORT,Single-dimension GSC UI export; rows cannot be joined across dimensions; top-row and UI cap limitations apply.
VERIFIED_GSC_UI_SINGLE_DIMENSION,day90,2026-05-12,2026-08-09,sc-domain:fermatmind.com,web,page,https://fermatmind.com/zh/personality/entj-t,0,53,0.0,8.83,271,1000,NOT_AVAILABLE_IN_UI_EXPORT,Single-dimension GSC UI export; rows cannot be joined across dimensions; top-row and UI cap limitations apply.
VERIFIED_GSC_UI_SINGLE_DIMENSION,day90,2026-05-12,2026-08-09,sc-domain:fermatmind.com,web,page,https://fermatmind.com/zh/career/jobs/industrial-engineering-technicians,0,53,0.0,10.43,272,1000,NOT_AVAILABLE_IN_UI_EXPORT,Single-dimension GSC UI export; rows cannot be joined across dimensions; top-row and UI cap limitations apply.
VERIFIED_GSC_UI_SINGLE_DIMENSION,day90,2026-05-12,2026-08-09,sc-domain:fermatmind.com,web,page,https://fermatmind.com/zh/career/jobs/film-and-video-editors,0,52,0.0,7.33,273,1000,NOT_AVAILABLE_IN_UI_EXPORT,Single-dimension GSC UI export; rows cannot be joined across dimensions; top-row and UI cap limitations apply.
VERIFIED_GSC_UI_SINGLE_DIMENSION,day90,2026-05-12,2026-08-09,sc-domain:fermatmind.com,web,page,https://fermatmind.com/zh/personality/enneagram/wings/7w6,0,52,0.0,7.65,274,1000,NOT_AVAILABLE_IN_UI_EXPORT,Single-dimension GSC UI export; rows cannot be joined across dimensions; top-row and UI cap limitations apply.
VERIFIED_GSC_UI_SINGLE_DIMENSION,day90,2026-05-12,2026-08-09,sc-domain:fermatmind.com,web,page,https://fermatmind.com/zh/articles/childhood-dream-job-still-shapes-career-choice,0,52,0.0,8.83,275,1000,NOT_AVAILABLE_IN_UI_EXPORT,Single-dimension GSC UI export; rows cannot be joined across dimensions; top-row and UI cap limitations apply.
VERIFIED_GSC_UI_SINGLE_DIMENSION,day90,2026-05-12,2026-08-09,sc-domain:fermatmind.com,web,page,https://fermatmind.com/en/career/jobs/postal-service-clerks,0,52,0.0,11.5,276,1000,NOT_AVAILABLE_IN_UI_EXPORT,Single-dimension GSC UI export; rows cannot be joined across dimensions; top-row and UI cap limitations apply.
VERIFIED_GSC_UI_SINGLE_DIMENSION,day90,2026-05-12,2026-08-09,sc-domain:fermatmind.com,web,page,https://fermatmind.com/zh/career/jobs/emts-and-paramedics,0,52,0.0,17.67,277,1000,NOT_AVAILABLE_IN_UI_EXPORT,Single-dimension GSC UI export; rows cannot be joined across dimensions; top-row and UI cap limitations apply.
VERIFIED_GSC_UI_SINGLE_DIMENSION,day90,2026-05-12,2026-08-09,sc-domain:fermatmind.com,web,page,https://fermatmind.com/en/personality/esfj,0,52,0.0,38.98,278,1000,NOT_AVAILABLE_IN_UI_EXPORT,Single-dimension GSC UI export; rows cannot be joined across dimensions; top-row and UI cap limitations apply.
VERIFIED_GSC_UI_SINGLE_DIMENSION,day90,2026-05-12,2026-08-09,sc-domain:fermatmind.com,web,page,https://fermatmind.com/zh/career/jobs/water-transportation-occupations,0,51,0.0,7.86,279,1000,NOT_AVAILABLE_IN_UI_EXPORT,Single-dimension GSC UI export; rows cannot be joined across dimensions; top-row and UI cap limitations apply.
VERIFIED_GSC_UI_SINGLE_DIMENSION,day90,2026-05-12,2026-08-09,sc-domain:fermatmind.com,web,page,https://fermatmind.com/zh/career/jobs/veterinary-assistants-and-laboratory-animal-caretakers,0,51,0.0,9.22,280,1000,NOT_AVAILABLE_IN_UI_EXPORT,Single-dimension GSC UI export; rows cannot be joined across dimensions; top-row and UI cap limitations apply.
VERIFIED_GSC_UI_SINGLE_DIMENSION,day90,2026-05-12,2026-08-09,sc-domain:fermatmind.com,web,page,https://fermatmind.com/zh/personality/big-five/facets/impulsiveness,0,51,0.0,13.53,281,1000,NOT_AVAILABLE_IN_UI_EXPORT,Single-dimension GSC UI export; rows cannot be joined across dimensions; top-row and UI cap limitations apply.
VERIFIED_GSC_UI_SINGLE_DIMENSION,day90,2026-05-12,2026-08-09,sc-domain:fermatmind.com,web,page,https://fermatmind.com/en/personality/enneagram/type-1,0,51,0.0,15.67,282,1000,NOT_AVAILABLE_IN_UI_EXPORT,Single-dimension GSC UI export; rows cannot be joined across dimensions; top-row and UI cap limitations apply.
VERIFIED_GSC_UI_SINGLE_DIMENSION,day90,2026-05-12,2026-08-09,sc-domain:fermatmind.com,web,page,https://fermatmind.com/zh/career/jobs/material-recording-clerks,0,50,0.0,29.94,283,1000,NOT_AVAILABLE_IN_UI_EXPORT,Single-dimension GSC UI export; rows cannot be joined across dimensions; top-row and UI cap limitations apply.
VERIFIED_GSC_UI_SINGLE_DIMENSION,day90,2026-05-12,2026-08-09,sc-domain:fermatmind.com,web,page,https://fermatmind.com/zh/career/jobs/library-technicians,0,50,0.0,52.22,284,1000,NOT_AVAILABLE_IN_UI_EXPORT,Single-dimension GSC UI export; rows cannot be joined across dimensions; top-row and UI cap limitations apply.
VERIFIED_GSC_UI_SINGLE_DIMENSION,day90,2026-05-12,2026-08-09,sc-domain:fermatmind.com,web,page,https://fermatmind.com/zh/foundation,0,49,0.0,4.84,285,1000,NOT_AVAILABLE_IN_UI_EXPORT,Single-dimension GSC UI export; rows cannot be joined across dimensions; top-row and UI cap limitations apply.
VERIFIED_GSC_UI_SINGLE_DIMENSION,day90,2026-05-12,2026-08-09,sc-domain:fermatmind.com,web,page,https://fermatmind.com/en/career/jobs/biologists,0,49,0.0,7.82,286,1000,NOT_AVAILABLE_IN_UI_EXPORT,Single-dimension GSC UI export; rows cannot be joined across dimensions; top-row and UI cap limitations apply.
VERIFIED_GSC_UI_SINGLE_DIMENSION,day90,2026-05-12,2026-08-09,sc-domain:fermatmind.com,web,page,https://fermatmind.com/zh/personality/enneagram/type-2/instincts/social,0,49,0.0,13.12,287,1000,NOT_AVAILABLE_IN_UI_EXPORT,Single-dimension GSC UI export; rows cannot be joined across dimensions; top-row and UI cap limitations apply.
VERIFIED_GSC_UI_SINGLE_DIMENSION,day90,2026-05-12,2026-08-09,sc-domain:fermatmind.com,web,page,https://fermatmind.com/en/career/jobs/education-and-childcare-administrators-preschool-and-daycare,0,49,0.0,16.51,288,1000,NOT_AVAILABLE_IN_UI_EXPORT,Single-dimension GSC UI export; rows cannot be joined across dimensions; top-row and UI cap limitations apply.
VERIFIED_GSC_UI_SINGLE_DIMENSION,day90,2026-05-12,2026-08-09,sc-domain:fermatmind.com,web,page,https://fermatmind.com/zh/career/jobs/aircraft-structure-surfaces-rigging-and-systems-assemblers,0,49,0.0,31.51,289,1000,NOT_AVAILABLE_IN_UI_EXPORT,Single-dimension GSC UI export; rows cannot be joined across dimensions; top-row and UI cap limitations apply.
VERIFIED_GSC_UI_SINGLE_DIMENSION,day90,2026-05-12,2026-08-09,sc-domain:fermatmind.com,web,page,https://fermatmind.com/en/personality/big-five/facets/gregariousness,0,48,0.0,6.67,290,1000,NOT_AVAILABLE_IN_UI_EXPORT,Single-dimension GSC UI export; rows cannot be joined across dimensions; top-row and UI cap limitations apply.
VERIFIED_GSC_UI_SINGLE_DIMENSION,day90,2026-05-12,2026-08-09,sc-domain:fermatmind.com,web,page,https://fermatmind.com/zh/career/jobs/hand-laborers-and-material-movers,0,48,0.0,7.27,291,1000,NOT_AVAILABLE_IN_UI_EXPORT,Single-dimension GSC UI export; rows cannot be joined across dimensions; top-row and UI cap limitations apply.
VERIFIED_GSC_UI_SINGLE_DIMENSION,day90,2026-05-12,2026-08-09,sc-domain:fermatmind.com,web,page,https://fermatmind.com/zh/career/jobs/multimedia-artists-and-animators,0,48,0.0,7.94,292,1000,NOT_AVAILABLE_IN_UI_EXPORT,Single-dimension GSC UI export; rows cannot be joined across dimensions; top-row and UI cap limitations apply.
VERIFIED_GSC_UI_SINGLE_DIMENSION,day90,2026-05-12,2026-08-09,sc-domain:fermatmind.com,web,page,https://fermatmind.com/en/career/jobs/landscaping-and-groundskeeping-workers,0,48,0.0,8.9,293,1000,NOT_AVAILABLE_IN_UI_EXPORT,Single-dimension GSC UI export; rows cannot be joined across dimensions; top-row and UI cap limitations apply.
VERIFIED_GSC_UI_SINGLE_DIMENSION,day90,2026-05-12,2026-08-09,sc-domain:fermatmind.com,web,page,https://fermatmind.com/zh/personality/enneagram/wings/4w5,0,48,0.0,10.12,294,1000,NOT_AVAILABLE_IN_UI_EXPORT,Single-dimension GSC UI export; rows cannot be joined across dimensions; top-row and UI cap limitations apply.
VERIFIED_GSC_UI_SINGLE_DIMENSION,day90,2026-05-12,2026-08-09,sc-domain:fermatmind.com,web,page,https://fermatmind.com/zh/career/jobs/locker-room-coatroom-and-dressing-room-attendants,0,48,0.0,13.21,295,1000,NOT_AVAILABLE_IN_UI_EXPORT,Single-dimension GSC UI export; rows cannot be joined across dimensions; top-row and UI cap limitations apply.
VERIFIED_GSC_UI_SINGLE_DIMENSION,day90,2026-05-12,2026-08-09,sc-domain:fermatmind.com,web,page,https://fermatmind.com/zh/personality/enneagram/wings/9w1,0,47,0.0,7.26,296,1000,NOT_AVAILABLE_IN_UI_EXPORT,Single-dimension GSC UI export; rows cannot be joined across dimensions; top-row and UI cap limitations apply.
VERIFIED_GSC_UI_SINGLE_DIMENSION,day90,2026-05-12,2026-08-09,sc-domain:fermatmind.com,web,page,https://fermatmind.com/en/career/jobs/counter-and-rental-clerks,0,47,0.0,7.68,297,1000,NOT_AVAILABLE_IN_UI_EXPORT,Single-dimension GSC UI export; rows cannot be joined across dimensions; top-row and UI cap limitations apply.
VERIFIED_GSC_UI_SINGLE_DIMENSION,day90,2026-05-12,2026-08-09,sc-domain:fermatmind.com,web,page,https://fermatmind.com/zh/career/jobs/firefighters,0,47,0.0,14.19,298,1000,NOT_AVAILABLE_IN_UI_EXPORT,Single-dimension GSC UI export; rows cannot be joined across dimensions; top-row and UI cap limitations apply.
VERIFIED_GSC_UI_SINGLE_DIMENSION,day90,2026-05-12,2026-08-09,sc-domain:fermatmind.com,web,page,https://fermatmind.com/zh/career/jobs/medical-assistants,0,47,0.0,20.3,299,1000,NOT_AVAILABLE_IN_UI_EXPORT,Single-dimension GSC UI export; rows cannot be joined across dimensions; top-row and UI cap limitations apply.
VERIFIED_GSC_UI_SINGLE_DIMENSION,day90,2026-05-12,2026-08-09,sc-domain:fermatmind.com,web,page,https://fermatmind.com/en/career/jobs/first-line-supervisors-of-mechanics-installers-and-repairers,0,46,0.0,8.11,300,1000,NOT_AVAILABLE_IN_UI_EXPORT,Single-dimension GSC UI export; rows cannot be joined across dimensions; top-row and UI cap limitations apply.
VERIFIED_GSC_UI_SINGLE_DIMENSION,day90,2026-05-12,2026-08-09,sc-domain:fermatmind.com,web,page,https://fermatmind.com/zh/career/jobs/credit-counselors,0,46,0.0,14.35,301,1000,NOT_AVAILABLE_IN_UI_EXPORT,Single-dimension GSC UI export; rows cannot be joined across dimensions; top-row and UI cap limitations apply.
VERIFIED_GSC_UI_SINGLE_DIMENSION,day90,2026-05-12,2026-08-09,sc-domain:fermatmind.com,web,page,https://fermatmind.com/zh/career/jobs/ship-engineers,0,46,0.0,15.63,302,1000,NOT_AVAILABLE_IN_UI_EXPORT,Single-dimension GSC UI export; rows cannot be joined across dimensions; top-row and UI cap limitations apply.
VERIFIED_GSC_UI_SINGLE_DIMENSION,day90,2026-05-12,2026-08-09,sc-domain:fermatmind.com,web,page,https://fermatmind.com/zh/career/jobs/instructional-coordinators,0,46,0.0,18.2,303,1000,NOT_AVAILABLE_IN_UI_EXPORT,Single-dimension GSC UI export; rows cannot be joined across dimensions; top-row and UI cap limitations apply.
VERIFIED_GSC_UI_SINGLE_DIMENSION,day90,2026-05-12,2026-08-09,sc-domain:fermatmind.com,web,page,https://fermatmind.com/en/careers,0,45,0.0,10.04,304,1000,NOT_AVAILABLE_IN_UI_EXPORT,Single-dimension GSC UI export; rows cannot be joined across dimensions; top-row and UI cap limitations apply.
VERIFIED_GSC_UI_SINGLE_DIMENSION,day90,2026-05-12,2026-08-09,sc-domain:fermatmind.com,web,page,https://fermatmind.com/en/career/jobs/roustabouts-oil-and-gas,0,45,0.0,16.91,305,1000,NOT_AVAILABLE_IN_UI_EXPORT,Single-dimension GSC UI export; rows cannot be joined across dimensions; top-row and UI cap limitations apply.
VERIFIED_GSC_UI_SINGLE_DIMENSION,day90,2026-05-12,2026-08-09,sc-domain:fermatmind.com,web,page,https://fermatmind.com/zh/career/jobs/credit-analysts,0,45,0.0,26.18,306,1000,NOT_AVAILABLE_IN_UI_EXPORT,Single-dimension GSC UI export; rows cannot be joined across dimensions; top-row and UI cap limitations apply.
VERIFIED_GSC_UI_SINGLE_DIMENSION,day90,2026-05-12,2026-08-09,sc-domain:fermatmind.com,web,page,https://fermatmind.com/zh/career/jobs/stationary-engineers-and-boiler-operators,0,45,0.0,44.62,307,1000,NOT_AVAILABLE_IN_UI_EXPORT,Single-dimension GSC UI export; rows cannot be joined across dimensions; top-row and UI cap limitations apply.
VERIFIED_GSC_UI_SINGLE_DIMENSION,day90,2026-05-12,2026-08-09,sc-domain:fermatmind.com,web,page,https://fermatmind.com/en/personality/enneagram/type-7/instincts/social,0,44,0.0,7.61,308,1000,NOT_AVAILABLE_IN_UI_EXPORT,Single-dimension GSC UI export; rows cannot be joined across dimensions; top-row and UI cap limitations apply.
VERIFIED_GSC_UI_SINGLE_DIMENSION,day90,2026-05-12,2026-08-09,sc-domain:fermatmind.com,web,page,https://fermatmind.com/zh/personality/enneagram/wings/1w9,0,44,0.0,12.05,309,1000,NOT_AVAILABLE_IN_UI_EXPORT,Single-dimension GSC UI export; rows cannot be joined across dimensions; top-row and UI cap limitations apply.
VERIFIED_GSC_UI_SINGLE_DIMENSION,day90,2026-05-12,2026-08-09,sc-domain:fermatmind.com,web,page,https://fermatmind.com/en/personality/big-five,0,44,0.0,15.8,310,1000,NOT_AVAILABLE_IN_UI_EXPORT,Single-dimension GSC UI export; rows cannot be joined across dimensions; top-row and UI cap limitations apply.
VERIFIED_GSC_UI_SINGLE_DIMENSION,day90,2026-05-12,2026-08-09,sc-domain:fermatmind.com,web,page,https://fermatmind.com/zh/item-design-notes,0,43,0.0,8.72,311,1000,NOT_AVAILABLE_IN_UI_EXPORT,Single-dimension GSC UI export; rows cannot be joined across dimensions; top-row and UI cap limitations apply.
VERIFIED_GSC_UI_SINGLE_DIMENSION,day90,2026-05-12,2026-08-09,sc-domain:fermatmind.com,web,page,https://fermatmind.com/zh/career/jobs/helpers-electricians,0,43,0.0,9.79,312,1000,NOT_AVAILABLE_IN_UI_EXPORT,Single-dimension GSC UI export; rows cannot be joined across dimensions; top-row and UI cap limitations apply.
VERIFIED_GSC_UI_SINGLE_DIMENSION,day90,2026-05-12,2026-08-09,sc-domain:fermatmind.com,web,page,https://fermatmind.com/zh/career/jobs/education-administrators-kindergarten-through-secondary,0,43,0.0,11.65,313,1000,NOT_AVAILABLE_IN_UI_EXPORT,Single-dimension GSC UI export; rows cannot be joined across dimensions; top-row and UI cap limitations apply.
VERIFIED_GSC_UI_SINGLE_DIMENSION,day90,2026-05-12,2026-08-09,sc-domain:fermatmind.com,web,page,https://fermatmind.com/zh/career/jobs/dentists-general,0,43,0.0,15.79,314,1000,NOT_AVAILABLE_IN_UI_EXPORT,Single-dimension GSC UI export; rows cannot be joined across dimensions; top-row and UI cap limitations apply.
VERIFIED_GSC_UI_SINGLE_DIMENSION,day90,2026-05-12,2026-08-09,sc-domain:fermatmind.com,web,page,https://fermatmind.com/zh/career/jobs/logistics-analysts,0,43,0.0,19.02,315,1000,NOT_AVAILABLE_IN_UI_EXPORT,Single-dimension GSC UI export; rows cannot be joined across dimensions; top-row and UI cap limitations apply.
VERIFIED_GSC_UI_SINGLE_DIMENSION,day90,2026-05-12,2026-08-09,sc-domain:fermatmind.com,web,page,https://fermatmind.com/zh/career/jobs/electro-mechanical-technicians,0,43,0.0,35.67,316,1000,NOT_AVAILABLE_IN_UI_EXPORT,Single-dimension GSC UI export; rows cannot be joined across dimensions; top-row and UI cap limitations apply.
VERIFIED_GSC_UI_SINGLE_DIMENSION,day90,2026-05-12,2026-08-09,sc-domain:fermatmind.com,web,page,https://fermatmind.com/zh/personality/big-five/openness-high,0,42,0.0,5.98,317,1000,NOT_AVAILABLE_IN_UI_EXPORT,Single-dimension GSC UI export; rows cannot be joined across dimensions; top-row and UI cap limitations apply.
VERIFIED_GSC_UI_SINGLE_DIMENSION,day90,2026-05-12,2026-08-09,sc-domain:fermatmind.com,web,page,https://fermatmind.com/en/career/jobs/chemical-plant-and-system-operators,0,42,0.0,6.5,318,1000,NOT_AVAILABLE_IN_UI_EXPORT,Single-dimension GSC UI export; rows cannot be joined across dimensions; top-row and UI cap limitations apply.
VERIFIED_GSC_UI_SINGLE_DIMENSION,day90,2026-05-12,2026-08-09,sc-domain:fermatmind.com,web,page,https://fermatmind.com/en/career/jobs/dispatchers-except-police-fire-and-ambulance,0,42,0.0,8.02,319,1000,NOT_AVAILABLE_IN_UI_EXPORT,Single-dimension GSC UI export; rows cannot be joined across dimensions; top-row and UI cap limitations apply.
VERIFIED_GSC_UI_SINGLE_DIMENSION,day90,2026-05-12,2026-08-09,sc-domain:fermatmind.com,web,page,https://fermatmind.com/zh/career/jobs/graders-and-sorters-agricultural-products,0,42,0.0,8.24,320,1000,NOT_AVAILABLE_IN_UI_EXPORT,Single-dimension GSC UI export; rows cannot be joined across dimensions; top-row and UI cap limitations apply.
VERIFIED_GSC_UI_SINGLE_DIMENSION,day90,2026-05-12,2026-08-09,sc-domain:fermatmind.com,web,page,https://fermatmind.com/zh/career/guides/how-to-choose-college-major,0,42,0.0,9.6,321,1000,NOT_AVAILABLE_IN_UI_EXPORT,Single-dimension GSC UI export; rows cannot be joined across dimensions; top-row and UI cap limitations apply.
VERIFIED_GSC_UI_SINGLE_DIMENSION,day90,2026-05-12,2026-08-09,sc-domain:fermatmind.com,web,page,https://fermatmind.com/en/career/jobs/cabinetmakers-and-bench-carpenters,0,41,0.0,6.98,322,1000,NOT_AVAILABLE_IN_UI_EXPORT,Single-dimension GSC UI export; rows cannot be joined across dimensions; top-row and UI cap limitations apply.
VERIFIED_GSC_UI_SINGLE_DIMENSION,day90,2026-05-12,2026-08-09,sc-domain:fermatmind.com,web,page,https://fermatmind.com/en/career/jobs/clinical-and-counseling-psychologists,0,41,0.0,8.02,323,1000,NOT_AVAILABLE_IN_UI_EXPORT,Single-dimension GSC UI export; rows cannot be joined across dimensions; top-row and UI cap limitations apply.
VERIFIED_GSC_UI_SINGLE_DIMENSION,day90,2026-05-12,2026-08-09,sc-domain:fermatmind.com,web,page,https://fermatmind.com/zh/career/jobs/preschool-and-childcare-center-directors,0,41,0.0,10.71,324,1000,NOT_AVAILABLE_IN_UI_EXPORT,Single-dimension GSC UI export; rows cannot be joined across dimensions; top-row and UI cap limitations apply.
VERIFIED_GSC_UI_SINGLE_DIMENSION,day90,2026-05-12,2026-08-09,sc-domain:fermatmind.com,web,page,https://fermatmind.com/en/career/jobs/operating-engineers-and-other-construction-equipment-operators,0,41,0.0,11.39,325,1000,NOT_AVAILABLE_IN_UI_EXPORT,Single-dimension GSC UI export; rows cannot be joined across dimensions; top-row and UI cap limitations apply.
VERIFIED_GSC_UI_SINGLE_DIMENSION,day90,2026-05-12,2026-08-09,sc-domain:fermatmind.com,web,page,https://fermatmind.com/zh/career/jobs/nuclear-engineers,0,41,0.0,12.15,326,1000,NOT_AVAILABLE_IN_UI_EXPORT,Single-dimension GSC UI export; rows cannot be joined across dimensions; top-row and UI cap limitations apply.
VERIFIED_GSC_UI_SINGLE_DIMENSION,day90,2026-05-12,2026-08-09,sc-domain:fermatmind.com,web,page,https://fermatmind.com/en/tests/enneagram-personality-test-nine-types,0,41,0.0,25.41,327,1000,NOT_AVAILABLE_IN_UI_EXPORT,Single-dimension GSC UI export; rows cannot be joined across dimensions; top-row and UI cap limitations apply.
VERIFIED_GSC_UI_SINGLE_DIMENSION,day90,2026-05-12,2026-08-09,sc-domain:fermatmind.com,web,page,https://fermatmind.com/en/career/jobs/receptionists-and-information-clerks,0,40,0.0,8.82,328,1000,NOT_AVAILABLE_IN_UI_EXPORT,Single-dimension GSC UI export; rows cannot be joined across dimensions; top-row and UI cap limitations apply.
VERIFIED_GSC_UI_SINGLE_DIMENSION,day90,2026-05-12,2026-08-09,sc-domain:fermatmind.com,web,page,https://fermatmind.com/zh/career/jobs/dispatchers-except-police-fire-and-ambulance,0,40,0.0,9.62,329,1000,NOT_AVAILABLE_IN_UI_EXPORT,Single-dimension GSC UI export; rows cannot be joined across dimensions; top-row and UI cap limitations apply.
VERIFIED_GSC_UI_SINGLE_DIMENSION,day90,2026-05-12,2026-08-09,sc-domain:fermatmind.com,web,page,https://fermatmind.com/en/career/jobs/business-teachers-postsecondary,0,40,0.0,10.07,330,1000,NOT_AVAILABLE_IN_UI_EXPORT,Single-dimension GSC UI export; rows cannot be joined across dimensions; top-row and UI cap limitations apply.
VERIFIED_GSC_UI_SINGLE_DIMENSION,day90,2026-05-12,2026-08-09,sc-domain:fermatmind.com,web,page,https://fermatmind.com/zh/career/jobs/substitute-teachers-short-term,0,40,0.0,11.85,331,1000,NOT_AVAILABLE_IN_UI_EXPORT,Single-dimension GSC UI export; rows cannot be joined across dimensions; top-row and UI cap limitations apply.
VERIFIED_GSC_UI_SINGLE_DIMENSION,day90,2026-05-12,2026-08-09,sc-domain:fermatmind.com,web,page,https://fermatmind.com/en/personality/esfp-t,0,40,0.0,13.55,332,1000,NOT_AVAILABLE_IN_UI_EXPORT,Single-dimension GSC UI export; rows cannot be joined across dimensions; top-row and UI cap limitations apply.
VERIFIED_GSC_UI_SINGLE_DIMENSION,day90,2026-05-12,2026-08-09,sc-domain:fermatmind.com,web,page,https://fermatmind.com/zh/career/jobs/judges-and-hearing-officers,0,40,0.0,16.6,333,1000,NOT_AVAILABLE_IN_UI_EXPORT,Single-dimension GSC UI export; rows cannot be joined across dimensions; top-row and UI cap limitations apply.
VERIFIED_GSC_UI_SINGLE_DIMENSION,day90,2026-05-12,2026-08-09,sc-domain:fermatmind.com,web,page,https://fermatmind.com/zh/career/jobs/painters-construction-and-maintenance,0,39,0.0,9.18,334,1000,NOT_AVAILABLE_IN_UI_EXPORT,Single-dimension GSC UI export; rows cannot be joined across dimensions; top-row and UI cap limitations apply.
VERIFIED_GSC_UI_SINGLE_DIMENSION,day90,2026-05-12,2026-08-09,sc-domain:fermatmind.com,web,page,https://fermatmind.com/zh/personality/big-five/conscientiousness-high,0,39,0.0,9.56,335,1000,NOT_AVAILABLE_IN_UI_EXPORT,Single-dimension GSC UI export; rows cannot be joined across dimensions; top-row and UI cap limitations apply.
VERIFIED_GSC_UI_SINGLE_DIMENSION,day90,2026-05-12,2026-08-09,sc-domain:fermatmind.com,web,page,https://fermatmind.com/en/career/jobs/telecommunications-line-installers-and-repairers,0,39,0.0,9.79,336,1000,NOT_AVAILABLE_IN_UI_EXPORT,Single-dimension GSC UI export; rows cannot be joined across dimensions; top-row and UI cap limitations apply.
VERIFIED_GSC_UI_SINGLE_DIMENSION,day90,2026-05-12,2026-08-09,sc-domain:fermatmind.com,web,page,https://fermatmind.com/zh/personality/big-five/facets/modesty,0,39,0.0,14.97,337,1000,NOT_AVAILABLE_IN_UI_EXPORT,Single-dimension GSC UI export; rows cannot be joined across dimensions; top-row and UI cap limitations apply.
VERIFIED_GSC_UI_SINGLE_DIMENSION,day90,2026-05-12,2026-08-09,sc-domain:fermatmind.com,web,page,https://fermatmind.com/en/career/jobs/online-merchants,0,39,0.0,17.54,338,1000,NOT_AVAILABLE_IN_UI_EXPORT,Single-dimension GSC UI export; rows cannot be joined across dimensions; top-row and UI cap limitations apply.
VERIFIED_GSC_UI_SINGLE_DIMENSION,day90,2026-05-12,2026-08-09,sc-domain:fermatmind.com,web,page,https://fermatmind.com/en/personality/enneagram/type-2,0,39,0.0,23.26,339,1000,NOT_AVAILABLE_IN_UI_EXPORT,Single-dimension GSC UI export; rows cannot be joined across dimensions; top-row and UI cap limitations apply.
VERIFIED_GSC_UI_SINGLE_DIMENSION,day90,2026-05-12,2026-08-09,sc-domain:fermatmind.com,web,page,https://fermatmind.com/zh/career/jobs/appraisers-of-personal-and-business-property,0,39,0.0,24.28,340,1000,NOT_AVAILABLE_IN_UI_EXPORT,Single-dimension GSC UI export; rows cannot be joined across dimensions; top-row and UI cap limitations apply.
VERIFIED_GSC_UI_SINGLE_DIMENSION,day90,2026-05-12,2026-08-09,sc-domain:fermatmind.com,web,page,https://fermatmind.com/zh/support,0,38,0.0,8.11,341,1000,NOT_AVAILABLE_IN_UI_EXPORT,Single-dimension GSC UI export; rows cannot be joined across dimensions; top-row and UI cap limitations apply.
VERIFIED_GSC_UI_SINGLE_DIMENSION,day90,2026-05-12,2026-08-09,sc-domain:fermatmind.com,web,page,https://fermatmind.com/en/career/jobs/makeup-artists-theatrical-and-performance,0,38,0.0,8.42,342,1000,NOT_AVAILABLE_IN_UI_EXPORT,Single-dimension GSC UI export; rows cannot be joined across dimensions; top-row and UI cap limitations apply.
VERIFIED_GSC_UI_SINGLE_DIMENSION,day90,2026-05-12,2026-08-09,sc-domain:fermatmind.com,web,page,https://fermatmind.com/en/career/jobs/barbers,0,38,0.0,9.84,343,1000,NOT_AVAILABLE_IN_UI_EXPORT,Single-dimension GSC UI export; rows cannot be joined across dimensions; top-row and UI cap limitations apply.
VERIFIED_GSC_UI_SINGLE_DIMENSION,day90,2026-05-12,2026-08-09,sc-domain:fermatmind.com,web,page,https://fermatmind.com/en/career/jobs/lathe-and-turning-machine-tool-setters-operators-and-tenders-metal-and-plastic,0,38,0.0,10.89,344,1000,NOT_AVAILABLE_IN_UI_EXPORT,Single-dimension GSC UI export; rows cannot be joined across dimensions; top-row and UI cap limitations apply.
VERIFIED_GSC_UI_SINGLE_DIMENSION,day90,2026-05-12,2026-08-09,sc-domain:fermatmind.com,web,page,https://fermatmind.com/en/career/jobs/education-administrators-postsecondary,0,38,0.0,11.66,345,1000,NOT_AVAILABLE_IN_UI_EXPORT,Single-dimension GSC UI export; rows cannot be joined across dimensions; top-row and UI cap limitations apply.
VERIFIED_GSC_UI_SINGLE_DIMENSION,day90,2026-05-12,2026-08-09,sc-domain:fermatmind.com,web,page,https://fermatmind.com/en/career/jobs/administrative-services-managers,0,38,0.0,14.0,346,1000,NOT_AVAILABLE_IN_UI_EXPORT,Single-dimension GSC UI export; rows cannot be joined across dimensions; top-row and UI cap limitations apply.
VERIFIED_GSC_UI_SINGLE_DIMENSION,day90,2026-05-12,2026-08-09,sc-domain:fermatmind.com,web,page,https://fermatmind.com/zh/career/jobs/regulatory-affairs-specialists,0,38,0.0,15.63,347,1000,NOT_AVAILABLE_IN_UI_EXPORT,Single-dimension GSC UI export; rows cannot be joined across dimensions; top-row and UI cap limitations apply.
VERIFIED_GSC_UI_SINGLE_DIMENSION,day90,2026-05-12,2026-08-09,sc-domain:fermatmind.com,web,page,https://fermatmind.com/en/personality/enneagram/type-6,0,38,0.0,24.71,348,1000,NOT_AVAILABLE_IN_UI_EXPORT,Single-dimension GSC UI export; rows cannot be joined across dimensions; top-row and UI cap limitations apply.
VERIFIED_GSC_UI_SINGLE_DIMENSION,day90,2026-05-12,2026-08-09,sc-domain:fermatmind.com,web,page,https://fermatmind.com/zh/career/jobs/geological-technicians-except-hydrologic-technicians,0,38,0.0,73.55,349,1000,NOT_AVAILABLE_IN_UI_EXPORT,Single-dimension GSC UI export; rows cannot be joined across dimensions; top-row and UI cap limitations apply.
VERIFIED_GSC_UI_SINGLE_DIMENSION,day90,2026-05-12,2026-08-09,sc-domain:fermatmind.com,web,page,https://fermatmind.com/en/personality/big-five/facets/modesty,0,37,0.0,6.05,350,1000,NOT_AVAILABLE_IN_UI_EXPORT,Single-dimension GSC UI export; rows cannot be joined across dimensions; top-row and UI cap limitations apply.
VERIFIED_GSC_UI_SINGLE_DIMENSION,day90,2026-05-12,2026-08-09,sc-domain:fermatmind.com,web,page,https://fermatmind.com/en/career/jobs/architects,0,37,0.0,7.62,351,1000,NOT_AVAILABLE_IN_UI_EXPORT,Single-dimension GSC UI export; rows cannot be joined across dimensions; top-row and UI cap limitations apply.
VERIFIED_GSC_UI_SINGLE_DIMENSION,day90,2026-05-12,2026-08-09,sc-domain:fermatmind.com,web,page,https://fermatmind.com/zh/career/jobs/audio-and-video-technicians,0,37,0.0,8.49,352,1000,NOT_AVAILABLE_IN_UI_EXPORT,Single-dimension GSC UI export; rows cannot be joined across dimensions; top-row and UI cap limitations apply.
VERIFIED_GSC_UI_SINGLE_DIMENSION,day90,2026-05-12,2026-08-09,sc-domain:fermatmind.com,web,page,https://fermatmind.com/zh/career/jobs/tool-and-die-makers,0,37,0.0,9.78,353,1000,NOT_AVAILABLE_IN_UI_EXPORT,Single-dimension GSC UI export; rows cannot be joined across dimensions; top-row and UI cap limitations apply.
VERIFIED_GSC_UI_SINGLE_DIMENSION,day90,2026-05-12,2026-08-09,sc-domain:fermatmind.com,web,page,https://fermatmind.com/en/career/jobs/aircraft-structure-surfaces-rigging-and-systems-assemblers,0,37,0.0,12.84,354,1000,NOT_AVAILABLE_IN_UI_EXPORT,Single-dimension GSC UI export; rows cannot be joined across dimensions; top-row and UI cap limitations apply.
VERIFIED_GSC_UI_SINGLE_DIMENSION,day90,2026-05-12,2026-08-09,sc-domain:fermatmind.com,web,page,https://fermatmind.com/zh/personality/estp-a,0,37,0.0,15.08,355,1000,NOT_AVAILABLE_IN_UI_EXPORT,Single-dimension GSC UI export; rows cannot be joined across dimensions; top-row and UI cap limitations apply.
VERIFIED_GSC_UI_SINGLE_DIMENSION,day90,2026-05-12,2026-08-09,sc-domain:fermatmind.com,web,page,https://fermatmind.com/en/career/jobs/tool-and-die-makers,0,36,0.0,8.06,356,1000,NOT_AVAILABLE_IN_UI_EXPORT,Single-dimension GSC UI export; rows cannot be joined across dimensions; top-row and UI cap limitations apply.
VERIFIED_GSC_UI_SINGLE_DIMENSION,day90,2026-05-12,2026-08-09,sc-domain:fermatmind.com,web,page,https://fermatmind.com/zh/personality/esfp-t,0,36,0.0,8.36,357,1000,NOT_AVAILABLE_IN_UI_EXPORT,Single-dimension GSC UI export; rows cannot be joined across dimensions; top-row and UI cap limitations apply.
VERIFIED_GSC_UI_SINGLE_DIMENSION,day90,2026-05-12,2026-08-09,sc-domain:fermatmind.com,web,page,https://fermatmind.com/zh/career/jobs/septic-tank-servicers-and-sewer-pipe-cleaners,0,36,0.0,13.39,358,1000,NOT_AVAILABLE_IN_UI_EXPORT,Single-dimension GSC UI export; rows cannot be joined across dimensions; top-row and UI cap limitations apply.
VERIFIED_GSC_UI_SINGLE_DIMENSION,day90,2026-05-12,2026-08-09,sc-domain:fermatmind.com,web,page,https://fermatmind.com/en/personality/estp-t,0,36,0.0,14.53,359,1000,NOT_AVAILABLE_IN_UI_EXPORT,Single-dimension GSC UI export; rows cannot be joined across dimensions; top-row and UI cap limitations apply.
VERIFIED_GSC_UI_SINGLE_DIMENSION,day90,2026-05-12,2026-08-09,sc-domain:fermatmind.com,web,page,https://fermatmind.com/en/career/jobs/fraud-examiners-investigators-and-analysts,0,36,0.0,17.81,360,1000,NOT_AVAILABLE_IN_UI_EXPORT,Single-dimension GSC UI export; rows cannot be joined across dimensions; top-row and UI cap limitations apply.
VERIFIED_GSC_UI_SINGLE_DIMENSION,day90,2026-05-12,2026-08-09,sc-domain:fermatmind.com,web,page,https://fermatmind.com/zh/reliability-validity,0,36,0.0,20.03,361,1000,NOT_AVAILABLE_IN_UI_EXPORT,Single-dimension GSC UI export; rows cannot be joined across dimensions; top-row and UI cap limitations apply.
VERIFIED_GSC_UI_SINGLE_DIMENSION,day90,2026-05-12,2026-08-09,sc-domain:fermatmind.com,web,page,https://fermatmind.com/en/career/jobs/art-drama-and-music-teachers-postsecondary,0,35,0.0,7.2,362,1000,NOT_AVAILABLE_IN_UI_EXPORT,Single-dimension GSC UI export; rows cannot be joined across dimensions; top-row and UI cap limitations apply.
VERIFIED_GSC_UI_SINGLE_DIMENSION,day90,2026-05-12,2026-08-09,sc-domain:fermatmind.com,web,page,https://fermatmind.com/zh/personality/big-five/facets/compliance,0,35,0.0,9.51,363,1000,NOT_AVAILABLE_IN_UI_EXPORT,Single-dimension GSC UI export; rows cannot be joined across dimensions; top-row and UI cap limitations apply.
VERIFIED_GSC_UI_SINGLE_DIMENSION,day90,2026-05-12,2026-08-09,sc-domain:fermatmind.com,web,page,https://fermatmind.com/zh/career/jobs/cooks-short-order,0,35,0.0,11.23,364,1000,NOT_AVAILABLE_IN_UI_EXPORT,Single-dimension GSC UI export; rows cannot be joined across dimensions; top-row and UI cap limitations apply.
VERIFIED_GSC_UI_SINGLE_DIMENSION,day90,2026-05-12,2026-08-09,sc-domain:fermatmind.com,web,page,https://fermatmind.com/en/personality/big-five/openness-high,0,35,0.0,11.46,365,1000,NOT_AVAILABLE_IN_UI_EXPORT,Single-dimension GSC UI export; rows cannot be joined across dimensions; top-row and UI cap limitations apply.
VERIFIED_GSC_UI_SINGLE_DIMENSION,day90,2026-05-12,2026-08-09,sc-domain:fermatmind.com,web,page,https://fermatmind.com/zh/career/jobs/architects-except-landscape-and-naval,0,35,0.0,13.4,366,1000,NOT_AVAILABLE_IN_UI_EXPORT,Single-dimension GSC UI export; rows cannot be joined across dimensions; top-row and UI cap limitations apply.
VERIFIED_GSC_UI_SINGLE_DIMENSION,day90,2026-05-12,2026-08-09,sc-domain:fermatmind.com,web,page,https://fermatmind.com/zh/career/jobs/surgical-technologists,0,35,0.0,21.89,367,1000,NOT_AVAILABLE_IN_UI_EXPORT,Single-dimension GSC UI export; rows cannot be joined across dimensions; top-row and UI cap limitations apply.
VERIFIED_GSC_UI_SINGLE_DIMENSION,day90,2026-05-12,2026-08-09,sc-domain:fermatmind.com,web,page,https://fermatmind.com/zh/career/jobs/administrative-law-judges-adjudicators-and-hearing-officers,0,35,0.0,22.51,368,1000,NOT_AVAILABLE_IN_UI_EXPORT,Single-dimension GSC UI export; rows cannot be joined across dimensions; top-row and UI cap limitations apply.
VERIFIED_GSC_UI_SINGLE_DIMENSION,day90,2026-05-12,2026-08-09,sc-domain:fermatmind.com,web,page,https://fermatmind.com/zh/career/jobs/transportation-planners,0,35,0.0,33.06,369,1000,NOT_AVAILABLE_IN_UI_EXPORT,Single-dimension GSC UI export; rows cannot be joined across dimensions; top-row and UI cap limitations apply.
VERIFIED_GSC_UI_SINGLE_DIMENSION,day90,2026-05-12,2026-08-09,sc-domain:fermatmind.com,web,page,https://fermatmind.com/en/personality/big-five/facets/warmth,0,34,0.0,9.5,370,1000,NOT_AVAILABLE_IN_UI_EXPORT,Single-dimension GSC UI export; rows cannot be joined across dimensions; top-row and UI cap limitations apply.
VERIFIED_GSC_UI_SINGLE_DIMENSION,day90,2026-05-12,2026-08-09,sc-domain:fermatmind.com,web,page,https://fermatmind.com/en/career/jobs/administrative-law-judges-adjudicators-and-hearing-officers,0,34,0.0,10.35,371,1000,NOT_AVAILABLE_IN_UI_EXPORT,Single-dimension GSC UI export; rows cannot be joined across dimensions; top-row and UI cap limitations apply.
VERIFIED_GSC_UI_SINGLE_DIMENSION,day90,2026-05-12,2026-08-09,sc-domain:fermatmind.com,web,page,https://fermatmind.com/zh/career/jobs/intelligence-analysts,0,34,0.0,19.24,372,1000,NOT_AVAILABLE_IN_UI_EXPORT,Single-dimension GSC UI export; rows cannot be joined across dimensions; top-row and UI cap limitations apply.
VERIFIED_GSC_UI_SINGLE_DIMENSION,day90,2026-05-12,2026-08-09,sc-domain:fermatmind.com,web,page,https://fermatmind.com/en/career/jobs/occupational-health-and-safety-specialists-and-technicians,0,33,0.0,6.18,373,1000,NOT_AVAILABLE_IN_UI_EXPORT,Single-dimension GSC UI export; rows cannot be joined across dimensions; top-row and UI cap limitations apply.
VERIFIED_GSC_UI_SINGLE_DIMENSION,day90,2026-05-12,2026-08-09,sc-domain:fermatmind.com,web,page,https://fermatmind.com/en/career/jobs/fire-prevention-and-protection-engineers,0,33,0.0,7.39,374,1000,NOT_AVAILABLE_IN_UI_EXPORT,Single-dimension GSC UI export; rows cannot be joined across dimensions; top-row and UI cap limitations apply.
VERIFIED_GSC_UI_SINGLE_DIMENSION,day90,2026-05-12,2026-08-09,sc-domain:fermatmind.com,web,page,https://fermatmind.com/en/career/jobs/postal-service-mail-carriers,0,33,0.0,7.45,375,1000,NOT_AVAILABLE_IN_UI_EXPORT,Single-dimension GSC UI export; rows cannot be joined across dimensions; top-row and UI cap limitations apply.
VERIFIED_GSC_UI_SINGLE_DIMENSION,day90,2026-05-12,2026-08-09,sc-domain:fermatmind.com,web,page,https://fermatmind.com/en/career/jobs/sewing-machine-operators,0,33,0.0,7.64,376,1000,NOT_AVAILABLE_IN_UI_EXPORT,Single-dimension GSC UI export; rows cannot be joined across dimensions; top-row and UI cap limitations apply.
VERIFIED_GSC_UI_SINGLE_DIMENSION,day90,2026-05-12,2026-08-09,sc-domain:fermatmind.com,web,page,https://fermatmind.com/zh/personality/big-five/facets/altruism,0,33,0.0,7.82,377,1000,NOT_AVAILABLE_IN_UI_EXPORT,Single-dimension GSC UI export; rows cannot be joined across dimensions; top-row and UI cap limitations apply.
VERIFIED_GSC_UI_SINGLE_DIMENSION,day90,2026-05-12,2026-08-09,sc-domain:fermatmind.com,web,page,https://fermatmind.com/en/career/jobs/helpers-pipelayers-plumbers-pipefitters-and-steamfitters,0,33,0.0,10.03,378,1000,NOT_AVAILABLE_IN_UI_EXPORT,Single-dimension GSC UI export; rows cannot be joined across dimensions; top-row and UI cap limitations apply.
VERIFIED_GSC_UI_SINGLE_DIMENSION,day90,2026-05-12,2026-08-09,sc-domain:fermatmind.com,web,page,https://fermatmind.com/zh/career/jobs/retail-salespersons,0,33,0.0,13.73,379,1000,NOT_AVAILABLE_IN_UI_EXPORT,Single-dimension GSC UI export; rows cannot be joined across dimensions; top-row and UI cap limitations apply.
VERIFIED_GSC_UI_SINGLE_DIMENSION,day90,2026-05-12,2026-08-09,sc-domain:fermatmind.com,web,page,https://fermatmind.com/zh/career/jobs/chemistry-teachers-postsecondary,0,33,0.0,14.58,380,1000,NOT_AVAILABLE_IN_UI_EXPORT,Single-dimension GSC UI export; rows cannot be joined across dimensions; top-row and UI cap limitations apply.
VERIFIED_GSC_UI_SINGLE_DIMENSION,day90,2026-05-12,2026-08-09,sc-domain:fermatmind.com,web,page,https://fermatmind.com/zh/career/jobs/general-internal-medicine-physicians,0,33,0.0,16.21,381,1000,NOT_AVAILABLE_IN_UI_EXPORT,Single-dimension GSC UI export; rows cannot be joined across dimensions; top-row and UI cap limitations apply.
VERIFIED_GSC_UI_SINGLE_DIMENSION,day90,2026-05-12,2026-08-09,sc-domain:fermatmind.com,web,page,https://fermatmind.com/zh/career/jobs/compensation-and-benefits-managers,0,32,0.0,9.62,382,1000,NOT_AVAILABLE_IN_UI_EXPORT,Single-dimension GSC UI export; rows cannot be joined across dimensions; top-row and UI cap limitations apply.
VERIFIED_GSC_UI_SINGLE_DIMENSION,day90,2026-05-12,2026-08-09,sc-domain:fermatmind.com,web,page,https://fermatmind.com/en/career/jobs/court-reporters,0,32,0.0,13.69,383,1000,NOT_AVAILABLE_IN_UI_EXPORT,Single-dimension GSC UI export; rows cannot be joined across dimensions; top-row and UI cap limitations apply.
VERIFIED_GSC_UI_SINGLE_DIMENSION,day90,2026-05-12,2026-08-09,sc-domain:fermatmind.com,web,page,https://fermatmind.com/zh/career/jobs/radiation-therapists,0,32,0.0,14.69,384,1000,NOT_AVAILABLE_IN_UI_EXPORT,Single-dimension GSC UI export; rows cannot be joined across dimensions; top-row and UI cap limitations apply.
VERIFIED_GSC_UI_SINGLE_DIMENSION,day90,2026-05-12,2026-08-09,sc-domain:fermatmind.com,web,page,https://fermatmind.com/en/career/jobs/atmospheric-earth-marine-and-space-sciences-teachers-postsecondary,0,31,0.0,8.55,385,1000,NOT_AVAILABLE_IN_UI_EXPORT,Single-dimension GSC UI export; rows cannot be joined across dimensions; top-row and UI cap limitations apply.
VERIFIED_GSC_UI_SINGLE_DIMENSION,day90,2026-05-12,2026-08-09,sc-domain:fermatmind.com,web,page,https://fermatmind.com/zh/career/jobs/postal-service-workers,0,31,0.0,8.97,386,1000,NOT_AVAILABLE_IN_UI_EXPORT,Single-dimension GSC UI export; rows cannot be joined across dimensions; top-row and UI cap limitations apply.
VERIFIED_GSC_UI_SINGLE_DIMENSION,day90,2026-05-12,2026-08-09,sc-domain:fermatmind.com,web,page,https://fermatmind.com/en/career/jobs/geographic-information-systems-technologists-and-technicians,0,31,0.0,9.06,387,1000,NOT_AVAILABLE_IN_UI_EXPORT,Single-dimension GSC UI export; rows cannot be joined across dimensions; top-row and UI cap limitations apply.
VERIFIED_GSC_UI_SINGLE_DIMENSION,day90,2026-05-12,2026-08-09,sc-domain:fermatmind.com,web,page,https://fermatmind.com/en/career/jobs/non-destructive-testing-specialists,0,31,0.0,9.16,388,1000,NOT_AVAILABLE_IN_UI_EXPORT,Single-dimension GSC UI export; rows cannot be joined across dimensions; top-row and UI cap limitations apply.
VERIFIED_GSC_UI_SINGLE_DIMENSION,day90,2026-05-12,2026-08-09,sc-domain:fermatmind.com,web,page,https://fermatmind.com/en/career/jobs/archivists,0,31,0.0,11.26,389,1000,NOT_AVAILABLE_IN_UI_EXPORT,Single-dimension GSC UI export; rows cannot be joined across dimensions; top-row and UI cap limitations apply.
VERIFIED_GSC_UI_SINGLE_DIMENSION,day90,2026-05-12,2026-08-09,sc-domain:fermatmind.com,web,page,https://fermatmind.com/en/career/jobs/customs-brokers,0,31,0.0,11.35,390,1000,NOT_AVAILABLE_IN_UI_EXPORT,Single-dimension GSC UI export; rows cannot be joined across dimensions; top-row and UI cap limitations apply.
VERIFIED_GSC_UI_SINGLE_DIMENSION,day90,2026-05-12,2026-08-09,sc-domain:fermatmind.com,web,page,https://fermatmind.com/en/articles/big-five-conscientiousness-low-procrastination-task-plan,0,31,0.0,12.26,391,1000,NOT_AVAILABLE_IN_UI_EXPORT,Single-dimension GSC UI export; rows cannot be joined across dimensions; top-row and UI cap limitations apply.
VERIFIED_GSC_UI_SINGLE_DIMENSION,day90,2026-05-12,2026-08-09,sc-domain:fermatmind.com,web,page,https://fermatmind.com/zh/career/jobs/acupuncturists,0,31,0.0,14.32,392,1000,NOT_AVAILABLE_IN_UI_EXPORT,Single-dimension GSC UI export; rows cannot be joined across dimensions; top-row and UI cap limitations apply.
VERIFIED_GSC_UI_SINGLE_DIMENSION,day90,2026-05-12,2026-08-09,sc-domain:fermatmind.com,web,page,https://fermatmind.com/zh/career/jobs/logistics-engineers,0,31,0.0,14.48,393,1000,NOT_AVAILABLE_IN_UI_EXPORT,Single-dimension GSC UI export; rows cannot be joined across dimensions; top-row and UI cap limitations apply.
VERIFIED_GSC_UI_SINGLE_DIMENSION,day90,2026-05-12,2026-08-09,sc-domain:fermatmind.com,web,page,https://fermatmind.com/zh/career/jobs/psychologists,0,31,0.0,21.71,394,1000,NOT_AVAILABLE_IN_UI_EXPORT,Single-dimension GSC UI export; rows cannot be joined across dimensions; top-row and UI cap limitations apply.
VERIFIED_GSC_UI_SINGLE_DIMENSION,day90,2026-05-12,2026-08-09,sc-domain:fermatmind.com,web,page,https://fermatmind.com/zh/career/jobs/mechanical-engineering-technicians,0,31,0.0,34.68,395,1000,NOT_AVAILABLE_IN_UI_EXPORT,Single-dimension GSC UI export; rows cannot be joined across dimensions; top-row and UI cap limitations apply.
VERIFIED_GSC_UI_SINGLE_DIMENSION,day90,2026-05-12,2026-08-09,sc-domain:fermatmind.com,web,page,https://fermatmind.com/en/career/jobs/substitute-teachers-short-term,0,30,0.0,8.63,396,1000,NOT_AVAILABLE_IN_UI_EXPORT,Single-dimension GSC UI export; rows cannot be joined across dimensions; top-row and UI cap limitations apply.
VERIFIED_GSC_UI_SINGLE_DIMENSION,day90,2026-05-12,2026-08-09,sc-domain:fermatmind.com,web,page,https://fermatmind.com/zh/career/jobs/preschool-teachers,0,30,0.0,8.93,397,1000,NOT_AVAILABLE_IN_UI_EXPORT,Single-dimension GSC UI export; rows cannot be joined across dimensions; top-row and UI cap limitations apply.
VERIFIED_GSC_UI_SINGLE_DIMENSION,day90,2026-05-12,2026-08-09,sc-domain:fermatmind.com,web,page,https://fermatmind.com/en/career/jobs/first-line-supervisors-of-food-preparation-and-serving-workers,0,30,0.0,11.83,398,1000,NOT_AVAILABLE_IN_UI_EXPORT,Single-dimension GSC UI export; rows cannot be joined across dimensions; top-row and UI cap limitations apply.
VERIFIED_GSC_UI_SINGLE_DIMENSION,day90,2026-05-12,2026-08-09,sc-domain:fermatmind.com,web,page,https://fermatmind.com/zh/career/jobs/information-technology-project-managers,0,30,0.0,14.17,399,1000,NOT_AVAILABLE_IN_UI_EXPORT,Single-dimension GSC UI export; rows cannot be joined across dimensions; top-row and UI cap limitations apply.
VERIFIED_GSC_UI_SINGLE_DIMENSION,day90,2026-05-12,2026-08-09,sc-domain:fermatmind.com,web,page,https://fermatmind.com/en/career/jobs/postal-service-mail-sorters-processors-and-processing-machine-operators,0,29,0.0,8.21,400,1000,NOT_AVAILABLE_IN_UI_EXPORT,Single-dimension GSC UI export; rows cannot be joined across dimensions; top-row and UI cap limitations apply.
VERIFIED_GSC_UI_SINGLE_DIMENSION,day90,2026-05-12,2026-08-09,sc-domain:fermatmind.com,web,page,https://fermatmind.com/en/career/jobs/librarians-and-media-collections-specialists,0,29,0.0,9.0,401,1000,NOT_AVAILABLE_IN_UI_EXPORT,Single-dimension GSC UI export; rows cannot be joined across dimensions; top-row and UI cap limitations apply.
VERIFIED_GSC_UI_SINGLE_DIMENSION,day90,2026-05-12,2026-08-09,sc-domain:fermatmind.com,web,page,https://fermatmind.com/en/articles/enneagram-workplace-friction-core-motivations,0,29,0.0,9.76,402,1000,NOT_AVAILABLE_IN_UI_EXPORT,Single-dimension GSC UI export; rows cannot be joined across dimensions; top-row and UI cap limitations apply.
VERIFIED_GSC_UI_SINGLE_DIMENSION,day90,2026-05-12,2026-08-09,sc-domain:fermatmind.com,web,page,https://fermatmind.com/en/career/jobs/tour-guides-and-escorts,0,29,0.0,10.07,403,1000,NOT_AVAILABLE_IN_UI_EXPORT,Single-dimension GSC UI export; rows cannot be joined across dimensions; top-row and UI cap limitations apply.
VERIFIED_GSC_UI_SINGLE_DIMENSION,day90,2026-05-12,2026-08-09,sc-domain:fermatmind.com,web,page,https://fermatmind.com/en/career/jobs/first-line-supervisors-of-gambling-services-workers,0,29,0.0,10.83,404,1000,NOT_AVAILABLE_IN_UI_EXPORT,Single-dimension GSC UI export; rows cannot be joined across dimensions; top-row and UI cap limitations apply.
VERIFIED_GSC_UI_SINGLE_DIMENSION,day90,2026-05-12,2026-08-09,sc-domain:fermatmind.com,web,page,https://fermatmind.com/zh/personality/big-five/facets/assertiveness,0,29,0.0,12.21,405,1000,NOT_AVAILABLE_IN_UI_EXPORT,Single-dimension GSC UI export; rows cannot be joined across dimensions; top-row and UI cap limitations apply.
VERIFIED_GSC_UI_SINGLE_DIMENSION,day90,2026-05-12,2026-08-09,sc-domain:fermatmind.com,web,page,https://fermatmind.com/en/common-misconceptions,0,29,0.0,14.66,406,1000,NOT_AVAILABLE_IN_UI_EXPORT,Single-dimension GSC UI export; rows cannot be joined across dimensions; top-row and UI cap limitations apply.
VERIFIED_GSC_UI_SINGLE_DIMENSION,day90,2026-05-12,2026-08-09,sc-domain:fermatmind.com,web,page,https://fermatmind.com/en/career/jobs/compliance-officers,0,29,0.0,14.97,407,1000,NOT_AVAILABLE_IN_UI_EXPORT,Single-dimension GSC UI export; rows cannot be joined across dimensions; top-row and UI cap limitations apply.
VERIFIED_GSC_UI_SINGLE_DIMENSION,day90,2026-05-12,2026-08-09,sc-domain:fermatmind.com,web,page,https://fermatmind.com/en/career/jobs/hydrologists,0,29,0.0,19.03,408,1000,NOT_AVAILABLE_IN_UI_EXPORT,Single-dimension GSC UI export; rows cannot be joined across dimensions; top-row and UI cap limitations apply.
VERIFIED_GSC_UI_SINGLE_DIMENSION,day90,2026-05-12,2026-08-09,sc-domain:fermatmind.com,web,page,https://fermatmind.com/en/career/jobs/instructional-coordinators,0,28,0.0,7.71,409,1000,NOT_AVAILABLE_IN_UI_EXPORT,Single-dimension GSC UI export; rows cannot be joined across dimensions; top-row and UI cap limitations apply.
VERIFIED_GSC_UI_SINGLE_DIMENSION,day90,2026-05-12,2026-08-09,sc-domain:fermatmind.com,web,page,https://fermatmind.com/zh/career/jobs/exercise-trainers-and-group-fitness-instructors,0,28,0.0,8.04,410,1000,NOT_AVAILABLE_IN_UI_EXPORT,Single-dimension GSC UI export; rows cannot be joined across dimensions; top-row and UI cap limitations apply.
VERIFIED_GSC_UI_SINGLE_DIMENSION,day90,2026-05-12,2026-08-09,sc-domain:fermatmind.com,web,page,https://fermatmind.com/en/career/jobs/rail-track-laying-and-maintenance-equipment-operators,0,28,0.0,9.68,411,1000,NOT_AVAILABLE_IN_UI_EXPORT,Single-dimension GSC UI export; rows cannot be joined across dimensions; top-row and UI cap limitations apply.
VERIFIED_GSC_UI_SINGLE_DIMENSION,day90,2026-05-12,2026-08-09,sc-domain:fermatmind.com,web,page,https://fermatmind.com/en/career/jobs/shuttle-drivers-and-chauffeurs,0,28,0.0,9.96,412,1000,NOT_AVAILABLE_IN_UI_EXPORT,Single-dimension GSC UI export; rows cannot be joined across dimensions; top-row and UI cap limitations apply.
VERIFIED_GSC_UI_SINGLE_DIMENSION,day90,2026-05-12,2026-08-09,sc-domain:fermatmind.com,web,page,https://fermatmind.com/en/personality/big-five/facets/positive-emotions,0,28,0.0,12.21,413,1000,NOT_AVAILABLE_IN_UI_EXPORT,Single-dimension GSC UI export; rows cannot be joined across dimensions; top-row and UI cap limitations apply.
VERIFIED_GSC_UI_SINGLE_DIMENSION,day90,2026-05-12,2026-08-09,sc-domain:fermatmind.com,web,page,https://fermatmind.com/en/career/jobs/laundry-and-dry-cleaning-workers,0,28,0.0,13.04,414,1000,NOT_AVAILABLE_IN_UI_EXPORT,Single-dimension GSC UI export; rows cannot be joined across dimensions; top-row and UI cap limitations apply.
VERIFIED_GSC_UI_SINGLE_DIMENSION,day90,2026-05-12,2026-08-09,sc-domain:fermatmind.com,web,page,https://fermatmind.com/en/career/jobs/treasurers-and-controllers,0,28,0.0,13.21,415,1000,NOT_AVAILABLE_IN_UI_EXPORT,Single-dimension GSC UI export; rows cannot be joined across dimensions; top-row and UI cap limitations apply.
VERIFIED_GSC_UI_SINGLE_DIMENSION,day90,2026-05-12,2026-08-09,sc-domain:fermatmind.com,web,page,https://fermatmind.com/zh/career/jobs/agricultural-workers,0,28,0.0,17.21,416,1000,NOT_AVAILABLE_IN_UI_EXPORT,Single-dimension GSC UI export; rows cannot be joined across dimensions; top-row and UI cap limitations apply.
VERIFIED_GSC_UI_SINGLE_DIMENSION,day90,2026-05-12,2026-08-09,sc-domain:fermatmind.com,web,page,https://fermatmind.com/en/career/jobs/carpenters,0,28,0.0,52.43,417,1000,NOT_AVAILABLE_IN_UI_EXPORT,Single-dimension GSC UI export; rows cannot be joined across dimensions; top-row and UI cap limitations apply.
VERIFIED_GSC_UI_SINGLE_DIMENSION,day90,2026-05-12,2026-08-09,sc-domain:fermatmind.com,web,page,https://fermatmind.com/en/personality/big-five/facets/self-discipline,0,27,0.0,6.85,418,1000,NOT_AVAILABLE_IN_UI_EXPORT,Single-dimension GSC UI export; rows cannot be joined across dimensions; top-row and UI cap limitations apply.
VERIFIED_GSC_UI_SINGLE_DIMENSION,day90,2026-05-12,2026-08-09,sc-domain:fermatmind.com,web,page,https://fermatmind.com/en/career/jobs/ushers-lobby-attendants-and-ticket-takers,0,27,0.0,7.74,419,1000,NOT_AVAILABLE_IN_UI_EXPORT,Single-dimension GSC UI export; rows cannot be joined across dimensions; top-row and UI cap limitations apply.
VERIFIED_GSC_UI_SINGLE_DIMENSION,day90,2026-05-12,2026-08-09,sc-domain:fermatmind.com,web,page,https://fermatmind.com/en/career/jobs/environmental-scientists-and-specialists-including-health,0,27,0.0,8.67,420,1000,NOT_AVAILABLE_IN_UI_EXPORT,Single-dimension GSC UI export; rows cannot be joined across dimensions; top-row and UI cap limitations apply.
VERIFIED_GSC_UI_SINGLE_DIMENSION,day90,2026-05-12,2026-08-09,sc-domain:fermatmind.com,web,page,https://fermatmind.com/en/career/jobs/postal-service-workers,0,27,0.0,9.67,421,1000,NOT_AVAILABLE_IN_UI_EXPORT,Single-dimension GSC UI export; rows cannot be joined across dimensions; top-row and UI cap limitations apply.
VERIFIED_GSC_UI_SINGLE_DIMENSION,day90,2026-05-12,2026-08-09,sc-domain:fermatmind.com,web,page,https://fermatmind.com/en/career/jobs/education-administrators-kindergarten-through-secondary,0,27,0.0,10.59,422,1000,NOT_AVAILABLE_IN_UI_EXPORT,Single-dimension GSC UI export; rows cannot be joined across dimensions; top-row and UI cap limitations apply.
VERIFIED_GSC_UI_SINGLE_DIMENSION,day90,2026-05-12,2026-08-09,sc-domain:fermatmind.com,web,page,https://fermatmind.com/en/personality/enneagram/type-2/instincts/one-to-one,0,27,0.0,11.33,423,1000,NOT_AVAILABLE_IN_UI_EXPORT,Single-dimension GSC UI export; rows cannot be joined across dimensions; top-row and UI cap limitations apply.
VERIFIED_GSC_UI_SINGLE_DIMENSION,day90,2026-05-12,2026-08-09,sc-domain:fermatmind.com,web,page,https://fermatmind.com/en/career/jobs/patient-representatives,0,27,0.0,11.96,424,1000,NOT_AVAILABLE_IN_UI_EXPORT,Single-dimension GSC UI export; rows cannot be joined across dimensions; top-row and UI cap limitations apply.
VERIFIED_GSC_UI_SINGLE_DIMENSION,day90,2026-05-12,2026-08-09,sc-domain:fermatmind.com,web,page,https://fermatmind.com/zh/career/jobs/materials-engineers,0,27,0.0,12.26,425,1000,NOT_AVAILABLE_IN_UI_EXPORT,Single-dimension GSC UI export; rows cannot be joined across dimensions; top-row and UI cap limitations apply.
VERIFIED_GSC_UI_SINGLE_DIMENSION,day90,2026-05-12,2026-08-09,sc-domain:fermatmind.com,web,page,https://fermatmind.com/en/career/jobs/financial-managers,0,27,0.0,12.56,426,1000,NOT_AVAILABLE_IN_UI_EXPORT,Single-dimension GSC UI export; rows cannot be joined across dimensions; top-row and UI cap limitations apply.
VERIFIED_GSC_UI_SINGLE_DIMENSION,day90,2026-05-12,2026-08-09,sc-domain:fermatmind.com,web,page,https://fermatmind.com/zh/career/jobs/funeral-home-managers,0,27,0.0,13.33,427,1000,NOT_AVAILABLE_IN_UI_EXPORT,Single-dimension GSC UI export; rows cannot be joined across dimensions; top-row and UI cap limitations apply.
VERIFIED_GSC_UI_SINGLE_DIMENSION,day90,2026-05-12,2026-08-09,sc-domain:fermatmind.com,web,page,https://fermatmind.com/en/career/jobs/logistics-engineers,0,27,0.0,13.89,428,1000,NOT_AVAILABLE_IN_UI_EXPORT,Single-dimension GSC UI export; rows cannot be joined across dimensions; top-row and UI cap limitations apply.
VERIFIED_GSC_UI_SINGLE_DIMENSION,day90,2026-05-12,2026-08-09,sc-domain:fermatmind.com,web,page,https://fermatmind.com/en/personality/big-five/facets/achievement-striving,0,26,0.0,4.0,429,1000,NOT_AVAILABLE_IN_UI_EXPORT,Single-dimension GSC UI export; rows cannot be joined across dimensions; top-row and UI cap limitations apply.
VERIFIED_GSC_UI_SINGLE_DIMENSION,day90,2026-05-12,2026-08-09,sc-domain:fermatmind.com,web,page,https://fermatmind.com/zh/career/jobs/molders-shapers-and-casters-except-metal-and-plastic,0,26,0.0,4.73,430,1000,NOT_AVAILABLE_IN_UI_EXPORT,Single-dimension GSC UI export; rows cannot be joined across dimensions; top-row and UI cap limitations apply.
VERIFIED_GSC_UI_SINGLE_DIMENSION,day90,2026-05-12,2026-08-09,sc-domain:fermatmind.com,web,page,https://fermatmind.com/en/personality/big-five/facets/tender-mindedness,0,26,0.0,6.19,431,1000,NOT_AVAILABLE_IN_UI_EXPORT,Single-dimension GSC UI export; rows cannot be joined across dimensions; top-row and UI cap limitations apply.
VERIFIED_GSC_UI_SINGLE_DIMENSION,day90,2026-05-12,2026-08-09,sc-domain:fermatmind.com,web,page,https://fermatmind.com/en/career/jobs/general-and-operations-managers,0,26,0.0,7.15,432,1000,NOT_AVAILABLE_IN_UI_EXPORT,Single-dimension GSC UI export; rows cannot be joined across dimensions; top-row and UI cap limitations apply.
VERIFIED_GSC_UI_SINGLE_DIMENSION,day90,2026-05-12,2026-08-09,sc-domain:fermatmind.com,web,page,https://fermatmind.com/en/career/jobs/solar-sales-representatives-and-assessors,0,26,0.0,7.58,433,1000,NOT_AVAILABLE_IN_UI_EXPORT,Single-dimension GSC UI export; rows cannot be joined across dimensions; top-row and UI cap limitations apply.
VERIFIED_GSC_UI_SINGLE_DIMENSION,day90,2026-05-12,2026-08-09,sc-domain:fermatmind.com,web,page,https://fermatmind.com/en/career/jobs/marine-engineers-and-naval-architects,0,26,0.0,10.92,434,1000,NOT_AVAILABLE_IN_UI_EXPORT,Single-dimension GSC UI export; rows cannot be joined across dimensions; top-row and UI cap limitations apply.
VERIFIED_GSC_UI_SINGLE_DIMENSION,day90,2026-05-12,2026-08-09,sc-domain:fermatmind.com,web,page,https://fermatmind.com/en/career/jobs/helpers-extraction-workers,0,26,0.0,11.73,435,1000,NOT_AVAILABLE_IN_UI_EXPORT,Single-dimension GSC UI export; rows cannot be joined across dimensions; top-row and UI cap limitations apply.
VERIFIED_GSC_UI_SINGLE_DIMENSION,day90,2026-05-12,2026-08-09,sc-domain:fermatmind.com,web,page,https://fermatmind.com/zh/career/jobs/public-relations-managers,0,26,0.0,12.15,436,1000,NOT_AVAILABLE_IN_UI_EXPORT,Single-dimension GSC UI export; rows cannot be joined across dimensions; top-row and UI cap limitations apply.
VERIFIED_GSC_UI_SINGLE_DIMENSION,day90,2026-05-12,2026-08-09,sc-domain:fermatmind.com,web,page,https://fermatmind.com/zh/policies,0,26,0.0,12.27,437,1000,NOT_AVAILABLE_IN_UI_EXPORT,Single-dimension GSC UI export; rows cannot be joined across dimensions; top-row and UI cap limitations apply.
VERIFIED_GSC_UI_SINGLE_DIMENSION,day90,2026-05-12,2026-08-09,sc-domain:fermatmind.com,web,page,https://fermatmind.com/zh/career/jobs/high-school-teachers,0,26,0.0,12.38,438,1000,NOT_AVAILABLE_IN_UI_EXPORT,Single-dimension GSC UI export; rows cannot be joined across dimensions; top-row and UI cap limitations apply.
VERIFIED_GSC_UI_SINGLE_DIMENSION,day90,2026-05-12,2026-08-09,sc-domain:fermatmind.com,web,page,https://fermatmind.com/zh/career/jobs/preventive-medicine-physicians,0,26,0.0,15.38,439,1000,NOT_AVAILABLE_IN_UI_EXPORT,Single-dimension GSC UI export; rows cannot be joined across dimensions; top-row and UI cap limitations apply.
VERIFIED_GSC_UI_SINGLE_DIMENSION,day90,2026-05-12,2026-08-09,sc-domain:fermatmind.com,web,page,https://fermatmind.com/en/career/jobs/general-internal-medicine-physicians,0,26,0.0,16.73,440,1000,NOT_AVAILABLE_IN_UI_EXPORT,Single-dimension GSC UI export; rows cannot be joined across dimensions; top-row and UI cap limitations apply.
VERIFIED_GSC_UI_SINGLE_DIMENSION,day90,2026-05-12,2026-08-09,sc-domain:fermatmind.com,web,page,https://fermatmind.com/en/personality/enneagram/wings/9w1,0,26,0.0,17.15,441,1000,NOT_AVAILABLE_IN_UI_EXPORT,Single-dimension GSC UI export; rows cannot be joined across dimensions; top-row and UI cap limitations apply.
VERIFIED_GSC_UI_SINGLE_DIMENSION,day90,2026-05-12,2026-08-09,sc-domain:fermatmind.com,web,page,https://fermatmind.com/en/personality/big-five/neuroticism-high,0,26,0.0,22.5,442,1000,NOT_AVAILABLE_IN_UI_EXPORT,Single-dimension GSC UI export; rows cannot be joined across dimensions; top-row and UI cap limitations apply.
VERIFIED_GSC_UI_SINGLE_DIMENSION,day90,2026-05-12,2026-08-09,sc-domain:fermatmind.com,web,page,https://fermatmind.com/zh/personality/enneagram/wings/3w2,0,25,0.0,7.28,443,1000,NOT_AVAILABLE_IN_UI_EXPORT,Single-dimension GSC UI export; rows cannot be joined across dimensions; top-row and UI cap limitations apply.
VERIFIED_GSC_UI_SINGLE_DIMENSION,day90,2026-05-12,2026-08-09,sc-domain:fermatmind.com,web,page,https://fermatmind.com/en/career/jobs/tree-trimmers-and-pruners,0,25,0.0,7.8,444,1000,NOT_AVAILABLE_IN_UI_EXPORT,Single-dimension GSC UI export; rows cannot be joined across dimensions; top-row and UI cap limitations apply.
VERIFIED_GSC_UI_SINGLE_DIMENSION,day90,2026-05-12,2026-08-09,sc-domain:fermatmind.com,web,page,https://fermatmind.com/en/personality/big-five/extraversion-low,0,25,0.0,7.92,445,1000,NOT_AVAILABLE_IN_UI_EXPORT,Single-dimension GSC UI export; rows cannot be joined across dimensions; top-row and UI cap limitations apply.
VERIFIED_GSC_UI_SINGLE_DIMENSION,day90,2026-05-12,2026-08-09,sc-domain:fermatmind.com,web,page,https://fermatmind.com/en/career/jobs/facilities-managers,0,25,0.0,8.52,446,1000,NOT_AVAILABLE_IN_UI_EXPORT,Single-dimension GSC UI export; rows cannot be joined across dimensions; top-row and UI cap limitations apply.
VERIFIED_GSC_UI_SINGLE_DIMENSION,day90,2026-05-12,2026-08-09,sc-domain:fermatmind.com,web,page,https://fermatmind.com/en/career/jobs/information-technology-project-managers,0,25,0.0,10.32,447,1000,NOT_AVAILABLE_IN_UI_EXPORT,Single-dimension GSC UI export; rows cannot be joined across dimensions; top-row and UI cap limitations apply.
VERIFIED_GSC_UI_SINGLE_DIMENSION,day90,2026-05-12,2026-08-09,sc-domain:fermatmind.com,web,page,https://fermatmind.com/zh/career/jobs/security-and-fire-alarm-systems-installers,0,25,0.0,10.56,448,1000,NOT_AVAILABLE_IN_UI_EXPORT,Single-dimension GSC UI export; rows cannot be joined across dimensions; top-row and UI cap limitations apply.
VERIFIED_GSC_UI_SINGLE_DIMENSION,day90,2026-05-12,2026-08-09,sc-domain:fermatmind.com,web,page,https://fermatmind.com/en/career/jobs/public-relations-managers,0,25,0.0,14.24,449,1000,NOT_AVAILABLE_IN_UI_EXPORT,Single-dimension GSC UI export; rows cannot be joined across dimensions; top-row and UI cap limitations apply.
VERIFIED_GSC_UI_SINGLE_DIMENSION,day90,2026-05-12,2026-08-09,sc-domain:fermatmind.com,web,page,https://fermatmind.com/zh/career/jobs/low-vision-therapists-orientation-and-mobility-specialists-and-vision-rehabilitation-therapists,0,25,0.0,14.52,450,1000,NOT_AVAILABLE_IN_UI_EXPORT,Single-dimension GSC UI export; rows cannot be joined across dimensions; top-row and UI cap limitations apply.
VERIFIED_GSC_UI_SINGLE_DIMENSION,day90,2026-05-12,2026-08-09,sc-domain:fermatmind.com,web,page,https://fermatmind.com/zh/career/guides/cross-industry-move-strategy,0,24,0.0,4.96,451,1000,NOT_AVAILABLE_IN_UI_EXPORT,Single-dimension GSC UI export; rows cannot be joined across dimensions; top-row and UI cap limitations apply.
VERIFIED_GSC_UI_SINGLE_DIMENSION,day90,2026-05-12,2026-08-09,sc-domain:fermatmind.com,web,page,https://fermatmind.com/zh/career/jobs/psychology-teachers-postsecondary,0,24,0.0,7.21,452,1000,NOT_AVAILABLE_IN_UI_EXPORT,Single-dimension GSC UI export; rows cannot be joined across dimensions; top-row and UI cap limitations apply.
VERIFIED_GSC_UI_SINGLE_DIMENSION,day90,2026-05-12,2026-08-09,sc-domain:fermatmind.com,web,page,https://fermatmind.com/en/career/jobs/first-line-supervisors-of-landscaping-lawn-service-and-groundskeeping-workers,0,24,0.0,7.62,453,1000,NOT_AVAILABLE_IN_UI_EXPORT,Single-dimension GSC UI export; rows cannot be joined across dimensions; top-row and UI cap limitations apply.
VERIFIED_GSC_UI_SINGLE_DIMENSION,day90,2026-05-12,2026-08-09,sc-domain:fermatmind.com,web,page,https://fermatmind.com/en/personality/big-five/facets/excitement-seeking,0,24,0.0,8.33,454,1000,NOT_AVAILABLE_IN_UI_EXPORT,Single-dimension GSC UI export; rows cannot be joined across dimensions; top-row and UI cap limitations apply.
VERIFIED_GSC_UI_SINGLE_DIMENSION,day90,2026-05-12,2026-08-09,sc-domain:fermatmind.com,web,page,https://fermatmind.com/en/career/jobs/educational-guidance-and-career-counselors-and-advisors,0,24,0.0,8.5,455,1000,NOT_AVAILABLE_IN_UI_EXPORT,Single-dimension GSC UI export; rows cannot be joined across dimensions; top-row and UI cap limitations apply.
VERIFIED_GSC_UI_SINGLE_DIMENSION,day90,2026-05-12,2026-08-09,sc-domain:fermatmind.com,web,page,https://fermatmind.com/en/career/jobs/regulatory-affairs-specialists,0,24,0.0,8.5,456,1000,NOT_AVAILABLE_IN_UI_EXPORT,Single-dimension GSC UI export; rows cannot be joined across dimensions; top-row and UI cap limitations apply.
VERIFIED_GSC_UI_SINGLE_DIMENSION,day90,2026-05-12,2026-08-09,sc-domain:fermatmind.com,web,page,https://fermatmind.com/en/career/jobs/automotive-service-technicians-and-mechanics,0,24,0.0,10.17,457,1000,NOT_AVAILABLE_IN_UI_EXPORT,Single-dimension GSC UI export; rows cannot be joined across dimensions; top-row and UI cap limitations apply.
VERIFIED_GSC_UI_SINGLE_DIMENSION,day90,2026-05-12,2026-08-09,sc-domain:fermatmind.com,web,page,https://fermatmind.com/en/personality/big-five/facets/deliberation,0,24,0.0,10.54,458,1000,NOT_AVAILABLE_IN_UI_EXPORT,Single-dimension GSC UI export; rows cannot be joined across dimensions; top-row and UI cap limitations apply.
VERIFIED_GSC_UI_SINGLE_DIMENSION,day90,2026-05-12,2026-08-09,sc-domain:fermatmind.com,web,page,https://fermatmind.com/en/career/jobs/airline-pilots-copilots-and-flight-engineers,0,24,0.0,12.58,459,1000,NOT_AVAILABLE_IN_UI_EXPORT,Single-dimension GSC UI export; rows cannot be joined across dimensions; top-row and UI cap limitations apply.
VERIFIED_GSC_UI_SINGLE_DIMENSION,day90,2026-05-12,2026-08-09,sc-domain:fermatmind.com,web,page,https://fermatmind.com/en/career/jobs/helpers-roofers,0,24,0.0,13.5,460,1000,NOT_AVAILABLE_IN_UI_EXPORT,Single-dimension GSC UI export; rows cannot be joined across dimensions; top-row and UI cap limitations apply.
VERIFIED_GSC_UI_SINGLE_DIMENSION,day90,2026-05-12,2026-08-09,sc-domain:fermatmind.com,web,page,https://fermatmind.com/en/reliability-validity,0,24,0.0,15.79,461,1000,NOT_AVAILABLE_IN_UI_EXPORT,Single-dimension GSC UI export; rows cannot be joined across dimensions; top-row and UI cap limitations apply.
VERIFIED_GSC_UI_SINGLE_DIMENSION,day90,2026-05-12,2026-08-09,sc-domain:fermatmind.com,web,page,https://fermatmind.com/zh/career/jobs/reservation-and-transportation-ticket-agents-and-travel-clerks,0,24,0.0,31.46,462,1000,NOT_AVAILABLE_IN_UI_EXPORT,Single-dimension GSC UI export; rows cannot be joined across dimensions; top-row and UI cap limitations apply.
VERIFIED_GSC_UI_SINGLE_DIMENSION,day90,2026-05-12,2026-08-09,sc-domain:fermatmind.com,web,page,https://fermatmind.com/en/personality/enneagram/type-5,0,24,0.0,31.71,463,1000,NOT_AVAILABLE_IN_UI_EXPORT,Single-dimension GSC UI export; rows cannot be joined across dimensions; top-row and UI cap limitations apply.
VERIFIED_GSC_UI_SINGLE_DIMENSION,day90,2026-05-12,2026-08-09,sc-domain:fermatmind.com,web,page,https://fermatmind.com/en/personality/enneagram/type-3,0,24,0.0,37.46,464,1000,NOT_AVAILABLE_IN_UI_EXPORT,Single-dimension GSC UI export; rows cannot be joined across dimensions; top-row and UI cap limitations apply.
VERIFIED_GSC_UI_SINGLE_DIMENSION,day90,2026-05-12,2026-08-09,sc-domain:fermatmind.com,web,page,https://fermatmind.com/en/personality/big-five/facets/compliance,0,23,0.0,7.65,465,1000,NOT_AVAILABLE_IN_UI_EXPORT,Single-dimension GSC UI export; rows cannot be joined across dimensions; top-row and UI cap limitations apply.
VERIFIED_GSC_UI_SINGLE_DIMENSION,day90,2026-05-12,2026-08-09,sc-domain:fermatmind.com,web,page,https://fermatmind.com/en/career/jobs/solar-photovoltaic-installers,0,23,0.0,8.43,466,1000,NOT_AVAILABLE_IN_UI_EXPORT,Single-dimension GSC UI export; rows cannot be joined across dimensions; top-row and UI cap limitations apply.
VERIFIED_GSC_UI_SINGLE_DIMENSION,day90,2026-05-12,2026-08-09,sc-domain:fermatmind.com,web,page,https://fermatmind.com/zh/career/jobs/craft-and-fine-artists,0,23,0.0,8.91,467,1000,NOT_AVAILABLE_IN_UI_EXPORT,Single-dimension GSC UI export; rows cannot be joined across dimensions; top-row and UI cap limitations apply.
VERIFIED_GSC_UI_SINGLE_DIMENSION,day90,2026-05-12,2026-08-09,sc-domain:fermatmind.com,web,page,https://fermatmind.com/zh/career/jobs/highway-maintenance-workers,0,23,0.0,9.0,468,1000,NOT_AVAILABLE_IN_UI_EXPORT,Single-dimension GSC UI export; rows cannot be joined across dimensions; top-row and UI cap limitations apply.
VERIFIED_GSC_UI_SINGLE_DIMENSION,day90,2026-05-12,2026-08-09,sc-domain:fermatmind.com,web,page,https://fermatmind.com/en/career/jobs/disc-jockeys-except-radio,0,23,0.0,9.04,469,1000,NOT_AVAILABLE_IN_UI_EXPORT,Single-dimension GSC UI export; rows cannot be joined across dimensions; top-row and UI cap limitations apply.
VERIFIED_GSC_UI_SINGLE_DIMENSION,day90,2026-05-12,2026-08-09,sc-domain:fermatmind.com,web,page,https://fermatmind.com/zh/career/jobs/medical-and-clinical-laboratory-technologists,0,23,0.0,10.96,470,1000,NOT_AVAILABLE_IN_UI_EXPORT,Single-dimension GSC UI export; rows cannot be joined across dimensions; top-row and UI cap limitations apply.
VERIFIED_GSC_UI_SINGLE_DIMENSION,day90,2026-05-12,2026-08-09,sc-domain:fermatmind.com,web,page,https://fermatmind.com/en/personality/enneagram/type-8/instincts/one-to-one,0,23,0.0,12.17,471,1000,NOT_AVAILABLE_IN_UI_EXPORT,Single-dimension GSC UI export; rows cannot be joined across dimensions; top-row and UI cap limitations apply.
VERIFIED_GSC_UI_SINGLE_DIMENSION,day90,2026-05-12,2026-08-09,sc-domain:fermatmind.com,web,page,https://fermatmind.com/zh/personality/big-five/facets/warmth,0,23,0.0,14.7,472,1000,NOT_AVAILABLE_IN_UI_EXPORT,Single-dimension GSC UI export; rows cannot be joined across dimensions; top-row and UI cap limitations apply.
VERIFIED_GSC_UI_SINGLE_DIMENSION,day90,2026-05-12,2026-08-09,sc-domain:fermatmind.com,web,page,https://fermatmind.com/en/personality/enneagram/type-4,0,23,0.0,24.83,473,1000,NOT_AVAILABLE_IN_UI_EXPORT,Single-dimension GSC UI export; rows cannot be joined across dimensions; top-row and UI cap limitations apply.
VERIFIED_GSC_UI_SINGLE_DIMENSION,day90,2026-05-12,2026-08-09,sc-domain:fermatmind.com,web,page,https://fermatmind.com/en/career/jobs/computer-automated-teller-and-office-machine-repairers,0,22,0.0,6.14,474,1000,NOT_AVAILABLE_IN_UI_EXPORT,Single-dimension GSC UI export; rows cannot be joined across dimensions; top-row and UI cap limitations apply.
VERIFIED_GSC_UI_SINGLE_DIMENSION,day90,2026-05-12,2026-08-09,sc-domain:fermatmind.com,web,page,https://fermatmind.com/en/career/jobs/inspectors-testers-sorters-samplers-and-weighers,0,22,0.0,7.5,475,1000,NOT_AVAILABLE_IN_UI_EXPORT,Single-dimension GSC UI export; rows cannot be joined across dimensions; top-row and UI cap limitations apply.
VERIFIED_GSC_UI_SINGLE_DIMENSION,day90,2026-05-12,2026-08-09,sc-domain:fermatmind.com,web,page,https://fermatmind.com/zh/career/jobs/ushers-lobby-attendants-and-ticket-takers,0,22,0.0,8.5,476,1000,NOT_AVAILABLE_IN_UI_EXPORT,Single-dimension GSC UI export; rows cannot be joined across dimensions; top-row and UI cap limitations apply.
VERIFIED_GSC_UI_SINGLE_DIMENSION,day90,2026-05-12,2026-08-09,sc-domain:fermatmind.com,web,page,https://fermatmind.com/zh/articles/holland-career-interest-test-can-and-cannot-tell-you,0,22,0.0,8.91,477,1000,NOT_AVAILABLE_IN_UI_EXPORT,Single-dimension GSC UI export; rows cannot be joined across dimensions; top-row and UI cap limitations apply.
VERIFIED_GSC_UI_SINGLE_DIMENSION,day90,2026-05-12,2026-08-09,sc-domain:fermatmind.com,web,page,https://fermatmind.com/en/career/jobs/textile-bleaching-and-dyeing-machine-operators-and-tenders,0,22,0.0,9.36,478,1000,NOT_AVAILABLE_IN_UI_EXPORT,Single-dimension GSC UI export; rows cannot be joined across dimensions; top-row and UI cap limitations apply.
VERIFIED_GSC_UI_SINGLE_DIMENSION,day90,2026-05-12,2026-08-09,sc-domain:fermatmind.com,web,page,https://fermatmind.com/zh/career/jobs/electrical-and-electronics-engineers,0,22,0.0,9.36,479,1000,NOT_AVAILABLE_IN_UI_EXPORT,Single-dimension GSC UI export; rows cannot be joined across dimensions; top-row and UI cap limitations apply.
VERIFIED_GSC_UI_SINGLE_DIMENSION,day90,2026-05-12,2026-08-09,sc-domain:fermatmind.com,web,page,https://fermatmind.com/en/personality/big-five/conscientiousness-low,0,22,0.0,10.77,480,1000,NOT_AVAILABLE_IN_UI_EXPORT,Single-dimension GSC UI export; rows cannot be joined across dimensions; top-row and UI cap limitations apply.
VERIFIED_GSC_UI_SINGLE_DIMENSION,day90,2026-05-12,2026-08-09,sc-domain:fermatmind.com,web,page,https://fermatmind.com/en/career/jobs/subway-and-streetcar-operators,0,22,0.0,11.45,481,1000,NOT_AVAILABLE_IN_UI_EXPORT,Single-dimension GSC UI export; rows cannot be joined across dimensions; top-row and UI cap limitations apply.
VERIFIED_GSC_UI_SINGLE_DIMENSION,day90,2026-05-12,2026-08-09,sc-domain:fermatmind.com,web,page,https://fermatmind.com/zh/career/jobs/judges-magistrate-judges-and-magistrates,0,22,0.0,12.18,482,1000,NOT_AVAILABLE_IN_UI_EXPORT,Single-dimension GSC UI export; rows cannot be joined across dimensions; top-row and UI cap limitations apply.
VERIFIED_GSC_UI_SINGLE_DIMENSION,day90,2026-05-12,2026-08-09,sc-domain:fermatmind.com,web,page,https://fermatmind.com/en/career/jobs/textile-knitting-and-weaving-machine-setters-operators-and-tenders,0,22,0.0,12.73,483,1000,NOT_AVAILABLE_IN_UI_EXPORT,Single-dimension GSC UI export; rows cannot be joined across dimensions; top-row and UI cap limitations apply.
VERIFIED_GSC_UI_SINGLE_DIMENSION,day90,2026-05-12,2026-08-09,sc-domain:fermatmind.com,web,page,https://fermatmind.com/en/career/jobs/fundraising-managers,0,22,0.0,13.5,484,1000,NOT_AVAILABLE_IN_UI_EXPORT,Single-dimension GSC UI export; rows cannot be joined across dimensions; top-row and UI cap limitations apply.
VERIFIED_GSC_UI_SINGLE_DIMENSION,day90,2026-05-12,2026-08-09,sc-domain:fermatmind.com,web,page,https://fermatmind.com/en/career/jobs/graphic-designers,0,22,0.0,13.55,485,1000,NOT_AVAILABLE_IN_UI_EXPORT,Single-dimension GSC UI export; rows cannot be joined across dimensions; top-row and UI cap limitations apply.
VERIFIED_GSC_UI_SINGLE_DIMENSION,day90,2026-05-12,2026-08-09,sc-domain:fermatmind.com,web,page,https://fermatmind.com/en/career/jobs/preschool-teachers,0,22,0.0,14.0,486,1000,NOT_AVAILABLE_IN_UI_EXPORT,Single-dimension GSC UI export; rows cannot be joined across dimensions; top-row and UI cap limitations apply.
VERIFIED_GSC_UI_SINGLE_DIMENSION,day90,2026-05-12,2026-08-09,sc-domain:fermatmind.com,web,page,https://fermatmind.com/en/personality/isfp-a,0,22,0.0,14.09,487,1000,NOT_AVAILABLE_IN_UI_EXPORT,Single-dimension GSC UI export; rows cannot be joined across dimensions; top-row and UI cap limitations apply.
VERIFIED_GSC_UI_SINGLE_DIMENSION,day90,2026-05-12,2026-08-09,sc-domain:fermatmind.com,web,page,https://fermatmind.com/en/career/jobs/first-line-supervisors-of-security-workers,0,22,0.0,14.82,488,1000,NOT_AVAILABLE_IN_UI_EXPORT,Single-dimension GSC UI export; rows cannot be joined across dimensions; top-row and UI cap limitations apply.
VERIFIED_GSC_UI_SINGLE_DIMENSION,day90,2026-05-12,2026-08-09,sc-domain:fermatmind.com,web,page,https://fermatmind.com/zh/career/jobs/animal-scientists,0,22,0.0,15.09,489,1000,NOT_AVAILABLE_IN_UI_EXPORT,Single-dimension GSC UI export; rows cannot be joined across dimensions; top-row and UI cap limitations apply.
VERIFIED_GSC_UI_SINGLE_DIMENSION,day90,2026-05-12,2026-08-09,sc-domain:fermatmind.com,web,page,https://fermatmind.com/zh/career/jobs/helpers-roofers,0,22,0.0,16.36,490,1000,NOT_AVAILABLE_IN_UI_EXPORT,Single-dimension GSC UI export; rows cannot be joined across dimensions; top-row and UI cap limitations apply.
VERIFIED_GSC_UI_SINGLE_DIMENSION,day90,2026-05-12,2026-08-09,sc-domain:fermatmind.com,web,page,https://fermatmind.com/zh/career/jobs/pharmacy-technicians,0,22,0.0,38.27,491,1000,NOT_AVAILABLE_IN_UI_EXPORT,Single-dimension GSC UI export; rows cannot be joined across dimensions; top-row and UI cap limitations apply.
VERIFIED_GSC_UI_SINGLE_DIMENSION,day90,2026-05-12,2026-08-09,sc-domain:fermatmind.com,web,page,https://fermatmind.com/zh/career/jobs/genetic-counselors,0,22,0.0,43.23,492,1000,NOT_AVAILABLE_IN_UI_EXPORT,Single-dimension GSC UI export; rows cannot be joined across dimensions; top-row and UI cap limitations apply.
VERIFIED_GSC_UI_SINGLE_DIMENSION,day90,2026-05-12,2026-08-09,sc-domain:fermatmind.com,web,page,https://fermatmind.com/en/career/jobs/property-real-estate-and-community-association-managers,0,21,0.0,6.14,493,1000,NOT_AVAILABLE_IN_UI_EXPORT,Single-dimension GSC UI export; rows cannot be joined across dimensions; top-row and UI cap limitations apply.
VERIFIED_GSC_UI_SINGLE_DIMENSION,day90,2026-05-12,2026-08-09,sc-domain:fermatmind.com,web,page,https://fermatmind.com/en/career/jobs/insurance-claims-and-policy-processing-clerks,0,21,0.0,7.67,494,1000,NOT_AVAILABLE_IN_UI_EXPORT,Single-dimension GSC UI export; rows cannot be joined across dimensions; top-row and UI cap limitations apply.
VERIFIED_GSC_UI_SINGLE_DIMENSION,day90,2026-05-12,2026-08-09,sc-domain:fermatmind.com,web,page,https://fermatmind.com/zh/career/jobs/social-and-human-service-assistants,0,21,0.0,8.71,495,1000,NOT_AVAILABLE_IN_UI_EXPORT,Single-dimension GSC UI export; rows cannot be joined across dimensions; top-row and UI cap limitations apply.
VERIFIED_GSC_UI_SINGLE_DIMENSION,day90,2026-05-12,2026-08-09,sc-domain:fermatmind.com,web,page,https://fermatmind.com/en/personality/big-five/facets/aesthetics,0,21,0.0,8.81,496,1000,NOT_AVAILABLE_IN_UI_EXPORT,Single-dimension GSC UI export; rows cannot be joined across dimensions; top-row and UI cap limitations apply.
VERIFIED_GSC_UI_SINGLE_DIMENSION,day90,2026-05-12,2026-08-09,sc-domain:fermatmind.com,web,page,https://fermatmind.com/en/career/jobs/psychiatric-technicians,0,21,0.0,9.1,497,1000,NOT_AVAILABLE_IN_UI_EXPORT,Single-dimension GSC UI export; rows cannot be joined across dimensions; top-row and UI cap limitations apply.
VERIFIED_GSC_UI_SINGLE_DIMENSION,day90,2026-05-12,2026-08-09,sc-domain:fermatmind.com,web,page,https://fermatmind.com/en/career/jobs/industrial-organizational-psychologists,0,21,0.0,10.1,498,1000,NOT_AVAILABLE_IN_UI_EXPORT,Single-dimension GSC UI export; rows cannot be joined across dimensions; top-row and UI cap limitations apply.
VERIFIED_GSC_UI_SINGLE_DIMENSION,day90,2026-05-12,2026-08-09,sc-domain:fermatmind.com,web,page,https://fermatmind.com/zh/career/jobs/police-identification-and-records-officers,0,21,0.0,11.62,499,1000,NOT_AVAILABLE_IN_UI_EXPORT,Single-dimension GSC UI export; rows cannot be joined across dimensions; top-row and UI cap limitations apply.
VERIFIED_GSC_UI_SINGLE_DIMENSION,day90,2026-05-12,2026-08-09,sc-domain:fermatmind.com,web,page,https://fermatmind.com/zh/career/jobs/architects,0,21,0.0,12.24,500,1000,NOT_AVAILABLE_IN_UI_EXPORT,Single-dimension GSC UI export; rows cannot be joined across dimensions; top-row and UI cap limitations apply.
VERIFIED_GSC_UI_SINGLE_DIMENSION,day90,2026-05-12,2026-08-09,sc-domain:fermatmind.com,web,page,https://fermatmind.com/zh/career/jobs/cartographers-and-photogrammetrists,0,21,0.0,13.05,501,1000,NOT_AVAILABLE_IN_UI_EXPORT,Single-dimension GSC UI export; rows cannot be joined across dimensions; top-row and UI cap limitations apply.
VERIFIED_GSC_UI_SINGLE_DIMENSION,day90,2026-05-12,2026-08-09,sc-domain:fermatmind.com,web,page,https://fermatmind.com/zh/articles/mbti-growth-guide,0,21,0.0,13.67,502,1000,NOT_AVAILABLE_IN_UI_EXPORT,Single-dimension GSC UI export; rows cannot be joined across dimensions; top-row and UI cap limitations apply.
VERIFIED_GSC_UI_SINGLE_DIMENSION,day90,2026-05-12,2026-08-09,sc-domain:fermatmind.com,web,page,https://fermatmind.com/zh/career/jobs/insulation-workers,0,21,0.0,13.67,503,1000,NOT_AVAILABLE_IN_UI_EXPORT,Single-dimension GSC UI export; rows cannot be joined across dimensions; top-row and UI cap limitations apply.
VERIFIED_GSC_UI_SINGLE_DIMENSION,day90,2026-05-12,2026-08-09,sc-domain:fermatmind.com,web,page,https://fermatmind.com/zh/career/jobs/floor-layers-except-carpet-wood-and-hard-tiles,0,21,0.0,14.43,504,1000,NOT_AVAILABLE_IN_UI_EXPORT,Single-dimension GSC UI export; rows cannot be joined across dimensions; top-row and UI cap limitations apply.
VERIFIED_GSC_UI_SINGLE_DIMENSION,day90,2026-05-12,2026-08-09,sc-domain:fermatmind.com,web,page,https://fermatmind.com/en/career/jobs/credit-analysts,0,21,0.0,14.9,505,1000,NOT_AVAILABLE_IN_UI_EXPORT,Single-dimension GSC UI export; rows cannot be joined across dimensions; top-row and UI cap limitations apply.
VERIFIED_GSC_UI_SINGLE_DIMENSION,day90,2026-05-12,2026-08-09,sc-domain:fermatmind.com,web,page,https://fermatmind.com/en/career/jobs/technical-writers,0,21,0.0,15.19,506,1000,NOT_AVAILABLE_IN_UI_EXPORT,Single-dimension GSC UI export; rows cannot be joined across dimensions; top-row and UI cap limitations apply.
VERIFIED_GSC_UI_SINGLE_DIMENSION,day90,2026-05-12,2026-08-09,sc-domain:fermatmind.com,web,page,https://fermatmind.com/zh/career/jobs/statistical-assistants,0,21,0.0,15.9,507,1000,NOT_AVAILABLE_IN_UI_EXPORT,Single-dimension GSC UI export; rows cannot be joined across dimensions; top-row and UI cap limitations apply.
VERIFIED_GSC_UI_SINGLE_DIMENSION,day90,2026-05-12,2026-08-09,sc-domain:fermatmind.com,web,page,https://fermatmind.com/zh/career/jobs/air-crew-members,0,21,0.0,17.38,508,1000,NOT_AVAILABLE_IN_UI_EXPORT,Single-dimension GSC UI export; rows cannot be joined across dimensions; top-row and UI cap limitations apply.
VERIFIED_GSC_UI_SINGLE_DIMENSION,day90,2026-05-12,2026-08-09,sc-domain:fermatmind.com,web,page,https://fermatmind.com/zh/career/jobs/physics-teachers-postsecondary,0,21,0.0,18.57,509,1000,NOT_AVAILABLE_IN_UI_EXPORT,Single-dimension GSC UI export; rows cannot be joined across dimensions; top-row and UI cap limitations apply.
VERIFIED_GSC_UI_SINGLE_DIMENSION,day90,2026-05-12,2026-08-09,sc-domain:fermatmind.com,web,page,https://fermatmind.com/zh/career/jobs/special-education-teachers,0,21,0.0,21.71,510,1000,NOT_AVAILABLE_IN_UI_EXPORT,Single-dimension GSC UI export; rows cannot be joined across dimensions; top-row and UI cap limitations apply.
VERIFIED_GSC_UI_SINGLE_DIMENSION,day90,2026-05-12,2026-08-09,sc-domain:fermatmind.com,web,page,https://fermatmind.com/en/career/jobs/social-workers,0,21,0.0,22.48,511,1000,NOT_AVAILABLE_IN_UI_EXPORT,Single-dimension GSC UI export; rows cannot be joined across dimensions; top-row and UI cap limitations apply.
VERIFIED_GSC_UI_SINGLE_DIMENSION,day90,2026-05-12,2026-08-09,sc-domain:fermatmind.com,web,page,https://fermatmind.com/en/career/jobs/agricultural-workers,0,21,0.0,23.43,512,1000,NOT_AVAILABLE_IN_UI_EXPORT,Single-dimension GSC UI export; rows cannot be joined across dimensions; top-row and UI cap limitations apply.
VERIFIED_GSC_UI_SINGLE_DIMENSION,day90,2026-05-12,2026-08-09,sc-domain:fermatmind.com,web,page,https://fermatmind.com/en/career/jobs/materials-engineers,0,20,0.0,7.8,513,1000,NOT_AVAILABLE_IN_UI_EXPORT,Single-dimension GSC UI export; rows cannot be joined across dimensions; top-row and UI cap limitations apply.
VERIFIED_GSC_UI_SINGLE_DIMENSION,day90,2026-05-12,2026-08-09,sc-domain:fermatmind.com,web,page,https://fermatmind.com/en/career/jobs/bicycle-repairers,0,20,0.0,8.15,514,1000,NOT_AVAILABLE_IN_UI_EXPORT,Single-dimension GSC UI export; rows cannot be joined across dimensions; top-row and UI cap limitations apply.
VERIFIED_GSC_UI_SINGLE_DIMENSION,day90,2026-05-12,2026-08-09,sc-domain:fermatmind.com,web,page,https://fermatmind.com/zh/career/jobs/social-workers,0,20,0.0,8.3,515,1000,NOT_AVAILABLE_IN_UI_EXPORT,Single-dimension GSC UI export; rows cannot be joined across dimensions; top-row and UI cap limitations apply.
VERIFIED_GSC_UI_SINGLE_DIMENSION,day90,2026-05-12,2026-08-09,sc-domain:fermatmind.com,web,page,https://fermatmind.com/en/career/jobs/demonstrators-and-product-promoters,0,20,0.0,8.7,516,1000,NOT_AVAILABLE_IN_UI_EXPORT,Single-dimension GSC UI export; rows cannot be joined across dimensions; top-row and UI cap limitations apply.
VERIFIED_GSC_UI_SINGLE_DIMENSION,day90,2026-05-12,2026-08-09,sc-domain:fermatmind.com,web,page,https://fermatmind.com/zh/career/jobs/mathematicians-and-statisticians,0,20,0.0,8.85,517,1000,NOT_AVAILABLE_IN_UI_EXPORT,Single-dimension GSC UI export; rows cannot be joined across dimensions; top-row and UI cap limitations apply.
VERIFIED_GSC_UI_SINGLE_DIMENSION,day90,2026-05-12,2026-08-09,sc-domain:fermatmind.com,web,page,https://fermatmind.com/en/career/jobs/first-line-supervisors-of-all-other-tactical-operations-specialists,0,20,0.0,9.55,518,1000,NOT_AVAILABLE_IN_UI_EXPORT,Single-dimension GSC UI export; rows cannot be joined across dimensions; top-row and UI cap limitations apply.
VERIFIED_GSC_UI_SINGLE_DIMENSION,day90,2026-05-12,2026-08-09,sc-domain:fermatmind.com,web,page,https://fermatmind.com/zh/personality/enneagram/wings/6w7,0,20,0.0,9.65,519,1000,NOT_AVAILABLE_IN_UI_EXPORT,Single-dimension GSC UI export; rows cannot be joined across dimensions; top-row and UI cap limitations apply.
VERIFIED_GSC_UI_SINGLE_DIMENSION,day90,2026-05-12,2026-08-09,sc-domain:fermatmind.com,web,page,https://fermatmind.com/zh/career/jobs/artillery-and-missile-crew-members,0,20,0.0,9.85,520,1000,NOT_AVAILABLE_IN_UI_EXPORT,Single-dimension GSC UI export; rows cannot be joined across dimensions; top-row and UI cap limitations apply.
VERIFIED_GSC_UI_SINGLE_DIMENSION,day90,2026-05-12,2026-08-09,sc-domain:fermatmind.com,web,page,https://fermatmind.com/en/career/jobs/rail-yard-engineers-dinkey-operators-and-hostlers,0,20,0.0,11.6,521,1000,NOT_AVAILABLE_IN_UI_EXPORT,Single-dimension GSC UI export; rows cannot be joined across dimensions; top-row and UI cap limitations apply.
VERIFIED_GSC_UI_SINGLE_DIMENSION,day90,2026-05-12,2026-08-09,sc-domain:fermatmind.com,web,page,https://fermatmind.com/en/articles/choose-career-using-personality-tests,0,20,0.0,13.4,522,1000,NOT_AVAILABLE_IN_UI_EXPORT,Single-dimension GSC UI export; rows cannot be joined across dimensions; top-row and UI cap limitations apply.
VERIFIED_GSC_UI_SINGLE_DIMENSION,day90,2026-05-12,2026-08-09,sc-domain:fermatmind.com,web,page,https://fermatmind.com/zh/career/guides/leader-track-vs-expert-track,0,20,0.0,14.35,523,1000,NOT_AVAILABLE_IN_UI_EXPORT,Single-dimension GSC UI export; rows cannot be joined across dimensions; top-row and UI cap limitations apply.
VERIFIED_GSC_UI_SINGLE_DIMENSION,day90,2026-05-12,2026-08-09,sc-domain:fermatmind.com,web,page,https://fermatmind.com/zh/career/jobs/career-and-technical-education-teachers,0,20,0.0,14.8,524,1000,NOT_AVAILABLE_IN_UI_EXPORT,Single-dimension GSC UI export; rows cannot be joined across dimensions; top-row and UI cap limitations apply.
VERIFIED_GSC_UI_SINGLE_DIMENSION,day90,2026-05-12,2026-08-09,sc-domain:fermatmind.com,web,page,https://fermatmind.com/en/career/jobs/low-vision-therapists-orientation-and-mobility-specialists-and-vision-rehabilitation-therapists,0,20,0.0,15.0,525,1000,NOT_AVAILABLE_IN_UI_EXPORT,Single-dimension GSC UI export; rows cannot be joined across dimensions; top-row and UI cap limitations apply.
VERIFIED_GSC_UI_SINGLE_DIMENSION,day90,2026-05-12,2026-08-09,sc-domain:fermatmind.com,web,page,https://fermatmind.com/zh/career/jobs/forensic-science-technicians,0,20,0.0,15.0,526,1000,NOT_AVAILABLE_IN_UI_EXPORT,Single-dimension GSC UI export; rows cannot be joined across dimensions; top-row and UI cap limitations apply.
VERIFIED_GSC_UI_SINGLE_DIMENSION,day90,2026-05-12,2026-08-09,sc-domain:fermatmind.com,web,page,https://fermatmind.com/zh/career/jobs/receptionists-and-information-clerks,0,20,0.0,15.1,527,1000,NOT_AVAILABLE_IN_UI_EXPORT,Single-dimension GSC UI export; rows cannot be joined across dimensions; top-row and UI cap limitations apply.
VERIFIED_GSC_UI_SINGLE_DIMENSION,day90,2026-05-12,2026-08-09,sc-domain:fermatmind.com,web,page,https://fermatmind.com/zh/career/jobs/models,0,20,0.0,16.15,528,1000,NOT_AVAILABLE_IN_UI_EXPORT,Single-dimension GSC UI export; rows cannot be joined across dimensions; top-row and UI cap limitations apply.
VERIFIED_GSC_UI_SINGLE_DIMENSION,day90,2026-05-12,2026-08-09,sc-domain:fermatmind.com,web,page,https://fermatmind.com/zh/career/jobs/spa-managers,0,20,0.0,19.95,529,1000,NOT_AVAILABLE_IN_UI_EXPORT,Single-dimension GSC UI export; rows cannot be joined across dimensions; top-row and UI cap limitations apply.
VERIFIED_GSC_UI_SINGLE_DIMENSION,day90,2026-05-12,2026-08-09,sc-domain:fermatmind.com,web,page,https://fermatmind.com/zh/career/jobs/refractory-materials-repairers-except-brickmasons,0,20,0.0,46.15,530,1000,NOT_AVAILABLE_IN_UI_EXPORT,Single-dimension GSC UI export; rows cannot be joined across dimensions; top-row and UI cap limitations apply.
VERIFIED_GSC_UI_SINGLE_DIMENSION,day90,2026-05-12,2026-08-09,sc-domain:fermatmind.com,web,page,https://fermatmind.com/en/item-design-notes,0,19,0.0,4.21,531,1000,NOT_AVAILABLE_IN_UI_EXPORT,Single-dimension GSC UI export; rows cannot be joined across dimensions; top-row and UI cap limitations apply.
VERIFIED_GSC_UI_SINGLE_DIMENSION,day90,2026-05-12,2026-08-09,sc-domain:fermatmind.com,web,page,https://fermatmind.com/zh/career/jobs/airline-and-commercial-pilots,0,19,0.0,7.47,532,1000,NOT_AVAILABLE_IN_UI_EXPORT,Single-dimension GSC UI export; rows cannot be joined across dimensions; top-row and UI cap limitations apply.
VERIFIED_GSC_UI_SINGLE_DIMENSION,day90,2026-05-12,2026-08-09,sc-domain:fermatmind.com,web,page,https://fermatmind.com/en/personality/enneagram/type-7/instincts/one-to-one,0,19,0.0,9.21,533,1000,NOT_AVAILABLE_IN_UI_EXPORT,Single-dimension GSC UI export; rows cannot be joined across dimensions; top-row and UI cap limitations apply.
VERIFIED_GSC_UI_SINGLE_DIMENSION,day90,2026-05-12,2026-08-09,sc-domain:fermatmind.com,web,page,https://fermatmind.com/en/career/jobs/mental-health-and-substance-abuse-social-workers,0,19,0.0,9.79,534,1000,NOT_AVAILABLE_IN_UI_EXPORT,Single-dimension GSC UI export; rows cannot be joined across dimensions; top-row and UI cap limitations apply.
VERIFIED_GSC_UI_SINGLE_DIMENSION,day90,2026-05-12,2026-08-09,sc-domain:fermatmind.com,web,page,https://fermatmind.com/en/career/jobs/buyers-and-purchasing-agents-farm-products,0,19,0.0,10.42,535,1000,NOT_AVAILABLE_IN_UI_EXPORT,Single-dimension GSC UI export; rows cannot be joined across dimensions; top-row and UI cap limitations apply.
VERIFIED_GSC_UI_SINGLE_DIMENSION,day90,2026-05-12,2026-08-09,sc-domain:fermatmind.com,web,page,https://fermatmind.com/en/career/jobs/paving-surfacing-and-tamping-equipment-operators,0,19,0.0,10.58,536,1000,NOT_AVAILABLE_IN_UI_EXPORT,Single-dimension GSC UI export; rows cannot be joined across dimensions; top-row and UI cap limitations apply.
VERIFIED_GSC_UI_SINGLE_DIMENSION,day90,2026-05-12,2026-08-09,sc-domain:fermatmind.com,web,page,https://fermatmind.com/en/career/jobs/advertising-promotions-and-marketing-managers,0,19,0.0,11.84,537,1000,NOT_AVAILABLE_IN_UI_EXPORT,Single-dimension GSC UI export; rows cannot be joined across dimensions; top-row and UI cap limitations apply.
VERIFIED_GSC_UI_SINGLE_DIMENSION,day90,2026-05-12,2026-08-09,sc-domain:fermatmind.com,web,page,https://fermatmind.com/zh/career/jobs/postal-service-clerks,0,19,0.0,12.21,538,1000,NOT_AVAILABLE_IN_UI_EXPORT,Single-dimension GSC UI export; rows cannot be joined across dimensions; top-row and UI cap limitations apply.
VERIFIED_GSC_UI_SINGLE_DIMENSION,day90,2026-05-12,2026-08-09,sc-domain:fermatmind.com,web,page,https://fermatmind.com/zh/career/jobs/first-line-supervisors-of-office-and-administrative-support-workers,0,19,0.0,12.37,539,1000,NOT_AVAILABLE_IN_UI_EXPORT,Single-dimension GSC UI export; rows cannot be joined across dimensions; top-row and UI cap limitations apply.
VERIFIED_GSC_UI_SINGLE_DIMENSION,day90,2026-05-12,2026-08-09,sc-domain:fermatmind.com,web,page,https://fermatmind.com/zh/career/jobs/rock-splitters-quarry,0,19,0.0,12.63,540,1000,NOT_AVAILABLE_IN_UI_EXPORT,Single-dimension GSC UI export; rows cannot be joined across dimensions; top-row and UI cap limitations apply.
VERIFIED_GSC_UI_SINGLE_DIMENSION,day90,2026-05-12,2026-08-09,sc-domain:fermatmind.com,web,page,https://fermatmind.com/zh/career/jobs/counter-and-rental-clerks,0,19,0.0,12.74,541,1000,NOT_AVAILABLE_IN_UI_EXPORT,Single-dimension GSC UI export; rows cannot be joined across dimensions; top-row and UI cap limitations apply.
VERIFIED_GSC_UI_SINGLE_DIMENSION,day90,2026-05-12,2026-08-09,sc-domain:fermatmind.com,web,page,https://fermatmind.com/zh/career/jobs/bus-drivers,0,19,0.0,14.21,542,1000,NOT_AVAILABLE_IN_UI_EXPORT,Single-dimension GSC UI export; rows cannot be joined across dimensions; top-row and UI cap limitations apply.
VERIFIED_GSC_UI_SINGLE_DIMENSION,day90,2026-05-12,2026-08-09,sc-domain:fermatmind.com,web,page,https://fermatmind.com/zh/career/jobs/helpers-pipelayers-plumbers-pipefitters-and-steamfitters,0,19,0.0,20.21,543,1000,NOT_AVAILABLE_IN_UI_EXPORT,Single-dimension GSC UI export; rows cannot be joined across dimensions; top-row and UI cap limitations apply.
VERIFIED_GSC_UI_SINGLE_DIMENSION,day90,2026-05-12,2026-08-09,sc-domain:fermatmind.com,web,page,https://fermatmind.com/zh/career/jobs/online-merchants,0,19,0.0,22.47,544,1000,NOT_AVAILABLE_IN_UI_EXPORT,Single-dimension GSC UI export; rows cannot be joined across dimensions; top-row and UI cap limitations apply.
VERIFIED_GSC_UI_SINGLE_DIMENSION,day90,2026-05-12,2026-08-09,sc-domain:fermatmind.com,web,page,https://fermatmind.com/zh/career/jobs/architecture-teachers-postsecondary,0,19,0.0,24.74,545,1000,NOT_AVAILABLE_IN_UI_EXPORT,Single-dimension GSC UI export; rows cannot be joined across dimensions; top-row and UI cap limitations apply.
VERIFIED_GSC_UI_SINGLE_DIMENSION,day90,2026-05-12,2026-08-09,sc-domain:fermatmind.com,web,page,https://fermatmind.com/en/career/jobs/signal-and-track-switch-repairers,0,19,0.0,25.37,546,1000,NOT_AVAILABLE_IN_UI_EXPORT,Single-dimension GSC UI export; rows cannot be joined across dimensions; top-row and UI cap limitations apply.
VERIFIED_GSC_UI_SINGLE_DIMENSION,day90,2026-05-12,2026-08-09,sc-domain:fermatmind.com,web,page,https://fermatmind.com/en/datasets/occupations,0,19,0.0,28.32,547,1000,NOT_AVAILABLE_IN_UI_EXPORT,Single-dimension GSC UI export; rows cannot be joined across dimensions; top-row and UI cap limitations apply.
VERIFIED_GSC_UI_SINGLE_DIMENSION,day90,2026-05-12,2026-08-09,sc-domain:fermatmind.com,web,page,https://fermatmind.com/en/career/jobs/fiberglass-laminators-and-fabricators,0,18,0.0,4.72,548,1000,NOT_AVAILABLE_IN_UI_EXPORT,Single-dimension GSC UI export; rows cannot be joined across dimensions; top-row and UI cap limitations apply.
VERIFIED_GSC_UI_SINGLE_DIMENSION,day90,2026-05-12,2026-08-09,sc-domain:fermatmind.com,web,page,https://fermatmind.com/zh/career/jobs/heat-treating-equipment-setters-operators-and-tenders-metal-and-plastic,0,18,0.0,4.94,549,1000,NOT_AVAILABLE_IN_UI_EXPORT,Single-dimension GSC UI export; rows cannot be joined across dimensions; top-row and UI cap limitations apply.
VERIFIED_GSC_UI_SINGLE_DIMENSION,day90,2026-05-12,2026-08-09,sc-domain:fermatmind.com,web,page,https://fermatmind.com/en/career/jobs/occupational-health-and-safety-technicians,0,18,0.0,6.89,550,1000,NOT_AVAILABLE_IN_UI_EXPORT,Single-dimension GSC UI export; rows cannot be joined across dimensions; top-row and UI cap limitations apply.
VERIFIED_GSC_UI_SINGLE_DIMENSION,day90,2026-05-12,2026-08-09,sc-domain:fermatmind.com,web,page,https://fermatmind.com/en/career/jobs/extruding-and-drawing-machine-setters-operators-and-tenders-metal-and-plastic,0,18,0.0,7.5,551,1000,NOT_AVAILABLE_IN_UI_EXPORT,Single-dimension GSC UI export; rows cannot be joined across dimensions; top-row and UI cap limitations apply.
VERIFIED_GSC_UI_SINGLE_DIMENSION,day90,2026-05-12,2026-08-09,sc-domain:fermatmind.com,web,page,https://fermatmind.com/zh/personality/big-five/facets/deliberation,0,18,0.0,7.5,552,1000,NOT_AVAILABLE_IN_UI_EXPORT,Single-dimension GSC UI export; rows cannot be joined across dimensions; top-row and UI cap limitations apply.
VERIFIED_GSC_UI_SINGLE_DIMENSION,day90,2026-05-12,2026-08-09,sc-domain:fermatmind.com,web,page,https://fermatmind.com/en/career/jobs/exercise-trainers-and-group-fitness-instructors,0,18,0.0,7.78,553,1000,NOT_AVAILABLE_IN_UI_EXPORT,Single-dimension GSC UI export; rows cannot be joined across dimensions; top-row and UI cap limitations apply.
VERIFIED_GSC_UI_SINGLE_DIMENSION,day90,2026-05-12,2026-08-09,sc-domain:fermatmind.com,web,page,https://fermatmind.com/en/personality/big-five/extraversion-high,0,18,0.0,8.17,554,1000,NOT_AVAILABLE_IN_UI_EXPORT,Single-dimension GSC UI export; rows cannot be joined across dimensions; top-row and UI cap limitations apply.
VERIFIED_GSC_UI_SINGLE_DIMENSION,day90,2026-05-12,2026-08-09,sc-domain:fermatmind.com,web,page,https://fermatmind.com/en/career/jobs/molecular-and-cellular-biologists,0,18,0.0,8.44,555,1000,NOT_AVAILABLE_IN_UI_EXPORT,Single-dimension GSC UI export; rows cannot be joined across dimensions; top-row and UI cap limitations apply.
VERIFIED_GSC_UI_SINGLE_DIMENSION,day90,2026-05-12,2026-08-09,sc-domain:fermatmind.com,web,page,https://fermatmind.com/en/career/jobs/search-marketing-strategists,0,18,0.0,8.56,556,1000,NOT_AVAILABLE_IN_UI_EXPORT,Single-dimension GSC UI export; rows cannot be joined across dimensions; top-row and UI cap limitations apply.
VERIFIED_GSC_UI_SINGLE_DIMENSION,day90,2026-05-12,2026-08-09,sc-domain:fermatmind.com,web,page,https://fermatmind.com/zh/career/jobs/laundry-and-dry-cleaning-workers,0,18,0.0,8.89,557,1000,NOT_AVAILABLE_IN_UI_EXPORT,Single-dimension GSC UI export; rows cannot be joined across dimensions; top-row and UI cap limitations apply.
VERIFIED_GSC_UI_SINGLE_DIMENSION,day90,2026-05-12,2026-08-09,sc-domain:fermatmind.com,web,page,https://fermatmind.com/en/career/jobs/tax-preparers,0,18,0.0,9.0,558,1000,NOT_AVAILABLE_IN_UI_EXPORT,Single-dimension GSC UI export; rows cannot be joined across dimensions; top-row and UI cap limitations apply.
VERIFIED_GSC_UI_SINGLE_DIMENSION,day90,2026-05-12,2026-08-09,sc-domain:fermatmind.com,web,page,https://fermatmind.com/zh/career/jobs/log-graders-and-scalers,0,18,0.0,9.5,559,1000,NOT_AVAILABLE_IN_UI_EXPORT,Single-dimension GSC UI export; rows cannot be joined across dimensions; top-row and UI cap limitations apply.
VERIFIED_GSC_UI_SINGLE_DIMENSION,day90,2026-05-12,2026-08-09,sc-domain:fermatmind.com,web,page,https://fermatmind.com/zh/career/jobs/costume-attendants,0,18,0.0,10.33,560,1000,NOT_AVAILABLE_IN_UI_EXPORT,Single-dimension GSC UI export; rows cannot be joined across dimensions; top-row and UI cap limitations apply.
VERIFIED_GSC_UI_SINGLE_DIMENSION,day90,2026-05-12,2026-08-09,sc-domain:fermatmind.com,web,page,https://fermatmind.com/en/career/jobs/septic-tank-servicers-and-sewer-pipe-cleaners,0,18,0.0,10.39,561,1000,NOT_AVAILABLE_IN_UI_EXPORT,Single-dimension GSC UI export; rows cannot be joined across dimensions; top-row and UI cap limitations apply.
VERIFIED_GSC_UI_SINGLE_DIMENSION,day90,2026-05-12,2026-08-09,sc-domain:fermatmind.com,web,page,https://fermatmind.com/en/career/jobs/childcare-workers,0,18,0.0,10.44,562,1000,NOT_AVAILABLE_IN_UI_EXPORT,Single-dimension GSC UI export; rows cannot be joined across dimensions; top-row and UI cap limitations apply.
VERIFIED_GSC_UI_SINGLE_DIMENSION,day90,2026-05-12,2026-08-09,sc-domain:fermatmind.com,web,page,https://fermatmind.com/en/career/jobs/aircraft-service-attendants,0,18,0.0,11.06,563,1000,NOT_AVAILABLE_IN_UI_EXPORT,Single-dimension GSC UI export; rows cannot be joined across dimensions; top-row and UI cap limitations apply.
VERIFIED_GSC_UI_SINGLE_DIMENSION,day90,2026-05-12,2026-08-09,sc-domain:fermatmind.com,web,page,https://fermatmind.com/en/career/jobs/pest-control-workers,0,18,0.0,11.39,564,1000,NOT_AVAILABLE_IN_UI_EXPORT,Single-dimension GSC UI export; rows cannot be joined across dimensions; top-row and UI cap limitations apply.
VERIFIED_GSC_UI_SINGLE_DIMENSION,day90,2026-05-12,2026-08-09,sc-domain:fermatmind.com,web,page,https://fermatmind.com/zh/career/jobs/fraud-examiners-investigators-and-analysts,0,18,0.0,11.67,565,1000,NOT_AVAILABLE_IN_UI_EXPORT,Single-dimension GSC UI export; rows cannot be joined across dimensions; top-row and UI cap limitations apply.
VERIFIED_GSC_UI_SINGLE_DIMENSION,day90,2026-05-12,2026-08-09,sc-domain:fermatmind.com,web,page,https://fermatmind.com/en/career/jobs/loss-prevention-managers,0,18,0.0,12.67,566,1000,NOT_AVAILABLE_IN_UI_EXPORT,Single-dimension GSC UI export; rows cannot be joined across dimensions; top-row and UI cap limitations apply.
VERIFIED_GSC_UI_SINGLE_DIMENSION,day90,2026-05-12,2026-08-09,sc-domain:fermatmind.com,web,page,https://fermatmind.com/zh/personality/big-five/facets/dutifulness,0,18,0.0,13.33,567,1000,NOT_AVAILABLE_IN_UI_EXPORT,Single-dimension GSC UI export; rows cannot be joined across dimensions; top-row and UI cap limitations apply.
VERIFIED_GSC_UI_SINGLE_DIMENSION,day90,2026-05-12,2026-08-09,sc-domain:fermatmind.com,web,page,https://fermatmind.com/en/career/jobs/psychology-teachers-postsecondary,0,18,0.0,13.39,568,1000,NOT_AVAILABLE_IN_UI_EXPORT,Single-dimension GSC UI export; rows cannot be joined across dimensions; top-row and UI cap limitations apply.
VERIFIED_GSC_UI_SINGLE_DIMENSION,day90,2026-05-12,2026-08-09,sc-domain:fermatmind.com,web,page,https://fermatmind.com/en/career/jobs/judges-magistrate-judges-and-magistrates,0,18,0.0,13.61,569,1000,NOT_AVAILABLE_IN_UI_EXPORT,Single-dimension GSC UI export; rows cannot be joined across dimensions; top-row and UI cap limitations apply.
VERIFIED_GSC_UI_SINGLE_DIMENSION,day90,2026-05-12,2026-08-09,sc-domain:fermatmind.com,web,page,https://fermatmind.com/en/career/jobs/media-technical-directors-managers,0,18,0.0,14.22,570,1000,NOT_AVAILABLE_IN_UI_EXPORT,Single-dimension GSC UI export; rows cannot be joined across dimensions; top-row and UI cap limitations apply.
VERIFIED_GSC_UI_SINGLE_DIMENSION,day90,2026-05-12,2026-08-09,sc-domain:fermatmind.com,web,page,https://fermatmind.com/en/career/jobs/carpet-installers,0,18,0.0,15.22,571,1000,NOT_AVAILABLE_IN_UI_EXPORT,Single-dimension GSC UI export; rows cannot be joined across dimensions; top-row and UI cap limitations apply.
VERIFIED_GSC_UI_SINGLE_DIMENSION,day90,2026-05-12,2026-08-09,sc-domain:fermatmind.com,web,page,https://fermatmind.com/en/career/jobs/nuclear-engineers,0,18,0.0,16.0,572,1000,NOT_AVAILABLE_IN_UI_EXPORT,Single-dimension GSC UI export; rows cannot be joined across dimensions; top-row and UI cap limitations apply.
VERIFIED_GSC_UI_SINGLE_DIMENSION,day90,2026-05-12,2026-08-09,sc-domain:fermatmind.com,web,page,https://fermatmind.com/en/career/jobs/acupuncturists,0,18,0.0,16.22,573,1000,NOT_AVAILABLE_IN_UI_EXPORT,Single-dimension GSC UI export; rows cannot be joined across dimensions; top-row and UI cap limitations apply.
VERIFIED_GSC_UI_SINGLE_DIMENSION,day90,2026-05-12,2026-08-09,sc-domain:fermatmind.com,web,page,https://fermatmind.com/zh/career/jobs/probation-officers-and-correctional-treatment-specialists,0,18,0.0,16.44,574,1000,NOT_AVAILABLE_IN_UI_EXPORT,Single-dimension GSC UI export; rows cannot be joined across dimensions; top-row and UI cap limitations apply.
VERIFIED_GSC_UI_SINGLE_DIMENSION,day90,2026-05-12,2026-08-09,sc-domain:fermatmind.com,web,page,https://fermatmind.com/en/career/jobs/loan-officers,0,18,0.0,22.06,575,1000,NOT_AVAILABLE_IN_UI_EXPORT,Single-dimension GSC UI export; rows cannot be joined across dimensions; top-row and UI cap limitations apply.
VERIFIED_GSC_UI_SINGLE_DIMENSION,day90,2026-05-12,2026-08-09,sc-domain:fermatmind.com,web,page,https://fermatmind.com/zh/personality/big-five/facets/imagination,0,17,0.0,7.59,576,1000,NOT_AVAILABLE_IN_UI_EXPORT,Single-dimension GSC UI export; rows cannot be joined across dimensions; top-row and UI cap limitations apply.
VERIFIED_GSC_UI_SINGLE_DIMENSION,day90,2026-05-12,2026-08-09,sc-domain:fermatmind.com,web,page,https://fermatmind.com/en/career/jobs/drywall-and-ceiling-tile-installers,0,17,0.0,8.41,577,1000,NOT_AVAILABLE_IN_UI_EXPORT,Single-dimension GSC UI export; rows cannot be joined across dimensions; top-row and UI cap limitations apply.
VERIFIED_GSC_UI_SINGLE_DIMENSION,day90,2026-05-12,2026-08-09,sc-domain:fermatmind.com,web,page,https://fermatmind.com/en/career/jobs/purchasing-managers,0,17,0.0,8.65,578,1000,NOT_AVAILABLE_IN_UI_EXPORT,Single-dimension GSC UI export; rows cannot be joined across dimensions; top-row and UI cap limitations apply.
VERIFIED_GSC_UI_SINGLE_DIMENSION,day90,2026-05-12,2026-08-09,sc-domain:fermatmind.com,web,page,https://fermatmind.com/en/career/jobs/nanotechnology-engineering-technologists-and-technicians,0,17,0.0,9.0,579,1000,NOT_AVAILABLE_IN_UI_EXPORT,Single-dimension GSC UI export; rows cannot be joined across dimensions; top-row and UI cap limitations apply.
VERIFIED_GSC_UI_SINGLE_DIMENSION,day90,2026-05-12,2026-08-09,sc-domain:fermatmind.com,web,page,https://fermatmind.com/zh/personality/big-five/neuroticism-mid,0,17,0.0,9.47,580,1000,NOT_AVAILABLE_IN_UI_EXPORT,Single-dimension GSC UI export; rows cannot be joined across dimensions; top-row and UI cap limitations apply.
VERIFIED_GSC_UI_SINGLE_DIMENSION,day90,2026-05-12,2026-08-09,sc-domain:fermatmind.com,web,page,https://fermatmind.com/en/career/jobs/intelligence-analysts,0,17,0.0,10.24,581,1000,NOT_AVAILABLE_IN_UI_EXPORT,Single-dimension GSC UI export; rows cannot be joined across dimensions; top-row and UI cap limitations apply.
VERIFIED_GSC_UI_SINGLE_DIMENSION,day90,2026-05-12,2026-08-09,sc-domain:fermatmind.com,web,page,https://fermatmind.com/zh/career/jobs/insulation-workers-mechanical,0,17,0.0,12.24,582,1000,NOT_AVAILABLE_IN_UI_EXPORT,Single-dimension GSC UI export; rows cannot be joined across dimensions; top-row and UI cap limitations apply.
VERIFIED_GSC_UI_SINGLE_DIMENSION,day90,2026-05-12,2026-08-09,sc-domain:fermatmind.com,web,page,https://fermatmind.com/en/career/jobs/firefighters,0,17,0.0,13.18,583,1000,NOT_AVAILABLE_IN_UI_EXPORT,Single-dimension GSC UI export; rows cannot be joined across dimensions; top-row and UI cap limitations apply.
VERIFIED_GSC_UI_SINGLE_DIMENSION,day90,2026-05-12,2026-08-09,sc-domain:fermatmind.com,web,page,https://fermatmind.com/en/career/jobs/cooling-and-freezing-equipment-operators-and-tenders,0,17,0.0,14.18,584,1000,NOT_AVAILABLE_IN_UI_EXPORT,Single-dimension GSC UI export; rows cannot be joined across dimensions; top-row and UI cap limitations apply.
VERIFIED_GSC_UI_SINGLE_DIMENSION,day90,2026-05-12,2026-08-09,sc-domain:fermatmind.com,web,page,https://fermatmind.com/en/career/jobs/furniture-finishers,0,17,0.0,14.24,585,1000,NOT_AVAILABLE_IN_UI_EXPORT,Single-dimension GSC UI export; rows cannot be joined across dimensions; top-row and UI cap limitations apply.
VERIFIED_GSC_UI_SINGLE_DIMENSION,day90,2026-05-12,2026-08-09,sc-domain:fermatmind.com,web,page,https://fermatmind.com/zh/career/jobs/hospitalists,0,17,0.0,18.53,586,1000,NOT_AVAILABLE_IN_UI_EXPORT,Single-dimension GSC UI export; rows cannot be joined across dimensions; top-row and UI cap limitations apply.
VERIFIED_GSC_UI_SINGLE_DIMENSION,day90,2026-05-12,2026-08-09,sc-domain:fermatmind.com,web,page,https://fermatmind.com/zh/career/jobs/helpers-carpenters,0,17,0.0,18.76,587,1000,NOT_AVAILABLE_IN_UI_EXPORT,Single-dimension GSC UI export; rows cannot be joined across dimensions; top-row and UI cap limitations apply.
VERIFIED_GSC_UI_SINGLE_DIMENSION,day90,2026-05-12,2026-08-09,sc-domain:fermatmind.com,web,page,https://fermatmind.com/zh/career/jobs/interviewers-except-eligibility-and-loan,0,17,0.0,22.24,588,1000,NOT_AVAILABLE_IN_UI_EXPORT,Single-dimension GSC UI export; rows cannot be joined across dimensions; top-row and UI cap limitations apply.
VERIFIED_GSC_UI_SINGLE_DIMENSION,day90,2026-05-12,2026-08-09,sc-domain:fermatmind.com,web,page,https://fermatmind.com/zh/career/jobs/secondary-school-teachers-except-special-and-career-technical-education,0,17,0.0,22.76,589,1000,NOT_AVAILABLE_IN_UI_EXPORT,Single-dimension GSC UI export; rows cannot be joined across dimensions; top-row and UI cap limitations apply.
VERIFIED_GSC_UI_SINGLE_DIMENSION,day90,2026-05-12,2026-08-09,sc-domain:fermatmind.com,web,page,https://fermatmind.com/zh/career/jobs/endoscopy-technicians,0,17,0.0,26.24,590,1000,NOT_AVAILABLE_IN_UI_EXPORT,Single-dimension GSC UI export; rows cannot be joined across dimensions; top-row and UI cap limitations apply.
VERIFIED_GSC_UI_SINGLE_DIMENSION,day90,2026-05-12,2026-08-09,sc-domain:fermatmind.com,web,page,https://fermatmind.com/zh/career/jobs/cabinetmakers-and-bench-carpenters,0,16,0.0,6.0,591,1000,NOT_AVAILABLE_IN_UI_EXPORT,Single-dimension GSC UI export; rows cannot be joined across dimensions; top-row and UI cap limitations apply.
VERIFIED_GSC_UI_SINGLE_DIMENSION,day90,2026-05-12,2026-08-09,sc-domain:fermatmind.com,web,page,https://fermatmind.com/en/personality/enneagram/centers/gut,0,16,0.0,6.69,592,1000,NOT_AVAILABLE_IN_UI_EXPORT,Single-dimension GSC UI export; rows cannot be joined across dimensions; top-row and UI cap limitations apply.
VERIFIED_GSC_UI_SINGLE_DIMENSION,day90,2026-05-12,2026-08-09,sc-domain:fermatmind.com,web,page,https://fermatmind.com/zh/articles/big-five-vs-disc-measurement-and-workplace-language,0,16,0.0,6.69,593,1000,NOT_AVAILABLE_IN_UI_EXPORT,Single-dimension GSC UI export; rows cannot be joined across dimensions; top-row and UI cap limitations apply.
VERIFIED_GSC_UI_SINGLE_DIMENSION,day90,2026-05-12,2026-08-09,sc-domain:fermatmind.com,web,page,https://fermatmind.com/en/career/jobs/area-ethnic-and-cultural-studies-teachers-postsecondary,0,16,0.0,7.19,594,1000,NOT_AVAILABLE_IN_UI_EXPORT,Single-dimension GSC UI export; rows cannot be joined across dimensions; top-row and UI cap limitations apply.
VERIFIED_GSC_UI_SINGLE_DIMENSION,day90,2026-05-12,2026-08-09,sc-domain:fermatmind.com,web,page,https://fermatmind.com/zh/career/jobs/aircraft-mechanics-and-service-technicians,0,16,0.0,7.31,595,1000,NOT_AVAILABLE_IN_UI_EXPORT,Single-dimension GSC UI export; rows cannot be joined across dimensions; top-row and UI cap limitations apply.
VERIFIED_GSC_UI_SINGLE_DIMENSION,day90,2026-05-12,2026-08-09,sc-domain:fermatmind.com,web,page,https://fermatmind.com/zh/career/jobs/health-information-technologists-and-medical-registrars,0,16,0.0,8.31,596,1000,NOT_AVAILABLE_IN_UI_EXPORT,Single-dimension GSC UI export; rows cannot be joined across dimensions; top-row and UI cap limitations apply.
VERIFIED_GSC_UI_SINGLE_DIMENSION,day90,2026-05-12,2026-08-09,sc-domain:fermatmind.com,web,page,https://fermatmind.com/en/personality/estj-a-vs-estj-t,0,16,0.0,8.56,597,1000,NOT_AVAILABLE_IN_UI_EXPORT,Single-dimension GSC UI export; rows cannot be joined across dimensions; top-row and UI cap limitations apply.
VERIFIED_GSC_UI_SINGLE_DIMENSION,day90,2026-05-12,2026-08-09,sc-domain:fermatmind.com,web,page,https://fermatmind.com/en/career/jobs/climate-change-policy-analysts,0,16,0.0,8.94,598,1000,NOT_AVAILABLE_IN_UI_EXPORT,Single-dimension GSC UI export; rows cannot be joined across dimensions; top-row and UI cap limitations apply.
VERIFIED_GSC_UI_SINGLE_DIMENSION,day90,2026-05-12,2026-08-09,sc-domain:fermatmind.com,web,page,https://fermatmind.com/zh/career/jobs/loan-officers,0,16,0.0,9.38,599,1000,NOT_AVAILABLE_IN_UI_EXPORT,Single-dimension GSC UI export; rows cannot be joined across dimensions; top-row and UI cap limitations apply.
VERIFIED_GSC_UI_SINGLE_DIMENSION,day90,2026-05-12,2026-08-09,sc-domain:fermatmind.com,web,page,https://fermatmind.com/zh/career/jobs/painting-and-coating-workers,0,16,0.0,9.62,600,1000,NOT_AVAILABLE_IN_UI_EXPORT,Single-dimension GSC UI export; rows cannot be joined across dimensions; top-row and UI cap limitations apply.
VERIFIED_GSC_UI_SINGLE_DIMENSION,day90,2026-05-12,2026-08-09,sc-domain:fermatmind.com,web,page,https://fermatmind.com/en/career/jobs/anthropology-and-archeology-teachers-postsecondary,0,16,0.0,9.75,601,1000,NOT_AVAILABLE_IN_UI_EXPORT,Single-dimension GSC UI export; rows cannot be joined across dimensions; top-row and UI cap limitations apply.
VERIFIED_GSC_UI_SINGLE_DIMENSION,day90,2026-05-12,2026-08-09,sc-domain:fermatmind.com,web,page,https://fermatmind.com/zh/career/jobs/orthopedic-surgeons-except-pediatric,0,16,0.0,9.81,602,1000,NOT_AVAILABLE_IN_UI_EXPORT,Single-dimension GSC UI export; rows cannot be joined across dimensions; top-row and UI cap limitations apply.
VERIFIED_GSC_UI_SINGLE_DIMENSION,day90,2026-05-12,2026-08-09,sc-domain:fermatmind.com,web,page,https://fermatmind.com/en/career/jobs/education-teachers-postsecondary,0,16,0.0,10.44,603,1000,NOT_AVAILABLE_IN_UI_EXPORT,Single-dimension GSC UI export; rows cannot be joined across dimensions; top-row and UI cap limitations apply.
VERIFIED_GSC_UI_SINGLE_DIMENSION,day90,2026-05-12,2026-08-09,sc-domain:fermatmind.com,web,page,https://fermatmind.com/en/career/jobs/cooks-short-order,0,16,0.0,10.75,604,1000,NOT_AVAILABLE_IN_UI_EXPORT,Single-dimension GSC UI export; rows cannot be joined across dimensions; top-row and UI cap limitations apply.
VERIFIED_GSC_UI_SINGLE_DIMENSION,day90,2026-05-12,2026-08-09,sc-domain:fermatmind.com,web,page,https://fermatmind.com/zh/career/jobs/first-line-supervisors-of-landscaping-lawn-service-and-groundskeeping-workers,0,16,0.0,11.62,605,1000,NOT_AVAILABLE_IN_UI_EXPORT,Single-dimension GSC UI export; rows cannot be joined across dimensions; top-row and UI cap limitations apply.
VERIFIED_GSC_UI_SINGLE_DIMENSION,day90,2026-05-12,2026-08-09,sc-domain:fermatmind.com,web,page,https://fermatmind.com/en/career/jobs/solar-energy-systems-engineers,0,16,0.0,12.56,606,1000,NOT_AVAILABLE_IN_UI_EXPORT,Single-dimension GSC UI export; rows cannot be joined across dimensions; top-row and UI cap limitations apply.
VERIFIED_GSC_UI_SINGLE_DIMENSION,day90,2026-05-12,2026-08-09,sc-domain:fermatmind.com,web,page,https://fermatmind.com/zh/career/jobs/ophthalmologists-except-pediatric,0,16,0.0,12.69,607,1000,NOT_AVAILABLE_IN_UI_EXPORT,Single-dimension GSC UI export; rows cannot be joined across dimensions; top-row and UI cap limitations apply.
VERIFIED_GSC_UI_SINGLE_DIMENSION,day90,2026-05-12,2026-08-09,sc-domain:fermatmind.com,web,page,https://fermatmind.com/en/career/jobs/geography-teachers-postsecondary,0,16,0.0,14.5,608,1000,NOT_AVAILABLE_IN_UI_EXPORT,Single-dimension GSC UI export; rows cannot be joined across dimensions; top-row and UI cap limitations apply.
VERIFIED_GSC_UI_SINGLE_DIMENSION,day90,2026-05-12,2026-08-09,sc-domain:fermatmind.com,web,page,https://fermatmind.com/zh/career/jobs/neurologists,0,16,0.0,15.88,609,1000,NOT_AVAILABLE_IN_UI_EXPORT,Single-dimension GSC UI export; rows cannot be joined across dimensions; top-row and UI cap limitations apply.
VERIFIED_GSC_UI_SINGLE_DIMENSION,day90,2026-05-12,2026-08-09,sc-domain:fermatmind.com,web,page,https://fermatmind.com/zh/career/jobs/sales-representatives-wholesale-and-manufacturing-except-technical-and-scientific-products,0,16,0.0,16.44,610,1000,NOT_AVAILABLE_IN_UI_EXPORT,Single-dimension GSC UI export; rows cannot be joined across dimensions; top-row and UI cap limitations apply.
VERIFIED_GSC_UI_SINGLE_DIMENSION,day90,2026-05-12,2026-08-09,sc-domain:fermatmind.com,web,page,https://fermatmind.com/zh/career/jobs/allergists-and-immunologists,0,16,0.0,19.06,611,1000,NOT_AVAILABLE_IN_UI_EXPORT,Single-dimension GSC UI export; rows cannot be joined across dimensions; top-row and UI cap limitations apply.
VERIFIED_GSC_UI_SINGLE_DIMENSION,day90,2026-05-12,2026-08-09,sc-domain:fermatmind.com,web,page,https://fermatmind.com/zh/career/jobs/wind-turbine-technicians,0,16,0.0,19.62,612,1000,NOT_AVAILABLE_IN_UI_EXPORT,Single-dimension GSC UI export; rows cannot be joined across dimensions; top-row and UI cap limitations apply.
VERIFIED_GSC_UI_SINGLE_DIMENSION,day90,2026-05-12,2026-08-09,sc-domain:fermatmind.com,web,page,https://fermatmind.com/zh/career/jobs/educational-guidance-and-career-counselors-and-advisors,0,16,0.0,20.75,613,1000,NOT_AVAILABLE_IN_UI_EXPORT,Single-dimension GSC UI export; rows cannot be joined across dimensions; top-row and UI cap limitations apply.
VERIFIED_GSC_UI_SINGLE_DIMENSION,day90,2026-05-12,2026-08-09,sc-domain:fermatmind.com,web,page,https://fermatmind.com/zh/career/jobs/flight-attendants,0,16,0.0,21.62,614,1000,NOT_AVAILABLE_IN_UI_EXPORT,Single-dimension GSC UI export; rows cannot be joined across dimensions; top-row and UI cap limitations apply.
VERIFIED_GSC_UI_SINGLE_DIMENSION,day90,2026-05-12,2026-08-09,sc-domain:fermatmind.com,web,page,https://fermatmind.com/en/career/jobs/embalmers,0,16,0.0,21.88,615,1000,NOT_AVAILABLE_IN_UI_EXPORT,Single-dimension GSC UI export; rows cannot be joined across dimensions; top-row and UI cap limitations apply.
VERIFIED_GSC_UI_SINGLE_DIMENSION,day90,2026-05-12,2026-08-09,sc-domain:fermatmind.com,web,page,https://fermatmind.com/zh/career/jobs/childcare-workers,0,16,0.0,22.56,616,1000,NOT_AVAILABLE_IN_UI_EXPORT,Single-dimension GSC UI export; rows cannot be joined across dimensions; top-row and UI cap limitations apply.
VERIFIED_GSC_UI_SINGLE_DIMENSION,day90,2026-05-12,2026-08-09,sc-domain:fermatmind.com,web,page,https://fermatmind.com/zh/personality/esfj,0,16,0.0,27.31,617,1000,NOT_AVAILABLE_IN_UI_EXPORT,Single-dimension GSC UI export; rows cannot be joined across dimensions; top-row and UI cap limitations apply.
VERIFIED_GSC_UI_SINGLE_DIMENSION,day90,2026-05-12,2026-08-09,sc-domain:fermatmind.com,web,page,https://fermatmind.com/zh/career/jobs/furniture-finishers,0,16,0.0,41.25,618,1000,NOT_AVAILABLE_IN_UI_EXPORT,Single-dimension GSC UI export; rows cannot be joined across dimensions; top-row and UI cap limitations apply.
VERIFIED_GSC_UI_SINGLE_DIMENSION,day90,2026-05-12,2026-08-09,sc-domain:fermatmind.com,web,page,https://fermatmind.com/en/personality/enneagram/type-9,0,16,0.0,55.38,619,1000,NOT_AVAILABLE_IN_UI_EXPORT,Single-dimension GSC UI export; rows cannot be joined across dimensions; top-row and UI cap limitations apply.
VERIFIED_GSC_UI_SINGLE_DIMENSION,day90,2026-05-12,2026-08-09,sc-domain:fermatmind.com,web,page,https://fermatmind.com/zh/personality/big-five/openness-low,0,15,0.0,6.87,620,1000,NOT_AVAILABLE_IN_UI_EXPORT,Single-dimension GSC UI export; rows cannot be joined across dimensions; top-row and UI cap limitations apply.
VERIFIED_GSC_UI_SINGLE_DIMENSION,day90,2026-05-12,2026-08-09,sc-domain:fermatmind.com,web,page,https://fermatmind.com/zh/career/jobs/first-line-supervisors-of-mechanics-installers-and-repairers,0,15,0.0,6.93,621,1000,NOT_AVAILABLE_IN_UI_EXPORT,Single-dimension GSC UI export; rows cannot be joined across dimensions; top-row and UI cap limitations apply.
VERIFIED_GSC_UI_SINGLE_DIMENSION,day90,2026-05-12,2026-08-09,sc-domain:fermatmind.com,web,page,https://fermatmind.com/zh/personality/enneagram/type-7/instincts/one-to-one,0,15,0.0,6.93,622,1000,NOT_AVAILABLE_IN_UI_EXPORT,Single-dimension GSC UI export; rows cannot be joined across dimensions; top-row and UI cap limitations apply.
VERIFIED_GSC_UI_SINGLE_DIMENSION,day90,2026-05-12,2026-08-09,sc-domain:fermatmind.com,web,page,https://fermatmind.com/en/articles/holland-career-interest-test-can-and-cannot-tell-you,0,15,0.0,8.0,623,1000,NOT_AVAILABLE_IN_UI_EXPORT,Single-dimension GSC UI export; rows cannot be joined across dimensions; top-row and UI cap limitations apply.
VERIFIED_GSC_UI_SINGLE_DIMENSION,day90,2026-05-12,2026-08-09,sc-domain:fermatmind.com,web,page,https://fermatmind.com/en/career/jobs/animal-caretakers,0,15,0.0,8.0,624,1000,NOT_AVAILABLE_IN_UI_EXPORT,Single-dimension GSC UI export; rows cannot be joined across dimensions; top-row and UI cap limitations apply.
VERIFIED_GSC_UI_SINGLE_DIMENSION,day90,2026-05-12,2026-08-09,sc-domain:fermatmind.com,web,page,https://fermatmind.com/en/career/jobs/compensation-and-benefits-managers,0,15,0.0,8.4,625,1000,NOT_AVAILABLE_IN_UI_EXPORT,Single-dimension GSC UI export; rows cannot be joined across dimensions; top-row and UI cap limitations apply.
VERIFIED_GSC_UI_SINGLE_DIMENSION,day90,2026-05-12,2026-08-09,sc-domain:fermatmind.com,web,page,https://fermatmind.com/en/personality/big-five/facets/impulsiveness,0,15,0.0,9.33,626,1000,NOT_AVAILABLE_IN_UI_EXPORT,Single-dimension GSC UI export; rows cannot be joined across dimensions; top-row and UI cap limitations apply.
VERIFIED_GSC_UI_SINGLE_DIMENSION,day90,2026-05-12,2026-08-09,sc-domain:fermatmind.com,web,page,https://fermatmind.com/zh/career/jobs/gaming-services-occupations,0,15,0.0,9.33,627,1000,NOT_AVAILABLE_IN_UI_EXPORT,Single-dimension GSC UI export; rows cannot be joined across dimensions; top-row and UI cap limitations apply.
VERIFIED_GSC_UI_SINGLE_DIMENSION,day90,2026-05-12,2026-08-09,sc-domain:fermatmind.com,web,page,https://fermatmind.com/en/personality/enneagram/type-5/instincts/one-to-one,0,15,0.0,10.0,628,1000,NOT_AVAILABLE_IN_UI_EXPORT,Single-dimension GSC UI export; rows cannot be joined across dimensions; top-row and UI cap limitations apply.
VERIFIED_GSC_UI_SINGLE_DIMENSION,day90,2026-05-12,2026-08-09,sc-domain:fermatmind.com,web,page,https://fermatmind.com/en/career/jobs/agricultural-engineers,0,15,0.0,10.2,629,1000,NOT_AVAILABLE_IN_UI_EXPORT,Single-dimension GSC UI export; rows cannot be joined across dimensions; top-row and UI cap limitations apply.
VERIFIED_GSC_UI_SINGLE_DIMENSION,day90,2026-05-12,2026-08-09,sc-domain:fermatmind.com,web,page,https://fermatmind.com/en/career/jobs/highway-maintenance-workers,0,15,0.0,10.4,630,1000,NOT_AVAILABLE_IN_UI_EXPORT,Single-dimension GSC UI export; rows cannot be joined across dimensions; top-row and UI cap limitations apply.
VERIFIED_GSC_UI_SINGLE_DIMENSION,day90,2026-05-12,2026-08-09,sc-domain:fermatmind.com,web,page,https://fermatmind.com/en/career/jobs/sawing-machine-setters-operators-and-tenders-wood,0,15,0.0,10.4,631,1000,NOT_AVAILABLE_IN_UI_EXPORT,Single-dimension GSC UI export; rows cannot be joined across dimensions; top-row and UI cap limitations apply.
VERIFIED_GSC_UI_SINGLE_DIMENSION,day90,2026-05-12,2026-08-09,sc-domain:fermatmind.com,web,page,https://fermatmind.com/en/career/jobs/biofuels-production-managers,0,15,0.0,10.93,632,1000,NOT_AVAILABLE_IN_UI_EXPORT,Single-dimension GSC UI export; rows cannot be joined across dimensions; top-row and UI cap limitations apply.
VERIFIED_GSC_UI_SINGLE_DIMENSION,day90,2026-05-12,2026-08-09,sc-domain:fermatmind.com,web,page,https://fermatmind.com/zh/career/jobs/librarians-and-media-collections-specialists,0,15,0.0,11.07,633,1000,NOT_AVAILABLE_IN_UI_EXPORT,Single-dimension GSC UI export; rows cannot be joined across dimensions; top-row and UI cap limitations apply.
VERIFIED_GSC_UI_SINGLE_DIMENSION,day90,2026-05-12,2026-08-09,sc-domain:fermatmind.com,web,page,https://fermatmind.com/zh/career/jobs/earth-drillers-except-oil-and-gas,0,15,0.0,11.2,634,1000,NOT_AVAILABLE_IN_UI_EXPORT,Single-dimension GSC UI export; rows cannot be joined across dimensions; top-row and UI cap limitations apply.
VERIFIED_GSC_UI_SINGLE_DIMENSION,day90,2026-05-12,2026-08-09,sc-domain:fermatmind.com,web,page,https://fermatmind.com/en/career/jobs/ophthalmologists-except-pediatric,0,15,0.0,12.93,635,1000,NOT_AVAILABLE_IN_UI_EXPORT,Single-dimension GSC UI export; rows cannot be joined across dimensions; top-row and UI cap limitations apply.
VERIFIED_GSC_UI_SINGLE_DIMENSION,day90,2026-05-12,2026-08-09,sc-domain:fermatmind.com,web,page,https://fermatmind.com/en/career/jobs/allergists-and-immunologists,0,15,0.0,15.07,636,1000,NOT_AVAILABLE_IN_UI_EXPORT,Single-dimension GSC UI export; rows cannot be joined across dimensions; top-row and UI cap limitations apply.
VERIFIED_GSC_UI_SINGLE_DIMENSION,day90,2026-05-12,2026-08-09,sc-domain:fermatmind.com,web,page,https://fermatmind.com/en/career/jobs/veterinary-assistants-and-laboratory-animal-caretakers,0,15,0.0,15.13,637,1000,NOT_AVAILABLE_IN_UI_EXPORT,Single-dimension GSC UI export; rows cannot be joined across dimensions; top-row and UI cap limitations apply.
VERIFIED_GSC_UI_SINGLE_DIMENSION,day90,2026-05-12,2026-08-09,sc-domain:fermatmind.com,web,page,https://fermatmind.com/en/career/jobs/customs-and-border-protection-officers,0,15,0.0,16.07,639,1000,NOT_AVAILABLE_IN_UI_EXPORT,Single-dimension GSC UI export; rows cannot be joined across dimensions; top-row and UI cap limitations apply.
VERIFIED_GSC_UI_SINGLE_DIMENSION,day90,2026-05-12,2026-08-09,sc-domain:fermatmind.com,web,page,https://fermatmind.com/zh/career/jobs/occupational-health-and-safety-specialists-and-technicians,0,14,0.0,5.36,640,1000,NOT_AVAILABLE_IN_UI_EXPORT,Single-dimension GSC UI export; rows cannot be joined across dimensions; top-row and UI cap limitations apply.
VERIFIED_GSC_UI_SINGLE_DIMENSION,day90,2026-05-12,2026-08-09,sc-domain:fermatmind.com,web,page,https://fermatmind.com/en/topics/mbti,0,14,0.0,5.43,641,1000,NOT_AVAILABLE_IN_UI_EXPORT,Single-dimension GSC UI export; rows cannot be joined across dimensions; top-row and UI cap limitations apply.
VERIFIED_GSC_UI_SINGLE_DIMENSION,day90,2026-05-12,2026-08-09,sc-domain:fermatmind.com,web,page,https://fermatmind.com/en/career/jobs/floor-layers-except-carpet-wood-and-hard-tiles,0,14,0.0,7.64,642,1000,NOT_AVAILABLE_IN_UI_EXPORT,Single-dimension GSC UI export; rows cannot be joined across dimensions; top-row and UI cap limitations apply.
VERIFIED_GSC_UI_SINGLE_DIMENSION,day90,2026-05-12,2026-08-09,sc-domain:fermatmind.com,web,page,https://fermatmind.com/zh/career/jobs/textile-winding-twisting-and-drawing-out-machine-setters-operators-and-tenders,0,14,0.0,8.93,643,1000,NOT_AVAILABLE_IN_UI_EXPORT,Single-dimension GSC UI export; rows cannot be joined across dimensions; top-row and UI cap limitations apply.
VERIFIED_GSC_UI_SINGLE_DIMENSION,day90,2026-05-12,2026-08-09,sc-domain:fermatmind.com,web,page,https://fermatmind.com/en/career/jobs/crane-and-tower-operators,0,14,0.0,9.14,644,1000,NOT_AVAILABLE_IN_UI_EXPORT,Single-dimension GSC UI export; rows cannot be joined across dimensions; top-row and UI cap limitations apply.
VERIFIED_GSC_UI_SINGLE_DIMENSION,day90,2026-05-12,2026-08-09,sc-domain:fermatmind.com,web,page,https://fermatmind.com/en/career/jobs/earth-drillers-except-oil-and-gas,0,14,0.0,10.21,645,1000,NOT_AVAILABLE_IN_UI_EXPORT,Single-dimension GSC UI export; rows cannot be joined across dimensions; top-row and UI cap limitations apply.
VERIFIED_GSC_UI_SINGLE_DIMENSION,day90,2026-05-12,2026-08-09,sc-domain:fermatmind.com,web,page,https://fermatmind.com/en/personality/istp-a,0,14,0.0,10.43,646,1000,NOT_AVAILABLE_IN_UI_EXPORT,Single-dimension GSC UI export; rows cannot be joined across dimensions; top-row and UI cap limitations apply.
VERIFIED_GSC_UI_SINGLE_DIMENSION,day90,2026-05-12,2026-08-09,sc-domain:fermatmind.com,web,page,https://fermatmind.com/en/career/jobs/agricultural-technicians,0,14,0.0,10.79,647,1000,NOT_AVAILABLE_IN_UI_EXPORT,Single-dimension GSC UI export; rows cannot be joined across dimensions; top-row and UI cap limitations apply.
VERIFIED_GSC_UI_SINGLE_DIMENSION,day90,2026-05-12,2026-08-09,sc-domain:fermatmind.com,web,page,https://fermatmind.com/en/career/jobs/dentists-all-other-specialists,0,14,0.0,11.21,648,1000,NOT_AVAILABLE_IN_UI_EXPORT,Single-dimension GSC UI export; rows cannot be joined across dimensions; top-row and UI cap limitations apply.
VERIFIED_GSC_UI_SINGLE_DIMENSION,day90,2026-05-12,2026-08-09,sc-domain:fermatmind.com,web,page,https://fermatmind.com/en/career/jobs/medical-and-clinical-laboratory-technologists,0,14,0.0,11.29,649,1000,NOT_AVAILABLE_IN_UI_EXPORT,Single-dimension GSC UI export; rows cannot be joined across dimensions; top-row and UI cap limitations apply.
VERIFIED_GSC_UI_SINGLE_DIMENSION,day90,2026-05-12,2026-08-09,sc-domain:fermatmind.com,web,page,https://fermatmind.com/zh/career/jobs/biofuels-production-managers,0,14,0.0,12.36,650,1000,NOT_AVAILABLE_IN_UI_EXPORT,Single-dimension GSC UI export; rows cannot be joined across dimensions; top-row and UI cap limitations apply.
VERIFIED_GSC_UI_SINGLE_DIMENSION,day90,2026-05-12,2026-08-09,sc-domain:fermatmind.com,web,page,https://fermatmind.com/en/career/jobs/health-specialties-teachers-postsecondary,0,14,0.0,14.36,651,1000,NOT_AVAILABLE_IN_UI_EXPORT,Single-dimension GSC UI export; rows cannot be joined across dimensions; top-row and UI cap limitations apply.
VERIFIED_GSC_UI_SINGLE_DIMENSION,day90,2026-05-12,2026-08-09,sc-domain:fermatmind.com,web,page,https://fermatmind.com/zh/career/jobs/tax-examiners-and-collectors-and-revenue-agents,0,14,0.0,14.79,652,1000,NOT_AVAILABLE_IN_UI_EXPORT,Single-dimension GSC UI export; rows cannot be joined across dimensions; top-row and UI cap limitations apply.
VERIFIED_GSC_UI_SINGLE_DIMENSION,day90,2026-05-12,2026-08-09,sc-domain:fermatmind.com,web,page,https://fermatmind.com/en/career/jobs/electrical-and-electronics-drafters,0,14,0.0,15.14,653,1000,NOT_AVAILABLE_IN_UI_EXPORT,Single-dimension GSC UI export; rows cannot be joined across dimensions; top-row and UI cap limitations apply.
VERIFIED_GSC_UI_SINGLE_DIMENSION,day90,2026-05-12,2026-08-09,sc-domain:fermatmind.com,web,page,https://fermatmind.com/zh/career/jobs/gas-compressor-and-gas-pumping-station-operators,0,14,0.0,17.64,654,1000,NOT_AVAILABLE_IN_UI_EXPORT,Single-dimension GSC UI export; rows cannot be joined across dimensions; top-row and UI cap limitations apply.
VERIFIED_GSC_UI_SINGLE_DIMENSION,day90,2026-05-12,2026-08-09,sc-domain:fermatmind.com,web,page,https://fermatmind.com/en/career/jobs/transit-and-railroad-police,0,14,0.0,20.0,655,1000,NOT_AVAILABLE_IN_UI_EXPORT,Single-dimension GSC UI export; rows cannot be joined across dimensions; top-row and UI cap limitations apply.
VERIFIED_GSC_UI_SINGLE_DIMENSION,day90,2026-05-12,2026-08-09,sc-domain:fermatmind.com,web,page,https://fermatmind.com/zh/career/jobs/tax-preparers,0,14,0.0,20.21,656,1000,NOT_AVAILABLE_IN_UI_EXPORT,Single-dimension GSC UI export; rows cannot be joined across dimensions; top-row and UI cap limitations apply.
VERIFIED_GSC_UI_SINGLE_DIMENSION,day90,2026-05-12,2026-08-09,sc-domain:fermatmind.com,web,page,https://fermatmind.com/zh/career/jobs/molecular-and-cellular-biologists,0,14,0.0,23.43,657,1000,NOT_AVAILABLE_IN_UI_EXPORT,Single-dimension GSC UI export; rows cannot be joined across dimensions; top-row and UI cap limitations apply.
VERIFIED_GSC_UI_SINGLE_DIMENSION,day90,2026-05-12,2026-08-09,sc-domain:fermatmind.com,web,page,https://fermatmind.com/zh/career/jobs/textile-knitting-and-weaving-machine-setters-operators-and-tenders,0,14,0.0,63.64,658,1000,NOT_AVAILABLE_IN_UI_EXPORT,Single-dimension GSC UI export; rows cannot be joined across dimensions; top-row and UI cap limitations apply.
VERIFIED_GSC_UI_SINGLE_DIMENSION,day90,2026-05-12,2026-08-09,sc-domain:fermatmind.com,web,page,https://fermatmind.com/en/career/jobs/architecture-teachers-postsecondary,0,13,0.0,7.69,659,1000,NOT_AVAILABLE_IN_UI_EXPORT,Single-dimension GSC UI export; rows cannot be joined across dimensions; top-row and UI cap limitations apply.
VERIFIED_GSC_UI_SINGLE_DIMENSION,day90,2026-05-12,2026-08-09,sc-domain:fermatmind.com,web,page,https://fermatmind.com/en/career/jobs/power-plant-operators,0,13,0.0,7.77,660,1000,NOT_AVAILABLE_IN_UI_EXPORT,Single-dimension GSC UI export; rows cannot be joined across dimensions; top-row and UI cap limitations apply.
VERIFIED_GSC_UI_SINGLE_DIMENSION,day90,2026-05-12,2026-08-09,sc-domain:fermatmind.com,web,page,https://fermatmind.com/en/career/jobs/nurse-anesthetists,0,13,0.0,8.31,661,1000,NOT_AVAILABLE_IN_UI_EXPORT,Single-dimension GSC UI export; rows cannot be joined across dimensions; top-row and UI cap limitations apply.
VERIFIED_GSC_UI_SINGLE_DIMENSION,day90,2026-05-12,2026-08-09,sc-domain:fermatmind.com,web,page,https://fermatmind.com/en/career/jobs/transportation-planners,0,13,0.0,9.08,662,1000,NOT_AVAILABLE_IN_UI_EXPORT,Single-dimension GSC UI export; rows cannot be joined across dimensions; top-row and UI cap limitations apply.
VERIFIED_GSC_UI_SINGLE_DIMENSION,day90,2026-05-12,2026-08-09,sc-domain:fermatmind.com,web,page,https://fermatmind.com/en/career/jobs/emts-and-paramedics,0,13,0.0,9.23,663,1000,NOT_AVAILABLE_IN_UI_EXPORT,Single-dimension GSC UI export; rows cannot be joined across dimensions; top-row and UI cap limitations apply.
VERIFIED_GSC_UI_SINGLE_DIMENSION,day90,2026-05-12,2026-08-09,sc-domain:fermatmind.com,web,page,https://fermatmind.com/en/career/jobs/business-continuity-planners,0,13,0.0,10.69,664,1000,NOT_AVAILABLE_IN_UI_EXPORT,Single-dimension GSC UI export; rows cannot be joined across dimensions; top-row and UI cap limitations apply.
VERIFIED_GSC_UI_SINGLE_DIMENSION,day90,2026-05-12,2026-08-09,sc-domain:fermatmind.com,web,page,https://fermatmind.com/en/career/jobs/audio-and-video-technicians,0,13,0.0,11.31,665,1000,NOT_AVAILABLE_IN_UI_EXPORT,Single-dimension GSC UI export; rows cannot be joined across dimensions; top-row and UI cap limitations apply.
VERIFIED_GSC_UI_SINGLE_DIMENSION,day90,2026-05-12,2026-08-09,sc-domain:fermatmind.com,web,page,https://fermatmind.com/zh/career/jobs/directors-religious-activities-and-education,0,13,0.0,11.38,666,1000,NOT_AVAILABLE_IN_UI_EXPORT,Single-dimension GSC UI export; rows cannot be joined across dimensions; top-row and UI cap limitations apply.
VERIFIED_GSC_UI_SINGLE_DIMENSION,day90,2026-05-12,2026-08-09,sc-domain:fermatmind.com,web,page,https://fermatmind.com/zh/career/jobs/computer-programmers,0,13,0.0,11.77,667,1000,NOT_AVAILABLE_IN_UI_EXPORT,Single-dimension GSC UI export; rows cannot be joined across dimensions; top-row and UI cap limitations apply.
VERIFIED_GSC_UI_SINGLE_DIMENSION,day90,2026-05-12,2026-08-09,sc-domain:fermatmind.com,web,page,https://fermatmind.com/zh/career/jobs/demonstrators-and-product-promoters,0,13,0.0,12.0,668,1000,NOT_AVAILABLE_IN_UI_EXPORT,Single-dimension GSC UI export; rows cannot be joined across dimensions; top-row and UI cap limitations apply.
VERIFIED_GSC_UI_SINGLE_DIMENSION,day90,2026-05-12,2026-08-09,sc-domain:fermatmind.com,web,page,https://fermatmind.com/en/career/jobs/models,0,13,0.0,12.08,669,1000,NOT_AVAILABLE_IN_UI_EXPORT,Single-dimension GSC UI export; rows cannot be joined across dimensions; top-row and UI cap limitations apply.
VERIFIED_GSC_UI_SINGLE_DIMENSION,day90,2026-05-12,2026-08-09,sc-domain:fermatmind.com,web,page,https://fermatmind.com/zh/personality/enneagram/type-1/instincts/self-preservation,0,13,0.0,12.62,670,1000,NOT_AVAILABLE_IN_UI_EXPORT,Single-dimension GSC UI export; rows cannot be joined across dimensions; top-row and UI cap limitations apply.
VERIFIED_GSC_UI_SINGLE_DIMENSION,day90,2026-05-12,2026-08-09,sc-domain:fermatmind.com,web,page,https://fermatmind.com/zh/career/jobs/textile-bleaching-and-dyeing-machine-operators-and-tenders,0,13,0.0,13.46,671,1000,NOT_AVAILABLE_IN_UI_EXPORT,Single-dimension GSC UI export; rows cannot be joined across dimensions; top-row and UI cap limitations apply.
VERIFIED_GSC_UI_SINGLE_DIMENSION,day90,2026-05-12,2026-08-09,sc-domain:fermatmind.com,web,page,https://fermatmind.com/zh/career/jobs/first-line-supervisors-of-security-workers,0,13,0.0,14.0,672,1000,NOT_AVAILABLE_IN_UI_EXPORT,Single-dimension GSC UI export; rows cannot be joined across dimensions; top-row and UI cap limitations apply.
VERIFIED_GSC_UI_SINGLE_DIMENSION,day90,2026-05-12,2026-08-09,sc-domain:fermatmind.com,web,page,https://fermatmind.com/zh/career/jobs/extruding-and-drawing-machine-setters-operators-and-tenders-metal-and-plastic,0,13,0.0,14.08,673,1000,NOT_AVAILABLE_IN_UI_EXPORT,Single-dimension GSC UI export; rows cannot be joined across dimensions; top-row and UI cap limitations apply.
VERIFIED_GSC_UI_SINGLE_DIMENSION,day90,2026-05-12,2026-08-09,sc-domain:fermatmind.com,web,page,https://fermatmind.com/zh/career/jobs/electrical-and-electronics-drafters,0,13,0.0,14.46,674,1000,NOT_AVAILABLE_IN_UI_EXPORT,Single-dimension GSC UI export; rows cannot be joined across dimensions; top-row and UI cap limitations apply.
VERIFIED_GSC_UI_SINGLE_DIMENSION,day90,2026-05-12,2026-08-09,sc-domain:fermatmind.com,web,page,https://fermatmind.com/en/career/jobs/insulation-workers-mechanical,0,13,0.0,15.23,675,1000,NOT_AVAILABLE_IN_UI_EXPORT,Single-dimension GSC UI export; rows cannot be joined across dimensions; top-row and UI cap limitations apply.
VERIFIED_GSC_UI_SINGLE_DIMENSION,day90,2026-05-12,2026-08-09,sc-domain:fermatmind.com,web,page,https://fermatmind.com/zh/career/jobs/skincare-specialists,0,13,0.0,18.23,676,1000,NOT_AVAILABLE_IN_UI_EXPORT,Single-dimension GSC UI export; rows cannot be joined across dimensions; top-row and UI cap limitations apply.
VERIFIED_GSC_UI_SINGLE_DIMENSION,day90,2026-05-12,2026-08-09,sc-domain:fermatmind.com,web,page,https://fermatmind.com/zh/career/jobs/medical-equipment-repairers,0,13,0.0,19.0,677,1000,NOT_AVAILABLE_IN_UI_EXPORT,Single-dimension GSC UI export; rows cannot be joined across dimensions; top-row and UI cap limitations apply.
VERIFIED_GSC_UI_SINGLE_DIMENSION,day90,2026-05-12,2026-08-09,sc-domain:fermatmind.com,web,page,https://fermatmind.com/en/career/jobs/solar-thermal-installers-and-technicians,0,13,0.0,20.85,678,1000,NOT_AVAILABLE_IN_UI_EXPORT,Single-dimension GSC UI export; rows cannot be joined across dimensions; top-row and UI cap limitations apply.
VERIFIED_GSC_UI_SINGLE_DIMENSION,day90,2026-05-12,2026-08-09,sc-domain:fermatmind.com,web,page,https://fermatmind.com/zh/personality/big-five/facets/values,0,13,0.0,21.69,679,1000,NOT_AVAILABLE_IN_UI_EXPORT,Single-dimension GSC UI export; rows cannot be joined across dimensions; top-row and UI cap limitations apply.
VERIFIED_GSC_UI_SINGLE_DIMENSION,day90,2026-05-12,2026-08-09,sc-domain:fermatmind.com,web,page,https://fermatmind.com/zh/career/jobs/survey-researchers,0,13,0.0,22.15,680,1000,NOT_AVAILABLE_IN_UI_EXPORT,Single-dimension GSC UI export; rows cannot be joined across dimensions; top-row and UI cap limitations apply.
VERIFIED_GSC_UI_SINGLE_DIMENSION,day90,2026-05-12,2026-08-09,sc-domain:fermatmind.com,web,page,https://fermatmind.com/en/career/jobs/telecommunications-engineering-specialists,0,12,0.0,5.25,681,1000,NOT_AVAILABLE_IN_UI_EXPORT,Single-dimension GSC UI export; rows cannot be joined across dimensions; top-row and UI cap limitations apply.
VERIFIED_GSC_UI_SINGLE_DIMENSION,day90,2026-05-12,2026-08-09,sc-domain:fermatmind.com,web,page,https://fermatmind.com/en/career/jobs/pourers-and-casters-metal,0,12,0.0,7.75,682,1000,NOT_AVAILABLE_IN_UI_EXPORT,Single-dimension GSC UI export; rows cannot be joined across dimensions; top-row and UI cap limitations apply.
VERIFIED_GSC_UI_SINGLE_DIMENSION,day90,2026-05-12,2026-08-09,sc-domain:fermatmind.com,web,page,https://fermatmind.com/zh/career/jobs/training-and-development-managers,0,12,0.0,9.33,683,1000,NOT_AVAILABLE_IN_UI_EXPORT,Single-dimension GSC UI export; rows cannot be joined across dimensions; top-row and UI cap limitations apply.
VERIFIED_GSC_UI_SINGLE_DIMENSION,day90,2026-05-12,2026-08-09,sc-domain:fermatmind.com,web,page,https://fermatmind.com/en/career/jobs/health-information-technologists-and-medical-registrars,0,12,0.0,9.58,684,1000,NOT_AVAILABLE_IN_UI_EXPORT,Single-dimension GSC UI export; rows cannot be joined across dimensions; top-row and UI cap limitations apply.
VERIFIED_GSC_UI_SINGLE_DIMENSION,day90,2026-05-12,2026-08-09,sc-domain:fermatmind.com,web,page,https://fermatmind.com/en/career/jobs/heat-treating-equipment-setters-operators-and-tenders-metal-and-plastic,0,12,0.0,9.58,685,1000,NOT_AVAILABLE_IN_UI_EXPORT,Single-dimension GSC UI export; rows cannot be joined across dimensions; top-row and UI cap limitations apply.
VERIFIED_GSC_UI_SINGLE_DIMENSION,day90,2026-05-12,2026-08-09,sc-domain:fermatmind.com,web,page,https://fermatmind.com/en/articles/which-love-script-fits-you-best,0,12,0.0,9.67,686,1000,NOT_AVAILABLE_IN_UI_EXPORT,Single-dimension GSC UI export; rows cannot be joined across dimensions; top-row and UI cap limitations apply.
VERIFIED_GSC_UI_SINGLE_DIMENSION,day90,2026-05-12,2026-08-09,sc-domain:fermatmind.com,web,page,https://fermatmind.com/zh/career/jobs/rail-yard-engineers-dinkey-operators-and-hostlers,0,12,0.0,14.25,687,1000,NOT_AVAILABLE_IN_UI_EXPORT,Single-dimension GSC UI export; rows cannot be joined across dimensions; top-row and UI cap limitations apply.
VERIFIED_GSC_UI_SINGLE_DIMENSION,day90,2026-05-12,2026-08-09,sc-domain:fermatmind.com,web,page,https://fermatmind.com/zh/personality/enneagram/type-3,0,12,0.0,14.75,688,1000,NOT_AVAILABLE_IN_UI_EXPORT,Single-dimension GSC UI export; rows cannot be joined across dimensions; top-row and UI cap limitations apply.
VERIFIED_GSC_UI_SINGLE_DIMENSION,day90,2026-05-12,2026-08-09,sc-domain:fermatmind.com,web,page,https://fermatmind.com/en/career/jobs/talent-directors,0,12,0.0,17.0,689,1000,NOT_AVAILABLE_IN_UI_EXPORT,Single-dimension GSC UI export; rows cannot be joined across dimensions; top-row and UI cap limitations apply.
VERIFIED_GSC_UI_SINGLE_DIMENSION,day90,2026-05-12,2026-08-09,sc-domain:fermatmind.com,web,page,https://fermatmind.com/zh/career/jobs/title-examiners-abstractors-and-searchers,0,12,0.0,24.67,690,1000,NOT_AVAILABLE_IN_UI_EXPORT,Single-dimension GSC UI export; rows cannot be joined across dimensions; top-row and UI cap limitations apply.
VERIFIED_GSC_UI_SINGLE_DIMENSION,day90,2026-05-12,2026-08-09,sc-domain:fermatmind.com,web,page,https://fermatmind.com/zh/career/jobs/nuclear-technicians,0,12,0.0,26.92,691,1000,NOT_AVAILABLE_IN_UI_EXPORT,Single-dimension GSC UI export; rows cannot be joined across dimensions; top-row and UI cap limitations apply.
VERIFIED_GSC_UI_SINGLE_DIMENSION,day90,2026-05-12,2026-08-09,sc-domain:fermatmind.com,web,page,https://fermatmind.com/tests/eq-test-emotional-intelligence-assessment-情商测试,0,12,0.0,75.67,693,1000,NOT_AVAILABLE_IN_UI_EXPORT,Single-dimension GSC UI export; rows cannot be joined across dimensions; top-row and UI cap limitations apply.
VERIFIED_GSC_UI_SINGLE_DIMENSION,day90,2026-05-12,2026-08-09,sc-domain:fermatmind.com,web,page,https://fermatmind.com/zh/articles/ocean-traits-what-the-five-letters-mean,0,11,0.0,6.18,694,1000,NOT_AVAILABLE_IN_UI_EXPORT,Single-dimension GSC UI export; rows cannot be joined across dimensions; top-row and UI cap limitations apply.
VERIFIED_GSC_UI_SINGLE_DIMENSION,day90,2026-05-12,2026-08-09,sc-domain:fermatmind.com,web,page,https://fermatmind.com/zh/career/jobs/postmasters-and-mail-superintendents,0,11,0.0,6.55,695,1000,NOT_AVAILABLE_IN_UI_EXPORT,Single-dimension GSC UI export; rows cannot be joined across dimensions; top-row and UI cap limitations apply.
VERIFIED_GSC_UI_SINGLE_DIMENSION,day90,2026-05-12,2026-08-09,sc-domain:fermatmind.com,web,page,https://fermatmind.com/en/career/jobs/locker-room-coatroom-and-dressing-room-attendants,0,11,0.0,6.64,696,1000,NOT_AVAILABLE_IN_UI_EXPORT,Single-dimension GSC UI export; rows cannot be joined across dimensions; top-row and UI cap limitations apply.
VERIFIED_GSC_UI_SINGLE_DIMENSION,day90,2026-05-12,2026-08-09,sc-domain:fermatmind.com,web,page,https://fermatmind.com/en/career/jobs/directors-religious-activities-and-education,0,11,0.0,7.91,698,1000,NOT_AVAILABLE_IN_UI_EXPORT,Single-dimension GSC UI export; rows cannot be joined across dimensions; top-row and UI cap limitations apply.
VERIFIED_GSC_UI_SINGLE_DIMENSION,day90,2026-05-12,2026-08-09,sc-domain:fermatmind.com,web,page,https://fermatmind.com/zh/articles/big-five-couples-conversation-not-relationship-prediction,0,11,0.0,7.91,699,1000,NOT_AVAILABLE_IN_UI_EXPORT,Single-dimension GSC UI export; rows cannot be joined across dimensions; top-row and UI cap limitations apply.
VERIFIED_GSC_UI_SINGLE_DIMENSION,day90,2026-05-12,2026-08-09,sc-domain:fermatmind.com,web,page,https://fermatmind.com/en/career/jobs/residential-advisors,0,11,0.0,8.27,700,1000,NOT_AVAILABLE_IN_UI_EXPORT,Single-dimension GSC UI export; rows cannot be joined across dimensions; top-row and UI cap limitations apply.
VERIFIED_GSC_UI_SINGLE_DIMENSION,day90,2026-05-12,2026-08-09,sc-domain:fermatmind.com,web,page,https://fermatmind.com/en/career/jobs/cutters-and-trimmers-hand,0,11,0.0,8.55,701,1000,NOT_AVAILABLE_IN_UI_EXPORT,Single-dimension GSC UI export; rows cannot be joined across dimensions; top-row and UI cap limitations apply.
VERIFIED_GSC_UI_SINGLE_DIMENSION,day90,2026-05-12,2026-08-09,sc-domain:fermatmind.com,web,page,https://fermatmind.com/zh/personality/big-five/facets/positive-emotions,0,11,0.0,8.73,702,1000,NOT_AVAILABLE_IN_UI_EXPORT,Single-dimension GSC UI export; rows cannot be joined across dimensions; top-row and UI cap limitations apply.
VERIFIED_GSC_UI_SINGLE_DIMENSION,day90,2026-05-12,2026-08-09,sc-domain:fermatmind.com,web,page,https://fermatmind.com/en/career/jobs/geothermal-technicians,0,11,0.0,8.82,703,1000,NOT_AVAILABLE_IN_UI_EXPORT,Single-dimension GSC UI export; rows cannot be joined across dimensions; top-row and UI cap limitations apply.
VERIFIED_GSC_UI_SINGLE_DIMENSION,day90,2026-05-12,2026-08-09,sc-domain:fermatmind.com,web,page,https://fermatmind.com/en/career/jobs/molders-shapers-and-casters-except-metal-and-plastic,0,11,0.0,9.64,704,1000,NOT_AVAILABLE_IN_UI_EXPORT,Single-dimension GSC UI export; rows cannot be joined across dimensions; top-row and UI cap limitations apply.
VERIFIED_GSC_UI_SINGLE_DIMENSION,day90,2026-05-12,2026-08-09,sc-domain:fermatmind.com,web,page,https://fermatmind.com/en/career/jobs/air-crew-members,0,11,0.0,9.73,705,1000,NOT_AVAILABLE_IN_UI_EXPORT,Single-dimension GSC UI export; rows cannot be joined across dimensions; top-row and UI cap limitations apply.
VERIFIED_GSC_UI_SINGLE_DIMENSION,day90,2026-05-12,2026-08-09,sc-domain:fermatmind.com,web,page,https://fermatmind.com/en/career/jobs/first-line-supervisors-of-passenger-attendants,0,11,0.0,10.0,706,1000,NOT_AVAILABLE_IN_UI_EXPORT,Single-dimension GSC UI export; rows cannot be joined across dimensions; top-row and UI cap limitations apply.
VERIFIED_GSC_UI_SINGLE_DIMENSION,day90,2026-05-12,2026-08-09,sc-domain:fermatmind.com,web,page,https://fermatmind.com/en/brand,0,11,0.0,10.09,707,1000,NOT_AVAILABLE_IN_UI_EXPORT,Single-dimension GSC UI export; rows cannot be joined across dimensions; top-row and UI cap limitations apply.
VERIFIED_GSC_UI_SINGLE_DIMENSION,day90,2026-05-12,2026-08-09,sc-domain:fermatmind.com,web,page,https://fermatmind.com/en/personality/istj-a,0,11,0.0,11.73,708,1000,NOT_AVAILABLE_IN_UI_EXPORT,Single-dimension GSC UI export; rows cannot be joined across dimensions; top-row and UI cap limitations apply.
VERIFIED_GSC_UI_SINGLE_DIMENSION,day90,2026-05-12,2026-08-09,sc-domain:fermatmind.com,web,page,https://fermatmind.com/zh/personality/big-five/conscientiousness-low,0,11,0.0,12.91,709,1000,NOT_AVAILABLE_IN_UI_EXPORT,Single-dimension GSC UI export; rows cannot be joined across dimensions; top-row and UI cap limitations apply.
VERIFIED_GSC_UI_SINGLE_DIMENSION,day90,2026-05-12,2026-08-09,sc-domain:fermatmind.com,web,page,https://fermatmind.com/en/career/jobs/home-health-aides,0,11,0.0,13.73,710,1000,NOT_AVAILABLE_IN_UI_EXPORT,Single-dimension GSC UI export; rows cannot be joined across dimensions; top-row and UI cap limitations apply.
VERIFIED_GSC_UI_SINGLE_DIMENSION,day90,2026-05-12,2026-08-09,sc-domain:fermatmind.com,web,page,https://fermatmind.com/zh/career/jobs/web-and-digital-interface-designers,0,11,0.0,14.0,711,1000,NOT_AVAILABLE_IN_UI_EXPORT,Single-dimension GSC UI export; rows cannot be joined across dimensions; top-row and UI cap limitations apply.
VERIFIED_GSC_UI_SINGLE_DIMENSION,day90,2026-05-12,2026-08-09,sc-domain:fermatmind.com,web,page,https://fermatmind.com/en/personality/esfj-a,0,11,0.0,14.73,712,1000,NOT_AVAILABLE_IN_UI_EXPORT,Single-dimension GSC UI export; rows cannot be joined across dimensions; top-row and UI cap limitations apply.
VERIFIED_GSC_UI_SINGLE_DIMENSION,day90,2026-05-12,2026-08-09,sc-domain:fermatmind.com,web,page,https://fermatmind.com/en/career/jobs/wind-turbine-technicians,0,11,0.0,16.82,713,1000,NOT_AVAILABLE_IN_UI_EXPORT,Single-dimension GSC UI export; rows cannot be joined across dimensions; top-row and UI cap limitations apply.
VERIFIED_GSC_UI_SINGLE_DIMENSION,day90,2026-05-12,2026-08-09,sc-domain:fermatmind.com,web,page,https://fermatmind.com/zh/personality/big-five/facets/feelings,0,11,0.0,17.91,714,1000,NOT_AVAILABLE_IN_UI_EXPORT,Single-dimension GSC UI export; rows cannot be joined across dimensions; top-row and UI cap limitations apply.
VERIFIED_GSC_UI_SINGLE_DIMENSION,day90,2026-05-12,2026-08-09,sc-domain:fermatmind.com,web,page,https://fermatmind.com/en/career/jobs/parts-salespersons,0,11,0.0,18.27,715,1000,NOT_AVAILABLE_IN_UI_EXPORT,Single-dimension GSC UI export; rows cannot be joined across dimensions; top-row and UI cap limitations apply.
VERIFIED_GSC_UI_SINGLE_DIMENSION,day90,2026-05-12,2026-08-09,sc-domain:fermatmind.com,web,page,https://fermatmind.com/en/personality/entj-a,0,11,0.0,18.73,716,1000,NOT_AVAILABLE_IN_UI_EXPORT,Single-dimension GSC UI export; rows cannot be joined across dimensions; top-row and UI cap limitations apply.
VERIFIED_GSC_UI_SINGLE_DIMENSION,day90,2026-05-12,2026-08-09,sc-domain:fermatmind.com,web,page,https://fermatmind.com/en/career/jobs/nurse-midwives,0,11,0.0,19.36,717,1000,NOT_AVAILABLE_IN_UI_EXPORT,Single-dimension GSC UI export; rows cannot be joined across dimensions; top-row and UI cap limitations apply.
VERIFIED_GSC_UI_SINGLE_DIMENSION,day90,2026-05-12,2026-08-09,sc-domain:fermatmind.com,web,page,https://fermatmind.com/zh/career/jobs/sewing-machine-operators,0,11,0.0,19.45,718,1000,NOT_AVAILABLE_IN_UI_EXPORT,Single-dimension GSC UI export; rows cannot be joined across dimensions; top-row and UI cap limitations apply.
VERIFIED_GSC_UI_SINGLE_DIMENSION,day90,2026-05-12,2026-08-09,sc-domain:fermatmind.com,web,page,https://fermatmind.com/zh/common-misconceptions,0,11,0.0,20.09,719,1000,NOT_AVAILABLE_IN_UI_EXPORT,Single-dimension GSC UI export; rows cannot be joined across dimensions; top-row and UI cap limitations apply.
VERIFIED_GSC_UI_SINGLE_DIMENSION,day90,2026-05-12,2026-08-09,sc-domain:fermatmind.com,web,page,https://fermatmind.com/zh/career/jobs/histology-technicians,0,11,0.0,22.09,720,1000,NOT_AVAILABLE_IN_UI_EXPORT,Single-dimension GSC UI export; rows cannot be joined across dimensions; top-row and UI cap limitations apply.
VERIFIED_GSC_UI_SINGLE_DIMENSION,day90,2026-05-12,2026-08-09,sc-domain:fermatmind.com,web,page,https://fermatmind.com/zh/career/jobs/prepress-technicians-and-workers,0,11,0.0,23.82,721,1000,NOT_AVAILABLE_IN_UI_EXPORT,Single-dimension GSC UI export; rows cannot be joined across dimensions; top-row and UI cap limitations apply.
VERIFIED_GSC_UI_SINGLE_DIMENSION,day90,2026-05-12,2026-08-09,sc-domain:fermatmind.com,web,page,https://fermatmind.com/zh/career/jobs/patient-representatives,0,11,0.0,24.91,722,1000,NOT_AVAILABLE_IN_UI_EXPORT,Single-dimension GSC UI export; rows cannot be joined across dimensions; top-row and UI cap limitations apply.
VERIFIED_GSC_UI_SINGLE_DIMENSION,day90,2026-05-12,2026-08-09,sc-domain:fermatmind.com,web,page,https://fermatmind.com/en/career/jobs/spa-managers,0,11,0.0,25.27,723,1000,NOT_AVAILABLE_IN_UI_EXPORT,Single-dimension GSC UI export; rows cannot be joined across dimensions; top-row and UI cap limitations apply.
VERIFIED_GSC_UI_SINGLE_DIMENSION,day90,2026-05-12,2026-08-09,sc-domain:fermatmind.com,web,page,https://fermatmind.com/zh/career/jobs/dredge-operators,0,11,0.0,25.82,724,1000,NOT_AVAILABLE_IN_UI_EXPORT,Single-dimension GSC UI export; rows cannot be joined across dimensions; top-row and UI cap limitations apply.
VERIFIED_GSC_UI_SINGLE_DIMENSION,day90,2026-05-12,2026-08-09,sc-domain:fermatmind.com,web,page,https://fermatmind.com/en/career/jobs/motion-picture-projectionists,0,10,0.0,6.6,725,1000,NOT_AVAILABLE_IN_UI_EXPORT,Single-dimension GSC UI export; rows cannot be joined across dimensions; top-row and UI cap limitations apply.
VERIFIED_GSC_UI_SINGLE_DIMENSION,day90,2026-05-12,2026-08-09,sc-domain:fermatmind.com,web,page,https://fermatmind.com/en/career/jobs/rehabilitation-counselors,0,10,0.0,6.9,726,1000,NOT_AVAILABLE_IN_UI_EXPORT,Single-dimension GSC UI export; rows cannot be joined across dimensions; top-row and UI cap limitations apply.
VERIFIED_GSC_UI_SINGLE_DIMENSION,day90,2026-05-12,2026-08-09,sc-domain:fermatmind.com,web,page,https://fermatmind.com/en/career/jobs/radio-frequency-identification-device-specialists,0,10,0.0,7.1,727,1000,NOT_AVAILABLE_IN_UI_EXPORT,Single-dimension GSC UI export; rows cannot be joined across dimensions; top-row and UI cap limitations apply.
VERIFIED_GSC_UI_SINGLE_DIMENSION,day90,2026-05-12,2026-08-09,sc-domain:fermatmind.com,web,page,https://fermatmind.com/zh/career/guides/build-portfolio-for-career-switch,0,10,0.0,8.0,728,1000,NOT_AVAILABLE_IN_UI_EXPORT,Single-dimension GSC UI export; rows cannot be joined across dimensions; top-row and UI cap limitations apply.
VERIFIED_GSC_UI_SINGLE_DIMENSION,day90,2026-05-12,2026-08-09,sc-domain:fermatmind.com,web,page,https://fermatmind.com/zh/career/jobs/human-factors-engineers-and-ergonomists,0,10,0.0,8.1,729,1000,NOT_AVAILABLE_IN_UI_EXPORT,Single-dimension GSC UI export; rows cannot be joined across dimensions; top-row and UI cap limitations apply.
VERIFIED_GSC_UI_SINGLE_DIMENSION,day90,2026-05-12,2026-08-09,sc-domain:fermatmind.com,web,page,https://fermatmind.com/en/career/jobs/graders-and-sorters-agricultural-products,0,10,0.0,8.4,730,1000,NOT_AVAILABLE_IN_UI_EXPORT,Single-dimension GSC UI export; rows cannot be joined across dimensions; top-row and UI cap limitations apply.
VERIFIED_GSC_UI_SINGLE_DIMENSION,day90,2026-05-12,2026-08-09,sc-domain:fermatmind.com,web,page,https://fermatmind.com/en/career/jobs/helpers-carpenters,0,10,0.0,9.3,731,1000,NOT_AVAILABLE_IN_UI_EXPORT,Single-dimension GSC UI export; rows cannot be joined across dimensions; top-row and UI cap limitations apply.
VERIFIED_GSC_UI_SINGLE_DIMENSION,day90,2026-05-12,2026-08-09,sc-domain:fermatmind.com,web,page,https://fermatmind.com/zh/career/jobs/excavating-and-loading-machine-and-dragline-operators-surface-mining,0,10,0.0,9.3,732,1000,NOT_AVAILABLE_IN_UI_EXPORT,Single-dimension GSC UI export; rows cannot be joined across dimensions; top-row and UI cap limitations apply.
VERIFIED_GSC_UI_SINGLE_DIMENSION,day90,2026-05-12,2026-08-09,sc-domain:fermatmind.com,web,page,https://fermatmind.com/en/personality/big-five/facets/imagination,0,10,0.0,9.4,733,1000,NOT_AVAILABLE_IN_UI_EXPORT,Single-dimension GSC UI export; rows cannot be joined across dimensions; top-row and UI cap limitations apply.
VERIFIED_GSC_UI_SINGLE_DIMENSION,day90,2026-05-12,2026-08-09,sc-domain:fermatmind.com,web,page,https://fermatmind.com/en/career/jobs/photonics-technicians,0,10,0.0,9.6,734,1000,NOT_AVAILABLE_IN_UI_EXPORT,Single-dimension GSC UI export; rows cannot be joined across dimensions; top-row and UI cap limitations apply.
VERIFIED_GSC_UI_SINGLE_DIMENSION,day90,2026-05-12,2026-08-09,sc-domain:fermatmind.com,web,page,https://fermatmind.com/en/career/jobs/sports-medicine-physicians,0,10,0.0,9.7,735,1000,NOT_AVAILABLE_IN_UI_EXPORT,Single-dimension GSC UI export; rows cannot be joined across dimensions; top-row and UI cap limitations apply.
VERIFIED_GSC_UI_SINGLE_DIMENSION,day90,2026-05-12,2026-08-09,sc-domain:fermatmind.com,web,page,https://fermatmind.com/en/career/jobs/surveyors,0,10,0.0,11.0,736,1000,NOT_AVAILABLE_IN_UI_EXPORT,Single-dimension GSC UI export; rows cannot be joined across dimensions; top-row and UI cap limitations apply.
VERIFIED_GSC_UI_SINGLE_DIMENSION,day90,2026-05-12,2026-08-09,sc-domain:fermatmind.com,web,page,https://fermatmind.com/en/career/jobs/geological-technicians-except-hydrologic-technicians,0,10,0.0,11.1,737,1000,NOT_AVAILABLE_IN_UI_EXPORT,Single-dimension GSC UI export; rows cannot be joined across dimensions; top-row and UI cap limitations apply.
VERIFIED_GSC_UI_SINGLE_DIMENSION,day90,2026-05-12,2026-08-09,sc-domain:fermatmind.com,web,page,https://fermatmind.com/en/career/jobs/zoologists-and-wildlife-biologists,0,10,0.0,11.5,738,1000,NOT_AVAILABLE_IN_UI_EXPORT,Single-dimension GSC UI export; rows cannot be joined across dimensions; top-row and UI cap limitations apply.
VERIFIED_GSC_UI_SINGLE_DIMENSION,day90,2026-05-12,2026-08-09,sc-domain:fermatmind.com,web,page,https://fermatmind.com/zh/career/jobs/recreational-therapists,0,10,0.0,11.5,739,1000,NOT_AVAILABLE_IN_UI_EXPORT,Single-dimension GSC UI export; rows cannot be joined across dimensions; top-row and UI cap limitations apply.
VERIFIED_GSC_UI_SINGLE_DIMENSION,day90,2026-05-12,2026-08-09,sc-domain:fermatmind.com,web,page,https://fermatmind.com/en/career/jobs/broadcast-announcers-and-radio-disc-jockeys,0,10,0.0,11.6,740,1000,NOT_AVAILABLE_IN_UI_EXPORT,Single-dimension GSC UI export; rows cannot be joined across dimensions; top-row and UI cap limitations apply.
VERIFIED_GSC_UI_SINGLE_DIMENSION,day90,2026-05-12,2026-08-09,sc-domain:fermatmind.com,web,page,https://fermatmind.com/zh/career/jobs/special-education-teachers-middle-school,0,10,0.0,11.9,741,1000,NOT_AVAILABLE_IN_UI_EXPORT,Single-dimension GSC UI export; rows cannot be joined across dimensions; top-row and UI cap limitations apply.
VERIFIED_GSC_UI_SINGLE_DIMENSION,day90,2026-05-12,2026-08-09,sc-domain:fermatmind.com,web,page,https://fermatmind.com/en/career/jobs/janitors-and-building-cleaners,0,10,0.0,14.1,743,1000,NOT_AVAILABLE_IN_UI_EXPORT,Single-dimension GSC UI export; rows cannot be joined across dimensions; top-row and UI cap limitations apply.
VERIFIED_GSC_UI_SINGLE_DIMENSION,day90,2026-05-12,2026-08-09,sc-domain:fermatmind.com,web,page,https://fermatmind.com/en/career/jobs/prepress-technicians-and-workers,0,10,0.0,14.2,744,1000,NOT_AVAILABLE_IN_UI_EXPORT,Single-dimension GSC UI export; rows cannot be joined across dimensions; top-row and UI cap limitations apply.
VERIFIED_GSC_UI_SINGLE_DIMENSION,day90,2026-05-12,2026-08-09,sc-domain:fermatmind.com,web,page,https://fermatmind.com/en/career/jobs/podiatrists,0,10,0.0,14.6,745,1000,NOT_AVAILABLE_IN_UI_EXPORT,Single-dimension GSC UI export; rows cannot be joined across dimensions; top-row and UI cap limitations apply.
VERIFIED_GSC_UI_SINGLE_DIMENSION,day90,2026-05-12,2026-08-09,sc-domain:fermatmind.com,web,page,https://fermatmind.com/en/career/jobs/gas-compressor-and-gas-pumping-station-operators,0,10,0.0,15.1,746,1000,NOT_AVAILABLE_IN_UI_EXPORT,Single-dimension GSC UI export; rows cannot be joined across dimensions; top-row and UI cap limitations apply.
VERIFIED_GSC_UI_SINGLE_DIMENSION,day90,2026-05-12,2026-08-09,sc-domain:fermatmind.com,web,page,https://fermatmind.com/zh/career/jobs/disc-jockeys-except-radio,0,10,0.0,15.7,747,1000,NOT_AVAILABLE_IN_UI_EXPORT,Single-dimension GSC UI export; rows cannot be joined across dimensions; top-row and UI cap limitations apply.
VERIFIED_GSC_UI_SINGLE_DIMENSION,day90,2026-05-12,2026-08-09,sc-domain:fermatmind.com,web,page,https://fermatmind.com/en/career/jobs/weatherization-installers-and-technicians,0,10,0.0,16.3,748,1000,NOT_AVAILABLE_IN_UI_EXPORT,Single-dimension GSC UI export; rows cannot be joined across dimensions; top-row and UI cap limitations apply.
VERIFIED_GSC_UI_SINGLE_DIMENSION,day90,2026-05-12,2026-08-09,sc-domain:fermatmind.com,web,page,https://fermatmind.com/en/career/jobs/aircraft-and-avionics-equipment-mechanics-and-technicians,0,10,0.0,17.1,749,1000,NOT_AVAILABLE_IN_UI_EXPORT,Single-dimension GSC UI export; rows cannot be joined across dimensions; top-row and UI cap limitations apply.
VERIFIED_GSC_UI_SINGLE_DIMENSION,day90,2026-05-12,2026-08-09,sc-domain:fermatmind.com,web,page,https://fermatmind.com/zh/career/jobs/signal-and-track-switch-repairers,0,10,0.0,17.5,750,1000,NOT_AVAILABLE_IN_UI_EXPORT,Single-dimension GSC UI export; rows cannot be joined across dimensions; top-row and UI cap limitations apply.
VERIFIED_GSC_UI_SINGLE_DIMENSION,day90,2026-05-12,2026-08-09,sc-domain:fermatmind.com,web,page,https://fermatmind.com/en/career/jobs/hydrologic-technicians,0,10,0.0,20.7,751,1000,NOT_AVAILABLE_IN_UI_EXPORT,Single-dimension GSC UI export; rows cannot be joined across dimensions; top-row and UI cap limitations apply.
VERIFIED_GSC_UI_SINGLE_DIMENSION,day90,2026-05-12,2026-08-09,sc-domain:fermatmind.com,web,page,https://fermatmind.com/zh/career/jobs/foreign-language-and-literature-teachers-postsecondary,0,10,0.0,21.7,752,1000,NOT_AVAILABLE_IN_UI_EXPORT,Single-dimension GSC UI export; rows cannot be joined across dimensions; top-row and UI cap limitations apply.
VERIFIED_GSC_UI_SINGLE_DIMENSION,day90,2026-05-12,2026-08-09,sc-domain:fermatmind.com,web,page,https://fermatmind.com/en/personality/esfp,0,10,0.0,23.1,753,1000,NOT_AVAILABLE_IN_UI_EXPORT,Single-dimension GSC UI export; rows cannot be joined across dimensions; top-row and UI cap limitations apply.
VERIFIED_GSC_UI_SINGLE_DIMENSION,day90,2026-05-12,2026-08-09,sc-domain:fermatmind.com,web,page,https://fermatmind.com/zh/personality/esfp,0,10,0.0,28.6,754,1000,NOT_AVAILABLE_IN_UI_EXPORT,Single-dimension GSC UI export; rows cannot be joined across dimensions; top-row and UI cap limitations apply.
VERIFIED_GSC_UI_SINGLE_DIMENSION,day90,2026-05-12,2026-08-09,sc-domain:fermatmind.com,web,page,https://fermatmind.com/zh/business,0,10,0.0,36.6,755,1000,NOT_AVAILABLE_IN_UI_EXPORT,Single-dimension GSC UI export; rows cannot be joined across dimensions; top-row and UI cap limitations apply.
VERIFIED_GSC_UI_SINGLE_DIMENSION,day90,2026-05-12,2026-08-09,sc-domain:fermatmind.com,web,page,https://fermatmind.com/tests/holland-career-interest-test-riasec-霍兰德职业兴趣测试,0,10,0.0,45.5,756,1000,NOT_AVAILABLE_IN_UI_EXPORT,Single-dimension GSC UI export; rows cannot be joined across dimensions; top-row and UI cap limitations apply.
VERIFIED_GSC_UI_SINGLE_DIMENSION,day90,2026-05-12,2026-08-09,sc-domain:fermatmind.com,web,page,https://fermatmind.com/en/personality/big-five/facets/trust,0,9,0.0,8.11,757,1000,NOT_AVAILABLE_IN_UI_EXPORT,Single-dimension GSC UI export; rows cannot be joined across dimensions; top-row and UI cap limitations apply.
VERIFIED_GSC_UI_SINGLE_DIMENSION,day90,2026-05-12,2026-08-09,sc-domain:fermatmind.com,web,page,https://fermatmind.com/en/personality/big-five/agreeableness-mid,0,9,0.0,8.44,758,1000,NOT_AVAILABLE_IN_UI_EXPORT,Single-dimension GSC UI export; rows cannot be joined across dimensions; top-row and UI cap limitations apply.
VERIFIED_GSC_UI_SINGLE_DIMENSION,day90,2026-05-12,2026-08-09,sc-domain:fermatmind.com,web,page,https://fermatmind.com/zh/career/jobs/farm-and-home-management-educators,0,9,0.0,8.44,759,1000,NOT_AVAILABLE_IN_UI_EXPORT,Single-dimension GSC UI export; rows cannot be joined across dimensions; top-row and UI cap limitations apply.
VERIFIED_GSC_UI_SINGLE_DIMENSION,day90,2026-05-12,2026-08-09,sc-domain:fermatmind.com,web,page,https://fermatmind.com/en/career/jobs/high-school-teachers,0,9,0.0,8.56,760,1000,NOT_AVAILABLE_IN_UI_EXPORT,Single-dimension GSC UI export; rows cannot be joined across dimensions; top-row and UI cap limitations apply.
VERIFIED_GSC_UI_SINGLE_DIMENSION,day90,2026-05-12,2026-08-09,sc-domain:fermatmind.com,web,page,https://fermatmind.com/zh/career/jobs/fiberglass-laminators-and-fabricators,0,9,0.0,8.67,761,1000,NOT_AVAILABLE_IN_UI_EXPORT,Single-dimension GSC UI export; rows cannot be joined across dimensions; top-row and UI cap limitations apply.
VERIFIED_GSC_UI_SINGLE_DIMENSION,day90,2026-05-12,2026-08-09,sc-domain:fermatmind.com,web,page,https://fermatmind.com/en/career/jobs/mechanical-drafters,0,9,0.0,8.89,762,1000,NOT_AVAILABLE_IN_UI_EXPORT,Single-dimension GSC UI export; rows cannot be joined across dimensions; top-row and UI cap limitations apply.
VERIFIED_GSC_UI_SINGLE_DIMENSION,day90,2026-05-12,2026-08-09,sc-domain:fermatmind.com,web,page,https://fermatmind.com/zh/career/jobs/first-line-supervisors-of-housekeeping-and-janitorial-workers,0,9,0.0,9.0,763,1000,NOT_AVAILABLE_IN_UI_EXPORT,Single-dimension GSC UI export; rows cannot be joined across dimensions; top-row and UI cap limitations apply.
VERIFIED_GSC_UI_SINGLE_DIMENSION,day90,2026-05-12,2026-08-09,sc-domain:fermatmind.com,web,page,https://fermatmind.com/en/career/jobs/structural-iron-and-steel-workers,0,9,0.0,9.78,764,1000,NOT_AVAILABLE_IN_UI_EXPORT,Single-dimension GSC UI export; rows cannot be joined across dimensions; top-row and UI cap limitations apply.
VERIFIED_GSC_UI_SINGLE_DIMENSION,day90,2026-05-12,2026-08-09,sc-domain:fermatmind.com,web,page,https://fermatmind.com/en/career/jobs/orthopedic-surgeons-except-pediatric,0,9,0.0,10.11,765,1000,NOT_AVAILABLE_IN_UI_EXPORT,Single-dimension GSC UI export; rows cannot be joined across dimensions; top-row and UI cap limitations apply.
VERIFIED_GSC_UI_SINGLE_DIMENSION,day90,2026-05-12,2026-08-09,sc-domain:fermatmind.com,web,page,https://fermatmind.com/zh/career,0,9,0.0,10.11,766,1000,NOT_AVAILABLE_IN_UI_EXPORT,Single-dimension GSC UI export; rows cannot be joined across dimensions; top-row and UI cap limitations apply.
VERIFIED_GSC_UI_SINGLE_DIMENSION,day90,2026-05-12,2026-08-09,sc-domain:fermatmind.com,web,page,https://fermatmind.com/en/career/jobs/segmental-pavers,0,9,0.0,10.56,767,1000,NOT_AVAILABLE_IN_UI_EXPORT,Single-dimension GSC UI export; rows cannot be joined across dimensions; top-row and UI cap limitations apply.
VERIFIED_GSC_UI_SINGLE_DIMENSION,day90,2026-05-12,2026-08-09,sc-domain:fermatmind.com,web,page,https://fermatmind.com/en/career/jobs/machine-feeders-and-offbearers,0,9,0.0,12.11,768,1000,NOT_AVAILABLE_IN_UI_EXPORT,Single-dimension GSC UI export; rows cannot be joined across dimensions; top-row and UI cap limitations apply.
VERIFIED_GSC_UI_SINGLE_DIMENSION,day90,2026-05-12,2026-08-09,sc-domain:fermatmind.com,web,page,https://fermatmind.com/en/career/jobs/drywall-and-ceiling-tile-installers-and-tapers,0,9,0.0,12.22,769,1000,NOT_AVAILABLE_IN_UI_EXPORT,Single-dimension GSC UI export; rows cannot be joined across dimensions; top-row and UI cap limitations apply.
VERIFIED_GSC_UI_SINGLE_DIMENSION,day90,2026-05-12,2026-08-09,sc-domain:fermatmind.com,web,page,https://fermatmind.com/en/career/jobs/statistical-assistants,0,9,0.0,12.89,770,1000,NOT_AVAILABLE_IN_UI_EXPORT,Single-dimension GSC UI export; rows cannot be joined across dimensions; top-row and UI cap limitations apply.
VERIFIED_GSC_UI_SINGLE_DIMENSION,day90,2026-05-12,2026-08-09,sc-domain:fermatmind.com,web,page,https://fermatmind.com/zh/career/jobs/makeup-artists-theatrical-and-performance,0,9,0.0,13.11,771,1000,NOT_AVAILABLE_IN_UI_EXPORT,Single-dimension GSC UI export; rows cannot be joined across dimensions; top-row and UI cap limitations apply.
VERIFIED_GSC_UI_SINGLE_DIMENSION,day90,2026-05-12,2026-08-09,sc-domain:fermatmind.com,web,page,https://fermatmind.com/zh/career/jobs/residential-advisors,0,9,0.0,14.56,772,1000,NOT_AVAILABLE_IN_UI_EXPORT,Single-dimension GSC UI export; rows cannot be joined across dimensions; top-row and UI cap limitations apply.
VERIFIED_GSC_UI_SINGLE_DIMENSION,day90,2026-05-12,2026-08-09,sc-domain:fermatmind.com,web,page,https://fermatmind.com/en/career/jobs/forensic-science-technicians,0,9,0.0,14.67,773,1000,NOT_AVAILABLE_IN_UI_EXPORT,Single-dimension GSC UI export; rows cannot be joined across dimensions; top-row and UI cap limitations apply.
VERIFIED_GSC_UI_SINGLE_DIMENSION,day90,2026-05-12,2026-08-09,sc-domain:fermatmind.com,web,page,https://fermatmind.com/zh/career/jobs/cytotechnologists,0,9,0.0,14.78,774,1000,NOT_AVAILABLE_IN_UI_EXPORT,Single-dimension GSC UI export; rows cannot be joined across dimensions; top-row and UI cap limitations apply.
VERIFIED_GSC_UI_SINGLE_DIMENSION,day90,2026-05-12,2026-08-09,sc-domain:fermatmind.com,web,page,https://fermatmind.com/en/career/jobs/fitness-and-wellness-coordinators,0,9,0.0,15.11,775,1000,NOT_AVAILABLE_IN_UI_EXPORT,Single-dimension GSC UI export; rows cannot be joined across dimensions; top-row and UI cap limitations apply.
VERIFIED_GSC_UI_SINGLE_DIMENSION,day90,2026-05-12,2026-08-09,sc-domain:fermatmind.com,web,page,https://fermatmind.com/en/career/jobs/human-factors-engineers-and-ergonomists,0,9,0.0,15.11,776,1000,NOT_AVAILABLE_IN_UI_EXPORT,Single-dimension GSC UI export; rows cannot be joined across dimensions; top-row and UI cap limitations apply.
VERIFIED_GSC_UI_SINGLE_DIMENSION,day90,2026-05-12,2026-08-09,sc-domain:fermatmind.com,web,page,https://fermatmind.com/zh/personality/enneagram/type-8/instincts/one-to-one,0,9,0.0,15.44,777,1000,NOT_AVAILABLE_IN_UI_EXPORT,Single-dimension GSC UI export; rows cannot be joined across dimensions; top-row and UI cap limitations apply.
VERIFIED_GSC_UI_SINGLE_DIMENSION,day90,2026-05-12,2026-08-09,sc-domain:fermatmind.com,web,page,https://fermatmind.com/zh/career/jobs/first-line-supervisors-of-gambling-services-workers,0,9,0.0,15.89,778,1000,NOT_AVAILABLE_IN_UI_EXPORT,Single-dimension GSC UI export; rows cannot be joined across dimensions; top-row and UI cap limitations apply.
VERIFIED_GSC_UI_SINGLE_DIMENSION,day90,2026-05-12,2026-08-09,sc-domain:fermatmind.com,web,page,https://fermatmind.com/en/career/jobs/crossing-guards-and-flaggers,0,9,0.0,18.78,779,1000,NOT_AVAILABLE_IN_UI_EXPORT,Single-dimension GSC UI export; rows cannot be joined across dimensions; top-row and UI cap limitations apply.
VERIFIED_GSC_UI_SINGLE_DIMENSION,day90,2026-05-12,2026-08-09,sc-domain:fermatmind.com,web,page,https://fermatmind.com/zh/personality/big-five/facets/depression,0,9,0.0,19.22,780,1000,NOT_AVAILABLE_IN_UI_EXPORT,Single-dimension GSC UI export; rows cannot be joined across dimensions; top-row and UI cap limitations apply.
VERIFIED_GSC_UI_SINGLE_DIMENSION,day90,2026-05-12,2026-08-09,sc-domain:fermatmind.com,web,page,https://fermatmind.com/en/career/jobs/neurologists,0,9,0.0,19.56,781,1000,NOT_AVAILABLE_IN_UI_EXPORT,Single-dimension GSC UI export; rows cannot be joined across dimensions; top-row and UI cap limitations apply.
VERIFIED_GSC_UI_SINGLE_DIMENSION,day90,2026-05-12,2026-08-09,sc-domain:fermatmind.com,web,page,https://fermatmind.com/zh/career/jobs/hydroelectric-plant-technicians,0,9,0.0,21.56,782,1000,NOT_AVAILABLE_IN_UI_EXPORT,Single-dimension GSC UI export; rows cannot be joined across dimensions; top-row and UI cap limitations apply.
VERIFIED_GSC_UI_SINGLE_DIMENSION,day90,2026-05-12,2026-08-09,sc-domain:fermatmind.com,web,page,https://fermatmind.com/zh/career/jobs/securities-commodities-and-financial-services-sales-agents,0,9,0.0,21.78,783,1000,NOT_AVAILABLE_IN_UI_EXPORT,Single-dimension GSC UI export; rows cannot be joined across dimensions; top-row and UI cap limitations apply.
VERIFIED_GSC_UI_SINGLE_DIMENSION,day90,2026-05-12,2026-08-09,sc-domain:fermatmind.com,web,page,https://fermatmind.com/zh/career/jobs/bicycle-repairers,0,9,0.0,21.89,784,1000,NOT_AVAILABLE_IN_UI_EXPORT,Single-dimension GSC UI export; rows cannot be joined across dimensions; top-row and UI cap limitations apply.
VERIFIED_GSC_UI_SINGLE_DIMENSION,day90,2026-05-12,2026-08-09,sc-domain:fermatmind.com,web,page,https://fermatmind.com/zh/career/jobs/education-administrators-postsecondary,0,9,0.0,22.44,785,1000,NOT_AVAILABLE_IN_UI_EXPORT,Single-dimension GSC UI export; rows cannot be joined across dimensions; top-row and UI cap limitations apply.
VERIFIED_GSC_UI_SINGLE_DIMENSION,day90,2026-05-12,2026-08-09,sc-domain:fermatmind.com,web,page,https://fermatmind.com/zh/career/jobs/producers-and-directors,0,9,0.0,25.44,786,1000,NOT_AVAILABLE_IN_UI_EXPORT,Single-dimension GSC UI export; rows cannot be joined across dimensions; top-row and UI cap limitations apply.
VERIFIED_GSC_UI_SINGLE_DIMENSION,day90,2026-05-12,2026-08-09,sc-domain:fermatmind.com,web,page,https://fermatmind.com/zh/career/jobs/sales-representatives-of-services-except-advertising-insurance-financial-services-and-travel,0,9,0.0,25.89,787,1000,NOT_AVAILABLE_IN_UI_EXPORT,Single-dimension GSC UI export; rows cannot be joined across dimensions; top-row and UI cap limitations apply.
VERIFIED_GSC_UI_SINGLE_DIMENSION,day90,2026-05-12,2026-08-09,sc-domain:fermatmind.com,web,page,https://fermatmind.com/zh/career/jobs/hydrologists,0,9,0.0,26.44,788,1000,NOT_AVAILABLE_IN_UI_EXPORT,Single-dimension GSC UI export; rows cannot be joined across dimensions; top-row and UI cap limitations apply.
VERIFIED_GSC_UI_SINGLE_DIMENSION,day90,2026-05-12,2026-08-09,sc-domain:fermatmind.com,web,page,https://fermatmind.com/zh/career/jobs/timing-device-assemblers-and-adjusters,0,9,0.0,26.67,789,1000,NOT_AVAILABLE_IN_UI_EXPORT,Single-dimension GSC UI export; rows cannot be joined across dimensions; top-row and UI cap limitations apply.
VERIFIED_GSC_UI_SINGLE_DIMENSION,day90,2026-05-12,2026-08-09,sc-domain:fermatmind.com,web,page,https://fermatmind.com/zh/career/industries/transportation-and-material-moving,0,9,0.0,44.56,790,1000,NOT_AVAILABLE_IN_UI_EXPORT,Single-dimension GSC UI export; rows cannot be joined across dimensions; top-row and UI cap limitations apply.
VERIFIED_GSC_UI_SINGLE_DIMENSION,day90,2026-05-12,2026-08-09,sc-domain:fermatmind.com,web,page,https://fermatmind.com/zh/career/jobs/semiconductor-processing-technicians,0,8,0.0,2.38,791,1000,NOT_AVAILABLE_IN_UI_EXPORT,Single-dimension GSC UI export; rows cannot be joined across dimensions; top-row and UI cap limitations apply.
VERIFIED_GSC_UI_SINGLE_DIMENSION,day90,2026-05-12,2026-08-09,sc-domain:fermatmind.com,web,page,https://fermatmind.com/zh/career/jobs/computer-automated-teller-and-office-machine-repairers,0,8,0.0,2.5,792,1000,NOT_AVAILABLE_IN_UI_EXPORT,Single-dimension GSC UI export; rows cannot be joined across dimensions; top-row and UI cap limitations apply.
VERIFIED_GSC_UI_SINGLE_DIMENSION,day90,2026-05-12,2026-08-09,sc-domain:fermatmind.com,web,page,https://fermatmind.com/en/career/jobs/atmospheric-scientists-including-meteorologists,0,8,0.0,3.75,793,1000,NOT_AVAILABLE_IN_UI_EXPORT,Single-dimension GSC UI export; rows cannot be joined across dimensions; top-row and UI cap limitations apply.
VERIFIED_GSC_UI_SINGLE_DIMENSION,day90,2026-05-12,2026-08-09,sc-domain:fermatmind.com,web,page,https://fermatmind.com/en/career/jobs/tax-examiners-and-collectors-and-revenue-agents,0,8,0.0,4.12,794,1000,NOT_AVAILABLE_IN_UI_EXPORT,Single-dimension GSC UI export; rows cannot be joined across dimensions; top-row and UI cap limitations apply.
VERIFIED_GSC_UI_SINGLE_DIMENSION,day90,2026-05-12,2026-08-09,sc-domain:fermatmind.com,web,page,https://fermatmind.com/zh/personality/enneagram/type-6/instincts/self-preservation,0,8,0.0,6.62,795,1000,NOT_AVAILABLE_IN_UI_EXPORT,Single-dimension GSC UI export; rows cannot be joined across dimensions; top-row and UI cap limitations apply.
VERIFIED_GSC_UI_SINGLE_DIMENSION,day90,2026-05-12,2026-08-09,sc-domain:fermatmind.com,web,page,https://fermatmind.com/en/career/jobs/stone-cutters-and-carvers-manufacturing,0,8,0.0,7.38,796,1000,NOT_AVAILABLE_IN_UI_EXPORT,Single-dimension GSC UI export; rows cannot be joined across dimensions; top-row and UI cap limitations apply.
VERIFIED_GSC_UI_SINGLE_DIMENSION,day90,2026-05-12,2026-08-09,sc-domain:fermatmind.com,web,page,https://fermatmind.com/zh/career/jobs/metal-and-plastic-machine-workers,0,8,0.0,7.5,797,1000,NOT_AVAILABLE_IN_UI_EXPORT,Single-dimension GSC UI export; rows cannot be joined across dimensions; top-row and UI cap limitations apply.
VERIFIED_GSC_UI_SINGLE_DIMENSION,day90,2026-05-12,2026-08-09,sc-domain:fermatmind.com,web,page,https://fermatmind.com/en/career/jobs/watch-and-clock-repairers,0,8,0.0,7.75,798,1000,NOT_AVAILABLE_IN_UI_EXPORT,Single-dimension GSC UI export; rows cannot be joined across dimensions; top-row and UI cap limitations apply.
VERIFIED_GSC_UI_SINGLE_DIMENSION,day90,2026-05-12,2026-08-09,sc-domain:fermatmind.com,web,page,https://fermatmind.com/en/personality/big-five/facets/feelings,0,8,0.0,7.88,799,1000,NOT_AVAILABLE_IN_UI_EXPORT,Single-dimension GSC UI export; rows cannot be joined across dimensions; top-row and UI cap limitations apply.
VERIFIED_GSC_UI_SINGLE_DIMENSION,day90,2026-05-12,2026-08-09,sc-domain:fermatmind.com,web,page,https://fermatmind.com/en/career/jobs/english-language-and-literature-teachers-postsecondary,0,8,0.0,8.0,800,1000,NOT_AVAILABLE_IN_UI_EXPORT,Single-dimension GSC UI export; rows cannot be joined across dimensions; top-row and UI cap limitations apply.
VERIFIED_GSC_UI_SINGLE_DIMENSION,day90,2026-05-12,2026-08-09,sc-domain:fermatmind.com,web,page,https://fermatmind.com/en/career/jobs/cardiovascular-technologists-and-technicians,0,8,0.0,8.12,801,1000,NOT_AVAILABLE_IN_UI_EXPORT,Single-dimension GSC UI export; rows cannot be joined across dimensions; top-row and UI cap limitations apply.
VERIFIED_GSC_UI_SINGLE_DIMENSION,day90,2026-05-12,2026-08-09,sc-domain:fermatmind.com,web,page,https://fermatmind.com/zh/career/jobs/farmworkers-farm-ranch-and-aquacultural-animals,0,8,0.0,8.25,802,1000,NOT_AVAILABLE_IN_UI_EXPORT,Single-dimension GSC UI export; rows cannot be joined across dimensions; top-row and UI cap limitations apply.
VERIFIED_GSC_UI_SINGLE_DIMENSION,day90,2026-05-12,2026-08-09,sc-domain:fermatmind.com,web,page,https://fermatmind.com/en/career/jobs/sailors-and-marine-oilers,0,8,0.0,8.5,803,1000,NOT_AVAILABLE_IN_UI_EXPORT,Single-dimension GSC UI export; rows cannot be joined across dimensions; top-row and UI cap limitations apply.
VERIFIED_GSC_UI_SINGLE_DIMENSION,day90,2026-05-12,2026-08-09,sc-domain:fermatmind.com,web,page,https://fermatmind.com/en/career/jobs/first-line-supervisors-of-helpers-laborers-and-material-movers-hand,0,8,0.0,8.88,804,1000,NOT_AVAILABLE_IN_UI_EXPORT,Single-dimension GSC UI export; rows cannot be joined across dimensions; top-row and UI cap limitations apply.
VERIFIED_GSC_UI_SINGLE_DIMENSION,day90,2026-05-12,2026-08-09,sc-domain:fermatmind.com,web,page,https://fermatmind.com/en/career/jobs/refractory-materials-repairers-except-brickmasons,0,8,0.0,9.0,805,1000,NOT_AVAILABLE_IN_UI_EXPORT,Single-dimension GSC UI export; rows cannot be joined across dimensions; top-row and UI cap limitations apply.
VERIFIED_GSC_UI_SINGLE_DIMENSION,day90,2026-05-12,2026-08-09,sc-domain:fermatmind.com,web,page,https://fermatmind.com/zh/career/jobs/wind-turbine-service-technicians,0,8,0.0,9.0,806,1000,NOT_AVAILABLE_IN_UI_EXPORT,Single-dimension GSC UI export; rows cannot be joined across dimensions; top-row and UI cap limitations apply.
VERIFIED_GSC_UI_SINGLE_DIMENSION,day90,2026-05-12,2026-08-09,sc-domain:fermatmind.com,web,page,https://fermatmind.com/en/career/jobs/armored-assault-vehicle-officers,0,8,0.0,10.0,807,1000,NOT_AVAILABLE_IN_UI_EXPORT,Single-dimension GSC UI export; rows cannot be joined across dimensions; top-row and UI cap limitations apply.
VERIFIED_GSC_UI_SINGLE_DIMENSION,day90,2026-05-12,2026-08-09,sc-domain:fermatmind.com,web,page,https://fermatmind.com/en/career/jobs/endoscopy-technicians,0,8,0.0,10.12,808,1000,NOT_AVAILABLE_IN_UI_EXPORT,Single-dimension GSC UI export; rows cannot be joined across dimensions; top-row and UI cap limitations apply.
VERIFIED_GSC_UI_SINGLE_DIMENSION,day90,2026-05-12,2026-08-09,sc-domain:fermatmind.com,web,page,https://fermatmind.com/zh/career/jobs/law-teachers-postsecondary,0,8,0.0,10.12,809,1000,NOT_AVAILABLE_IN_UI_EXPORT,Single-dimension GSC UI export; rows cannot be joined across dimensions; top-row and UI cap limitations apply.
VERIFIED_GSC_UI_SINGLE_DIMENSION,day90,2026-05-12,2026-08-09,sc-domain:fermatmind.com,web,page,https://fermatmind.com/en/career/jobs/hydroelectric-plant-technicians,0,8,0.0,11.38,810,1000,NOT_AVAILABLE_IN_UI_EXPORT,Single-dimension GSC UI export; rows cannot be joined across dimensions; top-row and UI cap limitations apply.
VERIFIED_GSC_UI_SINGLE_DIMENSION,day90,2026-05-12,2026-08-09,sc-domain:fermatmind.com,web,page,https://fermatmind.com/en/career/jobs/travel-agents,0,8,0.0,11.5,811,1000,NOT_AVAILABLE_IN_UI_EXPORT,Single-dimension GSC UI export; rows cannot be joined across dimensions; top-row and UI cap limitations apply.
VERIFIED_GSC_UI_SINGLE_DIMENSION,day90,2026-05-12,2026-08-09,sc-domain:fermatmind.com,web,page,https://fermatmind.com/en/career/jobs/roofers,0,8,0.0,11.75,812,1000,NOT_AVAILABLE_IN_UI_EXPORT,Single-dimension GSC UI export; rows cannot be joined across dimensions; top-row and UI cap limitations apply.
VERIFIED_GSC_UI_SINGLE_DIMENSION,day90,2026-05-12,2026-08-09,sc-domain:fermatmind.com,web,page,https://fermatmind.com/en/career/jobs/urologists,0,8,0.0,12.12,813,1000,NOT_AVAILABLE_IN_UI_EXPORT,Single-dimension GSC UI export; rows cannot be joined across dimensions; top-row and UI cap limitations apply.
VERIFIED_GSC_UI_SINGLE_DIMENSION,day90,2026-05-12,2026-08-09,sc-domain:fermatmind.com,web,page,https://fermatmind.com/en/career/jobs/special-education-teachers-middle-school,0,8,0.0,12.38,814,1000,NOT_AVAILABLE_IN_UI_EXPORT,Single-dimension GSC UI export; rows cannot be joined across dimensions; top-row and UI cap limitations apply.
VERIFIED_GSC_UI_SINGLE_DIMENSION,day90,2026-05-12,2026-08-09,sc-domain:fermatmind.com,web,page,https://fermatmind.com/zh/career/jobs/mental-health-and-substance-abuse-social-workers,0,8,0.0,12.62,815,1000,NOT_AVAILABLE_IN_UI_EXPORT,Single-dimension GSC UI export; rows cannot be joined across dimensions; top-row and UI cap limitations apply.
VERIFIED_GSC_UI_SINGLE_DIMENSION,day90,2026-05-12,2026-08-09,sc-domain:fermatmind.com,web,page,https://fermatmind.com/zh/career/jobs/weatherization-installers-and-technicians,0,8,0.0,12.88,816,1000,NOT_AVAILABLE_IN_UI_EXPORT,Single-dimension GSC UI export; rows cannot be joined across dimensions; top-row and UI cap limitations apply.
VERIFIED_GSC_UI_SINGLE_DIMENSION,day90,2026-05-12,2026-08-09,sc-domain:fermatmind.com,web,page,https://fermatmind.com/en/career/jobs/anesthesiologists,0,8,0.0,13.38,817,1000,NOT_AVAILABLE_IN_UI_EXPORT,Single-dimension GSC UI export; rows cannot be joined across dimensions; top-row and UI cap limitations apply.
VERIFIED_GSC_UI_SINGLE_DIMENSION,day90,2026-05-12,2026-08-09,sc-domain:fermatmind.com,web,page,https://fermatmind.com/en/career/jobs/foundry-mold-and-coremakers,0,8,0.0,13.38,818,1000,NOT_AVAILABLE_IN_UI_EXPORT,Single-dimension GSC UI export; rows cannot be joined across dimensions; top-row and UI cap limitations apply.
VERIFIED_GSC_UI_SINGLE_DIMENSION,day90,2026-05-12,2026-08-09,sc-domain:fermatmind.com,web,page,https://fermatmind.com/en/career/jobs/geographers,0,8,0.0,14.12,819,1000,NOT_AVAILABLE_IN_UI_EXPORT,Single-dimension GSC UI export; rows cannot be joined across dimensions; top-row and UI cap limitations apply.
VERIFIED_GSC_UI_SINGLE_DIMENSION,day90,2026-05-12,2026-08-09,sc-domain:fermatmind.com,web,page,https://fermatmind.com/en/career/jobs/interpreters-and-translators,0,8,0.0,15.25,820,1000,NOT_AVAILABLE_IN_UI_EXPORT,Single-dimension GSC UI export; rows cannot be joined across dimensions; top-row and UI cap limitations apply.
VERIFIED_GSC_UI_SINGLE_DIMENSION,day90,2026-05-12,2026-08-09,sc-domain:fermatmind.com,web,page,https://fermatmind.com/en/career/jobs/layout-workers-metal-and-plastic,0,8,0.0,18.38,821,1000,NOT_AVAILABLE_IN_UI_EXPORT,Single-dimension GSC UI export; rows cannot be joined across dimensions; top-row and UI cap limitations apply.
VERIFIED_GSC_UI_SINGLE_DIMENSION,day90,2026-05-12,2026-08-09,sc-domain:fermatmind.com,web,page,https://fermatmind.com/en/career/jobs/physical-therapist-assistants,0,8,0.0,18.5,822,1000,NOT_AVAILABLE_IN_UI_EXPORT,Single-dimension GSC UI export; rows cannot be joined across dimensions; top-row and UI cap limitations apply.
VERIFIED_GSC_UI_SINGLE_DIMENSION,day90,2026-05-12,2026-08-09,sc-domain:fermatmind.com,web,page,https://fermatmind.com/zh/career/jobs/fundraisers,0,8,0.0,23.0,823,1000,NOT_AVAILABLE_IN_UI_EXPORT,Single-dimension GSC UI export; rows cannot be joined across dimensions; top-row and UI cap limitations apply.
VERIFIED_GSC_UI_SINGLE_DIMENSION,day90,2026-05-12,2026-08-09,sc-domain:fermatmind.com,web,page,https://fermatmind.com/en/tests/mbti-personality-test-16-personality-types,0,8,0.0,27.75,824,1000,NOT_AVAILABLE_IN_UI_EXPORT,Single-dimension GSC UI export; rows cannot be joined across dimensions; top-row and UI cap limitations apply.
VERIFIED_GSC_UI_SINGLE_DIMENSION,day90,2026-05-12,2026-08-09,sc-domain:fermatmind.com,web,page,https://fermatmind.com/en/personality/big-five/facets/anxiety,0,7,0.0,5.57,825,1000,NOT_AVAILABLE_IN_UI_EXPORT,Single-dimension GSC UI export; rows cannot be joined across dimensions; top-row and UI cap limitations apply.
VERIFIED_GSC_UI_SINGLE_DIMENSION,day90,2026-05-12,2026-08-09,sc-domain:fermatmind.com,web,page,https://fermatmind.com/zh/career/jobs/foundry-mold-and-coremakers,0,7,0.0,5.57,826,1000,NOT_AVAILABLE_IN_UI_EXPORT,Single-dimension GSC UI export; rows cannot be joined across dimensions; top-row and UI cap limitations apply.
VERIFIED_GSC_UI_SINGLE_DIMENSION,day90,2026-05-12,2026-08-09,sc-domain:fermatmind.com,web,page,https://fermatmind.com/zh/career/jobs/refuse-and-recyclable-material-collectors,0,7,0.0,6.0,827,1000,NOT_AVAILABLE_IN_UI_EXPORT,Single-dimension GSC UI export; rows cannot be joined across dimensions; top-row and UI cap limitations apply.
VERIFIED_GSC_UI_SINGLE_DIMENSION,day90,2026-05-12,2026-08-09,sc-domain:fermatmind.com,web,page,https://fermatmind.com/en/charter,0,7,0.0,6.29,828,1000,NOT_AVAILABLE_IN_UI_EXPORT,Single-dimension GSC UI export; rows cannot be joined across dimensions; top-row and UI cap limitations apply.
VERIFIED_GSC_UI_SINGLE_DIMENSION,day90,2026-05-12,2026-08-09,sc-domain:fermatmind.com,web,page,https://fermatmind.com/en/career/jobs/extruding-and-forming-machine-setters-operators-and-tenders-synthetic-and-glass-fibers,0,7,0.0,6.57,829,1000,NOT_AVAILABLE_IN_UI_EXPORT,Single-dimension GSC UI export; rows cannot be joined across dimensions; top-row and UI cap limitations apply.
VERIFIED_GSC_UI_SINGLE_DIMENSION,day90,2026-05-12,2026-08-09,sc-domain:fermatmind.com,web,page,https://fermatmind.com/en/career/jobs/hosts-and-hostesses-restaurant-lounge-and-coffee-shop,0,7,0.0,6.57,830,1000,NOT_AVAILABLE_IN_UI_EXPORT,Single-dimension GSC UI export; rows cannot be joined across dimensions; top-row and UI cap limitations apply.
VERIFIED_GSC_UI_SINGLE_DIMENSION,day90,2026-05-12,2026-08-09,sc-domain:fermatmind.com,web,page,https://fermatmind.com/zh/career/jobs/forest-fire-inspectors-and-prevention-specialists,0,7,0.0,7.0,831,1000,NOT_AVAILABLE_IN_UI_EXPORT,Single-dimension GSC UI export; rows cannot be joined across dimensions; top-row and UI cap limitations apply.
VERIFIED_GSC_UI_SINGLE_DIMENSION,day90,2026-05-12,2026-08-09,sc-domain:fermatmind.com,web,page,https://fermatmind.com/en/career/jobs/foreign-language-and-literature-teachers-postsecondary,0,7,0.0,8.29,832,1000,NOT_AVAILABLE_IN_UI_EXPORT,Single-dimension GSC UI export; rows cannot be joined across dimensions; top-row and UI cap limitations apply.
VERIFIED_GSC_UI_SINGLE_DIMENSION,day90,2026-05-12,2026-08-09,sc-domain:fermatmind.com,web,page,https://fermatmind.com/en/career/jobs/hazardous-materials-removal-workers,0,7,0.0,8.43,833,1000,NOT_AVAILABLE_IN_UI_EXPORT,Single-dimension GSC UI export; rows cannot be joined across dimensions; top-row and UI cap limitations apply.
VERIFIED_GSC_UI_SINGLE_DIMENSION,day90,2026-05-12,2026-08-09,sc-domain:fermatmind.com,web,page,https://fermatmind.com/en/career/jobs/nursing-assistants,0,7,0.0,8.43,834,1000,NOT_AVAILABLE_IN_UI_EXPORT,Single-dimension GSC UI export; rows cannot be joined across dimensions; top-row and UI cap limitations apply.
VERIFIED_GSC_UI_SINGLE_DIMENSION,day90,2026-05-12,2026-08-09,sc-domain:fermatmind.com,web,page,https://fermatmind.com/zh/career/guides/interview-strategy-by-role,0,7,0.0,8.71,835,1000,NOT_AVAILABLE_IN_UI_EXPORT,Single-dimension GSC UI export; rows cannot be joined across dimensions; top-row and UI cap limitations apply.
VERIFIED_GSC_UI_SINGLE_DIMENSION,day90,2026-05-12,2026-08-09,sc-domain:fermatmind.com,web,page,https://fermatmind.com/en/career/jobs/poets-lyricists-and-creative-writers,0,7,0.0,9.0,836,1000,NOT_AVAILABLE_IN_UI_EXPORT,Single-dimension GSC UI export; rows cannot be joined across dimensions; top-row and UI cap limitations apply.
VERIFIED_GSC_UI_SINGLE_DIMENSION,day90,2026-05-12,2026-08-09,sc-domain:fermatmind.com,web,page,https://fermatmind.com/en/career/jobs/farm-and-home-management-educators,0,7,0.0,9.29,837,1000,NOT_AVAILABLE_IN_UI_EXPORT,Single-dimension GSC UI export; rows cannot be joined across dimensions; top-row and UI cap limitations apply.
VERIFIED_GSC_UI_SINGLE_DIMENSION,day90,2026-05-12,2026-08-09,sc-domain:fermatmind.com,web,page,https://fermatmind.com/en/career/jobs/surgical-technologists,0,7,0.0,9.29,838,1000,NOT_AVAILABLE_IN_UI_EXPORT,Single-dimension GSC UI export; rows cannot be joined across dimensions; top-row and UI cap limitations apply.
VERIFIED_GSC_UI_SINGLE_DIMENSION,day90,2026-05-12,2026-08-09,sc-domain:fermatmind.com,web,page,https://fermatmind.com/en/articles/childhood-dream-job-still-shapes-career-choice,0,7,0.0,9.43,839,1000,NOT_AVAILABLE_IN_UI_EXPORT,Single-dimension GSC UI export; rows cannot be joined across dimensions; top-row and UI cap limitations apply.
VERIFIED_GSC_UI_SINGLE_DIMENSION,day90,2026-05-12,2026-08-09,sc-domain:fermatmind.com,web,page,https://fermatmind.com/zh/career/jobs/extruding-and-forming-machine-setters-operators-and-tenders-synthetic-and-glass-fibers,0,7,0.0,9.43,840,1000,NOT_AVAILABLE_IN_UI_EXPORT,Single-dimension GSC UI export; rows cannot be joined across dimensions; top-row and UI cap limitations apply.
VERIFIED_GSC_UI_SINGLE_DIMENSION,day90,2026-05-12,2026-08-09,sc-domain:fermatmind.com,web,page,https://fermatmind.com/en/career/jobs/costume-attendants,0,7,0.0,9.57,841,1000,NOT_AVAILABLE_IN_UI_EXPORT,Single-dimension GSC UI export; rows cannot be joined across dimensions; top-row and UI cap limitations apply.
VERIFIED_GSC_UI_SINGLE_DIMENSION,day90,2026-05-12,2026-08-09,sc-domain:fermatmind.com,web,page,https://fermatmind.com/en/personality/estp-a,0,7,0.0,9.86,842,1000,NOT_AVAILABLE_IN_UI_EXPORT,Single-dimension GSC UI export; rows cannot be joined across dimensions; top-row and UI cap limitations apply.
VERIFIED_GSC_UI_SINGLE_DIMENSION,day90,2026-05-12,2026-08-09,sc-domain:fermatmind.com,web,page,https://fermatmind.com/en/career/jobs/ship-engineers,0,7,0.0,10.43,843,1000,NOT_AVAILABLE_IN_UI_EXPORT,Single-dimension GSC UI export; rows cannot be joined across dimensions; top-row and UI cap limitations apply.
VERIFIED_GSC_UI_SINGLE_DIMENSION,day90,2026-05-12,2026-08-09,sc-domain:fermatmind.com,web,page,https://fermatmind.com/zh/career/jobs/solar-thermal-installers-and-technicians,0,7,0.0,10.43,844,1000,NOT_AVAILABLE_IN_UI_EXPORT,Single-dimension GSC UI export; rows cannot be joined across dimensions; top-row and UI cap limitations apply.
VERIFIED_GSC_UI_SINGLE_DIMENSION,day90,2026-05-12,2026-08-09,sc-domain:fermatmind.com,web,page,https://fermatmind.com/en/career/jobs/environmental-science-and-protection-technicians,0,7,0.0,10.71,845,1000,NOT_AVAILABLE_IN_UI_EXPORT,Single-dimension GSC UI export; rows cannot be joined across dimensions; top-row and UI cap limitations apply.
VERIFIED_GSC_UI_SINGLE_DIMENSION,day90,2026-05-12,2026-08-09,sc-domain:fermatmind.com,web,page,https://fermatmind.com/zh/career/jobs/marriage-and-family-therapists,0,7,0.0,10.86,846,1000,NOT_AVAILABLE_IN_UI_EXPORT,Single-dimension GSC UI export; rows cannot be joined across dimensions; top-row and UI cap limitations apply.
VERIFIED_GSC_UI_SINGLE_DIMENSION,day90,2026-05-12,2026-08-09,sc-domain:fermatmind.com,web,page,https://fermatmind.com/en/career/jobs/construction-managers,0,7,0.0,11.0,847,1000,NOT_AVAILABLE_IN_UI_EXPORT,Single-dimension GSC UI export; rows cannot be joined across dimensions; top-row and UI cap limitations apply.
VERIFIED_GSC_UI_SINGLE_DIMENSION,day90,2026-05-12,2026-08-09,sc-domain:fermatmind.com,web,page,https://fermatmind.com/en/career/jobs/radiation-therapists,0,7,0.0,11.0,848,1000,NOT_AVAILABLE_IN_UI_EXPORT,Single-dimension GSC UI export; rows cannot be joined across dimensions; top-row and UI cap limitations apply.
VERIFIED_GSC_UI_SINGLE_DIMENSION,day90,2026-05-12,2026-08-09,sc-domain:fermatmind.com,web,page,https://fermatmind.com/zh/career/jobs/transit-and-railroad-police,0,7,0.0,11.14,849,1000,NOT_AVAILABLE_IN_UI_EXPORT,Single-dimension GSC UI export; rows cannot be joined across dimensions; top-row and UI cap limitations apply.
VERIFIED_GSC_UI_SINGLE_DIMENSION,day90,2026-05-12,2026-08-09,sc-domain:fermatmind.com,web,page,https://fermatmind.com/en/career/jobs/community-health-workers,0,7,0.0,11.29,850,1000,NOT_AVAILABLE_IN_UI_EXPORT,Single-dimension GSC UI export; rows cannot be joined across dimensions; top-row and UI cap limitations apply.
VERIFIED_GSC_UI_SINGLE_DIMENSION,day90,2026-05-12,2026-08-09,sc-domain:fermatmind.com,web,page,https://fermatmind.com/en/career/jobs/anesthesiologist-assistants,0,7,0.0,11.43,851,1000,NOT_AVAILABLE_IN_UI_EXPORT,Single-dimension GSC UI export; rows cannot be joined across dimensions; top-row and UI cap limitations apply.
VERIFIED_GSC_UI_SINGLE_DIMENSION,day90,2026-05-12,2026-08-09,sc-domain:fermatmind.com,web,page,https://fermatmind.com/zh/career/jobs/environmental-scientists-and-specialists-including-health,0,7,0.0,11.57,852,1000,NOT_AVAILABLE_IN_UI_EXPORT,Single-dimension GSC UI export; rows cannot be joined across dimensions; top-row and UI cap limitations apply.
VERIFIED_GSC_UI_SINGLE_DIMENSION,day90,2026-05-12,2026-08-09,sc-domain:fermatmind.com,web,page,https://fermatmind.com/zh/personality/enneagram/type-7/instincts/social,0,7,0.0,12.0,853,1000,NOT_AVAILABLE_IN_UI_EXPORT,Single-dimension GSC UI export; rows cannot be joined across dimensions; top-row and UI cap limitations apply.
VERIFIED_GSC_UI_SINGLE_DIMENSION,day90,2026-05-12,2026-08-09,sc-domain:fermatmind.com,web,page,https://fermatmind.com/en/career/jobs/film-and-video-editors-and-camera-operators,0,7,0.0,13.71,854,1000,NOT_AVAILABLE_IN_UI_EXPORT,Single-dimension GSC UI export; rows cannot be joined across dimensions; top-row and UI cap limitations apply.
VERIFIED_GSC_UI_SINGLE_DIMENSION,day90,2026-05-12,2026-08-09,sc-domain:fermatmind.com,web,page,https://fermatmind.com/en/career/jobs/home-health-aides-and-personal-care-aides,0,7,0.0,14.43,855,1000,NOT_AVAILABLE_IN_UI_EXPORT,Single-dimension GSC UI export; rows cannot be joined across dimensions; top-row and UI cap limitations apply.
VERIFIED_GSC_UI_SINGLE_DIMENSION,day90,2026-05-12,2026-08-09,sc-domain:fermatmind.com,web,page,https://fermatmind.com/en/career/jobs/dental-hygienists,0,7,0.0,14.86,856,1000,NOT_AVAILABLE_IN_UI_EXPORT,Single-dimension GSC UI export; rows cannot be joined across dimensions; top-row and UI cap limitations apply.
VERIFIED_GSC_UI_SINGLE_DIMENSION,day90,2026-05-12,2026-08-09,sc-domain:fermatmind.com,web,page,https://fermatmind.com/en/career/jobs/civil-engineering-technicians,0,7,0.0,16.43,857,1000,NOT_AVAILABLE_IN_UI_EXPORT,Single-dimension GSC UI export; rows cannot be joined across dimensions; top-row and UI cap limitations apply.
VERIFIED_GSC_UI_SINGLE_DIMENSION,day90,2026-05-12,2026-08-09,sc-domain:fermatmind.com,web,page,https://fermatmind.com/en/career/jobs/continuous-mining-machine-operators,0,7,0.0,17.57,858,1000,NOT_AVAILABLE_IN_UI_EXPORT,Single-dimension GSC UI export; rows cannot be joined across dimensions; top-row and UI cap limitations apply.
VERIFIED_GSC_UI_SINGLE_DIMENSION,day90,2026-05-12,2026-08-09,sc-domain:fermatmind.com,web,page,https://fermatmind.com/en/career/jobs/respiratory-therapists,0,7,0.0,18.86,859,1000,NOT_AVAILABLE_IN_UI_EXPORT,Single-dimension GSC UI export; rows cannot be joined across dimensions; top-row and UI cap limitations apply.
VERIFIED_GSC_UI_SINGLE_DIMENSION,day90,2026-05-12,2026-08-09,sc-domain:fermatmind.com,web,page,https://fermatmind.com/zh/career/jobs/construction-managers,0,7,0.0,20.71,860,1000,NOT_AVAILABLE_IN_UI_EXPORT,Single-dimension GSC UI export; rows cannot be joined across dimensions; top-row and UI cap limitations apply.
VERIFIED_GSC_UI_SINGLE_DIMENSION,day90,2026-05-12,2026-08-09,sc-domain:fermatmind.com,web,page,https://fermatmind.com/zh/career/industries/management,0,7,0.0,22.71,861,1000,NOT_AVAILABLE_IN_UI_EXPORT,Single-dimension GSC UI export; rows cannot be joined across dimensions; top-row and UI cap limitations apply.
VERIFIED_GSC_UI_SINGLE_DIMENSION,day90,2026-05-12,2026-08-09,sc-domain:fermatmind.com,web,page,https://fermatmind.com/zh/personality/big-five/facets/activity,0,7,0.0,28.43,862,1000,NOT_AVAILABLE_IN_UI_EXPORT,Single-dimension GSC UI export; rows cannot be joined across dimensions; top-row and UI cap limitations apply.
VERIFIED_GSC_UI_SINGLE_DIMENSION,day90,2026-05-12,2026-08-09,sc-domain:fermatmind.com,web,page,https://fermatmind.com/en/career/jobs/energy-auditors,0,7,0.0,28.71,863,1000,NOT_AVAILABLE_IN_UI_EXPORT,Single-dimension GSC UI export; rows cannot be joined across dimensions; top-row and UI cap limitations apply.
VERIFIED_GSC_UI_SINGLE_DIMENSION,day90,2026-05-12,2026-08-09,sc-domain:fermatmind.com,web,page,https://fermatmind.com/zh/career/jobs/aviation-inspectors,0,7,0.0,34.57,864,1000,NOT_AVAILABLE_IN_UI_EXPORT,Single-dimension GSC UI export; rows cannot be joined across dimensions; top-row and UI cap limitations apply.
VERIFIED_GSC_UI_SINGLE_DIMENSION,day90,2026-05-12,2026-08-09,sc-domain:fermatmind.com,web,page,https://fermatmind.com/en/tests/category/personality,0,6,0.0,3.67,865,1000,NOT_AVAILABLE_IN_UI_EXPORT,Single-dimension GSC UI export; rows cannot be joined across dimensions; top-row and UI cap limitations apply.
VERIFIED_GSC_UI_SINGLE_DIMENSION,day90,2026-05-12,2026-08-09,sc-domain:fermatmind.com,web,page,https://fermatmind.com/en/personality/big-five/facets/actions,0,6,0.0,5.67,866,1000,NOT_AVAILABLE_IN_UI_EXPORT,Single-dimension GSC UI export; rows cannot be joined across dimensions; top-row and UI cap limitations apply.
VERIFIED_GSC_UI_SINGLE_DIMENSION,day90,2026-05-12,2026-08-09,sc-domain:fermatmind.com,web,page,https://fermatmind.com/zh/career/jobs/technical-writers,0,6,0.0,5.67,867,1000,NOT_AVAILABLE_IN_UI_EXPORT,Single-dimension GSC UI export; rows cannot be joined across dimensions; top-row and UI cap limitations apply.
VERIFIED_GSC_UI_SINGLE_DIMENSION,day90,2026-05-12,2026-08-09,sc-domain:fermatmind.com,web,page,https://fermatmind.com/en/career/jobs/appraisers-of-personal-and-business-property,0,6,0.0,6.0,868,1000,NOT_AVAILABLE_IN_UI_EXPORT,Single-dimension GSC UI export; rows cannot be joined across dimensions; top-row and UI cap limitations apply.
VERIFIED_GSC_UI_SINGLE_DIMENSION,day90,2026-05-12,2026-08-09,sc-domain:fermatmind.com,web,page,https://fermatmind.com/en/personality/enneagram/wings/1w9,0,6,0.0,6.5,869,1000,NOT_AVAILABLE_IN_UI_EXPORT,Single-dimension GSC UI export; rows cannot be joined across dimensions; top-row and UI cap limitations apply.
VERIFIED_GSC_UI_SINGLE_DIMENSION,day90,2026-05-12,2026-08-09,sc-domain:fermatmind.com,web,page,https://fermatmind.com/en/career/jobs/first-line-supervisors-of-material-moving-machine-and-vehicle-operators,0,6,0.0,6.67,870,1000,NOT_AVAILABLE_IN_UI_EXPORT,Single-dimension GSC UI export; rows cannot be joined across dimensions; top-row and UI cap limitations apply.
VERIFIED_GSC_UI_SINGLE_DIMENSION,day90,2026-05-12,2026-08-09,sc-domain:fermatmind.com,web,page,https://fermatmind.com/en/career/jobs/health-and-safety-engineers,0,6,0.0,6.67,871,1000,NOT_AVAILABLE_IN_UI_EXPORT,Single-dimension GSC UI export; rows cannot be joined across dimensions; top-row and UI cap limitations apply.
VERIFIED_GSC_UI_SINGLE_DIMENSION,day90,2026-05-12,2026-08-09,sc-domain:fermatmind.com,web,page,https://fermatmind.com/zh/career/jobs/hosts-and-hostesses-restaurant-lounge-and-coffee-shop,0,6,0.0,6.67,872,1000,NOT_AVAILABLE_IN_UI_EXPORT,Single-dimension GSC UI export; rows cannot be joined across dimensions; top-row and UI cap limitations apply.
VERIFIED_GSC_UI_SINGLE_DIMENSION,day90,2026-05-12,2026-08-09,sc-domain:fermatmind.com,web,page,https://fermatmind.com/en/career/jobs/dancers,0,6,0.0,7.17,873,1000,NOT_AVAILABLE_IN_UI_EXPORT,Single-dimension GSC UI export; rows cannot be joined across dimensions; top-row and UI cap limitations apply.
VERIFIED_GSC_UI_SINGLE_DIMENSION,day90,2026-05-12,2026-08-09,sc-domain:fermatmind.com,web,page,https://fermatmind.com/zh/articles/big-five-vs-enneagram-traits-and-motivation-stories,0,6,0.0,7.17,874,1000,NOT_AVAILABLE_IN_UI_EXPORT,Single-dimension GSC UI export; rows cannot be joined across dimensions; top-row and UI cap limitations apply.
VERIFIED_GSC_UI_SINGLE_DIMENSION,day90,2026-05-12,2026-08-09,sc-domain:fermatmind.com,web,page,https://fermatmind.com/zh/articles/iq-test-narrative-portrait,0,6,0.0,7.33,875,1000,NOT_AVAILABLE_IN_UI_EXPORT,Single-dimension GSC UI export; rows cannot be joined across dimensions; top-row and UI cap limitations apply.
VERIFIED_GSC_UI_SINGLE_DIMENSION,day90,2026-05-12,2026-08-09,sc-domain:fermatmind.com,web,page,https://fermatmind.com/zh/career/jobs/substance-abuse-behavioral-disorder-and-mental-health-counselors,0,6,0.0,7.5,876,1000,NOT_AVAILABLE_IN_UI_EXPORT,Single-dimension GSC UI export; rows cannot be joined across dimensions; top-row and UI cap limitations apply.
VERIFIED_GSC_UI_SINGLE_DIMENSION,day90,2026-05-12,2026-08-09,sc-domain:fermatmind.com,web,page,https://fermatmind.com/en/career/jobs/textile-winding-twisting-and-drawing-out-machine-setters-operators-and-tenders,0,6,0.0,7.67,877,1000,NOT_AVAILABLE_IN_UI_EXPORT,Single-dimension GSC UI export; rows cannot be joined across dimensions; top-row and UI cap limitations apply.
VERIFIED_GSC_UI_SINGLE_DIMENSION,day90,2026-05-12,2026-08-09,sc-domain:fermatmind.com,web,page,https://fermatmind.com/en/personality/big-five/agreeableness-high,0,6,0.0,8.0,878,1000,NOT_AVAILABLE_IN_UI_EXPORT,Single-dimension GSC UI export; rows cannot be joined across dimensions; top-row and UI cap limitations apply.
VERIFIED_GSC_UI_SINGLE_DIMENSION,day90,2026-05-12,2026-08-09,sc-domain:fermatmind.com,web,page,https://fermatmind.com/en/career/jobs/self-enrichment-teachers,0,6,0.0,8.5,879,1000,NOT_AVAILABLE_IN_UI_EXPORT,Single-dimension GSC UI export; rows cannot be joined across dimensions; top-row and UI cap limitations apply.
VERIFIED_GSC_UI_SINGLE_DIMENSION,day90,2026-05-12,2026-08-09,sc-domain:fermatmind.com,web,page,https://fermatmind.com/zh/personality/big-five/extraversion-mid,0,6,0.0,8.5,880,1000,NOT_AVAILABLE_IN_UI_EXPORT,Single-dimension GSC UI export; rows cannot be joined across dimensions; top-row and UI cap limitations apply.
VERIFIED_GSC_UI_SINGLE_DIMENSION,day90,2026-05-12,2026-08-09,sc-domain:fermatmind.com,web,page,https://fermatmind.com/zh/career/jobs/tree-trimmers-and-pruners,0,6,0.0,8.67,881,1000,NOT_AVAILABLE_IN_UI_EXPORT,Single-dimension GSC UI export; rows cannot be joined across dimensions; top-row and UI cap limitations apply.
VERIFIED_GSC_UI_SINGLE_DIMENSION,day90,2026-05-12,2026-08-09,sc-domain:fermatmind.com,web,page,https://fermatmind.com/zh/personality/enneagram/type-7,0,6,0.0,8.83,882,1000,NOT_AVAILABLE_IN_UI_EXPORT,Single-dimension GSC UI export; rows cannot be joined across dimensions; top-row and UI cap limitations apply.
VERIFIED_GSC_UI_SINGLE_DIMENSION,day90,2026-05-12,2026-08-09,sc-domain:fermatmind.com,web,page,https://fermatmind.com/en/career/jobs/substance-abuse-and-behavioral-disorder-counselors,0,6,0.0,9.17,883,1000,NOT_AVAILABLE_IN_UI_EXPORT,Single-dimension GSC UI export; rows cannot be joined across dimensions; top-row and UI cap limitations apply.
VERIFIED_GSC_UI_SINGLE_DIMENSION,day90,2026-05-12,2026-08-09,sc-domain:fermatmind.com,web,page,https://fermatmind.com/en/career/jobs/retail-salespersons,0,6,0.0,9.67,884,1000,NOT_AVAILABLE_IN_UI_EXPORT,Single-dimension GSC UI export; rows cannot be joined across dimensions; top-row and UI cap limitations apply.
VERIFIED_GSC_UI_SINGLE_DIMENSION,day90,2026-05-12,2026-08-09,sc-domain:fermatmind.com,web,page,https://fermatmind.com/en/career/jobs/supply-chain-managers,0,6,0.0,10.17,885,1000,NOT_AVAILABLE_IN_UI_EXPORT,Single-dimension GSC UI export; rows cannot be joined across dimensions; top-row and UI cap limitations apply.
VERIFIED_GSC_UI_SINGLE_DIMENSION,day90,2026-05-12,2026-08-09,sc-domain:fermatmind.com,web,page,https://fermatmind.com/zh/personality/big-five/facets/excitement-seeking,0,6,0.0,10.67,886,1000,NOT_AVAILABLE_IN_UI_EXPORT,Single-dimension GSC UI export; rows cannot be joined across dimensions; top-row and UI cap limitations apply.
VERIFIED_GSC_UI_SINGLE_DIMENSION,day90,2026-05-12,2026-08-09,sc-domain:fermatmind.com,web,page,https://fermatmind.com/en/career/industries/management,0,6,0.0,11.17,887,1000,NOT_AVAILABLE_IN_UI_EXPORT,Single-dimension GSC UI export; rows cannot be joined across dimensions; top-row and UI cap limitations apply.
VERIFIED_GSC_UI_SINGLE_DIMENSION,day90,2026-05-12,2026-08-09,sc-domain:fermatmind.com,web,page,https://fermatmind.com/en/career/jobs/logistics-analysts,0,6,0.0,11.5,888,1000,NOT_AVAILABLE_IN_UI_EXPORT,Single-dimension GSC UI export; rows cannot be joined across dimensions; top-row and UI cap limitations apply.
VERIFIED_GSC_UI_SINGLE_DIMENSION,day90,2026-05-12,2026-08-09,sc-domain:fermatmind.com,web,page,https://fermatmind.com/en/career/jobs/artillery-and-missile-crew-members,0,6,0.0,11.83,889,1000,NOT_AVAILABLE_IN_UI_EXPORT,Single-dimension GSC UI export; rows cannot be joined across dimensions; top-row and UI cap limitations apply.
VERIFIED_GSC_UI_SINGLE_DIMENSION,day90,2026-05-12,2026-08-09,sc-domain:fermatmind.com,web,page,https://fermatmind.com/en/career/jobs/insurance-sales-agents,0,6,0.0,12.17,890,1000,NOT_AVAILABLE_IN_UI_EXPORT,Single-dimension GSC UI export; rows cannot be joined across dimensions; top-row and UI cap limitations apply.
VERIFIED_GSC_UI_SINGLE_DIMENSION,day90,2026-05-12,2026-08-09,sc-domain:fermatmind.com,web,page,https://fermatmind.com/en/career/jobs/dentists-general,0,6,0.0,13.33,891,1000,NOT_AVAILABLE_IN_UI_EXPORT,Single-dimension GSC UI export; rows cannot be joined across dimensions; top-row and UI cap limitations apply.
VERIFIED_GSC_UI_SINGLE_DIMENSION,day90,2026-05-12,2026-08-09,sc-domain:fermatmind.com,web,page,https://fermatmind.com/zh/career/jobs/anthropology-and-archeology-teachers-postsecondary,0,6,0.0,13.33,892,1000,NOT_AVAILABLE_IN_UI_EXPORT,Single-dimension GSC UI export; rows cannot be joined across dimensions; top-row and UI cap limitations apply.
VERIFIED_GSC_UI_SINGLE_DIMENSION,day90,2026-05-12,2026-08-09,sc-domain:fermatmind.com,web,page,https://fermatmind.com/zh/career/jobs/geoscientists-except-hydrologists-and-geographers,0,6,0.0,14.67,893,1000,NOT_AVAILABLE_IN_UI_EXPORT,Single-dimension GSC UI export; rows cannot be joined across dimensions; top-row and UI cap limitations apply.
VERIFIED_GSC_UI_SINGLE_DIMENSION,day90,2026-05-12,2026-08-09,sc-domain:fermatmind.com,web,page,https://fermatmind.com/en/career/jobs/timing-device-assemblers-and-adjusters,0,6,0.0,15.17,894,1000,NOT_AVAILABLE_IN_UI_EXPORT,Single-dimension GSC UI export; rows cannot be joined across dimensions; top-row and UI cap limitations apply.
VERIFIED_GSC_UI_SINGLE_DIMENSION,day90,2026-05-12,2026-08-09,sc-domain:fermatmind.com,web,page,https://fermatmind.com/en/career/jobs/correctional-officers,0,6,0.0,15.33,895,1000,NOT_AVAILABLE_IN_UI_EXPORT,Single-dimension GSC UI export; rows cannot be joined across dimensions; top-row and UI cap limitations apply.
VERIFIED_GSC_UI_SINGLE_DIMENSION,day90,2026-05-12,2026-08-09,sc-domain:fermatmind.com,web,page,https://fermatmind.com/en/career/jobs/office-machine-operators-except-computer,0,6,0.0,16.0,896,1000,NOT_AVAILABLE_IN_UI_EXPORT,Single-dimension GSC UI export; rows cannot be joined across dimensions; top-row and UI cap limitations apply.
VERIFIED_GSC_UI_SINGLE_DIMENSION,day90,2026-05-12,2026-08-09,sc-domain:fermatmind.com,web,page,https://fermatmind.com/en/career/jobs/security-guards,0,6,0.0,17.5,897,1000,NOT_AVAILABLE_IN_UI_EXPORT,Single-dimension GSC UI export; rows cannot be joined across dimensions; top-row and UI cap limitations apply.
VERIFIED_GSC_UI_SINGLE_DIMENSION,day90,2026-05-12,2026-08-09,sc-domain:fermatmind.com,web,page,https://fermatmind.com/zh/career/jobs/continuous-mining-machine-operators,0,6,0.0,17.5,898,1000,NOT_AVAILABLE_IN_UI_EXPORT,Single-dimension GSC UI export; rows cannot be joined across dimensions; top-row and UI cap limitations apply.
VERIFIED_GSC_UI_SINGLE_DIMENSION,day90,2026-05-12,2026-08-09,sc-domain:fermatmind.com,web,page,https://fermatmind.com/en/career/jobs/electrical-and-electronics-engineers,0,6,0.0,19.67,899,1000,NOT_AVAILABLE_IN_UI_EXPORT,Single-dimension GSC UI export; rows cannot be joined across dimensions; top-row and UI cap limitations apply.
VERIFIED_GSC_UI_SINGLE_DIMENSION,day90,2026-05-12,2026-08-09,sc-domain:fermatmind.com,web,page,https://fermatmind.com/en/career/jobs/gaming-services-occupations,0,6,0.0,20.83,900,1000,NOT_AVAILABLE_IN_UI_EXPORT,Single-dimension GSC UI export; rows cannot be joined across dimensions; top-row and UI cap limitations apply.
VERIFIED_GSC_UI_SINGLE_DIMENSION,day90,2026-05-12,2026-08-09,sc-domain:fermatmind.com,web,page,https://fermatmind.com/zh/career/jobs/lodging-managers,0,6,0.0,21.5,901,1000,NOT_AVAILABLE_IN_UI_EXPORT,Single-dimension GSC UI export; rows cannot be joined across dimensions; top-row and UI cap limitations apply.
VERIFIED_GSC_UI_SINGLE_DIMENSION,day90,2026-05-12,2026-08-09,sc-domain:fermatmind.com,web,page,https://fermatmind.com/zh/career/jobs/podiatrists,0,6,0.0,21.67,902,1000,NOT_AVAILABLE_IN_UI_EXPORT,Single-dimension GSC UI export; rows cannot be joined across dimensions; top-row and UI cap limitations apply.
VERIFIED_GSC_UI_SINGLE_DIMENSION,day90,2026-05-12,2026-08-09,sc-domain:fermatmind.com,web,page,https://fermatmind.com/en/topics/iq-eq,0,6,0.0,22.33,903,1000,NOT_AVAILABLE_IN_UI_EXPORT,Single-dimension GSC UI export; rows cannot be joined across dimensions; top-row and UI cap limitations apply.
VERIFIED_GSC_UI_SINGLE_DIMENSION,day90,2026-05-12,2026-08-09,sc-domain:fermatmind.com,web,page,https://fermatmind.com/en/career/jobs/computer-hardware-engineers,0,6,0.0,22.83,904,1000,NOT_AVAILABLE_IN_UI_EXPORT,Single-dimension GSC UI export; rows cannot be joined across dimensions; top-row and UI cap limitations apply.
VERIFIED_GSC_UI_SINGLE_DIMENSION,day90,2026-05-12,2026-08-09,sc-domain:fermatmind.com,web,page,https://fermatmind.com/zh/career/jobs/animal-caretakers,0,6,0.0,24.33,905,1000,NOT_AVAILABLE_IN_UI_EXPORT,Single-dimension GSC UI export; rows cannot be joined across dimensions; top-row and UI cap limitations apply.
VERIFIED_GSC_UI_SINGLE_DIMENSION,day90,2026-05-12,2026-08-09,sc-domain:fermatmind.com,web,page,https://fermatmind.com/zh/personality/big-five/facets/ideas,0,6,0.0,27.0,906,1000,NOT_AVAILABLE_IN_UI_EXPORT,Single-dimension GSC UI export; rows cannot be joined across dimensions; top-row and UI cap limitations apply.
VERIFIED_GSC_UI_SINGLE_DIMENSION,day90,2026-05-12,2026-08-09,sc-domain:fermatmind.com,web,page,https://fermatmind.com/zh/career/jobs/loss-prevention-managers,0,6,0.0,28.0,907,1000,NOT_AVAILABLE_IN_UI_EXPORT,Single-dimension GSC UI export; rows cannot be joined across dimensions; top-row and UI cap limitations apply.
VERIFIED_GSC_UI_SINGLE_DIMENSION,day90,2026-05-12,2026-08-09,sc-domain:fermatmind.com,web,page,https://fermatmind.com/zh/career/jobs/small-engine-mechanics,0,6,0.0,28.67,908,1000,NOT_AVAILABLE_IN_UI_EXPORT,Single-dimension GSC UI export; rows cannot be joined across dimensions; top-row and UI cap limitations apply.
VERIFIED_GSC_UI_SINGLE_DIMENSION,day90,2026-05-12,2026-08-09,sc-domain:fermatmind.com,web,page,https://fermatmind.com/zh/career/jobs/radio-frequency-identification-device-specialists,0,6,0.0,34.33,909,1000,NOT_AVAILABLE_IN_UI_EXPORT,Single-dimension GSC UI export; rows cannot be joined across dimensions; top-row and UI cap limitations apply.
VERIFIED_GSC_UI_SINGLE_DIMENSION,day90,2026-05-12,2026-08-09,sc-domain:fermatmind.com,web,page,https://fermatmind.com/zh/career/jobs/hydrologic-technicians,0,6,0.0,36.17,910,1000,NOT_AVAILABLE_IN_UI_EXPORT,Single-dimension GSC UI export; rows cannot be joined across dimensions; top-row and UI cap limitations apply.
VERIFIED_GSC_UI_SINGLE_DIMENSION,day90,2026-05-12,2026-08-09,sc-domain:fermatmind.com,web,page,https://fermatmind.com/zh/career/jobs/paper-goods-machine-setters-operators-and-tenders,0,5,0.0,2.2,911,1000,NOT_AVAILABLE_IN_UI_EXPORT,Single-dimension GSC UI export; rows cannot be joined across dimensions; top-row and UI cap limitations apply.
VERIFIED_GSC_UI_SINGLE_DIMENSION,day90,2026-05-12,2026-08-09,sc-domain:fermatmind.com,web,page,https://fermatmind.com/zh/career/jobs/network-and-computer-systems-administrators,0,5,0.0,5.6,913,1000,NOT_AVAILABLE_IN_UI_EXPORT,Single-dimension GSC UI export; rows cannot be joined across dimensions; top-row and UI cap limitations apply.
VERIFIED_GSC_UI_SINGLE_DIMENSION,day90,2026-05-12,2026-08-09,sc-domain:fermatmind.com,web,page,https://fermatmind.com/zh/career/jobs/ophthalmic-laboratory-technicians,0,5,0.0,6.4,914,1000,NOT_AVAILABLE_IN_UI_EXPORT,Single-dimension GSC UI export; rows cannot be joined across dimensions; top-row and UI cap limitations apply.
VERIFIED_GSC_UI_SINGLE_DIMENSION,day90,2026-05-12,2026-08-09,sc-domain:fermatmind.com,web,page,https://fermatmind.com/en/personality,0,5,0.0,8.0,915,1000,NOT_AVAILABLE_IN_UI_EXPORT,Single-dimension GSC UI export; rows cannot be joined across dimensions; top-row and UI cap limitations apply.
VERIFIED_GSC_UI_SINGLE_DIMENSION,day90,2026-05-12,2026-08-09,sc-domain:fermatmind.com,web,page,https://fermatmind.com/en/personality/big-five/agreeableness-low,0,5,0.0,8.2,916,1000,NOT_AVAILABLE_IN_UI_EXPORT,Single-dimension GSC UI export; rows cannot be joined across dimensions; top-row and UI cap limitations apply.
VERIFIED_GSC_UI_SINGLE_DIMENSION,day90,2026-05-12,2026-08-09,sc-domain:fermatmind.com,web,page,https://fermatmind.com/zh/career/jobs/business-teachers-postsecondary,0,5,0.0,8.2,917,1000,NOT_AVAILABLE_IN_UI_EXPORT,Single-dimension GSC UI export; rows cannot be joined across dimensions; top-row and UI cap limitations apply.
VERIFIED_GSC_UI_SINGLE_DIMENSION,day90,2026-05-12,2026-08-09,sc-domain:fermatmind.com,web,page,https://fermatmind.com/en/career/jobs/wind-turbine-service-technicians,0,5,0.0,8.4,918,1000,NOT_AVAILABLE_IN_UI_EXPORT,Single-dimension GSC UI export; rows cannot be joined across dimensions; top-row and UI cap limitations apply.
VERIFIED_GSC_UI_SINGLE_DIMENSION,day90,2026-05-12,2026-08-09,sc-domain:fermatmind.com,web,page,https://fermatmind.com/zh/career/jobs/roustabouts-oil-and-gas,0,5,0.0,8.4,919,1000,NOT_AVAILABLE_IN_UI_EXPORT,Single-dimension GSC UI export; rows cannot be joined across dimensions; top-row and UI cap limitations apply.
VERIFIED_GSC_UI_SINGLE_DIMENSION,day90,2026-05-12,2026-08-09,sc-domain:fermatmind.com,web,page,https://fermatmind.com/zh/articles/apply-personality-research-without-overclaiming,0,5,0.0,8.6,920,1000,NOT_AVAILABLE_IN_UI_EXPORT,Single-dimension GSC UI export; rows cannot be joined across dimensions; top-row and UI cap limitations apply.
VERIFIED_GSC_UI_SINGLE_DIMENSION,day90,2026-05-12,2026-08-09,sc-domain:fermatmind.com,web,page,https://fermatmind.com/en/career/jobs/special-education-teachers,0,5,0.0,8.8,921,1000,NOT_AVAILABLE_IN_UI_EXPORT,Single-dimension GSC UI export; rows cannot be joined across dimensions; top-row and UI cap limitations apply.
VERIFIED_GSC_UI_SINGLE_DIMENSION,day90,2026-05-12,2026-08-09,sc-domain:fermatmind.com,web,page,https://fermatmind.com/en/personality/big-five/facets/values,0,5,0.0,8.8,922,1000,NOT_AVAILABLE_IN_UI_EXPORT,Single-dimension GSC UI export; rows cannot be joined across dimensions; top-row and UI cap limitations apply.
VERIFIED_GSC_UI_SINGLE_DIMENSION,day90,2026-05-12,2026-08-09,sc-domain:fermatmind.com,web,page,https://fermatmind.com/en/career/jobs/dredge-operators,0,5,0.0,9.2,923,1000,NOT_AVAILABLE_IN_UI_EXPORT,Single-dimension GSC UI export; rows cannot be joined across dimensions; top-row and UI cap limitations apply.
VERIFIED_GSC_UI_SINGLE_DIMENSION,day90,2026-05-12,2026-08-09,sc-domain:fermatmind.com,web,page,https://fermatmind.com/en/career/jobs/orderlies,0,5,0.0,9.4,924,1000,NOT_AVAILABLE_IN_UI_EXPORT,Single-dimension GSC UI export; rows cannot be joined across dimensions; top-row and UI cap limitations apply.
VERIFIED_GSC_UI_SINGLE_DIMENSION,day90,2026-05-12,2026-08-09,sc-domain:fermatmind.com,web,page,https://fermatmind.com/en/career/jobs/heavy-vehicle-and-mobile-equipment-service-technicians,0,5,0.0,9.6,925,1000,NOT_AVAILABLE_IN_UI_EXPORT,Single-dimension GSC UI export; rows cannot be joined across dimensions; top-row and UI cap limitations apply.
VERIFIED_GSC_UI_SINGLE_DIMENSION,day90,2026-05-12,2026-08-09,sc-domain:fermatmind.com,web,page,https://fermatmind.com/en/career/jobs/gambling-dealers,0,5,0.0,9.8,926,1000,NOT_AVAILABLE_IN_UI_EXPORT,Single-dimension GSC UI export; rows cannot be joined across dimensions; top-row and UI cap limitations apply.
VERIFIED_GSC_UI_SINGLE_DIMENSION,day90,2026-05-12,2026-08-09,sc-domain:fermatmind.com,web,page,https://fermatmind.com/en/career/jobs/craft-and-fine-artists,0,5,0.0,10.8,927,1000,NOT_AVAILABLE_IN_UI_EXPORT,Single-dimension GSC UI export; rows cannot be joined across dimensions; top-row and UI cap limitations apply.
VERIFIED_GSC_UI_SINGLE_DIMENSION,day90,2026-05-12,2026-08-09,sc-domain:fermatmind.com,web,page,https://fermatmind.com/en/career/jobs/library-technicians,0,5,0.0,10.8,928,1000,NOT_AVAILABLE_IN_UI_EXPORT,Single-dimension GSC UI export; rows cannot be joined across dimensions; top-row and UI cap limitations apply.
VERIFIED_GSC_UI_SINGLE_DIMENSION,day90,2026-05-12,2026-08-09,sc-domain:fermatmind.com,web,page,https://fermatmind.com/en/career/jobs/cytotechnologists,0,5,0.0,11.0,929,1000,NOT_AVAILABLE_IN_UI_EXPORT,Single-dimension GSC UI export; rows cannot be joined across dimensions; top-row and UI cap limitations apply.
VERIFIED_GSC_UI_SINGLE_DIMENSION,day90,2026-05-12,2026-08-09,sc-domain:fermatmind.com,web,page,https://fermatmind.com/en/career/jobs/genetic-counselors,0,5,0.0,11.0,930,1000,NOT_AVAILABLE_IN_UI_EXPORT,Single-dimension GSC UI export; rows cannot be joined across dimensions; top-row and UI cap limitations apply.
VERIFIED_GSC_UI_SINGLE_DIMENSION,day90,2026-05-12,2026-08-09,sc-domain:fermatmind.com,web,page,https://fermatmind.com/zh/career/industries/design,0,5,0.0,11.2,931,1000,NOT_AVAILABLE_IN_UI_EXPORT,Single-dimension GSC UI export; rows cannot be joined across dimensions; top-row and UI cap limitations apply.
VERIFIED_GSC_UI_SINGLE_DIMENSION,day90,2026-05-12,2026-08-09,sc-domain:fermatmind.com,web,page,https://fermatmind.com/en/career/jobs/wind-energy-development-managers,0,5,0.0,11.6,932,1000,NOT_AVAILABLE_IN_UI_EXPORT,Single-dimension GSC UI export; rows cannot be joined across dimensions; top-row and UI cap limitations apply.
VERIFIED_GSC_UI_SINGLE_DIMENSION,day90,2026-05-12,2026-08-09,sc-domain:fermatmind.com,web,page,https://fermatmind.com/en/personality/big-five/facets/altruism,0,5,0.0,12.4,933,1000,NOT_AVAILABLE_IN_UI_EXPORT,Single-dimension GSC UI export; rows cannot be joined across dimensions; top-row and UI cap limitations apply.
VERIFIED_GSC_UI_SINGLE_DIMENSION,day90,2026-05-12,2026-08-09,sc-domain:fermatmind.com,web,page,https://fermatmind.com/en/career/jobs/mechanical-engineering-technicians,0,5,0.0,12.6,934,1000,NOT_AVAILABLE_IN_UI_EXPORT,Single-dimension GSC UI export; rows cannot be joined across dimensions; top-row and UI cap limitations apply.
VERIFIED_GSC_UI_SINGLE_DIMENSION,day90,2026-05-12,2026-08-09,sc-domain:fermatmind.com,web,page,https://fermatmind.com/en/career/jobs/small-engine-mechanics,0,5,0.0,12.8,935,1000,NOT_AVAILABLE_IN_UI_EXPORT,Single-dimension GSC UI export; rows cannot be joined across dimensions; top-row and UI cap limitations apply.
VERIFIED_GSC_UI_SINGLE_DIMENSION,day90,2026-05-12,2026-08-09,sc-domain:fermatmind.com,web,page,https://fermatmind.com/zh/career/jobs/tour-guides-and-escorts,0,5,0.0,13.6,936,1000,NOT_AVAILABLE_IN_UI_EXPORT,Single-dimension GSC UI export; rows cannot be joined across dimensions; top-row and UI cap limitations apply.
VERIFIED_GSC_UI_SINGLE_DIMENSION,day90,2026-05-12,2026-08-09,sc-domain:fermatmind.com,web,page,https://fermatmind.com/zh/career/jobs/cooling-and-freezing-equipment-operators-and-tenders,0,5,0.0,14.2,937,1000,NOT_AVAILABLE_IN_UI_EXPORT,Single-dimension GSC UI export; rows cannot be joined across dimensions; top-row and UI cap limitations apply.
VERIFIED_GSC_UI_SINGLE_DIMENSION,day90,2026-05-12,2026-08-09,sc-domain:fermatmind.com,web,page,https://fermatmind.com/zh/career/jobs/material-moving-machine-operators,0,5,0.0,14.6,938,1000,NOT_AVAILABLE_IN_UI_EXPORT,Single-dimension GSC UI export; rows cannot be joined across dimensions; top-row and UI cap limitations apply.
VERIFIED_GSC_UI_SINGLE_DIMENSION,day90,2026-05-12,2026-08-09,sc-domain:fermatmind.com,web,page,https://fermatmind.com/zh/career/jobs/shuttle-drivers-and-chauffeurs,0,5,0.0,14.6,939,1000,NOT_AVAILABLE_IN_UI_EXPORT,Single-dimension GSC UI export; rows cannot be joined across dimensions; top-row and UI cap limitations apply.
VERIFIED_GSC_UI_SINGLE_DIMENSION,day90,2026-05-12,2026-08-09,sc-domain:fermatmind.com,web,page,https://fermatmind.com/en/datasets/occupations/method,0,5,0.0,15.6,940,1000,NOT_AVAILABLE_IN_UI_EXPORT,Single-dimension GSC UI export; rows cannot be joined across dimensions; top-row and UI cap limitations apply.
VERIFIED_GSC_UI_SINGLE_DIMENSION,day90,2026-05-12,2026-08-09,sc-domain:fermatmind.com,web,page,https://fermatmind.com/zh/career/jobs,0,5,0.0,15.6,941,1000,NOT_AVAILABLE_IN_UI_EXPORT,Single-dimension GSC UI export; rows cannot be joined across dimensions; top-row and UI cap limitations apply.
VERIFIED_GSC_UI_SINGLE_DIMENSION,day90,2026-05-12,2026-08-09,sc-domain:fermatmind.com,web,page,https://fermatmind.com/zh/tests/clinical-depression-anxiety-assessment-professional-edition,0,5,0.0,16.0,942,1000,NOT_AVAILABLE_IN_UI_EXPORT,Single-dimension GSC UI export; rows cannot be joined across dimensions; top-row and UI cap limitations apply.
VERIFIED_GSC_UI_SINGLE_DIMENSION,day90,2026-05-12,2026-08-09,sc-domain:fermatmind.com,web,page,https://fermatmind.com/en/career/jobs/hospitalists,0,5,0.0,16.8,943,1000,NOT_AVAILABLE_IN_UI_EXPORT,Single-dimension GSC UI export; rows cannot be joined across dimensions; top-row and UI cap limitations apply.
VERIFIED_GSC_UI_SINGLE_DIMENSION,day90,2026-05-12,2026-08-09,sc-domain:fermatmind.com,web,page,https://fermatmind.com/en/career/jobs/tutors,0,5,0.0,17.4,944,1000,NOT_AVAILABLE_IN_UI_EXPORT,Single-dimension GSC UI export; rows cannot be joined across dimensions; top-row and UI cap limitations apply.
VERIFIED_GSC_UI_SINGLE_DIMENSION,day90,2026-05-12,2026-08-09,sc-domain:fermatmind.com,web,page,https://fermatmind.com/en/career/jobs/computer-programmers,0,5,0.0,19.2,945,1000,NOT_AVAILABLE_IN_UI_EXPORT,Single-dimension GSC UI export; rows cannot be joined across dimensions; top-row and UI cap limitations apply.
VERIFIED_GSC_UI_SINGLE_DIMENSION,day90,2026-05-12,2026-08-09,sc-domain:fermatmind.com,web,page,https://fermatmind.com/zh/career/jobs/cardiovascular-technologists-and-technicians,0,5,0.0,19.6,946,1000,NOT_AVAILABLE_IN_UI_EXPORT,Single-dimension GSC UI export; rows cannot be joined across dimensions; top-row and UI cap limitations apply.
VERIFIED_GSC_UI_SINGLE_DIMENSION,day90,2026-05-12,2026-08-09,sc-domain:fermatmind.com,web,page,https://fermatmind.com/en/personality/big-five/facets/vulnerability,0,5,0.0,20.4,947,1000,NOT_AVAILABLE_IN_UI_EXPORT,Single-dimension GSC UI export; rows cannot be joined across dimensions; top-row and UI cap limitations apply.
VERIFIED_GSC_UI_SINGLE_DIMENSION,day90,2026-05-12,2026-08-09,sc-domain:fermatmind.com,web,page,https://fermatmind.com/zh/career/jobs/parts-salespersons,0,5,0.0,22.0,948,1000,NOT_AVAILABLE_IN_UI_EXPORT,Single-dimension GSC UI export; rows cannot be joined across dimensions; top-row and UI cap limitations apply.
VERIFIED_GSC_UI_SINGLE_DIMENSION,day90,2026-05-12,2026-08-09,sc-domain:fermatmind.com,web,page,https://fermatmind.com/zh/help/faq,0,5,0.0,22.0,949,1000,NOT_AVAILABLE_IN_UI_EXPORT,Single-dimension GSC UI export; rows cannot be joined across dimensions; top-row and UI cap limitations apply.
VERIFIED_GSC_UI_SINGLE_DIMENSION,day90,2026-05-12,2026-08-09,sc-domain:fermatmind.com,web,page,https://fermatmind.com/zh/datasets/occupations,0,5,0.0,24.4,950,1000,NOT_AVAILABLE_IN_UI_EXPORT,Single-dimension GSC UI export; rows cannot be joined across dimensions; top-row and UI cap limitations apply.
VERIFIED_GSC_UI_SINGLE_DIMENSION,day90,2026-05-12,2026-08-09,sc-domain:fermatmind.com,web,page,https://fermatmind.com/zh/career/jobs/geographic-information-systems-technologists-and-technicians,0,5,0.0,26.4,951,1000,NOT_AVAILABLE_IN_UI_EXPORT,Single-dimension GSC UI export; rows cannot be joined across dimensions; top-row and UI cap limitations apply.
VERIFIED_GSC_UI_SINGLE_DIMENSION,day90,2026-05-12,2026-08-09,sc-domain:fermatmind.com,web,page,https://fermatmind.com/zh/career/jobs/facilities-managers,0,5,0.0,27.8,952,1000,NOT_AVAILABLE_IN_UI_EXPORT,Single-dimension GSC UI export; rows cannot be joined across dimensions; top-row and UI cap limitations apply.
VERIFIED_GSC_UI_SINGLE_DIMENSION,day90,2026-05-12,2026-08-09,sc-domain:fermatmind.com,web,page,https://fermatmind.com/zh/career/jobs/psychiatric-technicians,0,5,0.0,27.8,953,1000,NOT_AVAILABLE_IN_UI_EXPORT,Single-dimension GSC UI export; rows cannot be joined across dimensions; top-row and UI cap limitations apply.
VERIFIED_GSC_UI_SINGLE_DIMENSION,day90,2026-05-12,2026-08-09,sc-domain:fermatmind.com,web,page,https://fermatmind.com/en/career/jobs/epidemiologists,0,5,0.0,29.8,954,1000,NOT_AVAILABLE_IN_UI_EXPORT,Single-dimension GSC UI export; rows cannot be joined across dimensions; top-row and UI cap limitations apply.
VERIFIED_GSC_UI_SINGLE_DIMENSION,day90,2026-05-12,2026-08-09,sc-domain:fermatmind.com,web,page,https://fermatmind.com/zh/personality/big-five/facets/anxiety,0,5,0.0,32.4,955,1000,NOT_AVAILABLE_IN_UI_EXPORT,Single-dimension GSC UI export; rows cannot be joined across dimensions; top-row and UI cap limitations apply.
VERIFIED_GSC_UI_SINGLE_DIMENSION,day90,2026-05-12,2026-08-09,sc-domain:fermatmind.com,web,page,https://fermatmind.com/zh/help/contact,0,5,0.0,34.0,956,1000,NOT_AVAILABLE_IN_UI_EXPORT,Single-dimension GSC UI export; rows cannot be joined across dimensions; top-row and UI cap limitations apply.
VERIFIED_GSC_UI_SINGLE_DIMENSION,day90,2026-05-12,2026-08-09,sc-domain:fermatmind.com,web,page,https://fermatmind.com/zh/career/jobs/roofers,0,5,0.0,34.6,957,1000,NOT_AVAILABLE_IN_UI_EXPORT,Single-dimension GSC UI export; rows cannot be joined across dimensions; top-row and UI cap limitations apply.
VERIFIED_GSC_UI_SINGLE_DIMENSION,day90,2026-05-12,2026-08-09,sc-domain:fermatmind.com,web,page,https://fermatmind.com/zh/career/jobs/sociology-teachers-postsecondary,0,5,0.0,55.6,958,1000,NOT_AVAILABLE_IN_UI_EXPORT,Single-dimension GSC UI export; rows cannot be joined across dimensions; top-row and UI cap limitations apply.
VERIFIED_GSC_UI_SINGLE_DIMENSION,day90,2026-05-12,2026-08-09,sc-domain:fermatmind.com,web,page,https://fermatmind.com/zh/personality/enneagram/type-5/instincts/one-to-one,0,4,0.0,3.5,959,1000,NOT_AVAILABLE_IN_UI_EXPORT,Single-dimension GSC UI export; rows cannot be joined across dimensions; top-row and UI cap limitations apply.
VERIFIED_GSC_UI_SINGLE_DIMENSION,day90,2026-05-12,2026-08-09,sc-domain:fermatmind.com,web,page,https://fermatmind.com/zh/career/jobs/insurance-claims-and-policy-processing-clerks,0,4,0.0,4.25,960,1000,NOT_AVAILABLE_IN_UI_EXPORT,Single-dimension GSC UI export; rows cannot be joined across dimensions; top-row and UI cap limitations apply.
VERIFIED_GSC_UI_SINGLE_DIMENSION,day90,2026-05-12,2026-08-09,sc-domain:fermatmind.com,web,page,https://fermatmind.com/zh/personality/enneagram/type-5/instincts/self-preservation,0,4,0.0,4.5,961,1000,NOT_AVAILABLE_IN_UI_EXPORT,Single-dimension GSC UI export; rows cannot be joined across dimensions; top-row and UI cap limitations apply.
VERIFIED_GSC_UI_SINGLE_DIMENSION,day90,2026-05-12,2026-08-09,sc-domain:fermatmind.com,web,page,https://fermatmind.com/en/career/jobs/law-teachers-postsecondary,0,4,0.0,5.25,962,1000,NOT_AVAILABLE_IN_UI_EXPORT,Single-dimension GSC UI export; rows cannot be joined across dimensions; top-row and UI cap limitations apply.
VERIFIED_GSC_UI_SINGLE_DIMENSION,day90,2026-05-12,2026-08-09,sc-domain:fermatmind.com,web,page,https://fermatmind.com/en/career/jobs/fallers,0,4,0.0,5.75,963,1000,NOT_AVAILABLE_IN_UI_EXPORT,Single-dimension GSC UI export; rows cannot be joined across dimensions; top-row and UI cap limitations apply.
VERIFIED_GSC_UI_SINGLE_DIMENSION,day90,2026-05-12,2026-08-09,sc-domain:fermatmind.com,web,page,https://fermatmind.com/en/career/jobs/military-careers,0,4,0.0,6.0,964,1000,NOT_AVAILABLE_IN_UI_EXPORT,Single-dimension GSC UI export; rows cannot be joined across dimensions; top-row and UI cap limitations apply.
VERIFIED_GSC_UI_SINGLE_DIMENSION,day90,2026-05-12,2026-08-09,sc-domain:fermatmind.com,web,page,https://fermatmind.com/en/career/jobs/mathematicians-and-statisticians,0,4,0.0,6.25,965,1000,NOT_AVAILABLE_IN_UI_EXPORT,Single-dimension GSC UI export; rows cannot be joined across dimensions; top-row and UI cap limitations apply.
VERIFIED_GSC_UI_SINGLE_DIMENSION,day90,2026-05-12,2026-08-09,sc-domain:fermatmind.com,web,page,https://fermatmind.com/en/career/jobs/electrical-and-electronic-equipment-assemblers,0,4,0.0,6.5,966,1000,NOT_AVAILABLE_IN_UI_EXPORT,Single-dimension GSC UI export; rows cannot be joined across dimensions; top-row and UI cap limitations apply.
VERIFIED_GSC_UI_SINGLE_DIMENSION,day90,2026-05-12,2026-08-09,sc-domain:fermatmind.com,web,page,https://fermatmind.com/en/career/jobs/industrial-production-managers,0,4,0.0,6.5,967,1000,NOT_AVAILABLE_IN_UI_EXPORT,Single-dimension GSC UI export; rows cannot be joined across dimensions; top-row and UI cap limitations apply.
VERIFIED_GSC_UI_SINGLE_DIMENSION,day90,2026-05-12,2026-08-09,sc-domain:fermatmind.com,web,page,https://fermatmind.com/zh/career/jobs/camera-and-photographic-equipment-repairers,0,4,0.0,6.5,968,1000,NOT_AVAILABLE_IN_UI_EXPORT,Single-dimension GSC UI export; rows cannot be joined across dimensions; top-row and UI cap limitations apply.
VERIFIED_GSC_UI_SINGLE_DIMENSION,day90,2026-05-12,2026-08-09,sc-domain:fermatmind.com,web,page,https://fermatmind.com/en/career/jobs/radio-cellular-and-tower-equipment-installers-and-repairers,0,4,0.0,6.75,969,1000,NOT_AVAILABLE_IN_UI_EXPORT,Single-dimension GSC UI export; rows cannot be joined across dimensions; top-row and UI cap limitations apply.
VERIFIED_GSC_UI_SINGLE_DIMENSION,day90,2026-05-12,2026-08-09,sc-domain:fermatmind.com,web,page,https://fermatmind.com/zh/career/jobs/procurement-clerks,0,4,0.0,6.75,970,1000,NOT_AVAILABLE_IN_UI_EXPORT,Single-dimension GSC UI export; rows cannot be joined across dimensions; top-row and UI cap limitations apply.
VERIFIED_GSC_UI_SINGLE_DIMENSION,day90,2026-05-12,2026-08-09,sc-domain:fermatmind.com,web,page,https://fermatmind.com/en/career/jobs/paper-goods-machine-setters-operators-and-tenders,0,4,0.0,7.0,971,1000,NOT_AVAILABLE_IN_UI_EXPORT,Single-dimension GSC UI export; rows cannot be joined across dimensions; top-row and UI cap limitations apply.
VERIFIED_GSC_UI_SINGLE_DIMENSION,day90,2026-05-12,2026-08-09,sc-domain:fermatmind.com,web,page,https://fermatmind.com/zh/career/jobs/magnetic-resonance-imaging-technologists,0,4,0.0,7.5,972,1000,NOT_AVAILABLE_IN_UI_EXPORT,Single-dimension GSC UI export; rows cannot be joined across dimensions; top-row and UI cap limitations apply.
VERIFIED_GSC_UI_SINGLE_DIMENSION,day90,2026-05-12,2026-08-09,sc-domain:fermatmind.com,web,page,https://fermatmind.com/zh/career/jobs/private-detectives-and-investigators,0,4,0.0,7.5,973,1000,NOT_AVAILABLE_IN_UI_EXPORT,Single-dimension GSC UI export; rows cannot be joined across dimensions; top-row and UI cap limitations apply.
VERIFIED_GSC_UI_SINGLE_DIMENSION,day90,2026-05-12,2026-08-09,sc-domain:fermatmind.com,web,page,https://fermatmind.com/en/personality/enneagram/centers/head,0,4,0.0,8.0,974,1000,NOT_AVAILABLE_IN_UI_EXPORT,Single-dimension GSC UI export; rows cannot be joined across dimensions; top-row and UI cap limitations apply.
VERIFIED_GSC_UI_SINGLE_DIMENSION,day90,2026-05-12,2026-08-09,sc-domain:fermatmind.com,web,page,https://fermatmind.com/zh/articles/big-five-stress-response-patterns-without-diagnosis,0,4,0.0,8.0,975,1000,NOT_AVAILABLE_IN_UI_EXPORT,Single-dimension GSC UI export; rows cannot be joined across dimensions; top-row and UI cap limitations apply.
VERIFIED_GSC_UI_SINGLE_DIMENSION,day90,2026-05-12,2026-08-09,sc-domain:fermatmind.com,web,page,https://fermatmind.com/en/career/jobs/potters-manufacturing,0,4,0.0,8.25,976,1000,NOT_AVAILABLE_IN_UI_EXPORT,Single-dimension GSC UI export; rows cannot be joined across dimensions; top-row and UI cap limitations apply.
VERIFIED_GSC_UI_SINGLE_DIMENSION,day90,2026-05-12,2026-08-09,sc-domain:fermatmind.com,web,page,https://fermatmind.com/en/career/jobs/physics-teachers-postsecondary,0,4,0.0,8.5,977,1000,NOT_AVAILABLE_IN_UI_EXPORT,Single-dimension GSC UI export; rows cannot be joined across dimensions; top-row and UI cap limitations apply.
VERIFIED_GSC_UI_SINGLE_DIMENSION,day90,2026-05-12,2026-08-09,sc-domain:fermatmind.com,web,page,https://fermatmind.com/en/career/jobs/teaching-assistants-special-education,0,4,0.0,8.5,978,1000,NOT_AVAILABLE_IN_UI_EXPORT,Single-dimension GSC UI export; rows cannot be joined across dimensions; top-row and UI cap limitations apply.
VERIFIED_GSC_UI_SINGLE_DIMENSION,day90,2026-05-12,2026-08-09,sc-domain:fermatmind.com,web,page,https://fermatmind.com/zh/career/jobs/logisticians,0,4,0.0,8.75,979,1000,NOT_AVAILABLE_IN_UI_EXPORT,Single-dimension GSC UI export; rows cannot be joined across dimensions; top-row and UI cap limitations apply.
VERIFIED_GSC_UI_SINGLE_DIMENSION,day90,2026-05-12,2026-08-09,sc-domain:fermatmind.com,web,page,https://fermatmind.com/zh/career/jobs/farmworkers-and-laborers-crop-nursery-and-greenhouse,0,4,0.0,9.75,980,1000,NOT_AVAILABLE_IN_UI_EXPORT,Single-dimension GSC UI export; rows cannot be joined across dimensions; top-row and UI cap limitations apply.
VERIFIED_GSC_UI_SINGLE_DIMENSION,day90,2026-05-12,2026-08-09,sc-domain:fermatmind.com,web,page,https://fermatmind.com/en/career/jobs/medical-records-and-health-information-technicians,0,4,0.0,10.0,981,1000,NOT_AVAILABLE_IN_UI_EXPORT,Single-dimension GSC UI export; rows cannot be joined across dimensions; top-row and UI cap limitations apply.
VERIFIED_GSC_UI_SINGLE_DIMENSION,day90,2026-05-12,2026-08-09,sc-domain:fermatmind.com,web,page,https://fermatmind.com/en/career/jobs/painters-construction-and-maintenance,0,4,0.0,10.5,982,1000,NOT_AVAILABLE_IN_UI_EXPORT,Single-dimension GSC UI export; rows cannot be joined across dimensions; top-row and UI cap limitations apply.
VERIFIED_GSC_UI_SINGLE_DIMENSION,day90,2026-05-12,2026-08-09,sc-domain:fermatmind.com,web,page,https://fermatmind.com/en/articles/how-personality-shapes-attitude-toward-ai,0,4,0.0,11.25,983,1000,NOT_AVAILABLE_IN_UI_EXPORT,Single-dimension GSC UI export; rows cannot be joined across dimensions; top-row and UI cap limitations apply.
VERIFIED_GSC_UI_SINGLE_DIMENSION,day90,2026-05-12,2026-08-09,sc-domain:fermatmind.com,web,page,https://fermatmind.com/zh/articles/habits-and-big-five-traits-behavior-is-not-identity,0,4,0.0,11.75,984,1000,NOT_AVAILABLE_IN_UI_EXPORT,Single-dimension GSC UI export; rows cannot be joined across dimensions; top-row and UI cap limitations apply.
VERIFIED_GSC_UI_SINGLE_DIMENSION,day90,2026-05-12,2026-08-09,sc-domain:fermatmind.com,web,page,https://fermatmind.com/en/career/jobs/log-graders-and-scalers,0,4,0.0,12.0,985,1000,NOT_AVAILABLE_IN_UI_EXPORT,Single-dimension GSC UI export; rows cannot be joined across dimensions; top-row and UI cap limitations apply.
VERIFIED_GSC_UI_SINGLE_DIMENSION,day90,2026-05-12,2026-08-09,sc-domain:fermatmind.com,web,page,https://fermatmind.com/en/career/jobs/painting-coating-and-decorating-workers,0,4,0.0,12.25,986,1000,NOT_AVAILABLE_IN_UI_EXPORT,Single-dimension GSC UI export; rows cannot be joined across dimensions; top-row and UI cap limitations apply.
VERIFIED_GSC_UI_SINGLE_DIMENSION,day90,2026-05-12,2026-08-09,sc-domain:fermatmind.com,web,page,https://fermatmind.com/zh/career/jobs/poets-lyricists-and-creative-writers,0,4,0.0,12.5,987,1000,NOT_AVAILABLE_IN_UI_EXPORT,Single-dimension GSC UI export; rows cannot be joined across dimensions; top-row and UI cap limitations apply.
VERIFIED_GSC_UI_SINGLE_DIMENSION,day90,2026-05-12,2026-08-09,sc-domain:fermatmind.com,web,page,https://fermatmind.com/zh/personality/big-five/openness-mid,0,4,0.0,12.75,988,1000,NOT_AVAILABLE_IN_UI_EXPORT,Single-dimension GSC UI export; rows cannot be joined across dimensions; top-row and UI cap limitations apply.
VERIFIED_GSC_UI_SINGLE_DIMENSION,day90,2026-05-12,2026-08-09,sc-domain:fermatmind.com,web,page,https://fermatmind.com/zh/career/jobs/education-and-childcare-administrators-preschool-and-daycare,0,4,0.0,15.75,989,1000,NOT_AVAILABLE_IN_UI_EXPORT,Single-dimension GSC UI export; rows cannot be joined across dimensions; top-row and UI cap limitations apply.
VERIFIED_GSC_UI_SINGLE_DIMENSION,day90,2026-05-12,2026-08-09,sc-domain:fermatmind.com,web,page,https://fermatmind.com/en/career/jobs/retail-sales-workers,0,4,0.0,17.5,990,1000,NOT_AVAILABLE_IN_UI_EXPORT,Single-dimension GSC UI export; rows cannot be joined across dimensions; top-row and UI cap limitations apply.
VERIFIED_GSC_UI_SINGLE_DIMENSION,day90,2026-05-12,2026-08-09,sc-domain:fermatmind.com,web,page,https://fermatmind.com/en/help/faq,0,4,0.0,17.75,991,1000,NOT_AVAILABLE_IN_UI_EXPORT,Single-dimension GSC UI export; rows cannot be joined across dimensions; top-row and UI cap limitations apply.
VERIFIED_GSC_UI_SINGLE_DIMENSION,day90,2026-05-12,2026-08-09,sc-domain:fermatmind.com,web,page,https://fermatmind.com/en/personality/enneagram,0,4,0.0,19.25,992,1000,NOT_AVAILABLE_IN_UI_EXPORT,Single-dimension GSC UI export; rows cannot be joined across dimensions; top-row and UI cap limitations apply.
VERIFIED_GSC_UI_SINGLE_DIMENSION,day90,2026-05-12,2026-08-09,sc-domain:fermatmind.com,web,page,https://fermatmind.com/zh/career/jobs/aircraft-launch-and-recovery-officers,0,4,0.0,19.5,993,1000,NOT_AVAILABLE_IN_UI_EXPORT,Single-dimension GSC UI export; rows cannot be joined across dimensions; top-row and UI cap limitations apply.
VERIFIED_GSC_UI_SINGLE_DIMENSION,day90,2026-05-12,2026-08-09,sc-domain:fermatmind.com,web,page,https://fermatmind.com/zh/career/jobs/materials-scientists,0,4,0.0,23.0,994,1000,NOT_AVAILABLE_IN_UI_EXPORT,Single-dimension GSC UI export; rows cannot be joined across dimensions; top-row and UI cap limitations apply.
VERIFIED_GSC_UI_SINGLE_DIMENSION,day90,2026-05-12,2026-08-09,sc-domain:fermatmind.com,web,page,https://fermatmind.com/en/career/jobs/logisticians,0,4,0.0,24.25,995,1000,NOT_AVAILABLE_IN_UI_EXPORT,Single-dimension GSC UI export; rows cannot be joined across dimensions; top-row and UI cap limitations apply.
VERIFIED_GSC_UI_SINGLE_DIMENSION,day90,2026-05-12,2026-08-09,sc-domain:fermatmind.com,web,page,https://fermatmind.com/zh/career/jobs/training-and-development-specialists,0,4,0.0,25.75,996,1000,NOT_AVAILABLE_IN_UI_EXPORT,Single-dimension GSC UI export; rows cannot be joined across dimensions; top-row and UI cap limitations apply.
VERIFIED_GSC_UI_SINGLE_DIMENSION,day90,2026-05-12,2026-08-09,sc-domain:fermatmind.com,web,page,https://fermatmind.com/en/personality/big-five/facets/anger,0,4,0.0,28.0,997,1000,NOT_AVAILABLE_IN_UI_EXPORT,Single-dimension GSC UI export; rows cannot be joined across dimensions; top-row and UI cap limitations apply.
VERIFIED_GSC_UI_SINGLE_DIMENSION,day90,2026-05-12,2026-08-09,sc-domain:fermatmind.com,web,page,https://fermatmind.com/en/career/jobs/medical-transcriptionists,0,4,0.0,30.75,998,1000,NOT_AVAILABLE_IN_UI_EXPORT,Single-dimension GSC UI export; rows cannot be joined across dimensions; top-row and UI cap limitations apply.
VERIFIED_GSC_UI_SINGLE_DIMENSION,day90,2026-05-12,2026-08-09,sc-domain:fermatmind.com,web,page,https://fermatmind.com/en/career/guides,0,4,0.0,32.0,999,1000,NOT_AVAILABLE_IN_UI_EXPORT,Single-dimension GSC UI export; rows cannot be joined across dimensions; top-row and UI cap limitations apply.
VERIFIED_GSC_UI_SINGLE_DIMENSION,day90,2026-05-12,2026-08-09,sc-domain:fermatmind.com,web,page,https://fermatmind.com/zh/career/jobs/dancers-and-choreographers,0,4,0.0,43.75,1000,1000,NOT_AVAILABLE_IN_UI_EXPORT,Single-dimension GSC UI export; rows cannot be joined across dimensions; top-row and UI cap limitations apply.
