anomaly_type,severity,source_url,target_url,dom_region,anchor_text,evidence_status,detail
non_corpus_internal_target,UNKNOWN,https://fermatmind.com/,https://fermatmind.com/zh/tests?q=,header/navigation,,UNKNOWN,Target is not in current authority corpus; not labeled broken without reliable target readback.
private_route_link,HIGH,https://fermatmind.com/,PRIVATE_ROUTE_REDACTED:results,header/navigation,我的账户,VERIFIED,Visible internal link targets a private/sensitive route; target was not crawled.
non_corpus_internal_target,UNKNOWN,https://fermatmind.com/,https://fermatmind.com/zh/science,footer,测评科学,UNKNOWN,Target is not in current authority corpus; not labeled broken without reliable target readback.
non_corpus_internal_target,UNKNOWN,https://fermatmind.com/,https://fermatmind.com/zh/item-design-notes,footer,题目设计说明,UNKNOWN,Target is not in current authority corpus; not labeled broken without reliable target readback.
non_corpus_internal_target,UNKNOWN,https://fermatmind.com/,https://fermatmind.com/zh/reliability-validity,footer,信度效度,UNKNOWN,Target is not in current authority corpus; not labeled broken without reliable target readback.
non_corpus_internal_target,UNKNOWN,https://fermatmind.com/,https://fermatmind.com/zh/data-privacy,footer,数据说明,UNKNOWN,Target is not in current authority corpus; not labeled broken without reliable target readback.
non_corpus_internal_target,UNKNOWN,https://fermatmind.com/,https://fermatmind.com/zh/common-misconceptions,footer,常见误区,UNKNOWN,Target is not in current authority corpus; not labeled broken without reliable target readback.
non_corpus_internal_target,UNKNOWN,https://fermatmind.com/en,https://fermatmind.com/en/tests?q=,header/navigation,,UNKNOWN,Target is not in current authority corpus; not labeled broken without reliable target readback.
private_route_link,HIGH,https://fermatmind.com/en,PRIVATE_ROUTE_REDACTED:results,header/navigation,My Account,VERIFIED,Visible internal link targets a private/sensitive route; target was not crawled.
non_corpus_internal_target,UNKNOWN,https://fermatmind.com/en/about,https://fermatmind.com/en/tests?q=,header/navigation,,UNKNOWN,Target is not in current authority corpus; not labeled broken without reliable target readback.
private_route_link,HIGH,https://fermatmind.com/en/about,PRIVATE_ROUTE_REDACTED:results,header/navigation,My Account,VERIFIED,Visible internal link targets a private/sensitive route; target was not crawled.
non_corpus_internal_target,UNKNOWN,https://fermatmind.com/en/articles,https://fermatmind.com/en/tests?q=,header/navigation,,UNKNOWN,Target is not in current authority corpus; not labeled broken without reliable target readback.
non_corpus_internal_target,UNKNOWN,https://fermatmind.com/en/articles,https://fermatmind.com/en/articles/mbti-narrative-portrait,inline contextual,,UNKNOWN,Target is not in current authority corpus; not labeled broken without reliable target readback.
non_corpus_internal_target,UNKNOWN,https://fermatmind.com/en/articles,https://fermatmind.com/en/articles/mbti-narrative-portrait,inline contextual,How Should You Interpret MBTI Results? Validate Four Preference Pairs in Real Situations,UNKNOWN,Target is not in current authority corpus; not labeled broken without reliable target readback.
non_corpus_internal_target,UNKNOWN,https://fermatmind.com/en/articles,https://fermatmind.com/en/articles/mbti-growth-guide,inline contextual,,UNKNOWN,Target is not in current authority corpus; not labeled broken without reliable target readback.
non_corpus_internal_target,UNKNOWN,https://fermatmind.com/en/articles,https://fermatmind.com/en/articles/mbti-growth-guide,inline contextual,How Can MBTI Support Personal Growth? From Preferences to Four-Week Behavioral Experiments,UNKNOWN,Target is not in current authority corpus; not labeled broken without reliable target readback.
non_corpus_internal_target,UNKNOWN,https://fermatmind.com/en/articles,https://fermatmind.com/en/articles/mbti-basics,inline contextual,,UNKNOWN,Target is not in current authority corpus; not labeled broken without reliable target readback.
non_corpus_internal_target,UNKNOWN,https://fermatmind.com/en/articles,https://fermatmind.com/en/articles/mbti-basics,inline contextual,What Is MBTI? What 16 Personality Types Can—and Cannot—Tell You,UNKNOWN,Target is not in current authority corpus; not labeled broken without reliable target readback.
non_corpus_internal_target,UNKNOWN,https://fermatmind.com/en/articles,https://fermatmind.com/en/articles/math-not-good-computer-ai-major-course-riasec-checklist,inline contextual,,UNKNOWN,Target is not in current authority corpus; not labeled broken without reliable target readback.
non_corpus_internal_target,UNKNOWN,https://fermatmind.com/en/articles,https://fermatmind.com/en/articles/math-not-good-computer-ai-major-course-riasec-checklist,inline contextual,"Can You Study Computer Science or AI If Math Is Not Your Strength? A Course, Work-Activity, and RIASEC Checklist",UNKNOWN,Target is not in current authority corpus; not labeled broken without reliable target readback.
non_corpus_internal_target,UNKNOWN,https://fermatmind.com/en/articles,https://fermatmind.com/en/articles/math-not-good-computer-ai-major-course-riasec-checklist,inline contextual,Read article,UNKNOWN,Target is not in current authority corpus; not labeled broken without reliable target readback.
non_corpus_internal_target,UNKNOWN,https://fermatmind.com/en/articles,https://fermatmind.com/en/articles/iq-test-tool-guide,inline contextual,,UNKNOWN,Target is not in current authority corpus; not labeled broken without reliable target readback.
non_corpus_internal_target,UNKNOWN,https://fermatmind.com/en/articles,https://fermatmind.com/en/articles/iq-test-tool-guide,inline contextual,"FermatMind IQ Test Guide: What It Measures, How to Read Results, and Its Limits",UNKNOWN,Target is not in current authority corpus; not labeled broken without reliable target readback.
non_corpus_internal_target,UNKNOWN,https://fermatmind.com/en/articles,https://fermatmind.com/en/articles/iq-test-tool-guide,inline contextual,Read article,UNKNOWN,Target is not in current authority corpus; not labeled broken without reliable target readback.
non_corpus_internal_target,UNKNOWN,https://fermatmind.com/en/articles,https://fermatmind.com/en/articles/iq-test-score-and-limits-explained,inline contextual,,UNKNOWN,Target is not in current authority corpus; not labeled broken without reliable target readback.
non_corpus_internal_target,UNKNOWN,https://fermatmind.com/en/articles,https://fermatmind.com/en/articles/iq-test-score-and-limits-explained,inline contextual,"Are Online IQ Tests Reliable? Scores, Question Types, and Interpretation Limits",UNKNOWN,Target is not in current authority corpus; not labeled broken without reliable target readback.
non_corpus_internal_target,UNKNOWN,https://fermatmind.com/en/articles,https://fermatmind.com/en/articles/iq-test-score-and-limits-explained,inline contextual,Read article,UNKNOWN,Target is not in current authority corpus; not labeled broken without reliable target readback.
non_corpus_internal_target,UNKNOWN,https://fermatmind.com/en/articles,https://fermatmind.com/en/articles/iq-test-narrative-portrait,inline contextual,,UNKNOWN,Target is not in current authority corpus; not labeled broken without reliable target readback.
non_corpus_internal_target,UNKNOWN,https://fermatmind.com/en/articles,https://fermatmind.com/en/articles/iq-test-narrative-portrait,inline contextual,"How to Interpret Online Reasoning Test Results: Scores, Question Types, Strategy, and Test Conditions",UNKNOWN,Target is not in current authority corpus; not labeled broken without reliable target readback.
non_corpus_internal_target,UNKNOWN,https://fermatmind.com/en/articles,https://fermatmind.com/en/articles/iq-test-narrative-portrait,inline contextual,Read article,UNKNOWN,Target is not in current authority corpus; not labeled broken without reliable target readback.
non_corpus_internal_target,UNKNOWN,https://fermatmind.com/en/articles,https://fermatmind.com/en/articles/iq-test-growth-guide,inline contextual,,UNKNOWN,Target is not in current authority corpus; not labeled broken without reliable target readback.
non_corpus_internal_target,UNKNOWN,https://fermatmind.com/en/articles,https://fermatmind.com/en/articles/iq-test-growth-guide,inline contextual,Training After an IQ Test: A Four-Week Guide to Improving Problem-Solving Strategies and Consistency,UNKNOWN,Target is not in current authority corpus; not labeled broken without reliable target readback.
non_corpus_internal_target,UNKNOWN,https://fermatmind.com/en/articles,https://fermatmind.com/en/articles/iq-test-growth-guide,inline contextual,Read article,UNKNOWN,Target is not in current authority corpus; not labeled broken without reliable target readback.
non_corpus_internal_target,UNKNOWN,https://fermatmind.com/en/articles,https://fermatmind.com/en/articles/gaokao-score-major-shortlist-riasec-checklist,inline contextual,,UNKNOWN,Target is not in current authority corpus; not labeled broken without reliable target readback.
non_corpus_internal_target,UNKNOWN,https://fermatmind.com/en/articles,https://fermatmind.com/en/articles/gaokao-score-major-shortlist-riasec-checklist,inline contextual,"After Gaokao Scores Are Released, How Should You Shortlist Majors? A RIASEC Checklist",UNKNOWN,Target is not in current authority corpus; not labeled broken without reliable target readback.
non_corpus_internal_target,UNKNOWN,https://fermatmind.com/en/articles,https://fermatmind.com/en/articles/gaokao-score-major-shortlist-riasec-checklist,inline contextual,Read article,UNKNOWN,Target is not in current authority corpus; not labeled broken without reliable target readback.
non_corpus_internal_target,UNKNOWN,https://fermatmind.com/en/articles,https://fermatmind.com/en/articles/gaokao-major-choice-parent-conflict-riasec-course-checklist,inline contextual,,UNKNOWN,Target is not in current authority corpus; not labeled broken without reliable target readback.
non_corpus_internal_target,UNKNOWN,https://fermatmind.com/en/articles,https://fermatmind.com/en/articles/gaokao-major-choice-parent-conflict-riasec-course-checklist,inline contextual,What If Parents and Students Disagree About a Major? Turn Gaokao Choice Conflicts into Three Lists,UNKNOWN,Target is not in current authority corpus; not labeled broken without reliable target readback.
non_corpus_internal_target,UNKNOWN,https://fermatmind.com/en/articles,https://fermatmind.com/en/articles/gaokao-major-choice-parent-conflict-riasec-course-checklist,inline contextual,Read article,UNKNOWN,Target is not in current authority corpus; not labeled broken without reliable target readback.
non_corpus_internal_target,UNKNOWN,https://fermatmind.com/en/articles,https://fermatmind.com/en/articles/gaokao-major-adjustment-unacceptable-major-checklist,inline contextual,,UNKNOWN,Target is not in current authority corpus; not labeled broken without reliable target readback.
non_corpus_internal_target,UNKNOWN,https://fermatmind.com/en/articles,https://fermatmind.com/en/articles/gaokao-major-adjustment-unacceptable-major-checklist,inline contextual,Should You Accept Major Reassignment in Gaokao Applications? Start with the Unacceptable Majors in Each Program Group,UNKNOWN,Target is not in current authority corpus; not labeled broken without reliable target readback.
non_corpus_internal_target,UNKNOWN,https://fermatmind.com/en/articles,https://fermatmind.com/en/articles/gaokao-major-adjustment-unacceptable-major-checklist,inline contextual,Read article,UNKNOWN,Target is not in current authority corpus; not labeled broken without reliable target readback.
non_corpus_internal_target,UNKNOWN,https://fermatmind.com/en/articles,https://fermatmind.com/en/articles/eq-test-tool-guide,inline contextual,,UNKNOWN,Target is not in current authority corpus; not labeled broken without reliable target readback.
non_corpus_internal_target,UNKNOWN,https://fermatmind.com/en/articles,https://fermatmind.com/en/articles/eq-test-tool-guide,inline contextual,Are EQ Tests Reliable? How to Read Scores and What They Say About Emotion Management and Relationships,UNKNOWN,Target is not in current authority corpus; not labeled broken without reliable target readback.
non_corpus_internal_target,UNKNOWN,https://fermatmind.com/en/articles,https://fermatmind.com/en/articles/eq-test-tool-guide,inline contextual,Read article,UNKNOWN,Target is not in current authority corpus; not labeled broken without reliable target readback.
non_corpus_internal_target,UNKNOWN,https://fermatmind.com/en/articles,https://fermatmind.com/en/articles/enneagram-personality-test-explained,inline contextual,,UNKNOWN,Target is not in current authority corpus; not labeled broken without reliable target readback.
non_corpus_internal_target,UNKNOWN,https://fermatmind.com/en/articles,https://fermatmind.com/en/articles/enneagram-personality-test-explained,inline contextual,"Are Enneagram Tests Reliable? Nine Types, Core Motivations, and Result Boundaries",UNKNOWN,Target is not in current authority corpus; not labeled broken without reliable target readback.
non_corpus_internal_target,UNKNOWN,https://fermatmind.com/en/articles,https://fermatmind.com/en/articles/enneagram-personality-test-explained,inline contextual,Read article,UNKNOWN,Target is not in current authority corpus; not labeled broken without reliable target readback.
non_corpus_internal_target,UNKNOWN,https://fermatmind.com/en/articles,https://fermatmind.com/en/articles/college-major-choice-holland-mbti-career-test,inline contextual,,UNKNOWN,Target is not in current authority corpus; not labeled broken without reliable target readback.
non_corpus_internal_target,UNKNOWN,https://fermatmind.com/en/articles,https://fermatmind.com/en/articles/college-major-choice-holland-mbti-career-test,inline contextual,"Choosing a College Major After the Gaokao: How to Use RIASEC, MBTI, and Career Interest Tests",UNKNOWN,Target is not in current authority corpus; not labeled broken without reliable target readback.
non_corpus_internal_target,UNKNOWN,https://fermatmind.com/en/articles,https://fermatmind.com/en/articles/college-major-choice-holland-mbti-career-test,inline contextual,Read article,UNKNOWN,Target is not in current authority corpus; not labeled broken without reliable target readback.
non_corpus_internal_target,UNKNOWN,https://fermatmind.com/en/articles,https://fermatmind.com/en/articles/big-five-tool-guide,inline contextual,,UNKNOWN,Target is not in current authority corpus; not labeled broken without reliable target readback.
non_corpus_internal_target,UNKNOWN,https://fermatmind.com/en/articles,https://fermatmind.com/en/articles/big-five-tool-guide,inline contextual,Big Five Personality Test Guide: How to Use Results and Respect Their Limits,UNKNOWN,Target is not in current authority corpus; not labeled broken without reliable target readback.
non_corpus_internal_target,UNKNOWN,https://fermatmind.com/en/articles,https://fermatmind.com/en/articles/big-five-tool-guide,inline contextual,Read article,UNKNOWN,Target is not in current authority corpus; not labeled broken without reliable target readback.
non_corpus_internal_target,UNKNOWN,https://fermatmind.com/en/articles,https://fermatmind.com/en/articles/big-five-narrative-portrait,inline contextual,,UNKNOWN,Target is not in current authority corpus; not labeled broken without reliable target readback.
non_corpus_internal_target,UNKNOWN,https://fermatmind.com/en/articles,https://fermatmind.com/en/articles/big-five-narrative-portrait,inline contextual,How Should You Read a Big Five Personality Profile? Turning OCEAN Scores into a Personal Narrative,UNKNOWN,Target is not in current authority corpus; not labeled broken without reliable target readback.
non_corpus_internal_target,UNKNOWN,https://fermatmind.com/en/articles,https://fermatmind.com/en/articles/big-five-narrative-portrait,inline contextual,Read article,UNKNOWN,Target is not in current authority corpus; not labeled broken without reliable target readback.
non_corpus_internal_target,UNKNOWN,https://fermatmind.com/en/articles,https://fermatmind.com/en/articles/big-five-growth-guide,inline contextual,,UNKNOWN,Target is not in current authority corpus; not labeled broken without reliable target readback.
non_corpus_internal_target,UNKNOWN,https://fermatmind.com/en/articles,https://fermatmind.com/en/articles/big-five-growth-guide,inline contextual,How Can Big Five Personality Results Support Growth? A Five-Dimensional Behavioral Experiment and Review Guide,UNKNOWN,Target is not in current authority corpus; not labeled broken without reliable target readback.
non_corpus_internal_target,UNKNOWN,https://fermatmind.com/en/articles,https://fermatmind.com/en/articles/big-five-growth-guide,inline contextual,Read article,UNKNOWN,Target is not in current authority corpus; not labeled broken without reliable target readback.
non_corpus_internal_target,UNKNOWN,https://fermatmind.com/en/articles,https://fermatmind.com/en/articles?page=2,inline contextual,Next,UNKNOWN,Target is not in current authority corpus; not labeled broken without reliable target readback.
non_corpus_internal_target,UNKNOWN,https://fermatmind.com/en/articles/are-infj-men-rare-or-socially-silenced,https://fermatmind.com/en/tests?q=,header/navigation,,UNKNOWN,Target is not in current authority corpus; not labeled broken without reliable target readback.
non_corpus_internal_target,UNKNOWN,https://fermatmind.com/en/articles/are-infj-men-rare-or-socially-silenced,https://fermatmind.com/en/tests/mbti-personality-test-16-personality-types?entry_surface=article_detail_seo_cta&source_page_type=article_detail&source_route_family=article&source_slug=are-infj-men-rare-or-socially-silenced&content_id=26&target_action=seo_cta_start_test&test_slug=mbti-personality-test-16-personality-types&target_test_slug=mbti-personality-test-16-personality-types&cta_id=start_test&landing_path=%2Fen%2Farticles%2Fare-infj-men-rare-or-socially-silenced&entrypoint=seo_cta,inline contextual,Take the test,UNKNOWN,Target is not in current authority corpus; not labeled broken without reliable target readback.
non_corpus_internal_target,UNKNOWN,https://fermatmind.com/en/articles/best-valentines-date-by-personality-and-relationship-science,https://fermatmind.com/en/tests?q=,header/navigation,,UNKNOWN,Target is not in current authority corpus; not labeled broken without reliable target readback.
non_corpus_internal_target,UNKNOWN,https://fermatmind.com/en/articles/best-valentines-date-by-personality-and-relationship-science,https://fermatmind.com/en/tests/mbti-personality-test-16-personality-types?entry_surface=article_detail_seo_cta&source_page_type=article_detail&source_route_family=article&source_slug=best-valentines-date-by-personality-and-relationship-science&content_id=27&target_action=seo_cta_start_test&test_slug=mbti-personality-test-16-personality-types&target_test_slug=mbti-personality-test-16-personality-types&cta_id=start_test&landing_path=%2Fen%2Farticles%2Fbest-valentines-date-by-personality-and-relationship-science&entrypoint=seo_cta,inline contextual,Take the test,UNKNOWN,Target is not in current authority corpus; not labeled broken without reliable target readback.
non_corpus_internal_target,UNKNOWN,https://fermatmind.com/en/articles/big-five-conscientiousness-low-procrastination-task-plan,https://fermatmind.com/en/tests?q=,header/navigation,,UNKNOWN,Target is not in current authority corpus; not labeled broken without reliable target readback.
non_corpus_internal_target,UNKNOWN,https://fermatmind.com/en/articles/big-five-conscientiousness-low-procrastination-task-plan,https://fermatmind.com/en/tests/big-five-personality-test-ocean-model?entry_surface=article_detail_seo_cta&source_page_type=article_detail&source_route_family=article&source_slug=big-five-conscientiousness-low-procrastination-task-plan&content_id=81&target_action=seo_cta_mid_article&test_slug=big-five-personality-test-ocean-model&target_test_slug=big-five-personality-test-ocean-model&cta_id=mid_article&landing_path=%2Fen%2Farticles%2Fbig-five-conscientiousness-low-procrastination-task-plan&entrypoint=seo_cta,inline contextual,"Take the Big Five test, then use this checklist to observe procrastination triggers and execution systems",UNKNOWN,Target is not in current authority corpus; not labeled broken without reliable target readback.
non_corpus_internal_target,UNKNOWN,https://fermatmind.com/en/articles/big-five-conscientiousness-low-procrastination-task-plan,https://fermatmind.com/en/tests/big-five-personality-test-ocean-model?entry_surface=article_detail_seo_cta&source_page_type=article_detail&source_route_family=article&source_slug=big-five-conscientiousness-low-procrastination-task-plan&content_id=81&target_action=seo_cta_end_article&test_slug=big-five-personality-test-ocean-model&target_test_slug=big-five-personality-test-ocean-model&cta_id=end_article&landing_path=%2Fen%2Farticles%2Fbig-five-conscientiousness-low-procrastination-task-plan&entrypoint=seo_cta,inline contextual,Start the Big Five personality test,UNKNOWN,Target is not in current authority corpus; not labeled broken without reliable target readback.
non_corpus_internal_target,UNKNOWN,https://fermatmind.com/en/articles/big-five-emotional-stability-stress-recovery-communication,https://fermatmind.com/en/tests?q=,header/navigation,,UNKNOWN,Target is not in current authority corpus; not labeled broken without reliable target readback.
non_corpus_internal_target,UNKNOWN,https://fermatmind.com/en/articles/big-five-emotional-stability-stress-recovery-communication,https://fermatmind.com/en/tests/big-five-personality-test-ocean-model?entry_surface=article_detail_seo_cta&source_page_type=article_detail&source_route_family=article&source_slug=big-five-emotional-stability-stress-recovery-communication&content_id=79&target_action=seo_cta_article_cta_1&test_slug=big-five-personality-test-ocean-model&target_test_slug=big-five-personality-test-ocean-model&cta_id=article_cta_1&landing_path=%2Fen%2Farticles%2Fredacted&entrypoint=seo_cta,inline contextual,"Take the Big Five test, then map your stress triggers",UNKNOWN,Target is not in current authority corpus; not labeled broken without reliable target readback.
non_corpus_internal_target,UNKNOWN,https://fermatmind.com/en/articles/big-five-emotional-stability-stress-recovery-communication,https://fermatmind.com/en/tests/big-five-personality-test-ocean-model?entry_surface=article_detail_seo_cta&source_page_type=article_detail&source_route_family=article&source_slug=big-five-emotional-stability-stress-recovery-communication&content_id=79&target_action=seo_cta_article_cta_2&test_slug=big-five-personality-test-ocean-model&target_test_slug=big-five-personality-test-ocean-model&cta_id=article_cta_2&landing_path=%2Fen%2Farticles%2Fredacted&entrypoint=seo_cta,inline contextual,Review your OCEAN profile,UNKNOWN,Target is not in current authority corpus; not labeled broken without reliable target readback.
non_corpus_internal_target,UNKNOWN,https://fermatmind.com/en/articles/big-five-personality-test-vs-mbti,https://fermatmind.com/en/tests?q=,header/navigation,,UNKNOWN,Target is not in current authority corpus; not labeled broken without reliable target readback.
non_corpus_internal_target,UNKNOWN,https://fermatmind.com/en/articles/big-five-personality-test-vs-mbti,https://fermatmind.com/en/tests/big-five-personality-test?entry_surface=article_detail_seo_cta&source_page_type=article_detail&source_route_family=article&source_slug=big-five-personality-test-vs-mbti&content_id=35&target_action=seo_cta_cta_big_five_above_fold&test_slug=big-five-personality-test&target_test_slug=big-five-personality-test&cta_id=cta_big_five_above_fold&landing_path=%2Fen%2Farticles%2Fbig-five-personality-test-vs-mbti&entrypoint=seo_cta,inline contextual,Start the Big Five test,UNKNOWN,Target is not in current authority corpus; not labeled broken without reliable target readback.
non_corpus_internal_target,UNKNOWN,https://fermatmind.com/en/articles/big-five-personality-test-vs-mbti,https://fermatmind.com/en/tests/big-five-personality-test?entry_surface=article_detail_seo_cta&source_page_type=article_detail&source_route_family=article&source_slug=big-five-personality-test-vs-mbti&content_id=35&target_action=seo_cta_cta_big_five_after_ocean&test_slug=big-five-personality-test&target_test_slug=big-five-personality-test&cta_id=cta_big_five_after_ocean&landing_path=%2Fen%2Farticles%2Fbig-five-personality-test-vs-mbti&entrypoint=seo_cta,inline contextual,Get your five-trait profile,UNKNOWN,Target is not in current authority corpus; not labeled broken without reliable target readback.
non_corpus_internal_target,UNKNOWN,https://fermatmind.com/en/articles/big-five-personality-test-vs-mbti,https://fermatmind.com/en/tests/big-five-personality-test,inline contextual,FermatMind Big Five Personality Test →,UNKNOWN,Target is not in current authority corpus; not labeled broken without reliable target readback.
non_corpus_internal_target,UNKNOWN,https://fermatmind.com/en/articles/big-five-personality-test-vs-mbti,https://fermatmind.com/en/tests/big-five-personality-test,inline contextual,Big Five Personality Test →,UNKNOWN,Target is not in current authority corpus; not labeled broken without reliable target readback.
non_corpus_internal_target,UNKNOWN,https://fermatmind.com/en/articles/big-five-personality-test-vs-mbti,https://fermatmind.com/en/tests/big-five-personality-test,inline contextual,Big Five Personality Test →,UNKNOWN,Target is not in current authority corpus; not labeled broken without reliable target readback.
non_corpus_internal_target,UNKNOWN,https://fermatmind.com/en/articles/career-interest-test-vs-personality-test,https://fermatmind.com/en/tests?q=,header/navigation,,UNKNOWN,Target is not in current authority corpus; not labeled broken without reliable target readback.
non_corpus_internal_target,UNKNOWN,https://fermatmind.com/en/articles/career-interest-test-vs-personality-test,https://fermatmind.com/en/tests/holland-career-interest-test-riasec?entry_surface=article_detail_seo_cta&source_page_type=article_detail&source_route_family=article&source_slug=career-interest-test-vs-personality-test&content_id=47&target_action=seo_cta_start_test&test_slug=holland-career-interest-test-riasec&target_test_slug=holland-career-interest-test-riasec&cta_id=start_test&landing_path=%2Fen%2Farticles%2Fcareer-interest-test-vs-personality-test&entrypoint=seo_cta,inline contextual,Take the test,UNKNOWN,Target is not in current authority corpus; not labeled broken without reliable target readback.
non_corpus_internal_target,UNKNOWN,https://fermatmind.com/en/articles/career-interest-test-vs-personality-test,https://fermatmind.com/tests/holland-career-interest-test-riasec,inline contextual,Start with the Holland / RIASEC career-interest test,UNKNOWN,Target is not in current authority corpus; not labeled broken without reliable target readback.
non_corpus_internal_target,UNKNOWN,https://fermatmind.com/en/articles/career-interest-test-vs-personality-test,https://fermatmind.com/tests/mbti-personality-test-16-personality-types,inline contextual,Compare your preference style with MBTI,UNKNOWN,Target is not in current authority corpus; not labeled broken without reliable target readback.
non_corpus_internal_target,UNKNOWN,https://fermatmind.com/en/articles/career-interest-test-vs-personality-test,https://fermatmind.com/tests/big-five-personality-test-ocean-model,inline contextual,Add a Big Five behavioral lens,UNKNOWN,Target is not in current authority corpus; not labeled broken without reliable target readback.
non_corpus_internal_target,UNKNOWN,https://fermatmind.com/en/articles/career-interest-test-vs-personality-test,https://fermatmind.com/en/articles/why-mbti-and-holland-code-results-dont-match,inline contextual,Why Your MBTI Type and Holland Code Results May Not Match,UNKNOWN,Target is not in current authority corpus; not labeled broken without reliable target readback.
non_corpus_internal_target,UNKNOWN,https://fermatmind.com/en/articles/career-interest-test-vs-personality-test,https://fermatmind.com/tests/holland-career-interest-test-riasec,inline contextual,Holland / RIASEC Career-Interest Test,UNKNOWN,Target is not in current authority corpus; not labeled broken without reliable target readback.
non_corpus_internal_target,UNKNOWN,https://fermatmind.com/en/articles/career-interest-test-vs-personality-test,https://fermatmind.com/tests/mbti-personality-test-16-personality-types,inline contextual,MBTI Personality Test,UNKNOWN,Target is not in current authority corpus; not labeled broken without reliable target readback.
non_corpus_internal_target,UNKNOWN,https://fermatmind.com/en/articles/career-interest-test-vs-personality-test,https://fermatmind.com/tests/big-five-personality-test-ocean-model,inline contextual,Big Five Personality Test,UNKNOWN,Target is not in current authority corpus; not labeled broken without reliable target readback.
non_corpus_internal_target,UNKNOWN,https://fermatmind.com/en/articles/childhood-dream-job-still-shapes-career-choice,https://fermatmind.com/en/tests?q=,header/navigation,,UNKNOWN,Target is not in current authority corpus; not labeled broken without reliable target readback.
non_corpus_internal_target,UNKNOWN,https://fermatmind.com/en/articles/childhood-dream-job-still-shapes-career-choice,https://fermatmind.com/en/tests/mbti-personality-test-16-personality-types?entry_surface=article_detail_seo_cta&source_page_type=article_detail&source_route_family=article&source_slug=childhood-dream-job-still-shapes-career-choice&content_id=29&target_action=seo_cta_start_test&test_slug=mbti-personality-test-16-personality-types&target_test_slug=mbti-personality-test-16-personality-types&cta_id=start_test&landing_path=%2Fen%2Farticles%2Fchildhood-dream-job-still-shapes-career-choice&entrypoint=seo_cta,inline contextual,Take the test,UNKNOWN,Target is not in current authority corpus; not labeled broken without reliable target readback.
non_corpus_internal_target,UNKNOWN,https://fermatmind.com/en/articles/choose-career-using-personality-tests,https://fermatmind.com/en/tests?q=,header/navigation,,UNKNOWN,Target is not in current authority corpus; not labeled broken without reliable target readback.
non_corpus_internal_target,UNKNOWN,https://fermatmind.com/en/articles/choose-career-using-personality-tests,https://fermatmind.com/en/tests/holland-career-interest-test-riasec?entry_surface=article_detail_seo_cta&source_page_type=article_detail&source_route_family=article&source_slug=choose-career-using-personality-tests&content_id=49&target_action=seo_cta_start_test&test_slug=holland-career-interest-test-riasec&target_test_slug=holland-career-interest-test-riasec&cta_id=start_test&landing_path=%2Fen%2Farticles%2Fchoose-career-using-personality-tests&entrypoint=seo_cta,inline contextual,Take the test,UNKNOWN,Target is not in current authority corpus; not labeled broken without reliable target readback.
non_corpus_internal_target,UNKNOWN,https://fermatmind.com/en/articles/choose-career-using-personality-tests,https://fermatmind.com/tests/holland-career-interest-test-riasec,inline contextual,Holland career interest test,UNKNOWN,Target is not in current authority corpus; not labeled broken without reliable target readback.
non_corpus_internal_target,UNKNOWN,https://fermatmind.com/en/articles/choose-career-using-personality-tests,https://fermatmind.com/tests/mbti-personality-test-16-personality-types,inline contextual,MBTI personality test,UNKNOWN,Target is not in current authority corpus; not labeled broken without reliable target readback.
non_corpus_internal_target,UNKNOWN,https://fermatmind.com/en/articles/choose-career-using-personality-tests,https://fermatmind.com/tests/big-five-personality-test-ocean-model,inline contextual,Big Five personality test,UNKNOWN,Target is not in current authority corpus; not labeled broken without reliable target readback.
non_corpus_internal_target,UNKNOWN,https://fermatmind.com/en/articles/choose-career-using-personality-tests,https://fermatmind.com/method-boundaries,inline contextual,Method boundaries,UNKNOWN,Target is not in current authority corpus; not labeled broken without reliable target readback.
non_corpus_internal_target,UNKNOWN,https://fermatmind.com/en/articles/choose-career-using-personality-tests,https://fermatmind.com/tests/holland-career-interest-test-riasec,inline contextual,Holland career interest test,UNKNOWN,Target is not in current authority corpus; not labeled broken without reliable target readback.
non_corpus_internal_target,UNKNOWN,https://fermatmind.com/en/articles/choose-career-using-personality-tests,https://fermatmind.com/tests/mbti-personality-test-16-personality-types,inline contextual,MBTI personality test,UNKNOWN,Target is not in current authority corpus; not labeled broken without reliable target readback.
non_corpus_internal_target,UNKNOWN,https://fermatmind.com/en/articles/choose-career-using-personality-tests,https://fermatmind.com/tests/big-five-personality-test-ocean-model,inline contextual,Big Five personality test,UNKNOWN,Target is not in current authority corpus; not labeled broken without reliable target readback.
non_corpus_internal_target,UNKNOWN,https://fermatmind.com/en/articles/choose-career-using-personality-tests,https://fermatmind.com/science,inline contextual,Assessment science,UNKNOWN,Target is not in current authority corpus; not labeled broken without reliable target readback.
non_corpus_internal_target,UNKNOWN,https://fermatmind.com/en/articles/choose-career-using-personality-tests,https://fermatmind.com/method-boundaries,inline contextual,Method boundaries,UNKNOWN,Target is not in current authority corpus; not labeled broken without reliable target readback.
non_corpus_internal_target,UNKNOWN,https://fermatmind.com/en/articles/choose-career-using-personality-tests,https://fermatmind.com/reliability-validity,inline contextual,Reliability and validity,UNKNOWN,Target is not in current authority corpus; not labeled broken without reliable target readback.
non_corpus_internal_target,UNKNOWN,https://fermatmind.com/en/articles/enneagram-workplace-friction-core-motivations,https://fermatmind.com/en/tests?q=,header/navigation,,UNKNOWN,Target is not in current authority corpus; not labeled broken without reliable target readback.
non_corpus_internal_target,UNKNOWN,https://fermatmind.com/en/articles/enneagram-workplace-friction-core-motivations,https://fermatmind.com/en/tests/enneagram-personality-test-nine-types?entry_surface=article_detail_seo_cta&source_page_type=article_detail&source_route_family=article&source_slug=enneagram-workplace-friction-core-motivations&content_id=69&target_action=seo_cta_article_cta_1&test_slug=enneagram-personality-test-nine-types&target_test_slug=enneagram-personality-test-nine-types&cta_id=article_cta_1&landing_path=%2Fen%2Farticles%2Fenneagram-workplace-friction-core-motivations&entrypoint=seo_cta,inline contextual,"Take the Enneagram test, then compare the result with one recent workplace friction scene",UNKNOWN,Target is not in current authority corpus; not labeled broken without reliable target readback.
non_corpus_internal_target,UNKNOWN,https://fermatmind.com/en/articles/enneagram-workplace-friction-core-motivations,https://fermatmind.com/en/tests/enneagram-personality-test-nine-types?entry_surface=article_detail_seo_cta&source_page_type=article_detail&source_route_family=article&source_slug=enneagram-workplace-friction-core-motivations&content_id=69&target_action=seo_cta_article_cta_2&test_slug=enneagram-personality-test-nine-types&target_test_slug=enneagram-personality-test-nine-types&cta_id=article_cta_2&landing_path=%2Fen%2Farticles%2Fenneagram-workplace-friction-core-motivations&entrypoint=seo_cta,inline contextual,Start the Enneagram test and use the seven-day reflection checklist,UNKNOWN,Target is not in current authority corpus; not labeled broken without reliable target readback.
non_corpus_internal_target,UNKNOWN,https://fermatmind.com/en/articles/holland-career-interest-test-can-and-cannot-tell-you,https://fermatmind.com/en/tests?q=,header/navigation,,UNKNOWN,Target is not in current authority corpus; not labeled broken without reliable target readback.
non_corpus_internal_target,UNKNOWN,https://fermatmind.com/en/articles/holland-career-interest-test-can-and-cannot-tell-you,https://fermatmind.com/en/tests/mbti-personality-test-16-personality-types?entry_surface=article_detail_seo_cta&source_page_type=article_detail&source_route_family=article&source_slug=holland-career-interest-test-can-and-cannot-tell-you&content_id=32&target_action=seo_cta_start_test&test_slug=mbti-personality-test-16-personality-types&target_test_slug=mbti-personality-test-16-personality-types&cta_id=start_test&landing_path=%2Fen%2Farticles%2Fholland-career-interest-test-can-and-cannot-tell-you&entrypoint=seo_cta,inline contextual,Take the test,UNKNOWN,Target is not in current authority corpus; not labeled broken without reliable target readback.
non_corpus_internal_target,UNKNOWN,https://fermatmind.com/en/articles/holland-career-interest-test-can-and-cannot-tell-you,https://fermatmind.com/en/tests/big-five-personality-test,inline contextual,Big Five Personality Test,UNKNOWN,Target is not in current authority corpus; not labeled broken without reliable target readback.
non_corpus_internal_target,UNKNOWN,https://fermatmind.com/en/articles/hot-major-fit-riasec-course-career-checklist,https://fermatmind.com/en/tests?q=,header/navigation,,UNKNOWN,Target is not in current authority corpus; not labeled broken without reliable target readback.
non_corpus_internal_target,UNKNOWN,https://fermatmind.com/en/articles/hot-major-fit-riasec-course-career-checklist,https://fermatmind.com/en/tests/holland-career-interest-test-riasec?entry_surface=article_detail_seo_cta&source_page_type=article_detail&source_route_family=article&source_slug=hot-major-fit-riasec-course-career-checklist&content_id=65&target_action=seo_cta_mid_article_riasec_soft_cta&test_slug=holland-career-interest-test-riasec&target_test_slug=holland-career-interest-test-riasec&cta_id=mid_article_riasec_soft_cta&landing_path=%2Fen%2Farticles%2Fhot-major-fit-riasec-course-career-checklist&entrypoint=seo_cta,inline contextual,"Take the Holland/RIASEC test, then turn the result into work-activity questions",UNKNOWN,Target is not in current authority corpus; not labeled broken without reliable target readback.
non_corpus_internal_target,UNKNOWN,https://fermatmind.com/en/articles/hot-major-fit-riasec-course-career-checklist,https://fermatmind.com/en/tests/holland-career-interest-test-riasec?entry_surface=article_detail_seo_cta&source_page_type=article_detail&source_route_family=article&source_slug=hot-major-fit-riasec-course-career-checklist&content_id=65&target_action=seo_cta_end_article_riasec_primary_cta&test_slug=holland-career-interest-test-riasec&target_test_slug=holland-career-interest-test-riasec&cta_id=end_article_riasec_primary_cta&landing_path=%2Fen%2Farticles%2Fhot-major-fit-riasec-course-career-checklist&entrypoint=seo_cta,inline contextual,Start the Holland/RIASEC career interest test,UNKNOWN,Target is not in current authority corpus; not labeled broken without reliable target readback.
non_corpus_internal_target,UNKNOWN,https://fermatmind.com/en/articles/how-16-personality-types-talk-to-an-ai-coach,https://fermatmind.com/en/tests?q=,header/navigation,,UNKNOWN,Target is not in current authority corpus; not labeled broken without reliable target readback.
non_corpus_internal_target,UNKNOWN,https://fermatmind.com/en/articles/how-16-personality-types-talk-to-an-ai-coach,https://fermatmind.com/en/tests/mbti-personality-test-16-personality-types?entry_surface=article_detail_seo_cta&source_page_type=article_detail&source_route_family=article&source_slug=how-16-personality-types-talk-to-an-ai-coach&content_id=28&target_action=seo_cta_start_test&test_slug=mbti-personality-test-16-personality-types&target_test_slug=mbti-personality-test-16-personality-types&cta_id=start_test&landing_path=%2Fen%2Farticles%2Fhow-16-personality-types-talk-to-an-ai-coach&entrypoint=seo_cta,inline contextual,Take the test,UNKNOWN,Target is not in current authority corpus; not labeled broken without reliable target readback.
non_corpus_internal_target,UNKNOWN,https://fermatmind.com/en/articles/how-personality-shapes-attitude-toward-ai,https://fermatmind.com/en/tests?q=,header/navigation,,UNKNOWN,Target is not in current authority corpus; not labeled broken without reliable target readback.
non_corpus_internal_target,UNKNOWN,https://fermatmind.com/en/articles/how-personality-shapes-attitude-toward-ai,https://fermatmind.com/en/tests/mbti-personality-test-16-personality-types?entry_surface=article_detail_seo_cta&source_page_type=article_detail&source_route_family=article&source_slug=how-personality-shapes-attitude-toward-ai&content_id=24&target_action=seo_cta_start_test&test_slug=mbti-personality-test-16-personality-types&target_test_slug=mbti-personality-test-16-personality-types&cta_id=start_test&landing_path=%2Fen%2Farticles%2Fhow-personality-shapes-attitude-toward-ai&entrypoint=seo_cta,inline contextual,Take the test,UNKNOWN,Target is not in current authority corpus; not labeled broken without reliable target readback.
non_corpus_internal_target,UNKNOWN,https://fermatmind.com/en/articles/major-career-mismatch-job-search-skills-plan,https://fermatmind.com/en/tests?q=,header/navigation,,UNKNOWN,Target is not in current authority corpus; not labeled broken without reliable target readback.
non_corpus_internal_target,UNKNOWN,https://fermatmind.com/en/articles/major-career-mismatch-job-search-skills-plan,https://fermatmind.com/en/tests/holland-career-interest-test-riasec?entry_surface=article_detail_seo_cta&source_page_type=article_detail&source_route_family=article&source_slug=major-career-mismatch-job-search-skills-plan&content_id=73&target_action=seo_cta_article_cta_1&test_slug=holland-career-interest-test-riasec&target_test_slug=holland-career-interest-test-riasec&cta_id=article_cta_1&landing_path=%2Fen%2Farticles%2Fmajor-career-mismatch-job-search-skills-plan&entrypoint=seo_cta,inline contextual,"Take the Holland/RIASEC test, then map your result to job tasks",UNKNOWN,Target is not in current authority corpus; not labeled broken without reliable target readback.
non_corpus_internal_target,UNKNOWN,https://fermatmind.com/en/articles/major-career-mismatch-job-search-skills-plan,https://fermatmind.com/en/tests/holland-career-interest-test-riasec?entry_surface=article_detail_seo_cta&source_page_type=article_detail&source_route_family=article&source_slug=major-career-mismatch-job-search-skills-plan&content_id=73&target_action=seo_cta_article_cta_2&test_slug=holland-career-interest-test-riasec&target_test_slug=holland-career-interest-test-riasec&cta_id=article_cta_2&landing_path=%2Fen%2Farticles%2Fmajor-career-mismatch-job-search-skills-plan&entrypoint=seo_cta,inline contextual,Start the Holland/RIASEC career interest test,UNKNOWN,Target is not in current authority corpus; not labeled broken without reliable target readback.
non_corpus_internal_target,UNKNOWN,https://fermatmind.com/en/articles/major-category-program-tracking-riasec-choice-checklist,https://fermatmind.com/en/tests?q=,header/navigation,,UNKNOWN,Target is not in current authority corpus; not labeled broken without reliable target readback.
non_corpus_internal_target,UNKNOWN,https://fermatmind.com/en/articles/major-category-program-tracking-riasec-choice-checklist,https://fermatmind.com/en/tests/holland-career-interest-test-riasec?entry_surface=article_detail_seo_cta&source_page_type=article_detail&source_route_family=article&source_slug=major-category-program-tracking-riasec-choice-checklist&content_id=85&target_action=seo_cta_article_cta_1&test_slug=holland-career-interest-test-riasec&target_test_slug=holland-career-interest-test-riasec&cta_id=article_cta_1&landing_path=%2Fen%2Farticles%2Fmajor-category-program-tracking-riasec-choice-checklist&entrypoint=seo_cta,inline contextual,"Take the Holland/RIASEC test, then compare your track options",UNKNOWN,Target is not in current authority corpus; not labeled broken without reliable target readback.
non_corpus_internal_target,UNKNOWN,https://fermatmind.com/en/articles/major-category-program-tracking-riasec-choice-checklist,https://fermatmind.com/en/tests/holland-career-interest-test-riasec?entry_surface=article_detail_seo_cta&source_page_type=article_detail&source_route_family=article&source_slug=major-category-program-tracking-riasec-choice-checklist&content_id=85&target_action=seo_cta_article_cta_2&test_slug=holland-career-interest-test-riasec&target_test_slug=holland-career-interest-test-riasec&cta_id=article_cta_2&landing_path=%2Fen%2Farticles%2Fmajor-category-program-tracking-riasec-choice-checklist&entrypoint=seo_cta,inline contextual,Start the RIASEC test and build your tracking matrix,UNKNOWN,Target is not in current authority corpus; not labeled broken without reliable target readback.
non_corpus_internal_target,UNKNOWN,https://fermatmind.com/en/articles/mbti-full-report-career-relationship-communication,https://fermatmind.com/en/tests?q=,header/navigation,,UNKNOWN,Target is not in current authority corpus; not labeled broken without reliable target readback.
non_corpus_internal_target,UNKNOWN,https://fermatmind.com/en/articles/mbti-full-report-career-relationship-communication,https://fermatmind.com/en/tests/mbti-personality-test-16-personality-types?entry_surface=article_detail_seo_cta&source_page_type=article_detail&source_route_family=article&source_slug=mbti-full-report-career-relationship-communication&content_id=61&target_action=seo_cta_article_cta_1&test_slug=mbti-personality-test-16-personality-types&target_test_slug=mbti-personality-test-16-personality-types&cta_id=article_cta_1&landing_path=%2Fen%2Farticles%2Fmbti-full-report-career-relationship-communication&entrypoint=seo_cta,inline contextual,Take the free MBTI test,UNKNOWN,Target is not in current authority corpus; not labeled broken without reliable target readback.
non_corpus_internal_target,UNKNOWN,https://fermatmind.com/en/articles/mbti-personality-test-science-vs-pseudoscience,https://fermatmind.com/en/tests?q=,header/navigation,,UNKNOWN,Target is not in current authority corpus; not labeled broken without reliable target readback.
non_corpus_internal_target,UNKNOWN,https://fermatmind.com/en/articles/mbti-personality-test-science-vs-pseudoscience,https://fermatmind.com/en/tests/mbti-personality-test-16-personality-types?entry_surface=article_detail_seo_cta&source_page_type=article_detail&source_route_family=article&source_slug=mbti-personality-test-science-vs-pseudoscience&content_id=34&target_action=seo_cta_start_test&test_slug=mbti-personality-test-16-personality-types&target_test_slug=mbti-personality-test-16-personality-types&cta_id=start_test&landing_path=%2Fen%2Farticles%2Fmbti-personality-test-science-vs-pseudoscience&entrypoint=seo_cta,inline contextual,Take the test,UNKNOWN,Target is not in current authority corpus; not labeled broken without reliable target readback.
non_corpus_internal_target,UNKNOWN,https://fermatmind.com/en/articles/mbti-personality-test-science-vs-pseudoscience,https://fermatmind.com/en/tests/big-five-personality-test,inline contextual,Big Five Personality Test →,UNKNOWN,Target is not in current authority corpus; not labeled broken without reliable target readback.
non_corpus_internal_target,UNKNOWN,https://fermatmind.com/en/articles/mbti-vs-holland-code-career-choice,https://fermatmind.com/en/tests?q=,header/navigation,,UNKNOWN,Target is not in current authority corpus; not labeled broken without reliable target readback.
non_corpus_internal_target,UNKNOWN,https://fermatmind.com/en/articles/mbti-vs-holland-code-career-choice,https://fermatmind.com/en/tests/holland-career-interest-test-riasec?entry_surface=article_detail_seo_cta&source_page_type=article_detail&source_route_family=article&source_slug=mbti-vs-holland-code-career-choice&content_id=39&target_action=seo_cta_article_mbti_vs_holland_primary_riasec&test_slug=holland-career-interest-test-riasec&target_test_slug=holland-career-interest-test-riasec&cta_id=article_mbti_vs_holland_primary_riasec&landing_path=%2Fen%2Farticles%2Fmbti-vs-holland-code-career-choice&entrypoint=seo_cta,inline contextual,Start with the Holland Code/RIASEC Test,UNKNOWN,Target is not in current authority corpus; not labeled broken without reliable target readback.
non_corpus_internal_target,UNKNOWN,https://fermatmind.com/en/articles/mbti-vs-holland-code-career-choice,https://fermatmind.com/en/tests/mbti-personality-test-16-personality-types?entry_surface=article_detail_seo_cta&source_page_type=article_detail&source_route_family=article&source_slug=mbti-vs-holland-code-career-choice&content_id=39&target_action=seo_cta_article_mbti_vs_holland_secondary_mbti&test_slug=mbti-personality-test-16-personality-types&target_test_slug=mbti-personality-test-16-personality-types&cta_id=article_mbti_vs_holland_secondary_mbti&landing_path=%2Fen%2Farticles%2Fmbti-vs-holland-code-career-choice&entrypoint=seo_cta,inline contextual,Then take the MBTI Personality Test,UNKNOWN,Target is not in current authority corpus; not labeled broken without reliable target readback.
non_corpus_internal_target,UNKNOWN,https://fermatmind.com/en/articles/mbti-vs-holland-code-career-choice,https://fermatmind.com/en/tests/big-five-personality-test-ocean-model?entry_surface=article_detail_seo_cta&source_page_type=article_detail&source_route_family=article&source_slug=mbti-vs-holland-code-career-choice&content_id=39&target_action=seo_cta_article_mbti_vs_holland_tertiary_big_five&test_slug=big-five-personality-test-ocean-model&target_test_slug=big-five-personality-test-ocean-model&cta_id=article_mbti_vs_holland_tertiary_big_five&landing_path=%2Fen%2Farticles%2Fmbti-vs-holland-code-career-choice&entrypoint=seo_cta,inline contextual,Add the Big Five Personality Test,UNKNOWN,Target is not in current authority corpus; not labeled broken without reliable target readback.
non_corpus_internal_target,UNKNOWN,https://fermatmind.com/en/articles/unwanted-major-adjustment-riasec-transfer-plan,https://fermatmind.com/en/tests?q=,header/navigation,,UNKNOWN,Target is not in current authority corpus; not labeled broken without reliable target readback.
non_corpus_internal_target,UNKNOWN,https://fermatmind.com/en/articles/unwanted-major-adjustment-riasec-transfer-plan,https://fermatmind.com/en/tests/holland-career-interest-test-riasec?entry_surface=article_detail_seo_cta&source_page_type=article_detail&source_route_family=article&source_slug=unwanted-major-adjustment-riasec-transfer-plan&content_id=71&target_action=seo_cta_article_cta_1&test_slug=holland-career-interest-test-riasec&target_test_slug=holland-career-interest-test-riasec&cta_id=article_cta_1&landing_path=%2Fen%2Farticles%2Funwanted-major-adjustment-riasec-transfer-plan&entrypoint=seo_cta,inline contextual,Take the Holland/RIASEC test and turn your result into verification questions,UNKNOWN,Target is not in current authority corpus; not labeled broken without reliable target readback.
non_corpus_internal_target,UNKNOWN,https://fermatmind.com/en/articles/unwanted-major-adjustment-riasec-transfer-plan,https://fermatmind.com/en/tests/holland-career-interest-test-riasec?entry_surface=article_detail_seo_cta&source_page_type=article_detail&source_route_family=article&source_slug=unwanted-major-adjustment-riasec-transfer-plan&content_id=71&target_action=seo_cta_article_cta_2&test_slug=holland-career-interest-test-riasec&target_test_slug=holland-career-interest-test-riasec&cta_id=article_cta_2&landing_path=%2Fen%2Farticles%2Funwanted-major-adjustment-riasec-transfer-plan&entrypoint=seo_cta,inline contextual,"Start the Holland/RIASEC test, then return to the checklist",UNKNOWN,Target is not in current authority corpus; not labeled broken without reliable target readback.
non_corpus_internal_target,UNKNOWN,https://fermatmind.com/en/articles/unwanted-major-repeat-or-stay-riasec-decision-checklist,https://fermatmind.com/en/tests?q=,header/navigation,,UNKNOWN,Target is not in current authority corpus; not labeled broken without reliable target readback.
non_corpus_internal_target,UNKNOWN,https://fermatmind.com/en/articles/unwanted-major-repeat-or-stay-riasec-decision-checklist,https://fermatmind.com/en/tests/holland-career-interest-test-riasec?entry_surface=article_detail_seo_cta&source_page_type=article_detail&source_route_family=article&source_slug=unwanted-major-repeat-or-stay-riasec-decision-checklist&content_id=75&target_action=seo_cta_article_cta_1&test_slug=holland-career-interest-test-riasec&target_test_slug=holland-career-interest-test-riasec&cta_id=article_cta_1&landing_path=%2Fen%2Farticles%2Funwanted-major-repeat-or-stay-riasec-decision-checklist&entrypoint=seo_cta,inline contextual,Take the Holland/RIASEC test and add your interest pattern to the decision table,UNKNOWN,Target is not in current authority corpus; not labeled broken without reliable target readback.
non_corpus_internal_target,UNKNOWN,https://fermatmind.com/en/articles/unwanted-major-repeat-or-stay-riasec-decision-checklist,https://fermatmind.com/en/tests/holland-career-interest-test-riasec?entry_surface=article_detail_seo_cta&source_page_type=article_detail&source_route_family=article&source_slug=unwanted-major-repeat-or-stay-riasec-decision-checklist&content_id=75&target_action=seo_cta_article_cta_2&test_slug=holland-career-interest-test-riasec&target_test_slug=holland-career-interest-test-riasec&cta_id=article_cta_2&landing_path=%2Fen%2Farticles%2Funwanted-major-repeat-or-stay-riasec-decision-checklist&entrypoint=seo_cta,inline contextual,Start the Holland / RIASEC Career Interest Test,UNKNOWN,Target is not in current authority corpus; not labeled broken without reliable target readback.
non_corpus_internal_target,UNKNOWN,https://fermatmind.com/en/articles/what-is-riasec-holland-code-career-interest-test,https://fermatmind.com/en/tests?q=,header/navigation,,UNKNOWN,Target is not in current authority corpus; not labeled broken without reliable target readback.
non_corpus_internal_target,UNKNOWN,https://fermatmind.com/en/articles/what-is-riasec-holland-code-career-interest-test,https://fermatmind.com/en/tests/holland-career-interest-test-riasec?entry_surface=article_detail_seo_cta&source_page_type=article_detail&source_route_family=article&source_slug=what-is-riasec-holland-code-career-interest-test&content_id=41&target_action=seo_cta_p0_ctr_primary_test_cta&test_slug=holland-career-interest-test-riasec&target_test_slug=holland-career-interest-test-riasec&cta_id=p0_ctr_primary_test_cta&landing_path=%2Fen%2Farticles%2Fwhat-is-riasec-holland-code-career-interest-test&entrypoint=seo_cta,inline contextual,Take the free RIASEC test,UNKNOWN,Target is not in current authority corpus; not labeled broken without reliable target readback.
non_corpus_internal_target,UNKNOWN,https://fermatmind.com/en/articles/which-love-script-fits-you-best,https://fermatmind.com/en/tests?q=,header/navigation,,UNKNOWN,Target is not in current authority corpus; not labeled broken without reliable target readback.
non_corpus_internal_target,UNKNOWN,https://fermatmind.com/en/articles/which-love-script-fits-you-best,https://fermatmind.com/en/tests/mbti-personality-test-16-personality-types?entry_surface=article_detail_seo_cta&source_page_type=article_detail&source_route_family=article&source_slug=which-love-script-fits-you-best&content_id=25&target_action=seo_cta_start_test&test_slug=mbti-personality-test-16-personality-types&target_test_slug=mbti-personality-test-16-personality-types&cta_id=start_test&landing_path=%2Fen%2Farticles%2Fwhich-love-script-fits-you-best&entrypoint=seo_cta,inline contextual,Take the test,UNKNOWN,Target is not in current authority corpus; not labeled broken without reliable target readback.
non_corpus_internal_target,UNKNOWN,https://fermatmind.com/en/brand,https://fermatmind.com/en/tests?q=,header/navigation,,UNKNOWN,Target is not in current authority corpus; not labeled broken without reliable target readback.
private_route_link,HIGH,https://fermatmind.com/en/brand,PRIVATE_ROUTE_REDACTED:results,header/navigation,My Account,VERIFIED,Visible internal link targets a private/sensitive route; target was not crawled.
non_corpus_internal_target,UNKNOWN,https://fermatmind.com/en/business,https://fermatmind.com/en/tests?q=,header/navigation,,UNKNOWN,Target is not in current authority corpus; not labeled broken without reliable target readback.
private_route_link,HIGH,https://fermatmind.com/en/business,PRIVATE_ROUTE_REDACTED:results,header/navigation,My Account,VERIFIED,Visible internal link targets a private/sensitive route; target was not crawled.
non_corpus_internal_target,UNKNOWN,https://fermatmind.com/en/business,https://fermatmind.com/en/help,inline contextual,Contact Business Support,UNKNOWN,Target is not in current authority corpus; not labeled broken without reliable target readback.
non_corpus_internal_target,UNKNOWN,https://fermatmind.com/en/career,https://fermatmind.com/en/tests?q=,header/navigation,,UNKNOWN,Target is not in current authority corpus; not labeled broken without reliable target readback.
non_corpus_internal_target,UNKNOWN,https://fermatmind.com/en/career,https://fermatmind.com/en/career/industries,CTA,View industries,UNKNOWN,Target is not in current authority corpus; not labeled broken without reliable target readback.
non_corpus_internal_target,UNKNOWN,https://fermatmind.com/en/career,https://fermatmind.com/en/datasets/occupations,inline contextual,Data source,UNKNOWN,Target is not in current authority corpus; not labeled broken without reliable target readback.
non_corpus_internal_target,UNKNOWN,https://fermatmind.com/en/career,https://fermatmind.com/en/datasets/occupations/method,inline contextual,Method notes,UNKNOWN,Target is not in current authority corpus; not labeled broken without reliable target readback.
non_corpus_internal_target,UNKNOWN,https://fermatmind.com/en/career/guides,https://fermatmind.com/en/tests?q=,header/navigation,,UNKNOWN,Target is not in current authority corpus; not labeled broken without reliable target readback.
non_corpus_internal_target,UNKNOWN,https://fermatmind.com/en/career/guides,https://fermatmind.com/en/career/jobs,inline contextual,Open occupation library,UNKNOWN,Target is not in current authority corpus; not labeled broken without reliable target readback.
non_corpus_internal_target,UNKNOWN,https://fermatmind.com/en/career/guides,https://fermatmind.com/en/career/industries,inline contextual,Browse by industry,UNKNOWN,Target is not in current authority corpus; not labeled broken without reliable target readback.
non_corpus_internal_target,UNKNOWN,https://fermatmind.com/en/career/recommendations,https://fermatmind.com/en/tests?q=,header/navigation,,UNKNOWN,Target is not in current authority corpus; not labeled broken without reliable target readback.
non_corpus_internal_target,UNKNOWN,https://fermatmind.com/en/career/recommendations,https://fermatmind.com/en/career/jobs,inline contextual,Browse all occupations,UNKNOWN,Target is not in current authority corpus; not labeled broken without reliable target readback.
non_corpus_internal_target,UNKNOWN,https://fermatmind.com/en/career/recommendations,https://fermatmind.com/en/career/industries,inline contextual,Browse by industry,UNKNOWN,Target is not in current authority corpus; not labeled broken without reliable target readback.
non_corpus_internal_target,UNKNOWN,https://fermatmind.com/en/career/tests,https://fermatmind.com/en/tests?q=,header/navigation,,UNKNOWN,Target is not in current authority corpus; not labeled broken without reliable target readback.
non_corpus_internal_target,UNKNOWN,https://fermatmind.com/en/careers,https://fermatmind.com/en/tests?q=,header/navigation,,UNKNOWN,Target is not in current authority corpus; not labeled broken without reliable target readback.
private_route_link,HIGH,https://fermatmind.com/en/careers,PRIVATE_ROUTE_REDACTED:results,header/navigation,My Account,VERIFIED,Visible internal link targets a private/sensitive route; target was not crawled.
non_corpus_internal_target,UNKNOWN,https://fermatmind.com/en/charter,https://fermatmind.com/en/tests?q=,header/navigation,,UNKNOWN,Target is not in current authority corpus; not labeled broken without reliable target readback.
private_route_link,HIGH,https://fermatmind.com/en/charter,PRIVATE_ROUTE_REDACTED:results,header/navigation,My Account,VERIFIED,Visible internal link targets a private/sensitive route; target was not crawled.
non_corpus_internal_target,UNKNOWN,https://fermatmind.com/en/common-misconceptions,https://fermatmind.com/en/tests?q=,header/navigation,,UNKNOWN,Target is not in current authority corpus; not labeled broken without reliable target readback.
private_route_link,HIGH,https://fermatmind.com/en/common-misconceptions,PRIVATE_ROUTE_REDACTED:results,header/navigation,My Account,VERIFIED,Visible internal link targets a private/sensitive route; target was not crawled.
non_corpus_internal_target,UNKNOWN,https://fermatmind.com/en/common-misconceptions,https://fermatmind.com/science,inline contextual,Assessment science,UNKNOWN,Target is not in current authority corpus; not labeled broken without reliable target readback.
non_corpus_internal_target,UNKNOWN,https://fermatmind.com/en/common-misconceptions,https://fermatmind.com/method-boundaries,inline contextual,Method boundaries,UNKNOWN,Target is not in current authority corpus; not labeled broken without reliable target readback.
non_corpus_internal_target,UNKNOWN,https://fermatmind.com/en/common-misconceptions,https://fermatmind.com/reliability-validity,inline contextual,Reliability and validity,UNKNOWN,Target is not in current authority corpus; not labeled broken without reliable target readback.
non_corpus_internal_target,UNKNOWN,https://fermatmind.com/en/common-misconceptions,https://fermatmind.com/tests/mbti-personality-test-16-personality-types,inline contextual,MBTI personality test,UNKNOWN,Target is not in current authority corpus; not labeled broken without reliable target readback.
non_corpus_internal_target,UNKNOWN,https://fermatmind.com/en/common-misconceptions,https://fermatmind.com/tests/big-five-personality-test,inline contextual,Big Five Personality Test,UNKNOWN,Target is not in current authority corpus; not labeled broken without reliable target readback.
non_corpus_internal_target,UNKNOWN,https://fermatmind.com/en/common-misconceptions,https://fermatmind.com/tests/holland-career-interest-test-riasec.,inline contextual,Holland Career Interest Test Riasec.,UNKNOWN,Target is not in current authority corpus; not labeled broken without reliable target readback.
non_corpus_internal_target,UNKNOWN,https://fermatmind.com/en/data-privacy,https://fermatmind.com/en/tests?q=,header/navigation,,UNKNOWN,Target is not in current authority corpus; not labeled broken without reliable target readback.
private_route_link,HIGH,https://fermatmind.com/en/data-privacy,PRIVATE_ROUTE_REDACTED:results,header/navigation,My Account,VERIFIED,Visible internal link targets a private/sensitive route; target was not crawled.
non_corpus_internal_target,UNKNOWN,https://fermatmind.com/en/foundation,https://fermatmind.com/en/tests?q=,header/navigation,,UNKNOWN,Target is not in current authority corpus; not labeled broken without reliable target readback.
private_route_link,HIGH,https://fermatmind.com/en/foundation,PRIVATE_ROUTE_REDACTED:results,header/navigation,My Account,VERIFIED,Visible internal link targets a private/sensitive route; target was not crawled.
non_corpus_internal_target,UNKNOWN,https://fermatmind.com/en/item-design-notes,https://fermatmind.com/en/tests?q=,header/navigation,,UNKNOWN,Target is not in current authority corpus; not labeled broken without reliable target readback.
private_route_link,HIGH,https://fermatmind.com/en/item-design-notes,PRIVATE_ROUTE_REDACTED:results,header/navigation,My Account,VERIFIED,Visible internal link targets a private/sensitive route; target was not crawled.
non_corpus_internal_target,UNKNOWN,https://fermatmind.com/en/item-design-notes,https://fermatmind.com/science,inline contextual,Assessment science,UNKNOWN,Target is not in current authority corpus; not labeled broken without reliable target readback.
non_corpus_internal_target,UNKNOWN,https://fermatmind.com/en/item-design-notes,https://fermatmind.com/method-boundaries,inline contextual,Method boundaries,UNKNOWN,Target is not in current authority corpus; not labeled broken without reliable target readback.
non_corpus_internal_target,UNKNOWN,https://fermatmind.com/en/item-design-notes,https://fermatmind.com/reliability-validity,inline contextual,Reliability and validity,UNKNOWN,Target is not in current authority corpus; not labeled broken without reliable target readback.
non_corpus_internal_target,UNKNOWN,https://fermatmind.com/en/method-boundaries,https://fermatmind.com/en/tests?q=,header/navigation,,UNKNOWN,Target is not in current authority corpus; not labeled broken without reliable target readback.
private_route_link,HIGH,https://fermatmind.com/en/method-boundaries,PRIVATE_ROUTE_REDACTED:results,header/navigation,My Account,VERIFIED,Visible internal link targets a private/sensitive route; target was not crawled.
non_corpus_internal_target,UNKNOWN,https://fermatmind.com/en/personality,https://fermatmind.com/en/tests?q=,header/navigation,,UNKNOWN,Target is not in current authority corpus; not labeled broken without reliable target readback.
non_corpus_internal_target,UNKNOWN,https://fermatmind.com/en/personality,https://fermatmind.com/en/personality/entj-vs-intj,inline contextual,ENTJ VS INTJ,UNKNOWN,Target is not in current authority corpus; not labeled broken without reliable target readback.
non_corpus_internal_target,UNKNOWN,https://fermatmind.com/en/personality,https://fermatmind.com/en/personality/intj-vs-intp,inline contextual,INTJ VS INTP,UNKNOWN,Target is not in current authority corpus; not labeled broken without reliable target readback.
non_corpus_internal_target,UNKNOWN,https://fermatmind.com/en/personality,https://fermatmind.com/en/personality/enfp-vs-entp,inline contextual,ENFP VS ENTP,UNKNOWN,Target is not in current authority corpus; not labeled broken without reliable target readback.
non_corpus_internal_target,UNKNOWN,https://fermatmind.com/en/personality,https://fermatmind.com/en/personality/entj-vs-intj,inline contextual,ENTJ VS INTJ,UNKNOWN,Target is not in current authority corpus; not labeled broken without reliable target readback.
non_corpus_internal_target,UNKNOWN,https://fermatmind.com/en/personality,https://fermatmind.com/en/personality/estj-vs-entj,inline contextual,ESTJ VS ENTJ,UNKNOWN,Target is not in current authority corpus; not labeled broken without reliable target readback.
non_corpus_internal_target,UNKNOWN,https://fermatmind.com/en/personality,https://fermatmind.com/en/personality/intj-vs-intp,inline contextual,INTJ VS INTP,UNKNOWN,Target is not in current authority corpus; not labeled broken without reliable target readback.
non_corpus_internal_target,UNKNOWN,https://fermatmind.com/en/personality,https://fermatmind.com/en/personality/infj-vs-infp,inline contextual,INFJ VS INFP,UNKNOWN,Target is not in current authority corpus; not labeled broken without reliable target readback.
non_corpus_internal_target,UNKNOWN,https://fermatmind.com/en/personality,https://fermatmind.com/en/personality/isfp-vs-infp,inline contextual,ISFP VS INFP,UNKNOWN,Target is not in current authority corpus; not labeled broken without reliable target readback.
non_corpus_internal_target,UNKNOWN,https://fermatmind.com/en/personality,https://fermatmind.com/en/personality/infj-vs-infp,inline contextual,INFJ VS INFP,UNKNOWN,Target is not in current authority corpus; not labeled broken without reliable target readback.
non_corpus_internal_target,UNKNOWN,https://fermatmind.com/en/personality,https://fermatmind.com/en/personality/enfp-vs-entp,inline contextual,ENFP VS ENTP,UNKNOWN,Target is not in current authority corpus; not labeled broken without reliable target readback.
non_corpus_internal_target,UNKNOWN,https://fermatmind.com/en/personality,https://fermatmind.com/en/personality/istj-vs-isfj,inline contextual,ISTJ VS ISFJ,UNKNOWN,Target is not in current authority corpus; not labeled broken without reliable target readback.
non_corpus_internal_target,UNKNOWN,https://fermatmind.com/en/personality,https://fermatmind.com/en/personality/istj-vs-isfj,inline contextual,ISTJ VS ISFJ,UNKNOWN,Target is not in current authority corpus; not labeled broken without reliable target readback.
non_corpus_internal_target,UNKNOWN,https://fermatmind.com/en/personality,https://fermatmind.com/en/personality/estj-vs-entj,inline contextual,ESTJ VS ENTJ,UNKNOWN,Target is not in current authority corpus; not labeled broken without reliable target readback.
non_corpus_internal_target,UNKNOWN,https://fermatmind.com/en/personality,https://fermatmind.com/en/personality/isfp-vs-infp,inline contextual,ISFP VS INFP,UNKNOWN,Target is not in current authority corpus; not labeled broken without reliable target readback.
non_corpus_internal_target,UNKNOWN,https://fermatmind.com/en/personality/big-five,https://fermatmind.com/en/tests?q=,header/navigation,,UNKNOWN,Target is not in current authority corpus; not labeled broken without reliable target readback.
non_corpus_internal_target,UNKNOWN,https://fermatmind.com/en/personality/big-five/agreeableness,https://fermatmind.com/en/tests?q=,header/navigation,,UNKNOWN,Target is not in current authority corpus; not labeled broken without reliable target readback.
non_corpus_internal_target,UNKNOWN,https://fermatmind.com/en/personality/big-five/agreeableness-high,https://fermatmind.com/en/tests?q=,header/navigation,,UNKNOWN,Target is not in current authority corpus; not labeled broken without reliable target readback.
non_corpus_internal_target,UNKNOWN,https://fermatmind.com/en/personality/big-five/agreeableness-low,https://fermatmind.com/en/tests?q=,header/navigation,,UNKNOWN,Target is not in current authority corpus; not labeled broken without reliable target readback.
non_corpus_internal_target,UNKNOWN,https://fermatmind.com/en/personality/big-five/agreeableness-mid,https://fermatmind.com/en/tests?q=,header/navigation,,UNKNOWN,Target is not in current authority corpus; not labeled broken without reliable target readback.
non_corpus_internal_target,UNKNOWN,https://fermatmind.com/en/personality/big-five/conscientiousness,https://fermatmind.com/en/tests?q=,header/navigation,,UNKNOWN,Target is not in current authority corpus; not labeled broken without reliable target readback.
non_corpus_internal_target,UNKNOWN,https://fermatmind.com/en/personality/big-five/conscientiousness-high,https://fermatmind.com/en/tests?q=,header/navigation,,UNKNOWN,Target is not in current authority corpus; not labeled broken without reliable target readback.
non_corpus_internal_target,UNKNOWN,https://fermatmind.com/en/personality/big-five/conscientiousness-low,https://fermatmind.com/en/tests?q=,header/navigation,,UNKNOWN,Target is not in current authority corpus; not labeled broken without reliable target readback.
non_corpus_internal_target,UNKNOWN,https://fermatmind.com/en/personality/big-five/conscientiousness-mid,https://fermatmind.com/en/tests?q=,header/navigation,,UNKNOWN,Target is not in current authority corpus; not labeled broken without reliable target readback.
non_corpus_internal_target,UNKNOWN,https://fermatmind.com/en/personality/big-five/extraversion,https://fermatmind.com/en/tests?q=,header/navigation,,UNKNOWN,Target is not in current authority corpus; not labeled broken without reliable target readback.
non_corpus_internal_target,UNKNOWN,https://fermatmind.com/en/personality/big-five/extraversion-high,https://fermatmind.com/en/tests?q=,header/navigation,,UNKNOWN,Target is not in current authority corpus; not labeled broken without reliable target readback.
non_corpus_internal_target,UNKNOWN,https://fermatmind.com/en/personality/big-five/extraversion-low,https://fermatmind.com/en/tests?q=,header/navigation,,UNKNOWN,Target is not in current authority corpus; not labeled broken without reliable target readback.
non_corpus_internal_target,UNKNOWN,https://fermatmind.com/en/personality/big-five/extraversion-mid,https://fermatmind.com/en/tests?q=,header/navigation,,UNKNOWN,Target is not in current authority corpus; not labeled broken without reliable target readback.
non_corpus_internal_target,UNKNOWN,https://fermatmind.com/en/personality/big-five/facets,https://fermatmind.com/en/tests?q=,header/navigation,,UNKNOWN,Target is not in current authority corpus; not labeled broken without reliable target readback.
non_corpus_internal_target,UNKNOWN,https://fermatmind.com/en/personality/big-five/facets/achievement-striving,https://fermatmind.com/en/tests?q=,header/navigation,,UNKNOWN,Target is not in current authority corpus; not labeled broken without reliable target readback.
non_corpus_internal_target,UNKNOWN,https://fermatmind.com/en/personality/big-five/facets/actions,https://fermatmind.com/en/tests?q=,header/navigation,,UNKNOWN,Target is not in current authority corpus; not labeled broken without reliable target readback.
non_corpus_internal_target,UNKNOWN,https://fermatmind.com/en/personality/big-five/facets/activity,https://fermatmind.com/en/tests?q=,header/navigation,,UNKNOWN,Target is not in current authority corpus; not labeled broken without reliable target readback.
non_corpus_internal_target,UNKNOWN,https://fermatmind.com/en/personality/big-five/facets/aesthetics,https://fermatmind.com/en/tests?q=,header/navigation,,UNKNOWN,Target is not in current authority corpus; not labeled broken without reliable target readback.
non_corpus_internal_target,UNKNOWN,https://fermatmind.com/en/personality/big-five/facets/altruism,https://fermatmind.com/en/tests?q=,header/navigation,,UNKNOWN,Target is not in current authority corpus; not labeled broken without reliable target readback.
non_corpus_internal_target,UNKNOWN,https://fermatmind.com/en/personality/big-five/facets/anger,https://fermatmind.com/en/tests?q=,header/navigation,,UNKNOWN,Target is not in current authority corpus; not labeled broken without reliable target readback.
non_corpus_internal_target,UNKNOWN,https://fermatmind.com/en/personality/big-five/facets/anxiety,https://fermatmind.com/en/tests?q=,header/navigation,,UNKNOWN,Target is not in current authority corpus; not labeled broken without reliable target readback.
non_corpus_internal_target,UNKNOWN,https://fermatmind.com/en/personality/big-five/facets/assertiveness,https://fermatmind.com/en/tests?q=,header/navigation,,UNKNOWN,Target is not in current authority corpus; not labeled broken without reliable target readback.
non_corpus_internal_target,UNKNOWN,https://fermatmind.com/en/personality/big-five/facets/competence,https://fermatmind.com/en/tests?q=,header/navigation,,UNKNOWN,Target is not in current authority corpus; not labeled broken without reliable target readback.
non_corpus_internal_target,UNKNOWN,https://fermatmind.com/en/personality/big-five/facets/compliance,https://fermatmind.com/en/tests?q=,header/navigation,,UNKNOWN,Target is not in current authority corpus; not labeled broken without reliable target readback.
non_corpus_internal_target,UNKNOWN,https://fermatmind.com/en/personality/big-five/facets/deliberation,https://fermatmind.com/en/tests?q=,header/navigation,,UNKNOWN,Target is not in current authority corpus; not labeled broken without reliable target readback.
non_corpus_internal_target,UNKNOWN,https://fermatmind.com/en/personality/big-five/facets/depression,https://fermatmind.com/en/tests?q=,header/navigation,,UNKNOWN,Target is not in current authority corpus; not labeled broken without reliable target readback.
non_corpus_internal_target,UNKNOWN,https://fermatmind.com/en/personality/big-five/facets/dutifulness,https://fermatmind.com/en/tests?q=,header/navigation,,UNKNOWN,Target is not in current authority corpus; not labeled broken without reliable target readback.
non_corpus_internal_target,UNKNOWN,https://fermatmind.com/en/personality/big-five/facets/excitement-seeking,https://fermatmind.com/en/tests?q=,header/navigation,,UNKNOWN,Target is not in current authority corpus; not labeled broken without reliable target readback.
non_corpus_internal_target,UNKNOWN,https://fermatmind.com/en/personality/big-five/facets/feelings,https://fermatmind.com/en/tests?q=,header/navigation,,UNKNOWN,Target is not in current authority corpus; not labeled broken without reliable target readback.
non_corpus_internal_target,UNKNOWN,https://fermatmind.com/en/personality/big-five/facets/gregariousness,https://fermatmind.com/en/tests?q=,header/navigation,,UNKNOWN,Target is not in current authority corpus; not labeled broken without reliable target readback.
non_corpus_internal_target,UNKNOWN,https://fermatmind.com/en/personality/big-five/facets/ideas,https://fermatmind.com/en/tests?q=,header/navigation,,UNKNOWN,Target is not in current authority corpus; not labeled broken without reliable target readback.
non_corpus_internal_target,UNKNOWN,https://fermatmind.com/en/personality/big-five/facets/imagination,https://fermatmind.com/en/tests?q=,header/navigation,,UNKNOWN,Target is not in current authority corpus; not labeled broken without reliable target readback.
non_corpus_internal_target,UNKNOWN,https://fermatmind.com/en/personality/big-five/facets/impulsiveness,https://fermatmind.com/en/tests?q=,header/navigation,,UNKNOWN,Target is not in current authority corpus; not labeled broken without reliable target readback.
non_corpus_internal_target,UNKNOWN,https://fermatmind.com/en/personality/big-five/facets/modesty,https://fermatmind.com/en/tests?q=,header/navigation,,UNKNOWN,Target is not in current authority corpus; not labeled broken without reliable target readback.
non_corpus_internal_target,UNKNOWN,https://fermatmind.com/en/personality/big-five/facets/order,https://fermatmind.com/en/tests?q=,header/navigation,,UNKNOWN,Target is not in current authority corpus; not labeled broken without reliable target readback.
non_corpus_internal_target,UNKNOWN,https://fermatmind.com/en/personality/big-five/facets/positive-emotions,https://fermatmind.com/en/tests?q=,header/navigation,,UNKNOWN,Target is not in current authority corpus; not labeled broken without reliable target readback.
non_corpus_internal_target,UNKNOWN,https://fermatmind.com/en/personality/big-five/facets/self-consciousness,https://fermatmind.com/en/tests?q=,header/navigation,,UNKNOWN,Target is not in current authority corpus; not labeled broken without reliable target readback.
non_corpus_internal_target,UNKNOWN,https://fermatmind.com/en/personality/big-five/facets/self-discipline,https://fermatmind.com/en/tests?q=,header/navigation,,UNKNOWN,Target is not in current authority corpus; not labeled broken without reliable target readback.
non_corpus_internal_target,UNKNOWN,https://fermatmind.com/en/personality/big-five/facets/straightforwardness,https://fermatmind.com/en/tests?q=,header/navigation,,UNKNOWN,Target is not in current authority corpus; not labeled broken without reliable target readback.
non_corpus_internal_target,UNKNOWN,https://fermatmind.com/en/personality/big-five/facets/tender-mindedness,https://fermatmind.com/en/tests?q=,header/navigation,,UNKNOWN,Target is not in current authority corpus; not labeled broken without reliable target readback.
non_corpus_internal_target,UNKNOWN,https://fermatmind.com/en/personality/big-five/facets/trust,https://fermatmind.com/en/tests?q=,header/navigation,,UNKNOWN,Target is not in current authority corpus; not labeled broken without reliable target readback.
non_corpus_internal_target,UNKNOWN,https://fermatmind.com/en/personality/big-five/facets/values,https://fermatmind.com/en/tests?q=,header/navigation,,UNKNOWN,Target is not in current authority corpus; not labeled broken without reliable target readback.
non_corpus_internal_target,UNKNOWN,https://fermatmind.com/en/personality/big-five/facets/vulnerability,https://fermatmind.com/en/tests?q=,header/navigation,,UNKNOWN,Target is not in current authority corpus; not labeled broken without reliable target readback.
non_corpus_internal_target,UNKNOWN,https://fermatmind.com/en/personality/big-five/facets/warmth,https://fermatmind.com/en/tests?q=,header/navigation,,UNKNOWN,Target is not in current authority corpus; not labeled broken without reliable target readback.
non_corpus_internal_target,UNKNOWN,https://fermatmind.com/en/personality/big-five/neuroticism,https://fermatmind.com/en/tests?q=,header/navigation,,UNKNOWN,Target is not in current authority corpus; not labeled broken without reliable target readback.
non_corpus_internal_target,UNKNOWN,https://fermatmind.com/en/personality/big-five/neuroticism-high,https://fermatmind.com/en/tests?q=,header/navigation,,UNKNOWN,Target is not in current authority corpus; not labeled broken without reliable target readback.
non_corpus_internal_target,UNKNOWN,https://fermatmind.com/en/personality/big-five/neuroticism-low,https://fermatmind.com/en/tests?q=,header/navigation,,UNKNOWN,Target is not in current authority corpus; not labeled broken without reliable target readback.
non_corpus_internal_target,UNKNOWN,https://fermatmind.com/en/personality/big-five/neuroticism-mid,https://fermatmind.com/en/tests?q=,header/navigation,,UNKNOWN,Target is not in current authority corpus; not labeled broken without reliable target readback.
non_corpus_internal_target,UNKNOWN,https://fermatmind.com/en/personality/big-five/openness,https://fermatmind.com/en/tests?q=,header/navigation,,UNKNOWN,Target is not in current authority corpus; not labeled broken without reliable target readback.
non_corpus_internal_target,UNKNOWN,https://fermatmind.com/en/personality/big-five/openness-high,https://fermatmind.com/en/tests?q=,header/navigation,,UNKNOWN,Target is not in current authority corpus; not labeled broken without reliable target readback.
non_corpus_internal_target,UNKNOWN,https://fermatmind.com/en/personality/big-five/openness-low,https://fermatmind.com/en/tests?q=,header/navigation,,UNKNOWN,Target is not in current authority corpus; not labeled broken without reliable target readback.
non_corpus_internal_target,UNKNOWN,https://fermatmind.com/en/personality/big-five/openness-mid,https://fermatmind.com/en/tests?q=,header/navigation,,UNKNOWN,Target is not in current authority corpus; not labeled broken without reliable target readback.
non_corpus_internal_target,UNKNOWN,https://fermatmind.com/en/personality/enfj,https://fermatmind.com/en/tests?q=,header/navigation,,UNKNOWN,Target is not in current authority corpus; not labeled broken without reliable target readback.
private_route_link,HIGH,https://fermatmind.com/en/personality/enfj,PRIVATE_ROUTE_REDACTED:take,inline contextual,Free MBTI test,VERIFIED,Visible internal link targets a private/sensitive route; target was not crawled.
non_corpus_internal_target,UNKNOWN,https://fermatmind.com/en/personality/enfj-a,https://fermatmind.com/en/tests?q=,header/navigation,,UNKNOWN,Target is not in current authority corpus; not labeled broken without reliable target readback.
non_corpus_internal_target,UNKNOWN,https://fermatmind.com/en/personality/enfj-a,https://fermatmind.com/en/career/recommendations/mbti/enfj-a,CTA,See career direction,UNKNOWN,Target is not in current authority corpus; not labeled broken without reliable target readback.
private_route_link,HIGH,https://fermatmind.com/en/personality/enfj-a,PRIVATE_ROUTE_REDACTED:take,inline contextual,Free MBTI test,VERIFIED,Visible internal link targets a private/sensitive route; target was not crawled.
non_corpus_internal_target,UNKNOWN,https://fermatmind.com/en/personality/enfj-a,https://fermatmind.com/en/career/recommendations/mbti/enfj-a,inline contextual,View career recommendations,UNKNOWN,Target is not in current authority corpus; not labeled broken without reliable target readback.
non_corpus_internal_target,UNKNOWN,https://fermatmind.com/en/personality/enfj-a-vs-enfj-t,https://fermatmind.com/en/tests?q=,header/navigation,,UNKNOWN,Target is not in current authority corpus; not labeled broken without reliable target readback.
non_corpus_internal_target,UNKNOWN,https://fermatmind.com/en/personality/enfj-t,https://fermatmind.com/en/tests?q=,header/navigation,,UNKNOWN,Target is not in current authority corpus; not labeled broken without reliable target readback.
non_corpus_internal_target,UNKNOWN,https://fermatmind.com/en/personality/enfj-t,https://fermatmind.com/en/career/recommendations/mbti/enfj-t,CTA,See career direction,UNKNOWN,Target is not in current authority corpus; not labeled broken without reliable target readback.
private_route_link,HIGH,https://fermatmind.com/en/personality/enfj-t,PRIVATE_ROUTE_REDACTED:take,inline contextual,Free MBTI test,VERIFIED,Visible internal link targets a private/sensitive route; target was not crawled.
non_corpus_internal_target,UNKNOWN,https://fermatmind.com/en/personality/enfj-t,https://fermatmind.com/en/career/recommendations/mbti/enfj-t,inline contextual,View career recommendations,UNKNOWN,Target is not in current authority corpus; not labeled broken without reliable target readback.
non_corpus_internal_target,UNKNOWN,https://fermatmind.com/en/personality/enfp,https://fermatmind.com/en/tests?q=,header/navigation,,UNKNOWN,Target is not in current authority corpus; not labeled broken without reliable target readback.
private_route_link,HIGH,https://fermatmind.com/en/personality/enfp,PRIVATE_ROUTE_REDACTED:take,inline contextual,Free MBTI test,VERIFIED,Visible internal link targets a private/sensitive route; target was not crawled.
non_corpus_internal_target,UNKNOWN,https://fermatmind.com/en/personality/enfp-a,https://fermatmind.com/en/tests?q=,header/navigation,,UNKNOWN,Target is not in current authority corpus; not labeled broken without reliable target readback.
non_corpus_internal_target,UNKNOWN,https://fermatmind.com/en/personality/enfp-a,https://fermatmind.com/en/career/recommendations/mbti/enfp-a,CTA,See career direction,UNKNOWN,Target is not in current authority corpus; not labeled broken without reliable target readback.
private_route_link,HIGH,https://fermatmind.com/en/personality/enfp-a,PRIVATE_ROUTE_REDACTED:take,inline contextual,Free MBTI test,VERIFIED,Visible internal link targets a private/sensitive route; target was not crawled.
non_corpus_internal_target,UNKNOWN,https://fermatmind.com/en/personality/enfp-a,https://fermatmind.com/en/career/recommendations/mbti/enfp-a,inline contextual,View career recommendations,UNKNOWN,Target is not in current authority corpus; not labeled broken without reliable target readback.
non_corpus_internal_target,UNKNOWN,https://fermatmind.com/en/personality/enfp-a-vs-enfp-t,https://fermatmind.com/en/tests?q=,header/navigation,,UNKNOWN,Target is not in current authority corpus; not labeled broken without reliable target readback.
non_corpus_internal_target,UNKNOWN,https://fermatmind.com/en/personality/enfp-t,https://fermatmind.com/en/tests?q=,header/navigation,,UNKNOWN,Target is not in current authority corpus; not labeled broken without reliable target readback.
non_corpus_internal_target,UNKNOWN,https://fermatmind.com/en/personality/enfp-t,https://fermatmind.com/en/career/recommendations/mbti/enfp-t,CTA,See career direction,UNKNOWN,Target is not in current authority corpus; not labeled broken without reliable target readback.
private_route_link,HIGH,https://fermatmind.com/en/personality/enfp-t,PRIVATE_ROUTE_REDACTED:take,inline contextual,Free MBTI test,VERIFIED,Visible internal link targets a private/sensitive route; target was not crawled.
non_corpus_internal_target,UNKNOWN,https://fermatmind.com/en/personality/enfp-t,https://fermatmind.com/en/career/recommendations/mbti/enfp-t,inline contextual,View career recommendations,UNKNOWN,Target is not in current authority corpus; not labeled broken without reliable target readback.
non_corpus_internal_target,UNKNOWN,https://fermatmind.com/en/personality/enneagram,https://fermatmind.com/en/tests?q=,header/navigation,,UNKNOWN,Target is not in current authority corpus; not labeled broken without reliable target readback.
non_corpus_internal_target,UNKNOWN,https://fermatmind.com/en/personality/enneagram/centers/gut,https://fermatmind.com/en/tests?q=,header/navigation,,UNKNOWN,Target is not in current authority corpus; not labeled broken without reliable target readback.
non_corpus_internal_target,UNKNOWN,https://fermatmind.com/en/personality/enneagram/centers/head,https://fermatmind.com/en/tests?q=,header/navigation,,UNKNOWN,Target is not in current authority corpus; not labeled broken without reliable target readback.
non_corpus_internal_target,UNKNOWN,https://fermatmind.com/en/personality/enneagram/centers/heart,https://fermatmind.com/en/tests?q=,header/navigation,,UNKNOWN,Target is not in current authority corpus; not labeled broken without reliable target readback.
non_corpus_internal_target,UNKNOWN,https://fermatmind.com/en/personality/enneagram/type-1,https://fermatmind.com/en/tests?q=,header/navigation,,UNKNOWN,Target is not in current authority corpus; not labeled broken without reliable target readback.
non_corpus_internal_target,UNKNOWN,https://fermatmind.com/en/personality/enneagram/type-1/instincts/one-to-one,https://fermatmind.com/en/tests?q=,header/navigation,,UNKNOWN,Target is not in current authority corpus; not labeled broken without reliable target readback.
non_corpus_internal_target,UNKNOWN,https://fermatmind.com/en/personality/enneagram/type-1/instincts/self-preservation,https://fermatmind.com/en/tests?q=,header/navigation,,UNKNOWN,Target is not in current authority corpus; not labeled broken without reliable target readback.
non_corpus_internal_target,UNKNOWN,https://fermatmind.com/en/personality/enneagram/type-1/instincts/social,https://fermatmind.com/en/tests?q=,header/navigation,,UNKNOWN,Target is not in current authority corpus; not labeled broken without reliable target readback.
non_corpus_internal_target,UNKNOWN,https://fermatmind.com/en/personality/enneagram/type-2,https://fermatmind.com/en/tests?q=,header/navigation,,UNKNOWN,Target is not in current authority corpus; not labeled broken without reliable target readback.
non_corpus_internal_target,UNKNOWN,https://fermatmind.com/en/personality/enneagram/type-2/instincts/one-to-one,https://fermatmind.com/en/tests?q=,header/navigation,,UNKNOWN,Target is not in current authority corpus; not labeled broken without reliable target readback.
non_corpus_internal_target,UNKNOWN,https://fermatmind.com/en/personality/enneagram/type-2/instincts/self-preservation,https://fermatmind.com/en/tests?q=,header/navigation,,UNKNOWN,Target is not in current authority corpus; not labeled broken without reliable target readback.
non_corpus_internal_target,UNKNOWN,https://fermatmind.com/en/personality/enneagram/type-2/instincts/social,https://fermatmind.com/en/tests?q=,header/navigation,,UNKNOWN,Target is not in current authority corpus; not labeled broken without reliable target readback.
non_corpus_internal_target,UNKNOWN,https://fermatmind.com/en/personality/enneagram/type-3,https://fermatmind.com/en/tests?q=,header/navigation,,UNKNOWN,Target is not in current authority corpus; not labeled broken without reliable target readback.
non_corpus_internal_target,UNKNOWN,https://fermatmind.com/en/personality/enneagram/type-3/instincts/one-to-one,https://fermatmind.com/en/tests?q=,header/navigation,,UNKNOWN,Target is not in current authority corpus; not labeled broken without reliable target readback.
non_corpus_internal_target,UNKNOWN,https://fermatmind.com/en/personality/enneagram/type-3/instincts/self-preservation,https://fermatmind.com/en/tests?q=,header/navigation,,UNKNOWN,Target is not in current authority corpus; not labeled broken without reliable target readback.
non_corpus_internal_target,UNKNOWN,https://fermatmind.com/en/personality/enneagram/type-3/instincts/social,https://fermatmind.com/en/tests?q=,header/navigation,,UNKNOWN,Target is not in current authority corpus; not labeled broken without reliable target readback.
non_corpus_internal_target,UNKNOWN,https://fermatmind.com/en/personality/enneagram/type-4,https://fermatmind.com/en/tests?q=,header/navigation,,UNKNOWN,Target is not in current authority corpus; not labeled broken without reliable target readback.
non_corpus_internal_target,UNKNOWN,https://fermatmind.com/en/personality/enneagram/type-4/instincts/one-to-one,https://fermatmind.com/en/tests?q=,header/navigation,,UNKNOWN,Target is not in current authority corpus; not labeled broken without reliable target readback.
non_corpus_internal_target,UNKNOWN,https://fermatmind.com/en/personality/enneagram/type-4/instincts/self-preservation,https://fermatmind.com/en/tests?q=,header/navigation,,UNKNOWN,Target is not in current authority corpus; not labeled broken without reliable target readback.
non_corpus_internal_target,UNKNOWN,https://fermatmind.com/en/personality/enneagram/type-4/instincts/social,https://fermatmind.com/en/tests?q=,header/navigation,,UNKNOWN,Target is not in current authority corpus; not labeled broken without reliable target readback.
non_corpus_internal_target,UNKNOWN,https://fermatmind.com/en/personality/enneagram/type-5,https://fermatmind.com/en/tests?q=,header/navigation,,UNKNOWN,Target is not in current authority corpus; not labeled broken without reliable target readback.
non_corpus_internal_target,UNKNOWN,https://fermatmind.com/en/personality/enneagram/type-5/instincts/one-to-one,https://fermatmind.com/en/tests?q=,header/navigation,,UNKNOWN,Target is not in current authority corpus; not labeled broken without reliable target readback.
non_corpus_internal_target,UNKNOWN,https://fermatmind.com/en/personality/enneagram/type-5/instincts/self-preservation,https://fermatmind.com/en/tests?q=,header/navigation,,UNKNOWN,Target is not in current authority corpus; not labeled broken without reliable target readback.
non_corpus_internal_target,UNKNOWN,https://fermatmind.com/en/personality/enneagram/type-5/instincts/social,https://fermatmind.com/en/tests?q=,header/navigation,,UNKNOWN,Target is not in current authority corpus; not labeled broken without reliable target readback.
non_corpus_internal_target,UNKNOWN,https://fermatmind.com/en/personality/enneagram/type-6,https://fermatmind.com/en/tests?q=,header/navigation,,UNKNOWN,Target is not in current authority corpus; not labeled broken without reliable target readback.
non_corpus_internal_target,UNKNOWN,https://fermatmind.com/en/personality/enneagram/type-6/instincts/one-to-one,https://fermatmind.com/en/tests?q=,header/navigation,,UNKNOWN,Target is not in current authority corpus; not labeled broken without reliable target readback.
non_corpus_internal_target,UNKNOWN,https://fermatmind.com/en/personality/enneagram/type-6/instincts/self-preservation,https://fermatmind.com/en/tests?q=,header/navigation,,UNKNOWN,Target is not in current authority corpus; not labeled broken without reliable target readback.
non_corpus_internal_target,UNKNOWN,https://fermatmind.com/en/personality/enneagram/type-6/instincts/social,https://fermatmind.com/en/tests?q=,header/navigation,,UNKNOWN,Target is not in current authority corpus; not labeled broken without reliable target readback.
non_corpus_internal_target,UNKNOWN,https://fermatmind.com/en/personality/enneagram/type-7,https://fermatmind.com/en/tests?q=,header/navigation,,UNKNOWN,Target is not in current authority corpus; not labeled broken without reliable target readback.
non_corpus_internal_target,UNKNOWN,https://fermatmind.com/en/personality/enneagram/type-7/instincts/one-to-one,https://fermatmind.com/en/tests?q=,header/navigation,,UNKNOWN,Target is not in current authority corpus; not labeled broken without reliable target readback.
non_corpus_internal_target,UNKNOWN,https://fermatmind.com/en/personality/enneagram/type-7/instincts/self-preservation,https://fermatmind.com/en/tests?q=,header/navigation,,UNKNOWN,Target is not in current authority corpus; not labeled broken without reliable target readback.
non_corpus_internal_target,UNKNOWN,https://fermatmind.com/en/personality/enneagram/type-7/instincts/social,https://fermatmind.com/en/tests?q=,header/navigation,,UNKNOWN,Target is not in current authority corpus; not labeled broken without reliable target readback.
non_corpus_internal_target,UNKNOWN,https://fermatmind.com/en/personality/enneagram/type-8,https://fermatmind.com/en/tests?q=,header/navigation,,UNKNOWN,Target is not in current authority corpus; not labeled broken without reliable target readback.
non_corpus_internal_target,UNKNOWN,https://fermatmind.com/en/personality/enneagram/type-8/instincts/one-to-one,https://fermatmind.com/en/tests?q=,header/navigation,,UNKNOWN,Target is not in current authority corpus; not labeled broken without reliable target readback.
non_corpus_internal_target,UNKNOWN,https://fermatmind.com/en/personality/enneagram/type-8/instincts/self-preservation,https://fermatmind.com/en/tests?q=,header/navigation,,UNKNOWN,Target is not in current authority corpus; not labeled broken without reliable target readback.
non_corpus_internal_target,UNKNOWN,https://fermatmind.com/en/personality/enneagram/type-8/instincts/social,https://fermatmind.com/en/tests?q=,header/navigation,,UNKNOWN,Target is not in current authority corpus; not labeled broken without reliable target readback.
non_corpus_internal_target,UNKNOWN,https://fermatmind.com/en/personality/enneagram/type-9,https://fermatmind.com/en/tests?q=,header/navigation,,UNKNOWN,Target is not in current authority corpus; not labeled broken without reliable target readback.
non_corpus_internal_target,UNKNOWN,https://fermatmind.com/en/personality/enneagram/type-9/instincts/one-to-one,https://fermatmind.com/en/tests?q=,header/navigation,,UNKNOWN,Target is not in current authority corpus; not labeled broken without reliable target readback.
non_corpus_internal_target,UNKNOWN,https://fermatmind.com/en/personality/enneagram/type-9/instincts/self-preservation,https://fermatmind.com/en/tests?q=,header/navigation,,UNKNOWN,Target is not in current authority corpus; not labeled broken without reliable target readback.
non_corpus_internal_target,UNKNOWN,https://fermatmind.com/en/personality/enneagram/type-9/instincts/social,https://fermatmind.com/en/tests?q=,header/navigation,,UNKNOWN,Target is not in current authority corpus; not labeled broken without reliable target readback.
non_corpus_internal_target,UNKNOWN,https://fermatmind.com/en/personality/enneagram/wings/1w2,https://fermatmind.com/en/tests?q=,header/navigation,,UNKNOWN,Target is not in current authority corpus; not labeled broken without reliable target readback.
non_corpus_internal_target,UNKNOWN,https://fermatmind.com/en/personality/enneagram/wings/1w9,https://fermatmind.com/en/tests?q=,header/navigation,,UNKNOWN,Target is not in current authority corpus; not labeled broken without reliable target readback.
non_corpus_internal_target,UNKNOWN,https://fermatmind.com/en/personality/enneagram/wings/2w1,https://fermatmind.com/en/tests?q=,header/navigation,,UNKNOWN,Target is not in current authority corpus; not labeled broken without reliable target readback.
non_corpus_internal_target,UNKNOWN,https://fermatmind.com/en/personality/enneagram/wings/2w3,https://fermatmind.com/en/tests?q=,header/navigation,,UNKNOWN,Target is not in current authority corpus; not labeled broken without reliable target readback.
non_corpus_internal_target,UNKNOWN,https://fermatmind.com/en/personality/enneagram/wings/3w2,https://fermatmind.com/en/tests?q=,header/navigation,,UNKNOWN,Target is not in current authority corpus; not labeled broken without reliable target readback.
non_corpus_internal_target,UNKNOWN,https://fermatmind.com/en/personality/enneagram/wings/3w4,https://fermatmind.com/en/tests?q=,header/navigation,,UNKNOWN,Target is not in current authority corpus; not labeled broken without reliable target readback.
non_corpus_internal_target,UNKNOWN,https://fermatmind.com/en/personality/enneagram/wings/4w3,https://fermatmind.com/en/tests?q=,header/navigation,,UNKNOWN,Target is not in current authority corpus; not labeled broken without reliable target readback.
non_corpus_internal_target,UNKNOWN,https://fermatmind.com/en/personality/enneagram/wings/4w5,https://fermatmind.com/en/tests?q=,header/navigation,,UNKNOWN,Target is not in current authority corpus; not labeled broken without reliable target readback.
non_corpus_internal_target,UNKNOWN,https://fermatmind.com/en/personality/enneagram/wings/5w4,https://fermatmind.com/en/tests?q=,header/navigation,,UNKNOWN,Target is not in current authority corpus; not labeled broken without reliable target readback.
non_corpus_internal_target,UNKNOWN,https://fermatmind.com/en/personality/enneagram/wings/5w6,https://fermatmind.com/en/tests?q=,header/navigation,,UNKNOWN,Target is not in current authority corpus; not labeled broken without reliable target readback.
non_corpus_internal_target,UNKNOWN,https://fermatmind.com/en/personality/enneagram/wings/6w5,https://fermatmind.com/en/tests?q=,header/navigation,,UNKNOWN,Target is not in current authority corpus; not labeled broken without reliable target readback.
non_corpus_internal_target,UNKNOWN,https://fermatmind.com/en/personality/enneagram/wings/6w7,https://fermatmind.com/en/tests?q=,header/navigation,,UNKNOWN,Target is not in current authority corpus; not labeled broken without reliable target readback.
non_corpus_internal_target,UNKNOWN,https://fermatmind.com/en/personality/enneagram/wings/7w6,https://fermatmind.com/en/tests?q=,header/navigation,,UNKNOWN,Target is not in current authority corpus; not labeled broken without reliable target readback.
non_corpus_internal_target,UNKNOWN,https://fermatmind.com/en/personality/enneagram/wings/7w8,https://fermatmind.com/en/tests?q=,header/navigation,,UNKNOWN,Target is not in current authority corpus; not labeled broken without reliable target readback.
non_corpus_internal_target,UNKNOWN,https://fermatmind.com/en/personality/enneagram/wings/8w7,https://fermatmind.com/en/tests?q=,header/navigation,,UNKNOWN,Target is not in current authority corpus; not labeled broken without reliable target readback.
non_corpus_internal_target,UNKNOWN,https://fermatmind.com/en/personality/enneagram/wings/8w9,https://fermatmind.com/en/tests?q=,header/navigation,,UNKNOWN,Target is not in current authority corpus; not labeled broken without reliable target readback.
non_corpus_internal_target,UNKNOWN,https://fermatmind.com/en/personality/enneagram/wings/9w1,https://fermatmind.com/en/tests?q=,header/navigation,,UNKNOWN,Target is not in current authority corpus; not labeled broken without reliable target readback.
non_corpus_internal_target,UNKNOWN,https://fermatmind.com/en/personality/enneagram/wings/9w8,https://fermatmind.com/en/tests?q=,header/navigation,,UNKNOWN,Target is not in current authority corpus; not labeled broken without reliable target readback.
non_corpus_internal_target,UNKNOWN,https://fermatmind.com/en/personality/entj,https://fermatmind.com/en/tests?q=,header/navigation,,UNKNOWN,Target is not in current authority corpus; not labeled broken without reliable target readback.
private_route_link,HIGH,https://fermatmind.com/en/personality/entj,PRIVATE_ROUTE_REDACTED:take,inline contextual,Free MBTI test,VERIFIED,Visible internal link targets a private/sensitive route; target was not crawled.
non_corpus_internal_target,UNKNOWN,https://fermatmind.com/en/personality/entj-a,https://fermatmind.com/en/tests?q=,header/navigation,,UNKNOWN,Target is not in current authority corpus; not labeled broken without reliable target readback.
non_corpus_internal_target,UNKNOWN,https://fermatmind.com/en/personality/entj-a,https://fermatmind.com/en/career/recommendations/mbti/entj-a,CTA,See career direction,UNKNOWN,Target is not in current authority corpus; not labeled broken without reliable target readback.
private_route_link,HIGH,https://fermatmind.com/en/personality/entj-a,PRIVATE_ROUTE_REDACTED:take,inline contextual,Free MBTI test,VERIFIED,Visible internal link targets a private/sensitive route; target was not crawled.
non_corpus_internal_target,UNKNOWN,https://fermatmind.com/en/personality/entj-a,https://fermatmind.com/en/career/recommendations/mbti/entj-a,inline contextual,View career recommendations,UNKNOWN,Target is not in current authority corpus; not labeled broken without reliable target readback.
non_corpus_internal_target,UNKNOWN,https://fermatmind.com/en/personality/entj-a-vs-entj-t,https://fermatmind.com/en/tests?q=,header/navigation,,UNKNOWN,Target is not in current authority corpus; not labeled broken without reliable target readback.
non_corpus_internal_target,UNKNOWN,https://fermatmind.com/en/personality/entj-t,https://fermatmind.com/en/tests?q=,header/navigation,,UNKNOWN,Target is not in current authority corpus; not labeled broken without reliable target readback.
non_corpus_internal_target,UNKNOWN,https://fermatmind.com/en/personality/entj-t,https://fermatmind.com/en/career/recommendations/mbti/entj-t,CTA,See career direction,UNKNOWN,Target is not in current authority corpus; not labeled broken without reliable target readback.
private_route_link,HIGH,https://fermatmind.com/en/personality/entj-t,PRIVATE_ROUTE_REDACTED:take,inline contextual,Free MBTI test,VERIFIED,Visible internal link targets a private/sensitive route; target was not crawled.
non_corpus_internal_target,UNKNOWN,https://fermatmind.com/en/personality/entj-t,https://fermatmind.com/en/career/recommendations/mbti/entj-t,inline contextual,View career recommendations,UNKNOWN,Target is not in current authority corpus; not labeled broken without reliable target readback.
non_corpus_internal_target,UNKNOWN,https://fermatmind.com/en/personality/entp,https://fermatmind.com/en/tests?q=,header/navigation,,UNKNOWN,Target is not in current authority corpus; not labeled broken without reliable target readback.
private_route_link,HIGH,https://fermatmind.com/en/personality/entp,PRIVATE_ROUTE_REDACTED:take,inline contextual,Free MBTI test,VERIFIED,Visible internal link targets a private/sensitive route; target was not crawled.
non_corpus_internal_target,UNKNOWN,https://fermatmind.com/en/personality/entp-a,https://fermatmind.com/en/tests?q=,header/navigation,,UNKNOWN,Target is not in current authority corpus; not labeled broken without reliable target readback.
non_corpus_internal_target,UNKNOWN,https://fermatmind.com/en/personality/entp-a,https://fermatmind.com/en/career/recommendations/mbti/entp-a,CTA,See career direction,UNKNOWN,Target is not in current authority corpus; not labeled broken without reliable target readback.
private_route_link,HIGH,https://fermatmind.com/en/personality/entp-a,PRIVATE_ROUTE_REDACTED:take,inline contextual,Free MBTI test,VERIFIED,Visible internal link targets a private/sensitive route; target was not crawled.
non_corpus_internal_target,UNKNOWN,https://fermatmind.com/en/personality/entp-a,https://fermatmind.com/en/career/recommendations/mbti/entp-a,inline contextual,View career recommendations,UNKNOWN,Target is not in current authority corpus; not labeled broken without reliable target readback.
non_corpus_internal_target,UNKNOWN,https://fermatmind.com/en/personality/entp-a-vs-entp-t,https://fermatmind.com/en/tests?q=,header/navigation,,UNKNOWN,Target is not in current authority corpus; not labeled broken without reliable target readback.
non_corpus_internal_target,UNKNOWN,https://fermatmind.com/en/personality/entp-t,https://fermatmind.com/en/tests?q=,header/navigation,,UNKNOWN,Target is not in current authority corpus; not labeled broken without reliable target readback.
non_corpus_internal_target,UNKNOWN,https://fermatmind.com/en/personality/entp-t,https://fermatmind.com/en/career/recommendations/mbti/entp-t,CTA,See career direction,UNKNOWN,Target is not in current authority corpus; not labeled broken without reliable target readback.
private_route_link,HIGH,https://fermatmind.com/en/personality/entp-t,PRIVATE_ROUTE_REDACTED:take,inline contextual,Free MBTI test,VERIFIED,Visible internal link targets a private/sensitive route; target was not crawled.
non_corpus_internal_target,UNKNOWN,https://fermatmind.com/en/personality/entp-t,https://fermatmind.com/en/career/recommendations/mbti/entp-t,inline contextual,View career recommendations,UNKNOWN,Target is not in current authority corpus; not labeled broken without reliable target readback.
non_corpus_internal_target,UNKNOWN,https://fermatmind.com/en/personality/esfj,https://fermatmind.com/en/tests?q=,header/navigation,,UNKNOWN,Target is not in current authority corpus; not labeled broken without reliable target readback.
private_route_link,HIGH,https://fermatmind.com/en/personality/esfj,PRIVATE_ROUTE_REDACTED:take,inline contextual,Free MBTI test,VERIFIED,Visible internal link targets a private/sensitive route; target was not crawled.
non_corpus_internal_target,UNKNOWN,https://fermatmind.com/en/personality/esfj-a,https://fermatmind.com/en/tests?q=,header/navigation,,UNKNOWN,Target is not in current authority corpus; not labeled broken without reliable target readback.
non_corpus_internal_target,UNKNOWN,https://fermatmind.com/en/personality/esfj-a,https://fermatmind.com/en/career/recommendations/mbti/esfj-a,CTA,See career direction,UNKNOWN,Target is not in current authority corpus; not labeled broken without reliable target readback.
private_route_link,HIGH,https://fermatmind.com/en/personality/esfj-a,PRIVATE_ROUTE_REDACTED:take,inline contextual,Free MBTI test,VERIFIED,Visible internal link targets a private/sensitive route; target was not crawled.
non_corpus_internal_target,UNKNOWN,https://fermatmind.com/en/personality/esfj-a,https://fermatmind.com/en/career/recommendations/mbti/esfj-a,inline contextual,View career recommendations,UNKNOWN,Target is not in current authority corpus; not labeled broken without reliable target readback.
non_corpus_internal_target,UNKNOWN,https://fermatmind.com/en/personality/esfj-a-vs-esfj-t,https://fermatmind.com/en/tests?q=,header/navigation,,UNKNOWN,Target is not in current authority corpus; not labeled broken without reliable target readback.
non_corpus_internal_target,UNKNOWN,https://fermatmind.com/en/personality/esfj-t,https://fermatmind.com/en/tests?q=,header/navigation,,UNKNOWN,Target is not in current authority corpus; not labeled broken without reliable target readback.
non_corpus_internal_target,UNKNOWN,https://fermatmind.com/en/personality/esfj-t,https://fermatmind.com/en/career/recommendations/mbti/esfj-t,CTA,See career direction,UNKNOWN,Target is not in current authority corpus; not labeled broken without reliable target readback.
private_route_link,HIGH,https://fermatmind.com/en/personality/esfj-t,PRIVATE_ROUTE_REDACTED:take,inline contextual,Free MBTI test,VERIFIED,Visible internal link targets a private/sensitive route; target was not crawled.
non_corpus_internal_target,UNKNOWN,https://fermatmind.com/en/personality/esfj-t,https://fermatmind.com/en/career/recommendations/mbti/esfj-t,inline contextual,View career recommendations,UNKNOWN,Target is not in current authority corpus; not labeled broken without reliable target readback.
non_corpus_internal_target,UNKNOWN,https://fermatmind.com/en/personality/esfp,https://fermatmind.com/en/tests?q=,header/navigation,,UNKNOWN,Target is not in current authority corpus; not labeled broken without reliable target readback.
private_route_link,HIGH,https://fermatmind.com/en/personality/esfp,PRIVATE_ROUTE_REDACTED:take,inline contextual,Free MBTI test,VERIFIED,Visible internal link targets a private/sensitive route; target was not crawled.
non_corpus_internal_target,UNKNOWN,https://fermatmind.com/en/personality/esfp-a,https://fermatmind.com/en/tests?q=,header/navigation,,UNKNOWN,Target is not in current authority corpus; not labeled broken without reliable target readback.
non_corpus_internal_target,UNKNOWN,https://fermatmind.com/en/personality/esfp-a,https://fermatmind.com/en/career/recommendations/mbti/esfp-a,CTA,See career direction,UNKNOWN,Target is not in current authority corpus; not labeled broken without reliable target readback.
private_route_link,HIGH,https://fermatmind.com/en/personality/esfp-a,PRIVATE_ROUTE_REDACTED:take,inline contextual,Free MBTI test,VERIFIED,Visible internal link targets a private/sensitive route; target was not crawled.
non_corpus_internal_target,UNKNOWN,https://fermatmind.com/en/personality/esfp-a,https://fermatmind.com/en/career/recommendations/mbti/esfp-a,inline contextual,View career recommendations,UNKNOWN,Target is not in current authority corpus; not labeled broken without reliable target readback.
non_corpus_internal_target,UNKNOWN,https://fermatmind.com/en/personality/esfp-a-vs-esfp-t,https://fermatmind.com/en/tests?q=,header/navigation,,UNKNOWN,Target is not in current authority corpus; not labeled broken without reliable target readback.
non_corpus_internal_target,UNKNOWN,https://fermatmind.com/en/personality/esfp-t,https://fermatmind.com/en/tests?q=,header/navigation,,UNKNOWN,Target is not in current authority corpus; not labeled broken without reliable target readback.
non_corpus_internal_target,UNKNOWN,https://fermatmind.com/en/personality/esfp-t,https://fermatmind.com/en/career/recommendations/mbti/esfp-t,CTA,See career direction,UNKNOWN,Target is not in current authority corpus; not labeled broken without reliable target readback.
private_route_link,HIGH,https://fermatmind.com/en/personality/esfp-t,PRIVATE_ROUTE_REDACTED:take,inline contextual,Free MBTI test,VERIFIED,Visible internal link targets a private/sensitive route; target was not crawled.
non_corpus_internal_target,UNKNOWN,https://fermatmind.com/en/personality/esfp-t,https://fermatmind.com/en/career/recommendations/mbti/esfp-t,inline contextual,View career recommendations,UNKNOWN,Target is not in current authority corpus; not labeled broken without reliable target readback.
non_corpus_internal_target,UNKNOWN,https://fermatmind.com/en/personality/estj,https://fermatmind.com/en/tests?q=,header/navigation,,UNKNOWN,Target is not in current authority corpus; not labeled broken without reliable target readback.
private_route_link,HIGH,https://fermatmind.com/en/personality/estj,PRIVATE_ROUTE_REDACTED:take,inline contextual,Free MBTI test,VERIFIED,Visible internal link targets a private/sensitive route; target was not crawled.
non_corpus_internal_target,UNKNOWN,https://fermatmind.com/en/personality/estj-a,https://fermatmind.com/en/tests?q=,header/navigation,,UNKNOWN,Target is not in current authority corpus; not labeled broken without reliable target readback.
non_corpus_internal_target,UNKNOWN,https://fermatmind.com/en/personality/estj-a,https://fermatmind.com/en/career/recommendations/mbti/estj-a,CTA,See career direction,UNKNOWN,Target is not in current authority corpus; not labeled broken without reliable target readback.
private_route_link,HIGH,https://fermatmind.com/en/personality/estj-a,PRIVATE_ROUTE_REDACTED:take,inline contextual,Free MBTI test,VERIFIED,Visible internal link targets a private/sensitive route; target was not crawled.
non_corpus_internal_target,UNKNOWN,https://fermatmind.com/en/personality/estj-a,https://fermatmind.com/en/career/recommendations/mbti/estj-a,inline contextual,View career recommendations,UNKNOWN,Target is not in current authority corpus; not labeled broken without reliable target readback.
non_corpus_internal_target,UNKNOWN,https://fermatmind.com/en/personality/estj-a-vs-estj-t,https://fermatmind.com/en/tests?q=,header/navigation,,UNKNOWN,Target is not in current authority corpus; not labeled broken without reliable target readback.
non_corpus_internal_target,UNKNOWN,https://fermatmind.com/en/personality/estj-t,https://fermatmind.com/en/tests?q=,header/navigation,,UNKNOWN,Target is not in current authority corpus; not labeled broken without reliable target readback.
non_corpus_internal_target,UNKNOWN,https://fermatmind.com/en/personality/estj-t,https://fermatmind.com/en/career/recommendations/mbti/estj-t,CTA,See career direction,UNKNOWN,Target is not in current authority corpus; not labeled broken without reliable target readback.
private_route_link,HIGH,https://fermatmind.com/en/personality/estj-t,PRIVATE_ROUTE_REDACTED:take,inline contextual,Free MBTI test,VERIFIED,Visible internal link targets a private/sensitive route; target was not crawled.
non_corpus_internal_target,UNKNOWN,https://fermatmind.com/en/personality/estj-t,https://fermatmind.com/en/career/recommendations/mbti/estj-t,inline contextual,View career recommendations,UNKNOWN,Target is not in current authority corpus; not labeled broken without reliable target readback.
non_corpus_internal_target,UNKNOWN,https://fermatmind.com/en/personality/estp,https://fermatmind.com/en/tests?q=,header/navigation,,UNKNOWN,Target is not in current authority corpus; not labeled broken without reliable target readback.
private_route_link,HIGH,https://fermatmind.com/en/personality/estp,PRIVATE_ROUTE_REDACTED:take,inline contextual,Free MBTI test,VERIFIED,Visible internal link targets a private/sensitive route; target was not crawled.
non_corpus_internal_target,UNKNOWN,https://fermatmind.com/en/personality/estp-a,https://fermatmind.com/en/tests?q=,header/navigation,,UNKNOWN,Target is not in current authority corpus; not labeled broken without reliable target readback.
non_corpus_internal_target,UNKNOWN,https://fermatmind.com/en/personality/estp-a,https://fermatmind.com/en/career/recommendations/mbti/estp-a,CTA,See career direction,UNKNOWN,Target is not in current authority corpus; not labeled broken without reliable target readback.
private_route_link,HIGH,https://fermatmind.com/en/personality/estp-a,PRIVATE_ROUTE_REDACTED:take,inline contextual,Free MBTI test,VERIFIED,Visible internal link targets a private/sensitive route; target was not crawled.
non_corpus_internal_target,UNKNOWN,https://fermatmind.com/en/personality/estp-a,https://fermatmind.com/en/career/recommendations/mbti/estp-a,inline contextual,View career recommendations,UNKNOWN,Target is not in current authority corpus; not labeled broken without reliable target readback.
non_corpus_internal_target,UNKNOWN,https://fermatmind.com/en/personality/estp-a-vs-estp-t,https://fermatmind.com/en/tests?q=,header/navigation,,UNKNOWN,Target is not in current authority corpus; not labeled broken without reliable target readback.
non_corpus_internal_target,UNKNOWN,https://fermatmind.com/en/personality/estp-t,https://fermatmind.com/en/tests?q=,header/navigation,,UNKNOWN,Target is not in current authority corpus; not labeled broken without reliable target readback.
non_corpus_internal_target,UNKNOWN,https://fermatmind.com/en/personality/estp-t,https://fermatmind.com/en/career/recommendations/mbti/estp-t,CTA,See career direction,UNKNOWN,Target is not in current authority corpus; not labeled broken without reliable target readback.
private_route_link,HIGH,https://fermatmind.com/en/personality/estp-t,PRIVATE_ROUTE_REDACTED:take,inline contextual,Free MBTI test,VERIFIED,Visible internal link targets a private/sensitive route; target was not crawled.
non_corpus_internal_target,UNKNOWN,https://fermatmind.com/en/personality/estp-t,https://fermatmind.com/en/career/recommendations/mbti/estp-t,inline contextual,View career recommendations,UNKNOWN,Target is not in current authority corpus; not labeled broken without reliable target readback.
non_corpus_internal_target,UNKNOWN,https://fermatmind.com/en/personality/infj,https://fermatmind.com/en/tests?q=,header/navigation,,UNKNOWN,Target is not in current authority corpus; not labeled broken without reliable target readback.
private_route_link,HIGH,https://fermatmind.com/en/personality/infj,PRIVATE_ROUTE_REDACTED:take,inline contextual,Free MBTI test,VERIFIED,Visible internal link targets a private/sensitive route; target was not crawled.
non_corpus_internal_target,UNKNOWN,https://fermatmind.com/en/personality/infj-a,https://fermatmind.com/en/tests?q=,header/navigation,,UNKNOWN,Target is not in current authority corpus; not labeled broken without reliable target readback.
non_corpus_internal_target,UNKNOWN,https://fermatmind.com/en/personality/infj-a,https://fermatmind.com/en/career/recommendations/mbti/infj-a,CTA,See career direction,UNKNOWN,Target is not in current authority corpus; not labeled broken without reliable target readback.
private_route_link,HIGH,https://fermatmind.com/en/personality/infj-a,PRIVATE_ROUTE_REDACTED:take,inline contextual,Free MBTI test,VERIFIED,Visible internal link targets a private/sensitive route; target was not crawled.
non_corpus_internal_target,UNKNOWN,https://fermatmind.com/en/personality/infj-a,https://fermatmind.com/en/career/recommendations/mbti/infj-a,inline contextual,View career recommendations,UNKNOWN,Target is not in current authority corpus; not labeled broken without reliable target readback.
non_corpus_internal_target,UNKNOWN,https://fermatmind.com/en/personality/infj-a-vs-infj-t,https://fermatmind.com/en/tests?q=,header/navigation,,UNKNOWN,Target is not in current authority corpus; not labeled broken without reliable target readback.
non_corpus_internal_target,UNKNOWN,https://fermatmind.com/en/personality/infj-t,https://fermatmind.com/en/tests?q=,header/navigation,,UNKNOWN,Target is not in current authority corpus; not labeled broken without reliable target readback.
non_corpus_internal_target,UNKNOWN,https://fermatmind.com/en/personality/infj-t,https://fermatmind.com/en/career/recommendations/mbti/infj-t,CTA,See career direction,UNKNOWN,Target is not in current authority corpus; not labeled broken without reliable target readback.
private_route_link,HIGH,https://fermatmind.com/en/personality/infj-t,PRIVATE_ROUTE_REDACTED:take,inline contextual,Free MBTI test,VERIFIED,Visible internal link targets a private/sensitive route; target was not crawled.
non_corpus_internal_target,UNKNOWN,https://fermatmind.com/en/personality/infj-t,https://fermatmind.com/en/career/recommendations/mbti/infj-t,inline contextual,View career recommendations,UNKNOWN,Target is not in current authority corpus; not labeled broken without reliable target readback.
non_corpus_internal_target,UNKNOWN,https://fermatmind.com/en/personality/infp,https://fermatmind.com/en/tests?q=,header/navigation,,UNKNOWN,Target is not in current authority corpus; not labeled broken without reliable target readback.
private_route_link,HIGH,https://fermatmind.com/en/personality/infp,PRIVATE_ROUTE_REDACTED:take,inline contextual,Free MBTI test,VERIFIED,Visible internal link targets a private/sensitive route; target was not crawled.
non_corpus_internal_target,UNKNOWN,https://fermatmind.com/en/personality/infp-a,https://fermatmind.com/en/tests?q=,header/navigation,,UNKNOWN,Target is not in current authority corpus; not labeled broken without reliable target readback.
non_corpus_internal_target,UNKNOWN,https://fermatmind.com/en/personality/infp-a,https://fermatmind.com/en/career/recommendations/mbti/infp-a,CTA,See career direction,UNKNOWN,Target is not in current authority corpus; not labeled broken without reliable target readback.
private_route_link,HIGH,https://fermatmind.com/en/personality/infp-a,PRIVATE_ROUTE_REDACTED:take,inline contextual,Free MBTI test,VERIFIED,Visible internal link targets a private/sensitive route; target was not crawled.
non_corpus_internal_target,UNKNOWN,https://fermatmind.com/en/personality/infp-a,https://fermatmind.com/en/career/recommendations/mbti/infp-a,inline contextual,View career recommendations,UNKNOWN,Target is not in current authority corpus; not labeled broken without reliable target readback.
non_corpus_internal_target,UNKNOWN,https://fermatmind.com/en/personality/infp-a-vs-infp-t,https://fermatmind.com/en/tests?q=,header/navigation,,UNKNOWN,Target is not in current authority corpus; not labeled broken without reliable target readback.
non_corpus_internal_target,UNKNOWN,https://fermatmind.com/en/personality/infp-t,https://fermatmind.com/en/tests?q=,header/navigation,,UNKNOWN,Target is not in current authority corpus; not labeled broken without reliable target readback.
non_corpus_internal_target,UNKNOWN,https://fermatmind.com/en/personality/infp-t,https://fermatmind.com/en/career/recommendations/mbti/infp-t,CTA,See career direction,UNKNOWN,Target is not in current authority corpus; not labeled broken without reliable target readback.
private_route_link,HIGH,https://fermatmind.com/en/personality/infp-t,PRIVATE_ROUTE_REDACTED:take,inline contextual,Free MBTI test,VERIFIED,Visible internal link targets a private/sensitive route; target was not crawled.
non_corpus_internal_target,UNKNOWN,https://fermatmind.com/en/personality/infp-t,https://fermatmind.com/en/career/recommendations/mbti/infp-t,inline contextual,View career recommendations,UNKNOWN,Target is not in current authority corpus; not labeled broken without reliable target readback.
non_corpus_internal_target,UNKNOWN,https://fermatmind.com/en/personality/intj,https://fermatmind.com/en/tests?q=,header/navigation,,UNKNOWN,Target is not in current authority corpus; not labeled broken without reliable target readback.
private_route_link,HIGH,https://fermatmind.com/en/personality/intj,PRIVATE_ROUTE_REDACTED:take,inline contextual,Free MBTI test,VERIFIED,Visible internal link targets a private/sensitive route; target was not crawled.
non_corpus_internal_target,UNKNOWN,https://fermatmind.com/en/personality/intj-a,https://fermatmind.com/en/tests?q=,header/navigation,,UNKNOWN,Target is not in current authority corpus; not labeled broken without reliable target readback.
non_corpus_internal_target,UNKNOWN,https://fermatmind.com/en/personality/intj-a,https://fermatmind.com/en/career/recommendations/mbti/intj-a,CTA,See career direction,UNKNOWN,Target is not in current authority corpus; not labeled broken without reliable target readback.
private_route_link,HIGH,https://fermatmind.com/en/personality/intj-a,PRIVATE_ROUTE_REDACTED:take,inline contextual,Free MBTI test,VERIFIED,Visible internal link targets a private/sensitive route; target was not crawled.
non_corpus_internal_target,UNKNOWN,https://fermatmind.com/en/personality/intj-a,https://fermatmind.com/en/career/recommendations/mbti/intj-a,inline contextual,View career recommendations,UNKNOWN,Target is not in current authority corpus; not labeled broken without reliable target readback.
non_corpus_internal_target,UNKNOWN,https://fermatmind.com/en/personality/intj-a-vs-intj-t,https://fermatmind.com/en/tests?q=,header/navigation,,UNKNOWN,Target is not in current authority corpus; not labeled broken without reliable target readback.
non_corpus_internal_target,UNKNOWN,https://fermatmind.com/en/personality/intj-t,https://fermatmind.com/en/tests?q=,header/navigation,,UNKNOWN,Target is not in current authority corpus; not labeled broken without reliable target readback.
non_corpus_internal_target,UNKNOWN,https://fermatmind.com/en/personality/intj-t,https://fermatmind.com/en/career/recommendations/mbti/intj-t,CTA,See career direction,UNKNOWN,Target is not in current authority corpus; not labeled broken without reliable target readback.
private_route_link,HIGH,https://fermatmind.com/en/personality/intj-t,PRIVATE_ROUTE_REDACTED:take,inline contextual,Free MBTI test,VERIFIED,Visible internal link targets a private/sensitive route; target was not crawled.
non_corpus_internal_target,UNKNOWN,https://fermatmind.com/en/personality/intj-t,https://fermatmind.com/en/career/recommendations/mbti/intj-t,inline contextual,View career recommendations,UNKNOWN,Target is not in current authority corpus; not labeled broken without reliable target readback.
non_corpus_internal_target,UNKNOWN,https://fermatmind.com/en/personality/intp,https://fermatmind.com/en/tests?q=,header/navigation,,UNKNOWN,Target is not in current authority corpus; not labeled broken without reliable target readback.
private_route_link,HIGH,https://fermatmind.com/en/personality/intp,PRIVATE_ROUTE_REDACTED:take,inline contextual,Free MBTI test,VERIFIED,Visible internal link targets a private/sensitive route; target was not crawled.
non_corpus_internal_target,UNKNOWN,https://fermatmind.com/en/personality/intp-a,https://fermatmind.com/en/tests?q=,header/navigation,,UNKNOWN,Target is not in current authority corpus; not labeled broken without reliable target readback.
non_corpus_internal_target,UNKNOWN,https://fermatmind.com/en/personality/intp-a,https://fermatmind.com/en/career/recommendations/mbti/intp-a,CTA,See career direction,UNKNOWN,Target is not in current authority corpus; not labeled broken without reliable target readback.
private_route_link,HIGH,https://fermatmind.com/en/personality/intp-a,PRIVATE_ROUTE_REDACTED:take,inline contextual,Free MBTI test,VERIFIED,Visible internal link targets a private/sensitive route; target was not crawled.
non_corpus_internal_target,UNKNOWN,https://fermatmind.com/en/personality/intp-a,https://fermatmind.com/en/career/recommendations/mbti/intp-a,inline contextual,View career recommendations,UNKNOWN,Target is not in current authority corpus; not labeled broken without reliable target readback.
non_corpus_internal_target,UNKNOWN,https://fermatmind.com/en/personality/intp-a-vs-intp-t,https://fermatmind.com/en/tests?q=,header/navigation,,UNKNOWN,Target is not in current authority corpus; not labeled broken without reliable target readback.
non_corpus_internal_target,UNKNOWN,https://fermatmind.com/en/personality/intp-t,https://fermatmind.com/en/tests?q=,header/navigation,,UNKNOWN,Target is not in current authority corpus; not labeled broken without reliable target readback.
non_corpus_internal_target,UNKNOWN,https://fermatmind.com/en/personality/intp-t,https://fermatmind.com/en/career/recommendations/mbti/intp-t,CTA,See career direction,UNKNOWN,Target is not in current authority corpus; not labeled broken without reliable target readback.
private_route_link,HIGH,https://fermatmind.com/en/personality/intp-t,PRIVATE_ROUTE_REDACTED:take,inline contextual,Free MBTI test,VERIFIED,Visible internal link targets a private/sensitive route; target was not crawled.
non_corpus_internal_target,UNKNOWN,https://fermatmind.com/en/personality/intp-t,https://fermatmind.com/en/career/recommendations/mbti/intp-t,inline contextual,View career recommendations,UNKNOWN,Target is not in current authority corpus; not labeled broken without reliable target readback.
non_corpus_internal_target,UNKNOWN,https://fermatmind.com/en/personality/isfj,https://fermatmind.com/en/tests?q=,header/navigation,,UNKNOWN,Target is not in current authority corpus; not labeled broken without reliable target readback.
private_route_link,HIGH,https://fermatmind.com/en/personality/isfj,PRIVATE_ROUTE_REDACTED:take,inline contextual,Free MBTI test,VERIFIED,Visible internal link targets a private/sensitive route; target was not crawled.
non_corpus_internal_target,UNKNOWN,https://fermatmind.com/en/personality/isfj-a,https://fermatmind.com/en/tests?q=,header/navigation,,UNKNOWN,Target is not in current authority corpus; not labeled broken without reliable target readback.
non_corpus_internal_target,UNKNOWN,https://fermatmind.com/en/personality/isfj-a,https://fermatmind.com/en/career/recommendations/mbti/isfj-a,CTA,See career direction,UNKNOWN,Target is not in current authority corpus; not labeled broken without reliable target readback.
private_route_link,HIGH,https://fermatmind.com/en/personality/isfj-a,PRIVATE_ROUTE_REDACTED:take,inline contextual,Free MBTI test,VERIFIED,Visible internal link targets a private/sensitive route; target was not crawled.
non_corpus_internal_target,UNKNOWN,https://fermatmind.com/en/personality/isfj-a,https://fermatmind.com/en/career/recommendations/mbti/isfj-a,inline contextual,View career recommendations,UNKNOWN,Target is not in current authority corpus; not labeled broken without reliable target readback.
non_corpus_internal_target,UNKNOWN,https://fermatmind.com/en/personality/isfj-a-vs-isfj-t,https://fermatmind.com/en/tests?q=,header/navigation,,UNKNOWN,Target is not in current authority corpus; not labeled broken without reliable target readback.
non_corpus_internal_target,UNKNOWN,https://fermatmind.com/en/personality/isfj-t,https://fermatmind.com/en/tests?q=,header/navigation,,UNKNOWN,Target is not in current authority corpus; not labeled broken without reliable target readback.
non_corpus_internal_target,UNKNOWN,https://fermatmind.com/en/personality/isfj-t,https://fermatmind.com/en/career/recommendations/mbti/isfj-t,CTA,See career direction,UNKNOWN,Target is not in current authority corpus; not labeled broken without reliable target readback.
private_route_link,HIGH,https://fermatmind.com/en/personality/isfj-t,PRIVATE_ROUTE_REDACTED:take,inline contextual,Free MBTI test,VERIFIED,Visible internal link targets a private/sensitive route; target was not crawled.
non_corpus_internal_target,UNKNOWN,https://fermatmind.com/en/personality/isfj-t,https://fermatmind.com/en/career/recommendations/mbti/isfj-t,inline contextual,View career recommendations,UNKNOWN,Target is not in current authority corpus; not labeled broken without reliable target readback.
non_corpus_internal_target,UNKNOWN,https://fermatmind.com/en/personality/isfp,https://fermatmind.com/en/tests?q=,header/navigation,,UNKNOWN,Target is not in current authority corpus; not labeled broken without reliable target readback.
private_route_link,HIGH,https://fermatmind.com/en/personality/isfp,PRIVATE_ROUTE_REDACTED:take,inline contextual,Free MBTI test,VERIFIED,Visible internal link targets a private/sensitive route; target was not crawled.
non_corpus_internal_target,UNKNOWN,https://fermatmind.com/en/personality/isfp-a,https://fermatmind.com/en/tests?q=,header/navigation,,UNKNOWN,Target is not in current authority corpus; not labeled broken without reliable target readback.
non_corpus_internal_target,UNKNOWN,https://fermatmind.com/en/personality/isfp-a,https://fermatmind.com/en/career/recommendations/mbti/isfp-a,CTA,See career direction,UNKNOWN,Target is not in current authority corpus; not labeled broken without reliable target readback.
private_route_link,HIGH,https://fermatmind.com/en/personality/isfp-a,PRIVATE_ROUTE_REDACTED:take,inline contextual,Free MBTI test,VERIFIED,Visible internal link targets a private/sensitive route; target was not crawled.
non_corpus_internal_target,UNKNOWN,https://fermatmind.com/en/personality/isfp-a,https://fermatmind.com/en/career/recommendations/mbti/isfp-a,inline contextual,View career recommendations,UNKNOWN,Target is not in current authority corpus; not labeled broken without reliable target readback.
non_corpus_internal_target,UNKNOWN,https://fermatmind.com/en/personality/isfp-a-vs-isfp-t,https://fermatmind.com/en/tests?q=,header/navigation,,UNKNOWN,Target is not in current authority corpus; not labeled broken without reliable target readback.
non_corpus_internal_target,UNKNOWN,https://fermatmind.com/en/personality/isfp-t,https://fermatmind.com/en/tests?q=,header/navigation,,UNKNOWN,Target is not in current authority corpus; not labeled broken without reliable target readback.
non_corpus_internal_target,UNKNOWN,https://fermatmind.com/en/personality/isfp-t,https://fermatmind.com/en/career/recommendations/mbti/isfp-t,CTA,See career direction,UNKNOWN,Target is not in current authority corpus; not labeled broken without reliable target readback.
private_route_link,HIGH,https://fermatmind.com/en/personality/isfp-t,PRIVATE_ROUTE_REDACTED:take,inline contextual,Free MBTI test,VERIFIED,Visible internal link targets a private/sensitive route; target was not crawled.
non_corpus_internal_target,UNKNOWN,https://fermatmind.com/en/personality/isfp-t,https://fermatmind.com/en/career/recommendations/mbti/isfp-t,inline contextual,View career recommendations,UNKNOWN,Target is not in current authority corpus; not labeled broken without reliable target readback.
non_corpus_internal_target,UNKNOWN,https://fermatmind.com/en/personality/istj,https://fermatmind.com/en/tests?q=,header/navigation,,UNKNOWN,Target is not in current authority corpus; not labeled broken without reliable target readback.
private_route_link,HIGH,https://fermatmind.com/en/personality/istj,PRIVATE_ROUTE_REDACTED:take,inline contextual,Free MBTI test,VERIFIED,Visible internal link targets a private/sensitive route; target was not crawled.
non_corpus_internal_target,UNKNOWN,https://fermatmind.com/en/personality/istj-a,https://fermatmind.com/en/tests?q=,header/navigation,,UNKNOWN,Target is not in current authority corpus; not labeled broken without reliable target readback.
non_corpus_internal_target,UNKNOWN,https://fermatmind.com/en/personality/istj-a,https://fermatmind.com/en/career/recommendations/mbti/istj-a,CTA,See career direction,UNKNOWN,Target is not in current authority corpus; not labeled broken without reliable target readback.
private_route_link,HIGH,https://fermatmind.com/en/personality/istj-a,PRIVATE_ROUTE_REDACTED:take,inline contextual,Free MBTI test,VERIFIED,Visible internal link targets a private/sensitive route; target was not crawled.
non_corpus_internal_target,UNKNOWN,https://fermatmind.com/en/personality/istj-a,https://fermatmind.com/en/career/recommendations/mbti/istj-a,inline contextual,View career recommendations,UNKNOWN,Target is not in current authority corpus; not labeled broken without reliable target readback.
non_corpus_internal_target,UNKNOWN,https://fermatmind.com/en/personality/istj-a-vs-istj-t,https://fermatmind.com/en/tests?q=,header/navigation,,UNKNOWN,Target is not in current authority corpus; not labeled broken without reliable target readback.
non_corpus_internal_target,UNKNOWN,https://fermatmind.com/en/personality/istj-t,https://fermatmind.com/en/tests?q=,header/navigation,,UNKNOWN,Target is not in current authority corpus; not labeled broken without reliable target readback.
non_corpus_internal_target,UNKNOWN,https://fermatmind.com/en/personality/istj-t,https://fermatmind.com/en/career/recommendations/mbti/istj-t,CTA,See career direction,UNKNOWN,Target is not in current authority corpus; not labeled broken without reliable target readback.
private_route_link,HIGH,https://fermatmind.com/en/personality/istj-t,PRIVATE_ROUTE_REDACTED:take,inline contextual,Free MBTI test,VERIFIED,Visible internal link targets a private/sensitive route; target was not crawled.
non_corpus_internal_target,UNKNOWN,https://fermatmind.com/en/personality/istj-t,https://fermatmind.com/en/career/recommendations/mbti/istj-t,inline contextual,View career recommendations,UNKNOWN,Target is not in current authority corpus; not labeled broken without reliable target readback.
non_corpus_internal_target,UNKNOWN,https://fermatmind.com/en/personality/istp,https://fermatmind.com/en/tests?q=,header/navigation,,UNKNOWN,Target is not in current authority corpus; not labeled broken without reliable target readback.
private_route_link,HIGH,https://fermatmind.com/en/personality/istp,PRIVATE_ROUTE_REDACTED:take,inline contextual,Free MBTI test,VERIFIED,Visible internal link targets a private/sensitive route; target was not crawled.
non_corpus_internal_target,UNKNOWN,https://fermatmind.com/en/personality/istp-a,https://fermatmind.com/en/tests?q=,header/navigation,,UNKNOWN,Target is not in current authority corpus; not labeled broken without reliable target readback.
non_corpus_internal_target,UNKNOWN,https://fermatmind.com/en/personality/istp-a,https://fermatmind.com/en/career/recommendations/mbti/istp-a,CTA,See career direction,UNKNOWN,Target is not in current authority corpus; not labeled broken without reliable target readback.
private_route_link,HIGH,https://fermatmind.com/en/personality/istp-a,PRIVATE_ROUTE_REDACTED:take,inline contextual,Free MBTI test,VERIFIED,Visible internal link targets a private/sensitive route; target was not crawled.
non_corpus_internal_target,UNKNOWN,https://fermatmind.com/en/personality/istp-a,https://fermatmind.com/en/career/recommendations/mbti/istp-a,inline contextual,View career recommendations,UNKNOWN,Target is not in current authority corpus; not labeled broken without reliable target readback.
non_corpus_internal_target,UNKNOWN,https://fermatmind.com/en/personality/istp-a-vs-istp-t,https://fermatmind.com/en/tests?q=,header/navigation,,UNKNOWN,Target is not in current authority corpus; not labeled broken without reliable target readback.
non_corpus_internal_target,UNKNOWN,https://fermatmind.com/en/personality/istp-t,https://fermatmind.com/en/tests?q=,header/navigation,,UNKNOWN,Target is not in current authority corpus; not labeled broken without reliable target readback.
non_corpus_internal_target,UNKNOWN,https://fermatmind.com/en/personality/istp-t,https://fermatmind.com/en/career/recommendations/mbti/istp-t,CTA,See career direction,UNKNOWN,Target is not in current authority corpus; not labeled broken without reliable target readback.
private_route_link,HIGH,https://fermatmind.com/en/personality/istp-t,PRIVATE_ROUTE_REDACTED:take,inline contextual,Free MBTI test,VERIFIED,Visible internal link targets a private/sensitive route; target was not crawled.
non_corpus_internal_target,UNKNOWN,https://fermatmind.com/en/personality/istp-t,https://fermatmind.com/en/career/recommendations/mbti/istp-t,inline contextual,View career recommendations,UNKNOWN,Target is not in current authority corpus; not labeled broken without reliable target readback.
non_corpus_internal_target,UNKNOWN,https://fermatmind.com/en/policies,https://fermatmind.com/en/tests?q=,header/navigation,,UNKNOWN,Target is not in current authority corpus; not labeled broken without reliable target readback.
private_route_link,HIGH,https://fermatmind.com/en/policies,PRIVATE_ROUTE_REDACTED:results,header/navigation,My Account,VERIFIED,Visible internal link targets a private/sensitive route; target was not crawled.
non_corpus_internal_target,UNKNOWN,https://fermatmind.com/en/policies,https://fermatmind.com/en/help/faq,inline contextual,FAQ,UNKNOWN,Target is not in current authority corpus; not labeled broken without reliable target readback.
non_corpus_internal_target,UNKNOWN,https://fermatmind.com/en/policies,https://fermatmind.com/en/help/contact,inline contextual,Contact,UNKNOWN,Target is not in current authority corpus; not labeled broken without reliable target readback.
non_corpus_internal_target,UNKNOWN,https://fermatmind.com/en/privacy,https://fermatmind.com/en/tests?q=,header/navigation,,UNKNOWN,Target is not in current authority corpus; not labeled broken without reliable target readback.
private_route_link,HIGH,https://fermatmind.com/en/privacy,PRIVATE_ROUTE_REDACTED:results,header/navigation,My Account,VERIFIED,Visible internal link targets a private/sensitive route; target was not crawled.
non_corpus_internal_target,UNKNOWN,https://fermatmind.com/en/reliability-validity,https://fermatmind.com/en/tests?q=,header/navigation,,UNKNOWN,Target is not in current authority corpus; not labeled broken without reliable target readback.
private_route_link,HIGH,https://fermatmind.com/en/reliability-validity,PRIVATE_ROUTE_REDACTED:results,header/navigation,My Account,VERIFIED,Visible internal link targets a private/sensitive route; target was not crawled.
non_corpus_internal_target,UNKNOWN,https://fermatmind.com/en/science,https://fermatmind.com/en/tests?q=,header/navigation,,UNKNOWN,Target is not in current authority corpus; not labeled broken without reliable target readback.
private_route_link,HIGH,https://fermatmind.com/en/science,PRIVATE_ROUTE_REDACTED:results,header/navigation,My Account,VERIFIED,Visible internal link targets a private/sensitive route; target was not crawled.
non_corpus_internal_target,UNKNOWN,https://fermatmind.com/en/science,https://fermatmind.com/method-boundaries,inline contextual,Method boundaries,UNKNOWN,Target is not in current authority corpus; not labeled broken without reliable target readback.
non_corpus_internal_target,UNKNOWN,https://fermatmind.com/en/science,https://fermatmind.com/item-design-notes,inline contextual,Item design notes,UNKNOWN,Target is not in current authority corpus; not labeled broken without reliable target readback.
non_corpus_internal_target,UNKNOWN,https://fermatmind.com/en/science,https://fermatmind.com/reliability-validity,inline contextual,Reliability and validity,UNKNOWN,Target is not in current authority corpus; not labeled broken without reliable target readback.
non_corpus_internal_target,UNKNOWN,https://fermatmind.com/en/science,https://fermatmind.com/tests/mbti-personality-test-16-personality-types,inline contextual,MBTI personality test,UNKNOWN,Target is not in current authority corpus; not labeled broken without reliable target readback.
non_corpus_internal_target,UNKNOWN,https://fermatmind.com/en/science,https://fermatmind.com/tests/big-five-personality-test,inline contextual,Big Five Personality Test,UNKNOWN,Target is not in current authority corpus; not labeled broken without reliable target readback.
non_corpus_internal_target,UNKNOWN,https://fermatmind.com/en/science,https://fermatmind.com/tests/holland-career-interest-test-riasec.,inline contextual,Holland Career Interest Test Riasec.,UNKNOWN,Target is not in current authority corpus; not labeled broken without reliable target readback.
non_corpus_internal_target,UNKNOWN,https://fermatmind.com/en/support,https://fermatmind.com/en/tests?q=,header/navigation,,UNKNOWN,Target is not in current authority corpus; not labeled broken without reliable target readback.
private_route_link,HIGH,https://fermatmind.com/en/support,PRIVATE_ROUTE_REDACTED:results,header/navigation,My Account,VERIFIED,Visible internal link targets a private/sensitive route; target was not crawled.
private_route_link,HIGH,https://fermatmind.com/en/support,PRIVATE_ROUTE_REDACTED:orders,inline contextual,Order lookupSelf-serve,VERIFIED,Visible internal link targets a private/sensitive route; target was not crawled.
non_corpus_internal_target,UNKNOWN,https://fermatmind.com/en/support,https://fermatmind.com/en/email/preferences,inline contextual,Email preferencesSelf-serve,UNKNOWN,Target is not in current authority corpus; not labeled broken without reliable target readback.
non_corpus_internal_target,UNKNOWN,https://fermatmind.com/en/support,https://fermatmind.com/en/email/unsubscribe,inline contextual,UnsubscribeSelf-serve,UNKNOWN,Target is not in current authority corpus; not labeled broken without reliable target readback.
non_corpus_internal_target,UNKNOWN,https://fermatmind.com/en/support,https://fermatmind.com/en/help/faq,inline contextual,"Frequently Asked QuestionsHelpStart with the formal entry paths for report recovery, email preferences, unsubscribe, and payment support, then review the common questions.",UNKNOWN,Target is not in current authority corpus; not labeled broken without reliable target readback.
non_corpus_internal_target,UNKNOWN,https://fermatmind.com/en/support,https://fermatmind.com/en/help/about,inline contextual,"About FermatMindHelpLearn what FermatMind assessments cover, where the content boundaries are, and which public entry points are available.",UNKNOWN,Target is not in current authority corpus; not labeled broken without reliable target readback.
non_corpus_internal_target,UNKNOWN,https://fermatmind.com/en/support,https://fermatmind.com/en/help/team,inline contextual,Team informationHelpReview the team and collaboration boundaries behind the public content and assessment entry surfaces.,UNKNOWN,Target is not in current authority corpus; not labeled broken without reliable target readback.
non_corpus_internal_target,UNKNOWN,https://fermatmind.com/en/support,https://fermatmind.com/en/help/used-and-mentioned,inline contextual,"Used and mentionedHelpReview where the product is used, mentioned, and publicly referenced.",UNKNOWN,Target is not in current authority corpus; not labeled broken without reliable target readback.
non_corpus_internal_target,UNKNOWN,https://fermatmind.com/en/support,https://fermatmind.com/en/help/for-business-and-research,inline contextual,Business and researchHelpUnderstand business and research use cases together with the authorization boundaries.,UNKNOWN,Target is not in current authority corpus; not labeled broken without reliable target readback.
non_corpus_internal_target,UNKNOWN,https://fermatmind.com/en/support,https://fermatmind.com/en/help/contact,inline contextual,"Contact supportHelpFinish the formal recovery or email-control paths first, then contact support to avoid duplicate tickets.",UNKNOWN,Target is not in current authority corpus; not labeled broken without reliable target readback.
non_corpus_internal_target,UNKNOWN,https://fermatmind.com/en/terms,https://fermatmind.com/en/tests?q=,header/navigation,,UNKNOWN,Target is not in current authority corpus; not labeled broken without reliable target readback.
private_route_link,HIGH,https://fermatmind.com/en/terms,PRIVATE_ROUTE_REDACTED:results,header/navigation,My Account,VERIFIED,Visible internal link targets a private/sensitive route; target was not crawled.
non_corpus_internal_target,UNKNOWN,https://fermatmind.com/en/tests,https://fermatmind.com/en/tests?q=,header/navigation,,UNKNOWN,Target is not in current authority corpus; not labeled broken without reliable target readback.
non_corpus_internal_target,UNKNOWN,https://fermatmind.com/en/tests/big-five-personality-test-ocean-model,https://fermatmind.com/en/tests?q=,header/navigation,,UNKNOWN,Target is not in current authority corpus; not labeled broken without reliable target readback.
private_route_link,HIGH,https://fermatmind.com/en/tests/big-five-personality-test-ocean-model,PRIVATE_ROUTE_REDACTED:take,CTA,Start Full Trait Profile,VERIFIED,Visible internal link targets a private/sensitive route; target was not crawled.
private_route_link,HIGH,https://fermatmind.com/en/tests/big-five-personality-test-ocean-model,PRIVATE_ROUTE_REDACTED:take,CTA,Start Quick Read,VERIFIED,Visible internal link targets a private/sensitive route; target was not crawled.
private_route_link,HIGH,https://fermatmind.com/en/tests/big-five-personality-test-ocean-model,PRIVATE_ROUTE_REDACTED:take,sidebar,Start Full Trait Profile,VERIFIED,Visible internal link targets a private/sensitive route; target was not crawled.
private_route_link,HIGH,https://fermatmind.com/en/tests/big-five-personality-test-ocean-model,PRIVATE_ROUTE_REDACTED:take,sidebar,Start Quick Read,VERIFIED,Visible internal link targets a private/sensitive route; target was not crawled.
non_corpus_internal_target,UNKNOWN,https://fermatmind.com/en/tests/category/career,https://fermatmind.com/en/tests?q=,header/navigation,,UNKNOWN,Target is not in current authority corpus; not labeled broken without reliable target readback.
private_route_link,HIGH,https://fermatmind.com/en/tests/category/career,PRIVATE_ROUTE_REDACTED:take,CTA,60-question standard,VERIFIED,Visible internal link targets a private/sensitive route; target was not crawled.
private_route_link,HIGH,https://fermatmind.com/en/tests/category/career,PRIVATE_ROUTE_REDACTED:take,CTA,140-question enhanced,VERIFIED,Visible internal link targets a private/sensitive route; target was not crawled.
private_route_link,HIGH,https://fermatmind.com/en/tests/category/career,PRIVATE_ROUTE_REDACTED:take,CTA,Standard,VERIFIED,Visible internal link targets a private/sensitive route; target was not crawled.
private_route_link,HIGH,https://fermatmind.com/en/tests/category/career,PRIVATE_ROUTE_REDACTED:take,CTA,Pro,VERIFIED,Visible internal link targets a private/sensitive route; target was not crawled.
private_route_link,HIGH,https://fermatmind.com/en/tests/category/career,PRIVATE_ROUTE_REDACTED:take,CTA,Standard,VERIFIED,Visible internal link targets a private/sensitive route; target was not crawled.
private_route_link,HIGH,https://fermatmind.com/en/tests/category/career,PRIVATE_ROUTE_REDACTED:take,CTA,Pro,VERIFIED,Visible internal link targets a private/sensitive route; target was not crawled.
private_route_link,HIGH,https://fermatmind.com/en/tests/category/career,PRIVATE_ROUTE_REDACTED:take,CTA,60-question standard,VERIFIED,Visible internal link targets a private/sensitive route; target was not crawled.
private_route_link,HIGH,https://fermatmind.com/en/tests/category/career,PRIVATE_ROUTE_REDACTED:take,CTA,140-question enhanced,VERIFIED,Visible internal link targets a private/sensitive route; target was not crawled.
private_route_link,HIGH,https://fermatmind.com/en/tests/category/career,PRIVATE_ROUTE_REDACTED:take,CTA,Standard,VERIFIED,Visible internal link targets a private/sensitive route; target was not crawled.
private_route_link,HIGH,https://fermatmind.com/en/tests/category/career,PRIVATE_ROUTE_REDACTED:take,CTA,Pro,VERIFIED,Visible internal link targets a private/sensitive route; target was not crawled.
private_route_link,HIGH,https://fermatmind.com/en/tests/category/career,PRIVATE_ROUTE_REDACTED:take,CTA,Standard,VERIFIED,Visible internal link targets a private/sensitive route; target was not crawled.
private_route_link,HIGH,https://fermatmind.com/en/tests/category/career,PRIVATE_ROUTE_REDACTED:take,CTA,Pro,VERIFIED,Visible internal link targets a private/sensitive route; target was not crawled.
private_route_link,HIGH,https://fermatmind.com/en/tests/category/career,PRIVATE_ROUTE_REDACTED:take,CTA,Start test,VERIFIED,Visible internal link targets a private/sensitive route; target was not crawled.
private_route_link,HIGH,https://fermatmind.com/en/tests/category/career,PRIVATE_ROUTE_REDACTED:take,CTA,Start test,VERIFIED,Visible internal link targets a private/sensitive route; target was not crawled.
non_corpus_internal_target,UNKNOWN,https://fermatmind.com/en/tests/category/career,https://fermatmind.com/en/career/guides/how-to-find-right-career-direction,CTA,Open resource,UNKNOWN,Target is not in current authority corpus; not labeled broken without reliable target readback.
non_corpus_internal_target,UNKNOWN,https://fermatmind.com/en/tests/category/career,https://fermatmind.com/en/career/guides/from-mbti-to-job-fit,CTA,Open resource,UNKNOWN,Target is not in current authority corpus; not labeled broken without reliable target readback.
non_corpus_internal_target,UNKNOWN,https://fermatmind.com/en/tests/category/career,https://fermatmind.com/en/career/guides/big5-for-career-decisions,CTA,Open resource,UNKNOWN,Target is not in current authority corpus; not labeled broken without reliable target readback.
non_corpus_internal_target,UNKNOWN,https://fermatmind.com/en/tests/category/personality,https://fermatmind.com/en/tests?q=,header/navigation,,UNKNOWN,Target is not in current authority corpus; not labeled broken without reliable target readback.
private_route_link,HIGH,https://fermatmind.com/en/tests/category/personality,PRIVATE_ROUTE_REDACTED:take,CTA,Standard,VERIFIED,Visible internal link targets a private/sensitive route; target was not crawled.
private_route_link,HIGH,https://fermatmind.com/en/tests/category/personality,PRIVATE_ROUTE_REDACTED:take,CTA,Pro,VERIFIED,Visible internal link targets a private/sensitive route; target was not crawled.
private_route_link,HIGH,https://fermatmind.com/en/tests/category/personality,PRIVATE_ROUTE_REDACTED:take,CTA,Standard,VERIFIED,Visible internal link targets a private/sensitive route; target was not crawled.
private_route_link,HIGH,https://fermatmind.com/en/tests/category/personality,PRIVATE_ROUTE_REDACTED:take,CTA,Pro,VERIFIED,Visible internal link targets a private/sensitive route; target was not crawled.
private_route_link,HIGH,https://fermatmind.com/en/tests/category/personality,PRIVATE_ROUTE_REDACTED:take,CTA,Standard,VERIFIED,Visible internal link targets a private/sensitive route; target was not crawled.
private_route_link,HIGH,https://fermatmind.com/en/tests/category/personality,PRIVATE_ROUTE_REDACTED:take,CTA,Expert,VERIFIED,Visible internal link targets a private/sensitive route; target was not crawled.
private_route_link,HIGH,https://fermatmind.com/en/tests/category/personality,PRIVATE_ROUTE_REDACTED:take,CTA,Standard,VERIFIED,Visible internal link targets a private/sensitive route; target was not crawled.
private_route_link,HIGH,https://fermatmind.com/en/tests/category/personality,PRIVATE_ROUTE_REDACTED:take,CTA,Pro,VERIFIED,Visible internal link targets a private/sensitive route; target was not crawled.
private_route_link,HIGH,https://fermatmind.com/en/tests/category/personality,PRIVATE_ROUTE_REDACTED:take,CTA,Standard,VERIFIED,Visible internal link targets a private/sensitive route; target was not crawled.
private_route_link,HIGH,https://fermatmind.com/en/tests/category/personality,PRIVATE_ROUTE_REDACTED:take,CTA,Pro,VERIFIED,Visible internal link targets a private/sensitive route; target was not crawled.
private_route_link,HIGH,https://fermatmind.com/en/tests/category/personality,PRIVATE_ROUTE_REDACTED:take,CTA,Standard,VERIFIED,Visible internal link targets a private/sensitive route; target was not crawled.
private_route_link,HIGH,https://fermatmind.com/en/tests/category/personality,PRIVATE_ROUTE_REDACTED:take,CTA,Expert,VERIFIED,Visible internal link targets a private/sensitive route; target was not crawled.
private_route_link,HIGH,https://fermatmind.com/en/tests/category/personality,PRIVATE_ROUTE_REDACTED:take,CTA,Start test,VERIFIED,Visible internal link targets a private/sensitive route; target was not crawled.
non_corpus_internal_target,UNKNOWN,https://fermatmind.com/en/tests/category/personality,https://fermatmind.com/en/articles/mbti-basics,CTA,Open resource,UNKNOWN,Target is not in current authority corpus; not labeled broken without reliable target readback.
non_corpus_internal_target,UNKNOWN,https://fermatmind.com/en/tests/category/personality,https://fermatmind.com/en/articles/mbti-growth-guide,CTA,Open resource,UNKNOWN,Target is not in current authority corpus; not labeled broken without reliable target readback.
non_corpus_internal_target,UNKNOWN,https://fermatmind.com/en/tests/category/personality,https://fermatmind.com/en/articles/big-five-tool-guide,CTA,Open resource,UNKNOWN,Target is not in current authority corpus; not labeled broken without reliable target readback.
non_corpus_internal_target,UNKNOWN,https://fermatmind.com/en/tests/enneagram-personality-test-nine-types,https://fermatmind.com/en/tests?q=,header/navigation,,UNKNOWN,Target is not in current authority corpus; not labeled broken without reliable target readback.
private_route_link,HIGH,https://fermatmind.com/en/tests/enneagram-personality-test-nine-types,PRIVATE_ROUTE_REDACTED:take,CTA,Start Likert form,VERIFIED,Visible internal link targets a private/sensitive route; target was not crawled.
private_route_link,HIGH,https://fermatmind.com/en/tests/enneagram-personality-test-nine-types,PRIVATE_ROUTE_REDACTED:take,CTA,Start forced-choice,VERIFIED,Visible internal link targets a private/sensitive route; target was not crawled.
private_route_link,HIGH,https://fermatmind.com/en/tests/enneagram-personality-test-nine-types,PRIVATE_ROUTE_REDACTED:take,sidebar,Start Likert form,VERIFIED,Visible internal link targets a private/sensitive route; target was not crawled.
private_route_link,HIGH,https://fermatmind.com/en/tests/enneagram-personality-test-nine-types,PRIVATE_ROUTE_REDACTED:take,sidebar,Start forced-choice,VERIFIED,Visible internal link targets a private/sensitive route; target was not crawled.
non_corpus_internal_target,UNKNOWN,https://fermatmind.com/en/tests/eq-test-emotional-intelligence-assessment,https://fermatmind.com/en/tests?q=,header/navigation,,UNKNOWN,Target is not in current authority corpus; not labeled broken without reliable target readback.
non_corpus_internal_target,UNKNOWN,https://fermatmind.com/en/tests/holland-career-interest-test-riasec,https://fermatmind.com/en/tests?q=,header/navigation,,UNKNOWN,Target is not in current authority corpus; not labeled broken without reliable target readback.
private_route_link,HIGH,https://fermatmind.com/en/tests/holland-career-interest-test-riasec,PRIVATE_ROUTE_REDACTED:take,CTA,Start Free RIASEC Test,VERIFIED,Visible internal link targets a private/sensitive route; target was not crawled.
private_route_link,HIGH,https://fermatmind.com/en/tests/holland-career-interest-test-riasec,PRIVATE_ROUTE_REDACTED:take,CTA,Start enhanced form,VERIFIED,Visible internal link targets a private/sensitive route; target was not crawled.
private_route_link,HIGH,https://fermatmind.com/en/tests/holland-career-interest-test-riasec,PRIVATE_ROUTE_REDACTED:take,sidebar,Start Free RIASEC Test,VERIFIED,Visible internal link targets a private/sensitive route; target was not crawled.
private_route_link,HIGH,https://fermatmind.com/en/tests/holland-career-interest-test-riasec,PRIVATE_ROUTE_REDACTED:take,sidebar,Start enhanced form,VERIFIED,Visible internal link targets a private/sensitive route; target was not crawled.
non_corpus_internal_target,UNKNOWN,https://fermatmind.com/en/tests/iq-test-intelligence-quotient-assessment,https://fermatmind.com/en/tests?q=,header/navigation,,UNKNOWN,Target is not in current authority corpus; not labeled broken without reliable target readback.
non_corpus_internal_target,UNKNOWN,https://fermatmind.com/en/tests/mbti-personality-test-16-personality-types,https://fermatmind.com/en/tests?q=,header/navigation,,UNKNOWN,Target is not in current authority corpus; not labeled broken without reliable target readback.
private_route_link,HIGH,https://fermatmind.com/en/tests/mbti-personality-test-16-personality-types,PRIVATE_ROUTE_REDACTED:take,CTA,Start Free MBTI Test,VERIFIED,Visible internal link targets a private/sensitive route; target was not crawled.
private_route_link,HIGH,https://fermatmind.com/en/tests/mbti-personality-test-16-personality-types,PRIVATE_ROUTE_REDACTED:take,CTA,Start Quick Read,VERIFIED,Visible internal link targets a private/sensitive route; target was not crawled.
private_route_link,HIGH,https://fermatmind.com/en/tests/mbti-personality-test-16-personality-types,PRIVATE_ROUTE_REDACTED:take,sidebar,Start Free MBTI Test,VERIFIED,Visible internal link targets a private/sensitive route; target was not crawled.
private_route_link,HIGH,https://fermatmind.com/en/tests/mbti-personality-test-16-personality-types,PRIVATE_ROUTE_REDACTED:take,sidebar,Start Quick Read,VERIFIED,Visible internal link targets a private/sensitive route; target was not crawled.
non_corpus_internal_target,UNKNOWN,https://fermatmind.com/en/topics/big-five,https://fermatmind.com/en/tests?q=,header/navigation,,UNKNOWN,Target is not in current authority corpus; not labeled broken without reliable target readback.
non_corpus_internal_target,UNKNOWN,https://fermatmind.com/en/topics/big-five,https://fermatmind.com/en/career/guides/big5-for-career-decisions,inline contextual,Using Big Five for Career Decisions,UNKNOWN,Target is not in current authority corpus; not labeled broken without reliable target readback.
non_corpus_internal_target,UNKNOWN,https://fermatmind.com/en/topics/big-five,https://fermatmind.com/en/career/guides/big5-for-career-decisions,inline contextual,Using Big Five for Career Decisions,UNKNOWN,Target is not in current authority corpus; not labeled broken without reliable target readback.
non_corpus_internal_target,UNKNOWN,https://fermatmind.com/en/topics/big-five,https://fermatmind.com/en/career/guides/big5-for-career-decisions,inline contextual,Read,UNKNOWN,Target is not in current authority corpus; not labeled broken without reliable target readback.
non_corpus_internal_target,UNKNOWN,https://fermatmind.com/en/topics/big-five,https://fermatmind.com/en/tests/mbti-personality-test-16-personality-types?entry_surface=topic_detail_seo_cta&source_page_type=topic_detail&source_route_family=topic&source_slug=big-five&topic_id=1&target_action=seo_cta_start_test&test_slug=mbti-personality-test-16-personality-types&target_test_slug=mbti-personality-test-16-personality-types&cta_id=start_test&landing_path=%2Fen%2Ftopics%2Fbig-five&entrypoint=seo_cta,inline contextual,Take the test,UNKNOWN,Target is not in current authority corpus; not labeled broken without reliable target readback.
non_corpus_internal_target,UNKNOWN,https://fermatmind.com/en/topics/big-five,https://fermatmind.com/en/tests/big-five-personality-test-ocean-model?entry_surface=topic_detail_seo_cta&source_page_type=topic_detail&source_route_family=topic&source_slug=big-five&topic_id=1&target_action=seo_cta_continue_public_content&test_slug=big-five-personality-test-ocean-model&target_test_slug=big-five-personality-test-ocean-model&cta_id=continue_public_content&landing_path=%2Fen%2Ftopics%2Fbig-five&entrypoint=seo_cta,inline contextual,Take the test,UNKNOWN,Target is not in current authority corpus; not labeled broken without reliable target readback.
non_corpus_internal_target,UNKNOWN,https://fermatmind.com/en/topics/iq-eq,https://fermatmind.com/en/tests?q=,header/navigation,,UNKNOWN,Target is not in current authority corpus; not labeled broken without reliable target readback.
non_corpus_internal_target,UNKNOWN,https://fermatmind.com/en/topics/iq-eq,https://fermatmind.com/en/career/guides/iq-eq-balance-at-work,inline contextual,Balancing IQ and EQ at Work,UNKNOWN,Target is not in current authority corpus; not labeled broken without reliable target readback.
non_corpus_internal_target,UNKNOWN,https://fermatmind.com/en/topics/iq-eq,https://fermatmind.com/en/career/guides/iq-eq-balance-at-work,inline contextual,Balancing IQ and EQ at Work,UNKNOWN,Target is not in current authority corpus; not labeled broken without reliable target readback.
non_corpus_internal_target,UNKNOWN,https://fermatmind.com/en/topics/iq-eq,https://fermatmind.com/en/career/guides/iq-eq-balance-at-work,inline contextual,Read,UNKNOWN,Target is not in current authority corpus; not labeled broken without reliable target readback.
non_corpus_internal_target,UNKNOWN,https://fermatmind.com/en/topics/iq-eq,https://fermatmind.com/en/tests/eq-test-emotional-intelligence-assessment?entry_surface=topic_detail_seo_cta&source_page_type=topic_detail&source_route_family=topic&source_slug=iq-eq&topic_id=2&target_action=seo_cta_start_test&test_slug=eq-test-emotional-intelligence-assessment&target_test_slug=eq-test-emotional-intelligence-assessment&cta_id=start_test&landing_path=%2Fen%2Ftopics%2Fiq-eq&entrypoint=seo_cta,inline contextual,Take the test,UNKNOWN,Target is not in current authority corpus; not labeled broken without reliable target readback.
non_corpus_internal_target,UNKNOWN,https://fermatmind.com/en/topics/iq-eq,https://fermatmind.com/en/tests/iq-test-intelligence-quotient-assessment?entry_surface=topic_detail_seo_cta&source_page_type=topic_detail&source_route_family=topic&source_slug=iq-eq&topic_id=2&target_action=seo_cta_continue_public_content&test_slug=iq-test-intelligence-quotient-assessment&target_test_slug=iq-test-intelligence-quotient-assessment&cta_id=continue_public_content&landing_path=%2Fen%2Ftopics%2Fiq-eq&entrypoint=seo_cta,inline contextual,Take the test,UNKNOWN,Target is not in current authority corpus; not labeled broken without reliable target readback.
non_corpus_internal_target,UNKNOWN,https://fermatmind.com/en/topics/mbti,https://fermatmind.com/en/tests?q=,header/navigation,,UNKNOWN,Target is not in current authority corpus; not labeled broken without reliable target readback.
private_route_link,HIGH,https://fermatmind.com/en/topics/mbti,PRIVATE_ROUTE_REDACTED:take,CTA,Start the free MBTI test,VERIFIED,Visible internal link targets a private/sensitive route; target was not crawled.
non_corpus_internal_target,UNKNOWN,https://fermatmind.com/en/topics/mbti,https://fermatmind.com/en/career/recommendations/mbti/intj-a,inline contextual,Recommendation,UNKNOWN,Target is not in current authority corpus; not labeled broken without reliable target readback.
non_corpus_internal_target,UNKNOWN,https://fermatmind.com/en/topics/mbti,https://fermatmind.com/en/career/recommendations/mbti/entp-a,inline contextual,Recommendation,UNKNOWN,Target is not in current authority corpus; not labeled broken without reliable target readback.
non_corpus_internal_target,UNKNOWN,https://fermatmind.com/en/topics/mbti,https://fermatmind.com/en/career/recommendations/mbti/entj-a,inline contextual,Recommendation,UNKNOWN,Target is not in current authority corpus; not labeled broken without reliable target readback.
non_corpus_internal_target,UNKNOWN,https://fermatmind.com/en/topics/mbti,https://fermatmind.com/en/career/recommendations/mbti/intp-a,inline contextual,Recommendation,UNKNOWN,Target is not in current authority corpus; not labeled broken without reliable target readback.
non_corpus_internal_target,UNKNOWN,https://fermatmind.com/en/topics/mbti,https://fermatmind.com/en/career/recommendations/mbti/infp-a,inline contextual,Recommendation,UNKNOWN,Target is not in current authority corpus; not labeled broken without reliable target readback.
non_corpus_internal_target,UNKNOWN,https://fermatmind.com/en/topics/mbti,https://fermatmind.com/en/career/recommendations/mbti/infj-a,inline contextual,Recommendation,UNKNOWN,Target is not in current authority corpus; not labeled broken without reliable target readback.
non_corpus_internal_target,UNKNOWN,https://fermatmind.com/en/topics/mbti,https://fermatmind.com/en/career/recommendations/mbti/enfj-a,inline contextual,Recommendation,UNKNOWN,Target is not in current authority corpus; not labeled broken without reliable target readback.
non_corpus_internal_target,UNKNOWN,https://fermatmind.com/en/topics/mbti,https://fermatmind.com/en/career/recommendations/mbti/enfp-a,inline contextual,Recommendation,UNKNOWN,Target is not in current authority corpus; not labeled broken without reliable target readback.
non_corpus_internal_target,UNKNOWN,https://fermatmind.com/en/topics/mbti,https://fermatmind.com/en/career/recommendations/mbti/istj-a,inline contextual,Recommendation,UNKNOWN,Target is not in current authority corpus; not labeled broken without reliable target readback.
non_corpus_internal_target,UNKNOWN,https://fermatmind.com/en/topics/mbti,https://fermatmind.com/en/career/recommendations/mbti/isfj-a,inline contextual,Recommendation,UNKNOWN,Target is not in current authority corpus; not labeled broken without reliable target readback.
non_corpus_internal_target,UNKNOWN,https://fermatmind.com/en/topics/mbti,https://fermatmind.com/en/career/recommendations/mbti/estj-a,inline contextual,Recommendation,UNKNOWN,Target is not in current authority corpus; not labeled broken without reliable target readback.
non_corpus_internal_target,UNKNOWN,https://fermatmind.com/en/topics/mbti,https://fermatmind.com/en/career/recommendations/mbti/esfj-a,inline contextual,Recommendation,UNKNOWN,Target is not in current authority corpus; not labeled broken without reliable target readback.
non_corpus_internal_target,UNKNOWN,https://fermatmind.com/en/topics/mbti,https://fermatmind.com/en/career/recommendations/mbti/istp-a,inline contextual,Recommendation,UNKNOWN,Target is not in current authority corpus; not labeled broken without reliable target readback.
non_corpus_internal_target,UNKNOWN,https://fermatmind.com/en/topics/mbti,https://fermatmind.com/en/career/recommendations/mbti/isfp-a,inline contextual,Recommendation,UNKNOWN,Target is not in current authority corpus; not labeled broken without reliable target readback.
non_corpus_internal_target,UNKNOWN,https://fermatmind.com/en/topics/mbti,https://fermatmind.com/en/career/recommendations/mbti/estp-a,inline contextual,Recommendation,UNKNOWN,Target is not in current authority corpus; not labeled broken without reliable target readback.
non_corpus_internal_target,UNKNOWN,https://fermatmind.com/en/topics/mbti,https://fermatmind.com/en/career/recommendations/mbti/esfp-a,inline contextual,Recommendation,UNKNOWN,Target is not in current authority corpus; not labeled broken without reliable target readback.
non_corpus_internal_target,UNKNOWN,https://fermatmind.com/en/topics/mbti,https://fermatmind.com/en/career/recommendations/mbti/entp-a,inline contextual,See ENTP recommendation sample,UNKNOWN,Target is not in current authority corpus; not labeled broken without reliable target readback.
non_corpus_internal_target,UNKNOWN,https://fermatmind.com/en/topics/mbti,https://fermatmind.com/en/career/guides/from-mbti-to-job-fit,inline contextual,Read MBTI job-fit guide,UNKNOWN,Target is not in current authority corpus; not labeled broken without reliable target readback.
private_route_link,HIGH,https://fermatmind.com/en/topics/mbti,PRIVATE_ROUTE_REDACTED:take,inline contextual,Free MBTI test,VERIFIED,Visible internal link targets a private/sensitive route; target was not crawled.
non_corpus_internal_target,UNKNOWN,https://fermatmind.com/en/topics/mbti,https://fermatmind.com/en/articles/mbti-growth-guide,inline contextual,Read growth guide,UNKNOWN,Target is not in current authority corpus; not labeled broken without reliable target readback.
non_corpus_internal_target,UNKNOWN,https://fermatmind.com/en/topics/mbti,https://fermatmind.com/en/articles/mbti-narrative-portrait,inline contextual,Read narrative portrait,UNKNOWN,Target is not in current authority corpus; not labeled broken without reliable target readback.
private_route_link,HIGH,https://fermatmind.com/en/topics/mbti,PRIVATE_ROUTE_REDACTED:take,inline contextual,Free MBTI test,VERIFIED,Visible internal link targets a private/sensitive route; target was not crawled.
non_corpus_internal_target,UNKNOWN,https://fermatmind.com/en/topics/mbti,https://fermatmind.com/en/articles/mbti-growth-guide,inline contextual,Read MBTI growth guide,UNKNOWN,Target is not in current authority corpus; not labeled broken without reliable target readback.
non_corpus_internal_target,UNKNOWN,https://fermatmind.com/en/topics/mbti,https://fermatmind.com/en/career/recommendations/mbti/enfp-a,inline contextual,Open ENFP growth-oriented recommendation,UNKNOWN,Target is not in current authority corpus; not labeled broken without reliable target readback.
non_corpus_internal_target,UNKNOWN,https://fermatmind.com/en/topics/mbti,https://fermatmind.com/en/career/recommendations/mbti/infj-a,inline contextual,Open INFJ growth-oriented recommendation,UNKNOWN,Target is not in current authority corpus; not labeled broken without reliable target readback.
private_route_link,HIGH,https://fermatmind.com/en/topics/mbti,PRIVATE_ROUTE_REDACTED:take,inline contextual,Free MBTI test,VERIFIED,Visible internal link targets a private/sensitive route; target was not crawled.
non_corpus_internal_target,UNKNOWN,https://fermatmind.com/en/topics/mbti,https://fermatmind.com/en/career/guides/from-mbti-to-job-fit,inline contextual,From MBTI to Job Fit,UNKNOWN,Target is not in current authority corpus; not labeled broken without reliable target readback.
non_corpus_internal_target,UNKNOWN,https://fermatmind.com/en/topics/mbti,https://fermatmind.com/en/career/guides/from-mbti-to-job-fit,inline contextual,From MBTI to Job Fit,UNKNOWN,Target is not in current authority corpus; not labeled broken without reliable target readback.
non_corpus_internal_target,UNKNOWN,https://fermatmind.com/en/topics/mbti,https://fermatmind.com/en/career/guides/from-mbti-to-job-fit,inline contextual,Read,UNKNOWN,Target is not in current authority corpus; not labeled broken without reliable target readback.
non_corpus_internal_target,UNKNOWN,https://fermatmind.com/en/topics/mbti,https://fermatmind.com/en/career/guides/how-to-find-right-career-direction,inline contextual,How to Find the Right Career Direction,UNKNOWN,Target is not in current authority corpus; not labeled broken without reliable target readback.
non_corpus_internal_target,UNKNOWN,https://fermatmind.com/en/topics/mbti,https://fermatmind.com/en/career/guides/how-to-find-right-career-direction,inline contextual,Read,UNKNOWN,Target is not in current authority corpus; not labeled broken without reliable target readback.
non_corpus_internal_target,UNKNOWN,https://fermatmind.com/en/topics/mbti,https://fermatmind.com/en/tests/mbti-personality-test-16-personality-types?entry_surface=topic_detail_seo_cta&source_page_type=topic_detail&source_route_family=topic&source_slug=mbti&topic_id=3&target_action=seo_cta_start_test&test_slug=mbti-personality-test-16-personality-types&target_test_slug=mbti-personality-test-16-personality-types&cta_id=start_test&landing_path=%2Fen%2Ftopics%2Fmbti&entrypoint=seo_cta,inline contextual,Take the test,UNKNOWN,Target is not in current authority corpus; not labeled broken without reliable target readback.
non_corpus_internal_target,UNKNOWN,https://fermatmind.com/en/topics/mbti,https://fermatmind.com/en/tests/mbti-personality-test-16-personality-types?entry_surface=topic_detail_seo_cta&source_page_type=topic_detail&source_route_family=topic&source_slug=mbti&topic_id=3&target_action=seo_cta_continue_public_content&test_slug=mbti-personality-test-16-personality-types&target_test_slug=mbti-personality-test-16-personality-types&cta_id=continue_public_content&landing_path=%2Fen%2Ftopics%2Fmbti&entrypoint=seo_cta,inline contextual,Take the test,UNKNOWN,Target is not in current authority corpus; not labeled broken without reliable target readback.
non_corpus_internal_target,UNKNOWN,https://fermatmind.com/zh/about,https://fermatmind.com/zh/tests?q=,header/navigation,,UNKNOWN,Target is not in current authority corpus; not labeled broken without reliable target readback.
private_route_link,HIGH,https://fermatmind.com/zh/about,PRIVATE_ROUTE_REDACTED:results,header/navigation,我的账户,VERIFIED,Visible internal link targets a private/sensitive route; target was not crawled.
non_corpus_internal_target,UNKNOWN,https://fermatmind.com/zh/about,https://fermatmind.com/zh/science,footer,测评科学,UNKNOWN,Target is not in current authority corpus; not labeled broken without reliable target readback.
non_corpus_internal_target,UNKNOWN,https://fermatmind.com/zh/about,https://fermatmind.com/zh/item-design-notes,footer,题目设计说明,UNKNOWN,Target is not in current authority corpus; not labeled broken without reliable target readback.
non_corpus_internal_target,UNKNOWN,https://fermatmind.com/zh/about,https://fermatmind.com/zh/reliability-validity,footer,信度效度,UNKNOWN,Target is not in current authority corpus; not labeled broken without reliable target readback.
non_corpus_internal_target,UNKNOWN,https://fermatmind.com/zh/about,https://fermatmind.com/zh/data-privacy,footer,数据说明,UNKNOWN,Target is not in current authority corpus; not labeled broken without reliable target readback.
non_corpus_internal_target,UNKNOWN,https://fermatmind.com/zh/about,https://fermatmind.com/zh/common-misconceptions,footer,常见误区,UNKNOWN,Target is not in current authority corpus; not labeled broken without reliable target readback.
non_corpus_internal_target,UNKNOWN,https://fermatmind.com/zh/articles,https://fermatmind.com/zh/tests?q=,header/navigation,,UNKNOWN,Target is not in current authority corpus; not labeled broken without reliable target readback.
non_corpus_internal_target,UNKNOWN,https://fermatmind.com/zh/articles,https://fermatmind.com/zh/articles?page=2,inline contextual,下一页,UNKNOWN,Target is not in current authority corpus; not labeled broken without reliable target readback.
non_corpus_internal_target,UNKNOWN,https://fermatmind.com/zh/articles,https://fermatmind.com/zh/science,footer,测评科学,UNKNOWN,Target is not in current authority corpus; not labeled broken without reliable target readback.
non_corpus_internal_target,UNKNOWN,https://fermatmind.com/zh/articles,https://fermatmind.com/zh/item-design-notes,footer,题目设计说明,UNKNOWN,Target is not in current authority corpus; not labeled broken without reliable target readback.
non_corpus_internal_target,UNKNOWN,https://fermatmind.com/zh/articles,https://fermatmind.com/zh/reliability-validity,footer,信度效度,UNKNOWN,Target is not in current authority corpus; not labeled broken without reliable target readback.
non_corpus_internal_target,UNKNOWN,https://fermatmind.com/zh/articles,https://fermatmind.com/zh/data-privacy,footer,数据说明,UNKNOWN,Target is not in current authority corpus; not labeled broken without reliable target readback.
non_corpus_internal_target,UNKNOWN,https://fermatmind.com/zh/articles,https://fermatmind.com/zh/common-misconceptions,footer,常见误区,UNKNOWN,Target is not in current authority corpus; not labeled broken without reliable target readback.
non_corpus_internal_target,UNKNOWN,https://fermatmind.com/zh/articles/apply-personality-research-without-overclaiming,https://fermatmind.com/zh/tests?q=,header/navigation,,UNKNOWN,Target is not in current authority corpus; not labeled broken without reliable target readback.
non_corpus_internal_target,UNKNOWN,https://fermatmind.com/zh/articles/apply-personality-research-without-overclaiming,https://fermatmind.com/zh/tests/big-five-personality-test-ocean-model?entry_surface=article_detail_seo_cta&source_page_type=article_detail&source_route_family=article&source_slug=apply-personality-research-without-overclaiming&content_id=136&target_action=seo_cta_start_test&test_slug=big-five-personality-test-ocean-model&target_test_slug=big-five-personality-test-ocean-model&cta_id=start_test&landing_path=%2Fzh%2Farticles%2Fapply-personality-research-without-overclaiming&entrypoint=seo_cta,inline contextual,开始测试,UNKNOWN,Target is not in current authority corpus; not labeled broken without reliable target readback.
non_corpus_internal_target,UNKNOWN,https://fermatmind.com/zh/articles/apply-personality-research-without-overclaiming,https://fermatmind.com/zh/science,footer,测评科学,UNKNOWN,Target is not in current authority corpus; not labeled broken without reliable target readback.
non_corpus_internal_target,UNKNOWN,https://fermatmind.com/zh/articles/apply-personality-research-without-overclaiming,https://fermatmind.com/zh/item-design-notes,footer,题目设计说明,UNKNOWN,Target is not in current authority corpus; not labeled broken without reliable target readback.
non_corpus_internal_target,UNKNOWN,https://fermatmind.com/zh/articles/apply-personality-research-without-overclaiming,https://fermatmind.com/zh/reliability-validity,footer,信度效度,UNKNOWN,Target is not in current authority corpus; not labeled broken without reliable target readback.
non_corpus_internal_target,UNKNOWN,https://fermatmind.com/zh/articles/apply-personality-research-without-overclaiming,https://fermatmind.com/zh/data-privacy,footer,数据说明,UNKNOWN,Target is not in current authority corpus; not labeled broken without reliable target readback.
non_corpus_internal_target,UNKNOWN,https://fermatmind.com/zh/articles/apply-personality-research-without-overclaiming,https://fermatmind.com/zh/common-misconceptions,footer,常见误区,UNKNOWN,Target is not in current authority corpus; not labeled broken without reliable target readback.
non_corpus_internal_target,UNKNOWN,https://fermatmind.com/zh/articles/are-infj-men-rare-or-socially-silenced,https://fermatmind.com/zh/tests?q=,header/navigation,,UNKNOWN,Target is not in current authority corpus; not labeled broken without reliable target readback.
non_corpus_internal_target,UNKNOWN,https://fermatmind.com/zh/articles/are-infj-men-rare-or-socially-silenced,https://fermatmind.com/zh/tests/mbti-personality-test-16-personality-types?entry_surface=article_detail_seo_cta&source_page_type=article_detail&source_route_family=article&source_slug=are-infj-men-rare-or-socially-silenced&content_id=11&target_action=seo_cta_start_test&test_slug=mbti-personality-test-16-personality-types&target_test_slug=mbti-personality-test-16-personality-types&cta_id=start_test&landing_path=%2Fzh%2Farticles%2Fare-infj-men-rare-or-socially-silenced&entrypoint=seo_cta,inline contextual,开始测试,UNKNOWN,Target is not in current authority corpus; not labeled broken without reliable target readback.
non_corpus_internal_target,UNKNOWN,https://fermatmind.com/zh/articles/are-infj-men-rare-or-socially-silenced,https://fermatmind.com/support/mbti-facts,inline contextual,MBTI facts,UNKNOWN,Target is not in current authority corpus; not labeled broken without reliable target readback.
non_corpus_internal_target,UNKNOWN,https://fermatmind.com/zh/articles/are-infj-men-rare-or-socially-silenced,https://fermatmind.com/zh/science,footer,测评科学,UNKNOWN,Target is not in current authority corpus; not labeled broken without reliable target readback.
non_corpus_internal_target,UNKNOWN,https://fermatmind.com/zh/articles/are-infj-men-rare-or-socially-silenced,https://fermatmind.com/zh/item-design-notes,footer,题目设计说明,UNKNOWN,Target is not in current authority corpus; not labeled broken without reliable target readback.
non_corpus_internal_target,UNKNOWN,https://fermatmind.com/zh/articles/are-infj-men-rare-or-socially-silenced,https://fermatmind.com/zh/reliability-validity,footer,信度效度,UNKNOWN,Target is not in current authority corpus; not labeled broken without reliable target readback.
non_corpus_internal_target,UNKNOWN,https://fermatmind.com/zh/articles/are-infj-men-rare-or-socially-silenced,https://fermatmind.com/zh/data-privacy,footer,数据说明,UNKNOWN,Target is not in current authority corpus; not labeled broken without reliable target readback.
non_corpus_internal_target,UNKNOWN,https://fermatmind.com/zh/articles/are-infj-men-rare-or-socially-silenced,https://fermatmind.com/zh/common-misconceptions,footer,常见误区,UNKNOWN,Target is not in current authority corpus; not labeled broken without reliable target readback.
non_corpus_internal_target,UNKNOWN,https://fermatmind.com/zh/articles/best-valentines-date-by-personality-and-relationship-science,https://fermatmind.com/zh/tests?q=,header/navigation,,UNKNOWN,Target is not in current authority corpus; not labeled broken without reliable target readback.
non_corpus_internal_target,UNKNOWN,https://fermatmind.com/zh/articles/best-valentines-date-by-personality-and-relationship-science,https://fermatmind.com/zh/tests/mbti-personality-test-16-personality-types?entry_surface=article_detail_seo_cta&source_page_type=article_detail&source_route_family=article&source_slug=best-valentines-date-by-personality-and-relationship-science&content_id=12&target_action=seo_cta_start_test&test_slug=mbti-personality-test-16-personality-types&target_test_slug=mbti-personality-test-16-personality-types&cta_id=start_test&landing_path=%2Fzh%2Farticles%2Fbest-valentines-date-by-personality-and-relationship-science&entrypoint=seo_cta,inline contextual,开始测试,UNKNOWN,Target is not in current authority corpus; not labeled broken without reliable target readback.
non_corpus_internal_target,UNKNOWN,https://fermatmind.com/zh/articles/best-valentines-date-by-personality-and-relationship-science,https://fermatmind.com/zh/science,footer,测评科学,UNKNOWN,Target is not in current authority corpus; not labeled broken without reliable target readback.
non_corpus_internal_target,UNKNOWN,https://fermatmind.com/zh/articles/best-valentines-date-by-personality-and-relationship-science,https://fermatmind.com/zh/item-design-notes,footer,题目设计说明,UNKNOWN,Target is not in current authority corpus; not labeled broken without reliable target readback.
non_corpus_internal_target,UNKNOWN,https://fermatmind.com/zh/articles/best-valentines-date-by-personality-and-relationship-science,https://fermatmind.com/zh/reliability-validity,footer,信度效度,UNKNOWN,Target is not in current authority corpus; not labeled broken without reliable target readback.
non_corpus_internal_target,UNKNOWN,https://fermatmind.com/zh/articles/best-valentines-date-by-personality-and-relationship-science,https://fermatmind.com/zh/data-privacy,footer,数据说明,UNKNOWN,Target is not in current authority corpus; not labeled broken without reliable target readback.
non_corpus_internal_target,UNKNOWN,https://fermatmind.com/zh/articles/best-valentines-date-by-personality-and-relationship-science,https://fermatmind.com/zh/common-misconceptions,footer,常见误区,UNKNOWN,Target is not in current authority corpus; not labeled broken without reliable target readback.
non_corpus_internal_target,UNKNOWN,https://fermatmind.com/zh/articles/big-five-30-day-observation-and-review-plan,https://fermatmind.com/zh/tests?q=,header/navigation,,UNKNOWN,Target is not in current authority corpus; not labeled broken without reliable target readback.
non_corpus_internal_target,UNKNOWN,https://fermatmind.com/zh/articles/big-five-30-day-observation-and-review-plan,https://fermatmind.com/zh/tests/big-five-personality-test-ocean-model?entry_surface=article_detail_seo_cta&source_page_type=article_detail&source_route_family=article&source_slug=big-five-30-day-observation-and-review-plan&content_id=137&target_action=seo_cta_start_test&test_slug=big-five-personality-test-ocean-model&target_test_slug=big-five-personality-test-ocean-model&cta_id=start_test&landing_path=%2Fzh%2Farticles%2Fbig-five-30-day-observation-and-review-plan&entrypoint=seo_cta,inline contextual,开始测试,UNKNOWN,Target is not in current authority corpus; not labeled broken without reliable target readback.
non_corpus_internal_target,UNKNOWN,https://fermatmind.com/zh/articles/big-five-30-day-observation-and-review-plan,https://fermatmind.com/zh/science,footer,测评科学,UNKNOWN,Target is not in current authority corpus; not labeled broken without reliable target readback.
non_corpus_internal_target,UNKNOWN,https://fermatmind.com/zh/articles/big-five-30-day-observation-and-review-plan,https://fermatmind.com/zh/item-design-notes,footer,题目设计说明,UNKNOWN,Target is not in current authority corpus; not labeled broken without reliable target readback.
non_corpus_internal_target,UNKNOWN,https://fermatmind.com/zh/articles/big-five-30-day-observation-and-review-plan,https://fermatmind.com/zh/reliability-validity,footer,信度效度,UNKNOWN,Target is not in current authority corpus; not labeled broken without reliable target readback.
non_corpus_internal_target,UNKNOWN,https://fermatmind.com/zh/articles/big-five-30-day-observation-and-review-plan,https://fermatmind.com/zh/data-privacy,footer,数据说明,UNKNOWN,Target is not in current authority corpus; not labeled broken without reliable target readback.
non_corpus_internal_target,UNKNOWN,https://fermatmind.com/zh/articles/big-five-30-day-observation-and-review-plan,https://fermatmind.com/zh/common-misconceptions,footer,常见误区,UNKNOWN,Target is not in current authority corpus; not labeled broken without reliable target readback.
non_corpus_internal_target,UNKNOWN,https://fermatmind.com/zh/articles/big-five-30-facets-explained-with-model-caveats,https://fermatmind.com/zh/tests?q=,header/navigation,,UNKNOWN,Target is not in current authority corpus; not labeled broken without reliable target readback.
non_corpus_internal_target,UNKNOWN,https://fermatmind.com/zh/articles/big-five-30-facets-explained-with-model-caveats,https://fermatmind.com/zh/tests/big-five-personality-test-ocean-model?entry_surface=article_detail_seo_cta&source_page_type=article_detail&source_route_family=article&source_slug=big-five-30-facets-explained-with-model-caveats&content_id=138&target_action=seo_cta_start_test&test_slug=big-five-personality-test-ocean-model&target_test_slug=big-five-personality-test-ocean-model&cta_id=start_test&landing_path=%2Fzh%2Farticles%2Fbig-five-30-facets-explained-with-model-caveats&entrypoint=seo_cta,inline contextual,开始测试,UNKNOWN,Target is not in current authority corpus; not labeled broken without reliable target readback.
non_corpus_internal_target,UNKNOWN,https://fermatmind.com/zh/articles/big-five-30-facets-explained-with-model-caveats,https://fermatmind.com/zh/science,footer,测评科学,UNKNOWN,Target is not in current authority corpus; not labeled broken without reliable target readback.
non_corpus_internal_target,UNKNOWN,https://fermatmind.com/zh/articles/big-five-30-facets-explained-with-model-caveats,https://fermatmind.com/zh/item-design-notes,footer,题目设计说明,UNKNOWN,Target is not in current authority corpus; not labeled broken without reliable target readback.
non_corpus_internal_target,UNKNOWN,https://fermatmind.com/zh/articles/big-five-30-facets-explained-with-model-caveats,https://fermatmind.com/zh/reliability-validity,footer,信度效度,UNKNOWN,Target is not in current authority corpus; not labeled broken without reliable target readback.
non_corpus_internal_target,UNKNOWN,https://fermatmind.com/zh/articles/big-five-30-facets-explained-with-model-caveats,https://fermatmind.com/zh/data-privacy,footer,数据说明,UNKNOWN,Target is not in current authority corpus; not labeled broken without reliable target readback.
non_corpus_internal_target,UNKNOWN,https://fermatmind.com/zh/articles/big-five-30-facets-explained-with-model-caveats,https://fermatmind.com/zh/common-misconceptions,footer,常见误区,UNKNOWN,Target is not in current authority corpus; not labeled broken without reliable target readback.
non_corpus_internal_target,UNKNOWN,https://fermatmind.com/zh/articles/big-five-communication-needs-conversation-prompts,https://fermatmind.com/zh/tests?q=,header/navigation,,UNKNOWN,Target is not in current authority corpus; not labeled broken without reliable target readback.
non_corpus_internal_target,UNKNOWN,https://fermatmind.com/zh/articles/big-five-communication-needs-conversation-prompts,https://fermatmind.com/zh/tests/big-five-personality-test-ocean-model?entry_surface=article_detail_seo_cta&source_page_type=article_detail&source_route_family=article&source_slug=big-five-communication-needs-conversation-prompts&content_id=139&target_action=seo_cta_start_test&test_slug=big-five-personality-test-ocean-model&target_test_slug=big-five-personality-test-ocean-model&cta_id=start_test&landing_path=%2Fzh%2Farticles%2Fbig-five-communication-needs-conversation-prompts&entrypoint=seo_cta,inline contextual,开始测试,UNKNOWN,Target is not in current authority corpus; not labeled broken without reliable target readback.
non_corpus_internal_target,UNKNOWN,https://fermatmind.com/zh/articles/big-five-communication-needs-conversation-prompts,https://fermatmind.com/zh/science,footer,测评科学,UNKNOWN,Target is not in current authority corpus; not labeled broken without reliable target readback.
non_corpus_internal_target,UNKNOWN,https://fermatmind.com/zh/articles/big-five-communication-needs-conversation-prompts,https://fermatmind.com/zh/item-design-notes,footer,题目设计说明,UNKNOWN,Target is not in current authority corpus; not labeled broken without reliable target readback.
non_corpus_internal_target,UNKNOWN,https://fermatmind.com/zh/articles/big-five-communication-needs-conversation-prompts,https://fermatmind.com/zh/reliability-validity,footer,信度效度,UNKNOWN,Target is not in current authority corpus; not labeled broken without reliable target readback.
non_corpus_internal_target,UNKNOWN,https://fermatmind.com/zh/articles/big-five-communication-needs-conversation-prompts,https://fermatmind.com/zh/data-privacy,footer,数据说明,UNKNOWN,Target is not in current authority corpus; not labeled broken without reliable target readback.
non_corpus_internal_target,UNKNOWN,https://fermatmind.com/zh/articles/big-five-communication-needs-conversation-prompts,https://fermatmind.com/zh/common-misconceptions,footer,常见误区,UNKNOWN,Target is not in current authority corpus; not labeled broken without reliable target readback.
non_corpus_internal_target,UNKNOWN,https://fermatmind.com/zh/articles/big-five-conflict-patterns-observe-before-explaining,https://fermatmind.com/zh/tests?q=,header/navigation,,UNKNOWN,Target is not in current authority corpus; not labeled broken without reliable target readback.
non_corpus_internal_target,UNKNOWN,https://fermatmind.com/zh/articles/big-five-conflict-patterns-observe-before-explaining,https://fermatmind.com/zh/tests/big-five-personality-test-ocean-model?entry_surface=article_detail_seo_cta&source_page_type=article_detail&source_route_family=article&source_slug=big-five-conflict-patterns-observe-before-explaining&content_id=140&target_action=seo_cta_start_test&test_slug=big-five-personality-test-ocean-model&target_test_slug=big-five-personality-test-ocean-model&cta_id=start_test&landing_path=%2Fzh%2Farticles%2Fbig-five-conflict-patterns-observe-before-explaining&entrypoint=seo_cta,inline contextual,开始测试,UNKNOWN,Target is not in current authority corpus; not labeled broken without reliable target readback.
non_corpus_internal_target,UNKNOWN,https://fermatmind.com/zh/articles/big-five-conflict-patterns-observe-before-explaining,https://fermatmind.com/zh/science,footer,测评科学,UNKNOWN,Target is not in current authority corpus; not labeled broken without reliable target readback.
non_corpus_internal_target,UNKNOWN,https://fermatmind.com/zh/articles/big-five-conflict-patterns-observe-before-explaining,https://fermatmind.com/zh/item-design-notes,footer,题目设计说明,UNKNOWN,Target is not in current authority corpus; not labeled broken without reliable target readback.
non_corpus_internal_target,UNKNOWN,https://fermatmind.com/zh/articles/big-five-conflict-patterns-observe-before-explaining,https://fermatmind.com/zh/reliability-validity,footer,信度效度,UNKNOWN,Target is not in current authority corpus; not labeled broken without reliable target readback.
non_corpus_internal_target,UNKNOWN,https://fermatmind.com/zh/articles/big-five-conflict-patterns-observe-before-explaining,https://fermatmind.com/zh/data-privacy,footer,数据说明,UNKNOWN,Target is not in current authority corpus; not labeled broken without reliable target readback.
non_corpus_internal_target,UNKNOWN,https://fermatmind.com/zh/articles/big-five-conflict-patterns-observe-before-explaining,https://fermatmind.com/zh/common-misconceptions,footer,常见误区,UNKNOWN,Target is not in current authority corpus; not labeled broken without reliable target readback.
non_corpus_internal_target,UNKNOWN,https://fermatmind.com/zh/articles/big-five-conscientiousness-low-procrastination-task-plan,https://fermatmind.com/zh/tests?q=,header/navigation,,UNKNOWN,Target is not in current authority corpus; not labeled broken without reliable target readback.
non_corpus_internal_target,UNKNOWN,https://fermatmind.com/zh/articles/big-five-conscientiousness-low-procrastination-task-plan,https://fermatmind.com/zh/tests/big-five-personality-test-ocean-model?entry_surface=article_detail_seo_cta&source_page_type=article_detail&source_route_family=article&source_slug=big-five-conscientiousness-low-procrastination-task-plan&content_id=80&target_action=seo_cta_mid_article&test_slug=big-five-personality-test-ocean-model&target_test_slug=big-five-personality-test-ocean-model&cta_id=mid_article&landing_path=%2Fzh%2Farticles%2Fbig-five-conscientiousness-low-procrastination-task-plan&entrypoint=seo_cta,inline contextual,先做大五人格测试，再用本文清单观察拖延触发和执行系统,UNKNOWN,Target is not in current authority corpus; not labeled broken without reliable target readback.
non_corpus_internal_target,UNKNOWN,https://fermatmind.com/zh/articles/big-five-conscientiousness-low-procrastination-task-plan,https://fermatmind.com/zh/tests/big-five-personality-test-ocean-model?entry_surface=article_detail_seo_cta&source_page_type=article_detail&source_route_family=article&source_slug=big-five-conscientiousness-low-procrastination-task-plan&content_id=80&target_action=seo_cta_end_article&test_slug=big-five-personality-test-ocean-model&target_test_slug=big-five-personality-test-ocean-model&cta_id=end_article&landing_path=%2Fzh%2Farticles%2Fbig-five-conscientiousness-low-procrastination-task-plan&entrypoint=seo_cta,inline contextual,开始大五人格测试,UNKNOWN,Target is not in current authority corpus; not labeled broken without reliable target readback.
non_corpus_internal_target,UNKNOWN,https://fermatmind.com/zh/articles/big-five-conscientiousness-low-procrastination-task-plan,https://fermatmind.com/zh/science,footer,测评科学,UNKNOWN,Target is not in current authority corpus; not labeled broken without reliable target readback.
non_corpus_internal_target,UNKNOWN,https://fermatmind.com/zh/articles/big-five-conscientiousness-low-procrastination-task-plan,https://fermatmind.com/zh/item-design-notes,footer,题目设计说明,UNKNOWN,Target is not in current authority corpus; not labeled broken without reliable target readback.
non_corpus_internal_target,UNKNOWN,https://fermatmind.com/zh/articles/big-five-conscientiousness-low-procrastination-task-plan,https://fermatmind.com/zh/reliability-validity,footer,信度效度,UNKNOWN,Target is not in current authority corpus; not labeled broken without reliable target readback.
non_corpus_internal_target,UNKNOWN,https://fermatmind.com/zh/articles/big-five-conscientiousness-low-procrastination-task-plan,https://fermatmind.com/zh/data-privacy,footer,数据说明,UNKNOWN,Target is not in current authority corpus; not labeled broken without reliable target readback.
non_corpus_internal_target,UNKNOWN,https://fermatmind.com/zh/articles/big-five-conscientiousness-low-procrastination-task-plan,https://fermatmind.com/zh/common-misconceptions,footer,常见误区,UNKNOWN,Target is not in current authority corpus; not labeled broken without reliable target readback.
non_corpus_internal_target,UNKNOWN,https://fermatmind.com/zh/articles/big-five-couples-conversation-not-relationship-prediction,https://fermatmind.com/zh/tests?q=,header/navigation,,UNKNOWN,Target is not in current authority corpus; not labeled broken without reliable target readback.
non_corpus_internal_target,UNKNOWN,https://fermatmind.com/zh/articles/big-five-couples-conversation-not-relationship-prediction,https://fermatmind.com/zh/tests/big-five-personality-test-ocean-model?entry_surface=article_detail_seo_cta&source_page_type=article_detail&source_route_family=article&source_slug=big-five-couples-conversation-not-relationship-prediction&content_id=141&target_action=seo_cta_start_test&test_slug=big-five-personality-test-ocean-model&target_test_slug=big-five-personality-test-ocean-model&cta_id=start_test&landing_path=%2Fzh%2Farticles%2Fbig-five-couples-conversation-not-relationship-prediction&entrypoint=seo_cta,inline contextual,开始测试,UNKNOWN,Target is not in current authority corpus; not labeled broken without reliable target readback.
non_corpus_internal_target,UNKNOWN,https://fermatmind.com/zh/articles/big-five-couples-conversation-not-relationship-prediction,https://fermatmind.com/zh/science,footer,测评科学,UNKNOWN,Target is not in current authority corpus; not labeled broken without reliable target readback.
non_corpus_internal_target,UNKNOWN,https://fermatmind.com/zh/articles/big-five-couples-conversation-not-relationship-prediction,https://fermatmind.com/zh/item-design-notes,footer,题目设计说明,UNKNOWN,Target is not in current authority corpus; not labeled broken without reliable target readback.
non_corpus_internal_target,UNKNOWN,https://fermatmind.com/zh/articles/big-five-couples-conversation-not-relationship-prediction,https://fermatmind.com/zh/reliability-validity,footer,信度效度,UNKNOWN,Target is not in current authority corpus; not labeled broken without reliable target readback.
non_corpus_internal_target,UNKNOWN,https://fermatmind.com/zh/articles/big-five-couples-conversation-not-relationship-prediction,https://fermatmind.com/zh/data-privacy,footer,数据说明,UNKNOWN,Target is not in current authority corpus; not labeled broken without reliable target readback.
non_corpus_internal_target,UNKNOWN,https://fermatmind.com/zh/articles/big-five-couples-conversation-not-relationship-prediction,https://fermatmind.com/zh/common-misconceptions,footer,常见误区,UNKNOWN,Target is not in current authority corpus; not labeled broken without reliable target readback.
non_corpus_internal_target,UNKNOWN,https://fermatmind.com/zh/articles/big-five-cross-cultural-research-and-translation-limits,https://fermatmind.com/zh/tests?q=,header/navigation,,UNKNOWN,Target is not in current authority corpus; not labeled broken without reliable target readback.
non_corpus_internal_target,UNKNOWN,https://fermatmind.com/zh/articles/big-five-cross-cultural-research-and-translation-limits,https://fermatmind.com/zh/tests/big-five-personality-test-ocean-model?entry_surface=article_detail_seo_cta&source_page_type=article_detail&source_route_family=article&source_slug=big-five-cross-cultural-research-and-translation-limits&content_id=142&target_action=seo_cta_start_test&test_slug=big-five-personality-test-ocean-model&target_test_slug=big-five-personality-test-ocean-model&cta_id=start_test&landing_path=%2Fzh%2Farticles%2Fbig-five-cross-cultural-research-and-translation-limits&entrypoint=seo_cta,inline contextual,开始测试,UNKNOWN,Target is not in current authority corpus; not labeled broken without reliable target readback.
non_corpus_internal_target,UNKNOWN,https://fermatmind.com/zh/articles/big-five-cross-cultural-research-and-translation-limits,https://fermatmind.com/zh/science,footer,测评科学,UNKNOWN,Target is not in current authority corpus; not labeled broken without reliable target readback.
non_corpus_internal_target,UNKNOWN,https://fermatmind.com/zh/articles/big-five-cross-cultural-research-and-translation-limits,https://fermatmind.com/zh/item-design-notes,footer,题目设计说明,UNKNOWN,Target is not in current authority corpus; not labeled broken without reliable target readback.
non_corpus_internal_target,UNKNOWN,https://fermatmind.com/zh/articles/big-five-cross-cultural-research-and-translation-limits,https://fermatmind.com/zh/reliability-validity,footer,信度效度,UNKNOWN,Target is not in current authority corpus; not labeled broken without reliable target readback.
non_corpus_internal_target,UNKNOWN,https://fermatmind.com/zh/articles/big-five-cross-cultural-research-and-translation-limits,https://fermatmind.com/zh/data-privacy,footer,数据说明,UNKNOWN,Target is not in current authority corpus; not labeled broken without reliable target readback.
non_corpus_internal_target,UNKNOWN,https://fermatmind.com/zh/articles/big-five-cross-cultural-research-and-translation-limits,https://fermatmind.com/zh/common-misconceptions,footer,常见误区,UNKNOWN,Target is not in current authority corpus; not labeled broken without reliable target readback.
non_corpus_internal_target,UNKNOWN,https://fermatmind.com/zh/articles/big-five-decision-journal-observe-style-not-quality,https://fermatmind.com/zh/tests?q=,header/navigation,,UNKNOWN,Target is not in current authority corpus; not labeled broken without reliable target readback.
non_corpus_internal_target,UNKNOWN,https://fermatmind.com/zh/articles/big-five-decision-journal-observe-style-not-quality,https://fermatmind.com/zh/tests/big-five-personality-test-ocean-model?entry_surface=article_detail_seo_cta&source_page_type=article_detail&source_route_family=article&source_slug=big-five-decision-journal-observe-style-not-quality&content_id=143&target_action=seo_cta_start_test&test_slug=big-five-personality-test-ocean-model&target_test_slug=big-five-personality-test-ocean-model&cta_id=start_test&landing_path=%2Fzh%2Farticles%2Fbig-five-decision-journal-observe-style-not-quality&entrypoint=seo_cta,inline contextual,开始测试,UNKNOWN,Target is not in current authority corpus; not labeled broken without reliable target readback.
non_corpus_internal_target,UNKNOWN,https://fermatmind.com/zh/articles/big-five-decision-journal-observe-style-not-quality,https://fermatmind.com/zh/science,footer,测评科学,UNKNOWN,Target is not in current authority corpus; not labeled broken without reliable target readback.
non_corpus_internal_target,UNKNOWN,https://fermatmind.com/zh/articles/big-five-decision-journal-observe-style-not-quality,https://fermatmind.com/zh/item-design-notes,footer,题目设计说明,UNKNOWN,Target is not in current authority corpus; not labeled broken without reliable target readback.
non_corpus_internal_target,UNKNOWN,https://fermatmind.com/zh/articles/big-five-decision-journal-observe-style-not-quality,https://fermatmind.com/zh/reliability-validity,footer,信度效度,UNKNOWN,Target is not in current authority corpus; not labeled broken without reliable target readback.
non_corpus_internal_target,UNKNOWN,https://fermatmind.com/zh/articles/big-five-decision-journal-observe-style-not-quality,https://fermatmind.com/zh/data-privacy,footer,数据说明,UNKNOWN,Target is not in current authority corpus; not labeled broken without reliable target readback.
non_corpus_internal_target,UNKNOWN,https://fermatmind.com/zh/articles/big-five-decision-journal-observe-style-not-quality,https://fermatmind.com/zh/common-misconceptions,footer,常见误区,UNKNOWN,Target is not in current authority corpus; not labeled broken without reliable target readback.
non_corpus_internal_target,UNKNOWN,https://fermatmind.com/zh/articles/big-five-emotional-stability-stress-recovery-communication,https://fermatmind.com/zh/tests?q=,header/navigation,,UNKNOWN,Target is not in current authority corpus; not labeled broken without reliable target readback.
non_corpus_internal_target,UNKNOWN,https://fermatmind.com/zh/articles/big-five-emotional-stability-stress-recovery-communication,https://fermatmind.com/zh/tests/big-five-personality-test-ocean-model?entry_surface=article_detail_seo_cta&source_page_type=article_detail&source_route_family=article&source_slug=big-five-emotional-stability-stress-recovery-communication&content_id=78&target_action=seo_cta_article_cta_1&test_slug=big-five-personality-test-ocean-model&target_test_slug=big-five-personality-test-ocean-model&cta_id=article_cta_1&landing_path=%2Fzh%2Farticles%2Fredacted&entrypoint=seo_cta,inline contextual,先完成大五人格测试，再对照压力触发和恢复清单,UNKNOWN,Target is not in current authority corpus; not labeled broken without reliable target readback.
non_corpus_internal_target,UNKNOWN,https://fermatmind.com/zh/articles/big-five-emotional-stability-stress-recovery-communication,https://fermatmind.com/zh/tests/big-five-personality-test-ocean-model?entry_surface=article_detail_seo_cta&source_page_type=article_detail&source_route_family=article&source_slug=big-five-emotional-stability-stress-recovery-communication&content_id=78&target_action=seo_cta_article_cta_2&test_slug=big-five-personality-test-ocean-model&target_test_slug=big-five-personality-test-ocean-model&cta_id=article_cta_2&landing_path=%2Fzh%2Farticles%2Fredacted&entrypoint=seo_cta,inline contextual,查看我的 OCEAN 五维结果,UNKNOWN,Target is not in current authority corpus; not labeled broken without reliable target readback.
non_corpus_internal_target,UNKNOWN,https://fermatmind.com/zh/articles/big-five-emotional-stability-stress-recovery-communication,https://fermatmind.com/zh/science,footer,测评科学,UNKNOWN,Target is not in current authority corpus; not labeled broken without reliable target readback.
non_corpus_internal_target,UNKNOWN,https://fermatmind.com/zh/articles/big-five-emotional-stability-stress-recovery-communication,https://fermatmind.com/zh/item-design-notes,footer,题目设计说明,UNKNOWN,Target is not in current authority corpus; not labeled broken without reliable target readback.
non_corpus_internal_target,UNKNOWN,https://fermatmind.com/zh/articles/big-five-emotional-stability-stress-recovery-communication,https://fermatmind.com/zh/reliability-validity,footer,信度效度,UNKNOWN,Target is not in current authority corpus; not labeled broken without reliable target readback.
non_corpus_internal_target,UNKNOWN,https://fermatmind.com/zh/articles/big-five-emotional-stability-stress-recovery-communication,https://fermatmind.com/zh/data-privacy,footer,数据说明,UNKNOWN,Target is not in current authority corpus; not labeled broken without reliable target readback.
non_corpus_internal_target,UNKNOWN,https://fermatmind.com/zh/articles/big-five-emotional-stability-stress-recovery-communication,https://fermatmind.com/zh/common-misconceptions,footer,常见误区,UNKNOWN,Target is not in current authority corpus; not labeled broken without reliable target readback.
non_corpus_internal_target,UNKNOWN,https://fermatmind.com/zh/articles/big-five-evidence-strength-from-one-study-to-review,https://fermatmind.com/zh/tests?q=,header/navigation,,UNKNOWN,Target is not in current authority corpus; not labeled broken without reliable target readback.
non_corpus_internal_target,UNKNOWN,https://fermatmind.com/zh/articles/big-five-evidence-strength-from-one-study-to-review,https://fermatmind.com/zh/tests/big-five-personality-test-ocean-model?entry_surface=article_detail_seo_cta&source_page_type=article_detail&source_route_family=article&source_slug=big-five-evidence-strength-from-one-study-to-review&content_id=144&target_action=seo_cta_start_test&test_slug=big-five-personality-test-ocean-model&target_test_slug=big-five-personality-test-ocean-model&cta_id=start_test&landing_path=%2Fzh%2Farticles%2Fbig-five-evidence-strength-from-one-study-to-review&entrypoint=seo_cta,inline contextual,开始测试,UNKNOWN,Target is not in current authority corpus; not labeled broken without reliable target readback.
non_corpus_internal_target,UNKNOWN,https://fermatmind.com/zh/articles/big-five-evidence-strength-from-one-study-to-review,https://fermatmind.com/science,inline contextual,测评科学,UNKNOWN,Target is not in current authority corpus; not labeled broken without reliable target readback.
non_corpus_internal_target,UNKNOWN,https://fermatmind.com/zh/articles/big-five-evidence-strength-from-one-study-to-review,https://fermatmind.com/zh/science,footer,测评科学,UNKNOWN,Target is not in current authority corpus; not labeled broken without reliable target readback.
non_corpus_internal_target,UNKNOWN,https://fermatmind.com/zh/articles/big-five-evidence-strength-from-one-study-to-review,https://fermatmind.com/zh/item-design-notes,footer,题目设计说明,UNKNOWN,Target is not in current authority corpus; not labeled broken without reliable target readback.
non_corpus_internal_target,UNKNOWN,https://fermatmind.com/zh/articles/big-five-evidence-strength-from-one-study-to-review,https://fermatmind.com/zh/reliability-validity,footer,信度效度,UNKNOWN,Target is not in current authority corpus; not labeled broken without reliable target readback.
non_corpus_internal_target,UNKNOWN,https://fermatmind.com/zh/articles/big-five-evidence-strength-from-one-study-to-review,https://fermatmind.com/zh/data-privacy,footer,数据说明,UNKNOWN,Target is not in current authority corpus; not labeled broken without reliable target readback.
non_corpus_internal_target,UNKNOWN,https://fermatmind.com/zh/articles/big-five-evidence-strength-from-one-study-to-review,https://fermatmind.com/zh/common-misconceptions,footer,常见误区,UNKNOWN,Target is not in current authority corpus; not labeled broken without reliable target readback.
non_corpus_internal_target,UNKNOWN,https://fermatmind.com/zh/articles/big-five-feedback-preferences-as-hypotheses,https://fermatmind.com/zh/tests?q=,header/navigation,,UNKNOWN,Target is not in current authority corpus; not labeled broken without reliable target readback.
non_corpus_internal_target,UNKNOWN,https://fermatmind.com/zh/articles/big-five-feedback-preferences-as-hypotheses,https://fermatmind.com/zh/tests/big-five-personality-test-ocean-model?entry_surface=article_detail_seo_cta&source_page_type=article_detail&source_route_family=article&source_slug=big-five-feedback-preferences-as-hypotheses&content_id=145&target_action=seo_cta_start_test&test_slug=big-five-personality-test-ocean-model&target_test_slug=big-five-personality-test-ocean-model&cta_id=start_test&landing_path=%2Fzh%2Farticles%2Fbig-five-feedback-preferences-as-hypotheses&entrypoint=seo_cta,inline contextual,开始测试,UNKNOWN,Target is not in current authority corpus; not labeled broken without reliable target readback.
non_corpus_internal_target,UNKNOWN,https://fermatmind.com/zh/articles/big-five-feedback-preferences-as-hypotheses,https://fermatmind.com/zh/science,footer,测评科学,UNKNOWN,Target is not in current authority corpus; not labeled broken without reliable target readback.
non_corpus_internal_target,UNKNOWN,https://fermatmind.com/zh/articles/big-five-feedback-preferences-as-hypotheses,https://fermatmind.com/zh/item-design-notes,footer,题目设计说明,UNKNOWN,Target is not in current authority corpus; not labeled broken without reliable target readback.
non_corpus_internal_target,UNKNOWN,https://fermatmind.com/zh/articles/big-five-feedback-preferences-as-hypotheses,https://fermatmind.com/zh/reliability-validity,footer,信度效度,UNKNOWN,Target is not in current authority corpus; not labeled broken without reliable target readback.
non_corpus_internal_target,UNKNOWN,https://fermatmind.com/zh/articles/big-five-feedback-preferences-as-hypotheses,https://fermatmind.com/zh/data-privacy,footer,数据说明,UNKNOWN,Target is not in current authority corpus; not labeled broken without reliable target readback.
non_corpus_internal_target,UNKNOWN,https://fermatmind.com/zh/articles/big-five-feedback-preferences-as-hypotheses,https://fermatmind.com/zh/common-misconceptions,footer,常见误区,UNKNOWN,Target is not in current authority corpus; not labeled broken without reliable target readback.
non_corpus_internal_target,UNKNOWN,https://fermatmind.com/zh/articles/big-five-friendship-differences-without-compatibility-scores,https://fermatmind.com/zh/tests?q=,header/navigation,,UNKNOWN,Target is not in current authority corpus; not labeled broken without reliable target readback.
non_corpus_internal_target,UNKNOWN,https://fermatmind.com/zh/articles/big-five-friendship-differences-without-compatibility-scores,https://fermatmind.com/zh/tests/big-five-personality-test-ocean-model?entry_surface=article_detail_seo_cta&source_page_type=article_detail&source_route_family=article&source_slug=big-five-friendship-differences-without-compatibility-scores&content_id=146&target_action=seo_cta_start_test&test_slug=big-five-personality-test-ocean-model&target_test_slug=big-five-personality-test-ocean-model&cta_id=start_test&landing_path=%2Fzh%2Farticles%2Fbig-five-friendship-differences-without-compatibility-scores&entrypoint=seo_cta,inline contextual,开始测试,UNKNOWN,Target is not in current authority corpus; not labeled broken without reliable target readback.
non_corpus_internal_target,UNKNOWN,https://fermatmind.com/zh/articles/big-five-friendship-differences-without-compatibility-scores,https://fermatmind.com/zh/science,footer,测评科学,UNKNOWN,Target is not in current authority corpus; not labeled broken without reliable target readback.
non_corpus_internal_target,UNKNOWN,https://fermatmind.com/zh/articles/big-five-friendship-differences-without-compatibility-scores,https://fermatmind.com/zh/item-design-notes,footer,题目设计说明,UNKNOWN,Target is not in current authority corpus; not labeled broken without reliable target readback.
non_corpus_internal_target,UNKNOWN,https://fermatmind.com/zh/articles/big-five-friendship-differences-without-compatibility-scores,https://fermatmind.com/zh/reliability-validity,footer,信度效度,UNKNOWN,Target is not in current authority corpus; not labeled broken without reliable target readback.
non_corpus_internal_target,UNKNOWN,https://fermatmind.com/zh/articles/big-five-friendship-differences-without-compatibility-scores,https://fermatmind.com/zh/data-privacy,footer,数据说明,UNKNOWN,Target is not in current authority corpus; not labeled broken without reliable target readback.
non_corpus_internal_target,UNKNOWN,https://fermatmind.com/zh/articles/big-five-friendship-differences-without-compatibility-scores,https://fermatmind.com/zh/common-misconceptions,footer,常见误区,UNKNOWN,Target is not in current authority corpus; not labeled broken without reliable target readback.
non_corpus_internal_target,UNKNOWN,https://fermatmind.com/zh/articles/big-five-goal-setting-use-results-as-hypotheses,https://fermatmind.com/zh/tests?q=,header/navigation,,UNKNOWN,Target is not in current authority corpus; not labeled broken without reliable target readback.
non_corpus_internal_target,UNKNOWN,https://fermatmind.com/zh/articles/big-five-goal-setting-use-results-as-hypotheses,https://fermatmind.com/zh/tests/big-five-personality-test-ocean-model?entry_surface=article_detail_seo_cta&source_page_type=article_detail&source_route_family=article&source_slug=big-five-goal-setting-use-results-as-hypotheses&content_id=147&target_action=seo_cta_start_test&test_slug=big-five-personality-test-ocean-model&target_test_slug=big-five-personality-test-ocean-model&cta_id=start_test&landing_path=%2Fzh%2Farticles%2Fbig-five-goal-setting-use-results-as-hypotheses&entrypoint=seo_cta,inline contextual,开始测试,UNKNOWN,Target is not in current authority corpus; not labeled broken without reliable target readback.
non_corpus_internal_target,UNKNOWN,https://fermatmind.com/zh/articles/big-five-goal-setting-use-results-as-hypotheses,https://fermatmind.com/zh/science,footer,测评科学,UNKNOWN,Target is not in current authority corpus; not labeled broken without reliable target readback.
non_corpus_internal_target,UNKNOWN,https://fermatmind.com/zh/articles/big-five-goal-setting-use-results-as-hypotheses,https://fermatmind.com/zh/item-design-notes,footer,题目设计说明,UNKNOWN,Target is not in current authority corpus; not labeled broken without reliable target readback.
non_corpus_internal_target,UNKNOWN,https://fermatmind.com/zh/articles/big-five-goal-setting-use-results-as-hypotheses,https://fermatmind.com/zh/reliability-validity,footer,信度效度,UNKNOWN,Target is not in current authority corpus; not labeled broken without reliable target readback.
non_corpus_internal_target,UNKNOWN,https://fermatmind.com/zh/articles/big-five-goal-setting-use-results-as-hypotheses,https://fermatmind.com/zh/data-privacy,footer,数据说明,UNKNOWN,Target is not in current authority corpus; not labeled broken without reliable target readback.
non_corpus_internal_target,UNKNOWN,https://fermatmind.com/zh/articles/big-five-goal-setting-use-results-as-hypotheses,https://fermatmind.com/zh/common-misconceptions,footer,常见误区,UNKNOWN,Target is not in current authority corpus; not labeled broken without reliable target readback.
non_corpus_internal_target,UNKNOWN,https://fermatmind.com/zh/articles/big-five-growth-guide,https://fermatmind.com/zh/tests?q=,header/navigation,,UNKNOWN,Target is not in current authority corpus; not labeled broken without reliable target readback.
non_corpus_internal_target,UNKNOWN,https://fermatmind.com/zh/articles/big-five-growth-guide,https://fermatmind.com/zh/tests/big-five-personality-test-ocean-model?entry_surface=article_detail_seo_cta&source_page_type=article_detail&source_route_family=article&source_slug=big-five-growth-guide&content_id=1&target_action=seo_cta_start_test&test_slug=big-five-personality-test-ocean-model&target_test_slug=big-five-personality-test-ocean-model&cta_id=start_test&landing_path=%2Fzh%2Farticles%2Fbig-five-growth-guide&entrypoint=seo_cta,inline contextual,开始测试,UNKNOWN,Target is not in current authority corpus; not labeled broken without reliable target readback.
non_corpus_internal_target,UNKNOWN,https://fermatmind.com/zh/articles/big-five-growth-guide,https://fermatmind.com/zh/science,footer,测评科学,UNKNOWN,Target is not in current authority corpus; not labeled broken without reliable target readback.
non_corpus_internal_target,UNKNOWN,https://fermatmind.com/zh/articles/big-five-growth-guide,https://fermatmind.com/zh/item-design-notes,footer,题目设计说明,UNKNOWN,Target is not in current authority corpus; not labeled broken without reliable target readback.
non_corpus_internal_target,UNKNOWN,https://fermatmind.com/zh/articles/big-five-growth-guide,https://fermatmind.com/zh/reliability-validity,footer,信度效度,UNKNOWN,Target is not in current authority corpus; not labeled broken without reliable target readback.
non_corpus_internal_target,UNKNOWN,https://fermatmind.com/zh/articles/big-five-growth-guide,https://fermatmind.com/zh/data-privacy,footer,数据说明,UNKNOWN,Target is not in current authority corpus; not labeled broken without reliable target readback.
non_corpus_internal_target,UNKNOWN,https://fermatmind.com/zh/articles/big-five-growth-guide,https://fermatmind.com/zh/common-misconceptions,footer,常见误区,UNKNOWN,Target is not in current authority corpus; not labeled broken without reliable target readback.
non_corpus_internal_target,UNKNOWN,https://fermatmind.com/zh/articles/big-five-leadership-reflection-not-leader-prediction,https://fermatmind.com/zh/tests?q=,header/navigation,,UNKNOWN,Target is not in current authority corpus; not labeled broken without reliable target readback.
non_corpus_internal_target,UNKNOWN,https://fermatmind.com/zh/articles/big-five-leadership-reflection-not-leader-prediction,https://fermatmind.com/zh/tests/big-five-personality-test-ocean-model?entry_surface=article_detail_seo_cta&source_page_type=article_detail&source_route_family=article&source_slug=big-five-leadership-reflection-not-leader-prediction&content_id=148&target_action=seo_cta_start_test&test_slug=big-five-personality-test-ocean-model&target_test_slug=big-five-personality-test-ocean-model&cta_id=start_test&landing_path=%2Fzh%2Farticles%2Fbig-five-leadership-reflection-not-leader-prediction&entrypoint=seo_cta,inline contextual,开始测试,UNKNOWN,Target is not in current authority corpus; not labeled broken without reliable target readback.
non_corpus_internal_target,UNKNOWN,https://fermatmind.com/zh/articles/big-five-leadership-reflection-not-leader-prediction,https://fermatmind.com/zh/science,footer,测评科学,UNKNOWN,Target is not in current authority corpus; not labeled broken without reliable target readback.
non_corpus_internal_target,UNKNOWN,https://fermatmind.com/zh/articles/big-five-leadership-reflection-not-leader-prediction,https://fermatmind.com/zh/item-design-notes,footer,题目设计说明,UNKNOWN,Target is not in current authority corpus; not labeled broken without reliable target readback.
non_corpus_internal_target,UNKNOWN,https://fermatmind.com/zh/articles/big-five-leadership-reflection-not-leader-prediction,https://fermatmind.com/zh/reliability-validity,footer,信度效度,UNKNOWN,Target is not in current authority corpus; not labeled broken without reliable target readback.
non_corpus_internal_target,UNKNOWN,https://fermatmind.com/zh/articles/big-five-leadership-reflection-not-leader-prediction,https://fermatmind.com/zh/data-privacy,footer,数据说明,UNKNOWN,Target is not in current authority corpus; not labeled broken without reliable target readback.
non_corpus_internal_target,UNKNOWN,https://fermatmind.com/zh/articles/big-five-leadership-reflection-not-leader-prediction,https://fermatmind.com/zh/common-misconceptions,footer,常见误区,UNKNOWN,Target is not in current authority corpus; not labeled broken without reliable target readback.
non_corpus_internal_target,UNKNOWN,https://fermatmind.com/zh/articles/big-five-learning-preferences-test-dont-prescribe,https://fermatmind.com/zh/tests?q=,header/navigation,,UNKNOWN,Target is not in current authority corpus; not labeled broken without reliable target readback.
non_corpus_internal_target,UNKNOWN,https://fermatmind.com/zh/articles/big-five-learning-preferences-test-dont-prescribe,https://fermatmind.com/zh/tests/big-five-personality-test-ocean-model?entry_surface=article_detail_seo_cta&source_page_type=article_detail&source_route_family=article&source_slug=big-five-learning-preferences-test-dont-prescribe&content_id=149&target_action=seo_cta_start_test&test_slug=big-five-personality-test-ocean-model&target_test_slug=big-five-personality-test-ocean-model&cta_id=start_test&landing_path=%2Fzh%2Farticles%2Fbig-five-learning-preferences-test-dont-prescribe&entrypoint=seo_cta,inline contextual,开始测试,UNKNOWN,Target is not in current authority corpus; not labeled broken without reliable target readback.
non_corpus_internal_target,UNKNOWN,https://fermatmind.com/zh/articles/big-five-learning-preferences-test-dont-prescribe,https://fermatmind.com/zh/science,footer,测评科学,UNKNOWN,Target is not in current authority corpus; not labeled broken without reliable target readback.
non_corpus_internal_target,UNKNOWN,https://fermatmind.com/zh/articles/big-five-learning-preferences-test-dont-prescribe,https://fermatmind.com/zh/item-design-notes,footer,题目设计说明,UNKNOWN,Target is not in current authority corpus; not labeled broken without reliable target readback.
non_corpus_internal_target,UNKNOWN,https://fermatmind.com/zh/articles/big-five-learning-preferences-test-dont-prescribe,https://fermatmind.com/zh/reliability-validity,footer,信度效度,UNKNOWN,Target is not in current authority corpus; not labeled broken without reliable target readback.
non_corpus_internal_target,UNKNOWN,https://fermatmind.com/zh/articles/big-five-learning-preferences-test-dont-prescribe,https://fermatmind.com/zh/data-privacy,footer,数据说明,UNKNOWN,Target is not in current authority corpus; not labeled broken without reliable target readback.
non_corpus_internal_target,UNKNOWN,https://fermatmind.com/zh/articles/big-five-learning-preferences-test-dont-prescribe,https://fermatmind.com/zh/common-misconceptions,footer,常见误区,UNKNOWN,Target is not in current authority corpus; not labeled broken without reliable target readback.
non_corpus_internal_target,UNKNOWN,https://fermatmind.com/zh/articles/big-five-meeting-participation-without-personality-labels,https://fermatmind.com/zh/tests?q=,header/navigation,,UNKNOWN,Target is not in current authority corpus; not labeled broken without reliable target readback.
non_corpus_internal_target,UNKNOWN,https://fermatmind.com/zh/articles/big-five-meeting-participation-without-personality-labels,https://fermatmind.com/zh/tests/big-five-personality-test-ocean-model?entry_surface=article_detail_seo_cta&source_page_type=article_detail&source_route_family=article&source_slug=big-five-meeting-participation-without-personality-labels&content_id=150&target_action=seo_cta_start_test&test_slug=big-five-personality-test-ocean-model&target_test_slug=big-five-personality-test-ocean-model&cta_id=start_test&landing_path=%2Fzh%2Farticles%2Fbig-five-meeting-participation-without-personality-labels&entrypoint=seo_cta,inline contextual,开始测试,UNKNOWN,Target is not in current authority corpus; not labeled broken without reliable target readback.
non_corpus_internal_target,UNKNOWN,https://fermatmind.com/zh/articles/big-five-meeting-participation-without-personality-labels,https://fermatmind.com/articles/PMC4909789,inline contextual,PMC4909789,UNKNOWN,Target is not in current authority corpus; not labeled broken without reliable target readback.
non_corpus_internal_target,UNKNOWN,https://fermatmind.com/zh/articles/big-five-meeting-participation-without-personality-labels,https://fermatmind.com/zh/science,footer,测评科学,UNKNOWN,Target is not in current authority corpus; not labeled broken without reliable target readback.
non_corpus_internal_target,UNKNOWN,https://fermatmind.com/zh/articles/big-five-meeting-participation-without-personality-labels,https://fermatmind.com/zh/item-design-notes,footer,题目设计说明,UNKNOWN,Target is not in current authority corpus; not labeled broken without reliable target readback.
non_corpus_internal_target,UNKNOWN,https://fermatmind.com/zh/articles/big-five-meeting-participation-without-personality-labels,https://fermatmind.com/zh/reliability-validity,footer,信度效度,UNKNOWN,Target is not in current authority corpus; not labeled broken without reliable target readback.
non_corpus_internal_target,UNKNOWN,https://fermatmind.com/zh/articles/big-five-meeting-participation-without-personality-labels,https://fermatmind.com/zh/data-privacy,footer,数据说明,UNKNOWN,Target is not in current authority corpus; not labeled broken without reliable target readback.
non_corpus_internal_target,UNKNOWN,https://fermatmind.com/zh/articles/big-five-meeting-participation-without-personality-labels,https://fermatmind.com/zh/common-misconceptions,footer,常见误区,UNKNOWN,Target is not in current authority corpus; not labeled broken without reliable target readback.
non_corpus_internal_target,UNKNOWN,https://fermatmind.com/zh/articles/big-five-model-history-from-words-to-traits,https://fermatmind.com/zh/tests?q=,header/navigation,,UNKNOWN,Target is not in current authority corpus; not labeled broken without reliable target readback.
non_corpus_internal_target,UNKNOWN,https://fermatmind.com/zh/articles/big-five-model-history-from-words-to-traits,https://fermatmind.com/zh/tests/big-five-personality-test-ocean-model?entry_surface=article_detail_seo_cta&source_page_type=article_detail&source_route_family=article&source_slug=big-five-model-history-from-words-to-traits&content_id=151&target_action=seo_cta_start_test&test_slug=big-five-personality-test-ocean-model&target_test_slug=big-five-personality-test-ocean-model&cta_id=start_test&landing_path=%2Fzh%2Farticles%2Fbig-five-model-history-from-words-to-traits&entrypoint=seo_cta,inline contextual,开始测试,UNKNOWN,Target is not in current authority corpus; not labeled broken without reliable target readback.
non_corpus_internal_target,UNKNOWN,https://fermatmind.com/zh/articles/big-five-model-history-from-words-to-traits,https://fermatmind.com/zh/science,footer,测评科学,UNKNOWN,Target is not in current authority corpus; not labeled broken without reliable target readback.
non_corpus_internal_target,UNKNOWN,https://fermatmind.com/zh/articles/big-five-model-history-from-words-to-traits,https://fermatmind.com/zh/item-design-notes,footer,题目设计说明,UNKNOWN,Target is not in current authority corpus; not labeled broken without reliable target readback.
non_corpus_internal_target,UNKNOWN,https://fermatmind.com/zh/articles/big-five-model-history-from-words-to-traits,https://fermatmind.com/zh/reliability-validity,footer,信度效度,UNKNOWN,Target is not in current authority corpus; not labeled broken without reliable target readback.
non_corpus_internal_target,UNKNOWN,https://fermatmind.com/zh/articles/big-five-model-history-from-words-to-traits,https://fermatmind.com/zh/data-privacy,footer,数据说明,UNKNOWN,Target is not in current authority corpus; not labeled broken without reliable target readback.
non_corpus_internal_target,UNKNOWN,https://fermatmind.com/zh/articles/big-five-model-history-from-words-to-traits,https://fermatmind.com/zh/common-misconceptions,footer,常见误区,UNKNOWN,Target is not in current authority corpus; not labeled broken without reliable target readback.
non_corpus_internal_target,UNKNOWN,https://fermatmind.com/zh/articles/big-five-myths-types-destiny-and-perfect-scores,https://fermatmind.com/zh/tests?q=,header/navigation,,UNKNOWN,Target is not in current authority corpus; not labeled broken without reliable target readback.
non_corpus_internal_target,UNKNOWN,https://fermatmind.com/zh/articles/big-five-myths-types-destiny-and-perfect-scores,https://fermatmind.com/zh/tests/big-five-personality-test-ocean-model?entry_surface=article_detail_seo_cta&source_page_type=article_detail&source_route_family=article&source_slug=big-five-myths-types-destiny-and-perfect-scores&content_id=152&target_action=seo_cta_start_test&test_slug=big-five-personality-test-ocean-model&target_test_slug=big-five-personality-test-ocean-model&cta_id=start_test&landing_path=%2Fzh%2Farticles%2Fbig-five-myths-types-destiny-and-perfect-scores&entrypoint=seo_cta,inline contextual,开始测试,UNKNOWN,Target is not in current authority corpus; not labeled broken without reliable target readback.
non_corpus_internal_target,UNKNOWN,https://fermatmind.com/zh/articles/big-five-myths-types-destiny-and-perfect-scores,https://fermatmind.com/zh/science,footer,测评科学,UNKNOWN,Target is not in current authority corpus; not labeled broken without reliable target readback.
non_corpus_internal_target,UNKNOWN,https://fermatmind.com/zh/articles/big-five-myths-types-destiny-and-perfect-scores,https://fermatmind.com/zh/item-design-notes,footer,题目设计说明,UNKNOWN,Target is not in current authority corpus; not labeled broken without reliable target readback.
non_corpus_internal_target,UNKNOWN,https://fermatmind.com/zh/articles/big-five-myths-types-destiny-and-perfect-scores,https://fermatmind.com/zh/reliability-validity,footer,信度效度,UNKNOWN,Target is not in current authority corpus; not labeled broken without reliable target readback.
non_corpus_internal_target,UNKNOWN,https://fermatmind.com/zh/articles/big-five-myths-types-destiny-and-perfect-scores,https://fermatmind.com/zh/data-privacy,footer,数据说明,UNKNOWN,Target is not in current authority corpus; not labeled broken without reliable target readback.
non_corpus_internal_target,UNKNOWN,https://fermatmind.com/zh/articles/big-five-myths-types-destiny-and-perfect-scores,https://fermatmind.com/zh/common-misconceptions,footer,常见误区,UNKNOWN,Target is not in current authority corpus; not labeled broken without reliable target readback.
non_corpus_internal_target,UNKNOWN,https://fermatmind.com/zh/articles/big-five-narrative-portrait,https://fermatmind.com/zh/tests?q=,header/navigation,,UNKNOWN,Target is not in current authority corpus; not labeled broken without reliable target readback.
non_corpus_internal_target,UNKNOWN,https://fermatmind.com/zh/articles/big-five-narrative-portrait,https://fermatmind.com/zh/tests/big-five-personality-test-ocean-model?entry_surface=article_detail_seo_cta&source_page_type=article_detail&source_route_family=article&source_slug=big-five-narrative-portrait&content_id=2&target_action=seo_cta_start_test&test_slug=big-five-personality-test-ocean-model&target_test_slug=big-five-personality-test-ocean-model&cta_id=start_test&landing_path=%2Fzh%2Farticles%2Fbig-five-narrative-portrait&entrypoint=seo_cta,inline contextual,开始测试,UNKNOWN,Target is not in current authority corpus; not labeled broken without reliable target readback.
non_corpus_internal_target,UNKNOWN,https://fermatmind.com/zh/articles/big-five-narrative-portrait,https://fermatmind.com/zh/science,footer,测评科学,UNKNOWN,Target is not in current authority corpus; not labeled broken without reliable target readback.
non_corpus_internal_target,UNKNOWN,https://fermatmind.com/zh/articles/big-five-narrative-portrait,https://fermatmind.com/zh/item-design-notes,footer,题目设计说明,UNKNOWN,Target is not in current authority corpus; not labeled broken without reliable target readback.
non_corpus_internal_target,UNKNOWN,https://fermatmind.com/zh/articles/big-five-narrative-portrait,https://fermatmind.com/zh/reliability-validity,footer,信度效度,UNKNOWN,Target is not in current authority corpus; not labeled broken without reliable target readback.
non_corpus_internal_target,UNKNOWN,https://fermatmind.com/zh/articles/big-five-narrative-portrait,https://fermatmind.com/zh/data-privacy,footer,数据说明,UNKNOWN,Target is not in current authority corpus; not labeled broken without reliable target readback.
non_corpus_internal_target,UNKNOWN,https://fermatmind.com/zh/articles/big-five-narrative-portrait,https://fermatmind.com/zh/common-misconceptions,footer,常见误区,UNKNOWN,Target is not in current authority corpus; not labeled broken without reliable target readback.
non_corpus_internal_target,UNKNOWN,https://fermatmind.com/zh/articles/big-five-personal-boundaries-traits-do-not-override-consent,https://fermatmind.com/zh/tests?q=,header/navigation,,UNKNOWN,Target is not in current authority corpus; not labeled broken without reliable target readback.
non_corpus_internal_target,UNKNOWN,https://fermatmind.com/zh/articles/big-five-personal-boundaries-traits-do-not-override-consent,https://fermatmind.com/zh/tests/big-five-personality-test-ocean-model?entry_surface=article_detail_seo_cta&source_page_type=article_detail&source_route_family=article&source_slug=big-five-personal-boundaries-traits-do-not-override-consent&content_id=153&target_action=seo_cta_start_test&test_slug=big-five-personality-test-ocean-model&target_test_slug=big-five-personality-test-ocean-model&cta_id=start_test&landing_path=%2Fzh%2Farticles%2Fbig-five-personal-boundaries-traits-do-not-override-consent&entrypoint=seo_cta,inline contextual,开始测试,UNKNOWN,Target is not in current authority corpus; not labeled broken without reliable target readback.
non_corpus_internal_target,UNKNOWN,https://fermatmind.com/zh/articles/big-five-personal-boundaries-traits-do-not-override-consent,https://fermatmind.com/zh/science,footer,测评科学,UNKNOWN,Target is not in current authority corpus; not labeled broken without reliable target readback.
non_corpus_internal_target,UNKNOWN,https://fermatmind.com/zh/articles/big-five-personal-boundaries-traits-do-not-override-consent,https://fermatmind.com/zh/item-design-notes,footer,题目设计说明,UNKNOWN,Target is not in current authority corpus; not labeled broken without reliable target readback.
non_corpus_internal_target,UNKNOWN,https://fermatmind.com/zh/articles/big-five-personal-boundaries-traits-do-not-override-consent,https://fermatmind.com/zh/reliability-validity,footer,信度效度,UNKNOWN,Target is not in current authority corpus; not labeled broken without reliable target readback.
non_corpus_internal_target,UNKNOWN,https://fermatmind.com/zh/articles/big-five-personal-boundaries-traits-do-not-override-consent,https://fermatmind.com/zh/data-privacy,footer,数据说明,UNKNOWN,Target is not in current authority corpus; not labeled broken without reliable target readback.
non_corpus_internal_target,UNKNOWN,https://fermatmind.com/zh/articles/big-five-personal-boundaries-traits-do-not-override-consent,https://fermatmind.com/zh/common-misconceptions,footer,常见误区,UNKNOWN,Target is not in current authority corpus; not labeled broken without reliable target readback.
non_corpus_internal_target,UNKNOWN,https://fermatmind.com/zh/articles/big-five-personality-test-vs-mbti,https://fermatmind.com/zh/tests?q=,header/navigation,,UNKNOWN,Target is not in current authority corpus; not labeled broken without reliable target readback.
non_corpus_internal_target,UNKNOWN,https://fermatmind.com/zh/articles/big-five-personality-test-vs-mbti,https://fermatmind.com/zh/tests/big-five-personality-test?entry_surface=article_detail_seo_cta&source_page_type=article_detail&source_route_family=article&source_slug=big-five-personality-test-vs-mbti&content_id=36&target_action=seo_cta_cta_big_five_above_fold&test_slug=big-five-personality-test&target_test_slug=big-five-personality-test&cta_id=cta_big_five_above_fold&landing_path=%2Fzh%2Farticles%2Fbig-five-personality-test-vs-mbti&entrypoint=seo_cta,inline contextual,开始大五人格测试,UNKNOWN,Target is not in current authority corpus; not labeled broken without reliable target readback.
non_corpus_internal_target,UNKNOWN,https://fermatmind.com/zh/articles/big-five-personality-test-vs-mbti,https://fermatmind.com/zh/tests/big-five-personality-test?entry_surface=article_detail_seo_cta&source_page_type=article_detail&source_route_family=article&source_slug=big-five-personality-test-vs-mbti&content_id=36&target_action=seo_cta_cta_big_five_after_ocean&test_slug=big-five-personality-test&target_test_slug=big-five-personality-test&cta_id=cta_big_five_after_ocean&landing_path=%2Fzh%2Farticles%2Fbig-five-personality-test-vs-mbti&entrypoint=seo_cta,inline contextual,查看五维人格坐标,UNKNOWN,Target is not in current authority corpus; not labeled broken without reliable target readback.
non_corpus_internal_target,UNKNOWN,https://fermatmind.com/zh/articles/big-five-personality-test-vs-mbti,https://fermatmind.com/zh/science,footer,测评科学,UNKNOWN,Target is not in current authority corpus; not labeled broken without reliable target readback.
non_corpus_internal_target,UNKNOWN,https://fermatmind.com/zh/articles/big-five-personality-test-vs-mbti,https://fermatmind.com/zh/item-design-notes,footer,题目设计说明,UNKNOWN,Target is not in current authority corpus; not labeled broken without reliable target readback.
non_corpus_internal_target,UNKNOWN,https://fermatmind.com/zh/articles/big-five-personality-test-vs-mbti,https://fermatmind.com/zh/reliability-validity,footer,信度效度,UNKNOWN,Target is not in current authority corpus; not labeled broken without reliable target readback.
non_corpus_internal_target,UNKNOWN,https://fermatmind.com/zh/articles/big-five-personality-test-vs-mbti,https://fermatmind.com/zh/data-privacy,footer,数据说明,UNKNOWN,Target is not in current authority corpus; not labeled broken without reliable target readback.
non_corpus_internal_target,UNKNOWN,https://fermatmind.com/zh/articles/big-five-personality-test-vs-mbti,https://fermatmind.com/zh/common-misconceptions,footer,常见误区,UNKNOWN,Target is not in current authority corpus; not labeled broken without reliable target readback.
non_corpus_internal_target,UNKNOWN,https://fermatmind.com/zh/articles/big-five-planning-system-run-a-two-week-experiment,https://fermatmind.com/zh/tests?q=,header/navigation,,UNKNOWN,Target is not in current authority corpus; not labeled broken without reliable target readback.
non_corpus_internal_target,UNKNOWN,https://fermatmind.com/zh/articles/big-five-planning-system-run-a-two-week-experiment,https://fermatmind.com/zh/tests/big-five-personality-test-ocean-model?entry_surface=article_detail_seo_cta&source_page_type=article_detail&source_route_family=article&source_slug=big-five-planning-system-run-a-two-week-experiment&content_id=154&target_action=seo_cta_start_test&test_slug=big-five-personality-test-ocean-model&target_test_slug=big-five-personality-test-ocean-model&cta_id=start_test&landing_path=%2Fzh%2Farticles%2Fbig-five-planning-system-run-a-two-week-experiment&entrypoint=seo_cta,inline contextual,开始测试,UNKNOWN,Target is not in current authority corpus; not labeled broken without reliable target readback.
non_corpus_internal_target,UNKNOWN,https://fermatmind.com/zh/articles/big-five-planning-system-run-a-two-week-experiment,https://fermatmind.com/zh/science,footer,测评科学,UNKNOWN,Target is not in current authority corpus; not labeled broken without reliable target readback.
non_corpus_internal_target,UNKNOWN,https://fermatmind.com/zh/articles/big-five-planning-system-run-a-two-week-experiment,https://fermatmind.com/zh/item-design-notes,footer,题目设计说明,UNKNOWN,Target is not in current authority corpus; not labeled broken without reliable target readback.
non_corpus_internal_target,UNKNOWN,https://fermatmind.com/zh/articles/big-five-planning-system-run-a-two-week-experiment,https://fermatmind.com/zh/reliability-validity,footer,信度效度,UNKNOWN,Target is not in current authority corpus; not labeled broken without reliable target readback.
non_corpus_internal_target,UNKNOWN,https://fermatmind.com/zh/articles/big-five-planning-system-run-a-two-week-experiment,https://fermatmind.com/zh/data-privacy,footer,数据说明,UNKNOWN,Target is not in current authority corpus; not labeled broken without reliable target readback.
non_corpus_internal_target,UNKNOWN,https://fermatmind.com/zh/articles/big-five-planning-system-run-a-two-week-experiment,https://fermatmind.com/zh/common-misconceptions,footer,常见误区,UNKNOWN,Target is not in current authority corpus; not labeled broken without reliable target readback.
non_corpus_internal_target,UNKNOWN,https://fermatmind.com/zh/articles/big-five-retest-differences-measurement-and-context,https://fermatmind.com/zh/tests?q=,header/navigation,,UNKNOWN,Target is not in current authority corpus; not labeled broken without reliable target readback.
non_corpus_internal_target,UNKNOWN,https://fermatmind.com/zh/articles/big-five-retest-differences-measurement-and-context,https://fermatmind.com/zh/tests/big-five-personality-test-ocean-model?entry_surface=article_detail_seo_cta&source_page_type=article_detail&source_route_family=article&source_slug=big-five-retest-differences-measurement-and-context&content_id=155&target_action=seo_cta_start_test&test_slug=big-five-personality-test-ocean-model&target_test_slug=big-five-personality-test-ocean-model&cta_id=start_test&landing_path=%2Fzh%2Farticles%2Fbig-five-retest-differences-measurement-and-context&entrypoint=seo_cta,inline contextual,开始测试,UNKNOWN,Target is not in current authority corpus; not labeled broken without reliable target readback.
non_corpus_internal_target,UNKNOWN,https://fermatmind.com/zh/articles/big-five-retest-differences-measurement-and-context,https://fermatmind.com/zh/science,footer,测评科学,UNKNOWN,Target is not in current authority corpus; not labeled broken without reliable target readback.
non_corpus_internal_target,UNKNOWN,https://fermatmind.com/zh/articles/big-five-retest-differences-measurement-and-context,https://fermatmind.com/zh/item-design-notes,footer,题目设计说明,UNKNOWN,Target is not in current authority corpus; not labeled broken without reliable target readback.
non_corpus_internal_target,UNKNOWN,https://fermatmind.com/zh/articles/big-five-retest-differences-measurement-and-context,https://fermatmind.com/zh/reliability-validity,footer,信度效度,UNKNOWN,Target is not in current authority corpus; not labeled broken without reliable target readback.
non_corpus_internal_target,UNKNOWN,https://fermatmind.com/zh/articles/big-five-retest-differences-measurement-and-context,https://fermatmind.com/zh/data-privacy,footer,数据说明,UNKNOWN,Target is not in current authority corpus; not labeled broken without reliable target readback.
non_corpus_internal_target,UNKNOWN,https://fermatmind.com/zh/articles/big-five-retest-differences-measurement-and-context,https://fermatmind.com/zh/common-misconceptions,footer,常见误区,UNKNOWN,Target is not in current authority corpus; not labeled broken without reliable target readback.
non_corpus_internal_target,UNKNOWN,https://fermatmind.com/zh/articles/big-five-score-ranges-what-high-middle-low-can-mean,https://fermatmind.com/zh/tests?q=,header/navigation,,UNKNOWN,Target is not in current authority corpus; not labeled broken without reliable target readback.
non_corpus_internal_target,UNKNOWN,https://fermatmind.com/zh/articles/big-five-score-ranges-what-high-middle-low-can-mean,https://fermatmind.com/zh/tests/big-five-personality-test-ocean-model?entry_surface=article_detail_seo_cta&source_page_type=article_detail&source_route_family=article&source_slug=big-five-score-ranges-what-high-middle-low-can-mean&content_id=156&target_action=seo_cta_start_test&test_slug=big-five-personality-test-ocean-model&target_test_slug=big-five-personality-test-ocean-model&cta_id=start_test&landing_path=%2Fzh%2Farticles%2Fbig-five-score-ranges-what-high-middle-low-can-mean&entrypoint=seo_cta,inline contextual,开始测试,UNKNOWN,Target is not in current authority corpus; not labeled broken without reliable target readback.
non_corpus_internal_target,UNKNOWN,https://fermatmind.com/zh/articles/big-five-score-ranges-what-high-middle-low-can-mean,https://fermatmind.com/zh/science,footer,测评科学,UNKNOWN,Target is not in current authority corpus; not labeled broken without reliable target readback.
non_corpus_internal_target,UNKNOWN,https://fermatmind.com/zh/articles/big-five-score-ranges-what-high-middle-low-can-mean,https://fermatmind.com/zh/item-design-notes,footer,题目设计说明,UNKNOWN,Target is not in current authority corpus; not labeled broken without reliable target readback.
non_corpus_internal_target,UNKNOWN,https://fermatmind.com/zh/articles/big-five-score-ranges-what-high-middle-low-can-mean,https://fermatmind.com/zh/reliability-validity,footer,信度效度,UNKNOWN,Target is not in current authority corpus; not labeled broken without reliable target readback.
non_corpus_internal_target,UNKNOWN,https://fermatmind.com/zh/articles/big-five-score-ranges-what-high-middle-low-can-mean,https://fermatmind.com/zh/data-privacy,footer,数据说明,UNKNOWN,Target is not in current authority corpus; not labeled broken without reliable target readback.
non_corpus_internal_target,UNKNOWN,https://fermatmind.com/zh/articles/big-five-score-ranges-what-high-middle-low-can-mean,https://fermatmind.com/zh/common-misconceptions,footer,常见误区,UNKNOWN,Target is not in current authority corpus; not labeled broken without reliable target readback.
non_corpus_internal_target,UNKNOWN,https://fermatmind.com/zh/articles/big-five-self-regulation-build-a-context-plan,https://fermatmind.com/zh/tests?q=,header/navigation,,UNKNOWN,Target is not in current authority corpus; not labeled broken without reliable target readback.
non_corpus_internal_target,UNKNOWN,https://fermatmind.com/zh/articles/big-five-self-regulation-build-a-context-plan,https://fermatmind.com/zh/tests/big-five-personality-test-ocean-model?entry_surface=article_detail_seo_cta&source_page_type=article_detail&source_route_family=article&source_slug=big-five-self-regulation-build-a-context-plan&content_id=157&target_action=seo_cta_start_test&test_slug=big-five-personality-test-ocean-model&target_test_slug=big-five-personality-test-ocean-model&cta_id=start_test&landing_path=%2Fzh%2Farticles%2Fbig-five-self-regulation-build-a-context-plan&entrypoint=seo_cta,inline contextual,开始测试,UNKNOWN,Target is not in current authority corpus; not labeled broken without reliable target readback.
non_corpus_internal_target,UNKNOWN,https://fermatmind.com/zh/articles/big-five-self-regulation-build-a-context-plan,https://fermatmind.com/zh/science,footer,测评科学,UNKNOWN,Target is not in current authority corpus; not labeled broken without reliable target readback.
non_corpus_internal_target,UNKNOWN,https://fermatmind.com/zh/articles/big-five-self-regulation-build-a-context-plan,https://fermatmind.com/zh/item-design-notes,footer,题目设计说明,UNKNOWN,Target is not in current authority corpus; not labeled broken without reliable target readback.
non_corpus_internal_target,UNKNOWN,https://fermatmind.com/zh/articles/big-five-self-regulation-build-a-context-plan,https://fermatmind.com/zh/reliability-validity,footer,信度效度,UNKNOWN,Target is not in current authority corpus; not labeled broken without reliable target readback.
non_corpus_internal_target,UNKNOWN,https://fermatmind.com/zh/articles/big-five-self-regulation-build-a-context-plan,https://fermatmind.com/zh/data-privacy,footer,数据说明,UNKNOWN,Target is not in current authority corpus; not labeled broken without reliable target readback.
non_corpus_internal_target,UNKNOWN,https://fermatmind.com/zh/articles/big-five-self-regulation-build-a-context-plan,https://fermatmind.com/zh/common-misconceptions,footer,常见误区,UNKNOWN,Target is not in current authority corpus; not labeled broken without reliable target readback.
non_corpus_internal_target,UNKNOWN,https://fermatmind.com/zh/articles/big-five-self-report-bias-and-response-context,https://fermatmind.com/zh/tests?q=,header/navigation,,UNKNOWN,Target is not in current authority corpus; not labeled broken without reliable target readback.
non_corpus_internal_target,UNKNOWN,https://fermatmind.com/zh/articles/big-five-self-report-bias-and-response-context,https://fermatmind.com/zh/tests/big-five-personality-test-ocean-model?entry_surface=article_detail_seo_cta&source_page_type=article_detail&source_route_family=article&source_slug=big-five-self-report-bias-and-response-context&content_id=158&target_action=seo_cta_start_test&test_slug=big-five-personality-test-ocean-model&target_test_slug=big-five-personality-test-ocean-model&cta_id=start_test&landing_path=%2Fzh%2Farticles%2Fbig-five-self-report-bias-and-response-context&entrypoint=seo_cta,inline contextual,开始测试,UNKNOWN,Target is not in current authority corpus; not labeled broken without reliable target readback.
non_corpus_internal_target,UNKNOWN,https://fermatmind.com/zh/articles/big-five-self-report-bias-and-response-context,https://fermatmind.com/zh/science,footer,测评科学,UNKNOWN,Target is not in current authority corpus; not labeled broken without reliable target readback.
non_corpus_internal_target,UNKNOWN,https://fermatmind.com/zh/articles/big-five-self-report-bias-and-response-context,https://fermatmind.com/zh/item-design-notes,footer,题目设计说明,UNKNOWN,Target is not in current authority corpus; not labeled broken without reliable target readback.
non_corpus_internal_target,UNKNOWN,https://fermatmind.com/zh/articles/big-five-self-report-bias-and-response-context,https://fermatmind.com/zh/reliability-validity,footer,信度效度,UNKNOWN,Target is not in current authority corpus; not labeled broken without reliable target readback.
non_corpus_internal_target,UNKNOWN,https://fermatmind.com/zh/articles/big-five-self-report-bias-and-response-context,https://fermatmind.com/zh/data-privacy,footer,数据说明,UNKNOWN,Target is not in current authority corpus; not labeled broken without reliable target readback.
non_corpus_internal_target,UNKNOWN,https://fermatmind.com/zh/articles/big-five-self-report-bias-and-response-context,https://fermatmind.com/zh/common-misconceptions,footer,常见误区,UNKNOWN,Target is not in current authority corpus; not labeled broken without reliable target readback.
non_corpus_internal_target,UNKNOWN,https://fermatmind.com/zh/articles/big-five-stress-response-patterns-without-diagnosis,https://fermatmind.com/zh/tests?q=,header/navigation,,UNKNOWN,Target is not in current authority corpus; not labeled broken without reliable target readback.
non_corpus_internal_target,UNKNOWN,https://fermatmind.com/zh/articles/big-five-stress-response-patterns-without-diagnosis,https://fermatmind.com/zh/tests/big-five-personality-test-ocean-model?entry_surface=article_detail_seo_cta&source_page_type=article_detail&source_route_family=article&source_slug=big-five-stress-response-patterns-without-diagnosis&content_id=159&target_action=seo_cta_start_test&test_slug=big-five-personality-test-ocean-model&target_test_slug=big-five-personality-test-ocean-model&cta_id=start_test&landing_path=%2Fzh%2Farticles%2Fbig-five-stress-response-patterns-without-diagnosis&entrypoint=seo_cta,inline contextual,开始测试,UNKNOWN,Target is not in current authority corpus; not labeled broken without reliable target readback.
non_corpus_internal_target,UNKNOWN,https://fermatmind.com/zh/articles/big-five-stress-response-patterns-without-diagnosis,https://fermatmind.com/zh/science,footer,测评科学,UNKNOWN,Target is not in current authority corpus; not labeled broken without reliable target readback.
non_corpus_internal_target,UNKNOWN,https://fermatmind.com/zh/articles/big-five-stress-response-patterns-without-diagnosis,https://fermatmind.com/zh/item-design-notes,footer,题目设计说明,UNKNOWN,Target is not in current authority corpus; not labeled broken without reliable target readback.
non_corpus_internal_target,UNKNOWN,https://fermatmind.com/zh/articles/big-five-stress-response-patterns-without-diagnosis,https://fermatmind.com/zh/reliability-validity,footer,信度效度,UNKNOWN,Target is not in current authority corpus; not labeled broken without reliable target readback.
non_corpus_internal_target,UNKNOWN,https://fermatmind.com/zh/articles/big-five-stress-response-patterns-without-diagnosis,https://fermatmind.com/zh/data-privacy,footer,数据说明,UNKNOWN,Target is not in current authority corpus; not labeled broken without reliable target readback.
non_corpus_internal_target,UNKNOWN,https://fermatmind.com/zh/articles/big-five-stress-response-patterns-without-diagnosis,https://fermatmind.com/zh/common-misconceptions,footer,常见误区,UNKNOWN,Target is not in current authority corpus; not labeled broken without reliable target readback.
non_corpus_internal_target,UNKNOWN,https://fermatmind.com/zh/articles/big-five-study-limitations-sample-measures-and-causality,https://fermatmind.com/zh/tests?q=,header/navigation,,UNKNOWN,Target is not in current authority corpus; not labeled broken without reliable target readback.
non_corpus_internal_target,UNKNOWN,https://fermatmind.com/zh/articles/big-five-study-limitations-sample-measures-and-causality,https://fermatmind.com/zh/tests/big-five-personality-test-ocean-model?entry_surface=article_detail_seo_cta&source_page_type=article_detail&source_route_family=article&source_slug=big-five-study-limitations-sample-measures-and-causality&content_id=160&target_action=seo_cta_start_test&test_slug=big-five-personality-test-ocean-model&target_test_slug=big-five-personality-test-ocean-model&cta_id=start_test&landing_path=%2Fzh%2Farticles%2Fbig-five-study-limitations-sample-measures-and-causality&entrypoint=seo_cta,inline contextual,开始测试,UNKNOWN,Target is not in current authority corpus; not labeled broken without reliable target readback.
non_corpus_internal_target,UNKNOWN,https://fermatmind.com/zh/articles/big-five-study-limitations-sample-measures-and-causality,https://fermatmind.com/zh/science,footer,测评科学,UNKNOWN,Target is not in current authority corpus; not labeled broken without reliable target readback.
non_corpus_internal_target,UNKNOWN,https://fermatmind.com/zh/articles/big-five-study-limitations-sample-measures-and-causality,https://fermatmind.com/zh/item-design-notes,footer,题目设计说明,UNKNOWN,Target is not in current authority corpus; not labeled broken without reliable target readback.
non_corpus_internal_target,UNKNOWN,https://fermatmind.com/zh/articles/big-five-study-limitations-sample-measures-and-causality,https://fermatmind.com/zh/reliability-validity,footer,信度效度,UNKNOWN,Target is not in current authority corpus; not labeled broken without reliable target readback.
non_corpus_internal_target,UNKNOWN,https://fermatmind.com/zh/articles/big-five-study-limitations-sample-measures-and-causality,https://fermatmind.com/zh/data-privacy,footer,数据说明,UNKNOWN,Target is not in current authority corpus; not labeled broken without reliable target readback.
non_corpus_internal_target,UNKNOWN,https://fermatmind.com/zh/articles/big-five-study-limitations-sample-measures-and-causality,https://fermatmind.com/zh/common-misconceptions,footer,常见误区,UNKNOWN,Target is not in current authority corpus; not labeled broken without reliable target readback.
non_corpus_internal_target,UNKNOWN,https://fermatmind.com/zh/articles/big-five-teamwork-conversation-guide-not-fit-score,https://fermatmind.com/zh/tests?q=,header/navigation,,UNKNOWN,Target is not in current authority corpus; not labeled broken without reliable target readback.
non_corpus_internal_target,UNKNOWN,https://fermatmind.com/zh/articles/big-five-teamwork-conversation-guide-not-fit-score,https://fermatmind.com/zh/tests/big-five-personality-test-ocean-model?entry_surface=article_detail_seo_cta&source_page_type=article_detail&source_route_family=article&source_slug=big-five-teamwork-conversation-guide-not-fit-score&content_id=161&target_action=seo_cta_start_test&test_slug=big-five-personality-test-ocean-model&target_test_slug=big-five-personality-test-ocean-model&cta_id=start_test&landing_path=%2Fzh%2Farticles%2Fbig-five-teamwork-conversation-guide-not-fit-score&entrypoint=seo_cta,inline contextual,开始测试,UNKNOWN,Target is not in current authority corpus; not labeled broken without reliable target readback.
non_corpus_internal_target,UNKNOWN,https://fermatmind.com/zh/articles/big-five-teamwork-conversation-guide-not-fit-score,https://fermatmind.com/zh/science,footer,测评科学,UNKNOWN,Target is not in current authority corpus; not labeled broken without reliable target readback.
non_corpus_internal_target,UNKNOWN,https://fermatmind.com/zh/articles/big-five-teamwork-conversation-guide-not-fit-score,https://fermatmind.com/zh/item-design-notes,footer,题目设计说明,UNKNOWN,Target is not in current authority corpus; not labeled broken without reliable target readback.
non_corpus_internal_target,UNKNOWN,https://fermatmind.com/zh/articles/big-five-teamwork-conversation-guide-not-fit-score,https://fermatmind.com/zh/reliability-validity,footer,信度效度,UNKNOWN,Target is not in current authority corpus; not labeled broken without reliable target readback.
non_corpus_internal_target,UNKNOWN,https://fermatmind.com/zh/articles/big-five-teamwork-conversation-guide-not-fit-score,https://fermatmind.com/zh/data-privacy,footer,数据说明,UNKNOWN,Target is not in current authority corpus; not labeled broken without reliable target readback.
non_corpus_internal_target,UNKNOWN,https://fermatmind.com/zh/articles/big-five-teamwork-conversation-guide-not-fit-score,https://fermatmind.com/zh/common-misconceptions,footer,常见误区,UNKNOWN,Target is not in current authority corpus; not labeled broken without reliable target readback.
non_corpus_internal_target,UNKNOWN,https://fermatmind.com/zh/articles/big-five-tool-guide,https://fermatmind.com/zh/tests?q=,header/navigation,,UNKNOWN,Target is not in current authority corpus; not labeled broken without reliable target readback.
non_corpus_internal_target,UNKNOWN,https://fermatmind.com/zh/articles/big-five-tool-guide,https://fermatmind.com/zh/tests/big-five-personality-test-ocean-model?entry_surface=article_detail_seo_cta&source_page_type=article_detail&source_route_family=article&source_slug=big-five-tool-guide&content_id=3&target_action=seo_cta_start_test&test_slug=big-five-personality-test-ocean-model&target_test_slug=big-five-personality-test-ocean-model&cta_id=start_test&landing_path=%2Fzh%2Farticles%2Fbig-five-tool-guide&entrypoint=seo_cta,inline contextual,开始测试,UNKNOWN,Target is not in current authority corpus; not labeled broken without reliable target readback.
non_corpus_internal_target,UNKNOWN,https://fermatmind.com/zh/articles/big-five-tool-guide,https://fermatmind.com/zh/science,footer,测评科学,UNKNOWN,Target is not in current authority corpus; not labeled broken without reliable target readback.
non_corpus_internal_target,UNKNOWN,https://fermatmind.com/zh/articles/big-five-tool-guide,https://fermatmind.com/zh/item-design-notes,footer,题目设计说明,UNKNOWN,Target is not in current authority corpus; not labeled broken without reliable target readback.
non_corpus_internal_target,UNKNOWN,https://fermatmind.com/zh/articles/big-five-tool-guide,https://fermatmind.com/zh/reliability-validity,footer,信度效度,UNKNOWN,Target is not in current authority corpus; not labeled broken without reliable target readback.
non_corpus_internal_target,UNKNOWN,https://fermatmind.com/zh/articles/big-five-tool-guide,https://fermatmind.com/zh/data-privacy,footer,数据说明,UNKNOWN,Target is not in current authority corpus; not labeled broken without reliable target readback.
non_corpus_internal_target,UNKNOWN,https://fermatmind.com/zh/articles/big-five-tool-guide,https://fermatmind.com/zh/common-misconceptions,footer,常见误区,UNKNOWN,Target is not in current authority corpus; not labeled broken without reliable target readback.
non_corpus_internal_target,UNKNOWN,https://fermatmind.com/zh/articles/big-five-traits-are-continuums-not-boxes,https://fermatmind.com/zh/tests?q=,header/navigation,,UNKNOWN,Target is not in current authority corpus; not labeled broken without reliable target readback.
non_corpus_internal_target,UNKNOWN,https://fermatmind.com/zh/articles/big-five-traits-are-continuums-not-boxes,https://fermatmind.com/zh/tests/big-five-personality-test-ocean-model?entry_surface=article_detail_seo_cta&source_page_type=article_detail&source_route_family=article&source_slug=big-five-traits-are-continuums-not-boxes&content_id=162&target_action=seo_cta_start_test&test_slug=big-five-personality-test-ocean-model&target_test_slug=big-five-personality-test-ocean-model&cta_id=start_test&landing_path=%2Fzh%2Farticles%2Fbig-five-traits-are-continuums-not-boxes&entrypoint=seo_cta,inline contextual,开始测试,UNKNOWN,Target is not in current authority corpus; not labeled broken without reliable target readback.
non_corpus_internal_target,UNKNOWN,https://fermatmind.com/zh/articles/big-five-traits-are-continuums-not-boxes,https://fermatmind.com/zh/science,footer,测评科学,UNKNOWN,Target is not in current authority corpus; not labeled broken without reliable target readback.
non_corpus_internal_target,UNKNOWN,https://fermatmind.com/zh/articles/big-five-traits-are-continuums-not-boxes,https://fermatmind.com/zh/item-design-notes,footer,题目设计说明,UNKNOWN,Target is not in current authority corpus; not labeled broken without reliable target readback.
non_corpus_internal_target,UNKNOWN,https://fermatmind.com/zh/articles/big-five-traits-are-continuums-not-boxes,https://fermatmind.com/zh/reliability-validity,footer,信度效度,UNKNOWN,Target is not in current authority corpus; not labeled broken without reliable target readback.
non_corpus_internal_target,UNKNOWN,https://fermatmind.com/zh/articles/big-five-traits-are-continuums-not-boxes,https://fermatmind.com/zh/data-privacy,footer,数据说明,UNKNOWN,Target is not in current authority corpus; not labeled broken without reliable target readback.
non_corpus_internal_target,UNKNOWN,https://fermatmind.com/zh/articles/big-five-traits-are-continuums-not-boxes,https://fermatmind.com/zh/common-misconceptions,footer,常见误区,UNKNOWN,Target is not in current authority corpus; not labeled broken without reliable target readback.
non_corpus_internal_target,UNKNOWN,https://fermatmind.com/zh/articles/big-five-vs-disc-measurement-and-workplace-language,https://fermatmind.com/zh/tests?q=,header/navigation,,UNKNOWN,Target is not in current authority corpus; not labeled broken without reliable target readback.
non_corpus_internal_target,UNKNOWN,https://fermatmind.com/zh/articles/big-five-vs-disc-measurement-and-workplace-language,https://fermatmind.com/zh/tests/big-five-personality-test-ocean-model?entry_surface=article_detail_seo_cta&source_page_type=article_detail&source_route_family=article&source_slug=big-five-vs-disc-measurement-and-workplace-language&content_id=163&target_action=seo_cta_start_test&test_slug=big-five-personality-test-ocean-model&target_test_slug=big-five-personality-test-ocean-model&cta_id=start_test&landing_path=%2Fzh%2Farticles%2Fbig-five-vs-disc-measurement-and-workplace-language&entrypoint=seo_cta,inline contextual,开始测试,UNKNOWN,Target is not in current authority corpus; not labeled broken without reliable target readback.
non_corpus_internal_target,UNKNOWN,https://fermatmind.com/zh/articles/big-five-vs-disc-measurement-and-workplace-language,https://fermatmind.com/zh/science,footer,测评科学,UNKNOWN,Target is not in current authority corpus; not labeled broken without reliable target readback.
non_corpus_internal_target,UNKNOWN,https://fermatmind.com/zh/articles/big-five-vs-disc-measurement-and-workplace-language,https://fermatmind.com/zh/item-design-notes,footer,题目设计说明,UNKNOWN,Target is not in current authority corpus; not labeled broken without reliable target readback.
non_corpus_internal_target,UNKNOWN,https://fermatmind.com/zh/articles/big-five-vs-disc-measurement-and-workplace-language,https://fermatmind.com/zh/reliability-validity,footer,信度效度,UNKNOWN,Target is not in current authority corpus; not labeled broken without reliable target readback.
non_corpus_internal_target,UNKNOWN,https://fermatmind.com/zh/articles/big-five-vs-disc-measurement-and-workplace-language,https://fermatmind.com/zh/data-privacy,footer,数据说明,UNKNOWN,Target is not in current authority corpus; not labeled broken without reliable target readback.
non_corpus_internal_target,UNKNOWN,https://fermatmind.com/zh/articles/big-five-vs-disc-measurement-and-workplace-language,https://fermatmind.com/zh/common-misconceptions,footer,常见误区,UNKNOWN,Target is not in current authority corpus; not labeled broken without reliable target readback.
non_corpus_internal_target,UNKNOWN,https://fermatmind.com/zh/articles/big-five-vs-enneagram-traits-and-motivation-stories,https://fermatmind.com/zh/tests?q=,header/navigation,,UNKNOWN,Target is not in current authority corpus; not labeled broken without reliable target readback.
non_corpus_internal_target,UNKNOWN,https://fermatmind.com/zh/articles/big-five-vs-enneagram-traits-and-motivation-stories,https://fermatmind.com/zh/tests/big-five-personality-test-ocean-model?entry_surface=article_detail_seo_cta&source_page_type=article_detail&source_route_family=article&source_slug=big-five-vs-enneagram-traits-and-motivation-stories&content_id=164&target_action=seo_cta_start_test&test_slug=big-five-personality-test-ocean-model&target_test_slug=big-five-personality-test-ocean-model&cta_id=start_test&landing_path=%2Fzh%2Farticles%2Fbig-five-vs-enneagram-traits-and-motivation-stories&entrypoint=seo_cta,inline contextual,开始测试,UNKNOWN,Target is not in current authority corpus; not labeled broken without reliable target readback.
non_corpus_internal_target,UNKNOWN,https://fermatmind.com/zh/articles/big-five-vs-enneagram-traits-and-motivation-stories,https://fermatmind.com/zh/science,footer,测评科学,UNKNOWN,Target is not in current authority corpus; not labeled broken without reliable target readback.
non_corpus_internal_target,UNKNOWN,https://fermatmind.com/zh/articles/big-five-vs-enneagram-traits-and-motivation-stories,https://fermatmind.com/zh/item-design-notes,footer,题目设计说明,UNKNOWN,Target is not in current authority corpus; not labeled broken without reliable target readback.
non_corpus_internal_target,UNKNOWN,https://fermatmind.com/zh/articles/big-five-vs-enneagram-traits-and-motivation-stories,https://fermatmind.com/zh/reliability-validity,footer,信度效度,UNKNOWN,Target is not in current authority corpus; not labeled broken without reliable target readback.
non_corpus_internal_target,UNKNOWN,https://fermatmind.com/zh/articles/big-five-vs-enneagram-traits-and-motivation-stories,https://fermatmind.com/zh/data-privacy,footer,数据说明,UNKNOWN,Target is not in current authority corpus; not labeled broken without reliable target readback.
non_corpus_internal_target,UNKNOWN,https://fermatmind.com/zh/articles/big-five-vs-enneagram-traits-and-motivation-stories,https://fermatmind.com/zh/common-misconceptions,footer,常见误区,UNKNOWN,Target is not in current authority corpus; not labeled broken without reliable target readback.
non_corpus_internal_target,UNKNOWN,https://fermatmind.com/zh/articles/big-five-vs-riasec-personality-traits-and-career-interests,https://fermatmind.com/zh/tests?q=,header/navigation,,UNKNOWN,Target is not in current authority corpus; not labeled broken without reliable target readback.
non_corpus_internal_target,UNKNOWN,https://fermatmind.com/zh/articles/big-five-vs-riasec-personality-traits-and-career-interests,https://fermatmind.com/zh/tests/big-five-personality-test-ocean-model?entry_surface=article_detail_seo_cta&source_page_type=article_detail&source_route_family=article&source_slug=big-five-vs-riasec-personality-traits-and-career-interests&content_id=165&target_action=seo_cta_start_test&test_slug=big-five-personality-test-ocean-model&target_test_slug=big-five-personality-test-ocean-model&cta_id=start_test&landing_path=%2Fzh%2Farticles%2Fbig-five-vs-riasec-personality-traits-and-career-interests&entrypoint=seo_cta,inline contextual,开始测试,UNKNOWN,Target is not in current authority corpus; not labeled broken without reliable target readback.
non_corpus_internal_target,UNKNOWN,https://fermatmind.com/zh/articles/big-five-vs-riasec-personality-traits-and-career-interests,https://fermatmind.com/zh/science,footer,测评科学,UNKNOWN,Target is not in current authority corpus; not labeled broken without reliable target readback.
non_corpus_internal_target,UNKNOWN,https://fermatmind.com/zh/articles/big-five-vs-riasec-personality-traits-and-career-interests,https://fermatmind.com/zh/item-design-notes,footer,题目设计说明,UNKNOWN,Target is not in current authority corpus; not labeled broken without reliable target readback.
non_corpus_internal_target,UNKNOWN,https://fermatmind.com/zh/articles/big-five-vs-riasec-personality-traits-and-career-interests,https://fermatmind.com/zh/reliability-validity,footer,信度效度,UNKNOWN,Target is not in current authority corpus; not labeled broken without reliable target readback.
non_corpus_internal_target,UNKNOWN,https://fermatmind.com/zh/articles/big-five-vs-riasec-personality-traits-and-career-interests,https://fermatmind.com/zh/data-privacy,footer,数据说明,UNKNOWN,Target is not in current authority corpus; not labeled broken without reliable target readback.
non_corpus_internal_target,UNKNOWN,https://fermatmind.com/zh/articles/big-five-vs-riasec-personality-traits-and-career-interests,https://fermatmind.com/zh/common-misconceptions,footer,常见误区,UNKNOWN,Target is not in current authority corpus; not labeled broken without reliable target readback.
non_corpus_internal_target,UNKNOWN,https://fermatmind.com/zh/articles/big-five-work-environment-preferences-as-experiments,https://fermatmind.com/zh/tests?q=,header/navigation,,UNKNOWN,Target is not in current authority corpus; not labeled broken without reliable target readback.
non_corpus_internal_target,UNKNOWN,https://fermatmind.com/zh/articles/big-five-work-environment-preferences-as-experiments,https://fermatmind.com/zh/tests/big-five-personality-test-ocean-model?entry_surface=article_detail_seo_cta&source_page_type=article_detail&source_route_family=article&source_slug=big-five-work-environment-preferences-as-experiments&content_id=166&target_action=seo_cta_start_test&test_slug=big-five-personality-test-ocean-model&target_test_slug=big-five-personality-test-ocean-model&cta_id=start_test&landing_path=%2Fzh%2Farticles%2Fbig-five-work-environment-preferences-as-experiments&entrypoint=seo_cta,inline contextual,开始测试,UNKNOWN,Target is not in current authority corpus; not labeled broken without reliable target readback.
non_corpus_internal_target,UNKNOWN,https://fermatmind.com/zh/articles/big-five-work-environment-preferences-as-experiments,https://fermatmind.com/zh/science,footer,测评科学,UNKNOWN,Target is not in current authority corpus; not labeled broken without reliable target readback.
non_corpus_internal_target,UNKNOWN,https://fermatmind.com/zh/articles/big-five-work-environment-preferences-as-experiments,https://fermatmind.com/zh/item-design-notes,footer,题目设计说明,UNKNOWN,Target is not in current authority corpus; not labeled broken without reliable target readback.
non_corpus_internal_target,UNKNOWN,https://fermatmind.com/zh/articles/big-five-work-environment-preferences-as-experiments,https://fermatmind.com/zh/reliability-validity,footer,信度效度,UNKNOWN,Target is not in current authority corpus; not labeled broken without reliable target readback.
non_corpus_internal_target,UNKNOWN,https://fermatmind.com/zh/articles/big-five-work-environment-preferences-as-experiments,https://fermatmind.com/zh/data-privacy,footer,数据说明,UNKNOWN,Target is not in current authority corpus; not labeled broken without reliable target readback.
non_corpus_internal_target,UNKNOWN,https://fermatmind.com/zh/articles/big-five-work-environment-preferences-as-experiments,https://fermatmind.com/zh/common-misconceptions,footer,常见误区,UNKNOWN,Target is not in current authority corpus; not labeled broken without reliable target readback.
non_corpus_internal_target,UNKNOWN,https://fermatmind.com/zh/articles/can-big-five-personality-traits-change-over-time,https://fermatmind.com/zh/tests?q=,header/navigation,,UNKNOWN,Target is not in current authority corpus; not labeled broken without reliable target readback.
non_corpus_internal_target,UNKNOWN,https://fermatmind.com/zh/articles/can-big-five-personality-traits-change-over-time,https://fermatmind.com/zh/tests/big-five-personality-test-ocean-model?entry_surface=article_detail_seo_cta&source_page_type=article_detail&source_route_family=article&source_slug=can-big-five-personality-traits-change-over-time&content_id=167&target_action=seo_cta_start_test&test_slug=big-five-personality-test-ocean-model&target_test_slug=big-five-personality-test-ocean-model&cta_id=start_test&landing_path=%2Fzh%2Farticles%2Fcan-big-five-personality-traits-change-over-time&entrypoint=seo_cta,inline contextual,开始测试,UNKNOWN,Target is not in current authority corpus; not labeled broken without reliable target readback.
non_corpus_internal_target,UNKNOWN,https://fermatmind.com/zh/articles/can-big-five-personality-traits-change-over-time,https://fermatmind.com/zh/science,footer,测评科学,UNKNOWN,Target is not in current authority corpus; not labeled broken without reliable target readback.
non_corpus_internal_target,UNKNOWN,https://fermatmind.com/zh/articles/can-big-five-personality-traits-change-over-time,https://fermatmind.com/zh/item-design-notes,footer,题目设计说明,UNKNOWN,Target is not in current authority corpus; not labeled broken without reliable target readback.
non_corpus_internal_target,UNKNOWN,https://fermatmind.com/zh/articles/can-big-five-personality-traits-change-over-time,https://fermatmind.com/zh/reliability-validity,footer,信度效度,UNKNOWN,Target is not in current authority corpus; not labeled broken without reliable target readback.
non_corpus_internal_target,UNKNOWN,https://fermatmind.com/zh/articles/can-big-five-personality-traits-change-over-time,https://fermatmind.com/zh/data-privacy,footer,数据说明,UNKNOWN,Target is not in current authority corpus; not labeled broken without reliable target readback.
non_corpus_internal_target,UNKNOWN,https://fermatmind.com/zh/articles/can-big-five-personality-traits-change-over-time,https://fermatmind.com/zh/common-misconceptions,footer,常见误区,UNKNOWN,Target is not in current authority corpus; not labeled broken without reliable target readback.
non_corpus_internal_target,UNKNOWN,https://fermatmind.com/zh/articles/career-confusion-test-map,https://fermatmind.com/zh/tests?q=,header/navigation,,UNKNOWN,Target is not in current authority corpus; not labeled broken without reliable target readback.
non_corpus_internal_target,UNKNOWN,https://fermatmind.com/zh/articles/career-confusion-test-map,https://fermatmind.com/zh/tests/holland-career-interest-test-riasec?entry_surface=article_detail_seo_cta&source_page_type=article_detail&source_route_family=article&source_slug=career-confusion-test-map&content_id=48&target_action=seo_cta_start_test&test_slug=holland-career-interest-test-riasec&target_test_slug=holland-career-interest-test-riasec&cta_id=start_test&landing_path=%2Fzh%2Farticles%2Fcareer-confusion-test-map&entrypoint=seo_cta,inline contextual,开始测试,UNKNOWN,Target is not in current authority corpus; not labeled broken without reliable target readback.
non_corpus_internal_target,UNKNOWN,https://fermatmind.com/zh/articles/career-confusion-test-map,https://fermatmind.com/zh/science,inline contextual,测评科学,UNKNOWN,Target is not in current authority corpus; not labeled broken without reliable target readback.
non_corpus_internal_target,UNKNOWN,https://fermatmind.com/zh/articles/career-confusion-test-map,https://fermatmind.com/zh/reliability-validity,inline contextual,信度与效度,UNKNOWN,Target is not in current authority corpus; not labeled broken without reliable target readback.
non_corpus_internal_target,UNKNOWN,https://fermatmind.com/zh/articles/career-confusion-test-map,https://fermatmind.com/zh/science,footer,测评科学,UNKNOWN,Target is not in current authority corpus; not labeled broken without reliable target readback.
non_corpus_internal_target,UNKNOWN,https://fermatmind.com/zh/articles/career-confusion-test-map,https://fermatmind.com/zh/item-design-notes,footer,题目设计说明,UNKNOWN,Target is not in current authority corpus; not labeled broken without reliable target readback.
non_corpus_internal_target,UNKNOWN,https://fermatmind.com/zh/articles/career-confusion-test-map,https://fermatmind.com/zh/reliability-validity,footer,信度效度,UNKNOWN,Target is not in current authority corpus; not labeled broken without reliable target readback.
non_corpus_internal_target,UNKNOWN,https://fermatmind.com/zh/articles/career-confusion-test-map,https://fermatmind.com/zh/data-privacy,footer,数据说明,UNKNOWN,Target is not in current authority corpus; not labeled broken without reliable target readback.
non_corpus_internal_target,UNKNOWN,https://fermatmind.com/zh/articles/career-confusion-test-map,https://fermatmind.com/zh/common-misconceptions,footer,常见误区,UNKNOWN,Target is not in current authority corpus; not labeled broken without reliable target readback.
non_corpus_internal_target,UNKNOWN,https://fermatmind.com/zh/articles/career-interest-vs-personality-test-differences,https://fermatmind.com/zh/tests?q=,header/navigation,,UNKNOWN,Target is not in current authority corpus; not labeled broken without reliable target readback.
non_corpus_internal_target,UNKNOWN,https://fermatmind.com/zh/articles/career-interest-vs-personality-test-differences,https://fermatmind.com/zh/tests/holland-career-interest-test-riasec?entry_surface=article_detail_seo_cta&source_page_type=article_detail&source_route_family=article&source_slug=career-interest-vs-personality-test-differences&content_id=46&target_action=seo_cta_start_test&test_slug=holland-career-interest-test-riasec&target_test_slug=holland-career-interest-test-riasec&cta_id=start_test&landing_path=%2Fzh%2Farticles%2Fcareer-interest-vs-personality-test-differences&entrypoint=seo_cta,inline contextual,开始测试,UNKNOWN,Target is not in current authority corpus; not labeled broken without reliable target readback.
non_corpus_internal_target,UNKNOWN,https://fermatmind.com/zh/articles/career-interest-vs-personality-test-differences,https://fermatmind.com/zh/science,inline contextual,测评科学,UNKNOWN,Target is not in current authority corpus; not labeled broken without reliable target readback.
non_corpus_internal_target,UNKNOWN,https://fermatmind.com/zh/articles/career-interest-vs-personality-test-differences,https://fermatmind.com/zh/reliability-validity,inline contextual,信度与效度说明,UNKNOWN,Target is not in current authority corpus; not labeled broken without reliable target readback.
non_corpus_internal_target,UNKNOWN,https://fermatmind.com/zh/articles/career-interest-vs-personality-test-differences,https://fermatmind.com/zh/science,footer,测评科学,UNKNOWN,Target is not in current authority corpus; not labeled broken without reliable target readback.
non_corpus_internal_target,UNKNOWN,https://fermatmind.com/zh/articles/career-interest-vs-personality-test-differences,https://fermatmind.com/zh/item-design-notes,footer,题目设计说明,UNKNOWN,Target is not in current authority corpus; not labeled broken without reliable target readback.
non_corpus_internal_target,UNKNOWN,https://fermatmind.com/zh/articles/career-interest-vs-personality-test-differences,https://fermatmind.com/zh/reliability-validity,footer,信度效度,UNKNOWN,Target is not in current authority corpus; not labeled broken without reliable target readback.
non_corpus_internal_target,UNKNOWN,https://fermatmind.com/zh/articles/career-interest-vs-personality-test-differences,https://fermatmind.com/zh/data-privacy,footer,数据说明,UNKNOWN,Target is not in current authority corpus; not labeled broken without reliable target readback.
non_corpus_internal_target,UNKNOWN,https://fermatmind.com/zh/articles/career-interest-vs-personality-test-differences,https://fermatmind.com/zh/common-misconceptions,footer,常见误区,UNKNOWN,Target is not in current authority corpus; not labeled broken without reliable target readback.
non_corpus_internal_target,UNKNOWN,https://fermatmind.com/zh/articles/childhood-dream-job-still-shapes-career-choice,https://fermatmind.com/zh/tests?q=,header/navigation,,UNKNOWN,Target is not in current authority corpus; not labeled broken without reliable target readback.
non_corpus_internal_target,UNKNOWN,https://fermatmind.com/zh/articles/childhood-dream-job-still-shapes-career-choice,https://fermatmind.com/zh/tests/mbti-personality-test-16-personality-types?entry_surface=article_detail_seo_cta&source_page_type=article_detail&source_route_family=article&source_slug=childhood-dream-job-still-shapes-career-choice&content_id=13&target_action=seo_cta_start_test&test_slug=mbti-personality-test-16-personality-types&target_test_slug=mbti-personality-test-16-personality-types&cta_id=start_test&landing_path=%2Fzh%2Farticles%2Fchildhood-dream-job-still-shapes-career-choice&entrypoint=seo_cta,inline contextual,开始测试,UNKNOWN,Target is not in current authority corpus; not labeled broken without reliable target readback.
non_corpus_internal_target,UNKNOWN,https://fermatmind.com/zh/articles/childhood-dream-job-still-shapes-career-choice,https://fermatmind.com/zh/science,footer,测评科学,UNKNOWN,Target is not in current authority corpus; not labeled broken without reliable target readback.
non_corpus_internal_target,UNKNOWN,https://fermatmind.com/zh/articles/childhood-dream-job-still-shapes-career-choice,https://fermatmind.com/zh/item-design-notes,footer,题目设计说明,UNKNOWN,Target is not in current authority corpus; not labeled broken without reliable target readback.
non_corpus_internal_target,UNKNOWN,https://fermatmind.com/zh/articles/childhood-dream-job-still-shapes-career-choice,https://fermatmind.com/zh/reliability-validity,footer,信度效度,UNKNOWN,Target is not in current authority corpus; not labeled broken without reliable target readback.
non_corpus_internal_target,UNKNOWN,https://fermatmind.com/zh/articles/childhood-dream-job-still-shapes-career-choice,https://fermatmind.com/zh/data-privacy,footer,数据说明,UNKNOWN,Target is not in current authority corpus; not labeled broken without reliable target readback.
non_corpus_internal_target,UNKNOWN,https://fermatmind.com/zh/articles/childhood-dream-job-still-shapes-career-choice,https://fermatmind.com/zh/common-misconceptions,footer,常见误区,UNKNOWN,Target is not in current authority corpus; not labeled broken without reliable target readback.
non_corpus_internal_target,UNKNOWN,https://fermatmind.com/zh/articles/college-major-choice-holland-mbti-career-test,https://fermatmind.com/zh/tests?q=,header/navigation,,UNKNOWN,Target is not in current authority corpus; not labeled broken without reliable target readback.
non_corpus_internal_target,UNKNOWN,https://fermatmind.com/zh/articles/college-major-choice-holland-mbti-career-test,https://fermatmind.com/zh/tests/holland-career-interest-test-riasec?entry_surface=article_detail_seo_cta&source_page_type=article_detail&source_route_family=article&source_slug=college-major-choice-holland-mbti-career-test&content_id=52&target_action=seo_cta_primary_riasec_test&test_slug=holland-career-interest-test-riasec&target_test_slug=holland-career-interest-test-riasec&cta_id=primary_riasec_test&landing_path=%2Fzh%2Farticles%2Fcollege-major-choice-holland-mbti-career-test&entrypoint=seo_cta,inline contextual,先做霍兰德职业兴趣测试，把兴趣结果转成专业验证清单,UNKNOWN,Target is not in current authority corpus; not labeled broken without reliable target readback.
non_corpus_internal_target,UNKNOWN,https://fermatmind.com/zh/articles/college-major-choice-holland-mbti-career-test,https://fermatmind.com/zh/tests/mbti-personality-test-16-personality-types?entry_surface=article_detail_seo_cta&source_page_type=article_detail&source_route_family=article&source_slug=college-major-choice-holland-mbti-career-test&content_id=52&target_action=seo_cta_secondary_mbti_test&test_slug=mbti-personality-test-16-personality-types&target_test_slug=mbti-personality-test-16-personality-types&cta_id=secondary_mbti_test&landing_path=%2Fzh%2Farticles%2Fcollege-major-choice-holland-mbti-career-test&entrypoint=seo_cta,inline contextual,再用 MBTI 补充理解学习和决策偏好,UNKNOWN,Target is not in current authority corpus; not labeled broken without reliable target readback.
non_corpus_internal_target,UNKNOWN,https://fermatmind.com/zh/articles/college-major-choice-holland-mbti-career-test,https://fermatmind.com/zh/science,inline contextual,FermatMind 的测评科学说明,UNKNOWN,Target is not in current authority corpus; not labeled broken without reliable target readback.
non_corpus_internal_target,UNKNOWN,https://fermatmind.com/zh/articles/college-major-choice-holland-mbti-career-test,https://fermatmind.com/zh/reliability-validity,inline contextual,信度与效度说明,UNKNOWN,Target is not in current authority corpus; not labeled broken without reliable target readback.
non_corpus_internal_target,UNKNOWN,https://fermatmind.com/zh/articles/college-major-choice-holland-mbti-career-test,https://fermatmind.com/zh/common-misconceptions,inline contextual,常见误区,UNKNOWN,Target is not in current authority corpus; not labeled broken without reliable target readback.
non_corpus_internal_target,UNKNOWN,https://fermatmind.com/zh/articles/college-major-choice-holland-mbti-career-test,https://fermatmind.com/zh/data-privacy,inline contextual,数据隐私说明,UNKNOWN,Target is not in current authority corpus; not labeled broken without reliable target readback.
non_corpus_internal_target,UNKNOWN,https://fermatmind.com/zh/articles/college-major-choice-holland-mbti-career-test,https://fermatmind.com/zh/science,footer,测评科学,UNKNOWN,Target is not in current authority corpus; not labeled broken without reliable target readback.
non_corpus_internal_target,UNKNOWN,https://fermatmind.com/zh/articles/college-major-choice-holland-mbti-career-test,https://fermatmind.com/zh/item-design-notes,footer,题目设计说明,UNKNOWN,Target is not in current authority corpus; not labeled broken without reliable target readback.
non_corpus_internal_target,UNKNOWN,https://fermatmind.com/zh/articles/college-major-choice-holland-mbti-career-test,https://fermatmind.com/zh/reliability-validity,footer,信度效度,UNKNOWN,Target is not in current authority corpus; not labeled broken without reliable target readback.
non_corpus_internal_target,UNKNOWN,https://fermatmind.com/zh/articles/college-major-choice-holland-mbti-career-test,https://fermatmind.com/zh/data-privacy,footer,数据说明,UNKNOWN,Target is not in current authority corpus; not labeled broken without reliable target readback.
non_corpus_internal_target,UNKNOWN,https://fermatmind.com/zh/articles/college-major-choice-holland-mbti-career-test,https://fermatmind.com/zh/common-misconceptions,footer,常见误区,UNKNOWN,Target is not in current authority corpus; not labeled broken without reliable target readback.
non_corpus_internal_target,UNKNOWN,https://fermatmind.com/zh/articles/daily-wellbeing-support-personality-is-one-context,https://fermatmind.com/zh/tests?q=,header/navigation,,UNKNOWN,Target is not in current authority corpus; not labeled broken without reliable target readback.
non_corpus_internal_target,UNKNOWN,https://fermatmind.com/zh/articles/daily-wellbeing-support-personality-is-one-context,https://fermatmind.com/zh/tests/big-five-personality-test-ocean-model?entry_surface=article_detail_seo_cta&source_page_type=article_detail&source_route_family=article&source_slug=daily-wellbeing-support-personality-is-one-context&content_id=168&target_action=seo_cta_start_test&test_slug=big-five-personality-test-ocean-model&target_test_slug=big-five-personality-test-ocean-model&cta_id=start_test&landing_path=%2Fzh%2Farticles%2Fdaily-wellbeing-support-personality-is-one-context&entrypoint=seo_cta,inline contextual,开始测试,UNKNOWN,Target is not in current authority corpus; not labeled broken without reliable target readback.
non_corpus_internal_target,UNKNOWN,https://fermatmind.com/zh/articles/daily-wellbeing-support-personality-is-one-context,https://fermatmind.com/zh/science,footer,测评科学,UNKNOWN,Target is not in current authority corpus; not labeled broken without reliable target readback.
non_corpus_internal_target,UNKNOWN,https://fermatmind.com/zh/articles/daily-wellbeing-support-personality-is-one-context,https://fermatmind.com/zh/item-design-notes,footer,题目设计说明,UNKNOWN,Target is not in current authority corpus; not labeled broken without reliable target readback.
non_corpus_internal_target,UNKNOWN,https://fermatmind.com/zh/articles/daily-wellbeing-support-personality-is-one-context,https://fermatmind.com/zh/reliability-validity,footer,信度效度,UNKNOWN,Target is not in current authority corpus; not labeled broken without reliable target readback.
non_corpus_internal_target,UNKNOWN,https://fermatmind.com/zh/articles/daily-wellbeing-support-personality-is-one-context,https://fermatmind.com/zh/data-privacy,footer,数据说明,UNKNOWN,Target is not in current authority corpus; not labeled broken without reliable target readback.
non_corpus_internal_target,UNKNOWN,https://fermatmind.com/zh/articles/daily-wellbeing-support-personality-is-one-context,https://fermatmind.com/zh/common-misconceptions,footer,常见误区,UNKNOWN,Target is not in current authority corpus; not labeled broken without reliable target readback.
non_corpus_internal_target,UNKNOWN,https://fermatmind.com/zh/articles/enneagram-personality-test-explained,https://fermatmind.com/zh/tests?q=,header/navigation,,UNKNOWN,Target is not in current authority corpus; not labeled broken without reliable target readback.
non_corpus_internal_target,UNKNOWN,https://fermatmind.com/zh/articles/enneagram-personality-test-explained,https://fermatmind.com/zh/tests/enneagram-personality-test-nine-types?entry_surface=article_detail_seo_cta&source_page_type=article_detail&source_route_family=article&source_slug=enneagram-personality-test-explained&content_id=51&target_action=seo_cta_article_cta_1&test_slug=enneagram-personality-test-nine-types&target_test_slug=enneagram-personality-test-nine-types&cta_id=article_cta_1&landing_path=%2Fzh%2Farticles%2Fenneagram-personality-test-explained&entrypoint=seo_cta,inline contextual,开始九型人格测试,UNKNOWN,Target is not in current authority corpus; not labeled broken without reliable target readback.
non_corpus_internal_target,UNKNOWN,https://fermatmind.com/zh/articles/enneagram-personality-test-explained,https://fermatmind.com/zh/tests/enneagram-personality-test-nine-types?entry_surface=article_detail_seo_cta&source_page_type=article_detail&source_route_family=article&source_slug=enneagram-personality-test-explained&content_id=51&target_action=seo_cta_article_cta_2&test_slug=enneagram-personality-test-nine-types&target_test_slug=enneagram-personality-test-nine-types&cta_id=article_cta_2&landing_path=%2Fzh%2Farticles%2Fenneagram-personality-test-explained&entrypoint=seo_cta,inline contextual,开始九型人格测试,UNKNOWN,Target is not in current authority corpus; not labeled broken without reliable target readback.
non_corpus_internal_target,UNKNOWN,https://fermatmind.com/zh/articles/enneagram-personality-test-explained,https://fermatmind.com/zh/reliability-validity,inline contextual,信度与效度,UNKNOWN,Target is not in current authority corpus; not labeled broken without reliable target readback.
non_corpus_internal_target,UNKNOWN,https://fermatmind.com/zh/articles/enneagram-personality-test-explained,https://fermatmind.com/zh/science,inline contextual,测评科学,UNKNOWN,Target is not in current authority corpus; not labeled broken without reliable target readback.
non_corpus_internal_target,UNKNOWN,https://fermatmind.com/zh/articles/enneagram-personality-test-explained,https://fermatmind.com/zh/reliability-validity,inline contextual,信度与效度,UNKNOWN,Target is not in current authority corpus; not labeled broken without reliable target readback.
non_corpus_internal_target,UNKNOWN,https://fermatmind.com/zh/articles/enneagram-personality-test-explained,https://fermatmind.com/zh/item-design-notes,inline contextual,题目设计说明,UNKNOWN,Target is not in current authority corpus; not labeled broken without reliable target readback.
non_corpus_internal_target,UNKNOWN,https://fermatmind.com/zh/articles/enneagram-personality-test-explained,https://fermatmind.com/zh/common-misconceptions,inline contextual,测评常见误区,UNKNOWN,Target is not in current authority corpus; not labeled broken without reliable target readback.
non_corpus_internal_target,UNKNOWN,https://fermatmind.com/zh/articles/enneagram-personality-test-explained,https://fermatmind.com/zh/data-privacy,inline contextual,数据与隐私,UNKNOWN,Target is not in current authority corpus; not labeled broken without reliable target readback.
non_corpus_internal_target,UNKNOWN,https://fermatmind.com/zh/articles/enneagram-personality-test-explained,https://fermatmind.com/zh/science,footer,测评科学,UNKNOWN,Target is not in current authority corpus; not labeled broken without reliable target readback.
non_corpus_internal_target,UNKNOWN,https://fermatmind.com/zh/articles/enneagram-personality-test-explained,https://fermatmind.com/zh/item-design-notes,footer,题目设计说明,UNKNOWN,Target is not in current authority corpus; not labeled broken without reliable target readback.
non_corpus_internal_target,UNKNOWN,https://fermatmind.com/zh/articles/enneagram-personality-test-explained,https://fermatmind.com/zh/reliability-validity,footer,信度效度,UNKNOWN,Target is not in current authority corpus; not labeled broken without reliable target readback.
non_corpus_internal_target,UNKNOWN,https://fermatmind.com/zh/articles/enneagram-personality-test-explained,https://fermatmind.com/zh/data-privacy,footer,数据说明,UNKNOWN,Target is not in current authority corpus; not labeled broken without reliable target readback.
non_corpus_internal_target,UNKNOWN,https://fermatmind.com/zh/articles/enneagram-personality-test-explained,https://fermatmind.com/zh/common-misconceptions,footer,常见误区,UNKNOWN,Target is not in current authority corpus; not labeled broken without reliable target readback.
non_corpus_internal_target,UNKNOWN,https://fermatmind.com/zh/articles/enneagram-workplace-friction-core-motivations,https://fermatmind.com/zh/tests?q=,header/navigation,,UNKNOWN,Target is not in current authority corpus; not labeled broken without reliable target readback.
non_corpus_internal_target,UNKNOWN,https://fermatmind.com/zh/articles/enneagram-workplace-friction-core-motivations,https://fermatmind.com/zh/tests/enneagram-personality-test-nine-types?entry_surface=article_detail_seo_cta&source_page_type=article_detail&source_route_family=article&source_slug=enneagram-workplace-friction-core-motivations&content_id=68&target_action=seo_cta_article_cta_1&test_slug=enneagram-personality-test-nine-types&target_test_slug=enneagram-personality-test-nine-types&cta_id=article_cta_1&landing_path=%2Fzh%2Farticles%2Fenneagram-workplace-friction-core-motivations&entrypoint=seo_cta,inline contextual,先做九型人格测试，再记录最近一周的职场触发点,UNKNOWN,Target is not in current authority corpus; not labeled broken without reliable target readback.
non_corpus_internal_target,UNKNOWN,https://fermatmind.com/zh/articles/enneagram-workplace-friction-core-motivations,https://fermatmind.com/zh/tests/enneagram-personality-test-nine-types?entry_surface=article_detail_seo_cta&source_page_type=article_detail&source_route_family=article&source_slug=enneagram-workplace-friction-core-motivations&content_id=68&target_action=seo_cta_article_cta_2&test_slug=enneagram-personality-test-nine-types&target_test_slug=enneagram-personality-test-nine-types&cta_id=article_cta_2&landing_path=%2Fzh%2Farticles%2Fenneagram-workplace-friction-core-motivations&entrypoint=seo_cta,inline contextual,开始九型人格测试，并用 7 天清单复盘沟通冲突,UNKNOWN,Target is not in current authority corpus; not labeled broken without reliable target readback.
non_corpus_internal_target,UNKNOWN,https://fermatmind.com/zh/articles/enneagram-workplace-friction-core-motivations,https://fermatmind.com/zh/science,footer,测评科学,UNKNOWN,Target is not in current authority corpus; not labeled broken without reliable target readback.
non_corpus_internal_target,UNKNOWN,https://fermatmind.com/zh/articles/enneagram-workplace-friction-core-motivations,https://fermatmind.com/zh/item-design-notes,footer,题目设计说明,UNKNOWN,Target is not in current authority corpus; not labeled broken without reliable target readback.
non_corpus_internal_target,UNKNOWN,https://fermatmind.com/zh/articles/enneagram-workplace-friction-core-motivations,https://fermatmind.com/zh/reliability-validity,footer,信度效度,UNKNOWN,Target is not in current authority corpus; not labeled broken without reliable target readback.
non_corpus_internal_target,UNKNOWN,https://fermatmind.com/zh/articles/enneagram-workplace-friction-core-motivations,https://fermatmind.com/zh/data-privacy,footer,数据说明,UNKNOWN,Target is not in current authority corpus; not labeled broken without reliable target readback.
non_corpus_internal_target,UNKNOWN,https://fermatmind.com/zh/articles/enneagram-workplace-friction-core-motivations,https://fermatmind.com/zh/common-misconceptions,footer,常见误区,UNKNOWN,Target is not in current authority corpus; not labeled broken without reliable target readback.
non_corpus_internal_target,UNKNOWN,https://fermatmind.com/zh/articles/eq-test-tool-guide,https://fermatmind.com/zh/tests?q=,header/navigation,,UNKNOWN,Target is not in current authority corpus; not labeled broken without reliable target readback.
non_corpus_internal_target,UNKNOWN,https://fermatmind.com/zh/articles/eq-test-tool-guide,https://fermatmind.com/zh/tests/mbti-personality-test-16-personality-types?entry_surface=article_detail_seo_cta&source_page_type=article_detail&source_route_family=article&source_slug=eq-test-tool-guide&content_id=4&target_action=seo_cta_start_test&test_slug=mbti-personality-test-16-personality-types&target_test_slug=mbti-personality-test-16-personality-types&cta_id=start_test&landing_path=%2Fzh%2Farticles%2Feq-test-tool-guide&entrypoint=seo_cta,inline contextual,开始测试,UNKNOWN,Target is not in current authority corpus; not labeled broken without reliable target readback.
non_corpus_internal_target,UNKNOWN,https://fermatmind.com/zh/articles/eq-test-tool-guide,https://fermatmind.com/zh/reliability-validity,inline contextual,信度与效度,UNKNOWN,Target is not in current authority corpus; not labeled broken without reliable target readback.
non_corpus_internal_target,UNKNOWN,https://fermatmind.com/zh/articles/eq-test-tool-guide,https://fermatmind.com/zh/science,inline contextual,测评科学,UNKNOWN,Target is not in current authority corpus; not labeled broken without reliable target readback.
non_corpus_internal_target,UNKNOWN,https://fermatmind.com/zh/articles/eq-test-tool-guide,https://fermatmind.com/zh/reliability-validity,inline contextual,信度与效度,UNKNOWN,Target is not in current authority corpus; not labeled broken without reliable target readback.
non_corpus_internal_target,UNKNOWN,https://fermatmind.com/zh/articles/eq-test-tool-guide,https://fermatmind.com/zh/item-design-notes,inline contextual,题目设计说明,UNKNOWN,Target is not in current authority corpus; not labeled broken without reliable target readback.
non_corpus_internal_target,UNKNOWN,https://fermatmind.com/zh/articles/eq-test-tool-guide,https://fermatmind.com/zh/common-misconceptions,inline contextual,测评常见误区,UNKNOWN,Target is not in current authority corpus; not labeled broken without reliable target readback.
non_corpus_internal_target,UNKNOWN,https://fermatmind.com/zh/articles/eq-test-tool-guide,https://fermatmind.com/zh/data-privacy,inline contextual,数据与隐私,UNKNOWN,Target is not in current authority corpus; not labeled broken without reliable target readback.
non_corpus_internal_target,UNKNOWN,https://fermatmind.com/zh/articles/eq-test-tool-guide,https://fermatmind.com/zh/science,footer,测评科学,UNKNOWN,Target is not in current authority corpus; not labeled broken without reliable target readback.
non_corpus_internal_target,UNKNOWN,https://fermatmind.com/zh/articles/eq-test-tool-guide,https://fermatmind.com/zh/item-design-notes,footer,题目设计说明,UNKNOWN,Target is not in current authority corpus; not labeled broken without reliable target readback.
non_corpus_internal_target,UNKNOWN,https://fermatmind.com/zh/articles/eq-test-tool-guide,https://fermatmind.com/zh/reliability-validity,footer,信度效度,UNKNOWN,Target is not in current authority corpus; not labeled broken without reliable target readback.
non_corpus_internal_target,UNKNOWN,https://fermatmind.com/zh/articles/eq-test-tool-guide,https://fermatmind.com/zh/data-privacy,footer,数据说明,UNKNOWN,Target is not in current authority corpus; not labeled broken without reliable target readback.
non_corpus_internal_target,UNKNOWN,https://fermatmind.com/zh/articles/eq-test-tool-guide,https://fermatmind.com/zh/common-misconceptions,footer,常见误区,UNKNOWN,Target is not in current authority corpus; not labeled broken without reliable target readback.
non_corpus_internal_target,UNKNOWN,https://fermatmind.com/zh/articles/gaokao-major-adjustment-unacceptable-major-checklist,https://fermatmind.com/zh/tests?q=,header/navigation,,UNKNOWN,Target is not in current authority corpus; not labeled broken without reliable target readback.
non_corpus_internal_target,UNKNOWN,https://fermatmind.com/zh/articles/gaokao-major-adjustment-unacceptable-major-checklist,https://fermatmind.com/zh/tests/holland-career-interest-test-riasec?entry_surface=article_detail_seo_cta&source_page_type=article_detail&source_route_family=article&source_slug=gaokao-major-adjustment-unacceptable-major-checklist&content_id=58&target_action=seo_cta_article_cta_1&test_slug=holland-career-interest-test-riasec&target_test_slug=holland-career-interest-test-riasec&cta_id=article_cta_1&landing_path=%2Fzh%2Farticles%2Fgaokao-major-adjustment-unacceptable-major-checklist&entrypoint=seo_cta,inline contextual,做一次霍兰德职业兴趣测试，把“不喜欢”拆成可验证任务,UNKNOWN,Target is not in current authority corpus; not labeled broken without reliable target readback.
non_corpus_internal_target,UNKNOWN,https://fermatmind.com/zh/articles/gaokao-major-adjustment-unacceptable-major-checklist,https://fermatmind.com/zh/tests/mbti-personality-test-16-personality-types?entry_surface=article_detail_seo_cta&source_page_type=article_detail&source_route_family=article&source_slug=gaokao-major-adjustment-unacceptable-major-checklist&content_id=58&target_action=seo_cta_article_cta_2&test_slug=mbti-personality-test-16-personality-types&target_test_slug=mbti-personality-test-16-personality-types&cta_id=article_cta_2&landing_path=%2Fzh%2Farticles%2Fgaokao-major-adjustment-unacceptable-major-checklist&entrypoint=seo_cta,inline contextual,用 MBTI 辅助理解学习和沟通偏好,UNKNOWN,Target is not in current authority corpus; not labeled broken without reliable target readback.
non_corpus_internal_target,UNKNOWN,https://fermatmind.com/zh/articles/gaokao-major-adjustment-unacceptable-major-checklist,https://fermatmind.com/zh/science,footer,测评科学,UNKNOWN,Target is not in current authority corpus; not labeled broken without reliable target readback.
non_corpus_internal_target,UNKNOWN,https://fermatmind.com/zh/articles/gaokao-major-adjustment-unacceptable-major-checklist,https://fermatmind.com/zh/item-design-notes,footer,题目设计说明,UNKNOWN,Target is not in current authority corpus; not labeled broken without reliable target readback.
non_corpus_internal_target,UNKNOWN,https://fermatmind.com/zh/articles/gaokao-major-adjustment-unacceptable-major-checklist,https://fermatmind.com/zh/reliability-validity,footer,信度效度,UNKNOWN,Target is not in current authority corpus; not labeled broken without reliable target readback.
non_corpus_internal_target,UNKNOWN,https://fermatmind.com/zh/articles/gaokao-major-adjustment-unacceptable-major-checklist,https://fermatmind.com/zh/data-privacy,footer,数据说明,UNKNOWN,Target is not in current authority corpus; not labeled broken without reliable target readback.
non_corpus_internal_target,UNKNOWN,https://fermatmind.com/zh/articles/gaokao-major-adjustment-unacceptable-major-checklist,https://fermatmind.com/zh/common-misconceptions,footer,常见误区,UNKNOWN,Target is not in current authority corpus; not labeled broken without reliable target readback.
non_corpus_internal_target,UNKNOWN,https://fermatmind.com/zh/articles/gaokao-major-choice-parent-conflict-riasec-course-checklist,https://fermatmind.com/zh/tests?q=,header/navigation,,UNKNOWN,Target is not in current authority corpus; not labeled broken without reliable target readback.
non_corpus_internal_target,UNKNOWN,https://fermatmind.com/zh/articles/gaokao-major-choice-parent-conflict-riasec-course-checklist,https://fermatmind.com/zh/tests/holland-career-interest-test-riasec?entry_surface=article_detail_seo_cta&source_page_type=article_detail&source_route_family=article&source_slug=gaokao-major-choice-parent-conflict-riasec-course-checklist&content_id=55&target_action=seo_cta_gaokao_riasec_primary&test_slug=holland-career-interest-test-riasec&target_test_slug=holland-career-interest-test-riasec&cta_id=gaokao_riasec_primary&landing_path=%2Fzh%2Farticles%2Fgaokao-major-choice-parent-conflict-riasec-course-checklist&entrypoint=seo_cta,inline contextual,先做霍兰德职业兴趣测试,UNKNOWN,Target is not in current authority corpus; not labeled broken without reliable target readback.
non_corpus_internal_target,UNKNOWN,https://fermatmind.com/zh/articles/gaokao-major-choice-parent-conflict-riasec-course-checklist,https://fermatmind.com/zh/tests/mbti-personality-test-16-personality-types?entry_surface=article_detail_seo_cta&source_page_type=article_detail&source_route_family=article&source_slug=gaokao-major-choice-parent-conflict-riasec-course-checklist&content_id=55&target_action=seo_cta_gaokao_mbti_secondary&test_slug=mbti-personality-test-16-personality-types&target_test_slug=mbti-personality-test-16-personality-types&cta_id=gaokao_mbti_secondary&landing_path=%2Fzh%2Farticles%2Fgaokao-major-choice-parent-conflict-riasec-course-checklist&entrypoint=seo_cta,inline contextual,用 MBTI 补充理解学习和决策偏好,UNKNOWN,Target is not in current authority corpus; not labeled broken without reliable target readback.
non_corpus_internal_target,UNKNOWN,https://fermatmind.com/zh/articles/gaokao-major-choice-parent-conflict-riasec-course-checklist,https://fermatmind.com/zh/science,footer,测评科学,UNKNOWN,Target is not in current authority corpus; not labeled broken without reliable target readback.
non_corpus_internal_target,UNKNOWN,https://fermatmind.com/zh/articles/gaokao-major-choice-parent-conflict-riasec-course-checklist,https://fermatmind.com/zh/item-design-notes,footer,题目设计说明,UNKNOWN,Target is not in current authority corpus; not labeled broken without reliable target readback.
non_corpus_internal_target,UNKNOWN,https://fermatmind.com/zh/articles/gaokao-major-choice-parent-conflict-riasec-course-checklist,https://fermatmind.com/zh/reliability-validity,footer,信度效度,UNKNOWN,Target is not in current authority corpus; not labeled broken without reliable target readback.
non_corpus_internal_target,UNKNOWN,https://fermatmind.com/zh/articles/gaokao-major-choice-parent-conflict-riasec-course-checklist,https://fermatmind.com/zh/data-privacy,footer,数据说明,UNKNOWN,Target is not in current authority corpus; not labeled broken without reliable target readback.
non_corpus_internal_target,UNKNOWN,https://fermatmind.com/zh/articles/gaokao-major-choice-parent-conflict-riasec-course-checklist,https://fermatmind.com/zh/common-misconceptions,footer,常见误区,UNKNOWN,Target is not in current authority corpus; not labeled broken without reliable target readback.
non_corpus_internal_target,UNKNOWN,https://fermatmind.com/zh/articles/gaokao-score-major-shortlist-riasec-checklist,https://fermatmind.com/zh/tests?q=,header/navigation,,UNKNOWN,Target is not in current authority corpus; not labeled broken without reliable target readback.
non_corpus_internal_target,UNKNOWN,https://fermatmind.com/zh/articles/gaokao-score-major-shortlist-riasec-checklist,https://fermatmind.com/zh/tests/holland-career-interest-test-riasec?entry_surface=article_detail_seo_cta&source_page_type=article_detail&source_route_family=article&source_slug=gaokao-score-major-shortlist-riasec-checklist&content_id=53&target_action=seo_cta_article_cta_1&test_slug=holland-career-interest-test-riasec&target_test_slug=holland-career-interest-test-riasec&cta_id=article_cta_1&landing_path=%2Fzh%2Farticles%2Fgaokao-score-major-shortlist-riasec-checklist&entrypoint=seo_cta,inline contextual,先做霍兰德职业兴趣测试，把兴趣结果转成专业验证问题,UNKNOWN,Target is not in current authority corpus; not labeled broken without reliable target readback.
non_corpus_internal_target,UNKNOWN,https://fermatmind.com/zh/articles/gaokao-score-major-shortlist-riasec-checklist,https://fermatmind.com/zh/tests/mbti-personality-test-16-personality-types?entry_surface=article_detail_seo_cta&source_page_type=article_detail&source_route_family=article&source_slug=gaokao-score-major-shortlist-riasec-checklist&content_id=53&target_action=seo_cta_article_cta_2&test_slug=mbti-personality-test-16-personality-types&target_test_slug=mbti-personality-test-16-personality-types&cta_id=article_cta_2&landing_path=%2Fzh%2Farticles%2Fgaokao-score-major-shortlist-riasec-checklist&entrypoint=seo_cta,inline contextual,用 MBTI 补充理解学习和决策偏好,UNKNOWN,Target is not in current authority corpus; not labeled broken without reliable target readback.
non_corpus_internal_target,UNKNOWN,https://fermatmind.com/zh/articles/gaokao-score-major-shortlist-riasec-checklist,https://fermatmind.com/zh/common-misconceptions,inline contextual,常见误区,UNKNOWN,Target is not in current authority corpus; not labeled broken without reliable target readback.
non_corpus_internal_target,UNKNOWN,https://fermatmind.com/zh/articles/gaokao-score-major-shortlist-riasec-checklist,https://fermatmind.com/zh/data-privacy,inline contextual,数据与隐私说明,UNKNOWN,Target is not in current authority corpus; not labeled broken without reliable target readback.
non_corpus_internal_target,UNKNOWN,https://fermatmind.com/zh/articles/gaokao-score-major-shortlist-riasec-checklist,https://fermatmind.com/zh/science,footer,测评科学,UNKNOWN,Target is not in current authority corpus; not labeled broken without reliable target readback.
non_corpus_internal_target,UNKNOWN,https://fermatmind.com/zh/articles/gaokao-score-major-shortlist-riasec-checklist,https://fermatmind.com/zh/item-design-notes,footer,题目设计说明,UNKNOWN,Target is not in current authority corpus; not labeled broken without reliable target readback.
non_corpus_internal_target,UNKNOWN,https://fermatmind.com/zh/articles/gaokao-score-major-shortlist-riasec-checklist,https://fermatmind.com/zh/reliability-validity,footer,信度效度,UNKNOWN,Target is not in current authority corpus; not labeled broken without reliable target readback.
non_corpus_internal_target,UNKNOWN,https://fermatmind.com/zh/articles/gaokao-score-major-shortlist-riasec-checklist,https://fermatmind.com/zh/data-privacy,footer,数据说明,UNKNOWN,Target is not in current authority corpus; not labeled broken without reliable target readback.
non_corpus_internal_target,UNKNOWN,https://fermatmind.com/zh/articles/gaokao-score-major-shortlist-riasec-checklist,https://fermatmind.com/zh/common-misconceptions,footer,常见误区,UNKNOWN,Target is not in current authority corpus; not labeled broken without reliable target readback.
non_corpus_internal_target,UNKNOWN,https://fermatmind.com/zh/articles/habits-and-big-five-traits-behavior-is-not-identity,https://fermatmind.com/zh/tests?q=,header/navigation,,UNKNOWN,Target is not in current authority corpus; not labeled broken without reliable target readback.
non_corpus_internal_target,UNKNOWN,https://fermatmind.com/zh/articles/habits-and-big-five-traits-behavior-is-not-identity,https://fermatmind.com/zh/tests/big-five-personality-test-ocean-model?entry_surface=article_detail_seo_cta&source_page_type=article_detail&source_route_family=article&source_slug=habits-and-big-five-traits-behavior-is-not-identity&content_id=169&target_action=seo_cta_start_test&test_slug=big-five-personality-test-ocean-model&target_test_slug=big-five-personality-test-ocean-model&cta_id=start_test&landing_path=%2Fzh%2Farticles%2Fhabits-and-big-five-traits-behavior-is-not-identity&entrypoint=seo_cta,inline contextual,开始测试,UNKNOWN,Target is not in current authority corpus; not labeled broken without reliable target readback.
non_corpus_internal_target,UNKNOWN,https://fermatmind.com/zh/articles/habits-and-big-five-traits-behavior-is-not-identity,https://fermatmind.com/zh/science,footer,测评科学,UNKNOWN,Target is not in current authority corpus; not labeled broken without reliable target readback.
non_corpus_internal_target,UNKNOWN,https://fermatmind.com/zh/articles/habits-and-big-five-traits-behavior-is-not-identity,https://fermatmind.com/zh/item-design-notes,footer,题目设计说明,UNKNOWN,Target is not in current authority corpus; not labeled broken without reliable target readback.
non_corpus_internal_target,UNKNOWN,https://fermatmind.com/zh/articles/habits-and-big-five-traits-behavior-is-not-identity,https://fermatmind.com/zh/reliability-validity,footer,信度效度,UNKNOWN,Target is not in current authority corpus; not labeled broken without reliable target readback.
non_corpus_internal_target,UNKNOWN,https://fermatmind.com/zh/articles/habits-and-big-five-traits-behavior-is-not-identity,https://fermatmind.com/zh/data-privacy,footer,数据说明,UNKNOWN,Target is not in current authority corpus; not labeled broken without reliable target readback.
non_corpus_internal_target,UNKNOWN,https://fermatmind.com/zh/articles/habits-and-big-five-traits-behavior-is-not-identity,https://fermatmind.com/zh/common-misconceptions,footer,常见误区,UNKNOWN,Target is not in current authority corpus; not labeled broken without reliable target readback.
non_corpus_internal_target,UNKNOWN,https://fermatmind.com/zh/articles/holland-career-interest-test-can-and-cannot-tell-you,https://fermatmind.com/zh/tests?q=,header/navigation,,UNKNOWN,Target is not in current authority corpus; not labeled broken without reliable target readback.
non_corpus_internal_target,UNKNOWN,https://fermatmind.com/zh/articles/holland-career-interest-test-can-and-cannot-tell-you,https://fermatmind.com/zh/tests/mbti-personality-test-16-personality-types?entry_surface=article_detail_seo_cta&source_page_type=article_detail&source_route_family=article&source_slug=holland-career-interest-test-can-and-cannot-tell-you&content_id=31&target_action=seo_cta_start_test&test_slug=mbti-personality-test-16-personality-types&target_test_slug=mbti-personality-test-16-personality-types&cta_id=start_test&landing_path=%2Fzh%2Farticles%2Fholland-career-interest-test-can-and-cannot-tell-you&entrypoint=seo_cta,inline contextual,开始测试,UNKNOWN,Target is not in current authority corpus; not labeled broken without reliable target readback.
non_corpus_internal_target,UNKNOWN,https://fermatmind.com/zh/articles/holland-career-interest-test-can-and-cannot-tell-you,https://fermatmind.com/zh/tests/big-five-personality-test,inline contextual,大五人格测试,UNKNOWN,Target is not in current authority corpus; not labeled broken without reliable target readback.
non_corpus_internal_target,UNKNOWN,https://fermatmind.com/zh/articles/holland-career-interest-test-can-and-cannot-tell-you,https://fermatmind.com/zh/science,footer,测评科学,UNKNOWN,Target is not in current authority corpus; not labeled broken without reliable target readback.
non_corpus_internal_target,UNKNOWN,https://fermatmind.com/zh/articles/holland-career-interest-test-can-and-cannot-tell-you,https://fermatmind.com/zh/item-design-notes,footer,题目设计说明,UNKNOWN,Target is not in current authority corpus; not labeled broken without reliable target readback.
non_corpus_internal_target,UNKNOWN,https://fermatmind.com/zh/articles/holland-career-interest-test-can-and-cannot-tell-you,https://fermatmind.com/zh/reliability-validity,footer,信度效度,UNKNOWN,Target is not in current authority corpus; not labeled broken without reliable target readback.
non_corpus_internal_target,UNKNOWN,https://fermatmind.com/zh/articles/holland-career-interest-test-can-and-cannot-tell-you,https://fermatmind.com/zh/data-privacy,footer,数据说明,UNKNOWN,Target is not in current authority corpus; not labeled broken without reliable target readback.
non_corpus_internal_target,UNKNOWN,https://fermatmind.com/zh/articles/holland-career-interest-test-can-and-cannot-tell-you,https://fermatmind.com/zh/common-misconceptions,footer,常见误区,UNKNOWN,Target is not in current authority corpus; not labeled broken without reliable target readback.
non_corpus_internal_target,UNKNOWN,https://fermatmind.com/zh/articles/hot-major-fit-riasec-course-career-checklist,https://fermatmind.com/zh/tests?q=,header/navigation,,UNKNOWN,Target is not in current authority corpus; not labeled broken without reliable target readback.
non_corpus_internal_target,UNKNOWN,https://fermatmind.com/zh/articles/hot-major-fit-riasec-course-career-checklist,https://fermatmind.com/zh/tests/holland-career-interest-test-riasec?entry_surface=article_detail_seo_cta&source_page_type=article_detail&source_route_family=article&source_slug=hot-major-fit-riasec-course-career-checklist&content_id=64&target_action=seo_cta_mid_article_riasec_soft_cta&test_slug=holland-career-interest-test-riasec&target_test_slug=holland-career-interest-test-riasec&cta_id=mid_article_riasec_soft_cta&landing_path=%2Fzh%2Farticles%2Fhot-major-fit-riasec-course-career-checklist&entrypoint=seo_cta,inline contextual,先做霍兰德职业兴趣测试，把热门专业拆成工作活动问题,UNKNOWN,Target is not in current authority corpus; not labeled broken without reliable target readback.
non_corpus_internal_target,UNKNOWN,https://fermatmind.com/zh/articles/hot-major-fit-riasec-course-career-checklist,https://fermatmind.com/zh/tests/holland-career-interest-test-riasec?entry_surface=article_detail_seo_cta&source_page_type=article_detail&source_route_family=article&source_slug=hot-major-fit-riasec-course-career-checklist&content_id=64&target_action=seo_cta_end_article_riasec_primary_cta&test_slug=holland-career-interest-test-riasec&target_test_slug=holland-career-interest-test-riasec&cta_id=end_article_riasec_primary_cta&landing_path=%2Fzh%2Farticles%2Fhot-major-fit-riasec-course-career-checklist&entrypoint=seo_cta,inline contextual,开始霍兰德职业兴趣测试,UNKNOWN,Target is not in current authority corpus; not labeled broken without reliable target readback.
non_corpus_internal_target,UNKNOWN,https://fermatmind.com/zh/articles/hot-major-fit-riasec-course-career-checklist,https://fermatmind.com/zh/science,footer,测评科学,UNKNOWN,Target is not in current authority corpus; not labeled broken without reliable target readback.
non_corpus_internal_target,UNKNOWN,https://fermatmind.com/zh/articles/hot-major-fit-riasec-course-career-checklist,https://fermatmind.com/zh/item-design-notes,footer,题目设计说明,UNKNOWN,Target is not in current authority corpus; not labeled broken without reliable target readback.
non_corpus_internal_target,UNKNOWN,https://fermatmind.com/zh/articles/hot-major-fit-riasec-course-career-checklist,https://fermatmind.com/zh/reliability-validity,footer,信度效度,UNKNOWN,Target is not in current authority corpus; not labeled broken without reliable target readback.
non_corpus_internal_target,UNKNOWN,https://fermatmind.com/zh/articles/hot-major-fit-riasec-course-career-checklist,https://fermatmind.com/zh/data-privacy,footer,数据说明,UNKNOWN,Target is not in current authority corpus; not labeled broken without reliable target readback.
non_corpus_internal_target,UNKNOWN,https://fermatmind.com/zh/articles/hot-major-fit-riasec-course-career-checklist,https://fermatmind.com/zh/common-misconceptions,footer,常见误区,UNKNOWN,Target is not in current authority corpus; not labeled broken without reliable target readback.
non_corpus_internal_target,UNKNOWN,https://fermatmind.com/zh/articles/how-16-personality-types-talk-to-an-ai-coach,https://fermatmind.com/zh/tests?q=,header/navigation,,UNKNOWN,Target is not in current authority corpus; not labeled broken without reliable target readback.
non_corpus_internal_target,UNKNOWN,https://fermatmind.com/zh/articles/how-16-personality-types-talk-to-an-ai-coach,https://fermatmind.com/zh/tests/mbti-personality-test-16-personality-types?entry_surface=article_detail_seo_cta&source_page_type=article_detail&source_route_family=article&source_slug=how-16-personality-types-talk-to-an-ai-coach&content_id=14&target_action=seo_cta_start_test&test_slug=mbti-personality-test-16-personality-types&target_test_slug=mbti-personality-test-16-personality-types&cta_id=start_test&landing_path=%2Fzh%2Farticles%2Fhow-16-personality-types-talk-to-an-ai-coach&entrypoint=seo_cta,inline contextual,开始测试,UNKNOWN,Target is not in current authority corpus; not labeled broken without reliable target readback.
non_corpus_internal_target,UNKNOWN,https://fermatmind.com/zh/articles/how-16-personality-types-talk-to-an-ai-coach,https://fermatmind.com/science,inline contextual,测评科学,UNKNOWN,Target is not in current authority corpus; not labeled broken without reliable target readback.
non_corpus_internal_target,UNKNOWN,https://fermatmind.com/zh/articles/how-16-personality-types-talk-to-an-ai-coach,https://fermatmind.com/articles/10.3389/fpsyg.2026.1822088/pdf,inline contextual,10.3389 fpsyg.2026.1822088 pdf,UNKNOWN,Target is not in current authority corpus; not labeled broken without reliable target readback.
non_corpus_internal_target,UNKNOWN,https://fermatmind.com/zh/articles/how-16-personality-types-talk-to-an-ai-coach,https://fermatmind.com/zh/science,footer,测评科学,UNKNOWN,Target is not in current authority corpus; not labeled broken without reliable target readback.
non_corpus_internal_target,UNKNOWN,https://fermatmind.com/zh/articles/how-16-personality-types-talk-to-an-ai-coach,https://fermatmind.com/zh/item-design-notes,footer,题目设计说明,UNKNOWN,Target is not in current authority corpus; not labeled broken without reliable target readback.
non_corpus_internal_target,UNKNOWN,https://fermatmind.com/zh/articles/how-16-personality-types-talk-to-an-ai-coach,https://fermatmind.com/zh/reliability-validity,footer,信度效度,UNKNOWN,Target is not in current authority corpus; not labeled broken without reliable target readback.
non_corpus_internal_target,UNKNOWN,https://fermatmind.com/zh/articles/how-16-personality-types-talk-to-an-ai-coach,https://fermatmind.com/zh/data-privacy,footer,数据说明,UNKNOWN,Target is not in current authority corpus; not labeled broken without reliable target readback.
non_corpus_internal_target,UNKNOWN,https://fermatmind.com/zh/articles/how-16-personality-types-talk-to-an-ai-coach,https://fermatmind.com/zh/common-misconceptions,footer,常见误区,UNKNOWN,Target is not in current authority corpus; not labeled broken without reliable target readback.
non_corpus_internal_target,UNKNOWN,https://fermatmind.com/zh/articles/how-personality-shapes-attitude-toward-ai,https://fermatmind.com/zh/tests?q=,header/navigation,,UNKNOWN,Target is not in current authority corpus; not labeled broken without reliable target readback.
non_corpus_internal_target,UNKNOWN,https://fermatmind.com/zh/articles/how-personality-shapes-attitude-toward-ai,https://fermatmind.com/zh/tests/mbti-personality-test-16-personality-types?entry_surface=article_detail_seo_cta&source_page_type=article_detail&source_route_family=article&source_slug=how-personality-shapes-attitude-toward-ai&content_id=15&target_action=seo_cta_start_test&test_slug=mbti-personality-test-16-personality-types&target_test_slug=mbti-personality-test-16-personality-types&cta_id=start_test&landing_path=%2Fzh%2Farticles%2Fhow-personality-shapes-attitude-toward-ai&entrypoint=seo_cta,inline contextual,开始测试,UNKNOWN,Target is not in current authority corpus; not labeled broken without reliable target readback.
non_corpus_internal_target,UNKNOWN,https://fermatmind.com/zh/articles/how-personality-shapes-attitude-toward-ai,https://fermatmind.com/articles/PMC10844202,inline contextual,PMC10844202,UNKNOWN,Target is not in current authority corpus; not labeled broken without reliable target readback.
non_corpus_internal_target,UNKNOWN,https://fermatmind.com/zh/articles/how-personality-shapes-attitude-toward-ai,https://fermatmind.com/zh/science,footer,测评科学,UNKNOWN,Target is not in current authority corpus; not labeled broken without reliable target readback.
non_corpus_internal_target,UNKNOWN,https://fermatmind.com/zh/articles/how-personality-shapes-attitude-toward-ai,https://fermatmind.com/zh/item-design-notes,footer,题目设计说明,UNKNOWN,Target is not in current authority corpus; not labeled broken without reliable target readback.
non_corpus_internal_target,UNKNOWN,https://fermatmind.com/zh/articles/how-personality-shapes-attitude-toward-ai,https://fermatmind.com/zh/reliability-validity,footer,信度效度,UNKNOWN,Target is not in current authority corpus; not labeled broken without reliable target readback.
non_corpus_internal_target,UNKNOWN,https://fermatmind.com/zh/articles/how-personality-shapes-attitude-toward-ai,https://fermatmind.com/zh/data-privacy,footer,数据说明,UNKNOWN,Target is not in current authority corpus; not labeled broken without reliable target readback.
non_corpus_internal_target,UNKNOWN,https://fermatmind.com/zh/articles/how-personality-shapes-attitude-toward-ai,https://fermatmind.com/zh/common-misconceptions,footer,常见误区,UNKNOWN,Target is not in current authority corpus; not labeled broken without reliable target readback.
non_corpus_internal_target,UNKNOWN,https://fermatmind.com/zh/articles/how-to-discuss-big-five-results-with-someone-else,https://fermatmind.com/zh/tests?q=,header/navigation,,UNKNOWN,Target is not in current authority corpus; not labeled broken without reliable target readback.
non_corpus_internal_target,UNKNOWN,https://fermatmind.com/zh/articles/how-to-discuss-big-five-results-with-someone-else,https://fermatmind.com/zh/tests/big-five-personality-test-ocean-model?entry_surface=article_detail_seo_cta&source_page_type=article_detail&source_route_family=article&source_slug=how-to-discuss-big-five-results-with-someone-else&content_id=170&target_action=seo_cta_start_test&test_slug=big-five-personality-test-ocean-model&target_test_slug=big-five-personality-test-ocean-model&cta_id=start_test&landing_path=%2Fzh%2Farticles%2Fhow-to-discuss-big-five-results-with-someone-else&entrypoint=seo_cta,inline contextual,开始测试,UNKNOWN,Target is not in current authority corpus; not labeled broken without reliable target readback.
non_corpus_internal_target,UNKNOWN,https://fermatmind.com/zh/articles/how-to-discuss-big-five-results-with-someone-else,https://fermatmind.com/zh/science,footer,测评科学,UNKNOWN,Target is not in current authority corpus; not labeled broken without reliable target readback.
non_corpus_internal_target,UNKNOWN,https://fermatmind.com/zh/articles/how-to-discuss-big-five-results-with-someone-else,https://fermatmind.com/zh/item-design-notes,footer,题目设计说明,UNKNOWN,Target is not in current authority corpus; not labeled broken without reliable target readback.
non_corpus_internal_target,UNKNOWN,https://fermatmind.com/zh/articles/how-to-discuss-big-five-results-with-someone-else,https://fermatmind.com/zh/reliability-validity,footer,信度效度,UNKNOWN,Target is not in current authority corpus; not labeled broken without reliable target readback.
non_corpus_internal_target,UNKNOWN,https://fermatmind.com/zh/articles/how-to-discuss-big-five-results-with-someone-else,https://fermatmind.com/zh/data-privacy,footer,数据说明,UNKNOWN,Target is not in current authority corpus; not labeled broken without reliable target readback.
non_corpus_internal_target,UNKNOWN,https://fermatmind.com/zh/articles/how-to-discuss-big-five-results-with-someone-else,https://fermatmind.com/zh/common-misconceptions,footer,常见误区,UNKNOWN,Target is not in current authority corpus; not labeled broken without reliable target readback.
non_corpus_internal_target,UNKNOWN,https://fermatmind.com/zh/articles/how-to-place-new-big-five-research-in-context,https://fermatmind.com/zh/tests?q=,header/navigation,,UNKNOWN,Target is not in current authority corpus; not labeled broken without reliable target readback.
non_corpus_internal_target,UNKNOWN,https://fermatmind.com/zh/articles/how-to-place-new-big-five-research-in-context,https://fermatmind.com/zh/tests/big-five-personality-test-ocean-model?entry_surface=article_detail_seo_cta&source_page_type=article_detail&source_route_family=article&source_slug=how-to-place-new-big-five-research-in-context&content_id=171&target_action=seo_cta_start_test&test_slug=big-five-personality-test-ocean-model&target_test_slug=big-five-personality-test-ocean-model&cta_id=start_test&landing_path=%2Fzh%2Farticles%2Fhow-to-place-new-big-five-research-in-context&entrypoint=seo_cta,inline contextual,开始测试,UNKNOWN,Target is not in current authority corpus; not labeled broken without reliable target readback.
non_corpus_internal_target,UNKNOWN,https://fermatmind.com/zh/articles/how-to-place-new-big-five-research-in-context,https://fermatmind.com/zh/science,footer,测评科学,UNKNOWN,Target is not in current authority corpus; not labeled broken without reliable target readback.
non_corpus_internal_target,UNKNOWN,https://fermatmind.com/zh/articles/how-to-place-new-big-five-research-in-context,https://fermatmind.com/zh/item-design-notes,footer,题目设计说明,UNKNOWN,Target is not in current authority corpus; not labeled broken without reliable target readback.
non_corpus_internal_target,UNKNOWN,https://fermatmind.com/zh/articles/how-to-place-new-big-five-research-in-context,https://fermatmind.com/zh/reliability-validity,footer,信度效度,UNKNOWN,Target is not in current authority corpus; not labeled broken without reliable target readback.
non_corpus_internal_target,UNKNOWN,https://fermatmind.com/zh/articles/how-to-place-new-big-five-research-in-context,https://fermatmind.com/zh/data-privacy,footer,数据说明,UNKNOWN,Target is not in current authority corpus; not labeled broken without reliable target readback.
non_corpus_internal_target,UNKNOWN,https://fermatmind.com/zh/articles/how-to-place-new-big-five-research-in-context,https://fermatmind.com/zh/common-misconceptions,footer,常见误区,UNKNOWN,Target is not in current authority corpus; not labeled broken without reliable target readback.
non_corpus_internal_target,UNKNOWN,https://fermatmind.com/zh/articles/how-to-read-a-big-five-research-paper,https://fermatmind.com/zh/tests?q=,header/navigation,,UNKNOWN,Target is not in current authority corpus; not labeled broken without reliable target readback.
non_corpus_internal_target,UNKNOWN,https://fermatmind.com/zh/articles/how-to-read-a-big-five-research-paper,https://fermatmind.com/zh/tests/big-five-personality-test-ocean-model?entry_surface=article_detail_seo_cta&source_page_type=article_detail&source_route_family=article&source_slug=how-to-read-a-big-five-research-paper&content_id=172&target_action=seo_cta_start_test&test_slug=big-five-personality-test-ocean-model&target_test_slug=big-five-personality-test-ocean-model&cta_id=start_test&landing_path=%2Fzh%2Farticles%2Fhow-to-read-a-big-five-research-paper&entrypoint=seo_cta,inline contextual,开始测试,UNKNOWN,Target is not in current authority corpus; not labeled broken without reliable target readback.
non_corpus_internal_target,UNKNOWN,https://fermatmind.com/zh/articles/how-to-read-a-big-five-research-paper,https://fermatmind.com/zh/science,footer,测评科学,UNKNOWN,Target is not in current authority corpus; not labeled broken without reliable target readback.
non_corpus_internal_target,UNKNOWN,https://fermatmind.com/zh/articles/how-to-read-a-big-five-research-paper,https://fermatmind.com/zh/item-design-notes,footer,题目设计说明,UNKNOWN,Target is not in current authority corpus; not labeled broken without reliable target readback.
non_corpus_internal_target,UNKNOWN,https://fermatmind.com/zh/articles/how-to-read-a-big-five-research-paper,https://fermatmind.com/zh/reliability-validity,footer,信度效度,UNKNOWN,Target is not in current authority corpus; not labeled broken without reliable target readback.
non_corpus_internal_target,UNKNOWN,https://fermatmind.com/zh/articles/how-to-read-a-big-five-research-paper,https://fermatmind.com/zh/data-privacy,footer,数据说明,UNKNOWN,Target is not in current authority corpus; not labeled broken without reliable target readback.
non_corpus_internal_target,UNKNOWN,https://fermatmind.com/zh/articles/how-to-read-a-big-five-research-paper,https://fermatmind.com/zh/common-misconceptions,footer,常见误区,UNKNOWN,Target is not in current authority corpus; not labeled broken without reliable target readback.
non_corpus_internal_target,UNKNOWN,https://fermatmind.com/zh/articles/how-to-read-big-five-results-without-self-labeling,https://fermatmind.com/zh/tests?q=,header/navigation,,UNKNOWN,Target is not in current authority corpus; not labeled broken without reliable target readback.
non_corpus_internal_target,UNKNOWN,https://fermatmind.com/zh/articles/how-to-read-big-five-results-without-self-labeling,https://fermatmind.com/zh/tests/big-five-personality-test-ocean-model?entry_surface=article_detail_seo_cta&source_page_type=article_detail&source_route_family=article&source_slug=how-to-read-big-five-results-without-self-labeling&content_id=173&target_action=seo_cta_start_test&test_slug=big-five-personality-test-ocean-model&target_test_slug=big-five-personality-test-ocean-model&cta_id=start_test&landing_path=%2Fzh%2Farticles%2Fhow-to-read-big-five-results-without-self-labeling&entrypoint=seo_cta,inline contextual,开始测试,UNKNOWN,Target is not in current authority corpus; not labeled broken without reliable target readback.
non_corpus_internal_target,UNKNOWN,https://fermatmind.com/zh/articles/how-to-read-big-five-results-without-self-labeling,https://fermatmind.com/zh/science,footer,测评科学,UNKNOWN,Target is not in current authority corpus; not labeled broken without reliable target readback.
non_corpus_internal_target,UNKNOWN,https://fermatmind.com/zh/articles/how-to-read-big-five-results-without-self-labeling,https://fermatmind.com/zh/item-design-notes,footer,题目设计说明,UNKNOWN,Target is not in current authority corpus; not labeled broken without reliable target readback.
non_corpus_internal_target,UNKNOWN,https://fermatmind.com/zh/articles/how-to-read-big-five-results-without-self-labeling,https://fermatmind.com/zh/reliability-validity,footer,信度效度,UNKNOWN,Target is not in current authority corpus; not labeled broken without reliable target readback.
non_corpus_internal_target,UNKNOWN,https://fermatmind.com/zh/articles/how-to-read-big-five-results-without-self-labeling,https://fermatmind.com/zh/data-privacy,footer,数据说明,UNKNOWN,Target is not in current authority corpus; not labeled broken without reliable target readback.
non_corpus_internal_target,UNKNOWN,https://fermatmind.com/zh/articles/how-to-read-big-five-results-without-self-labeling,https://fermatmind.com/zh/common-misconceptions,footer,常见误区,UNKNOWN,Target is not in current authority corpus; not labeled broken without reliable target readback.
non_corpus_internal_target,UNKNOWN,https://fermatmind.com/zh/articles/iq-test-growth-guide,https://fermatmind.com/zh/tests?q=,header/navigation,,UNKNOWN,Target is not in current authority corpus; not labeled broken without reliable target readback.
non_corpus_internal_target,UNKNOWN,https://fermatmind.com/zh/articles/iq-test-growth-guide,https://fermatmind.com/zh/tests/mbti-personality-test-16-personality-types?entry_surface=article_detail_seo_cta&source_page_type=article_detail&source_route_family=article&source_slug=iq-test-growth-guide&content_id=5&target_action=seo_cta_start_test&test_slug=mbti-personality-test-16-personality-types&target_test_slug=mbti-personality-test-16-personality-types&cta_id=start_test&landing_path=%2Fzh%2Farticles%2Fiq-test-growth-guide&entrypoint=seo_cta,inline contextual,开始测试,UNKNOWN,Target is not in current authority corpus; not labeled broken without reliable target readback.
non_corpus_internal_target,UNKNOWN,https://fermatmind.com/zh/articles/iq-test-growth-guide,https://fermatmind.com/zh/science,footer,测评科学,UNKNOWN,Target is not in current authority corpus; not labeled broken without reliable target readback.
non_corpus_internal_target,UNKNOWN,https://fermatmind.com/zh/articles/iq-test-growth-guide,https://fermatmind.com/zh/item-design-notes,footer,题目设计说明,UNKNOWN,Target is not in current authority corpus; not labeled broken without reliable target readback.
non_corpus_internal_target,UNKNOWN,https://fermatmind.com/zh/articles/iq-test-growth-guide,https://fermatmind.com/zh/reliability-validity,footer,信度效度,UNKNOWN,Target is not in current authority corpus; not labeled broken without reliable target readback.
non_corpus_internal_target,UNKNOWN,https://fermatmind.com/zh/articles/iq-test-growth-guide,https://fermatmind.com/zh/data-privacy,footer,数据说明,UNKNOWN,Target is not in current authority corpus; not labeled broken without reliable target readback.
non_corpus_internal_target,UNKNOWN,https://fermatmind.com/zh/articles/iq-test-growth-guide,https://fermatmind.com/zh/common-misconceptions,footer,常见误区,UNKNOWN,Target is not in current authority corpus; not labeled broken without reliable target readback.
non_corpus_internal_target,UNKNOWN,https://fermatmind.com/zh/articles/iq-test-narrative-portrait,https://fermatmind.com/zh/tests?q=,header/navigation,,UNKNOWN,Target is not in current authority corpus; not labeled broken without reliable target readback.
non_corpus_internal_target,UNKNOWN,https://fermatmind.com/zh/articles/iq-test-narrative-portrait,https://fermatmind.com/zh/tests/mbti-personality-test-16-personality-types?entry_surface=article_detail_seo_cta&source_page_type=article_detail&source_route_family=article&source_slug=iq-test-narrative-portrait&content_id=6&target_action=seo_cta_start_test&test_slug=mbti-personality-test-16-personality-types&target_test_slug=mbti-personality-test-16-personality-types&cta_id=start_test&landing_path=%2Fzh%2Farticles%2Fiq-test-narrative-portrait&entrypoint=seo_cta,inline contextual,开始测试,UNKNOWN,Target is not in current authority corpus; not labeled broken without reliable target readback.
non_corpus_internal_target,UNKNOWN,https://fermatmind.com/zh/articles/iq-test-narrative-portrait,https://fermatmind.com/zh/science,footer,测评科学,UNKNOWN,Target is not in current authority corpus; not labeled broken without reliable target readback.
non_corpus_internal_target,UNKNOWN,https://fermatmind.com/zh/articles/iq-test-narrative-portrait,https://fermatmind.com/zh/item-design-notes,footer,题目设计说明,UNKNOWN,Target is not in current authority corpus; not labeled broken without reliable target readback.
non_corpus_internal_target,UNKNOWN,https://fermatmind.com/zh/articles/iq-test-narrative-portrait,https://fermatmind.com/zh/reliability-validity,footer,信度效度,UNKNOWN,Target is not in current authority corpus; not labeled broken without reliable target readback.
non_corpus_internal_target,UNKNOWN,https://fermatmind.com/zh/articles/iq-test-narrative-portrait,https://fermatmind.com/zh/data-privacy,footer,数据说明,UNKNOWN,Target is not in current authority corpus; not labeled broken without reliable target readback.
non_corpus_internal_target,UNKNOWN,https://fermatmind.com/zh/articles/iq-test-narrative-portrait,https://fermatmind.com/zh/common-misconceptions,footer,常见误区,UNKNOWN,Target is not in current authority corpus; not labeled broken without reliable target readback.
non_corpus_internal_target,UNKNOWN,https://fermatmind.com/zh/articles/iq-test-score-and-limits-explained,https://fermatmind.com/zh/tests?q=,header/navigation,,UNKNOWN,Target is not in current authority corpus; not labeled broken without reliable target readback.
non_corpus_internal_target,UNKNOWN,https://fermatmind.com/zh/articles/iq-test-score-and-limits-explained,https://fermatmind.com/zh/tests/iq-test-intelligence-quotient-assessment?entry_surface=article_detail_seo_cta&source_page_type=article_detail&source_route_family=article&source_slug=iq-test-score-and-limits-explained&content_id=50&target_action=seo_cta_primary_iq_test&test_slug=iq-test-intelligence-quotient-assessment&target_test_slug=iq-test-intelligence-quotient-assessment&cta_id=primary_iq_test&landing_path=%2Fzh%2Farticles%2Fiq-test-score-and-limits-explained&entrypoint=seo_cta,inline contextual,开始 IQ 智商测试,UNKNOWN,Target is not in current authority corpus; not labeled broken without reliable target readback.
non_corpus_internal_target,UNKNOWN,https://fermatmind.com/zh/articles/iq-test-score-and-limits-explained,https://fermatmind.com/zh/reliability-validity,inline contextual,信度与效度,UNKNOWN,Target is not in current authority corpus; not labeled broken without reliable target readback.
non_corpus_internal_target,UNKNOWN,https://fermatmind.com/zh/articles/iq-test-score-and-limits-explained,https://fermatmind.com/zh/science,inline contextual,测评科学,UNKNOWN,Target is not in current authority corpus; not labeled broken without reliable target readback.
non_corpus_internal_target,UNKNOWN,https://fermatmind.com/zh/articles/iq-test-score-and-limits-explained,https://fermatmind.com/zh/reliability-validity,inline contextual,信度与效度,UNKNOWN,Target is not in current authority corpus; not labeled broken without reliable target readback.
non_corpus_internal_target,UNKNOWN,https://fermatmind.com/zh/articles/iq-test-score-and-limits-explained,https://fermatmind.com/zh/item-design-notes,inline contextual,题目设计说明,UNKNOWN,Target is not in current authority corpus; not labeled broken without reliable target readback.
non_corpus_internal_target,UNKNOWN,https://fermatmind.com/zh/articles/iq-test-score-and-limits-explained,https://fermatmind.com/zh/common-misconceptions,inline contextual,测评常见误区,UNKNOWN,Target is not in current authority corpus; not labeled broken without reliable target readback.
non_corpus_internal_target,UNKNOWN,https://fermatmind.com/zh/articles/iq-test-score-and-limits-explained,https://fermatmind.com/zh/data-privacy,inline contextual,数据与隐私,UNKNOWN,Target is not in current authority corpus; not labeled broken without reliable target readback.
non_corpus_internal_target,UNKNOWN,https://fermatmind.com/zh/articles/iq-test-score-and-limits-explained,https://fermatmind.com/zh/science,footer,测评科学,UNKNOWN,Target is not in current authority corpus; not labeled broken without reliable target readback.
non_corpus_internal_target,UNKNOWN,https://fermatmind.com/zh/articles/iq-test-score-and-limits-explained,https://fermatmind.com/zh/item-design-notes,footer,题目设计说明,UNKNOWN,Target is not in current authority corpus; not labeled broken without reliable target readback.
non_corpus_internal_target,UNKNOWN,https://fermatmind.com/zh/articles/iq-test-score-and-limits-explained,https://fermatmind.com/zh/reliability-validity,footer,信度效度,UNKNOWN,Target is not in current authority corpus; not labeled broken without reliable target readback.
non_corpus_internal_target,UNKNOWN,https://fermatmind.com/zh/articles/iq-test-score-and-limits-explained,https://fermatmind.com/zh/data-privacy,footer,数据说明,UNKNOWN,Target is not in current authority corpus; not labeled broken without reliable target readback.
non_corpus_internal_target,UNKNOWN,https://fermatmind.com/zh/articles/iq-test-score-and-limits-explained,https://fermatmind.com/zh/common-misconceptions,footer,常见误区,UNKNOWN,Target is not in current authority corpus; not labeled broken without reliable target readback.
non_corpus_internal_target,UNKNOWN,https://fermatmind.com/zh/articles/iq-test-tool-guide,https://fermatmind.com/zh/tests?q=,header/navigation,,UNKNOWN,Target is not in current authority corpus; not labeled broken without reliable target readback.
non_corpus_internal_target,UNKNOWN,https://fermatmind.com/zh/articles/iq-test-tool-guide,https://fermatmind.com/zh/tests/mbti-personality-test-16-personality-types?entry_surface=article_detail_seo_cta&source_page_type=article_detail&source_route_family=article&source_slug=iq-test-tool-guide&content_id=7&target_action=seo_cta_start_test&test_slug=mbti-personality-test-16-personality-types&target_test_slug=mbti-personality-test-16-personality-types&cta_id=start_test&landing_path=%2Fzh%2Farticles%2Fiq-test-tool-guide&entrypoint=seo_cta,inline contextual,开始测试,UNKNOWN,Target is not in current authority corpus; not labeled broken without reliable target readback.
non_corpus_internal_target,UNKNOWN,https://fermatmind.com/zh/articles/iq-test-tool-guide,https://fermatmind.com/zh/science,footer,测评科学,UNKNOWN,Target is not in current authority corpus; not labeled broken without reliable target readback.
non_corpus_internal_target,UNKNOWN,https://fermatmind.com/zh/articles/iq-test-tool-guide,https://fermatmind.com/zh/item-design-notes,footer,题目设计说明,UNKNOWN,Target is not in current authority corpus; not labeled broken without reliable target readback.
non_corpus_internal_target,UNKNOWN,https://fermatmind.com/zh/articles/iq-test-tool-guide,https://fermatmind.com/zh/reliability-validity,footer,信度效度,UNKNOWN,Target is not in current authority corpus; not labeled broken without reliable target readback.
non_corpus_internal_target,UNKNOWN,https://fermatmind.com/zh/articles/iq-test-tool-guide,https://fermatmind.com/zh/data-privacy,footer,数据说明,UNKNOWN,Target is not in current authority corpus; not labeled broken without reliable target readback.
non_corpus_internal_target,UNKNOWN,https://fermatmind.com/zh/articles/iq-test-tool-guide,https://fermatmind.com/zh/common-misconceptions,footer,常见误区,UNKNOWN,Target is not in current authority corpus; not labeled broken without reliable target readback.
non_corpus_internal_target,UNKNOWN,https://fermatmind.com/zh/articles/life-events-and-personality-change-what-research-can-say,https://fermatmind.com/zh/tests?q=,header/navigation,,UNKNOWN,Target is not in current authority corpus; not labeled broken without reliable target readback.
non_corpus_internal_target,UNKNOWN,https://fermatmind.com/zh/articles/life-events-and-personality-change-what-research-can-say,https://fermatmind.com/zh/tests/big-five-personality-test-ocean-model?entry_surface=article_detail_seo_cta&source_page_type=article_detail&source_route_family=article&source_slug=life-events-and-personality-change-what-research-can-say&content_id=174&target_action=seo_cta_start_test&test_slug=big-five-personality-test-ocean-model&target_test_slug=big-five-personality-test-ocean-model&cta_id=start_test&landing_path=%2Fzh%2Farticles%2Flife-events-and-personality-change-what-research-can-say&entrypoint=seo_cta,inline contextual,开始测试,UNKNOWN,Target is not in current authority corpus; not labeled broken without reliable target readback.
non_corpus_internal_target,UNKNOWN,https://fermatmind.com/zh/articles/life-events-and-personality-change-what-research-can-say,https://fermatmind.com/zh/science,footer,测评科学,UNKNOWN,Target is not in current authority corpus; not labeled broken without reliable target readback.
non_corpus_internal_target,UNKNOWN,https://fermatmind.com/zh/articles/life-events-and-personality-change-what-research-can-say,https://fermatmind.com/zh/item-design-notes,footer,题目设计说明,UNKNOWN,Target is not in current authority corpus; not labeled broken without reliable target readback.
non_corpus_internal_target,UNKNOWN,https://fermatmind.com/zh/articles/life-events-and-personality-change-what-research-can-say,https://fermatmind.com/zh/reliability-validity,footer,信度效度,UNKNOWN,Target is not in current authority corpus; not labeled broken without reliable target readback.
non_corpus_internal_target,UNKNOWN,https://fermatmind.com/zh/articles/life-events-and-personality-change-what-research-can-say,https://fermatmind.com/zh/data-privacy,footer,数据说明,UNKNOWN,Target is not in current authority corpus; not labeled broken without reliable target readback.
non_corpus_internal_target,UNKNOWN,https://fermatmind.com/zh/articles/life-events-and-personality-change-what-research-can-say,https://fermatmind.com/zh/common-misconceptions,footer,常见误区,UNKNOWN,Target is not in current authority corpus; not labeled broken without reliable target readback.
non_corpus_internal_target,UNKNOWN,https://fermatmind.com/zh/articles/major-career-mismatch-job-search-skills-plan,https://fermatmind.com/zh/tests?q=,header/navigation,,UNKNOWN,Target is not in current authority corpus; not labeled broken without reliable target readback.
non_corpus_internal_target,UNKNOWN,https://fermatmind.com/zh/articles/major-career-mismatch-job-search-skills-plan,https://fermatmind.com/zh/tests/holland-career-interest-test-riasec?entry_surface=article_detail_seo_cta&source_page_type=article_detail&source_route_family=article&source_slug=major-career-mismatch-job-search-skills-plan&content_id=72&target_action=seo_cta_article_cta_1&test_slug=holland-career-interest-test-riasec&target_test_slug=holland-career-interest-test-riasec&cta_id=article_cta_1&landing_path=%2Fzh%2Farticles%2Fmajor-career-mismatch-job-search-skills-plan&entrypoint=seo_cta,inline contextual,先做霍兰德职业兴趣测试，把兴趣转成岗位验证问题,UNKNOWN,Target is not in current authority corpus; not labeled broken without reliable target readback.
non_corpus_internal_target,UNKNOWN,https://fermatmind.com/zh/articles/major-career-mismatch-job-search-skills-plan,https://fermatmind.com/zh/tests/holland-career-interest-test-riasec?entry_surface=article_detail_seo_cta&source_page_type=article_detail&source_route_family=article&source_slug=major-career-mismatch-job-search-skills-plan&content_id=72&target_action=seo_cta_article_cta_2&test_slug=holland-career-interest-test-riasec&target_test_slug=holland-career-interest-test-riasec&cta_id=article_cta_2&landing_path=%2Fzh%2Farticles%2Fmajor-career-mismatch-job-search-skills-plan&entrypoint=seo_cta,inline contextual,开始霍兰德职业兴趣测试,UNKNOWN,Target is not in current authority corpus; not labeled broken without reliable target readback.
non_corpus_internal_target,UNKNOWN,https://fermatmind.com/zh/articles/major-career-mismatch-job-search-skills-plan,https://fermatmind.com/zh/science,footer,测评科学,UNKNOWN,Target is not in current authority corpus; not labeled broken without reliable target readback.
non_corpus_internal_target,UNKNOWN,https://fermatmind.com/zh/articles/major-career-mismatch-job-search-skills-plan,https://fermatmind.com/zh/item-design-notes,footer,题目设计说明,UNKNOWN,Target is not in current authority corpus; not labeled broken without reliable target readback.
non_corpus_internal_target,UNKNOWN,https://fermatmind.com/zh/articles/major-career-mismatch-job-search-skills-plan,https://fermatmind.com/zh/reliability-validity,footer,信度效度,UNKNOWN,Target is not in current authority corpus; not labeled broken without reliable target readback.
non_corpus_internal_target,UNKNOWN,https://fermatmind.com/zh/articles/major-career-mismatch-job-search-skills-plan,https://fermatmind.com/zh/data-privacy,footer,数据说明,UNKNOWN,Target is not in current authority corpus; not labeled broken without reliable target readback.
non_corpus_internal_target,UNKNOWN,https://fermatmind.com/zh/articles/major-career-mismatch-job-search-skills-plan,https://fermatmind.com/zh/common-misconceptions,footer,常见误区,UNKNOWN,Target is not in current authority corpus; not labeled broken without reliable target readback.
non_corpus_internal_target,UNKNOWN,https://fermatmind.com/zh/articles/major-category-program-tracking-riasec-choice-checklist,https://fermatmind.com/zh/tests?q=,header/navigation,,UNKNOWN,Target is not in current authority corpus; not labeled broken without reliable target readback.
non_corpus_internal_target,UNKNOWN,https://fermatmind.com/zh/articles/major-category-program-tracking-riasec-choice-checklist,https://fermatmind.com/zh/tests/holland-career-interest-test-riasec?entry_surface=article_detail_seo_cta&source_page_type=article_detail&source_route_family=article&source_slug=major-category-program-tracking-riasec-choice-checklist&content_id=84&target_action=seo_cta_article_cta_1&test_slug=holland-career-interest-test-riasec&target_test_slug=holland-career-interest-test-riasec&cta_id=article_cta_1&landing_path=%2Fzh%2Farticles%2Fmajor-category-program-tracking-riasec-choice-checklist&entrypoint=seo_cta,inline contextual,先做霍兰德职业兴趣测试，把兴趣结果转成分流验证问题,UNKNOWN,Target is not in current authority corpus; not labeled broken without reliable target readback.
non_corpus_internal_target,UNKNOWN,https://fermatmind.com/zh/articles/major-category-program-tracking-riasec-choice-checklist,https://fermatmind.com/zh/tests/holland-career-interest-test-riasec?entry_surface=article_detail_seo_cta&source_page_type=article_detail&source_route_family=article&source_slug=major-category-program-tracking-riasec-choice-checklist&content_id=84&target_action=seo_cta_article_cta_2&test_slug=holland-career-interest-test-riasec&target_test_slug=holland-career-interest-test-riasec&cta_id=article_cta_2&landing_path=%2Fzh%2Farticles%2Fmajor-category-program-tracking-riasec-choice-checklist&entrypoint=seo_cta,inline contextual,开始霍兰德职业兴趣测试，再填写专业分流矩阵,UNKNOWN,Target is not in current authority corpus; not labeled broken without reliable target readback.
non_corpus_internal_target,UNKNOWN,https://fermatmind.com/zh/articles/major-category-program-tracking-riasec-choice-checklist,https://fermatmind.com/zh/science,footer,测评科学,UNKNOWN,Target is not in current authority corpus; not labeled broken without reliable target readback.
non_corpus_internal_target,UNKNOWN,https://fermatmind.com/zh/articles/major-category-program-tracking-riasec-choice-checklist,https://fermatmind.com/zh/item-design-notes,footer,题目设计说明,UNKNOWN,Target is not in current authority corpus; not labeled broken without reliable target readback.
non_corpus_internal_target,UNKNOWN,https://fermatmind.com/zh/articles/major-category-program-tracking-riasec-choice-checklist,https://fermatmind.com/zh/reliability-validity,footer,信度效度,UNKNOWN,Target is not in current authority corpus; not labeled broken without reliable target readback.
non_corpus_internal_target,UNKNOWN,https://fermatmind.com/zh/articles/major-category-program-tracking-riasec-choice-checklist,https://fermatmind.com/zh/data-privacy,footer,数据说明,UNKNOWN,Target is not in current authority corpus; not labeled broken without reliable target readback.
non_corpus_internal_target,UNKNOWN,https://fermatmind.com/zh/articles/major-category-program-tracking-riasec-choice-checklist,https://fermatmind.com/zh/common-misconceptions,footer,常见误区,UNKNOWN,Target is not in current authority corpus; not labeled broken without reliable target readback.
non_corpus_internal_target,UNKNOWN,https://fermatmind.com/zh/articles/math-not-good-computer-ai-major-course-riasec-checklist,https://fermatmind.com/zh/tests?q=,header/navigation,,UNKNOWN,Target is not in current authority corpus; not labeled broken without reliable target readback.
non_corpus_internal_target,UNKNOWN,https://fermatmind.com/zh/articles/math-not-good-computer-ai-major-course-riasec-checklist,https://fermatmind.com/zh/tests/holland-career-interest-test-riasec?entry_surface=article_detail_seo_cta&source_page_type=article_detail&source_route_family=article&source_slug=math-not-good-computer-ai-major-course-riasec-checklist&content_id=59&target_action=seo_cta_math_computer_ai_riasec_primary&test_slug=holland-career-interest-test-riasec&target_test_slug=holland-career-interest-test-riasec&cta_id=math_computer_ai_riasec_primary&landing_path=%2Fzh%2Farticles%2Fmath-not-good-computer-ai-major-course-riasec-checklist&entrypoint=seo_cta,inline contextual,先做霍兰德职业兴趣测试,UNKNOWN,Target is not in current authority corpus; not labeled broken without reliable target readback.
non_corpus_internal_target,UNKNOWN,https://fermatmind.com/zh/articles/math-not-good-computer-ai-major-course-riasec-checklist,https://fermatmind.com/zh/tests/mbti-personality-test-16-personality-types?entry_surface=article_detail_seo_cta&source_page_type=article_detail&source_route_family=article&source_slug=math-not-good-computer-ai-major-course-riasec-checklist&content_id=59&target_action=seo_cta_math_computer_ai_mbti_secondary&test_slug=mbti-personality-test-16-personality-types&target_test_slug=mbti-personality-test-16-personality-types&cta_id=math_computer_ai_mbti_secondary&landing_path=%2Fzh%2Farticles%2Fmath-not-good-computer-ai-major-course-riasec-checklist&entrypoint=seo_cta,inline contextual,用 MBTI 补充理解学习和决策偏好,UNKNOWN,Target is not in current authority corpus; not labeled broken without reliable target readback.
non_corpus_internal_target,UNKNOWN,https://fermatmind.com/zh/articles/math-not-good-computer-ai-major-course-riasec-checklist,https://fermatmind.com/zh/science,footer,测评科学,UNKNOWN,Target is not in current authority corpus; not labeled broken without reliable target readback.
non_corpus_internal_target,UNKNOWN,https://fermatmind.com/zh/articles/math-not-good-computer-ai-major-course-riasec-checklist,https://fermatmind.com/zh/item-design-notes,footer,题目设计说明,UNKNOWN,Target is not in current authority corpus; not labeled broken without reliable target readback.
non_corpus_internal_target,UNKNOWN,https://fermatmind.com/zh/articles/math-not-good-computer-ai-major-course-riasec-checklist,https://fermatmind.com/zh/reliability-validity,footer,信度效度,UNKNOWN,Target is not in current authority corpus; not labeled broken without reliable target readback.
non_corpus_internal_target,UNKNOWN,https://fermatmind.com/zh/articles/math-not-good-computer-ai-major-course-riasec-checklist,https://fermatmind.com/zh/data-privacy,footer,数据说明,UNKNOWN,Target is not in current authority corpus; not labeled broken without reliable target readback.
non_corpus_internal_target,UNKNOWN,https://fermatmind.com/zh/articles/math-not-good-computer-ai-major-course-riasec-checklist,https://fermatmind.com/zh/common-misconceptions,footer,常见误区,UNKNOWN,Target is not in current authority corpus; not labeled broken without reliable target readback.
non_corpus_internal_target,UNKNOWN,https://fermatmind.com/zh/articles/mbti-basics,https://fermatmind.com/zh/tests?q=,header/navigation,,UNKNOWN,Target is not in current authority corpus; not labeled broken without reliable target readback.
non_corpus_internal_target,UNKNOWN,https://fermatmind.com/zh/articles/mbti-basics,https://fermatmind.com/zh/tests/mbti-personality-test-16-personality-types?entry_surface=article_detail_seo_cta&source_page_type=article_detail&source_route_family=article&source_slug=mbti-basics&content_id=8&target_action=seo_cta_p0_ctr_primary_test_cta&test_slug=mbti-personality-test-16-personality-types&target_test_slug=mbti-personality-test-16-personality-types&cta_id=p0_ctr_primary_test_cta&landing_path=%2Fzh%2Farticles%2Fmbti-basics&entrypoint=seo_cta,inline contextual,开始免费 MBTI 测试,UNKNOWN,Target is not in current authority corpus; not labeled broken without reliable target readback.
non_corpus_internal_target,UNKNOWN,https://fermatmind.com/zh/articles/mbti-basics,https://fermatmind.com/zh/reliability-validity,inline contextual,信度效度说明,UNKNOWN,Target is not in current authority corpus; not labeled broken without reliable target readback.
non_corpus_internal_target,UNKNOWN,https://fermatmind.com/zh/articles/mbti-basics,https://fermatmind.com/zh/science,inline contextual,测评科学,UNKNOWN,Target is not in current authority corpus; not labeled broken without reliable target readback.
non_corpus_internal_target,UNKNOWN,https://fermatmind.com/zh/articles/mbti-basics,https://fermatmind.com/zh/reliability-validity,inline contextual,信度效度,UNKNOWN,Target is not in current authority corpus; not labeled broken without reliable target readback.
non_corpus_internal_target,UNKNOWN,https://fermatmind.com/zh/articles/mbti-basics,https://fermatmind.com/zh/common-misconceptions,inline contextual,常见误区,UNKNOWN,Target is not in current authority corpus; not labeled broken without reliable target readback.
non_corpus_internal_target,UNKNOWN,https://fermatmind.com/zh/articles/mbti-basics,https://fermatmind.com/zh/data-privacy,inline contextual,数据隐私,UNKNOWN,Target is not in current authority corpus; not labeled broken without reliable target readback.
non_corpus_internal_target,UNKNOWN,https://fermatmind.com/zh/articles/mbti-basics,https://fermatmind.com/zh/science,footer,测评科学,UNKNOWN,Target is not in current authority corpus; not labeled broken without reliable target readback.
non_corpus_internal_target,UNKNOWN,https://fermatmind.com/zh/articles/mbti-basics,https://fermatmind.com/zh/item-design-notes,footer,题目设计说明,UNKNOWN,Target is not in current authority corpus; not labeled broken without reliable target readback.
non_corpus_internal_target,UNKNOWN,https://fermatmind.com/zh/articles/mbti-basics,https://fermatmind.com/zh/reliability-validity,footer,信度效度,UNKNOWN,Target is not in current authority corpus; not labeled broken without reliable target readback.
non_corpus_internal_target,UNKNOWN,https://fermatmind.com/zh/articles/mbti-basics,https://fermatmind.com/zh/data-privacy,footer,数据说明,UNKNOWN,Target is not in current authority corpus; not labeled broken without reliable target readback.
non_corpus_internal_target,UNKNOWN,https://fermatmind.com/zh/articles/mbti-basics,https://fermatmind.com/zh/common-misconceptions,footer,常见误区,UNKNOWN,Target is not in current authority corpus; not labeled broken without reliable target readback.
non_corpus_internal_target,UNKNOWN,https://fermatmind.com/zh/articles/mbti-full-report-career-relationship-communication,https://fermatmind.com/zh/tests?q=,header/navigation,,UNKNOWN,Target is not in current authority corpus; not labeled broken without reliable target readback.
non_corpus_internal_target,UNKNOWN,https://fermatmind.com/zh/articles/mbti-full-report-career-relationship-communication,https://fermatmind.com/zh/tests/mbti-personality-test-16-personality-types?entry_surface=article_detail_seo_cta&source_page_type=article_detail&source_route_family=article&source_slug=mbti-full-report-career-relationship-communication&content_id=60&target_action=seo_cta_article_cta_1&test_slug=mbti-personality-test-16-personality-types&target_test_slug=mbti-personality-test-16-personality-types&cta_id=article_cta_1&landing_path=%2Fzh%2Farticles%2Fmbti-full-report-career-relationship-communication&entrypoint=seo_cta,inline contextual,开始免费 MBTI 测试,UNKNOWN,Target is not in current authority corpus; not labeled broken without reliable target readback.
non_corpus_internal_target,UNKNOWN,https://fermatmind.com/zh/articles/mbti-full-report-career-relationship-communication,https://fermatmind.com/zh/science,footer,测评科学,UNKNOWN,Target is not in current authority corpus; not labeled broken without reliable target readback.
non_corpus_internal_target,UNKNOWN,https://fermatmind.com/zh/articles/mbti-full-report-career-relationship-communication,https://fermatmind.com/zh/item-design-notes,footer,题目设计说明,UNKNOWN,Target is not in current authority corpus; not labeled broken without reliable target readback.
non_corpus_internal_target,UNKNOWN,https://fermatmind.com/zh/articles/mbti-full-report-career-relationship-communication,https://fermatmind.com/zh/reliability-validity,footer,信度效度,UNKNOWN,Target is not in current authority corpus; not labeled broken without reliable target readback.
non_corpus_internal_target,UNKNOWN,https://fermatmind.com/zh/articles/mbti-full-report-career-relationship-communication,https://fermatmind.com/zh/data-privacy,footer,数据说明,UNKNOWN,Target is not in current authority corpus; not labeled broken without reliable target readback.
non_corpus_internal_target,UNKNOWN,https://fermatmind.com/zh/articles/mbti-full-report-career-relationship-communication,https://fermatmind.com/zh/common-misconceptions,footer,常见误区,UNKNOWN,Target is not in current authority corpus; not labeled broken without reliable target readback.
non_corpus_internal_target,UNKNOWN,https://fermatmind.com/zh/articles/mbti-growth-guide,https://fermatmind.com/zh/tests?q=,header/navigation,,UNKNOWN,Target is not in current authority corpus; not labeled broken without reliable target readback.
non_corpus_internal_target,UNKNOWN,https://fermatmind.com/zh/articles/mbti-growth-guide,https://fermatmind.com/zh/tests/mbti-personality-test-16-personality-types?entry_surface=article_detail_seo_cta&source_page_type=article_detail&source_route_family=article&source_slug=mbti-growth-guide&content_id=9&target_action=seo_cta_start_test&test_slug=mbti-personality-test-16-personality-types&target_test_slug=mbti-personality-test-16-personality-types&cta_id=start_test&landing_path=%2Fzh%2Farticles%2Fmbti-growth-guide&entrypoint=seo_cta,inline contextual,开始测试,UNKNOWN,Target is not in current authority corpus; not labeled broken without reliable target readback.
non_corpus_internal_target,UNKNOWN,https://fermatmind.com/zh/articles/mbti-growth-guide,https://fermatmind.com/personality,inline contextual,人格,UNKNOWN,Target is not in current authority corpus; not labeled broken without reliable target readback.
non_corpus_internal_target,UNKNOWN,https://fermatmind.com/zh/articles/mbti-growth-guide,https://fermatmind.com/support/mbti-facts,inline contextual,MBTI facts,UNKNOWN,Target is not in current authority corpus; not labeled broken without reliable target readback.
non_corpus_internal_target,UNKNOWN,https://fermatmind.com/zh/articles/mbti-growth-guide,https://fermatmind.com/zh/science,footer,测评科学,UNKNOWN,Target is not in current authority corpus; not labeled broken without reliable target readback.
non_corpus_internal_target,UNKNOWN,https://fermatmind.com/zh/articles/mbti-growth-guide,https://fermatmind.com/zh/item-design-notes,footer,题目设计说明,UNKNOWN,Target is not in current authority corpus; not labeled broken without reliable target readback.
non_corpus_internal_target,UNKNOWN,https://fermatmind.com/zh/articles/mbti-growth-guide,https://fermatmind.com/zh/reliability-validity,footer,信度效度,UNKNOWN,Target is not in current authority corpus; not labeled broken without reliable target readback.
non_corpus_internal_target,UNKNOWN,https://fermatmind.com/zh/articles/mbti-growth-guide,https://fermatmind.com/zh/data-privacy,footer,数据说明,UNKNOWN,Target is not in current authority corpus; not labeled broken without reliable target readback.
non_corpus_internal_target,UNKNOWN,https://fermatmind.com/zh/articles/mbti-growth-guide,https://fermatmind.com/zh/common-misconceptions,footer,常见误区,UNKNOWN,Target is not in current authority corpus; not labeled broken without reliable target readback.
non_corpus_internal_target,UNKNOWN,https://fermatmind.com/zh/articles/mbti-narrative-portrait,https://fermatmind.com/zh/tests?q=,header/navigation,,UNKNOWN,Target is not in current authority corpus; not labeled broken without reliable target readback.
non_corpus_internal_target,UNKNOWN,https://fermatmind.com/zh/articles/mbti-narrative-portrait,https://fermatmind.com/zh/tests/mbti-personality-test-16-personality-types?entry_surface=article_detail_seo_cta&source_page_type=article_detail&source_route_family=article&source_slug=mbti-narrative-portrait&content_id=10&target_action=seo_cta_start_test&test_slug=mbti-personality-test-16-personality-types&target_test_slug=mbti-personality-test-16-personality-types&cta_id=start_test&landing_path=%2Fzh%2Farticles%2Fmbti-narrative-portrait&entrypoint=seo_cta,inline contextual,开始测试,UNKNOWN,Target is not in current authority corpus; not labeled broken without reliable target readback.
non_corpus_internal_target,UNKNOWN,https://fermatmind.com/zh/articles/mbti-narrative-portrait,https://fermatmind.com/support/mbti-facts,inline contextual,MBTI facts,UNKNOWN,Target is not in current authority corpus; not labeled broken without reliable target readback.
non_corpus_internal_target,UNKNOWN,https://fermatmind.com/zh/articles/mbti-narrative-portrait,https://fermatmind.com/zh/science,footer,测评科学,UNKNOWN,Target is not in current authority corpus; not labeled broken without reliable target readback.
non_corpus_internal_target,UNKNOWN,https://fermatmind.com/zh/articles/mbti-narrative-portrait,https://fermatmind.com/zh/item-design-notes,footer,题目设计说明,UNKNOWN,Target is not in current authority corpus; not labeled broken without reliable target readback.
non_corpus_internal_target,UNKNOWN,https://fermatmind.com/zh/articles/mbti-narrative-portrait,https://fermatmind.com/zh/reliability-validity,footer,信度效度,UNKNOWN,Target is not in current authority corpus; not labeled broken without reliable target readback.
non_corpus_internal_target,UNKNOWN,https://fermatmind.com/zh/articles/mbti-narrative-portrait,https://fermatmind.com/zh/data-privacy,footer,数据说明,UNKNOWN,Target is not in current authority corpus; not labeled broken without reliable target readback.
non_corpus_internal_target,UNKNOWN,https://fermatmind.com/zh/articles/mbti-narrative-portrait,https://fermatmind.com/zh/common-misconceptions,footer,常见误区,UNKNOWN,Target is not in current authority corpus; not labeled broken without reliable target readback.
non_corpus_internal_target,UNKNOWN,https://fermatmind.com/zh/articles/mbti-personality-test-science-vs-pseudoscience,https://fermatmind.com/zh/tests?q=,header/navigation,,UNKNOWN,Target is not in current authority corpus; not labeled broken without reliable target readback.
non_corpus_internal_target,UNKNOWN,https://fermatmind.com/zh/articles/mbti-personality-test-science-vs-pseudoscience,https://fermatmind.com/zh/tests/mbti-personality-test-16-personality-types?entry_surface=article_detail_seo_cta&source_page_type=article_detail&source_route_family=article&source_slug=mbti-personality-test-science-vs-pseudoscience&content_id=33&target_action=seo_cta_start_test&test_slug=mbti-personality-test-16-personality-types&target_test_slug=mbti-personality-test-16-personality-types&cta_id=start_test&landing_path=%2Fzh%2Farticles%2Fmbti-personality-test-science-vs-pseudoscience&entrypoint=seo_cta,inline contextual,开始测试,UNKNOWN,Target is not in current authority corpus; not labeled broken without reliable target readback.
non_corpus_internal_target,UNKNOWN,https://fermatmind.com/zh/articles/mbti-personality-test-science-vs-pseudoscience,https://fermatmind.com/zh/tests/big-five-personality-test,inline contextual,大五人格测试 →,UNKNOWN,Target is not in current authority corpus; not labeled broken without reliable target readback.
non_corpus_internal_target,UNKNOWN,https://fermatmind.com/zh/articles/mbti-personality-test-science-vs-pseudoscience,https://fermatmind.com/zh/science,footer,测评科学,UNKNOWN,Target is not in current authority corpus; not labeled broken without reliable target readback.
non_corpus_internal_target,UNKNOWN,https://fermatmind.com/zh/articles/mbti-personality-test-science-vs-pseudoscience,https://fermatmind.com/zh/item-design-notes,footer,题目设计说明,UNKNOWN,Target is not in current authority corpus; not labeled broken without reliable target readback.
non_corpus_internal_target,UNKNOWN,https://fermatmind.com/zh/articles/mbti-personality-test-science-vs-pseudoscience,https://fermatmind.com/zh/reliability-validity,footer,信度效度,UNKNOWN,Target is not in current authority corpus; not labeled broken without reliable target readback.
non_corpus_internal_target,UNKNOWN,https://fermatmind.com/zh/articles/mbti-personality-test-science-vs-pseudoscience,https://fermatmind.com/zh/data-privacy,footer,数据说明,UNKNOWN,Target is not in current authority corpus; not labeled broken without reliable target readback.
non_corpus_internal_target,UNKNOWN,https://fermatmind.com/zh/articles/mbti-personality-test-science-vs-pseudoscience,https://fermatmind.com/zh/common-misconceptions,footer,常见误区,UNKNOWN,Target is not in current authority corpus; not labeled broken without reliable target readback.
non_corpus_internal_target,UNKNOWN,https://fermatmind.com/zh/articles/mbti-vs-holland-career-choice,https://fermatmind.com/zh/tests?q=,header/navigation,,UNKNOWN,Target is not in current authority corpus; not labeled broken without reliable target readback.
non_corpus_internal_target,UNKNOWN,https://fermatmind.com/zh/articles/mbti-vs-holland-career-choice,https://fermatmind.com/zh/tests/holland-career-interest-test-riasec?entry_surface=article_detail_seo_cta&source_page_type=article_detail&source_route_family=article&source_slug=mbti-vs-holland-career-choice&content_id=37&target_action=seo_cta_article_mbti_vs_holland_primary_riasec&test_slug=holland-career-interest-test-riasec&target_test_slug=holland-career-interest-test-riasec&cta_id=article_mbti_vs_holland_primary_riasec&landing_path=%2Fzh%2Farticles%2Fmbti-vs-holland-career-choice&entrypoint=seo_cta,inline contextual,先做霍兰德职业兴趣测试,UNKNOWN,Target is not in current authority corpus; not labeled broken without reliable target readback.
non_corpus_internal_target,UNKNOWN,https://fermatmind.com/zh/articles/mbti-vs-holland-career-choice,https://fermatmind.com/zh/tests/mbti-personality-test-16-personality-types?entry_surface=article_detail_seo_cta&source_page_type=article_detail&source_route_family=article&source_slug=mbti-vs-holland-career-choice&content_id=37&target_action=seo_cta_article_mbti_vs_holland_secondary_mbti&test_slug=mbti-personality-test-16-personality-types&target_test_slug=mbti-personality-test-16-personality-types&cta_id=article_mbti_vs_holland_secondary_mbti&landing_path=%2Fzh%2Farticles%2Fmbti-vs-holland-career-choice&entrypoint=seo_cta,inline contextual,再做 MBTI 性格测试,UNKNOWN,Target is not in current authority corpus; not labeled broken without reliable target readback.
non_corpus_internal_target,UNKNOWN,https://fermatmind.com/zh/articles/mbti-vs-holland-career-choice,https://fermatmind.com/zh/tests/big-five-personality-test-ocean-model?entry_surface=article_detail_seo_cta&source_page_type=article_detail&source_route_family=article&source_slug=mbti-vs-holland-career-choice&content_id=37&target_action=seo_cta_article_mbti_vs_holland_tertiary_big_five&test_slug=big-five-personality-test-ocean-model&target_test_slug=big-five-personality-test-ocean-model&cta_id=article_mbti_vs_holland_tertiary_big_five&landing_path=%2Fzh%2Farticles%2Fmbti-vs-holland-career-choice&entrypoint=seo_cta,inline contextual,补充做大五人格测试,UNKNOWN,Target is not in current authority corpus; not labeled broken without reliable target readback.
non_corpus_internal_target,UNKNOWN,https://fermatmind.com/zh/articles/mbti-vs-holland-career-choice,https://fermatmind.com/zh/tests/big-five-personality-test,inline contextual,用大五人格补充观察长期行为倾向,UNKNOWN,Target is not in current authority corpus; not labeled broken without reliable target readback.
non_corpus_internal_target,UNKNOWN,https://fermatmind.com/zh/articles/mbti-vs-holland-career-choice,https://fermatmind.com/zh/science,footer,测评科学,UNKNOWN,Target is not in current authority corpus; not labeled broken without reliable target readback.
non_corpus_internal_target,UNKNOWN,https://fermatmind.com/zh/articles/mbti-vs-holland-career-choice,https://fermatmind.com/zh/item-design-notes,footer,题目设计说明,UNKNOWN,Target is not in current authority corpus; not labeled broken without reliable target readback.
non_corpus_internal_target,UNKNOWN,https://fermatmind.com/zh/articles/mbti-vs-holland-career-choice,https://fermatmind.com/zh/reliability-validity,footer,信度效度,UNKNOWN,Target is not in current authority corpus; not labeled broken without reliable target readback.
non_corpus_internal_target,UNKNOWN,https://fermatmind.com/zh/articles/mbti-vs-holland-career-choice,https://fermatmind.com/zh/data-privacy,footer,数据说明,UNKNOWN,Target is not in current authority corpus; not labeled broken without reliable target readback.
non_corpus_internal_target,UNKNOWN,https://fermatmind.com/zh/articles/mbti-vs-holland-career-choice,https://fermatmind.com/zh/common-misconceptions,footer,常见误区,UNKNOWN,Target is not in current authority corpus; not labeled broken without reliable target readback.
non_corpus_internal_target,UNKNOWN,https://fermatmind.com/zh/articles/ocean-traits-what-the-five-letters-mean,https://fermatmind.com/zh/tests?q=,header/navigation,,UNKNOWN,Target is not in current authority corpus; not labeled broken without reliable target readback.
non_corpus_internal_target,UNKNOWN,https://fermatmind.com/zh/articles/ocean-traits-what-the-five-letters-mean,https://fermatmind.com/zh/tests/big-five-personality-test-ocean-model?entry_surface=article_detail_seo_cta&source_page_type=article_detail&source_route_family=article&source_slug=ocean-traits-what-the-five-letters-mean&content_id=175&target_action=seo_cta_start_test&test_slug=big-five-personality-test-ocean-model&target_test_slug=big-five-personality-test-ocean-model&cta_id=start_test&landing_path=%2Fzh%2Farticles%2Focean-traits-what-the-five-letters-mean&entrypoint=seo_cta,inline contextual,开始测试,UNKNOWN,Target is not in current authority corpus; not labeled broken without reliable target readback.
non_corpus_internal_target,UNKNOWN,https://fermatmind.com/zh/articles/ocean-traits-what-the-five-letters-mean,https://fermatmind.com/zh/science,footer,测评科学,UNKNOWN,Target is not in current authority corpus; not labeled broken without reliable target readback.
non_corpus_internal_target,UNKNOWN,https://fermatmind.com/zh/articles/ocean-traits-what-the-five-letters-mean,https://fermatmind.com/zh/item-design-notes,footer,题目设计说明,UNKNOWN,Target is not in current authority corpus; not labeled broken without reliable target readback.
non_corpus_internal_target,UNKNOWN,https://fermatmind.com/zh/articles/ocean-traits-what-the-five-letters-mean,https://fermatmind.com/zh/reliability-validity,footer,信度效度,UNKNOWN,Target is not in current authority corpus; not labeled broken without reliable target readback.
non_corpus_internal_target,UNKNOWN,https://fermatmind.com/zh/articles/ocean-traits-what-the-five-letters-mean,https://fermatmind.com/zh/data-privacy,footer,数据说明,UNKNOWN,Target is not in current authority corpus; not labeled broken without reliable target readback.
non_corpus_internal_target,UNKNOWN,https://fermatmind.com/zh/articles/ocean-traits-what-the-five-letters-mean,https://fermatmind.com/zh/common-misconceptions,footer,常见误区,UNKNOWN,Target is not in current authority corpus; not labeled broken without reliable target readback.
non_corpus_internal_target,UNKNOWN,https://fermatmind.com/zh/articles/openness-and-creativity-related-not-the-same,https://fermatmind.com/zh/tests?q=,header/navigation,,UNKNOWN,Target is not in current authority corpus; not labeled broken without reliable target readback.
non_corpus_internal_target,UNKNOWN,https://fermatmind.com/zh/articles/openness-and-creativity-related-not-the-same,https://fermatmind.com/zh/tests/big-five-personality-test-ocean-model?entry_surface=article_detail_seo_cta&source_page_type=article_detail&source_route_family=article&source_slug=openness-and-creativity-related-not-the-same&content_id=176&target_action=seo_cta_start_test&test_slug=big-five-personality-test-ocean-model&target_test_slug=big-five-personality-test-ocean-model&cta_id=start_test&landing_path=%2Fzh%2Farticles%2Fopenness-and-creativity-related-not-the-same&entrypoint=seo_cta,inline contextual,开始测试,UNKNOWN,Target is not in current authority corpus; not labeled broken without reliable target readback.
non_corpus_internal_target,UNKNOWN,https://fermatmind.com/zh/articles/openness-and-creativity-related-not-the-same,https://fermatmind.com/zh/science,footer,测评科学,UNKNOWN,Target is not in current authority corpus; not labeled broken without reliable target readback.
non_corpus_internal_target,UNKNOWN,https://fermatmind.com/zh/articles/openness-and-creativity-related-not-the-same,https://fermatmind.com/zh/item-design-notes,footer,题目设计说明,UNKNOWN,Target is not in current authority corpus; not labeled broken without reliable target readback.
non_corpus_internal_target,UNKNOWN,https://fermatmind.com/zh/articles/openness-and-creativity-related-not-the-same,https://fermatmind.com/zh/reliability-validity,footer,信度效度,UNKNOWN,Target is not in current authority corpus; not labeled broken without reliable target readback.
non_corpus_internal_target,UNKNOWN,https://fermatmind.com/zh/articles/openness-and-creativity-related-not-the-same,https://fermatmind.com/zh/data-privacy,footer,数据说明,UNKNOWN,Target is not in current authority corpus; not labeled broken without reliable target readback.
non_corpus_internal_target,UNKNOWN,https://fermatmind.com/zh/articles/openness-and-creativity-related-not-the-same,https://fermatmind.com/zh/common-misconceptions,footer,常见误区,UNKNOWN,Target is not in current authority corpus; not labeled broken without reliable target readback.
non_corpus_internal_target,UNKNOWN,https://fermatmind.com/zh/articles/personality-test-norms-percentiles-and-unknowns,https://fermatmind.com/zh/tests?q=,header/navigation,,UNKNOWN,Target is not in current authority corpus; not labeled broken without reliable target readback.
non_corpus_internal_target,UNKNOWN,https://fermatmind.com/zh/articles/personality-test-norms-percentiles-and-unknowns,https://fermatmind.com/zh/tests/big-five-personality-test-ocean-model?entry_surface=article_detail_seo_cta&source_page_type=article_detail&source_route_family=article&source_slug=personality-test-norms-percentiles-and-unknowns&content_id=177&target_action=seo_cta_start_test&test_slug=big-five-personality-test-ocean-model&target_test_slug=big-five-personality-test-ocean-model&cta_id=start_test&landing_path=%2Fzh%2Farticles%2Fpersonality-test-norms-percentiles-and-unknowns&entrypoint=seo_cta,inline contextual,开始测试,UNKNOWN,Target is not in current authority corpus; not labeled broken without reliable target readback.
non_corpus_internal_target,UNKNOWN,https://fermatmind.com/zh/articles/personality-test-norms-percentiles-and-unknowns,https://fermatmind.com/zh/science,footer,测评科学,UNKNOWN,Target is not in current authority corpus; not labeled broken without reliable target readback.
non_corpus_internal_target,UNKNOWN,https://fermatmind.com/zh/articles/personality-test-norms-percentiles-and-unknowns,https://fermatmind.com/zh/item-design-notes,footer,题目设计说明,UNKNOWN,Target is not in current authority corpus; not labeled broken without reliable target readback.
non_corpus_internal_target,UNKNOWN,https://fermatmind.com/zh/articles/personality-test-norms-percentiles-and-unknowns,https://fermatmind.com/zh/reliability-validity,footer,信度效度,UNKNOWN,Target is not in current authority corpus; not labeled broken without reliable target readback.
non_corpus_internal_target,UNKNOWN,https://fermatmind.com/zh/articles/personality-test-norms-percentiles-and-unknowns,https://fermatmind.com/zh/data-privacy,footer,数据说明,UNKNOWN,Target is not in current authority corpus; not labeled broken without reliable target readback.
non_corpus_internal_target,UNKNOWN,https://fermatmind.com/zh/articles/personality-test-norms-percentiles-and-unknowns,https://fermatmind.com/zh/common-misconceptions,footer,常见误区,UNKNOWN,Target is not in current authority corpus; not labeled broken without reliable target readback.
non_corpus_internal_target,UNKNOWN,https://fermatmind.com/zh/articles/procrastination-is-not-a-big-five-personality-label,https://fermatmind.com/zh/tests?q=,header/navigation,,UNKNOWN,Target is not in current authority corpus; not labeled broken without reliable target readback.
non_corpus_internal_target,UNKNOWN,https://fermatmind.com/zh/articles/procrastination-is-not-a-big-five-personality-label,https://fermatmind.com/zh/tests/big-five-personality-test-ocean-model?entry_surface=article_detail_seo_cta&source_page_type=article_detail&source_route_family=article&source_slug=procrastination-is-not-a-big-five-personality-label&content_id=178&target_action=seo_cta_start_test&test_slug=big-five-personality-test-ocean-model&target_test_slug=big-five-personality-test-ocean-model&cta_id=start_test&landing_path=%2Fzh%2Farticles%2Fprocrastination-is-not-a-big-five-personality-label&entrypoint=seo_cta,inline contextual,开始测试,UNKNOWN,Target is not in current authority corpus; not labeled broken without reliable target readback.
non_corpus_internal_target,UNKNOWN,https://fermatmind.com/zh/articles/procrastination-is-not-a-big-five-personality-label,https://fermatmind.com/zh/science,footer,测评科学,UNKNOWN,Target is not in current authority corpus; not labeled broken without reliable target readback.
non_corpus_internal_target,UNKNOWN,https://fermatmind.com/zh/articles/procrastination-is-not-a-big-five-personality-label,https://fermatmind.com/zh/item-design-notes,footer,题目设计说明,UNKNOWN,Target is not in current authority corpus; not labeled broken without reliable target readback.
non_corpus_internal_target,UNKNOWN,https://fermatmind.com/zh/articles/procrastination-is-not-a-big-five-personality-label,https://fermatmind.com/zh/reliability-validity,footer,信度效度,UNKNOWN,Target is not in current authority corpus; not labeled broken without reliable target readback.
non_corpus_internal_target,UNKNOWN,https://fermatmind.com/zh/articles/procrastination-is-not-a-big-five-personality-label,https://fermatmind.com/zh/data-privacy,footer,数据说明,UNKNOWN,Target is not in current authority corpus; not labeled broken without reliable target readback.
non_corpus_internal_target,UNKNOWN,https://fermatmind.com/zh/articles/procrastination-is-not-a-big-five-personality-label,https://fermatmind.com/zh/common-misconceptions,footer,常见误区,UNKNOWN,Target is not in current authority corpus; not labeled broken without reliable target readback.
non_corpus_internal_target,UNKNOWN,https://fermatmind.com/zh/articles/reliability-and-validity-in-personality-tests-explained,https://fermatmind.com/zh/tests?q=,header/navigation,,UNKNOWN,Target is not in current authority corpus; not labeled broken without reliable target readback.
non_corpus_internal_target,UNKNOWN,https://fermatmind.com/zh/articles/reliability-and-validity-in-personality-tests-explained,https://fermatmind.com/zh/tests/big-five-personality-test-ocean-model?entry_surface=article_detail_seo_cta&source_page_type=article_detail&source_route_family=article&source_slug=reliability-and-validity-in-personality-tests-explained&content_id=179&target_action=seo_cta_start_test&test_slug=big-five-personality-test-ocean-model&target_test_slug=big-five-personality-test-ocean-model&cta_id=start_test&landing_path=%2Fzh%2Farticles%2Freliability-and-validity-in-personality-tests-explained&entrypoint=seo_cta,inline contextual,开始测试,UNKNOWN,Target is not in current authority corpus; not labeled broken without reliable target readback.
non_corpus_internal_target,UNKNOWN,https://fermatmind.com/zh/articles/reliability-and-validity-in-personality-tests-explained,https://fermatmind.com/zh/science,footer,测评科学,UNKNOWN,Target is not in current authority corpus; not labeled broken without reliable target readback.
non_corpus_internal_target,UNKNOWN,https://fermatmind.com/zh/articles/reliability-and-validity-in-personality-tests-explained,https://fermatmind.com/zh/item-design-notes,footer,题目设计说明,UNKNOWN,Target is not in current authority corpus; not labeled broken without reliable target readback.
non_corpus_internal_target,UNKNOWN,https://fermatmind.com/zh/articles/reliability-and-validity-in-personality-tests-explained,https://fermatmind.com/zh/reliability-validity,footer,信度效度,UNKNOWN,Target is not in current authority corpus; not labeled broken without reliable target readback.
non_corpus_internal_target,UNKNOWN,https://fermatmind.com/zh/articles/reliability-and-validity-in-personality-tests-explained,https://fermatmind.com/zh/data-privacy,footer,数据说明,UNKNOWN,Target is not in current authority corpus; not labeled broken without reliable target readback.
non_corpus_internal_target,UNKNOWN,https://fermatmind.com/zh/articles/reliability-and-validity-in-personality-tests-explained,https://fermatmind.com/zh/common-misconceptions,footer,常见误区,UNKNOWN,Target is not in current authority corpus; not labeled broken without reliable target readback.
non_corpus_internal_target,UNKNOWN,https://fermatmind.com/zh/articles/riasec-holland-career-interest-test-explained,https://fermatmind.com/zh/tests?q=,header/navigation,,UNKNOWN,Target is not in current authority corpus; not labeled broken without reliable target readback.
non_corpus_internal_target,UNKNOWN,https://fermatmind.com/zh/articles/riasec-holland-career-interest-test-explained,https://fermatmind.com/zh/tests/holland-career-interest-test-riasec?entry_surface=article_detail_seo_cta&source_page_type=article_detail&source_route_family=article&source_slug=riasec-holland-career-interest-test-explained&content_id=40&target_action=seo_cta_p0_ctr_primary_test_cta&test_slug=holland-career-interest-test-riasec&target_test_slug=holland-career-interest-test-riasec&cta_id=p0_ctr_primary_test_cta&landing_path=%2Fzh%2Farticles%2Friasec-holland-career-interest-test-explained&entrypoint=seo_cta,inline contextual,免费做霍兰德职业兴趣测试,UNKNOWN,Target is not in current authority corpus; not labeled broken without reliable target readback.
non_corpus_internal_target,UNKNOWN,https://fermatmind.com/zh/articles/riasec-holland-career-interest-test-explained,https://fermatmind.com/zh/reliability-validity,inline contextual,信度效度说明,UNKNOWN,Target is not in current authority corpus; not labeled broken without reliable target readback.
non_corpus_internal_target,UNKNOWN,https://fermatmind.com/zh/articles/riasec-holland-career-interest-test-explained,https://fermatmind.com/zh/science,inline contextual,测评科学,UNKNOWN,Target is not in current authority corpus; not labeled broken without reliable target readback.
non_corpus_internal_target,UNKNOWN,https://fermatmind.com/zh/articles/riasec-holland-career-interest-test-explained,https://fermatmind.com/zh/reliability-validity,inline contextual,信度效度,UNKNOWN,Target is not in current authority corpus; not labeled broken without reliable target readback.
non_corpus_internal_target,UNKNOWN,https://fermatmind.com/zh/articles/riasec-holland-career-interest-test-explained,https://fermatmind.com/zh/data-privacy,inline contextual,数据隐私,UNKNOWN,Target is not in current authority corpus; not labeled broken without reliable target readback.
non_corpus_internal_target,UNKNOWN,https://fermatmind.com/zh/articles/riasec-holland-career-interest-test-explained,https://fermatmind.com/zh/common-misconceptions,inline contextual,常见误区,UNKNOWN,Target is not in current authority corpus; not labeled broken without reliable target readback.
non_corpus_internal_target,UNKNOWN,https://fermatmind.com/zh/articles/riasec-holland-career-interest-test-explained,https://fermatmind.com/zh/science,footer,测评科学,UNKNOWN,Target is not in current authority corpus; not labeled broken without reliable target readback.
non_corpus_internal_target,UNKNOWN,https://fermatmind.com/zh/articles/riasec-holland-career-interest-test-explained,https://fermatmind.com/zh/item-design-notes,footer,题目设计说明,UNKNOWN,Target is not in current authority corpus; not labeled broken without reliable target readback.
non_corpus_internal_target,UNKNOWN,https://fermatmind.com/zh/articles/riasec-holland-career-interest-test-explained,https://fermatmind.com/zh/reliability-validity,footer,信度效度,UNKNOWN,Target is not in current authority corpus; not labeled broken without reliable target readback.
non_corpus_internal_target,UNKNOWN,https://fermatmind.com/zh/articles/riasec-holland-career-interest-test-explained,https://fermatmind.com/zh/data-privacy,footer,数据说明,UNKNOWN,Target is not in current authority corpus; not labeled broken without reliable target readback.
non_corpus_internal_target,UNKNOWN,https://fermatmind.com/zh/articles/riasec-holland-career-interest-test-explained,https://fermatmind.com/zh/common-misconceptions,footer,常见误区,UNKNOWN,Target is not in current authority corpus; not labeled broken without reliable target readback.
non_corpus_internal_target,UNKNOWN,https://fermatmind.com/zh/articles/stress-recovery-log-separate-patterns-from-traits,https://fermatmind.com/zh/tests?q=,header/navigation,,UNKNOWN,Target is not in current authority corpus; not labeled broken without reliable target readback.
non_corpus_internal_target,UNKNOWN,https://fermatmind.com/zh/articles/stress-recovery-log-separate-patterns-from-traits,https://fermatmind.com/zh/tests/big-five-personality-test-ocean-model?entry_surface=article_detail_seo_cta&source_page_type=article_detail&source_route_family=article&source_slug=stress-recovery-log-separate-patterns-from-traits&content_id=180&target_action=seo_cta_start_test&test_slug=big-five-personality-test-ocean-model&target_test_slug=big-five-personality-test-ocean-model&cta_id=start_test&landing_path=%2Fzh%2Farticles%2Fredacted&entrypoint=seo_cta,inline contextual,开始测试,UNKNOWN,Target is not in current authority corpus; not labeled broken without reliable target readback.
non_corpus_internal_target,UNKNOWN,https://fermatmind.com/zh/articles/stress-recovery-log-separate-patterns-from-traits,https://fermatmind.com/zh/science,footer,测评科学,UNKNOWN,Target is not in current authority corpus; not labeled broken without reliable target readback.
non_corpus_internal_target,UNKNOWN,https://fermatmind.com/zh/articles/stress-recovery-log-separate-patterns-from-traits,https://fermatmind.com/zh/item-design-notes,footer,题目设计说明,UNKNOWN,Target is not in current authority corpus; not labeled broken without reliable target readback.
non_corpus_internal_target,UNKNOWN,https://fermatmind.com/zh/articles/stress-recovery-log-separate-patterns-from-traits,https://fermatmind.com/zh/reliability-validity,footer,信度效度,UNKNOWN,Target is not in current authority corpus; not labeled broken without reliable target readback.
non_corpus_internal_target,UNKNOWN,https://fermatmind.com/zh/articles/stress-recovery-log-separate-patterns-from-traits,https://fermatmind.com/zh/data-privacy,footer,数据说明,UNKNOWN,Target is not in current authority corpus; not labeled broken without reliable target readback.
non_corpus_internal_target,UNKNOWN,https://fermatmind.com/zh/articles/stress-recovery-log-separate-patterns-from-traits,https://fermatmind.com/zh/common-misconceptions,footer,常见误区,UNKNOWN,Target is not in current authority corpus; not labeled broken without reliable target readback.
non_corpus_internal_target,UNKNOWN,https://fermatmind.com/zh/articles/track-personality-related-behavior-without-chasing-scores,https://fermatmind.com/zh/tests?q=,header/navigation,,UNKNOWN,Target is not in current authority corpus; not labeled broken without reliable target readback.
non_corpus_internal_target,UNKNOWN,https://fermatmind.com/zh/articles/track-personality-related-behavior-without-chasing-scores,https://fermatmind.com/zh/tests/big-five-personality-test-ocean-model?entry_surface=article_detail_seo_cta&source_page_type=article_detail&source_route_family=article&source_slug=track-personality-related-behavior-without-chasing-scores&content_id=181&target_action=seo_cta_start_test&test_slug=big-five-personality-test-ocean-model&target_test_slug=big-five-personality-test-ocean-model&cta_id=start_test&landing_path=%2Fzh%2Farticles%2Ftrack-personality-related-behavior-without-chasing-scores&entrypoint=seo_cta,inline contextual,开始测试,UNKNOWN,Target is not in current authority corpus; not labeled broken without reliable target readback.
non_corpus_internal_target,UNKNOWN,https://fermatmind.com/zh/articles/track-personality-related-behavior-without-chasing-scores,https://fermatmind.com/zh/science,footer,测评科学,UNKNOWN,Target is not in current authority corpus; not labeled broken without reliable target readback.
non_corpus_internal_target,UNKNOWN,https://fermatmind.com/zh/articles/track-personality-related-behavior-without-chasing-scores,https://fermatmind.com/zh/item-design-notes,footer,题目设计说明,UNKNOWN,Target is not in current authority corpus; not labeled broken without reliable target readback.
non_corpus_internal_target,UNKNOWN,https://fermatmind.com/zh/articles/track-personality-related-behavior-without-chasing-scores,https://fermatmind.com/zh/reliability-validity,footer,信度效度,UNKNOWN,Target is not in current authority corpus; not labeled broken without reliable target readback.
non_corpus_internal_target,UNKNOWN,https://fermatmind.com/zh/articles/track-personality-related-behavior-without-chasing-scores,https://fermatmind.com/zh/data-privacy,footer,数据说明,UNKNOWN,Target is not in current authority corpus; not labeled broken without reliable target readback.
non_corpus_internal_target,UNKNOWN,https://fermatmind.com/zh/articles/track-personality-related-behavior-without-chasing-scores,https://fermatmind.com/zh/common-misconceptions,footer,常见误区,UNKNOWN,Target is not in current authority corpus; not labeled broken without reliable target readback.
non_corpus_internal_target,UNKNOWN,https://fermatmind.com/zh/articles/unwanted-major-adjustment-riasec-transfer-plan,https://fermatmind.com/zh/tests?q=,header/navigation,,UNKNOWN,Target is not in current authority corpus; not labeled broken without reliable target readback.
non_corpus_internal_target,UNKNOWN,https://fermatmind.com/zh/articles/unwanted-major-adjustment-riasec-transfer-plan,https://fermatmind.com/zh/tests/holland-career-interest-test-riasec?entry_surface=article_detail_seo_cta&source_page_type=article_detail&source_route_family=article&source_slug=unwanted-major-adjustment-riasec-transfer-plan&content_id=70&target_action=seo_cta_article_cta_1&test_slug=holland-career-interest-test-riasec&target_test_slug=holland-career-interest-test-riasec&cta_id=article_cta_1&landing_path=%2Fzh%2Farticles%2Funwanted-major-adjustment-riasec-transfer-plan&entrypoint=seo_cta,inline contextual,先做霍兰德职业兴趣测试，把不喜欢拆成可验证问题,UNKNOWN,Target is not in current authority corpus; not labeled broken without reliable target readback.
non_corpus_internal_target,UNKNOWN,https://fermatmind.com/zh/articles/unwanted-major-adjustment-riasec-transfer-plan,https://fermatmind.com/zh/tests/holland-career-interest-test-riasec?entry_surface=article_detail_seo_cta&source_page_type=article_detail&source_route_family=article&source_slug=unwanted-major-adjustment-riasec-transfer-plan&content_id=70&target_action=seo_cta_article_cta_2&test_slug=holland-career-interest-test-riasec&target_test_slug=holland-career-interest-test-riasec&cta_id=article_cta_2&landing_path=%2Fzh%2Farticles%2Funwanted-major-adjustment-riasec-transfer-plan&entrypoint=seo_cta,inline contextual,开始霍兰德职业兴趣测试，再回到清单做判断,UNKNOWN,Target is not in current authority corpus; not labeled broken without reliable target readback.
non_corpus_internal_target,UNKNOWN,https://fermatmind.com/zh/articles/unwanted-major-adjustment-riasec-transfer-plan,https://fermatmind.com/zh/science,footer,测评科学,UNKNOWN,Target is not in current authority corpus; not labeled broken without reliable target readback.
non_corpus_internal_target,UNKNOWN,https://fermatmind.com/zh/articles/unwanted-major-adjustment-riasec-transfer-plan,https://fermatmind.com/zh/item-design-notes,footer,题目设计说明,UNKNOWN,Target is not in current authority corpus; not labeled broken without reliable target readback.
non_corpus_internal_target,UNKNOWN,https://fermatmind.com/zh/articles/unwanted-major-adjustment-riasec-transfer-plan,https://fermatmind.com/zh/reliability-validity,footer,信度效度,UNKNOWN,Target is not in current authority corpus; not labeled broken without reliable target readback.
non_corpus_internal_target,UNKNOWN,https://fermatmind.com/zh/articles/unwanted-major-adjustment-riasec-transfer-plan,https://fermatmind.com/zh/data-privacy,footer,数据说明,UNKNOWN,Target is not in current authority corpus; not labeled broken without reliable target readback.
non_corpus_internal_target,UNKNOWN,https://fermatmind.com/zh/articles/unwanted-major-adjustment-riasec-transfer-plan,https://fermatmind.com/zh/common-misconceptions,footer,常见误区,UNKNOWN,Target is not in current authority corpus; not labeled broken without reliable target readback.
non_corpus_internal_target,UNKNOWN,https://fermatmind.com/zh/articles/unwanted-major-repeat-or-stay-riasec-decision-checklist,https://fermatmind.com/zh/tests?q=,header/navigation,,UNKNOWN,Target is not in current authority corpus; not labeled broken without reliable target readback.
non_corpus_internal_target,UNKNOWN,https://fermatmind.com/zh/articles/unwanted-major-repeat-or-stay-riasec-decision-checklist,https://fermatmind.com/zh/tests/holland-career-interest-test-riasec?entry_surface=article_detail_seo_cta&source_page_type=article_detail&source_route_family=article&source_slug=unwanted-major-repeat-or-stay-riasec-decision-checklist&content_id=74&target_action=seo_cta_article_cta_1&test_slug=holland-career-interest-test-riasec&target_test_slug=holland-career-interest-test-riasec&cta_id=article_cta_1&landing_path=%2Fzh%2Farticles%2Funwanted-major-repeat-or-stay-riasec-decision-checklist&entrypoint=seo_cta,inline contextual,先做霍兰德职业兴趣测试，把兴趣结果放进专业决策表,UNKNOWN,Target is not in current authority corpus; not labeled broken without reliable target readback.
non_corpus_internal_target,UNKNOWN,https://fermatmind.com/zh/articles/unwanted-major-repeat-or-stay-riasec-decision-checklist,https://fermatmind.com/zh/tests/holland-career-interest-test-riasec?entry_surface=article_detail_seo_cta&source_page_type=article_detail&source_route_family=article&source_slug=unwanted-major-repeat-or-stay-riasec-decision-checklist&content_id=74&target_action=seo_cta_article_cta_2&test_slug=holland-career-interest-test-riasec&target_test_slug=holland-career-interest-test-riasec&cta_id=article_cta_2&landing_path=%2Fzh%2Farticles%2Funwanted-major-repeat-or-stay-riasec-decision-checklist&entrypoint=seo_cta,inline contextual,开始霍兰德 / RIASEC 职业兴趣测试,UNKNOWN,Target is not in current authority corpus; not labeled broken without reliable target readback.
non_corpus_internal_target,UNKNOWN,https://fermatmind.com/zh/articles/unwanted-major-repeat-or-stay-riasec-decision-checklist,https://fermatmind.com/zh/science,footer,测评科学,UNKNOWN,Target is not in current authority corpus; not labeled broken without reliable target readback.
non_corpus_internal_target,UNKNOWN,https://fermatmind.com/zh/articles/unwanted-major-repeat-or-stay-riasec-decision-checklist,https://fermatmind.com/zh/item-design-notes,footer,题目设计说明,UNKNOWN,Target is not in current authority corpus; not labeled broken without reliable target readback.
non_corpus_internal_target,UNKNOWN,https://fermatmind.com/zh/articles/unwanted-major-repeat-or-stay-riasec-decision-checklist,https://fermatmind.com/zh/reliability-validity,footer,信度效度,UNKNOWN,Target is not in current authority corpus; not labeled broken without reliable target readback.
non_corpus_internal_target,UNKNOWN,https://fermatmind.com/zh/articles/unwanted-major-repeat-or-stay-riasec-decision-checklist,https://fermatmind.com/zh/data-privacy,footer,数据说明,UNKNOWN,Target is not in current authority corpus; not labeled broken without reliable target readback.
non_corpus_internal_target,UNKNOWN,https://fermatmind.com/zh/articles/unwanted-major-repeat-or-stay-riasec-decision-checklist,https://fermatmind.com/zh/common-misconceptions,footer,常见误区,UNKNOWN,Target is not in current authority corpus; not labeled broken without reliable target readback.
non_corpus_internal_target,UNKNOWN,https://fermatmind.com/zh/articles/using-big-five-and-mbti-together-without-equating-them,https://fermatmind.com/zh/tests?q=,header/navigation,,UNKNOWN,Target is not in current authority corpus; not labeled broken without reliable target readback.
non_corpus_internal_target,UNKNOWN,https://fermatmind.com/zh/articles/using-big-five-and-mbti-together-without-equating-them,https://fermatmind.com/zh/tests/big-five-personality-test-ocean-model?entry_surface=article_detail_seo_cta&source_page_type=article_detail&source_route_family=article&source_slug=using-big-five-and-mbti-together-without-equating-them&content_id=182&target_action=seo_cta_start_test&test_slug=big-five-personality-test-ocean-model&target_test_slug=big-five-personality-test-ocean-model&cta_id=start_test&landing_path=%2Fzh%2Farticles%2Fusing-big-five-and-mbti-together-without-equating-them&entrypoint=seo_cta,inline contextual,开始测试,UNKNOWN,Target is not in current authority corpus; not labeled broken without reliable target readback.
non_corpus_internal_target,UNKNOWN,https://fermatmind.com/zh/articles/using-big-five-and-mbti-together-without-equating-them,https://fermatmind.com/zh/science,footer,测评科学,UNKNOWN,Target is not in current authority corpus; not labeled broken without reliable target readback.
non_corpus_internal_target,UNKNOWN,https://fermatmind.com/zh/articles/using-big-five-and-mbti-together-without-equating-them,https://fermatmind.com/zh/item-design-notes,footer,题目设计说明,UNKNOWN,Target is not in current authority corpus; not labeled broken without reliable target readback.
non_corpus_internal_target,UNKNOWN,https://fermatmind.com/zh/articles/using-big-five-and-mbti-together-without-equating-them,https://fermatmind.com/zh/reliability-validity,footer,信度效度,UNKNOWN,Target is not in current authority corpus; not labeled broken without reliable target readback.
non_corpus_internal_target,UNKNOWN,https://fermatmind.com/zh/articles/using-big-five-and-mbti-together-without-equating-them,https://fermatmind.com/zh/data-privacy,footer,数据说明,UNKNOWN,Target is not in current authority corpus; not labeled broken without reliable target readback.
non_corpus_internal_target,UNKNOWN,https://fermatmind.com/zh/articles/using-big-five-and-mbti-together-without-equating-them,https://fermatmind.com/zh/common-misconceptions,footer,常见误区,UNKNOWN,Target is not in current authority corpus; not labeled broken without reliable target readback.
non_corpus_internal_target,UNKNOWN,https://fermatmind.com/zh/articles/when-personality-content-is-not-enough-seek-professional-help,https://fermatmind.com/zh/tests?q=,header/navigation,,UNKNOWN,Target is not in current authority corpus; not labeled broken without reliable target readback.
non_corpus_internal_target,UNKNOWN,https://fermatmind.com/zh/articles/when-personality-content-is-not-enough-seek-professional-help,https://fermatmind.com/zh/tests/big-five-personality-test-ocean-model?entry_surface=article_detail_seo_cta&source_page_type=article_detail&source_route_family=article&source_slug=when-personality-content-is-not-enough-seek-professional-help&content_id=183&target_action=seo_cta_start_test&test_slug=big-five-personality-test-ocean-model&target_test_slug=big-five-personality-test-ocean-model&cta_id=start_test&landing_path=%2Fzh%2Farticles%2Fwhen-personality-content-is-not-enough-seek-professional-help&entrypoint=seo_cta,inline contextual,开始测试,UNKNOWN,Target is not in current authority corpus; not labeled broken without reliable target readback.
non_corpus_internal_target,UNKNOWN,https://fermatmind.com/zh/articles/when-personality-content-is-not-enough-seek-professional-help,https://fermatmind.com/zh/science,footer,测评科学,UNKNOWN,Target is not in current authority corpus; not labeled broken without reliable target readback.
non_corpus_internal_target,UNKNOWN,https://fermatmind.com/zh/articles/when-personality-content-is-not-enough-seek-professional-help,https://fermatmind.com/zh/item-design-notes,footer,题目设计说明,UNKNOWN,Target is not in current authority corpus; not labeled broken without reliable target readback.
non_corpus_internal_target,UNKNOWN,https://fermatmind.com/zh/articles/when-personality-content-is-not-enough-seek-professional-help,https://fermatmind.com/zh/reliability-validity,footer,信度效度,UNKNOWN,Target is not in current authority corpus; not labeled broken without reliable target readback.
non_corpus_internal_target,UNKNOWN,https://fermatmind.com/zh/articles/when-personality-content-is-not-enough-seek-professional-help,https://fermatmind.com/zh/data-privacy,footer,数据说明,UNKNOWN,Target is not in current authority corpus; not labeled broken without reliable target readback.
non_corpus_internal_target,UNKNOWN,https://fermatmind.com/zh/articles/when-personality-content-is-not-enough-seek-professional-help,https://fermatmind.com/zh/common-misconceptions,footer,常见误区,UNKNOWN,Target is not in current authority corpus; not labeled broken without reliable target readback.
non_corpus_internal_target,UNKNOWN,https://fermatmind.com/zh/articles/when-to-retest-big-five-and-what-a-score-change-means,https://fermatmind.com/zh/tests?q=,header/navigation,,UNKNOWN,Target is not in current authority corpus; not labeled broken without reliable target readback.
non_corpus_internal_target,UNKNOWN,https://fermatmind.com/zh/articles/when-to-retest-big-five-and-what-a-score-change-means,https://fermatmind.com/zh/tests/big-five-personality-test-ocean-model?entry_surface=article_detail_seo_cta&source_page_type=article_detail&source_route_family=article&source_slug=when-to-retest-big-five-and-what-a-score-change-means&content_id=184&target_action=seo_cta_start_test&test_slug=big-five-personality-test-ocean-model&target_test_slug=big-five-personality-test-ocean-model&cta_id=start_test&landing_path=%2Fzh%2Farticles%2Fwhen-to-retest-big-five-and-what-a-score-change-means&entrypoint=seo_cta,inline contextual,开始测试,UNKNOWN,Target is not in current authority corpus; not labeled broken without reliable target readback.
non_corpus_internal_target,UNKNOWN,https://fermatmind.com/zh/articles/when-to-retest-big-five-and-what-a-score-change-means,https://fermatmind.com/zh/science,footer,测评科学,UNKNOWN,Target is not in current authority corpus; not labeled broken without reliable target readback.
non_corpus_internal_target,UNKNOWN,https://fermatmind.com/zh/articles/when-to-retest-big-five-and-what-a-score-change-means,https://fermatmind.com/zh/item-design-notes,footer,题目设计说明,UNKNOWN,Target is not in current authority corpus; not labeled broken without reliable target readback.
non_corpus_internal_target,UNKNOWN,https://fermatmind.com/zh/articles/when-to-retest-big-five-and-what-a-score-change-means,https://fermatmind.com/zh/reliability-validity,footer,信度效度,UNKNOWN,Target is not in current authority corpus; not labeled broken without reliable target readback.
non_corpus_internal_target,UNKNOWN,https://fermatmind.com/zh/articles/when-to-retest-big-five-and-what-a-score-change-means,https://fermatmind.com/zh/data-privacy,footer,数据说明,UNKNOWN,Target is not in current authority corpus; not labeled broken without reliable target readback.
non_corpus_internal_target,UNKNOWN,https://fermatmind.com/zh/articles/when-to-retest-big-five-and-what-a-score-change-means,https://fermatmind.com/zh/common-misconceptions,footer,常见误区,UNKNOWN,Target is not in current authority corpus; not labeled broken without reliable target readback.
non_corpus_internal_target,UNKNOWN,https://fermatmind.com/zh/articles/which-love-script-fits-you-best,https://fermatmind.com/zh/tests?q=,header/navigation,,UNKNOWN,Target is not in current authority corpus; not labeled broken without reliable target readback.
non_corpus_internal_target,UNKNOWN,https://fermatmind.com/zh/articles/which-love-script-fits-you-best,https://fermatmind.com/zh/tests/mbti-personality-test-16-personality-types?entry_surface=article_detail_seo_cta&source_page_type=article_detail&source_route_family=article&source_slug=which-love-script-fits-you-best&content_id=16&target_action=seo_cta_start_test&test_slug=mbti-personality-test-16-personality-types&target_test_slug=mbti-personality-test-16-personality-types&cta_id=start_test&landing_path=%2Fzh%2Farticles%2Fwhich-love-script-fits-you-best&entrypoint=seo_cta,inline contextual,开始测试,UNKNOWN,Target is not in current authority corpus; not labeled broken without reliable target readback.
non_corpus_internal_target,UNKNOWN,https://fermatmind.com/zh/articles/which-love-script-fits-you-best,https://fermatmind.com/zh/science,footer,测评科学,UNKNOWN,Target is not in current authority corpus; not labeled broken without reliable target readback.
non_corpus_internal_target,UNKNOWN,https://fermatmind.com/zh/articles/which-love-script-fits-you-best,https://fermatmind.com/zh/item-design-notes,footer,题目设计说明,UNKNOWN,Target is not in current authority corpus; not labeled broken without reliable target readback.
non_corpus_internal_target,UNKNOWN,https://fermatmind.com/zh/articles/which-love-script-fits-you-best,https://fermatmind.com/zh/reliability-validity,footer,信度效度,UNKNOWN,Target is not in current authority corpus; not labeled broken without reliable target readback.
non_corpus_internal_target,UNKNOWN,https://fermatmind.com/zh/articles/which-love-script-fits-you-best,https://fermatmind.com/zh/data-privacy,footer,数据说明,UNKNOWN,Target is not in current authority corpus; not labeled broken without reliable target readback.
non_corpus_internal_target,UNKNOWN,https://fermatmind.com/zh/articles/which-love-script-fits-you-best,https://fermatmind.com/zh/common-misconceptions,footer,常见误区,UNKNOWN,Target is not in current authority corpus; not labeled broken without reliable target readback.
non_corpus_internal_target,UNKNOWN,https://fermatmind.com/zh/articles/why-big-five-is-not-a-personality-type-system,https://fermatmind.com/zh/tests?q=,header/navigation,,UNKNOWN,Target is not in current authority corpus; not labeled broken without reliable target readback.
non_corpus_internal_target,UNKNOWN,https://fermatmind.com/zh/articles/why-big-five-is-not-a-personality-type-system,https://fermatmind.com/zh/tests/big-five-personality-test-ocean-model?entry_surface=article_detail_seo_cta&source_page_type=article_detail&source_route_family=article&source_slug=why-big-five-is-not-a-personality-type-system&content_id=185&target_action=seo_cta_start_test&test_slug=big-five-personality-test-ocean-model&target_test_slug=big-five-personality-test-ocean-model&cta_id=start_test&landing_path=%2Fzh%2Farticles%2Fwhy-big-five-is-not-a-personality-type-system&entrypoint=seo_cta,inline contextual,开始测试,UNKNOWN,Target is not in current authority corpus; not labeled broken without reliable target readback.
non_corpus_internal_target,UNKNOWN,https://fermatmind.com/zh/articles/why-big-five-is-not-a-personality-type-system,https://fermatmind.com/zh/science,footer,测评科学,UNKNOWN,Target is not in current authority corpus; not labeled broken without reliable target readback.
non_corpus_internal_target,UNKNOWN,https://fermatmind.com/zh/articles/why-big-five-is-not-a-personality-type-system,https://fermatmind.com/zh/item-design-notes,footer,题目设计说明,UNKNOWN,Target is not in current authority corpus; not labeled broken without reliable target readback.
non_corpus_internal_target,UNKNOWN,https://fermatmind.com/zh/articles/why-big-five-is-not-a-personality-type-system,https://fermatmind.com/zh/reliability-validity,footer,信度效度,UNKNOWN,Target is not in current authority corpus; not labeled broken without reliable target readback.
non_corpus_internal_target,UNKNOWN,https://fermatmind.com/zh/articles/why-big-five-is-not-a-personality-type-system,https://fermatmind.com/zh/data-privacy,footer,数据说明,UNKNOWN,Target is not in current authority corpus; not labeled broken without reliable target readback.
non_corpus_internal_target,UNKNOWN,https://fermatmind.com/zh/articles/why-big-five-is-not-a-personality-type-system,https://fermatmind.com/zh/common-misconceptions,footer,常见误区,UNKNOWN,Target is not in current authority corpus; not labeled broken without reliable target readback.
non_corpus_internal_target,UNKNOWN,https://fermatmind.com/zh/brand,https://fermatmind.com/zh/tests?q=,header/navigation,,UNKNOWN,Target is not in current authority corpus; not labeled broken without reliable target readback.
private_route_link,HIGH,https://fermatmind.com/zh/brand,PRIVATE_ROUTE_REDACTED:results,header/navigation,我的账户,VERIFIED,Visible internal link targets a private/sensitive route; target was not crawled.
non_corpus_internal_target,UNKNOWN,https://fermatmind.com/zh/brand,https://fermatmind.com/zh/science,footer,测评科学,UNKNOWN,Target is not in current authority corpus; not labeled broken without reliable target readback.
non_corpus_internal_target,UNKNOWN,https://fermatmind.com/zh/brand,https://fermatmind.com/zh/item-design-notes,footer,题目设计说明,UNKNOWN,Target is not in current authority corpus; not labeled broken without reliable target readback.
non_corpus_internal_target,UNKNOWN,https://fermatmind.com/zh/brand,https://fermatmind.com/zh/reliability-validity,footer,信度效度,UNKNOWN,Target is not in current authority corpus; not labeled broken without reliable target readback.
non_corpus_internal_target,UNKNOWN,https://fermatmind.com/zh/brand,https://fermatmind.com/zh/data-privacy,footer,数据说明,UNKNOWN,Target is not in current authority corpus; not labeled broken without reliable target readback.
non_corpus_internal_target,UNKNOWN,https://fermatmind.com/zh/brand,https://fermatmind.com/zh/common-misconceptions,footer,常见误区,UNKNOWN,Target is not in current authority corpus; not labeled broken without reliable target readback.
non_corpus_internal_target,UNKNOWN,https://fermatmind.com/zh/business,https://fermatmind.com/zh/tests?q=,header/navigation,,UNKNOWN,Target is not in current authority corpus; not labeled broken without reliable target readback.
private_route_link,HIGH,https://fermatmind.com/zh/business,PRIVATE_ROUTE_REDACTED:results,header/navigation,我的账户,VERIFIED,Visible internal link targets a private/sensitive route; target was not crawled.
non_corpus_internal_target,UNKNOWN,https://fermatmind.com/zh/business,https://fermatmind.com/zh/help,inline contextual,联系商务支持,UNKNOWN,Target is not in current authority corpus; not labeled broken without reliable target readback.
non_corpus_internal_target,UNKNOWN,https://fermatmind.com/zh/business,https://fermatmind.com/zh/science,footer,测评科学,UNKNOWN,Target is not in current authority corpus; not labeled broken without reliable target readback.
non_corpus_internal_target,UNKNOWN,https://fermatmind.com/zh/business,https://fermatmind.com/zh/item-design-notes,footer,题目设计说明,UNKNOWN,Target is not in current authority corpus; not labeled broken without reliable target readback.
non_corpus_internal_target,UNKNOWN,https://fermatmind.com/zh/business,https://fermatmind.com/zh/reliability-validity,footer,信度效度,UNKNOWN,Target is not in current authority corpus; not labeled broken without reliable target readback.
non_corpus_internal_target,UNKNOWN,https://fermatmind.com/zh/business,https://fermatmind.com/zh/data-privacy,footer,数据说明,UNKNOWN,Target is not in current authority corpus; not labeled broken without reliable target readback.
non_corpus_internal_target,UNKNOWN,https://fermatmind.com/zh/business,https://fermatmind.com/zh/common-misconceptions,footer,常见误区,UNKNOWN,Target is not in current authority corpus; not labeled broken without reliable target readback.
non_corpus_internal_target,UNKNOWN,https://fermatmind.com/zh/career,https://fermatmind.com/zh/tests?q=,header/navigation,,UNKNOWN,Target is not in current authority corpus; not labeled broken without reliable target readback.
non_corpus_internal_target,UNKNOWN,https://fermatmind.com/zh/career,https://fermatmind.com/zh,breadcrumb,首页,UNKNOWN,Target is not in current authority corpus; not labeled broken without reliable target readback.
non_corpus_internal_target,UNKNOWN,https://fermatmind.com/zh/career,https://fermatmind.com/zh/career/industries,CTA,查看行业目录,UNKNOWN,Target is not in current authority corpus; not labeled broken without reliable target readback.
non_corpus_internal_target,UNKNOWN,https://fermatmind.com/zh/career,https://fermatmind.com/zh/datasets/occupations,inline contextual,数据来源,UNKNOWN,Target is not in current authority corpus; not labeled broken without reliable target readback.
non_corpus_internal_target,UNKNOWN,https://fermatmind.com/zh/career,https://fermatmind.com/zh/datasets/occupations/method,inline contextual,方法说明,UNKNOWN,Target is not in current authority corpus; not labeled broken without reliable target readback.
non_corpus_internal_target,UNKNOWN,https://fermatmind.com/zh/career,https://fermatmind.com/zh/science,footer,测评科学,UNKNOWN,Target is not in current authority corpus; not labeled broken without reliable target readback.
non_corpus_internal_target,UNKNOWN,https://fermatmind.com/zh/career,https://fermatmind.com/zh/item-design-notes,footer,题目设计说明,UNKNOWN,Target is not in current authority corpus; not labeled broken without reliable target readback.
non_corpus_internal_target,UNKNOWN,https://fermatmind.com/zh/career,https://fermatmind.com/zh/reliability-validity,footer,信度效度,UNKNOWN,Target is not in current authority corpus; not labeled broken without reliable target readback.
non_corpus_internal_target,UNKNOWN,https://fermatmind.com/zh/career,https://fermatmind.com/zh/data-privacy,footer,数据说明,UNKNOWN,Target is not in current authority corpus; not labeled broken without reliable target readback.
non_corpus_internal_target,UNKNOWN,https://fermatmind.com/zh/career,https://fermatmind.com/zh/common-misconceptions,footer,常见误区,UNKNOWN,Target is not in current authority corpus; not labeled broken without reliable target readback.
non_corpus_internal_target,UNKNOWN,https://fermatmind.com/zh/career/guides,https://fermatmind.com/zh/tests?q=,header/navigation,,UNKNOWN,Target is not in current authority corpus; not labeled broken without reliable target readback.
non_corpus_internal_target,UNKNOWN,https://fermatmind.com/zh/career/guides,https://fermatmind.com/zh/career/jobs,inline contextual,打开全部职业库,UNKNOWN,Target is not in current authority corpus; not labeled broken without reliable target readback.
non_corpus_internal_target,UNKNOWN,https://fermatmind.com/zh/career/guides,https://fermatmind.com/zh/career/industries,inline contextual,按行业浏览,UNKNOWN,Target is not in current authority corpus; not labeled broken without reliable target readback.
non_corpus_internal_target,UNKNOWN,https://fermatmind.com/zh/career/guides,https://fermatmind.com/zh/science,footer,测评科学,UNKNOWN,Target is not in current authority corpus; not labeled broken without reliable target readback.
non_corpus_internal_target,UNKNOWN,https://fermatmind.com/zh/career/guides,https://fermatmind.com/zh/item-design-notes,footer,题目设计说明,UNKNOWN,Target is not in current authority corpus; not labeled broken without reliable target readback.
non_corpus_internal_target,UNKNOWN,https://fermatmind.com/zh/career/guides,https://fermatmind.com/zh/reliability-validity,footer,信度效度,UNKNOWN,Target is not in current authority corpus; not labeled broken without reliable target readback.
non_corpus_internal_target,UNKNOWN,https://fermatmind.com/zh/career/guides,https://fermatmind.com/zh/data-privacy,footer,数据说明,UNKNOWN,Target is not in current authority corpus; not labeled broken without reliable target readback.
non_corpus_internal_target,UNKNOWN,https://fermatmind.com/zh/career/guides,https://fermatmind.com/zh/common-misconceptions,footer,常见误区,UNKNOWN,Target is not in current authority corpus; not labeled broken without reliable target readback.
non_corpus_internal_target,UNKNOWN,https://fermatmind.com/zh/career/guides/annual-career-review-system,https://fermatmind.com/zh/tests?q=,header/navigation,,UNKNOWN,Target is not in current authority corpus; not labeled broken without reliable target readback.
non_corpus_internal_target,UNKNOWN,https://fermatmind.com/zh/career/guides/annual-career-review-system,https://fermatmind.com/zh/science,footer,测评科学,UNKNOWN,Target is not in current authority corpus; not labeled broken without reliable target readback.
non_corpus_internal_target,UNKNOWN,https://fermatmind.com/zh/career/guides/annual-career-review-system,https://fermatmind.com/zh/item-design-notes,footer,题目设计说明,UNKNOWN,Target is not in current authority corpus; not labeled broken without reliable target readback.
non_corpus_internal_target,UNKNOWN,https://fermatmind.com/zh/career/guides/annual-career-review-system,https://fermatmind.com/zh/reliability-validity,footer,信度效度,UNKNOWN,Target is not in current authority corpus; not labeled broken without reliable target readback.
non_corpus_internal_target,UNKNOWN,https://fermatmind.com/zh/career/guides/annual-career-review-system,https://fermatmind.com/zh/data-privacy,footer,数据说明,UNKNOWN,Target is not in current authority corpus; not labeled broken without reliable target readback.
non_corpus_internal_target,UNKNOWN,https://fermatmind.com/zh/career/guides/annual-career-review-system,https://fermatmind.com/zh/common-misconceptions,footer,常见误区,UNKNOWN,Target is not in current authority corpus; not labeled broken without reliable target readback.
non_corpus_internal_target,UNKNOWN,https://fermatmind.com/zh/career/guides/big5-for-career-decisions,https://fermatmind.com/zh/tests?q=,header/navigation,,UNKNOWN,Target is not in current authority corpus; not labeled broken without reliable target readback.
non_corpus_internal_target,UNKNOWN,https://fermatmind.com/zh/career/guides/big5-for-career-decisions,https://fermatmind.com/zh/science,footer,测评科学,UNKNOWN,Target is not in current authority corpus; not labeled broken without reliable target readback.
non_corpus_internal_target,UNKNOWN,https://fermatmind.com/zh/career/guides/big5-for-career-decisions,https://fermatmind.com/zh/item-design-notes,footer,题目设计说明,UNKNOWN,Target is not in current authority corpus; not labeled broken without reliable target readback.
non_corpus_internal_target,UNKNOWN,https://fermatmind.com/zh/career/guides/big5-for-career-decisions,https://fermatmind.com/zh/reliability-validity,footer,信度效度,UNKNOWN,Target is not in current authority corpus; not labeled broken without reliable target readback.
non_corpus_internal_target,UNKNOWN,https://fermatmind.com/zh/career/guides/big5-for-career-decisions,https://fermatmind.com/zh/data-privacy,footer,数据说明,UNKNOWN,Target is not in current authority corpus; not labeled broken without reliable target readback.
non_corpus_internal_target,UNKNOWN,https://fermatmind.com/zh/career/guides/big5-for-career-decisions,https://fermatmind.com/zh/common-misconceptions,footer,常见误区,UNKNOWN,Target is not in current authority corpus; not labeled broken without reliable target readback.
non_corpus_internal_target,UNKNOWN,https://fermatmind.com/zh/career/guides/build-five-year-career-roadmap,https://fermatmind.com/zh/tests?q=,header/navigation,,UNKNOWN,Target is not in current authority corpus; not labeled broken without reliable target readback.
non_corpus_internal_target,UNKNOWN,https://fermatmind.com/zh/career/guides/build-five-year-career-roadmap,https://fermatmind.com/zh/science,footer,测评科学,UNKNOWN,Target is not in current authority corpus; not labeled broken without reliable target readback.
non_corpus_internal_target,UNKNOWN,https://fermatmind.com/zh/career/guides/build-five-year-career-roadmap,https://fermatmind.com/zh/item-design-notes,footer,题目设计说明,UNKNOWN,Target is not in current authority corpus; not labeled broken without reliable target readback.
non_corpus_internal_target,UNKNOWN,https://fermatmind.com/zh/career/guides/build-five-year-career-roadmap,https://fermatmind.com/zh/reliability-validity,footer,信度效度,UNKNOWN,Target is not in current authority corpus; not labeled broken without reliable target readback.
non_corpus_internal_target,UNKNOWN,https://fermatmind.com/zh/career/guides/build-five-year-career-roadmap,https://fermatmind.com/zh/data-privacy,footer,数据说明,UNKNOWN,Target is not in current authority corpus; not labeled broken without reliable target readback.
non_corpus_internal_target,UNKNOWN,https://fermatmind.com/zh/career/guides/build-five-year-career-roadmap,https://fermatmind.com/zh/common-misconceptions,footer,常见误区,UNKNOWN,Target is not in current authority corpus; not labeled broken without reliable target readback.
non_corpus_internal_target,UNKNOWN,https://fermatmind.com/zh/career/guides/build-portfolio-for-career-switch,https://fermatmind.com/zh/tests?q=,header/navigation,,UNKNOWN,Target is not in current authority corpus; not labeled broken without reliable target readback.
non_corpus_internal_target,UNKNOWN,https://fermatmind.com/zh/career/guides/build-portfolio-for-career-switch,https://fermatmind.com/zh/science,footer,测评科学,UNKNOWN,Target is not in current authority corpus; not labeled broken without reliable target readback.
non_corpus_internal_target,UNKNOWN,https://fermatmind.com/zh/career/guides/build-portfolio-for-career-switch,https://fermatmind.com/zh/item-design-notes,footer,题目设计说明,UNKNOWN,Target is not in current authority corpus; not labeled broken without reliable target readback.
non_corpus_internal_target,UNKNOWN,https://fermatmind.com/zh/career/guides/build-portfolio-for-career-switch,https://fermatmind.com/zh/reliability-validity,footer,信度效度,UNKNOWN,Target is not in current authority corpus; not labeled broken without reliable target readback.
non_corpus_internal_target,UNKNOWN,https://fermatmind.com/zh/career/guides/build-portfolio-for-career-switch,https://fermatmind.com/zh/data-privacy,footer,数据说明,UNKNOWN,Target is not in current authority corpus; not labeled broken without reliable target readback.
non_corpus_internal_target,UNKNOWN,https://fermatmind.com/zh/career/guides/build-portfolio-for-career-switch,https://fermatmind.com/zh/common-misconceptions,footer,常见误区,UNKNOWN,Target is not in current authority corpus; not labeled broken without reliable target readback.
non_corpus_internal_target,UNKNOWN,https://fermatmind.com/zh/career/guides/career-growth-with-manager,https://fermatmind.com/zh/science,footer,测评科学,UNKNOWN,Target is not in current authority corpus; not labeled broken without reliable target readback.
non_corpus_internal_target,UNKNOWN,https://fermatmind.com/zh/career/guides/career-growth-with-manager,https://fermatmind.com/zh/item-design-notes,footer,题目设计说明,UNKNOWN,Target is not in current authority corpus; not labeled broken without reliable target readback.
non_corpus_internal_target,UNKNOWN,https://fermatmind.com/zh/career/guides/career-growth-with-manager,https://fermatmind.com/zh/reliability-validity,footer,信度效度,UNKNOWN,Target is not in current authority corpus; not labeled broken without reliable target readback.
non_corpus_internal_target,UNKNOWN,https://fermatmind.com/zh/career/guides/career-growth-with-manager,https://fermatmind.com/zh/data-privacy,footer,数据说明,UNKNOWN,Target is not in current authority corpus; not labeled broken without reliable target readback.
non_corpus_internal_target,UNKNOWN,https://fermatmind.com/zh/career/guides/career-growth-with-manager,https://fermatmind.com/zh/common-misconceptions,footer,常见误区,UNKNOWN,Target is not in current authority corpus; not labeled broken without reliable target readback.
non_corpus_internal_target,UNKNOWN,https://fermatmind.com/zh/career/guides/career-risk-management,https://fermatmind.com/zh/tests?q=,header/navigation,,UNKNOWN,Target is not in current authority corpus; not labeled broken without reliable target readback.
non_corpus_internal_target,UNKNOWN,https://fermatmind.com/zh/career/guides/career-risk-management,https://fermatmind.com/zh/science,footer,测评科学,UNKNOWN,Target is not in current authority corpus; not labeled broken without reliable target readback.
non_corpus_internal_target,UNKNOWN,https://fermatmind.com/zh/career/guides/career-risk-management,https://fermatmind.com/zh/item-design-notes,footer,题目设计说明,UNKNOWN,Target is not in current authority corpus; not labeled broken without reliable target readback.
non_corpus_internal_target,UNKNOWN,https://fermatmind.com/zh/career/guides/career-risk-management,https://fermatmind.com/zh/reliability-validity,footer,信度效度,UNKNOWN,Target is not in current authority corpus; not labeled broken without reliable target readback.
non_corpus_internal_target,UNKNOWN,https://fermatmind.com/zh/career/guides/career-risk-management,https://fermatmind.com/zh/data-privacy,footer,数据说明,UNKNOWN,Target is not in current authority corpus; not labeled broken without reliable target readback.
non_corpus_internal_target,UNKNOWN,https://fermatmind.com/zh/career/guides/career-risk-management,https://fermatmind.com/zh/common-misconceptions,footer,常见误区,UNKNOWN,Target is not in current authority corpus; not labeled broken without reliable target readback.
non_corpus_internal_target,UNKNOWN,https://fermatmind.com/zh/career/guides/career-transition-playbook,https://fermatmind.com/zh/tests?q=,header/navigation,,UNKNOWN,Target is not in current authority corpus; not labeled broken without reliable target readback.
non_corpus_internal_target,UNKNOWN,https://fermatmind.com/zh/career/guides/career-transition-playbook,https://fermatmind.com/zh/science,footer,测评科学,UNKNOWN,Target is not in current authority corpus; not labeled broken without reliable target readback.
non_corpus_internal_target,UNKNOWN,https://fermatmind.com/zh/career/guides/career-transition-playbook,https://fermatmind.com/zh/item-design-notes,footer,题目设计说明,UNKNOWN,Target is not in current authority corpus; not labeled broken without reliable target readback.
non_corpus_internal_target,UNKNOWN,https://fermatmind.com/zh/career/guides/career-transition-playbook,https://fermatmind.com/zh/reliability-validity,footer,信度效度,UNKNOWN,Target is not in current authority corpus; not labeled broken without reliable target readback.
non_corpus_internal_target,UNKNOWN,https://fermatmind.com/zh/career/guides/career-transition-playbook,https://fermatmind.com/zh/data-privacy,footer,数据说明,UNKNOWN,Target is not in current authority corpus; not labeled broken without reliable target readback.
non_corpus_internal_target,UNKNOWN,https://fermatmind.com/zh/career/guides/career-transition-playbook,https://fermatmind.com/zh/common-misconceptions,footer,常见误区,UNKNOWN,Target is not in current authority corpus; not labeled broken without reliable target readback.
non_corpus_internal_target,UNKNOWN,https://fermatmind.com/zh/career/guides/cross-industry-move-strategy,https://fermatmind.com/zh/tests?q=,header/navigation,,UNKNOWN,Target is not in current authority corpus; not labeled broken without reliable target readback.
non_corpus_internal_target,UNKNOWN,https://fermatmind.com/zh/career/guides/cross-industry-move-strategy,https://fermatmind.com/zh/science,footer,测评科学,UNKNOWN,Target is not in current authority corpus; not labeled broken without reliable target readback.
non_corpus_internal_target,UNKNOWN,https://fermatmind.com/zh/career/guides/cross-industry-move-strategy,https://fermatmind.com/zh/item-design-notes,footer,题目设计说明,UNKNOWN,Target is not in current authority corpus; not labeled broken without reliable target readback.
non_corpus_internal_target,UNKNOWN,https://fermatmind.com/zh/career/guides/cross-industry-move-strategy,https://fermatmind.com/zh/reliability-validity,footer,信度效度,UNKNOWN,Target is not in current authority corpus; not labeled broken without reliable target readback.
non_corpus_internal_target,UNKNOWN,https://fermatmind.com/zh/career/guides/cross-industry-move-strategy,https://fermatmind.com/zh/data-privacy,footer,数据说明,UNKNOWN,Target is not in current authority corpus; not labeled broken without reliable target readback.
non_corpus_internal_target,UNKNOWN,https://fermatmind.com/zh/career/guides/cross-industry-move-strategy,https://fermatmind.com/zh/common-misconceptions,footer,常见误区,UNKNOWN,Target is not in current authority corpus; not labeled broken without reliable target readback.
non_corpus_internal_target,UNKNOWN,https://fermatmind.com/zh/career/guides/first-90-days-in-new-role,https://fermatmind.com/zh/tests?q=,header/navigation,,UNKNOWN,Target is not in current authority corpus; not labeled broken without reliable target readback.
non_corpus_internal_target,UNKNOWN,https://fermatmind.com/zh/career/guides/first-90-days-in-new-role,https://fermatmind.com/zh/science,footer,测评科学,UNKNOWN,Target is not in current authority corpus; not labeled broken without reliable target readback.
non_corpus_internal_target,UNKNOWN,https://fermatmind.com/zh/career/guides/first-90-days-in-new-role,https://fermatmind.com/zh/item-design-notes,footer,题目设计说明,UNKNOWN,Target is not in current authority corpus; not labeled broken without reliable target readback.
non_corpus_internal_target,UNKNOWN,https://fermatmind.com/zh/career/guides/first-90-days-in-new-role,https://fermatmind.com/zh/reliability-validity,footer,信度效度,UNKNOWN,Target is not in current authority corpus; not labeled broken without reliable target readback.
non_corpus_internal_target,UNKNOWN,https://fermatmind.com/zh/career/guides/first-90-days-in-new-role,https://fermatmind.com/zh/data-privacy,footer,数据说明,UNKNOWN,Target is not in current authority corpus; not labeled broken without reliable target readback.
non_corpus_internal_target,UNKNOWN,https://fermatmind.com/zh/career/guides/first-90-days-in-new-role,https://fermatmind.com/zh/common-misconceptions,footer,常见误区,UNKNOWN,Target is not in current authority corpus; not labeled broken without reliable target readback.
non_corpus_internal_target,UNKNOWN,https://fermatmind.com/zh/career/guides/from-mbti-to-job-fit,https://fermatmind.com/zh/tests?q=,header/navigation,,UNKNOWN,Target is not in current authority corpus; not labeled broken without reliable target readback.
non_corpus_internal_target,UNKNOWN,https://fermatmind.com/zh/career/guides/from-mbti-to-job-fit,https://fermatmind.com/zh/science,footer,测评科学,UNKNOWN,Target is not in current authority corpus; not labeled broken without reliable target readback.
non_corpus_internal_target,UNKNOWN,https://fermatmind.com/zh/career/guides/from-mbti-to-job-fit,https://fermatmind.com/zh/item-design-notes,footer,题目设计说明,UNKNOWN,Target is not in current authority corpus; not labeled broken without reliable target readback.
non_corpus_internal_target,UNKNOWN,https://fermatmind.com/zh/career/guides/from-mbti-to-job-fit,https://fermatmind.com/zh/reliability-validity,footer,信度效度,UNKNOWN,Target is not in current authority corpus; not labeled broken without reliable target readback.
non_corpus_internal_target,UNKNOWN,https://fermatmind.com/zh/career/guides/from-mbti-to-job-fit,https://fermatmind.com/zh/data-privacy,footer,数据说明,UNKNOWN,Target is not in current authority corpus; not labeled broken without reliable target readback.
non_corpus_internal_target,UNKNOWN,https://fermatmind.com/zh/career/guides/from-mbti-to-job-fit,https://fermatmind.com/zh/common-misconceptions,footer,常见误区,UNKNOWN,Target is not in current authority corpus; not labeled broken without reliable target readback.
non_corpus_internal_target,UNKNOWN,https://fermatmind.com/zh/career/guides/how-to-choose-college-major,https://fermatmind.com/zh/tests?q=,header/navigation,,UNKNOWN,Target is not in current authority corpus; not labeled broken without reliable target readback.
non_corpus_internal_target,UNKNOWN,https://fermatmind.com/zh/career/guides/how-to-choose-college-major,https://fermatmind.com/zh/science,footer,测评科学,UNKNOWN,Target is not in current authority corpus; not labeled broken without reliable target readback.
non_corpus_internal_target,UNKNOWN,https://fermatmind.com/zh/career/guides/how-to-choose-college-major,https://fermatmind.com/zh/item-design-notes,footer,题目设计说明,UNKNOWN,Target is not in current authority corpus; not labeled broken without reliable target readback.
non_corpus_internal_target,UNKNOWN,https://fermatmind.com/zh/career/guides/how-to-choose-college-major,https://fermatmind.com/zh/reliability-validity,footer,信度效度,UNKNOWN,Target is not in current authority corpus; not labeled broken without reliable target readback.
non_corpus_internal_target,UNKNOWN,https://fermatmind.com/zh/career/guides/how-to-choose-college-major,https://fermatmind.com/zh/data-privacy,footer,数据说明,UNKNOWN,Target is not in current authority corpus; not labeled broken without reliable target readback.
non_corpus_internal_target,UNKNOWN,https://fermatmind.com/zh/career/guides/how-to-choose-college-major,https://fermatmind.com/zh/common-misconceptions,footer,常见误区,UNKNOWN,Target is not in current authority corpus; not labeled broken without reliable target readback.
non_corpus_internal_target,UNKNOWN,https://fermatmind.com/zh/career/guides/how-to-find-right-career-direction,https://fermatmind.com/zh/science,footer,测评科学,UNKNOWN,Target is not in current authority corpus; not labeled broken without reliable target readback.
non_corpus_internal_target,UNKNOWN,https://fermatmind.com/zh/career/guides/how-to-find-right-career-direction,https://fermatmind.com/zh/item-design-notes,footer,题目设计说明,UNKNOWN,Target is not in current authority corpus; not labeled broken without reliable target readback.
non_corpus_internal_target,UNKNOWN,https://fermatmind.com/zh/career/guides/how-to-find-right-career-direction,https://fermatmind.com/zh/reliability-validity,footer,信度效度,UNKNOWN,Target is not in current authority corpus; not labeled broken without reliable target readback.
non_corpus_internal_target,UNKNOWN,https://fermatmind.com/zh/career/guides/how-to-find-right-career-direction,https://fermatmind.com/zh/data-privacy,footer,数据说明,UNKNOWN,Target is not in current authority corpus; not labeled broken without reliable target readback.
non_corpus_internal_target,UNKNOWN,https://fermatmind.com/zh/career/guides/how-to-find-right-career-direction,https://fermatmind.com/zh/common-misconceptions,footer,常见误区,UNKNOWN,Target is not in current authority corpus; not labeled broken without reliable target readback.
non_corpus_internal_target,UNKNOWN,https://fermatmind.com/zh/career/guides/improve-workplace-competitiveness,https://fermatmind.com/zh/tests?q=,header/navigation,,UNKNOWN,Target is not in current authority corpus; not labeled broken without reliable target readback.
non_corpus_internal_target,UNKNOWN,https://fermatmind.com/zh/career/guides/improve-workplace-competitiveness,https://fermatmind.com/zh/science,footer,测评科学,UNKNOWN,Target is not in current authority corpus; not labeled broken without reliable target readback.
non_corpus_internal_target,UNKNOWN,https://fermatmind.com/zh/career/guides/improve-workplace-competitiveness,https://fermatmind.com/zh/item-design-notes,footer,题目设计说明,UNKNOWN,Target is not in current authority corpus; not labeled broken without reliable target readback.
non_corpus_internal_target,UNKNOWN,https://fermatmind.com/zh/career/guides/improve-workplace-competitiveness,https://fermatmind.com/zh/reliability-validity,footer,信度效度,UNKNOWN,Target is not in current authority corpus; not labeled broken without reliable target readback.
non_corpus_internal_target,UNKNOWN,https://fermatmind.com/zh/career/guides/improve-workplace-competitiveness,https://fermatmind.com/zh/data-privacy,footer,数据说明,UNKNOWN,Target is not in current authority corpus; not labeled broken without reliable target readback.
non_corpus_internal_target,UNKNOWN,https://fermatmind.com/zh/career/guides/improve-workplace-competitiveness,https://fermatmind.com/zh/common-misconceptions,footer,常见误区,UNKNOWN,Target is not in current authority corpus; not labeled broken without reliable target readback.
non_corpus_internal_target,UNKNOWN,https://fermatmind.com/zh/career/guides/interview-strategy-by-role,https://fermatmind.com/zh/science,footer,测评科学,UNKNOWN,Target is not in current authority corpus; not labeled broken without reliable target readback.
non_corpus_internal_target,UNKNOWN,https://fermatmind.com/zh/career/guides/interview-strategy-by-role,https://fermatmind.com/zh/item-design-notes,footer,题目设计说明,UNKNOWN,Target is not in current authority corpus; not labeled broken without reliable target readback.
non_corpus_internal_target,UNKNOWN,https://fermatmind.com/zh/career/guides/interview-strategy-by-role,https://fermatmind.com/zh/reliability-validity,footer,信度效度,UNKNOWN,Target is not in current authority corpus; not labeled broken without reliable target readback.
non_corpus_internal_target,UNKNOWN,https://fermatmind.com/zh/career/guides/interview-strategy-by-role,https://fermatmind.com/zh/data-privacy,footer,数据说明,UNKNOWN,Target is not in current authority corpus; not labeled broken without reliable target readback.
non_corpus_internal_target,UNKNOWN,https://fermatmind.com/zh/career/guides/interview-strategy-by-role,https://fermatmind.com/zh/common-misconceptions,footer,常见误区,UNKNOWN,Target is not in current authority corpus; not labeled broken without reliable target readback.
non_corpus_internal_target,UNKNOWN,https://fermatmind.com/zh/career/guides/iq-eq-balance-at-work,https://fermatmind.com/zh/tests?q=,header/navigation,,UNKNOWN,Target is not in current authority corpus; not labeled broken without reliable target readback.
non_corpus_internal_target,UNKNOWN,https://fermatmind.com/zh/career/guides/iq-eq-balance-at-work,https://fermatmind.com/zh/science,footer,测评科学,UNKNOWN,Target is not in current authority corpus; not labeled broken without reliable target readback.
non_corpus_internal_target,UNKNOWN,https://fermatmind.com/zh/career/guides/iq-eq-balance-at-work,https://fermatmind.com/zh/item-design-notes,footer,题目设计说明,UNKNOWN,Target is not in current authority corpus; not labeled broken without reliable target readback.
non_corpus_internal_target,UNKNOWN,https://fermatmind.com/zh/career/guides/iq-eq-balance-at-work,https://fermatmind.com/zh/reliability-validity,footer,信度效度,UNKNOWN,Target is not in current authority corpus; not labeled broken without reliable target readback.
non_corpus_internal_target,UNKNOWN,https://fermatmind.com/zh/career/guides/iq-eq-balance-at-work,https://fermatmind.com/zh/data-privacy,footer,数据说明,UNKNOWN,Target is not in current authority corpus; not labeled broken without reliable target readback.
non_corpus_internal_target,UNKNOWN,https://fermatmind.com/zh/career/guides/iq-eq-balance-at-work,https://fermatmind.com/zh/common-misconceptions,footer,常见误区,UNKNOWN,Target is not in current authority corpus; not labeled broken without reliable target readback.
non_corpus_internal_target,UNKNOWN,https://fermatmind.com/zh/career/guides/leader-track-vs-expert-track,https://fermatmind.com/zh/tests?q=,header/navigation,,UNKNOWN,Target is not in current authority corpus; not labeled broken without reliable target readback.
non_corpus_internal_target,UNKNOWN,https://fermatmind.com/zh/career/guides/leader-track-vs-expert-track,https://fermatmind.com/zh/science,footer,测评科学,UNKNOWN,Target is not in current authority corpus; not labeled broken without reliable target readback.
non_corpus_internal_target,UNKNOWN,https://fermatmind.com/zh/career/guides/leader-track-vs-expert-track,https://fermatmind.com/zh/item-design-notes,footer,题目设计说明,UNKNOWN,Target is not in current authority corpus; not labeled broken without reliable target readback.
non_corpus_internal_target,UNKNOWN,https://fermatmind.com/zh/career/guides/leader-track-vs-expert-track,https://fermatmind.com/zh/reliability-validity,footer,信度效度,UNKNOWN,Target is not in current authority corpus; not labeled broken without reliable target readback.
non_corpus_internal_target,UNKNOWN,https://fermatmind.com/zh/career/guides/leader-track-vs-expert-track,https://fermatmind.com/zh/data-privacy,footer,数据说明,UNKNOWN,Target is not in current authority corpus; not labeled broken without reliable target readback.
non_corpus_internal_target,UNKNOWN,https://fermatmind.com/zh/career/guides/leader-track-vs-expert-track,https://fermatmind.com/zh/common-misconceptions,footer,常见误区,UNKNOWN,Target is not in current authority corpus; not labeled broken without reliable target readback.
non_corpus_internal_target,UNKNOWN,https://fermatmind.com/zh/career/guides/networking-that-actually-works,https://fermatmind.com/zh/science,footer,测评科学,UNKNOWN,Target is not in current authority corpus; not labeled broken without reliable target readback.
non_corpus_internal_target,UNKNOWN,https://fermatmind.com/zh/career/guides/networking-that-actually-works,https://fermatmind.com/zh/item-design-notes,footer,题目设计说明,UNKNOWN,Target is not in current authority corpus; not labeled broken without reliable target readback.
non_corpus_internal_target,UNKNOWN,https://fermatmind.com/zh/career/guides/networking-that-actually-works,https://fermatmind.com/zh/reliability-validity,footer,信度效度,UNKNOWN,Target is not in current authority corpus; not labeled broken without reliable target readback.
non_corpus_internal_target,UNKNOWN,https://fermatmind.com/zh/career/guides/networking-that-actually-works,https://fermatmind.com/zh/data-privacy,footer,数据说明,UNKNOWN,Target is not in current authority corpus; not labeled broken without reliable target readback.
non_corpus_internal_target,UNKNOWN,https://fermatmind.com/zh/career/guides/networking-that-actually-works,https://fermatmind.com/zh/common-misconceptions,footer,常见误区,UNKNOWN,Target is not in current authority corpus; not labeled broken without reliable target readback.
non_corpus_internal_target,UNKNOWN,https://fermatmind.com/zh/career/guides/personal-brand-for-professionals,https://fermatmind.com/zh/tests?q=,header/navigation,,UNKNOWN,Target is not in current authority corpus; not labeled broken without reliable target readback.
non_corpus_internal_target,UNKNOWN,https://fermatmind.com/zh/career/guides/personal-brand-for-professionals,https://fermatmind.com/zh/science,footer,测评科学,UNKNOWN,Target is not in current authority corpus; not labeled broken without reliable target readback.
non_corpus_internal_target,UNKNOWN,https://fermatmind.com/zh/career/guides/personal-brand-for-professionals,https://fermatmind.com/zh/item-design-notes,footer,题目设计说明,UNKNOWN,Target is not in current authority corpus; not labeled broken without reliable target readback.
non_corpus_internal_target,UNKNOWN,https://fermatmind.com/zh/career/guides/personal-brand-for-professionals,https://fermatmind.com/zh/reliability-validity,footer,信度效度,UNKNOWN,Target is not in current authority corpus; not labeled broken without reliable target readback.
non_corpus_internal_target,UNKNOWN,https://fermatmind.com/zh/career/guides/personal-brand-for-professionals,https://fermatmind.com/zh/data-privacy,footer,数据说明,UNKNOWN,Target is not in current authority corpus; not labeled broken without reliable target readback.
non_corpus_internal_target,UNKNOWN,https://fermatmind.com/zh/career/guides/personal-brand-for-professionals,https://fermatmind.com/zh/common-misconceptions,footer,常见误区,UNKNOWN,Target is not in current authority corpus; not labeled broken without reliable target readback.
non_corpus_internal_target,UNKNOWN,https://fermatmind.com/zh/career/guides/prevent-burnout-while-growing,https://fermatmind.com/zh/tests?q=,header/navigation,,UNKNOWN,Target is not in current authority corpus; not labeled broken without reliable target readback.
non_corpus_internal_target,UNKNOWN,https://fermatmind.com/zh/career/guides/prevent-burnout-while-growing,https://fermatmind.com/zh/science,footer,测评科学,UNKNOWN,Target is not in current authority corpus; not labeled broken without reliable target readback.
non_corpus_internal_target,UNKNOWN,https://fermatmind.com/zh/career/guides/prevent-burnout-while-growing,https://fermatmind.com/zh/item-design-notes,footer,题目设计说明,UNKNOWN,Target is not in current authority corpus; not labeled broken without reliable target readback.
non_corpus_internal_target,UNKNOWN,https://fermatmind.com/zh/career/guides/prevent-burnout-while-growing,https://fermatmind.com/zh/reliability-validity,footer,信度效度,UNKNOWN,Target is not in current authority corpus; not labeled broken without reliable target readback.
non_corpus_internal_target,UNKNOWN,https://fermatmind.com/zh/career/guides/prevent-burnout-while-growing,https://fermatmind.com/zh/data-privacy,footer,数据说明,UNKNOWN,Target is not in current authority corpus; not labeled broken without reliable target readback.
non_corpus_internal_target,UNKNOWN,https://fermatmind.com/zh/career/guides/prevent-burnout-while-growing,https://fermatmind.com/zh/common-misconceptions,footer,常见误区,UNKNOWN,Target is not in current authority corpus; not labeled broken without reliable target readback.
non_corpus_internal_target,UNKNOWN,https://fermatmind.com/zh/career/guides/salary-negotiation-framework,https://fermatmind.com/zh/science,footer,测评科学,UNKNOWN,Target is not in current authority corpus; not labeled broken without reliable target readback.
non_corpus_internal_target,UNKNOWN,https://fermatmind.com/zh/career/guides/salary-negotiation-framework,https://fermatmind.com/zh/item-design-notes,footer,题目设计说明,UNKNOWN,Target is not in current authority corpus; not labeled broken without reliable target readback.
non_corpus_internal_target,UNKNOWN,https://fermatmind.com/zh/career/guides/salary-negotiation-framework,https://fermatmind.com/zh/reliability-validity,footer,信度效度,UNKNOWN,Target is not in current authority corpus; not labeled broken without reliable target readback.
non_corpus_internal_target,UNKNOWN,https://fermatmind.com/zh/career/guides/salary-negotiation-framework,https://fermatmind.com/zh/data-privacy,footer,数据说明,UNKNOWN,Target is not in current authority corpus; not labeled broken without reliable target readback.
non_corpus_internal_target,UNKNOWN,https://fermatmind.com/zh/career/guides/salary-negotiation-framework,https://fermatmind.com/zh/common-misconceptions,footer,常见误区,UNKNOWN,Target is not in current authority corpus; not labeled broken without reliable target readback.
non_corpus_internal_target,UNKNOWN,https://fermatmind.com/zh/career/recommendations,https://fermatmind.com/zh/tests?q=,header/navigation,,UNKNOWN,Target is not in current authority corpus; not labeled broken without reliable target readback.
non_corpus_internal_target,UNKNOWN,https://fermatmind.com/zh/career/recommendations,https://fermatmind.com/zh/career/jobs,inline contextual,浏览全部职业库,UNKNOWN,Target is not in current authority corpus; not labeled broken without reliable target readback.
non_corpus_internal_target,UNKNOWN,https://fermatmind.com/zh/career/recommendations,https://fermatmind.com/zh/career/industries,inline contextual,按行业浏览职业,UNKNOWN,Target is not in current authority corpus; not labeled broken without reliable target readback.
non_corpus_internal_target,UNKNOWN,https://fermatmind.com/zh/career/recommendations,https://fermatmind.com/zh/science,footer,测评科学,UNKNOWN,Target is not in current authority corpus; not labeled broken without reliable target readback.
non_corpus_internal_target,UNKNOWN,https://fermatmind.com/zh/career/recommendations,https://fermatmind.com/zh/item-design-notes,footer,题目设计说明,UNKNOWN,Target is not in current authority corpus; not labeled broken without reliable target readback.
non_corpus_internal_target,UNKNOWN,https://fermatmind.com/zh/career/recommendations,https://fermatmind.com/zh/reliability-validity,footer,信度效度,UNKNOWN,Target is not in current authority corpus; not labeled broken without reliable target readback.
non_corpus_internal_target,UNKNOWN,https://fermatmind.com/zh/career/recommendations,https://fermatmind.com/zh/data-privacy,footer,数据说明,UNKNOWN,Target is not in current authority corpus; not labeled broken without reliable target readback.
non_corpus_internal_target,UNKNOWN,https://fermatmind.com/zh/career/recommendations,https://fermatmind.com/zh/common-misconceptions,footer,常见误区,UNKNOWN,Target is not in current authority corpus; not labeled broken without reliable target readback.
non_corpus_internal_target,UNKNOWN,https://fermatmind.com/zh/career/tests,https://fermatmind.com/zh/tests?q=,header/navigation,,UNKNOWN,Target is not in current authority corpus; not labeled broken without reliable target readback.
non_corpus_internal_target,UNKNOWN,https://fermatmind.com/zh/career/tests,https://fermatmind.com/zh/science,footer,测评科学,UNKNOWN,Target is not in current authority corpus; not labeled broken without reliable target readback.
non_corpus_internal_target,UNKNOWN,https://fermatmind.com/zh/career/tests,https://fermatmind.com/zh/item-design-notes,footer,题目设计说明,UNKNOWN,Target is not in current authority corpus; not labeled broken without reliable target readback.
non_corpus_internal_target,UNKNOWN,https://fermatmind.com/zh/career/tests,https://fermatmind.com/zh/reliability-validity,footer,信度效度,UNKNOWN,Target is not in current authority corpus; not labeled broken without reliable target readback.
non_corpus_internal_target,UNKNOWN,https://fermatmind.com/zh/career/tests,https://fermatmind.com/zh/data-privacy,footer,数据说明,UNKNOWN,Target is not in current authority corpus; not labeled broken without reliable target readback.
non_corpus_internal_target,UNKNOWN,https://fermatmind.com/zh/career/tests,https://fermatmind.com/zh/common-misconceptions,footer,常见误区,UNKNOWN,Target is not in current authority corpus; not labeled broken without reliable target readback.
non_corpus_internal_target,UNKNOWN,https://fermatmind.com/zh/careers,https://fermatmind.com/zh/tests?q=,header/navigation,,UNKNOWN,Target is not in current authority corpus; not labeled broken without reliable target readback.
private_route_link,HIGH,https://fermatmind.com/zh/careers,PRIVATE_ROUTE_REDACTED:results,header/navigation,我的账户,VERIFIED,Visible internal link targets a private/sensitive route; target was not crawled.
non_corpus_internal_target,UNKNOWN,https://fermatmind.com/zh/careers,https://fermatmind.com/zh/science,footer,测评科学,UNKNOWN,Target is not in current authority corpus; not labeled broken without reliable target readback.
non_corpus_internal_target,UNKNOWN,https://fermatmind.com/zh/careers,https://fermatmind.com/zh/item-design-notes,footer,题目设计说明,UNKNOWN,Target is not in current authority corpus; not labeled broken without reliable target readback.
non_corpus_internal_target,UNKNOWN,https://fermatmind.com/zh/careers,https://fermatmind.com/zh/reliability-validity,footer,信度效度,UNKNOWN,Target is not in current authority corpus; not labeled broken without reliable target readback.
non_corpus_internal_target,UNKNOWN,https://fermatmind.com/zh/careers,https://fermatmind.com/zh/data-privacy,footer,数据说明,UNKNOWN,Target is not in current authority corpus; not labeled broken without reliable target readback.
non_corpus_internal_target,UNKNOWN,https://fermatmind.com/zh/careers,https://fermatmind.com/zh/common-misconceptions,footer,常见误区,UNKNOWN,Target is not in current authority corpus; not labeled broken without reliable target readback.
non_corpus_internal_target,UNKNOWN,https://fermatmind.com/zh/charter,https://fermatmind.com/zh/tests?q=,header/navigation,,UNKNOWN,Target is not in current authority corpus; not labeled broken without reliable target readback.
private_route_link,HIGH,https://fermatmind.com/zh/charter,PRIVATE_ROUTE_REDACTED:results,header/navigation,我的账户,VERIFIED,Visible internal link targets a private/sensitive route; target was not crawled.
non_corpus_internal_target,UNKNOWN,https://fermatmind.com/zh/charter,https://fermatmind.com/zh/science,footer,测评科学,UNKNOWN,Target is not in current authority corpus; not labeled broken without reliable target readback.
non_corpus_internal_target,UNKNOWN,https://fermatmind.com/zh/charter,https://fermatmind.com/zh/item-design-notes,footer,题目设计说明,UNKNOWN,Target is not in current authority corpus; not labeled broken without reliable target readback.
non_corpus_internal_target,UNKNOWN,https://fermatmind.com/zh/charter,https://fermatmind.com/zh/reliability-validity,footer,信度效度,UNKNOWN,Target is not in current authority corpus; not labeled broken without reliable target readback.
non_corpus_internal_target,UNKNOWN,https://fermatmind.com/zh/charter,https://fermatmind.com/zh/data-privacy,footer,数据说明,UNKNOWN,Target is not in current authority corpus; not labeled broken without reliable target readback.
non_corpus_internal_target,UNKNOWN,https://fermatmind.com/zh/charter,https://fermatmind.com/zh/common-misconceptions,footer,常见误区,UNKNOWN,Target is not in current authority corpus; not labeled broken without reliable target readback.
non_corpus_internal_target,UNKNOWN,https://fermatmind.com/zh/foundation,https://fermatmind.com/zh/tests?q=,header/navigation,,UNKNOWN,Target is not in current authority corpus; not labeled broken without reliable target readback.
private_route_link,HIGH,https://fermatmind.com/zh/foundation,PRIVATE_ROUTE_REDACTED:results,header/navigation,我的账户,VERIFIED,Visible internal link targets a private/sensitive route; target was not crawled.
non_corpus_internal_target,UNKNOWN,https://fermatmind.com/zh/foundation,https://fermatmind.com/zh/help/contact,inline contextual,联系我们,UNKNOWN,Target is not in current authority corpus; not labeled broken without reliable target readback.
non_corpus_internal_target,UNKNOWN,https://fermatmind.com/zh/foundation,https://fermatmind.com/zh/science,footer,测评科学,UNKNOWN,Target is not in current authority corpus; not labeled broken without reliable target readback.
non_corpus_internal_target,UNKNOWN,https://fermatmind.com/zh/foundation,https://fermatmind.com/zh/item-design-notes,footer,题目设计说明,UNKNOWN,Target is not in current authority corpus; not labeled broken without reliable target readback.
non_corpus_internal_target,UNKNOWN,https://fermatmind.com/zh/foundation,https://fermatmind.com/zh/reliability-validity,footer,信度效度,UNKNOWN,Target is not in current authority corpus; not labeled broken without reliable target readback.
non_corpus_internal_target,UNKNOWN,https://fermatmind.com/zh/foundation,https://fermatmind.com/zh/data-privacy,footer,数据说明,UNKNOWN,Target is not in current authority corpus; not labeled broken without reliable target readback.
non_corpus_internal_target,UNKNOWN,https://fermatmind.com/zh/foundation,https://fermatmind.com/zh/common-misconceptions,footer,常见误区,UNKNOWN,Target is not in current authority corpus; not labeled broken without reliable target readback.
non_corpus_internal_target,UNKNOWN,https://fermatmind.com/zh/method-boundaries,https://fermatmind.com/zh/tests?q=,header/navigation,,UNKNOWN,Target is not in current authority corpus; not labeled broken without reliable target readback.
private_route_link,HIGH,https://fermatmind.com/zh/method-boundaries,PRIVATE_ROUTE_REDACTED:results,header/navigation,我的账户,VERIFIED,Visible internal link targets a private/sensitive route; target was not crawled.
non_corpus_internal_target,UNKNOWN,https://fermatmind.com/zh/method-boundaries,https://fermatmind.com/zh/science,footer,测评科学,UNKNOWN,Target is not in current authority corpus; not labeled broken without reliable target readback.
non_corpus_internal_target,UNKNOWN,https://fermatmind.com/zh/method-boundaries,https://fermatmind.com/zh/item-design-notes,footer,题目设计说明,UNKNOWN,Target is not in current authority corpus; not labeled broken without reliable target readback.
non_corpus_internal_target,UNKNOWN,https://fermatmind.com/zh/method-boundaries,https://fermatmind.com/zh/reliability-validity,footer,信度效度,UNKNOWN,Target is not in current authority corpus; not labeled broken without reliable target readback.
non_corpus_internal_target,UNKNOWN,https://fermatmind.com/zh/method-boundaries,https://fermatmind.com/zh/data-privacy,footer,数据说明,UNKNOWN,Target is not in current authority corpus; not labeled broken without reliable target readback.
non_corpus_internal_target,UNKNOWN,https://fermatmind.com/zh/method-boundaries,https://fermatmind.com/zh/common-misconceptions,footer,常见误区,UNKNOWN,Target is not in current authority corpus; not labeled broken without reliable target readback.
non_corpus_internal_target,UNKNOWN,https://fermatmind.com/zh/personality,https://fermatmind.com/zh/tests?q=,header/navigation,,UNKNOWN,Target is not in current authority corpus; not labeled broken without reliable target readback.
non_corpus_internal_target,UNKNOWN,https://fermatmind.com/zh/personality,https://fermatmind.com/zh/science,footer,测评科学,UNKNOWN,Target is not in current authority corpus; not labeled broken without reliable target readback.
non_corpus_internal_target,UNKNOWN,https://fermatmind.com/zh/personality,https://fermatmind.com/zh/item-design-notes,footer,题目设计说明,UNKNOWN,Target is not in current authority corpus; not labeled broken without reliable target readback.
non_corpus_internal_target,UNKNOWN,https://fermatmind.com/zh/personality,https://fermatmind.com/zh/reliability-validity,footer,信度效度,UNKNOWN,Target is not in current authority corpus; not labeled broken without reliable target readback.
non_corpus_internal_target,UNKNOWN,https://fermatmind.com/zh/personality,https://fermatmind.com/zh/data-privacy,footer,数据说明,UNKNOWN,Target is not in current authority corpus; not labeled broken without reliable target readback.
non_corpus_internal_target,UNKNOWN,https://fermatmind.com/zh/personality,https://fermatmind.com/zh/common-misconceptions,footer,常见误区,UNKNOWN,Target is not in current authority corpus; not labeled broken without reliable target readback.
non_corpus_internal_target,UNKNOWN,https://fermatmind.com/zh/personality/big-five,https://fermatmind.com/zh/tests?q=,header/navigation,,UNKNOWN,Target is not in current authority corpus; not labeled broken without reliable target readback.
non_corpus_internal_target,UNKNOWN,https://fermatmind.com/zh/personality/big-five,https://fermatmind.com/zh/science,footer,测评科学,UNKNOWN,Target is not in current authority corpus; not labeled broken without reliable target readback.
non_corpus_internal_target,UNKNOWN,https://fermatmind.com/zh/personality/big-five,https://fermatmind.com/zh/item-design-notes,footer,题目设计说明,UNKNOWN,Target is not in current authority corpus; not labeled broken without reliable target readback.
non_corpus_internal_target,UNKNOWN,https://fermatmind.com/zh/personality/big-five,https://fermatmind.com/zh/reliability-validity,footer,信度效度,UNKNOWN,Target is not in current authority corpus; not labeled broken without reliable target readback.
non_corpus_internal_target,UNKNOWN,https://fermatmind.com/zh/personality/big-five,https://fermatmind.com/zh/data-privacy,footer,数据说明,UNKNOWN,Target is not in current authority corpus; not labeled broken without reliable target readback.
non_corpus_internal_target,UNKNOWN,https://fermatmind.com/zh/personality/big-five,https://fermatmind.com/zh/common-misconceptions,footer,常见误区,UNKNOWN,Target is not in current authority corpus; not labeled broken without reliable target readback.
non_corpus_internal_target,UNKNOWN,https://fermatmind.com/zh/personality/big-five/agreeableness,https://fermatmind.com/zh/tests?q=,header/navigation,,UNKNOWN,Target is not in current authority corpus; not labeled broken without reliable target readback.
non_corpus_internal_target,UNKNOWN,https://fermatmind.com/zh/personality/big-five/agreeableness,https://fermatmind.com/zh/science,footer,测评科学,UNKNOWN,Target is not in current authority corpus; not labeled broken without reliable target readback.
non_corpus_internal_target,UNKNOWN,https://fermatmind.com/zh/personality/big-five/agreeableness,https://fermatmind.com/zh/item-design-notes,footer,题目设计说明,UNKNOWN,Target is not in current authority corpus; not labeled broken without reliable target readback.
non_corpus_internal_target,UNKNOWN,https://fermatmind.com/zh/personality/big-five/agreeableness,https://fermatmind.com/zh/reliability-validity,footer,信度效度,UNKNOWN,Target is not in current authority corpus; not labeled broken without reliable target readback.
non_corpus_internal_target,UNKNOWN,https://fermatmind.com/zh/personality/big-five/agreeableness,https://fermatmind.com/zh/data-privacy,footer,数据说明,UNKNOWN,Target is not in current authority corpus; not labeled broken without reliable target readback.
non_corpus_internal_target,UNKNOWN,https://fermatmind.com/zh/personality/big-five/agreeableness,https://fermatmind.com/zh/common-misconceptions,footer,常见误区,UNKNOWN,Target is not in current authority corpus; not labeled broken without reliable target readback.
non_corpus_internal_target,UNKNOWN,https://fermatmind.com/zh/personality/big-five/agreeableness-high,https://fermatmind.com/zh/tests?q=,header/navigation,,UNKNOWN,Target is not in current authority corpus; not labeled broken without reliable target readback.
non_corpus_internal_target,UNKNOWN,https://fermatmind.com/zh/personality/big-five/agreeableness-high,https://fermatmind.com/zh/science,footer,测评科学,UNKNOWN,Target is not in current authority corpus; not labeled broken without reliable target readback.
non_corpus_internal_target,UNKNOWN,https://fermatmind.com/zh/personality/big-five/agreeableness-high,https://fermatmind.com/zh/item-design-notes,footer,题目设计说明,UNKNOWN,Target is not in current authority corpus; not labeled broken without reliable target readback.
non_corpus_internal_target,UNKNOWN,https://fermatmind.com/zh/personality/big-five/agreeableness-high,https://fermatmind.com/zh/reliability-validity,footer,信度效度,UNKNOWN,Target is not in current authority corpus; not labeled broken without reliable target readback.
non_corpus_internal_target,UNKNOWN,https://fermatmind.com/zh/personality/big-five/agreeableness-high,https://fermatmind.com/zh/data-privacy,footer,数据说明,UNKNOWN,Target is not in current authority corpus; not labeled broken without reliable target readback.
non_corpus_internal_target,UNKNOWN,https://fermatmind.com/zh/personality/big-five/agreeableness-high,https://fermatmind.com/zh/common-misconceptions,footer,常见误区,UNKNOWN,Target is not in current authority corpus; not labeled broken without reliable target readback.
non_corpus_internal_target,UNKNOWN,https://fermatmind.com/zh/personality/big-five/agreeableness-low,https://fermatmind.com/zh/tests?q=,header/navigation,,UNKNOWN,Target is not in current authority corpus; not labeled broken without reliable target readback.
non_corpus_internal_target,UNKNOWN,https://fermatmind.com/zh/personality/big-five/agreeableness-low,https://fermatmind.com/zh/science,footer,测评科学,UNKNOWN,Target is not in current authority corpus; not labeled broken without reliable target readback.
non_corpus_internal_target,UNKNOWN,https://fermatmind.com/zh/personality/big-five/agreeableness-low,https://fermatmind.com/zh/item-design-notes,footer,题目设计说明,UNKNOWN,Target is not in current authority corpus; not labeled broken without reliable target readback.
non_corpus_internal_target,UNKNOWN,https://fermatmind.com/zh/personality/big-five/agreeableness-low,https://fermatmind.com/zh/reliability-validity,footer,信度效度,UNKNOWN,Target is not in current authority corpus; not labeled broken without reliable target readback.
non_corpus_internal_target,UNKNOWN,https://fermatmind.com/zh/personality/big-five/agreeableness-low,https://fermatmind.com/zh/data-privacy,footer,数据说明,UNKNOWN,Target is not in current authority corpus; not labeled broken without reliable target readback.
non_corpus_internal_target,UNKNOWN,https://fermatmind.com/zh/personality/big-five/agreeableness-low,https://fermatmind.com/zh/common-misconceptions,footer,常见误区,UNKNOWN,Target is not in current authority corpus; not labeled broken without reliable target readback.
non_corpus_internal_target,UNKNOWN,https://fermatmind.com/zh/personality/big-five/agreeableness-mid,https://fermatmind.com/zh/tests?q=,header/navigation,,UNKNOWN,Target is not in current authority corpus; not labeled broken without reliable target readback.
non_corpus_internal_target,UNKNOWN,https://fermatmind.com/zh/personality/big-five/agreeableness-mid,https://fermatmind.com/zh/science,footer,测评科学,UNKNOWN,Target is not in current authority corpus; not labeled broken without reliable target readback.
non_corpus_internal_target,UNKNOWN,https://fermatmind.com/zh/personality/big-five/agreeableness-mid,https://fermatmind.com/zh/item-design-notes,footer,题目设计说明,UNKNOWN,Target is not in current authority corpus; not labeled broken without reliable target readback.
non_corpus_internal_target,UNKNOWN,https://fermatmind.com/zh/personality/big-five/agreeableness-mid,https://fermatmind.com/zh/reliability-validity,footer,信度效度,UNKNOWN,Target is not in current authority corpus; not labeled broken without reliable target readback.
non_corpus_internal_target,UNKNOWN,https://fermatmind.com/zh/personality/big-five/agreeableness-mid,https://fermatmind.com/zh/data-privacy,footer,数据说明,UNKNOWN,Target is not in current authority corpus; not labeled broken without reliable target readback.
non_corpus_internal_target,UNKNOWN,https://fermatmind.com/zh/personality/big-five/agreeableness-mid,https://fermatmind.com/zh/common-misconceptions,footer,常见误区,UNKNOWN,Target is not in current authority corpus; not labeled broken without reliable target readback.
non_corpus_internal_target,UNKNOWN,https://fermatmind.com/zh/personality/big-five/conscientiousness,https://fermatmind.com/zh/tests?q=,header/navigation,,UNKNOWN,Target is not in current authority corpus; not labeled broken without reliable target readback.
non_corpus_internal_target,UNKNOWN,https://fermatmind.com/zh/personality/big-five/conscientiousness,https://fermatmind.com/zh/science,footer,测评科学,UNKNOWN,Target is not in current authority corpus; not labeled broken without reliable target readback.
non_corpus_internal_target,UNKNOWN,https://fermatmind.com/zh/personality/big-five/conscientiousness,https://fermatmind.com/zh/item-design-notes,footer,题目设计说明,UNKNOWN,Target is not in current authority corpus; not labeled broken without reliable target readback.
non_corpus_internal_target,UNKNOWN,https://fermatmind.com/zh/personality/big-five/conscientiousness,https://fermatmind.com/zh/reliability-validity,footer,信度效度,UNKNOWN,Target is not in current authority corpus; not labeled broken without reliable target readback.
non_corpus_internal_target,UNKNOWN,https://fermatmind.com/zh/personality/big-five/conscientiousness,https://fermatmind.com/zh/data-privacy,footer,数据说明,UNKNOWN,Target is not in current authority corpus; not labeled broken without reliable target readback.
non_corpus_internal_target,UNKNOWN,https://fermatmind.com/zh/personality/big-five/conscientiousness,https://fermatmind.com/zh/common-misconceptions,footer,常见误区,UNKNOWN,Target is not in current authority corpus; not labeled broken without reliable target readback.
non_corpus_internal_target,UNKNOWN,https://fermatmind.com/zh/personality/big-five/conscientiousness-high,https://fermatmind.com/zh/tests?q=,header/navigation,,UNKNOWN,Target is not in current authority corpus; not labeled broken without reliable target readback.
non_corpus_internal_target,UNKNOWN,https://fermatmind.com/zh/personality/big-five/conscientiousness-high,https://fermatmind.com/zh/science,footer,测评科学,UNKNOWN,Target is not in current authority corpus; not labeled broken without reliable target readback.
non_corpus_internal_target,UNKNOWN,https://fermatmind.com/zh/personality/big-five/conscientiousness-high,https://fermatmind.com/zh/item-design-notes,footer,题目设计说明,UNKNOWN,Target is not in current authority corpus; not labeled broken without reliable target readback.
non_corpus_internal_target,UNKNOWN,https://fermatmind.com/zh/personality/big-five/conscientiousness-high,https://fermatmind.com/zh/reliability-validity,footer,信度效度,UNKNOWN,Target is not in current authority corpus; not labeled broken without reliable target readback.
non_corpus_internal_target,UNKNOWN,https://fermatmind.com/zh/personality/big-five/conscientiousness-high,https://fermatmind.com/zh/data-privacy,footer,数据说明,UNKNOWN,Target is not in current authority corpus; not labeled broken without reliable target readback.
non_corpus_internal_target,UNKNOWN,https://fermatmind.com/zh/personality/big-five/conscientiousness-high,https://fermatmind.com/zh/common-misconceptions,footer,常见误区,UNKNOWN,Target is not in current authority corpus; not labeled broken without reliable target readback.
non_corpus_internal_target,UNKNOWN,https://fermatmind.com/zh/personality/big-five/conscientiousness-low,https://fermatmind.com/zh/tests?q=,header/navigation,,UNKNOWN,Target is not in current authority corpus; not labeled broken without reliable target readback.
non_corpus_internal_target,UNKNOWN,https://fermatmind.com/zh/personality/big-five/conscientiousness-low,https://fermatmind.com/zh/science,footer,测评科学,UNKNOWN,Target is not in current authority corpus; not labeled broken without reliable target readback.
non_corpus_internal_target,UNKNOWN,https://fermatmind.com/zh/personality/big-five/conscientiousness-low,https://fermatmind.com/zh/item-design-notes,footer,题目设计说明,UNKNOWN,Target is not in current authority corpus; not labeled broken without reliable target readback.
non_corpus_internal_target,UNKNOWN,https://fermatmind.com/zh/personality/big-five/conscientiousness-low,https://fermatmind.com/zh/reliability-validity,footer,信度效度,UNKNOWN,Target is not in current authority corpus; not labeled broken without reliable target readback.
non_corpus_internal_target,UNKNOWN,https://fermatmind.com/zh/personality/big-five/conscientiousness-low,https://fermatmind.com/zh/data-privacy,footer,数据说明,UNKNOWN,Target is not in current authority corpus; not labeled broken without reliable target readback.
non_corpus_internal_target,UNKNOWN,https://fermatmind.com/zh/personality/big-five/conscientiousness-low,https://fermatmind.com/zh/common-misconceptions,footer,常见误区,UNKNOWN,Target is not in current authority corpus; not labeled broken without reliable target readback.
non_corpus_internal_target,UNKNOWN,https://fermatmind.com/zh/personality/big-five/conscientiousness-mid,https://fermatmind.com/zh/tests?q=,header/navigation,,UNKNOWN,Target is not in current authority corpus; not labeled broken without reliable target readback.
non_corpus_internal_target,UNKNOWN,https://fermatmind.com/zh/personality/big-five/conscientiousness-mid,https://fermatmind.com/zh/science,footer,测评科学,UNKNOWN,Target is not in current authority corpus; not labeled broken without reliable target readback.
non_corpus_internal_target,UNKNOWN,https://fermatmind.com/zh/personality/big-five/conscientiousness-mid,https://fermatmind.com/zh/item-design-notes,footer,题目设计说明,UNKNOWN,Target is not in current authority corpus; not labeled broken without reliable target readback.
non_corpus_internal_target,UNKNOWN,https://fermatmind.com/zh/personality/big-five/conscientiousness-mid,https://fermatmind.com/zh/reliability-validity,footer,信度效度,UNKNOWN,Target is not in current authority corpus; not labeled broken without reliable target readback.
non_corpus_internal_target,UNKNOWN,https://fermatmind.com/zh/personality/big-five/conscientiousness-mid,https://fermatmind.com/zh/data-privacy,footer,数据说明,UNKNOWN,Target is not in current authority corpus; not labeled broken without reliable target readback.
non_corpus_internal_target,UNKNOWN,https://fermatmind.com/zh/personality/big-five/conscientiousness-mid,https://fermatmind.com/zh/common-misconceptions,footer,常见误区,UNKNOWN,Target is not in current authority corpus; not labeled broken without reliable target readback.
non_corpus_internal_target,UNKNOWN,https://fermatmind.com/zh/personality/big-five/extraversion,https://fermatmind.com/zh/tests?q=,header/navigation,,UNKNOWN,Target is not in current authority corpus; not labeled broken without reliable target readback.
non_corpus_internal_target,UNKNOWN,https://fermatmind.com/zh/personality/big-five/extraversion,https://fermatmind.com/zh/science,footer,测评科学,UNKNOWN,Target is not in current authority corpus; not labeled broken without reliable target readback.
non_corpus_internal_target,UNKNOWN,https://fermatmind.com/zh/personality/big-five/extraversion,https://fermatmind.com/zh/item-design-notes,footer,题目设计说明,UNKNOWN,Target is not in current authority corpus; not labeled broken without reliable target readback.
non_corpus_internal_target,UNKNOWN,https://fermatmind.com/zh/personality/big-five/extraversion,https://fermatmind.com/zh/reliability-validity,footer,信度效度,UNKNOWN,Target is not in current authority corpus; not labeled broken without reliable target readback.
non_corpus_internal_target,UNKNOWN,https://fermatmind.com/zh/personality/big-five/extraversion,https://fermatmind.com/zh/data-privacy,footer,数据说明,UNKNOWN,Target is not in current authority corpus; not labeled broken without reliable target readback.
non_corpus_internal_target,UNKNOWN,https://fermatmind.com/zh/personality/big-five/extraversion,https://fermatmind.com/zh/common-misconceptions,footer,常见误区,UNKNOWN,Target is not in current authority corpus; not labeled broken without reliable target readback.
non_corpus_internal_target,UNKNOWN,https://fermatmind.com/zh/personality/big-five/extraversion-high,https://fermatmind.com/zh/tests?q=,header/navigation,,UNKNOWN,Target is not in current authority corpus; not labeled broken without reliable target readback.
non_corpus_internal_target,UNKNOWN,https://fermatmind.com/zh/personality/big-five/extraversion-high,https://fermatmind.com/zh/science,footer,测评科学,UNKNOWN,Target is not in current authority corpus; not labeled broken without reliable target readback.
non_corpus_internal_target,UNKNOWN,https://fermatmind.com/zh/personality/big-five/extraversion-high,https://fermatmind.com/zh/item-design-notes,footer,题目设计说明,UNKNOWN,Target is not in current authority corpus; not labeled broken without reliable target readback.
non_corpus_internal_target,UNKNOWN,https://fermatmind.com/zh/personality/big-five/extraversion-high,https://fermatmind.com/zh/reliability-validity,footer,信度效度,UNKNOWN,Target is not in current authority corpus; not labeled broken without reliable target readback.
non_corpus_internal_target,UNKNOWN,https://fermatmind.com/zh/personality/big-five/extraversion-high,https://fermatmind.com/zh/data-privacy,footer,数据说明,UNKNOWN,Target is not in current authority corpus; not labeled broken without reliable target readback.
non_corpus_internal_target,UNKNOWN,https://fermatmind.com/zh/personality/big-five/extraversion-high,https://fermatmind.com/zh/common-misconceptions,footer,常见误区,UNKNOWN,Target is not in current authority corpus; not labeled broken without reliable target readback.
non_corpus_internal_target,UNKNOWN,https://fermatmind.com/zh/personality/big-five/extraversion-low,https://fermatmind.com/zh/tests?q=,header/navigation,,UNKNOWN,Target is not in current authority corpus; not labeled broken without reliable target readback.
non_corpus_internal_target,UNKNOWN,https://fermatmind.com/zh/personality/big-five/extraversion-low,https://fermatmind.com/zh/science,footer,测评科学,UNKNOWN,Target is not in current authority corpus; not labeled broken without reliable target readback.
non_corpus_internal_target,UNKNOWN,https://fermatmind.com/zh/personality/big-five/extraversion-low,https://fermatmind.com/zh/item-design-notes,footer,题目设计说明,UNKNOWN,Target is not in current authority corpus; not labeled broken without reliable target readback.
non_corpus_internal_target,UNKNOWN,https://fermatmind.com/zh/personality/big-five/extraversion-low,https://fermatmind.com/zh/reliability-validity,footer,信度效度,UNKNOWN,Target is not in current authority corpus; not labeled broken without reliable target readback.
non_corpus_internal_target,UNKNOWN,https://fermatmind.com/zh/personality/big-five/extraversion-low,https://fermatmind.com/zh/data-privacy,footer,数据说明,UNKNOWN,Target is not in current authority corpus; not labeled broken without reliable target readback.
non_corpus_internal_target,UNKNOWN,https://fermatmind.com/zh/personality/big-five/extraversion-low,https://fermatmind.com/zh/common-misconceptions,footer,常见误区,UNKNOWN,Target is not in current authority corpus; not labeled broken without reliable target readback.
non_corpus_internal_target,UNKNOWN,https://fermatmind.com/zh/personality/big-five/extraversion-mid,https://fermatmind.com/zh/tests?q=,header/navigation,,UNKNOWN,Target is not in current authority corpus; not labeled broken without reliable target readback.
non_corpus_internal_target,UNKNOWN,https://fermatmind.com/zh/personality/big-five/extraversion-mid,https://fermatmind.com/zh/science,footer,测评科学,UNKNOWN,Target is not in current authority corpus; not labeled broken without reliable target readback.
non_corpus_internal_target,UNKNOWN,https://fermatmind.com/zh/personality/big-five/extraversion-mid,https://fermatmind.com/zh/item-design-notes,footer,题目设计说明,UNKNOWN,Target is not in current authority corpus; not labeled broken without reliable target readback.
non_corpus_internal_target,UNKNOWN,https://fermatmind.com/zh/personality/big-five/extraversion-mid,https://fermatmind.com/zh/reliability-validity,footer,信度效度,UNKNOWN,Target is not in current authority corpus; not labeled broken without reliable target readback.
non_corpus_internal_target,UNKNOWN,https://fermatmind.com/zh/personality/big-five/extraversion-mid,https://fermatmind.com/zh/data-privacy,footer,数据说明,UNKNOWN,Target is not in current authority corpus; not labeled broken without reliable target readback.
non_corpus_internal_target,UNKNOWN,https://fermatmind.com/zh/personality/big-five/extraversion-mid,https://fermatmind.com/zh/common-misconceptions,footer,常见误区,UNKNOWN,Target is not in current authority corpus; not labeled broken without reliable target readback.
non_corpus_internal_target,UNKNOWN,https://fermatmind.com/zh/personality/big-five/facets,https://fermatmind.com/zh/tests?q=,header/navigation,,UNKNOWN,Target is not in current authority corpus; not labeled broken without reliable target readback.
non_corpus_internal_target,UNKNOWN,https://fermatmind.com/zh/personality/big-five/facets,https://fermatmind.com/zh/science,footer,测评科学,UNKNOWN,Target is not in current authority corpus; not labeled broken without reliable target readback.
non_corpus_internal_target,UNKNOWN,https://fermatmind.com/zh/personality/big-five/facets,https://fermatmind.com/zh/item-design-notes,footer,题目设计说明,UNKNOWN,Target is not in current authority corpus; not labeled broken without reliable target readback.
non_corpus_internal_target,UNKNOWN,https://fermatmind.com/zh/personality/big-five/facets,https://fermatmind.com/zh/reliability-validity,footer,信度效度,UNKNOWN,Target is not in current authority corpus; not labeled broken without reliable target readback.
non_corpus_internal_target,UNKNOWN,https://fermatmind.com/zh/personality/big-five/facets,https://fermatmind.com/zh/data-privacy,footer,数据说明,UNKNOWN,Target is not in current authority corpus; not labeled broken without reliable target readback.
non_corpus_internal_target,UNKNOWN,https://fermatmind.com/zh/personality/big-five/facets,https://fermatmind.com/zh/common-misconceptions,footer,常见误区,UNKNOWN,Target is not in current authority corpus; not labeled broken without reliable target readback.
non_corpus_internal_target,UNKNOWN,https://fermatmind.com/zh/personality/big-five/facets/achievement-striving,https://fermatmind.com/zh/tests?q=,header/navigation,,UNKNOWN,Target is not in current authority corpus; not labeled broken without reliable target readback.
non_corpus_internal_target,UNKNOWN,https://fermatmind.com/zh/personality/big-five/facets/achievement-striving,https://fermatmind.com/zh/science,footer,测评科学,UNKNOWN,Target is not in current authority corpus; not labeled broken without reliable target readback.
non_corpus_internal_target,UNKNOWN,https://fermatmind.com/zh/personality/big-five/facets/achievement-striving,https://fermatmind.com/zh/item-design-notes,footer,题目设计说明,UNKNOWN,Target is not in current authority corpus; not labeled broken without reliable target readback.
non_corpus_internal_target,UNKNOWN,https://fermatmind.com/zh/personality/big-five/facets/achievement-striving,https://fermatmind.com/zh/reliability-validity,footer,信度效度,UNKNOWN,Target is not in current authority corpus; not labeled broken without reliable target readback.
non_corpus_internal_target,UNKNOWN,https://fermatmind.com/zh/personality/big-five/facets/achievement-striving,https://fermatmind.com/zh/data-privacy,footer,数据说明,UNKNOWN,Target is not in current authority corpus; not labeled broken without reliable target readback.
non_corpus_internal_target,UNKNOWN,https://fermatmind.com/zh/personality/big-five/facets/achievement-striving,https://fermatmind.com/zh/common-misconceptions,footer,常见误区,UNKNOWN,Target is not in current authority corpus; not labeled broken without reliable target readback.
non_corpus_internal_target,UNKNOWN,https://fermatmind.com/zh/personality/big-five/facets/actions,https://fermatmind.com/zh/tests?q=,header/navigation,,UNKNOWN,Target is not in current authority corpus; not labeled broken without reliable target readback.
non_corpus_internal_target,UNKNOWN,https://fermatmind.com/zh/personality/big-five/facets/actions,https://fermatmind.com/zh/science,footer,测评科学,UNKNOWN,Target is not in current authority corpus; not labeled broken without reliable target readback.
non_corpus_internal_target,UNKNOWN,https://fermatmind.com/zh/personality/big-five/facets/actions,https://fermatmind.com/zh/item-design-notes,footer,题目设计说明,UNKNOWN,Target is not in current authority corpus; not labeled broken without reliable target readback.
non_corpus_internal_target,UNKNOWN,https://fermatmind.com/zh/personality/big-five/facets/actions,https://fermatmind.com/zh/reliability-validity,footer,信度效度,UNKNOWN,Target is not in current authority corpus; not labeled broken without reliable target readback.
non_corpus_internal_target,UNKNOWN,https://fermatmind.com/zh/personality/big-five/facets/actions,https://fermatmind.com/zh/data-privacy,footer,数据说明,UNKNOWN,Target is not in current authority corpus; not labeled broken without reliable target readback.
non_corpus_internal_target,UNKNOWN,https://fermatmind.com/zh/personality/big-five/facets/actions,https://fermatmind.com/zh/common-misconceptions,footer,常见误区,UNKNOWN,Target is not in current authority corpus; not labeled broken without reliable target readback.
non_corpus_internal_target,UNKNOWN,https://fermatmind.com/zh/personality/big-five/facets/activity,https://fermatmind.com/zh/tests?q=,header/navigation,,UNKNOWN,Target is not in current authority corpus; not labeled broken without reliable target readback.
non_corpus_internal_target,UNKNOWN,https://fermatmind.com/zh/personality/big-five/facets/activity,https://fermatmind.com/zh/science,footer,测评科学,UNKNOWN,Target is not in current authority corpus; not labeled broken without reliable target readback.
non_corpus_internal_target,UNKNOWN,https://fermatmind.com/zh/personality/big-five/facets/activity,https://fermatmind.com/zh/item-design-notes,footer,题目设计说明,UNKNOWN,Target is not in current authority corpus; not labeled broken without reliable target readback.
non_corpus_internal_target,UNKNOWN,https://fermatmind.com/zh/personality/big-five/facets/activity,https://fermatmind.com/zh/reliability-validity,footer,信度效度,UNKNOWN,Target is not in current authority corpus; not labeled broken without reliable target readback.
non_corpus_internal_target,UNKNOWN,https://fermatmind.com/zh/personality/big-five/facets/activity,https://fermatmind.com/zh/data-privacy,footer,数据说明,UNKNOWN,Target is not in current authority corpus; not labeled broken without reliable target readback.
non_corpus_internal_target,UNKNOWN,https://fermatmind.com/zh/personality/big-five/facets/activity,https://fermatmind.com/zh/common-misconceptions,footer,常见误区,UNKNOWN,Target is not in current authority corpus; not labeled broken without reliable target readback.
non_corpus_internal_target,UNKNOWN,https://fermatmind.com/zh/personality/big-five/facets/aesthetics,https://fermatmind.com/zh/tests?q=,header/navigation,,UNKNOWN,Target is not in current authority corpus; not labeled broken without reliable target readback.
non_corpus_internal_target,UNKNOWN,https://fermatmind.com/zh/personality/big-five/facets/aesthetics,https://fermatmind.com/zh/science,footer,测评科学,UNKNOWN,Target is not in current authority corpus; not labeled broken without reliable target readback.
non_corpus_internal_target,UNKNOWN,https://fermatmind.com/zh/personality/big-five/facets/aesthetics,https://fermatmind.com/zh/item-design-notes,footer,题目设计说明,UNKNOWN,Target is not in current authority corpus; not labeled broken without reliable target readback.
non_corpus_internal_target,UNKNOWN,https://fermatmind.com/zh/personality/big-five/facets/aesthetics,https://fermatmind.com/zh/reliability-validity,footer,信度效度,UNKNOWN,Target is not in current authority corpus; not labeled broken without reliable target readback.
non_corpus_internal_target,UNKNOWN,https://fermatmind.com/zh/personality/big-five/facets/aesthetics,https://fermatmind.com/zh/data-privacy,footer,数据说明,UNKNOWN,Target is not in current authority corpus; not labeled broken without reliable target readback.
non_corpus_internal_target,UNKNOWN,https://fermatmind.com/zh/personality/big-five/facets/aesthetics,https://fermatmind.com/zh/common-misconceptions,footer,常见误区,UNKNOWN,Target is not in current authority corpus; not labeled broken without reliable target readback.
non_corpus_internal_target,UNKNOWN,https://fermatmind.com/zh/personality/big-five/facets/altruism,https://fermatmind.com/zh/tests?q=,header/navigation,,UNKNOWN,Target is not in current authority corpus; not labeled broken without reliable target readback.
non_corpus_internal_target,UNKNOWN,https://fermatmind.com/zh/personality/big-five/facets/altruism,https://fermatmind.com/zh/science,footer,测评科学,UNKNOWN,Target is not in current authority corpus; not labeled broken without reliable target readback.
non_corpus_internal_target,UNKNOWN,https://fermatmind.com/zh/personality/big-five/facets/altruism,https://fermatmind.com/zh/item-design-notes,footer,题目设计说明,UNKNOWN,Target is not in current authority corpus; not labeled broken without reliable target readback.
non_corpus_internal_target,UNKNOWN,https://fermatmind.com/zh/personality/big-five/facets/altruism,https://fermatmind.com/zh/reliability-validity,footer,信度效度,UNKNOWN,Target is not in current authority corpus; not labeled broken without reliable target readback.
non_corpus_internal_target,UNKNOWN,https://fermatmind.com/zh/personality/big-five/facets/altruism,https://fermatmind.com/zh/data-privacy,footer,数据说明,UNKNOWN,Target is not in current authority corpus; not labeled broken without reliable target readback.
non_corpus_internal_target,UNKNOWN,https://fermatmind.com/zh/personality/big-five/facets/altruism,https://fermatmind.com/zh/common-misconceptions,footer,常见误区,UNKNOWN,Target is not in current authority corpus; not labeled broken without reliable target readback.
non_corpus_internal_target,UNKNOWN,https://fermatmind.com/zh/personality/big-five/facets/anger,https://fermatmind.com/zh/tests?q=,header/navigation,,UNKNOWN,Target is not in current authority corpus; not labeled broken without reliable target readback.
non_corpus_internal_target,UNKNOWN,https://fermatmind.com/zh/personality/big-five/facets/anger,https://fermatmind.com/zh/science,footer,测评科学,UNKNOWN,Target is not in current authority corpus; not labeled broken without reliable target readback.
non_corpus_internal_target,UNKNOWN,https://fermatmind.com/zh/personality/big-five/facets/anger,https://fermatmind.com/zh/item-design-notes,footer,题目设计说明,UNKNOWN,Target is not in current authority corpus; not labeled broken without reliable target readback.
non_corpus_internal_target,UNKNOWN,https://fermatmind.com/zh/personality/big-five/facets/anger,https://fermatmind.com/zh/reliability-validity,footer,信度效度,UNKNOWN,Target is not in current authority corpus; not labeled broken without reliable target readback.
non_corpus_internal_target,UNKNOWN,https://fermatmind.com/zh/personality/big-five/facets/anger,https://fermatmind.com/zh/data-privacy,footer,数据说明,UNKNOWN,Target is not in current authority corpus; not labeled broken without reliable target readback.
non_corpus_internal_target,UNKNOWN,https://fermatmind.com/zh/personality/big-five/facets/anger,https://fermatmind.com/zh/common-misconceptions,footer,常见误区,UNKNOWN,Target is not in current authority corpus; not labeled broken without reliable target readback.
non_corpus_internal_target,UNKNOWN,https://fermatmind.com/zh/personality/big-five/facets/anxiety,https://fermatmind.com/zh/tests?q=,header/navigation,,UNKNOWN,Target is not in current authority corpus; not labeled broken without reliable target readback.
non_corpus_internal_target,UNKNOWN,https://fermatmind.com/zh/personality/big-five/facets/anxiety,https://fermatmind.com/zh/science,footer,测评科学,UNKNOWN,Target is not in current authority corpus; not labeled broken without reliable target readback.
non_corpus_internal_target,UNKNOWN,https://fermatmind.com/zh/personality/big-five/facets/anxiety,https://fermatmind.com/zh/item-design-notes,footer,题目设计说明,UNKNOWN,Target is not in current authority corpus; not labeled broken without reliable target readback.
non_corpus_internal_target,UNKNOWN,https://fermatmind.com/zh/personality/big-five/facets/anxiety,https://fermatmind.com/zh/reliability-validity,footer,信度效度,UNKNOWN,Target is not in current authority corpus; not labeled broken without reliable target readback.
non_corpus_internal_target,UNKNOWN,https://fermatmind.com/zh/personality/big-five/facets/anxiety,https://fermatmind.com/zh/data-privacy,footer,数据说明,UNKNOWN,Target is not in current authority corpus; not labeled broken without reliable target readback.
non_corpus_internal_target,UNKNOWN,https://fermatmind.com/zh/personality/big-five/facets/anxiety,https://fermatmind.com/zh/common-misconceptions,footer,常见误区,UNKNOWN,Target is not in current authority corpus; not labeled broken without reliable target readback.
non_corpus_internal_target,UNKNOWN,https://fermatmind.com/zh/personality/big-five/facets/assertiveness,https://fermatmind.com/zh/tests?q=,header/navigation,,UNKNOWN,Target is not in current authority corpus; not labeled broken without reliable target readback.
non_corpus_internal_target,UNKNOWN,https://fermatmind.com/zh/personality/big-five/facets/assertiveness,https://fermatmind.com/zh/science,footer,测评科学,UNKNOWN,Target is not in current authority corpus; not labeled broken without reliable target readback.
non_corpus_internal_target,UNKNOWN,https://fermatmind.com/zh/personality/big-five/facets/assertiveness,https://fermatmind.com/zh/item-design-notes,footer,题目设计说明,UNKNOWN,Target is not in current authority corpus; not labeled broken without reliable target readback.
non_corpus_internal_target,UNKNOWN,https://fermatmind.com/zh/personality/big-five/facets/assertiveness,https://fermatmind.com/zh/reliability-validity,footer,信度效度,UNKNOWN,Target is not in current authority corpus; not labeled broken without reliable target readback.
non_corpus_internal_target,UNKNOWN,https://fermatmind.com/zh/personality/big-five/facets/assertiveness,https://fermatmind.com/zh/data-privacy,footer,数据说明,UNKNOWN,Target is not in current authority corpus; not labeled broken without reliable target readback.
non_corpus_internal_target,UNKNOWN,https://fermatmind.com/zh/personality/big-five/facets/assertiveness,https://fermatmind.com/zh/common-misconceptions,footer,常见误区,UNKNOWN,Target is not in current authority corpus; not labeled broken without reliable target readback.
non_corpus_internal_target,UNKNOWN,https://fermatmind.com/zh/personality/big-five/facets/competence,https://fermatmind.com/zh/tests?q=,header/navigation,,UNKNOWN,Target is not in current authority corpus; not labeled broken without reliable target readback.
non_corpus_internal_target,UNKNOWN,https://fermatmind.com/zh/personality/big-five/facets/competence,https://fermatmind.com/zh/science,footer,测评科学,UNKNOWN,Target is not in current authority corpus; not labeled broken without reliable target readback.
non_corpus_internal_target,UNKNOWN,https://fermatmind.com/zh/personality/big-five/facets/competence,https://fermatmind.com/zh/item-design-notes,footer,题目设计说明,UNKNOWN,Target is not in current authority corpus; not labeled broken without reliable target readback.
non_corpus_internal_target,UNKNOWN,https://fermatmind.com/zh/personality/big-five/facets/competence,https://fermatmind.com/zh/reliability-validity,footer,信度效度,UNKNOWN,Target is not in current authority corpus; not labeled broken without reliable target readback.
non_corpus_internal_target,UNKNOWN,https://fermatmind.com/zh/personality/big-five/facets/competence,https://fermatmind.com/zh/data-privacy,footer,数据说明,UNKNOWN,Target is not in current authority corpus; not labeled broken without reliable target readback.
non_corpus_internal_target,UNKNOWN,https://fermatmind.com/zh/personality/big-five/facets/competence,https://fermatmind.com/zh/common-misconceptions,footer,常见误区,UNKNOWN,Target is not in current authority corpus; not labeled broken without reliable target readback.
non_corpus_internal_target,UNKNOWN,https://fermatmind.com/zh/personality/big-five/facets/compliance,https://fermatmind.com/zh/tests?q=,header/navigation,,UNKNOWN,Target is not in current authority corpus; not labeled broken without reliable target readback.
non_corpus_internal_target,UNKNOWN,https://fermatmind.com/zh/personality/big-five/facets/compliance,https://fermatmind.com/zh/science,footer,测评科学,UNKNOWN,Target is not in current authority corpus; not labeled broken without reliable target readback.
non_corpus_internal_target,UNKNOWN,https://fermatmind.com/zh/personality/big-five/facets/compliance,https://fermatmind.com/zh/item-design-notes,footer,题目设计说明,UNKNOWN,Target is not in current authority corpus; not labeled broken without reliable target readback.
non_corpus_internal_target,UNKNOWN,https://fermatmind.com/zh/personality/big-five/facets/compliance,https://fermatmind.com/zh/reliability-validity,footer,信度效度,UNKNOWN,Target is not in current authority corpus; not labeled broken without reliable target readback.
non_corpus_internal_target,UNKNOWN,https://fermatmind.com/zh/personality/big-five/facets/compliance,https://fermatmind.com/zh/data-privacy,footer,数据说明,UNKNOWN,Target is not in current authority corpus; not labeled broken without reliable target readback.
non_corpus_internal_target,UNKNOWN,https://fermatmind.com/zh/personality/big-five/facets/compliance,https://fermatmind.com/zh/common-misconceptions,footer,常见误区,UNKNOWN,Target is not in current authority corpus; not labeled broken without reliable target readback.
non_corpus_internal_target,UNKNOWN,https://fermatmind.com/zh/personality/big-five/facets/deliberation,https://fermatmind.com/zh/tests?q=,header/navigation,,UNKNOWN,Target is not in current authority corpus; not labeled broken without reliable target readback.
non_corpus_internal_target,UNKNOWN,https://fermatmind.com/zh/personality/big-five/facets/deliberation,https://fermatmind.com/zh/science,footer,测评科学,UNKNOWN,Target is not in current authority corpus; not labeled broken without reliable target readback.
non_corpus_internal_target,UNKNOWN,https://fermatmind.com/zh/personality/big-five/facets/deliberation,https://fermatmind.com/zh/item-design-notes,footer,题目设计说明,UNKNOWN,Target is not in current authority corpus; not labeled broken without reliable target readback.
non_corpus_internal_target,UNKNOWN,https://fermatmind.com/zh/personality/big-five/facets/deliberation,https://fermatmind.com/zh/reliability-validity,footer,信度效度,UNKNOWN,Target is not in current authority corpus; not labeled broken without reliable target readback.
non_corpus_internal_target,UNKNOWN,https://fermatmind.com/zh/personality/big-five/facets/deliberation,https://fermatmind.com/zh/data-privacy,footer,数据说明,UNKNOWN,Target is not in current authority corpus; not labeled broken without reliable target readback.
non_corpus_internal_target,UNKNOWN,https://fermatmind.com/zh/personality/big-five/facets/deliberation,https://fermatmind.com/zh/common-misconceptions,footer,常见误区,UNKNOWN,Target is not in current authority corpus; not labeled broken without reliable target readback.
non_corpus_internal_target,UNKNOWN,https://fermatmind.com/zh/personality/big-five/facets/depression,https://fermatmind.com/zh/tests?q=,header/navigation,,UNKNOWN,Target is not in current authority corpus; not labeled broken without reliable target readback.
non_corpus_internal_target,UNKNOWN,https://fermatmind.com/zh/personality/big-five/facets/depression,https://fermatmind.com/zh/science,footer,测评科学,UNKNOWN,Target is not in current authority corpus; not labeled broken without reliable target readback.
non_corpus_internal_target,UNKNOWN,https://fermatmind.com/zh/personality/big-five/facets/depression,https://fermatmind.com/zh/item-design-notes,footer,题目设计说明,UNKNOWN,Target is not in current authority corpus; not labeled broken without reliable target readback.
non_corpus_internal_target,UNKNOWN,https://fermatmind.com/zh/personality/big-five/facets/depression,https://fermatmind.com/zh/reliability-validity,footer,信度效度,UNKNOWN,Target is not in current authority corpus; not labeled broken without reliable target readback.
non_corpus_internal_target,UNKNOWN,https://fermatmind.com/zh/personality/big-five/facets/depression,https://fermatmind.com/zh/data-privacy,footer,数据说明,UNKNOWN,Target is not in current authority corpus; not labeled broken without reliable target readback.
non_corpus_internal_target,UNKNOWN,https://fermatmind.com/zh/personality/big-five/facets/depression,https://fermatmind.com/zh/common-misconceptions,footer,常见误区,UNKNOWN,Target is not in current authority corpus; not labeled broken without reliable target readback.
non_corpus_internal_target,UNKNOWN,https://fermatmind.com/zh/personality/big-five/facets/dutifulness,https://fermatmind.com/zh/tests?q=,header/navigation,,UNKNOWN,Target is not in current authority corpus; not labeled broken without reliable target readback.
non_corpus_internal_target,UNKNOWN,https://fermatmind.com/zh/personality/big-five/facets/dutifulness,https://fermatmind.com/zh/science,footer,测评科学,UNKNOWN,Target is not in current authority corpus; not labeled broken without reliable target readback.
non_corpus_internal_target,UNKNOWN,https://fermatmind.com/zh/personality/big-five/facets/dutifulness,https://fermatmind.com/zh/item-design-notes,footer,题目设计说明,UNKNOWN,Target is not in current authority corpus; not labeled broken without reliable target readback.
non_corpus_internal_target,UNKNOWN,https://fermatmind.com/zh/personality/big-five/facets/dutifulness,https://fermatmind.com/zh/reliability-validity,footer,信度效度,UNKNOWN,Target is not in current authority corpus; not labeled broken without reliable target readback.
non_corpus_internal_target,UNKNOWN,https://fermatmind.com/zh/personality/big-five/facets/dutifulness,https://fermatmind.com/zh/data-privacy,footer,数据说明,UNKNOWN,Target is not in current authority corpus; not labeled broken without reliable target readback.
non_corpus_internal_target,UNKNOWN,https://fermatmind.com/zh/personality/big-five/facets/dutifulness,https://fermatmind.com/zh/common-misconceptions,footer,常见误区,UNKNOWN,Target is not in current authority corpus; not labeled broken without reliable target readback.
non_corpus_internal_target,UNKNOWN,https://fermatmind.com/zh/personality/big-five/facets/excitement-seeking,https://fermatmind.com/zh/tests?q=,header/navigation,,UNKNOWN,Target is not in current authority corpus; not labeled broken without reliable target readback.
non_corpus_internal_target,UNKNOWN,https://fermatmind.com/zh/personality/big-five/facets/excitement-seeking,https://fermatmind.com/zh/science,footer,测评科学,UNKNOWN,Target is not in current authority corpus; not labeled broken without reliable target readback.
non_corpus_internal_target,UNKNOWN,https://fermatmind.com/zh/personality/big-five/facets/excitement-seeking,https://fermatmind.com/zh/item-design-notes,footer,题目设计说明,UNKNOWN,Target is not in current authority corpus; not labeled broken without reliable target readback.
non_corpus_internal_target,UNKNOWN,https://fermatmind.com/zh/personality/big-five/facets/excitement-seeking,https://fermatmind.com/zh/reliability-validity,footer,信度效度,UNKNOWN,Target is not in current authority corpus; not labeled broken without reliable target readback.
non_corpus_internal_target,UNKNOWN,https://fermatmind.com/zh/personality/big-five/facets/excitement-seeking,https://fermatmind.com/zh/data-privacy,footer,数据说明,UNKNOWN,Target is not in current authority corpus; not labeled broken without reliable target readback.
non_corpus_internal_target,UNKNOWN,https://fermatmind.com/zh/personality/big-five/facets/excitement-seeking,https://fermatmind.com/zh/common-misconceptions,footer,常见误区,UNKNOWN,Target is not in current authority corpus; not labeled broken without reliable target readback.
non_corpus_internal_target,UNKNOWN,https://fermatmind.com/zh/personality/big-five/facets/feelings,https://fermatmind.com/zh/tests?q=,header/navigation,,UNKNOWN,Target is not in current authority corpus; not labeled broken without reliable target readback.
non_corpus_internal_target,UNKNOWN,https://fermatmind.com/zh/personality/big-five/facets/feelings,https://fermatmind.com/zh/science,footer,测评科学,UNKNOWN,Target is not in current authority corpus; not labeled broken without reliable target readback.
non_corpus_internal_target,UNKNOWN,https://fermatmind.com/zh/personality/big-five/facets/feelings,https://fermatmind.com/zh/item-design-notes,footer,题目设计说明,UNKNOWN,Target is not in current authority corpus; not labeled broken without reliable target readback.
non_corpus_internal_target,UNKNOWN,https://fermatmind.com/zh/personality/big-five/facets/feelings,https://fermatmind.com/zh/reliability-validity,footer,信度效度,UNKNOWN,Target is not in current authority corpus; not labeled broken without reliable target readback.
non_corpus_internal_target,UNKNOWN,https://fermatmind.com/zh/personality/big-five/facets/feelings,https://fermatmind.com/zh/data-privacy,footer,数据说明,UNKNOWN,Target is not in current authority corpus; not labeled broken without reliable target readback.
non_corpus_internal_target,UNKNOWN,https://fermatmind.com/zh/personality/big-five/facets/feelings,https://fermatmind.com/zh/common-misconceptions,footer,常见误区,UNKNOWN,Target is not in current authority corpus; not labeled broken without reliable target readback.
non_corpus_internal_target,UNKNOWN,https://fermatmind.com/zh/personality/big-five/facets/gregariousness,https://fermatmind.com/zh/tests?q=,header/navigation,,UNKNOWN,Target is not in current authority corpus; not labeled broken without reliable target readback.
non_corpus_internal_target,UNKNOWN,https://fermatmind.com/zh/personality/big-five/facets/gregariousness,https://fermatmind.com/zh/science,footer,测评科学,UNKNOWN,Target is not in current authority corpus; not labeled broken without reliable target readback.
non_corpus_internal_target,UNKNOWN,https://fermatmind.com/zh/personality/big-five/facets/gregariousness,https://fermatmind.com/zh/item-design-notes,footer,题目设计说明,UNKNOWN,Target is not in current authority corpus; not labeled broken without reliable target readback.
non_corpus_internal_target,UNKNOWN,https://fermatmind.com/zh/personality/big-five/facets/gregariousness,https://fermatmind.com/zh/reliability-validity,footer,信度效度,UNKNOWN,Target is not in current authority corpus; not labeled broken without reliable target readback.
non_corpus_internal_target,UNKNOWN,https://fermatmind.com/zh/personality/big-five/facets/gregariousness,https://fermatmind.com/zh/data-privacy,footer,数据说明,UNKNOWN,Target is not in current authority corpus; not labeled broken without reliable target readback.
non_corpus_internal_target,UNKNOWN,https://fermatmind.com/zh/personality/big-five/facets/gregariousness,https://fermatmind.com/zh/common-misconceptions,footer,常见误区,UNKNOWN,Target is not in current authority corpus; not labeled broken without reliable target readback.
non_corpus_internal_target,UNKNOWN,https://fermatmind.com/zh/personality/big-five/facets/ideas,https://fermatmind.com/zh/tests?q=,header/navigation,,UNKNOWN,Target is not in current authority corpus; not labeled broken without reliable target readback.
non_corpus_internal_target,UNKNOWN,https://fermatmind.com/zh/personality/big-five/facets/ideas,https://fermatmind.com/zh/science,footer,测评科学,UNKNOWN,Target is not in current authority corpus; not labeled broken without reliable target readback.
non_corpus_internal_target,UNKNOWN,https://fermatmind.com/zh/personality/big-five/facets/ideas,https://fermatmind.com/zh/item-design-notes,footer,题目设计说明,UNKNOWN,Target is not in current authority corpus; not labeled broken without reliable target readback.
non_corpus_internal_target,UNKNOWN,https://fermatmind.com/zh/personality/big-five/facets/ideas,https://fermatmind.com/zh/reliability-validity,footer,信度效度,UNKNOWN,Target is not in current authority corpus; not labeled broken without reliable target readback.
non_corpus_internal_target,UNKNOWN,https://fermatmind.com/zh/personality/big-five/facets/ideas,https://fermatmind.com/zh/data-privacy,footer,数据说明,UNKNOWN,Target is not in current authority corpus; not labeled broken without reliable target readback.
non_corpus_internal_target,UNKNOWN,https://fermatmind.com/zh/personality/big-five/facets/ideas,https://fermatmind.com/zh/common-misconceptions,footer,常见误区,UNKNOWN,Target is not in current authority corpus; not labeled broken without reliable target readback.
non_corpus_internal_target,UNKNOWN,https://fermatmind.com/zh/personality/big-five/facets/imagination,https://fermatmind.com/zh/tests?q=,header/navigation,,UNKNOWN,Target is not in current authority corpus; not labeled broken without reliable target readback.
non_corpus_internal_target,UNKNOWN,https://fermatmind.com/zh/personality/big-five/facets/imagination,https://fermatmind.com/zh/science,footer,测评科学,UNKNOWN,Target is not in current authority corpus; not labeled broken without reliable target readback.
non_corpus_internal_target,UNKNOWN,https://fermatmind.com/zh/personality/big-five/facets/imagination,https://fermatmind.com/zh/item-design-notes,footer,题目设计说明,UNKNOWN,Target is not in current authority corpus; not labeled broken without reliable target readback.
non_corpus_internal_target,UNKNOWN,https://fermatmind.com/zh/personality/big-five/facets/imagination,https://fermatmind.com/zh/reliability-validity,footer,信度效度,UNKNOWN,Target is not in current authority corpus; not labeled broken without reliable target readback.
non_corpus_internal_target,UNKNOWN,https://fermatmind.com/zh/personality/big-five/facets/imagination,https://fermatmind.com/zh/data-privacy,footer,数据说明,UNKNOWN,Target is not in current authority corpus; not labeled broken without reliable target readback.
non_corpus_internal_target,UNKNOWN,https://fermatmind.com/zh/personality/big-five/facets/imagination,https://fermatmind.com/zh/common-misconceptions,footer,常见误区,UNKNOWN,Target is not in current authority corpus; not labeled broken without reliable target readback.
non_corpus_internal_target,UNKNOWN,https://fermatmind.com/zh/personality/big-five/facets/impulsiveness,https://fermatmind.com/zh/tests?q=,header/navigation,,UNKNOWN,Target is not in current authority corpus; not labeled broken without reliable target readback.
non_corpus_internal_target,UNKNOWN,https://fermatmind.com/zh/personality/big-five/facets/impulsiveness,https://fermatmind.com/zh/science,footer,测评科学,UNKNOWN,Target is not in current authority corpus; not labeled broken without reliable target readback.
non_corpus_internal_target,UNKNOWN,https://fermatmind.com/zh/personality/big-five/facets/impulsiveness,https://fermatmind.com/zh/item-design-notes,footer,题目设计说明,UNKNOWN,Target is not in current authority corpus; not labeled broken without reliable target readback.
non_corpus_internal_target,UNKNOWN,https://fermatmind.com/zh/personality/big-five/facets/impulsiveness,https://fermatmind.com/zh/reliability-validity,footer,信度效度,UNKNOWN,Target is not in current authority corpus; not labeled broken without reliable target readback.
non_corpus_internal_target,UNKNOWN,https://fermatmind.com/zh/personality/big-five/facets/impulsiveness,https://fermatmind.com/zh/data-privacy,footer,数据说明,UNKNOWN,Target is not in current authority corpus; not labeled broken without reliable target readback.
non_corpus_internal_target,UNKNOWN,https://fermatmind.com/zh/personality/big-five/facets/impulsiveness,https://fermatmind.com/zh/common-misconceptions,footer,常见误区,UNKNOWN,Target is not in current authority corpus; not labeled broken without reliable target readback.
non_corpus_internal_target,UNKNOWN,https://fermatmind.com/zh/personality/big-five/facets/modesty,https://fermatmind.com/zh/tests?q=,header/navigation,,UNKNOWN,Target is not in current authority corpus; not labeled broken without reliable target readback.
non_corpus_internal_target,UNKNOWN,https://fermatmind.com/zh/personality/big-five/facets/modesty,https://fermatmind.com/zh/science,footer,测评科学,UNKNOWN,Target is not in current authority corpus; not labeled broken without reliable target readback.
non_corpus_internal_target,UNKNOWN,https://fermatmind.com/zh/personality/big-five/facets/modesty,https://fermatmind.com/zh/item-design-notes,footer,题目设计说明,UNKNOWN,Target is not in current authority corpus; not labeled broken without reliable target readback.
non_corpus_internal_target,UNKNOWN,https://fermatmind.com/zh/personality/big-five/facets/modesty,https://fermatmind.com/zh/reliability-validity,footer,信度效度,UNKNOWN,Target is not in current authority corpus; not labeled broken without reliable target readback.
non_corpus_internal_target,UNKNOWN,https://fermatmind.com/zh/personality/big-five/facets/modesty,https://fermatmind.com/zh/data-privacy,footer,数据说明,UNKNOWN,Target is not in current authority corpus; not labeled broken without reliable target readback.
non_corpus_internal_target,UNKNOWN,https://fermatmind.com/zh/personality/big-five/facets/modesty,https://fermatmind.com/zh/common-misconceptions,footer,常见误区,UNKNOWN,Target is not in current authority corpus; not labeled broken without reliable target readback.
non_corpus_internal_target,UNKNOWN,https://fermatmind.com/zh/personality/big-five/facets/order,https://fermatmind.com/zh/tests?q=,header/navigation,,UNKNOWN,Target is not in current authority corpus; not labeled broken without reliable target readback.
non_corpus_internal_target,UNKNOWN,https://fermatmind.com/zh/personality/big-five/facets/order,https://fermatmind.com/zh/science,footer,测评科学,UNKNOWN,Target is not in current authority corpus; not labeled broken without reliable target readback.
non_corpus_internal_target,UNKNOWN,https://fermatmind.com/zh/personality/big-five/facets/order,https://fermatmind.com/zh/item-design-notes,footer,题目设计说明,UNKNOWN,Target is not in current authority corpus; not labeled broken without reliable target readback.
non_corpus_internal_target,UNKNOWN,https://fermatmind.com/zh/personality/big-five/facets/order,https://fermatmind.com/zh/reliability-validity,footer,信度效度,UNKNOWN,Target is not in current authority corpus; not labeled broken without reliable target readback.
non_corpus_internal_target,UNKNOWN,https://fermatmind.com/zh/personality/big-five/facets/order,https://fermatmind.com/zh/data-privacy,footer,数据说明,UNKNOWN,Target is not in current authority corpus; not labeled broken without reliable target readback.
non_corpus_internal_target,UNKNOWN,https://fermatmind.com/zh/personality/big-five/facets/order,https://fermatmind.com/zh/common-misconceptions,footer,常见误区,UNKNOWN,Target is not in current authority corpus; not labeled broken without reliable target readback.
non_corpus_internal_target,UNKNOWN,https://fermatmind.com/zh/personality/big-five/facets/positive-emotions,https://fermatmind.com/zh/tests?q=,header/navigation,,UNKNOWN,Target is not in current authority corpus; not labeled broken without reliable target readback.
non_corpus_internal_target,UNKNOWN,https://fermatmind.com/zh/personality/big-five/facets/positive-emotions,https://fermatmind.com/zh/science,footer,测评科学,UNKNOWN,Target is not in current authority corpus; not labeled broken without reliable target readback.
non_corpus_internal_target,UNKNOWN,https://fermatmind.com/zh/personality/big-five/facets/positive-emotions,https://fermatmind.com/zh/item-design-notes,footer,题目设计说明,UNKNOWN,Target is not in current authority corpus; not labeled broken without reliable target readback.
non_corpus_internal_target,UNKNOWN,https://fermatmind.com/zh/personality/big-five/facets/positive-emotions,https://fermatmind.com/zh/reliability-validity,footer,信度效度,UNKNOWN,Target is not in current authority corpus; not labeled broken without reliable target readback.
non_corpus_internal_target,UNKNOWN,https://fermatmind.com/zh/personality/big-five/facets/positive-emotions,https://fermatmind.com/zh/data-privacy,footer,数据说明,UNKNOWN,Target is not in current authority corpus; not labeled broken without reliable target readback.
non_corpus_internal_target,UNKNOWN,https://fermatmind.com/zh/personality/big-five/facets/positive-emotions,https://fermatmind.com/zh/common-misconceptions,footer,常见误区,UNKNOWN,Target is not in current authority corpus; not labeled broken without reliable target readback.
non_corpus_internal_target,UNKNOWN,https://fermatmind.com/zh/personality/big-five/facets/self-consciousness,https://fermatmind.com/zh/tests?q=,header/navigation,,UNKNOWN,Target is not in current authority corpus; not labeled broken without reliable target readback.
non_corpus_internal_target,UNKNOWN,https://fermatmind.com/zh/personality/big-five/facets/self-consciousness,https://fermatmind.com/zh/science,footer,测评科学,UNKNOWN,Target is not in current authority corpus; not labeled broken without reliable target readback.
non_corpus_internal_target,UNKNOWN,https://fermatmind.com/zh/personality/big-five/facets/self-consciousness,https://fermatmind.com/zh/item-design-notes,footer,题目设计说明,UNKNOWN,Target is not in current authority corpus; not labeled broken without reliable target readback.
non_corpus_internal_target,UNKNOWN,https://fermatmind.com/zh/personality/big-five/facets/self-consciousness,https://fermatmind.com/zh/reliability-validity,footer,信度效度,UNKNOWN,Target is not in current authority corpus; not labeled broken without reliable target readback.
non_corpus_internal_target,UNKNOWN,https://fermatmind.com/zh/personality/big-five/facets/self-consciousness,https://fermatmind.com/zh/data-privacy,footer,数据说明,UNKNOWN,Target is not in current authority corpus; not labeled broken without reliable target readback.
non_corpus_internal_target,UNKNOWN,https://fermatmind.com/zh/personality/big-five/facets/self-consciousness,https://fermatmind.com/zh/common-misconceptions,footer,常见误区,UNKNOWN,Target is not in current authority corpus; not labeled broken without reliable target readback.
non_corpus_internal_target,UNKNOWN,https://fermatmind.com/zh/personality/big-five/facets/self-discipline,https://fermatmind.com/zh/tests?q=,header/navigation,,UNKNOWN,Target is not in current authority corpus; not labeled broken without reliable target readback.
non_corpus_internal_target,UNKNOWN,https://fermatmind.com/zh/personality/big-five/facets/self-discipline,https://fermatmind.com/zh/science,footer,测评科学,UNKNOWN,Target is not in current authority corpus; not labeled broken without reliable target readback.
non_corpus_internal_target,UNKNOWN,https://fermatmind.com/zh/personality/big-five/facets/self-discipline,https://fermatmind.com/zh/item-design-notes,footer,题目设计说明,UNKNOWN,Target is not in current authority corpus; not labeled broken without reliable target readback.
non_corpus_internal_target,UNKNOWN,https://fermatmind.com/zh/personality/big-five/facets/self-discipline,https://fermatmind.com/zh/reliability-validity,footer,信度效度,UNKNOWN,Target is not in current authority corpus; not labeled broken without reliable target readback.
non_corpus_internal_target,UNKNOWN,https://fermatmind.com/zh/personality/big-five/facets/self-discipline,https://fermatmind.com/zh/data-privacy,footer,数据说明,UNKNOWN,Target is not in current authority corpus; not labeled broken without reliable target readback.
non_corpus_internal_target,UNKNOWN,https://fermatmind.com/zh/personality/big-five/facets/self-discipline,https://fermatmind.com/zh/common-misconceptions,footer,常见误区,UNKNOWN,Target is not in current authority corpus; not labeled broken without reliable target readback.
non_corpus_internal_target,UNKNOWN,https://fermatmind.com/zh/personality/big-five/facets/straightforwardness,https://fermatmind.com/zh/tests?q=,header/navigation,,UNKNOWN,Target is not in current authority corpus; not labeled broken without reliable target readback.
non_corpus_internal_target,UNKNOWN,https://fermatmind.com/zh/personality/big-five/facets/straightforwardness,https://fermatmind.com/zh/science,footer,测评科学,UNKNOWN,Target is not in current authority corpus; not labeled broken without reliable target readback.
non_corpus_internal_target,UNKNOWN,https://fermatmind.com/zh/personality/big-five/facets/straightforwardness,https://fermatmind.com/zh/item-design-notes,footer,题目设计说明,UNKNOWN,Target is not in current authority corpus; not labeled broken without reliable target readback.
non_corpus_internal_target,UNKNOWN,https://fermatmind.com/zh/personality/big-five/facets/straightforwardness,https://fermatmind.com/zh/reliability-validity,footer,信度效度,UNKNOWN,Target is not in current authority corpus; not labeled broken without reliable target readback.
non_corpus_internal_target,UNKNOWN,https://fermatmind.com/zh/personality/big-five/facets/straightforwardness,https://fermatmind.com/zh/data-privacy,footer,数据说明,UNKNOWN,Target is not in current authority corpus; not labeled broken without reliable target readback.
non_corpus_internal_target,UNKNOWN,https://fermatmind.com/zh/personality/big-five/facets/straightforwardness,https://fermatmind.com/zh/common-misconceptions,footer,常见误区,UNKNOWN,Target is not in current authority corpus; not labeled broken without reliable target readback.
non_corpus_internal_target,UNKNOWN,https://fermatmind.com/zh/personality/big-five/facets/tender-mindedness,https://fermatmind.com/zh/tests?q=,header/navigation,,UNKNOWN,Target is not in current authority corpus; not labeled broken without reliable target readback.
non_corpus_internal_target,UNKNOWN,https://fermatmind.com/zh/personality/big-five/facets/tender-mindedness,https://fermatmind.com/zh/science,footer,测评科学,UNKNOWN,Target is not in current authority corpus; not labeled broken without reliable target readback.
non_corpus_internal_target,UNKNOWN,https://fermatmind.com/zh/personality/big-five/facets/tender-mindedness,https://fermatmind.com/zh/item-design-notes,footer,题目设计说明,UNKNOWN,Target is not in current authority corpus; not labeled broken without reliable target readback.
non_corpus_internal_target,UNKNOWN,https://fermatmind.com/zh/personality/big-five/facets/tender-mindedness,https://fermatmind.com/zh/reliability-validity,footer,信度效度,UNKNOWN,Target is not in current authority corpus; not labeled broken without reliable target readback.
non_corpus_internal_target,UNKNOWN,https://fermatmind.com/zh/personality/big-five/facets/tender-mindedness,https://fermatmind.com/zh/data-privacy,footer,数据说明,UNKNOWN,Target is not in current authority corpus; not labeled broken without reliable target readback.
non_corpus_internal_target,UNKNOWN,https://fermatmind.com/zh/personality/big-five/facets/tender-mindedness,https://fermatmind.com/zh/common-misconceptions,footer,常见误区,UNKNOWN,Target is not in current authority corpus; not labeled broken without reliable target readback.
non_corpus_internal_target,UNKNOWN,https://fermatmind.com/zh/personality/big-five/facets/trust,https://fermatmind.com/zh/tests?q=,header/navigation,,UNKNOWN,Target is not in current authority corpus; not labeled broken without reliable target readback.
non_corpus_internal_target,UNKNOWN,https://fermatmind.com/zh/personality/big-five/facets/trust,https://fermatmind.com/zh/science,footer,测评科学,UNKNOWN,Target is not in current authority corpus; not labeled broken without reliable target readback.
non_corpus_internal_target,UNKNOWN,https://fermatmind.com/zh/personality/big-five/facets/trust,https://fermatmind.com/zh/item-design-notes,footer,题目设计说明,UNKNOWN,Target is not in current authority corpus; not labeled broken without reliable target readback.
non_corpus_internal_target,UNKNOWN,https://fermatmind.com/zh/personality/big-five/facets/trust,https://fermatmind.com/zh/reliability-validity,footer,信度效度,UNKNOWN,Target is not in current authority corpus; not labeled broken without reliable target readback.
non_corpus_internal_target,UNKNOWN,https://fermatmind.com/zh/personality/big-five/facets/trust,https://fermatmind.com/zh/data-privacy,footer,数据说明,UNKNOWN,Target is not in current authority corpus; not labeled broken without reliable target readback.
non_corpus_internal_target,UNKNOWN,https://fermatmind.com/zh/personality/big-five/facets/trust,https://fermatmind.com/zh/common-misconceptions,footer,常见误区,UNKNOWN,Target is not in current authority corpus; not labeled broken without reliable target readback.
non_corpus_internal_target,UNKNOWN,https://fermatmind.com/zh/personality/big-five/facets/values,https://fermatmind.com/zh/tests?q=,header/navigation,,UNKNOWN,Target is not in current authority corpus; not labeled broken without reliable target readback.
non_corpus_internal_target,UNKNOWN,https://fermatmind.com/zh/personality/big-five/facets/values,https://fermatmind.com/zh/science,footer,测评科学,UNKNOWN,Target is not in current authority corpus; not labeled broken without reliable target readback.
non_corpus_internal_target,UNKNOWN,https://fermatmind.com/zh/personality/big-five/facets/values,https://fermatmind.com/zh/item-design-notes,footer,题目设计说明,UNKNOWN,Target is not in current authority corpus; not labeled broken without reliable target readback.
non_corpus_internal_target,UNKNOWN,https://fermatmind.com/zh/personality/big-five/facets/values,https://fermatmind.com/zh/reliability-validity,footer,信度效度,UNKNOWN,Target is not in current authority corpus; not labeled broken without reliable target readback.
non_corpus_internal_target,UNKNOWN,https://fermatmind.com/zh/personality/big-five/facets/values,https://fermatmind.com/zh/data-privacy,footer,数据说明,UNKNOWN,Target is not in current authority corpus; not labeled broken without reliable target readback.
non_corpus_internal_target,UNKNOWN,https://fermatmind.com/zh/personality/big-five/facets/values,https://fermatmind.com/zh/common-misconceptions,footer,常见误区,UNKNOWN,Target is not in current authority corpus; not labeled broken without reliable target readback.
non_corpus_internal_target,UNKNOWN,https://fermatmind.com/zh/personality/big-five/facets/vulnerability,https://fermatmind.com/zh/tests?q=,header/navigation,,UNKNOWN,Target is not in current authority corpus; not labeled broken without reliable target readback.
non_corpus_internal_target,UNKNOWN,https://fermatmind.com/zh/personality/big-five/facets/vulnerability,https://fermatmind.com/zh/science,footer,测评科学,UNKNOWN,Target is not in current authority corpus; not labeled broken without reliable target readback.
non_corpus_internal_target,UNKNOWN,https://fermatmind.com/zh/personality/big-five/facets/vulnerability,https://fermatmind.com/zh/item-design-notes,footer,题目设计说明,UNKNOWN,Target is not in current authority corpus; not labeled broken without reliable target readback.
non_corpus_internal_target,UNKNOWN,https://fermatmind.com/zh/personality/big-five/facets/vulnerability,https://fermatmind.com/zh/reliability-validity,footer,信度效度,UNKNOWN,Target is not in current authority corpus; not labeled broken without reliable target readback.
non_corpus_internal_target,UNKNOWN,https://fermatmind.com/zh/personality/big-five/facets/vulnerability,https://fermatmind.com/zh/data-privacy,footer,数据说明,UNKNOWN,Target is not in current authority corpus; not labeled broken without reliable target readback.
non_corpus_internal_target,UNKNOWN,https://fermatmind.com/zh/personality/big-five/facets/vulnerability,https://fermatmind.com/zh/common-misconceptions,footer,常见误区,UNKNOWN,Target is not in current authority corpus; not labeled broken without reliable target readback.
non_corpus_internal_target,UNKNOWN,https://fermatmind.com/zh/personality/big-five/facets/warmth,https://fermatmind.com/zh/tests?q=,header/navigation,,UNKNOWN,Target is not in current authority corpus; not labeled broken without reliable target readback.
non_corpus_internal_target,UNKNOWN,https://fermatmind.com/zh/personality/big-five/facets/warmth,https://fermatmind.com/zh/science,footer,测评科学,UNKNOWN,Target is not in current authority corpus; not labeled broken without reliable target readback.
non_corpus_internal_target,UNKNOWN,https://fermatmind.com/zh/personality/big-five/facets/warmth,https://fermatmind.com/zh/item-design-notes,footer,题目设计说明,UNKNOWN,Target is not in current authority corpus; not labeled broken without reliable target readback.
non_corpus_internal_target,UNKNOWN,https://fermatmind.com/zh/personality/big-five/facets/warmth,https://fermatmind.com/zh/reliability-validity,footer,信度效度,UNKNOWN,Target is not in current authority corpus; not labeled broken without reliable target readback.
non_corpus_internal_target,UNKNOWN,https://fermatmind.com/zh/personality/big-five/facets/warmth,https://fermatmind.com/zh/data-privacy,footer,数据说明,UNKNOWN,Target is not in current authority corpus; not labeled broken without reliable target readback.
non_corpus_internal_target,UNKNOWN,https://fermatmind.com/zh/personality/big-five/facets/warmth,https://fermatmind.com/zh/common-misconceptions,footer,常见误区,UNKNOWN,Target is not in current authority corpus; not labeled broken without reliable target readback.
non_corpus_internal_target,UNKNOWN,https://fermatmind.com/zh/personality/big-five/neuroticism,https://fermatmind.com/zh/tests?q=,header/navigation,,UNKNOWN,Target is not in current authority corpus; not labeled broken without reliable target readback.
non_corpus_internal_target,UNKNOWN,https://fermatmind.com/zh/personality/big-five/neuroticism,https://fermatmind.com/zh/science,footer,测评科学,UNKNOWN,Target is not in current authority corpus; not labeled broken without reliable target readback.
non_corpus_internal_target,UNKNOWN,https://fermatmind.com/zh/personality/big-five/neuroticism,https://fermatmind.com/zh/item-design-notes,footer,题目设计说明,UNKNOWN,Target is not in current authority corpus; not labeled broken without reliable target readback.
non_corpus_internal_target,UNKNOWN,https://fermatmind.com/zh/personality/big-five/neuroticism,https://fermatmind.com/zh/reliability-validity,footer,信度效度,UNKNOWN,Target is not in current authority corpus; not labeled broken without reliable target readback.
non_corpus_internal_target,UNKNOWN,https://fermatmind.com/zh/personality/big-five/neuroticism,https://fermatmind.com/zh/data-privacy,footer,数据说明,UNKNOWN,Target is not in current authority corpus; not labeled broken without reliable target readback.
non_corpus_internal_target,UNKNOWN,https://fermatmind.com/zh/personality/big-five/neuroticism,https://fermatmind.com/zh/common-misconceptions,footer,常见误区,UNKNOWN,Target is not in current authority corpus; not labeled broken without reliable target readback.
non_corpus_internal_target,UNKNOWN,https://fermatmind.com/zh/personality/big-five/neuroticism-high,https://fermatmind.com/zh/tests?q=,header/navigation,,UNKNOWN,Target is not in current authority corpus; not labeled broken without reliable target readback.
non_corpus_internal_target,UNKNOWN,https://fermatmind.com/zh/personality/big-five/neuroticism-high,https://fermatmind.com/zh/science,footer,测评科学,UNKNOWN,Target is not in current authority corpus; not labeled broken without reliable target readback.
non_corpus_internal_target,UNKNOWN,https://fermatmind.com/zh/personality/big-five/neuroticism-high,https://fermatmind.com/zh/item-design-notes,footer,题目设计说明,UNKNOWN,Target is not in current authority corpus; not labeled broken without reliable target readback.
non_corpus_internal_target,UNKNOWN,https://fermatmind.com/zh/personality/big-five/neuroticism-high,https://fermatmind.com/zh/reliability-validity,footer,信度效度,UNKNOWN,Target is not in current authority corpus; not labeled broken without reliable target readback.
non_corpus_internal_target,UNKNOWN,https://fermatmind.com/zh/personality/big-five/neuroticism-high,https://fermatmind.com/zh/data-privacy,footer,数据说明,UNKNOWN,Target is not in current authority corpus; not labeled broken without reliable target readback.
non_corpus_internal_target,UNKNOWN,https://fermatmind.com/zh/personality/big-five/neuroticism-high,https://fermatmind.com/zh/common-misconceptions,footer,常见误区,UNKNOWN,Target is not in current authority corpus; not labeled broken without reliable target readback.
non_corpus_internal_target,UNKNOWN,https://fermatmind.com/zh/personality/big-five/neuroticism-low,https://fermatmind.com/zh/tests?q=,header/navigation,,UNKNOWN,Target is not in current authority corpus; not labeled broken without reliable target readback.
non_corpus_internal_target,UNKNOWN,https://fermatmind.com/zh/personality/big-five/neuroticism-low,https://fermatmind.com/zh/science,footer,测评科学,UNKNOWN,Target is not in current authority corpus; not labeled broken without reliable target readback.
non_corpus_internal_target,UNKNOWN,https://fermatmind.com/zh/personality/big-five/neuroticism-low,https://fermatmind.com/zh/item-design-notes,footer,题目设计说明,UNKNOWN,Target is not in current authority corpus; not labeled broken without reliable target readback.
non_corpus_internal_target,UNKNOWN,https://fermatmind.com/zh/personality/big-five/neuroticism-low,https://fermatmind.com/zh/reliability-validity,footer,信度效度,UNKNOWN,Target is not in current authority corpus; not labeled broken without reliable target readback.
non_corpus_internal_target,UNKNOWN,https://fermatmind.com/zh/personality/big-five/neuroticism-low,https://fermatmind.com/zh/data-privacy,footer,数据说明,UNKNOWN,Target is not in current authority corpus; not labeled broken without reliable target readback.
non_corpus_internal_target,UNKNOWN,https://fermatmind.com/zh/personality/big-five/neuroticism-low,https://fermatmind.com/zh/common-misconceptions,footer,常见误区,UNKNOWN,Target is not in current authority corpus; not labeled broken without reliable target readback.
non_corpus_internal_target,UNKNOWN,https://fermatmind.com/zh/personality/big-five/neuroticism-mid,https://fermatmind.com/zh/tests?q=,header/navigation,,UNKNOWN,Target is not in current authority corpus; not labeled broken without reliable target readback.
non_corpus_internal_target,UNKNOWN,https://fermatmind.com/zh/personality/big-five/neuroticism-mid,https://fermatmind.com/zh/science,footer,测评科学,UNKNOWN,Target is not in current authority corpus; not labeled broken without reliable target readback.
non_corpus_internal_target,UNKNOWN,https://fermatmind.com/zh/personality/big-five/neuroticism-mid,https://fermatmind.com/zh/item-design-notes,footer,题目设计说明,UNKNOWN,Target is not in current authority corpus; not labeled broken without reliable target readback.
non_corpus_internal_target,UNKNOWN,https://fermatmind.com/zh/personality/big-five/neuroticism-mid,https://fermatmind.com/zh/reliability-validity,footer,信度效度,UNKNOWN,Target is not in current authority corpus; not labeled broken without reliable target readback.
non_corpus_internal_target,UNKNOWN,https://fermatmind.com/zh/personality/big-five/neuroticism-mid,https://fermatmind.com/zh/data-privacy,footer,数据说明,UNKNOWN,Target is not in current authority corpus; not labeled broken without reliable target readback.
non_corpus_internal_target,UNKNOWN,https://fermatmind.com/zh/personality/big-five/neuroticism-mid,https://fermatmind.com/zh/common-misconceptions,footer,常见误区,UNKNOWN,Target is not in current authority corpus; not labeled broken without reliable target readback.
non_corpus_internal_target,UNKNOWN,https://fermatmind.com/zh/personality/big-five/openness,https://fermatmind.com/zh/tests?q=,header/navigation,,UNKNOWN,Target is not in current authority corpus; not labeled broken without reliable target readback.
non_corpus_internal_target,UNKNOWN,https://fermatmind.com/zh/personality/big-five/openness,https://fermatmind.com/zh/science,footer,测评科学,UNKNOWN,Target is not in current authority corpus; not labeled broken without reliable target readback.
non_corpus_internal_target,UNKNOWN,https://fermatmind.com/zh/personality/big-five/openness,https://fermatmind.com/zh/item-design-notes,footer,题目设计说明,UNKNOWN,Target is not in current authority corpus; not labeled broken without reliable target readback.
non_corpus_internal_target,UNKNOWN,https://fermatmind.com/zh/personality/big-five/openness,https://fermatmind.com/zh/reliability-validity,footer,信度效度,UNKNOWN,Target is not in current authority corpus; not labeled broken without reliable target readback.
non_corpus_internal_target,UNKNOWN,https://fermatmind.com/zh/personality/big-five/openness,https://fermatmind.com/zh/data-privacy,footer,数据说明,UNKNOWN,Target is not in current authority corpus; not labeled broken without reliable target readback.
non_corpus_internal_target,UNKNOWN,https://fermatmind.com/zh/personality/big-five/openness,https://fermatmind.com/zh/common-misconceptions,footer,常见误区,UNKNOWN,Target is not in current authority corpus; not labeled broken without reliable target readback.
non_corpus_internal_target,UNKNOWN,https://fermatmind.com/zh/personality/big-five/openness-high,https://fermatmind.com/zh/tests?q=,header/navigation,,UNKNOWN,Target is not in current authority corpus; not labeled broken without reliable target readback.
non_corpus_internal_target,UNKNOWN,https://fermatmind.com/zh/personality/big-five/openness-high,https://fermatmind.com/zh/science,footer,测评科学,UNKNOWN,Target is not in current authority corpus; not labeled broken without reliable target readback.
non_corpus_internal_target,UNKNOWN,https://fermatmind.com/zh/personality/big-five/openness-high,https://fermatmind.com/zh/item-design-notes,footer,题目设计说明,UNKNOWN,Target is not in current authority corpus; not labeled broken without reliable target readback.
non_corpus_internal_target,UNKNOWN,https://fermatmind.com/zh/personality/big-five/openness-high,https://fermatmind.com/zh/reliability-validity,footer,信度效度,UNKNOWN,Target is not in current authority corpus; not labeled broken without reliable target readback.
non_corpus_internal_target,UNKNOWN,https://fermatmind.com/zh/personality/big-five/openness-high,https://fermatmind.com/zh/data-privacy,footer,数据说明,UNKNOWN,Target is not in current authority corpus; not labeled broken without reliable target readback.
non_corpus_internal_target,UNKNOWN,https://fermatmind.com/zh/personality/big-five/openness-high,https://fermatmind.com/zh/common-misconceptions,footer,常见误区,UNKNOWN,Target is not in current authority corpus; not labeled broken without reliable target readback.
non_corpus_internal_target,UNKNOWN,https://fermatmind.com/zh/personality/big-five/openness-low,https://fermatmind.com/zh/tests?q=,header/navigation,,UNKNOWN,Target is not in current authority corpus; not labeled broken without reliable target readback.
non_corpus_internal_target,UNKNOWN,https://fermatmind.com/zh/personality/big-five/openness-low,https://fermatmind.com/zh/science,footer,测评科学,UNKNOWN,Target is not in current authority corpus; not labeled broken without reliable target readback.
non_corpus_internal_target,UNKNOWN,https://fermatmind.com/zh/personality/big-five/openness-low,https://fermatmind.com/zh/item-design-notes,footer,题目设计说明,UNKNOWN,Target is not in current authority corpus; not labeled broken without reliable target readback.
non_corpus_internal_target,UNKNOWN,https://fermatmind.com/zh/personality/big-five/openness-low,https://fermatmind.com/zh/reliability-validity,footer,信度效度,UNKNOWN,Target is not in current authority corpus; not labeled broken without reliable target readback.
non_corpus_internal_target,UNKNOWN,https://fermatmind.com/zh/personality/big-five/openness-low,https://fermatmind.com/zh/data-privacy,footer,数据说明,UNKNOWN,Target is not in current authority corpus; not labeled broken without reliable target readback.
non_corpus_internal_target,UNKNOWN,https://fermatmind.com/zh/personality/big-five/openness-low,https://fermatmind.com/zh/common-misconceptions,footer,常见误区,UNKNOWN,Target is not in current authority corpus; not labeled broken without reliable target readback.
non_corpus_internal_target,UNKNOWN,https://fermatmind.com/zh/personality/big-five/openness-mid,https://fermatmind.com/zh/tests?q=,header/navigation,,UNKNOWN,Target is not in current authority corpus; not labeled broken without reliable target readback.
non_corpus_internal_target,UNKNOWN,https://fermatmind.com/zh/personality/big-five/openness-mid,https://fermatmind.com/zh/science,footer,测评科学,UNKNOWN,Target is not in current authority corpus; not labeled broken without reliable target readback.
non_corpus_internal_target,UNKNOWN,https://fermatmind.com/zh/personality/big-five/openness-mid,https://fermatmind.com/zh/item-design-notes,footer,题目设计说明,UNKNOWN,Target is not in current authority corpus; not labeled broken without reliable target readback.
non_corpus_internal_target,UNKNOWN,https://fermatmind.com/zh/personality/big-five/openness-mid,https://fermatmind.com/zh/reliability-validity,footer,信度效度,UNKNOWN,Target is not in current authority corpus; not labeled broken without reliable target readback.
non_corpus_internal_target,UNKNOWN,https://fermatmind.com/zh/personality/big-five/openness-mid,https://fermatmind.com/zh/data-privacy,footer,数据说明,UNKNOWN,Target is not in current authority corpus; not labeled broken without reliable target readback.
non_corpus_internal_target,UNKNOWN,https://fermatmind.com/zh/personality/big-five/openness-mid,https://fermatmind.com/zh/common-misconceptions,footer,常见误区,UNKNOWN,Target is not in current authority corpus; not labeled broken without reliable target readback.
non_corpus_internal_target,UNKNOWN,https://fermatmind.com/zh/personality/enfj,https://fermatmind.com/zh/tests?q=,header/navigation,,UNKNOWN,Target is not in current authority corpus; not labeled broken without reliable target readback.
private_route_link,HIGH,https://fermatmind.com/zh/personality/enfj,PRIVATE_ROUTE_REDACTED:take,inline contextual,MBTI免费测试,VERIFIED,Visible internal link targets a private/sensitive route; target was not crawled.
non_corpus_internal_target,UNKNOWN,https://fermatmind.com/zh/personality/enfj,https://fermatmind.com/zh/science,footer,测评科学,UNKNOWN,Target is not in current authority corpus; not labeled broken without reliable target readback.
non_corpus_internal_target,UNKNOWN,https://fermatmind.com/zh/personality/enfj,https://fermatmind.com/zh/item-design-notes,footer,题目设计说明,UNKNOWN,Target is not in current authority corpus; not labeled broken without reliable target readback.
non_corpus_internal_target,UNKNOWN,https://fermatmind.com/zh/personality/enfj,https://fermatmind.com/zh/reliability-validity,footer,信度效度,UNKNOWN,Target is not in current authority corpus; not labeled broken without reliable target readback.
non_corpus_internal_target,UNKNOWN,https://fermatmind.com/zh/personality/enfj,https://fermatmind.com/zh/data-privacy,footer,数据说明,UNKNOWN,Target is not in current authority corpus; not labeled broken without reliable target readback.
non_corpus_internal_target,UNKNOWN,https://fermatmind.com/zh/personality/enfj,https://fermatmind.com/zh/common-misconceptions,footer,常见误区,UNKNOWN,Target is not in current authority corpus; not labeled broken without reliable target readback.
non_corpus_internal_target,UNKNOWN,https://fermatmind.com/zh/personality/enfj-a,https://fermatmind.com/zh/tests?q=,header/navigation,,UNKNOWN,Target is not in current authority corpus; not labeled broken without reliable target readback.
non_corpus_internal_target,UNKNOWN,https://fermatmind.com/zh/personality/enfj-a,https://fermatmind.com/zh/career/recommendations/mbti/enfj-a,CTA,看职业方向,UNKNOWN,Target is not in current authority corpus; not labeled broken without reliable target readback.
private_route_link,HIGH,https://fermatmind.com/zh/personality/enfj-a,PRIVATE_ROUTE_REDACTED:take,inline contextual,MBTI免费测试,VERIFIED,Visible internal link targets a private/sensitive route; target was not crawled.
non_corpus_internal_target,UNKNOWN,https://fermatmind.com/zh/personality/enfj-a,https://fermatmind.com/zh/science,footer,测评科学,UNKNOWN,Target is not in current authority corpus; not labeled broken without reliable target readback.
non_corpus_internal_target,UNKNOWN,https://fermatmind.com/zh/personality/enfj-a,https://fermatmind.com/zh/item-design-notes,footer,题目设计说明,UNKNOWN,Target is not in current authority corpus; not labeled broken without reliable target readback.
non_corpus_internal_target,UNKNOWN,https://fermatmind.com/zh/personality/enfj-a,https://fermatmind.com/zh/reliability-validity,footer,信度效度,UNKNOWN,Target is not in current authority corpus; not labeled broken without reliable target readback.
non_corpus_internal_target,UNKNOWN,https://fermatmind.com/zh/personality/enfj-a,https://fermatmind.com/zh/data-privacy,footer,数据说明,UNKNOWN,Target is not in current authority corpus; not labeled broken without reliable target readback.
non_corpus_internal_target,UNKNOWN,https://fermatmind.com/zh/personality/enfj-a,https://fermatmind.com/zh/common-misconceptions,footer,常见误区,UNKNOWN,Target is not in current authority corpus; not labeled broken without reliable target readback.
non_corpus_internal_target,UNKNOWN,https://fermatmind.com/zh/personality/enfj-a-vs-enfj-t,https://fermatmind.com/zh/tests?q=,header/navigation,,UNKNOWN,Target is not in current authority corpus; not labeled broken without reliable target readback.
non_corpus_internal_target,UNKNOWN,https://fermatmind.com/zh/personality/enfj-a-vs-enfj-t,https://fermatmind.com/zh/science,footer,测评科学,UNKNOWN,Target is not in current authority corpus; not labeled broken without reliable target readback.
non_corpus_internal_target,UNKNOWN,https://fermatmind.com/zh/personality/enfj-a-vs-enfj-t,https://fermatmind.com/zh/item-design-notes,footer,题目设计说明,UNKNOWN,Target is not in current authority corpus; not labeled broken without reliable target readback.
non_corpus_internal_target,UNKNOWN,https://fermatmind.com/zh/personality/enfj-a-vs-enfj-t,https://fermatmind.com/zh/reliability-validity,footer,信度效度,UNKNOWN,Target is not in current authority corpus; not labeled broken without reliable target readback.
non_corpus_internal_target,UNKNOWN,https://fermatmind.com/zh/personality/enfj-a-vs-enfj-t,https://fermatmind.com/zh/data-privacy,footer,数据说明,UNKNOWN,Target is not in current authority corpus; not labeled broken without reliable target readback.
non_corpus_internal_target,UNKNOWN,https://fermatmind.com/zh/personality/enfj-a-vs-enfj-t,https://fermatmind.com/zh/common-misconceptions,footer,常见误区,UNKNOWN,Target is not in current authority corpus; not labeled broken without reliable target readback.
non_corpus_internal_target,UNKNOWN,https://fermatmind.com/zh/personality/enfj-t,https://fermatmind.com/zh/tests?q=,header/navigation,,UNKNOWN,Target is not in current authority corpus; not labeled broken without reliable target readback.
non_corpus_internal_target,UNKNOWN,https://fermatmind.com/zh/personality/enfj-t,https://fermatmind.com/zh/career/recommendations/mbti/enfj-t,CTA,看职业方向,UNKNOWN,Target is not in current authority corpus; not labeled broken without reliable target readback.
private_route_link,HIGH,https://fermatmind.com/zh/personality/enfj-t,PRIVATE_ROUTE_REDACTED:take,inline contextual,MBTI免费测试,VERIFIED,Visible internal link targets a private/sensitive route; target was not crawled.
non_corpus_internal_target,UNKNOWN,https://fermatmind.com/zh/personality/enfj-t,https://fermatmind.com/zh/science,footer,测评科学,UNKNOWN,Target is not in current authority corpus; not labeled broken without reliable target readback.
non_corpus_internal_target,UNKNOWN,https://fermatmind.com/zh/personality/enfj-t,https://fermatmind.com/zh/item-design-notes,footer,题目设计说明,UNKNOWN,Target is not in current authority corpus; not labeled broken without reliable target readback.
non_corpus_internal_target,UNKNOWN,https://fermatmind.com/zh/personality/enfj-t,https://fermatmind.com/zh/reliability-validity,footer,信度效度,UNKNOWN,Target is not in current authority corpus; not labeled broken without reliable target readback.
non_corpus_internal_target,UNKNOWN,https://fermatmind.com/zh/personality/enfj-t,https://fermatmind.com/zh/data-privacy,footer,数据说明,UNKNOWN,Target is not in current authority corpus; not labeled broken without reliable target readback.
non_corpus_internal_target,UNKNOWN,https://fermatmind.com/zh/personality/enfj-t,https://fermatmind.com/zh/common-misconceptions,footer,常见误区,UNKNOWN,Target is not in current authority corpus; not labeled broken without reliable target readback.
non_corpus_internal_target,UNKNOWN,https://fermatmind.com/zh/personality/enfp,https://fermatmind.com/zh/tests?q=,header/navigation,,UNKNOWN,Target is not in current authority corpus; not labeled broken without reliable target readback.
private_route_link,HIGH,https://fermatmind.com/zh/personality/enfp,PRIVATE_ROUTE_REDACTED:take,inline contextual,MBTI免费测试,VERIFIED,Visible internal link targets a private/sensitive route; target was not crawled.
non_corpus_internal_target,UNKNOWN,https://fermatmind.com/zh/personality/enfp,https://fermatmind.com/zh/science,footer,测评科学,UNKNOWN,Target is not in current authority corpus; not labeled broken without reliable target readback.
non_corpus_internal_target,UNKNOWN,https://fermatmind.com/zh/personality/enfp,https://fermatmind.com/zh/item-design-notes,footer,题目设计说明,UNKNOWN,Target is not in current authority corpus; not labeled broken without reliable target readback.
non_corpus_internal_target,UNKNOWN,https://fermatmind.com/zh/personality/enfp,https://fermatmind.com/zh/reliability-validity,footer,信度效度,UNKNOWN,Target is not in current authority corpus; not labeled broken without reliable target readback.
non_corpus_internal_target,UNKNOWN,https://fermatmind.com/zh/personality/enfp,https://fermatmind.com/zh/data-privacy,footer,数据说明,UNKNOWN,Target is not in current authority corpus; not labeled broken without reliable target readback.
non_corpus_internal_target,UNKNOWN,https://fermatmind.com/zh/personality/enfp,https://fermatmind.com/zh/common-misconceptions,footer,常见误区,UNKNOWN,Target is not in current authority corpus; not labeled broken without reliable target readback.
non_corpus_internal_target,UNKNOWN,https://fermatmind.com/zh/personality/enfp-a,https://fermatmind.com/zh/tests?q=,header/navigation,,UNKNOWN,Target is not in current authority corpus; not labeled broken without reliable target readback.
non_corpus_internal_target,UNKNOWN,https://fermatmind.com/zh/personality/enfp-a,https://fermatmind.com/zh/career/recommendations/mbti/enfp-a,CTA,看职业方向,UNKNOWN,Target is not in current authority corpus; not labeled broken without reliable target readback.
private_route_link,HIGH,https://fermatmind.com/zh/personality/enfp-a,PRIVATE_ROUTE_REDACTED:take,inline contextual,MBTI免费测试,VERIFIED,Visible internal link targets a private/sensitive route; target was not crawled.
non_corpus_internal_target,UNKNOWN,https://fermatmind.com/zh/personality/enfp-a,https://fermatmind.com/zh/science,footer,测评科学,UNKNOWN,Target is not in current authority corpus; not labeled broken without reliable target readback.
non_corpus_internal_target,UNKNOWN,https://fermatmind.com/zh/personality/enfp-a,https://fermatmind.com/zh/item-design-notes,footer,题目设计说明,UNKNOWN,Target is not in current authority corpus; not labeled broken without reliable target readback.
non_corpus_internal_target,UNKNOWN,https://fermatmind.com/zh/personality/enfp-a,https://fermatmind.com/zh/reliability-validity,footer,信度效度,UNKNOWN,Target is not in current authority corpus; not labeled broken without reliable target readback.
non_corpus_internal_target,UNKNOWN,https://fermatmind.com/zh/personality/enfp-a,https://fermatmind.com/zh/data-privacy,footer,数据说明,UNKNOWN,Target is not in current authority corpus; not labeled broken without reliable target readback.
non_corpus_internal_target,UNKNOWN,https://fermatmind.com/zh/personality/enfp-a,https://fermatmind.com/zh/common-misconceptions,footer,常见误区,UNKNOWN,Target is not in current authority corpus; not labeled broken without reliable target readback.
non_corpus_internal_target,UNKNOWN,https://fermatmind.com/zh/personality/enfp-a-vs-enfp-t,https://fermatmind.com/zh/tests?q=,header/navigation,,UNKNOWN,Target is not in current authority corpus; not labeled broken without reliable target readback.
non_corpus_internal_target,UNKNOWN,https://fermatmind.com/zh/personality/enfp-a-vs-enfp-t,https://fermatmind.com/zh/science,footer,测评科学,UNKNOWN,Target is not in current authority corpus; not labeled broken without reliable target readback.
non_corpus_internal_target,UNKNOWN,https://fermatmind.com/zh/personality/enfp-a-vs-enfp-t,https://fermatmind.com/zh/item-design-notes,footer,题目设计说明,UNKNOWN,Target is not in current authority corpus; not labeled broken without reliable target readback.
non_corpus_internal_target,UNKNOWN,https://fermatmind.com/zh/personality/enfp-a-vs-enfp-t,https://fermatmind.com/zh/reliability-validity,footer,信度效度,UNKNOWN,Target is not in current authority corpus; not labeled broken without reliable target readback.
non_corpus_internal_target,UNKNOWN,https://fermatmind.com/zh/personality/enfp-a-vs-enfp-t,https://fermatmind.com/zh/data-privacy,footer,数据说明,UNKNOWN,Target is not in current authority corpus; not labeled broken without reliable target readback.
non_corpus_internal_target,UNKNOWN,https://fermatmind.com/zh/personality/enfp-a-vs-enfp-t,https://fermatmind.com/zh/common-misconceptions,footer,常见误区,UNKNOWN,Target is not in current authority corpus; not labeled broken without reliable target readback.
non_corpus_internal_target,UNKNOWN,https://fermatmind.com/zh/personality/enfp-t,https://fermatmind.com/zh/tests?q=,header/navigation,,UNKNOWN,Target is not in current authority corpus; not labeled broken without reliable target readback.
non_corpus_internal_target,UNKNOWN,https://fermatmind.com/zh/personality/enfp-t,https://fermatmind.com/zh/career/recommendations/mbti/enfp-t,CTA,看职业方向,UNKNOWN,Target is not in current authority corpus; not labeled broken without reliable target readback.
private_route_link,HIGH,https://fermatmind.com/zh/personality/enfp-t,PRIVATE_ROUTE_REDACTED:take,inline contextual,MBTI免费测试,VERIFIED,Visible internal link targets a private/sensitive route; target was not crawled.
non_corpus_internal_target,UNKNOWN,https://fermatmind.com/zh/personality/enfp-t,https://fermatmind.com/zh/science,footer,测评科学,UNKNOWN,Target is not in current authority corpus; not labeled broken without reliable target readback.
non_corpus_internal_target,UNKNOWN,https://fermatmind.com/zh/personality/enfp-t,https://fermatmind.com/zh/item-design-notes,footer,题目设计说明,UNKNOWN,Target is not in current authority corpus; not labeled broken without reliable target readback.
non_corpus_internal_target,UNKNOWN,https://fermatmind.com/zh/personality/enfp-t,https://fermatmind.com/zh/reliability-validity,footer,信度效度,UNKNOWN,Target is not in current authority corpus; not labeled broken without reliable target readback.
non_corpus_internal_target,UNKNOWN,https://fermatmind.com/zh/personality/enfp-t,https://fermatmind.com/zh/data-privacy,footer,数据说明,UNKNOWN,Target is not in current authority corpus; not labeled broken without reliable target readback.
non_corpus_internal_target,UNKNOWN,https://fermatmind.com/zh/personality/enfp-t,https://fermatmind.com/zh/common-misconceptions,footer,常见误区,UNKNOWN,Target is not in current authority corpus; not labeled broken without reliable target readback.
non_corpus_internal_target,UNKNOWN,https://fermatmind.com/zh/personality/enfp-vs-entp,https://fermatmind.com/zh/tests?q=,header/navigation,,UNKNOWN,Target is not in current authority corpus; not labeled broken without reliable target readback.
non_corpus_internal_target,UNKNOWN,https://fermatmind.com/zh/personality/enfp-vs-entp,https://fermatmind.com/zh/science,footer,测评科学,UNKNOWN,Target is not in current authority corpus; not labeled broken without reliable target readback.
non_corpus_internal_target,UNKNOWN,https://fermatmind.com/zh/personality/enfp-vs-entp,https://fermatmind.com/zh/item-design-notes,footer,题目设计说明,UNKNOWN,Target is not in current authority corpus; not labeled broken without reliable target readback.
non_corpus_internal_target,UNKNOWN,https://fermatmind.com/zh/personality/enfp-vs-entp,https://fermatmind.com/zh/reliability-validity,footer,信度效度,UNKNOWN,Target is not in current authority corpus; not labeled broken without reliable target readback.
non_corpus_internal_target,UNKNOWN,https://fermatmind.com/zh/personality/enfp-vs-entp,https://fermatmind.com/zh/data-privacy,footer,数据说明,UNKNOWN,Target is not in current authority corpus; not labeled broken without reliable target readback.
non_corpus_internal_target,UNKNOWN,https://fermatmind.com/zh/personality/enfp-vs-entp,https://fermatmind.com/zh/common-misconceptions,footer,常见误区,UNKNOWN,Target is not in current authority corpus; not labeled broken without reliable target readback.
non_corpus_internal_target,UNKNOWN,https://fermatmind.com/zh/personality/enneagram,https://fermatmind.com/zh/tests?q=,header/navigation,,UNKNOWN,Target is not in current authority corpus; not labeled broken without reliable target readback.
non_corpus_internal_target,UNKNOWN,https://fermatmind.com/zh/personality/enneagram,https://fermatmind.com/zh/science,footer,测评科学,UNKNOWN,Target is not in current authority corpus; not labeled broken without reliable target readback.
non_corpus_internal_target,UNKNOWN,https://fermatmind.com/zh/personality/enneagram,https://fermatmind.com/zh/item-design-notes,footer,题目设计说明,UNKNOWN,Target is not in current authority corpus; not labeled broken without reliable target readback.
non_corpus_internal_target,UNKNOWN,https://fermatmind.com/zh/personality/enneagram,https://fermatmind.com/zh/reliability-validity,footer,信度效度,UNKNOWN,Target is not in current authority corpus; not labeled broken without reliable target readback.
non_corpus_internal_target,UNKNOWN,https://fermatmind.com/zh/personality/enneagram,https://fermatmind.com/zh/data-privacy,footer,数据说明,UNKNOWN,Target is not in current authority corpus; not labeled broken without reliable target readback.
non_corpus_internal_target,UNKNOWN,https://fermatmind.com/zh/personality/enneagram,https://fermatmind.com/zh/common-misconceptions,footer,常见误区,UNKNOWN,Target is not in current authority corpus; not labeled broken without reliable target readback.
non_corpus_internal_target,UNKNOWN,https://fermatmind.com/zh/personality/enneagram/centers/gut,https://fermatmind.com/zh/tests?q=,header/navigation,,UNKNOWN,Target is not in current authority corpus; not labeled broken without reliable target readback.
non_corpus_internal_target,UNKNOWN,https://fermatmind.com/zh/personality/enneagram/centers/gut,https://fermatmind.com/zh/science,footer,测评科学,UNKNOWN,Target is not in current authority corpus; not labeled broken without reliable target readback.
non_corpus_internal_target,UNKNOWN,https://fermatmind.com/zh/personality/enneagram/centers/gut,https://fermatmind.com/zh/item-design-notes,footer,题目设计说明,UNKNOWN,Target is not in current authority corpus; not labeled broken without reliable target readback.
non_corpus_internal_target,UNKNOWN,https://fermatmind.com/zh/personality/enneagram/centers/gut,https://fermatmind.com/zh/reliability-validity,footer,信度效度,UNKNOWN,Target is not in current authority corpus; not labeled broken without reliable target readback.
non_corpus_internal_target,UNKNOWN,https://fermatmind.com/zh/personality/enneagram/centers/gut,https://fermatmind.com/zh/data-privacy,footer,数据说明,UNKNOWN,Target is not in current authority corpus; not labeled broken without reliable target readback.
non_corpus_internal_target,UNKNOWN,https://fermatmind.com/zh/personality/enneagram/centers/gut,https://fermatmind.com/zh/common-misconceptions,footer,常见误区,UNKNOWN,Target is not in current authority corpus; not labeled broken without reliable target readback.
non_corpus_internal_target,UNKNOWN,https://fermatmind.com/zh/personality/enneagram/centers/head,https://fermatmind.com/zh/tests?q=,header/navigation,,UNKNOWN,Target is not in current authority corpus; not labeled broken without reliable target readback.
non_corpus_internal_target,UNKNOWN,https://fermatmind.com/zh/personality/enneagram/centers/head,https://fermatmind.com/zh/science,footer,测评科学,UNKNOWN,Target is not in current authority corpus; not labeled broken without reliable target readback.
non_corpus_internal_target,UNKNOWN,https://fermatmind.com/zh/personality/enneagram/centers/head,https://fermatmind.com/zh/item-design-notes,footer,题目设计说明,UNKNOWN,Target is not in current authority corpus; not labeled broken without reliable target readback.
non_corpus_internal_target,UNKNOWN,https://fermatmind.com/zh/personality/enneagram/centers/head,https://fermatmind.com/zh/reliability-validity,footer,信度效度,UNKNOWN,Target is not in current authority corpus; not labeled broken without reliable target readback.
non_corpus_internal_target,UNKNOWN,https://fermatmind.com/zh/personality/enneagram/centers/head,https://fermatmind.com/zh/data-privacy,footer,数据说明,UNKNOWN,Target is not in current authority corpus; not labeled broken without reliable target readback.
non_corpus_internal_target,UNKNOWN,https://fermatmind.com/zh/personality/enneagram/centers/head,https://fermatmind.com/zh/common-misconceptions,footer,常见误区,UNKNOWN,Target is not in current authority corpus; not labeled broken without reliable target readback.
non_corpus_internal_target,UNKNOWN,https://fermatmind.com/zh/personality/enneagram/centers/heart,https://fermatmind.com/zh/tests?q=,header/navigation,,UNKNOWN,Target is not in current authority corpus; not labeled broken without reliable target readback.
non_corpus_internal_target,UNKNOWN,https://fermatmind.com/zh/personality/enneagram/centers/heart,https://fermatmind.com/zh/science,footer,测评科学,UNKNOWN,Target is not in current authority corpus; not labeled broken without reliable target readback.
non_corpus_internal_target,UNKNOWN,https://fermatmind.com/zh/personality/enneagram/centers/heart,https://fermatmind.com/zh/item-design-notes,footer,题目设计说明,UNKNOWN,Target is not in current authority corpus; not labeled broken without reliable target readback.
non_corpus_internal_target,UNKNOWN,https://fermatmind.com/zh/personality/enneagram/centers/heart,https://fermatmind.com/zh/reliability-validity,footer,信度效度,UNKNOWN,Target is not in current authority corpus; not labeled broken without reliable target readback.
non_corpus_internal_target,UNKNOWN,https://fermatmind.com/zh/personality/enneagram/centers/heart,https://fermatmind.com/zh/data-privacy,footer,数据说明,UNKNOWN,Target is not in current authority corpus; not labeled broken without reliable target readback.
non_corpus_internal_target,UNKNOWN,https://fermatmind.com/zh/personality/enneagram/centers/heart,https://fermatmind.com/zh/common-misconceptions,footer,常见误区,UNKNOWN,Target is not in current authority corpus; not labeled broken without reliable target readback.
non_corpus_internal_target,UNKNOWN,https://fermatmind.com/zh/personality/enneagram/type-1,https://fermatmind.com/zh/tests?q=,header/navigation,,UNKNOWN,Target is not in current authority corpus; not labeled broken without reliable target readback.
non_corpus_internal_target,UNKNOWN,https://fermatmind.com/zh/personality/enneagram/type-1,https://fermatmind.com/zh/science,footer,测评科学,UNKNOWN,Target is not in current authority corpus; not labeled broken without reliable target readback.
non_corpus_internal_target,UNKNOWN,https://fermatmind.com/zh/personality/enneagram/type-1,https://fermatmind.com/zh/item-design-notes,footer,题目设计说明,UNKNOWN,Target is not in current authority corpus; not labeled broken without reliable target readback.
non_corpus_internal_target,UNKNOWN,https://fermatmind.com/zh/personality/enneagram/type-1,https://fermatmind.com/zh/reliability-validity,footer,信度效度,UNKNOWN,Target is not in current authority corpus; not labeled broken without reliable target readback.
non_corpus_internal_target,UNKNOWN,https://fermatmind.com/zh/personality/enneagram/type-1,https://fermatmind.com/zh/data-privacy,footer,数据说明,UNKNOWN,Target is not in current authority corpus; not labeled broken without reliable target readback.
non_corpus_internal_target,UNKNOWN,https://fermatmind.com/zh/personality/enneagram/type-1,https://fermatmind.com/zh/common-misconceptions,footer,常见误区,UNKNOWN,Target is not in current authority corpus; not labeled broken without reliable target readback.
non_corpus_internal_target,UNKNOWN,https://fermatmind.com/zh/personality/enneagram/type-1/instincts/one-to-one,https://fermatmind.com/zh/tests?q=,header/navigation,,UNKNOWN,Target is not in current authority corpus; not labeled broken without reliable target readback.
non_corpus_internal_target,UNKNOWN,https://fermatmind.com/zh/personality/enneagram/type-1/instincts/one-to-one,https://fermatmind.com/zh/science,footer,测评科学,UNKNOWN,Target is not in current authority corpus; not labeled broken without reliable target readback.
non_corpus_internal_target,UNKNOWN,https://fermatmind.com/zh/personality/enneagram/type-1/instincts/one-to-one,https://fermatmind.com/zh/item-design-notes,footer,题目设计说明,UNKNOWN,Target is not in current authority corpus; not labeled broken without reliable target readback.
non_corpus_internal_target,UNKNOWN,https://fermatmind.com/zh/personality/enneagram/type-1/instincts/one-to-one,https://fermatmind.com/zh/reliability-validity,footer,信度效度,UNKNOWN,Target is not in current authority corpus; not labeled broken without reliable target readback.
non_corpus_internal_target,UNKNOWN,https://fermatmind.com/zh/personality/enneagram/type-1/instincts/one-to-one,https://fermatmind.com/zh/data-privacy,footer,数据说明,UNKNOWN,Target is not in current authority corpus; not labeled broken without reliable target readback.
non_corpus_internal_target,UNKNOWN,https://fermatmind.com/zh/personality/enneagram/type-1/instincts/one-to-one,https://fermatmind.com/zh/common-misconceptions,footer,常见误区,UNKNOWN,Target is not in current authority corpus; not labeled broken without reliable target readback.
non_corpus_internal_target,UNKNOWN,https://fermatmind.com/zh/personality/enneagram/type-1/instincts/self-preservation,https://fermatmind.com/zh/tests?q=,header/navigation,,UNKNOWN,Target is not in current authority corpus; not labeled broken without reliable target readback.
non_corpus_internal_target,UNKNOWN,https://fermatmind.com/zh/personality/enneagram/type-1/instincts/self-preservation,https://fermatmind.com/zh/science,footer,测评科学,UNKNOWN,Target is not in current authority corpus; not labeled broken without reliable target readback.
non_corpus_internal_target,UNKNOWN,https://fermatmind.com/zh/personality/enneagram/type-1/instincts/self-preservation,https://fermatmind.com/zh/item-design-notes,footer,题目设计说明,UNKNOWN,Target is not in current authority corpus; not labeled broken without reliable target readback.
non_corpus_internal_target,UNKNOWN,https://fermatmind.com/zh/personality/enneagram/type-1/instincts/self-preservation,https://fermatmind.com/zh/reliability-validity,footer,信度效度,UNKNOWN,Target is not in current authority corpus; not labeled broken without reliable target readback.
non_corpus_internal_target,UNKNOWN,https://fermatmind.com/zh/personality/enneagram/type-1/instincts/self-preservation,https://fermatmind.com/zh/data-privacy,footer,数据说明,UNKNOWN,Target is not in current authority corpus; not labeled broken without reliable target readback.
non_corpus_internal_target,UNKNOWN,https://fermatmind.com/zh/personality/enneagram/type-1/instincts/self-preservation,https://fermatmind.com/zh/common-misconceptions,footer,常见误区,UNKNOWN,Target is not in current authority corpus; not labeled broken without reliable target readback.
non_corpus_internal_target,UNKNOWN,https://fermatmind.com/zh/personality/enneagram/type-1/instincts/social,https://fermatmind.com/zh/tests?q=,header/navigation,,UNKNOWN,Target is not in current authority corpus; not labeled broken without reliable target readback.
non_corpus_internal_target,UNKNOWN,https://fermatmind.com/zh/personality/enneagram/type-1/instincts/social,https://fermatmind.com/zh/science,footer,测评科学,UNKNOWN,Target is not in current authority corpus; not labeled broken without reliable target readback.
non_corpus_internal_target,UNKNOWN,https://fermatmind.com/zh/personality/enneagram/type-1/instincts/social,https://fermatmind.com/zh/item-design-notes,footer,题目设计说明,UNKNOWN,Target is not in current authority corpus; not labeled broken without reliable target readback.
non_corpus_internal_target,UNKNOWN,https://fermatmind.com/zh/personality/enneagram/type-1/instincts/social,https://fermatmind.com/zh/reliability-validity,footer,信度效度,UNKNOWN,Target is not in current authority corpus; not labeled broken without reliable target readback.
non_corpus_internal_target,UNKNOWN,https://fermatmind.com/zh/personality/enneagram/type-1/instincts/social,https://fermatmind.com/zh/data-privacy,footer,数据说明,UNKNOWN,Target is not in current authority corpus; not labeled broken without reliable target readback.
non_corpus_internal_target,UNKNOWN,https://fermatmind.com/zh/personality/enneagram/type-1/instincts/social,https://fermatmind.com/zh/common-misconceptions,footer,常见误区,UNKNOWN,Target is not in current authority corpus; not labeled broken without reliable target readback.
non_corpus_internal_target,UNKNOWN,https://fermatmind.com/zh/personality/enneagram/type-2,https://fermatmind.com/zh/tests?q=,header/navigation,,UNKNOWN,Target is not in current authority corpus; not labeled broken without reliable target readback.
non_corpus_internal_target,UNKNOWN,https://fermatmind.com/zh/personality/enneagram/type-2,https://fermatmind.com/zh/science,footer,测评科学,UNKNOWN,Target is not in current authority corpus; not labeled broken without reliable target readback.
non_corpus_internal_target,UNKNOWN,https://fermatmind.com/zh/personality/enneagram/type-2,https://fermatmind.com/zh/item-design-notes,footer,题目设计说明,UNKNOWN,Target is not in current authority corpus; not labeled broken without reliable target readback.
non_corpus_internal_target,UNKNOWN,https://fermatmind.com/zh/personality/enneagram/type-2,https://fermatmind.com/zh/reliability-validity,footer,信度效度,UNKNOWN,Target is not in current authority corpus; not labeled broken without reliable target readback.
non_corpus_internal_target,UNKNOWN,https://fermatmind.com/zh/personality/enneagram/type-2,https://fermatmind.com/zh/data-privacy,footer,数据说明,UNKNOWN,Target is not in current authority corpus; not labeled broken without reliable target readback.
non_corpus_internal_target,UNKNOWN,https://fermatmind.com/zh/personality/enneagram/type-2,https://fermatmind.com/zh/common-misconceptions,footer,常见误区,UNKNOWN,Target is not in current authority corpus; not labeled broken without reliable target readback.
non_corpus_internal_target,UNKNOWN,https://fermatmind.com/zh/personality/enneagram/type-2/instincts/one-to-one,https://fermatmind.com/zh/tests?q=,header/navigation,,UNKNOWN,Target is not in current authority corpus; not labeled broken without reliable target readback.
non_corpus_internal_target,UNKNOWN,https://fermatmind.com/zh/personality/enneagram/type-2/instincts/one-to-one,https://fermatmind.com/zh/science,footer,测评科学,UNKNOWN,Target is not in current authority corpus; not labeled broken without reliable target readback.
non_corpus_internal_target,UNKNOWN,https://fermatmind.com/zh/personality/enneagram/type-2/instincts/one-to-one,https://fermatmind.com/zh/item-design-notes,footer,题目设计说明,UNKNOWN,Target is not in current authority corpus; not labeled broken without reliable target readback.
non_corpus_internal_target,UNKNOWN,https://fermatmind.com/zh/personality/enneagram/type-2/instincts/one-to-one,https://fermatmind.com/zh/reliability-validity,footer,信度效度,UNKNOWN,Target is not in current authority corpus; not labeled broken without reliable target readback.
non_corpus_internal_target,UNKNOWN,https://fermatmind.com/zh/personality/enneagram/type-2/instincts/one-to-one,https://fermatmind.com/zh/data-privacy,footer,数据说明,UNKNOWN,Target is not in current authority corpus; not labeled broken without reliable target readback.
non_corpus_internal_target,UNKNOWN,https://fermatmind.com/zh/personality/enneagram/type-2/instincts/one-to-one,https://fermatmind.com/zh/common-misconceptions,footer,常见误区,UNKNOWN,Target is not in current authority corpus; not labeled broken without reliable target readback.
non_corpus_internal_target,UNKNOWN,https://fermatmind.com/zh/personality/enneagram/type-2/instincts/self-preservation,https://fermatmind.com/zh/tests?q=,header/navigation,,UNKNOWN,Target is not in current authority corpus; not labeled broken without reliable target readback.
non_corpus_internal_target,UNKNOWN,https://fermatmind.com/zh/personality/enneagram/type-2/instincts/self-preservation,https://fermatmind.com/zh/science,footer,测评科学,UNKNOWN,Target is not in current authority corpus; not labeled broken without reliable target readback.
non_corpus_internal_target,UNKNOWN,https://fermatmind.com/zh/personality/enneagram/type-2/instincts/self-preservation,https://fermatmind.com/zh/item-design-notes,footer,题目设计说明,UNKNOWN,Target is not in current authority corpus; not labeled broken without reliable target readback.
non_corpus_internal_target,UNKNOWN,https://fermatmind.com/zh/personality/enneagram/type-2/instincts/self-preservation,https://fermatmind.com/zh/reliability-validity,footer,信度效度,UNKNOWN,Target is not in current authority corpus; not labeled broken without reliable target readback.
non_corpus_internal_target,UNKNOWN,https://fermatmind.com/zh/personality/enneagram/type-2/instincts/self-preservation,https://fermatmind.com/zh/data-privacy,footer,数据说明,UNKNOWN,Target is not in current authority corpus; not labeled broken without reliable target readback.
non_corpus_internal_target,UNKNOWN,https://fermatmind.com/zh/personality/enneagram/type-2/instincts/self-preservation,https://fermatmind.com/zh/common-misconceptions,footer,常见误区,UNKNOWN,Target is not in current authority corpus; not labeled broken without reliable target readback.
non_corpus_internal_target,UNKNOWN,https://fermatmind.com/zh/personality/enneagram/type-2/instincts/social,https://fermatmind.com/zh/tests?q=,header/navigation,,UNKNOWN,Target is not in current authority corpus; not labeled broken without reliable target readback.
non_corpus_internal_target,UNKNOWN,https://fermatmind.com/zh/personality/enneagram/type-2/instincts/social,https://fermatmind.com/zh/science,footer,测评科学,UNKNOWN,Target is not in current authority corpus; not labeled broken without reliable target readback.
non_corpus_internal_target,UNKNOWN,https://fermatmind.com/zh/personality/enneagram/type-2/instincts/social,https://fermatmind.com/zh/item-design-notes,footer,题目设计说明,UNKNOWN,Target is not in current authority corpus; not labeled broken without reliable target readback.
non_corpus_internal_target,UNKNOWN,https://fermatmind.com/zh/personality/enneagram/type-2/instincts/social,https://fermatmind.com/zh/reliability-validity,footer,信度效度,UNKNOWN,Target is not in current authority corpus; not labeled broken without reliable target readback.
non_corpus_internal_target,UNKNOWN,https://fermatmind.com/zh/personality/enneagram/type-2/instincts/social,https://fermatmind.com/zh/data-privacy,footer,数据说明,UNKNOWN,Target is not in current authority corpus; not labeled broken without reliable target readback.
non_corpus_internal_target,UNKNOWN,https://fermatmind.com/zh/personality/enneagram/type-2/instincts/social,https://fermatmind.com/zh/common-misconceptions,footer,常见误区,UNKNOWN,Target is not in current authority corpus; not labeled broken without reliable target readback.
non_corpus_internal_target,UNKNOWN,https://fermatmind.com/zh/personality/enneagram/type-3,https://fermatmind.com/zh/tests?q=,header/navigation,,UNKNOWN,Target is not in current authority corpus; not labeled broken without reliable target readback.
non_corpus_internal_target,UNKNOWN,https://fermatmind.com/zh/personality/enneagram/type-3,https://fermatmind.com/zh/science,footer,测评科学,UNKNOWN,Target is not in current authority corpus; not labeled broken without reliable target readback.
non_corpus_internal_target,UNKNOWN,https://fermatmind.com/zh/personality/enneagram/type-3,https://fermatmind.com/zh/item-design-notes,footer,题目设计说明,UNKNOWN,Target is not in current authority corpus; not labeled broken without reliable target readback.
non_corpus_internal_target,UNKNOWN,https://fermatmind.com/zh/personality/enneagram/type-3,https://fermatmind.com/zh/reliability-validity,footer,信度效度,UNKNOWN,Target is not in current authority corpus; not labeled broken without reliable target readback.
non_corpus_internal_target,UNKNOWN,https://fermatmind.com/zh/personality/enneagram/type-3,https://fermatmind.com/zh/data-privacy,footer,数据说明,UNKNOWN,Target is not in current authority corpus; not labeled broken without reliable target readback.
non_corpus_internal_target,UNKNOWN,https://fermatmind.com/zh/personality/enneagram/type-3,https://fermatmind.com/zh/common-misconceptions,footer,常见误区,UNKNOWN,Target is not in current authority corpus; not labeled broken without reliable target readback.
non_corpus_internal_target,UNKNOWN,https://fermatmind.com/zh/personality/enneagram/type-3/instincts/one-to-one,https://fermatmind.com/zh/tests?q=,header/navigation,,UNKNOWN,Target is not in current authority corpus; not labeled broken without reliable target readback.
non_corpus_internal_target,UNKNOWN,https://fermatmind.com/zh/personality/enneagram/type-3/instincts/one-to-one,https://fermatmind.com/zh/science,footer,测评科学,UNKNOWN,Target is not in current authority corpus; not labeled broken without reliable target readback.
non_corpus_internal_target,UNKNOWN,https://fermatmind.com/zh/personality/enneagram/type-3/instincts/one-to-one,https://fermatmind.com/zh/item-design-notes,footer,题目设计说明,UNKNOWN,Target is not in current authority corpus; not labeled broken without reliable target readback.
non_corpus_internal_target,UNKNOWN,https://fermatmind.com/zh/personality/enneagram/type-3/instincts/one-to-one,https://fermatmind.com/zh/reliability-validity,footer,信度效度,UNKNOWN,Target is not in current authority corpus; not labeled broken without reliable target readback.
non_corpus_internal_target,UNKNOWN,https://fermatmind.com/zh/personality/enneagram/type-3/instincts/one-to-one,https://fermatmind.com/zh/data-privacy,footer,数据说明,UNKNOWN,Target is not in current authority corpus; not labeled broken without reliable target readback.
non_corpus_internal_target,UNKNOWN,https://fermatmind.com/zh/personality/enneagram/type-3/instincts/one-to-one,https://fermatmind.com/zh/common-misconceptions,footer,常见误区,UNKNOWN,Target is not in current authority corpus; not labeled broken without reliable target readback.
non_corpus_internal_target,UNKNOWN,https://fermatmind.com/zh/personality/enneagram/type-3/instincts/self-preservation,https://fermatmind.com/zh/tests?q=,header/navigation,,UNKNOWN,Target is not in current authority corpus; not labeled broken without reliable target readback.
non_corpus_internal_target,UNKNOWN,https://fermatmind.com/zh/personality/enneagram/type-3/instincts/self-preservation,https://fermatmind.com/zh/science,footer,测评科学,UNKNOWN,Target is not in current authority corpus; not labeled broken without reliable target readback.
non_corpus_internal_target,UNKNOWN,https://fermatmind.com/zh/personality/enneagram/type-3/instincts/self-preservation,https://fermatmind.com/zh/item-design-notes,footer,题目设计说明,UNKNOWN,Target is not in current authority corpus; not labeled broken without reliable target readback.
non_corpus_internal_target,UNKNOWN,https://fermatmind.com/zh/personality/enneagram/type-3/instincts/self-preservation,https://fermatmind.com/zh/reliability-validity,footer,信度效度,UNKNOWN,Target is not in current authority corpus; not labeled broken without reliable target readback.
non_corpus_internal_target,UNKNOWN,https://fermatmind.com/zh/personality/enneagram/type-3/instincts/self-preservation,https://fermatmind.com/zh/data-privacy,footer,数据说明,UNKNOWN,Target is not in current authority corpus; not labeled broken without reliable target readback.
non_corpus_internal_target,UNKNOWN,https://fermatmind.com/zh/personality/enneagram/type-3/instincts/self-preservation,https://fermatmind.com/zh/common-misconceptions,footer,常见误区,UNKNOWN,Target is not in current authority corpus; not labeled broken without reliable target readback.
non_corpus_internal_target,UNKNOWN,https://fermatmind.com/zh/personality/enneagram/type-3/instincts/social,https://fermatmind.com/zh/tests?q=,header/navigation,,UNKNOWN,Target is not in current authority corpus; not labeled broken without reliable target readback.
non_corpus_internal_target,UNKNOWN,https://fermatmind.com/zh/personality/enneagram/type-3/instincts/social,https://fermatmind.com/zh/science,footer,测评科学,UNKNOWN,Target is not in current authority corpus; not labeled broken without reliable target readback.
non_corpus_internal_target,UNKNOWN,https://fermatmind.com/zh/personality/enneagram/type-3/instincts/social,https://fermatmind.com/zh/item-design-notes,footer,题目设计说明,UNKNOWN,Target is not in current authority corpus; not labeled broken without reliable target readback.
non_corpus_internal_target,UNKNOWN,https://fermatmind.com/zh/personality/enneagram/type-3/instincts/social,https://fermatmind.com/zh/reliability-validity,footer,信度效度,UNKNOWN,Target is not in current authority corpus; not labeled broken without reliable target readback.
non_corpus_internal_target,UNKNOWN,https://fermatmind.com/zh/personality/enneagram/type-3/instincts/social,https://fermatmind.com/zh/data-privacy,footer,数据说明,UNKNOWN,Target is not in current authority corpus; not labeled broken without reliable target readback.
non_corpus_internal_target,UNKNOWN,https://fermatmind.com/zh/personality/enneagram/type-3/instincts/social,https://fermatmind.com/zh/common-misconceptions,footer,常见误区,UNKNOWN,Target is not in current authority corpus; not labeled broken without reliable target readback.
non_corpus_internal_target,UNKNOWN,https://fermatmind.com/zh/personality/enneagram/type-4,https://fermatmind.com/zh/tests?q=,header/navigation,,UNKNOWN,Target is not in current authority corpus; not labeled broken without reliable target readback.
non_corpus_internal_target,UNKNOWN,https://fermatmind.com/zh/personality/enneagram/type-4,https://fermatmind.com/zh/science,footer,测评科学,UNKNOWN,Target is not in current authority corpus; not labeled broken without reliable target readback.
non_corpus_internal_target,UNKNOWN,https://fermatmind.com/zh/personality/enneagram/type-4,https://fermatmind.com/zh/item-design-notes,footer,题目设计说明,UNKNOWN,Target is not in current authority corpus; not labeled broken without reliable target readback.
non_corpus_internal_target,UNKNOWN,https://fermatmind.com/zh/personality/enneagram/type-4,https://fermatmind.com/zh/reliability-validity,footer,信度效度,UNKNOWN,Target is not in current authority corpus; not labeled broken without reliable target readback.
non_corpus_internal_target,UNKNOWN,https://fermatmind.com/zh/personality/enneagram/type-4,https://fermatmind.com/zh/data-privacy,footer,数据说明,UNKNOWN,Target is not in current authority corpus; not labeled broken without reliable target readback.
non_corpus_internal_target,UNKNOWN,https://fermatmind.com/zh/personality/enneagram/type-4,https://fermatmind.com/zh/common-misconceptions,footer,常见误区,UNKNOWN,Target is not in current authority corpus; not labeled broken without reliable target readback.
non_corpus_internal_target,UNKNOWN,https://fermatmind.com/zh/personality/enneagram/type-4/instincts/one-to-one,https://fermatmind.com/zh/tests?q=,header/navigation,,UNKNOWN,Target is not in current authority corpus; not labeled broken without reliable target readback.
non_corpus_internal_target,UNKNOWN,https://fermatmind.com/zh/personality/enneagram/type-4/instincts/one-to-one,https://fermatmind.com/zh/science,footer,测评科学,UNKNOWN,Target is not in current authority corpus; not labeled broken without reliable target readback.
non_corpus_internal_target,UNKNOWN,https://fermatmind.com/zh/personality/enneagram/type-4/instincts/one-to-one,https://fermatmind.com/zh/item-design-notes,footer,题目设计说明,UNKNOWN,Target is not in current authority corpus; not labeled broken without reliable target readback.
non_corpus_internal_target,UNKNOWN,https://fermatmind.com/zh/personality/enneagram/type-4/instincts/one-to-one,https://fermatmind.com/zh/reliability-validity,footer,信度效度,UNKNOWN,Target is not in current authority corpus; not labeled broken without reliable target readback.
non_corpus_internal_target,UNKNOWN,https://fermatmind.com/zh/personality/enneagram/type-4/instincts/one-to-one,https://fermatmind.com/zh/data-privacy,footer,数据说明,UNKNOWN,Target is not in current authority corpus; not labeled broken without reliable target readback.
non_corpus_internal_target,UNKNOWN,https://fermatmind.com/zh/personality/enneagram/type-4/instincts/one-to-one,https://fermatmind.com/zh/common-misconceptions,footer,常见误区,UNKNOWN,Target is not in current authority corpus; not labeled broken without reliable target readback.
non_corpus_internal_target,UNKNOWN,https://fermatmind.com/zh/personality/enneagram/type-4/instincts/self-preservation,https://fermatmind.com/zh/tests?q=,header/navigation,,UNKNOWN,Target is not in current authority corpus; not labeled broken without reliable target readback.
non_corpus_internal_target,UNKNOWN,https://fermatmind.com/zh/personality/enneagram/type-4/instincts/self-preservation,https://fermatmind.com/zh/science,footer,测评科学,UNKNOWN,Target is not in current authority corpus; not labeled broken without reliable target readback.
non_corpus_internal_target,UNKNOWN,https://fermatmind.com/zh/personality/enneagram/type-4/instincts/self-preservation,https://fermatmind.com/zh/item-design-notes,footer,题目设计说明,UNKNOWN,Target is not in current authority corpus; not labeled broken without reliable target readback.
non_corpus_internal_target,UNKNOWN,https://fermatmind.com/zh/personality/enneagram/type-4/instincts/self-preservation,https://fermatmind.com/zh/reliability-validity,footer,信度效度,UNKNOWN,Target is not in current authority corpus; not labeled broken without reliable target readback.
non_corpus_internal_target,UNKNOWN,https://fermatmind.com/zh/personality/enneagram/type-4/instincts/self-preservation,https://fermatmind.com/zh/data-privacy,footer,数据说明,UNKNOWN,Target is not in current authority corpus; not labeled broken without reliable target readback.
non_corpus_internal_target,UNKNOWN,https://fermatmind.com/zh/personality/enneagram/type-4/instincts/self-preservation,https://fermatmind.com/zh/common-misconceptions,footer,常见误区,UNKNOWN,Target is not in current authority corpus; not labeled broken without reliable target readback.
non_corpus_internal_target,UNKNOWN,https://fermatmind.com/zh/personality/enneagram/type-4/instincts/social,https://fermatmind.com/zh/tests?q=,header/navigation,,UNKNOWN,Target is not in current authority corpus; not labeled broken without reliable target readback.
non_corpus_internal_target,UNKNOWN,https://fermatmind.com/zh/personality/enneagram/type-4/instincts/social,https://fermatmind.com/zh/science,footer,测评科学,UNKNOWN,Target is not in current authority corpus; not labeled broken without reliable target readback.
non_corpus_internal_target,UNKNOWN,https://fermatmind.com/zh/personality/enneagram/type-4/instincts/social,https://fermatmind.com/zh/item-design-notes,footer,题目设计说明,UNKNOWN,Target is not in current authority corpus; not labeled broken without reliable target readback.
non_corpus_internal_target,UNKNOWN,https://fermatmind.com/zh/personality/enneagram/type-4/instincts/social,https://fermatmind.com/zh/reliability-validity,footer,信度效度,UNKNOWN,Target is not in current authority corpus; not labeled broken without reliable target readback.
non_corpus_internal_target,UNKNOWN,https://fermatmind.com/zh/personality/enneagram/type-4/instincts/social,https://fermatmind.com/zh/data-privacy,footer,数据说明,UNKNOWN,Target is not in current authority corpus; not labeled broken without reliable target readback.
non_corpus_internal_target,UNKNOWN,https://fermatmind.com/zh/personality/enneagram/type-4/instincts/social,https://fermatmind.com/zh/common-misconceptions,footer,常见误区,UNKNOWN,Target is not in current authority corpus; not labeled broken without reliable target readback.
non_corpus_internal_target,UNKNOWN,https://fermatmind.com/zh/personality/enneagram/type-5,https://fermatmind.com/zh/tests?q=,header/navigation,,UNKNOWN,Target is not in current authority corpus; not labeled broken without reliable target readback.
non_corpus_internal_target,UNKNOWN,https://fermatmind.com/zh/personality/enneagram/type-5,https://fermatmind.com/zh/science,footer,测评科学,UNKNOWN,Target is not in current authority corpus; not labeled broken without reliable target readback.
non_corpus_internal_target,UNKNOWN,https://fermatmind.com/zh/personality/enneagram/type-5,https://fermatmind.com/zh/item-design-notes,footer,题目设计说明,UNKNOWN,Target is not in current authority corpus; not labeled broken without reliable target readback.
non_corpus_internal_target,UNKNOWN,https://fermatmind.com/zh/personality/enneagram/type-5,https://fermatmind.com/zh/reliability-validity,footer,信度效度,UNKNOWN,Target is not in current authority corpus; not labeled broken without reliable target readback.
non_corpus_internal_target,UNKNOWN,https://fermatmind.com/zh/personality/enneagram/type-5,https://fermatmind.com/zh/data-privacy,footer,数据说明,UNKNOWN,Target is not in current authority corpus; not labeled broken without reliable target readback.
non_corpus_internal_target,UNKNOWN,https://fermatmind.com/zh/personality/enneagram/type-5,https://fermatmind.com/zh/common-misconceptions,footer,常见误区,UNKNOWN,Target is not in current authority corpus; not labeled broken without reliable target readback.
non_corpus_internal_target,UNKNOWN,https://fermatmind.com/zh/personality/enneagram/type-5/instincts/one-to-one,https://fermatmind.com/zh/tests?q=,header/navigation,,UNKNOWN,Target is not in current authority corpus; not labeled broken without reliable target readback.
non_corpus_internal_target,UNKNOWN,https://fermatmind.com/zh/personality/enneagram/type-5/instincts/one-to-one,https://fermatmind.com/zh/science,footer,测评科学,UNKNOWN,Target is not in current authority corpus; not labeled broken without reliable target readback.
non_corpus_internal_target,UNKNOWN,https://fermatmind.com/zh/personality/enneagram/type-5/instincts/one-to-one,https://fermatmind.com/zh/item-design-notes,footer,题目设计说明,UNKNOWN,Target is not in current authority corpus; not labeled broken without reliable target readback.
non_corpus_internal_target,UNKNOWN,https://fermatmind.com/zh/personality/enneagram/type-5/instincts/one-to-one,https://fermatmind.com/zh/reliability-validity,footer,信度效度,UNKNOWN,Target is not in current authority corpus; not labeled broken without reliable target readback.
non_corpus_internal_target,UNKNOWN,https://fermatmind.com/zh/personality/enneagram/type-5/instincts/one-to-one,https://fermatmind.com/zh/data-privacy,footer,数据说明,UNKNOWN,Target is not in current authority corpus; not labeled broken without reliable target readback.
non_corpus_internal_target,UNKNOWN,https://fermatmind.com/zh/personality/enneagram/type-5/instincts/one-to-one,https://fermatmind.com/zh/common-misconceptions,footer,常见误区,UNKNOWN,Target is not in current authority corpus; not labeled broken without reliable target readback.
non_corpus_internal_target,UNKNOWN,https://fermatmind.com/zh/personality/enneagram/type-5/instincts/self-preservation,https://fermatmind.com/zh/tests?q=,header/navigation,,UNKNOWN,Target is not in current authority corpus; not labeled broken without reliable target readback.
non_corpus_internal_target,UNKNOWN,https://fermatmind.com/zh/personality/enneagram/type-5/instincts/self-preservation,https://fermatmind.com/zh/science,footer,测评科学,UNKNOWN,Target is not in current authority corpus; not labeled broken without reliable target readback.
non_corpus_internal_target,UNKNOWN,https://fermatmind.com/zh/personality/enneagram/type-5/instincts/self-preservation,https://fermatmind.com/zh/item-design-notes,footer,题目设计说明,UNKNOWN,Target is not in current authority corpus; not labeled broken without reliable target readback.
non_corpus_internal_target,UNKNOWN,https://fermatmind.com/zh/personality/enneagram/type-5/instincts/self-preservation,https://fermatmind.com/zh/reliability-validity,footer,信度效度,UNKNOWN,Target is not in current authority corpus; not labeled broken without reliable target readback.
non_corpus_internal_target,UNKNOWN,https://fermatmind.com/zh/personality/enneagram/type-5/instincts/self-preservation,https://fermatmind.com/zh/data-privacy,footer,数据说明,UNKNOWN,Target is not in current authority corpus; not labeled broken without reliable target readback.
non_corpus_internal_target,UNKNOWN,https://fermatmind.com/zh/personality/enneagram/type-5/instincts/self-preservation,https://fermatmind.com/zh/common-misconceptions,footer,常见误区,UNKNOWN,Target is not in current authority corpus; not labeled broken without reliable target readback.
non_corpus_internal_target,UNKNOWN,https://fermatmind.com/zh/personality/enneagram/type-5/instincts/social,https://fermatmind.com/zh/tests?q=,header/navigation,,UNKNOWN,Target is not in current authority corpus; not labeled broken without reliable target readback.
non_corpus_internal_target,UNKNOWN,https://fermatmind.com/zh/personality/enneagram/type-5/instincts/social,https://fermatmind.com/zh/science,footer,测评科学,UNKNOWN,Target is not in current authority corpus; not labeled broken without reliable target readback.
non_corpus_internal_target,UNKNOWN,https://fermatmind.com/zh/personality/enneagram/type-5/instincts/social,https://fermatmind.com/zh/item-design-notes,footer,题目设计说明,UNKNOWN,Target is not in current authority corpus; not labeled broken without reliable target readback.
non_corpus_internal_target,UNKNOWN,https://fermatmind.com/zh/personality/enneagram/type-5/instincts/social,https://fermatmind.com/zh/reliability-validity,footer,信度效度,UNKNOWN,Target is not in current authority corpus; not labeled broken without reliable target readback.
non_corpus_internal_target,UNKNOWN,https://fermatmind.com/zh/personality/enneagram/type-5/instincts/social,https://fermatmind.com/zh/data-privacy,footer,数据说明,UNKNOWN,Target is not in current authority corpus; not labeled broken without reliable target readback.
non_corpus_internal_target,UNKNOWN,https://fermatmind.com/zh/personality/enneagram/type-5/instincts/social,https://fermatmind.com/zh/common-misconceptions,footer,常见误区,UNKNOWN,Target is not in current authority corpus; not labeled broken without reliable target readback.
non_corpus_internal_target,UNKNOWN,https://fermatmind.com/zh/personality/enneagram/type-6,https://fermatmind.com/zh/tests?q=,header/navigation,,UNKNOWN,Target is not in current authority corpus; not labeled broken without reliable target readback.
non_corpus_internal_target,UNKNOWN,https://fermatmind.com/zh/personality/enneagram/type-6,https://fermatmind.com/zh/science,footer,测评科学,UNKNOWN,Target is not in current authority corpus; not labeled broken without reliable target readback.
non_corpus_internal_target,UNKNOWN,https://fermatmind.com/zh/personality/enneagram/type-6,https://fermatmind.com/zh/item-design-notes,footer,题目设计说明,UNKNOWN,Target is not in current authority corpus; not labeled broken without reliable target readback.
non_corpus_internal_target,UNKNOWN,https://fermatmind.com/zh/personality/enneagram/type-6,https://fermatmind.com/zh/reliability-validity,footer,信度效度,UNKNOWN,Target is not in current authority corpus; not labeled broken without reliable target readback.
non_corpus_internal_target,UNKNOWN,https://fermatmind.com/zh/personality/enneagram/type-6,https://fermatmind.com/zh/data-privacy,footer,数据说明,UNKNOWN,Target is not in current authority corpus; not labeled broken without reliable target readback.
non_corpus_internal_target,UNKNOWN,https://fermatmind.com/zh/personality/enneagram/type-6,https://fermatmind.com/zh/common-misconceptions,footer,常见误区,UNKNOWN,Target is not in current authority corpus; not labeled broken without reliable target readback.
non_corpus_internal_target,UNKNOWN,https://fermatmind.com/zh/personality/enneagram/type-6/instincts/one-to-one,https://fermatmind.com/zh/tests?q=,header/navigation,,UNKNOWN,Target is not in current authority corpus; not labeled broken without reliable target readback.
non_corpus_internal_target,UNKNOWN,https://fermatmind.com/zh/personality/enneagram/type-6/instincts/one-to-one,https://fermatmind.com/zh/science,footer,测评科学,UNKNOWN,Target is not in current authority corpus; not labeled broken without reliable target readback.
non_corpus_internal_target,UNKNOWN,https://fermatmind.com/zh/personality/enneagram/type-6/instincts/one-to-one,https://fermatmind.com/zh/item-design-notes,footer,题目设计说明,UNKNOWN,Target is not in current authority corpus; not labeled broken without reliable target readback.
non_corpus_internal_target,UNKNOWN,https://fermatmind.com/zh/personality/enneagram/type-6/instincts/one-to-one,https://fermatmind.com/zh/reliability-validity,footer,信度效度,UNKNOWN,Target is not in current authority corpus; not labeled broken without reliable target readback.
non_corpus_internal_target,UNKNOWN,https://fermatmind.com/zh/personality/enneagram/type-6/instincts/one-to-one,https://fermatmind.com/zh/data-privacy,footer,数据说明,UNKNOWN,Target is not in current authority corpus; not labeled broken without reliable target readback.
non_corpus_internal_target,UNKNOWN,https://fermatmind.com/zh/personality/enneagram/type-6/instincts/one-to-one,https://fermatmind.com/zh/common-misconceptions,footer,常见误区,UNKNOWN,Target is not in current authority corpus; not labeled broken without reliable target readback.
non_corpus_internal_target,UNKNOWN,https://fermatmind.com/zh/personality/enneagram/type-6/instincts/self-preservation,https://fermatmind.com/zh/tests?q=,header/navigation,,UNKNOWN,Target is not in current authority corpus; not labeled broken without reliable target readback.
non_corpus_internal_target,UNKNOWN,https://fermatmind.com/zh/personality/enneagram/type-6/instincts/self-preservation,https://fermatmind.com/zh/science,footer,测评科学,UNKNOWN,Target is not in current authority corpus; not labeled broken without reliable target readback.
non_corpus_internal_target,UNKNOWN,https://fermatmind.com/zh/personality/enneagram/type-6/instincts/self-preservation,https://fermatmind.com/zh/item-design-notes,footer,题目设计说明,UNKNOWN,Target is not in current authority corpus; not labeled broken without reliable target readback.
non_corpus_internal_target,UNKNOWN,https://fermatmind.com/zh/personality/enneagram/type-6/instincts/self-preservation,https://fermatmind.com/zh/reliability-validity,footer,信度效度,UNKNOWN,Target is not in current authority corpus; not labeled broken without reliable target readback.
non_corpus_internal_target,UNKNOWN,https://fermatmind.com/zh/personality/enneagram/type-6/instincts/self-preservation,https://fermatmind.com/zh/data-privacy,footer,数据说明,UNKNOWN,Target is not in current authority corpus; not labeled broken without reliable target readback.
non_corpus_internal_target,UNKNOWN,https://fermatmind.com/zh/personality/enneagram/type-6/instincts/self-preservation,https://fermatmind.com/zh/common-misconceptions,footer,常见误区,UNKNOWN,Target is not in current authority corpus; not labeled broken without reliable target readback.
non_corpus_internal_target,UNKNOWN,https://fermatmind.com/zh/personality/enneagram/type-6/instincts/social,https://fermatmind.com/zh/tests?q=,header/navigation,,UNKNOWN,Target is not in current authority corpus; not labeled broken without reliable target readback.
non_corpus_internal_target,UNKNOWN,https://fermatmind.com/zh/personality/enneagram/type-6/instincts/social,https://fermatmind.com/zh/science,footer,测评科学,UNKNOWN,Target is not in current authority corpus; not labeled broken without reliable target readback.
non_corpus_internal_target,UNKNOWN,https://fermatmind.com/zh/personality/enneagram/type-6/instincts/social,https://fermatmind.com/zh/item-design-notes,footer,题目设计说明,UNKNOWN,Target is not in current authority corpus; not labeled broken without reliable target readback.
non_corpus_internal_target,UNKNOWN,https://fermatmind.com/zh/personality/enneagram/type-6/instincts/social,https://fermatmind.com/zh/reliability-validity,footer,信度效度,UNKNOWN,Target is not in current authority corpus; not labeled broken without reliable target readback.
non_corpus_internal_target,UNKNOWN,https://fermatmind.com/zh/personality/enneagram/type-6/instincts/social,https://fermatmind.com/zh/data-privacy,footer,数据说明,UNKNOWN,Target is not in current authority corpus; not labeled broken without reliable target readback.
non_corpus_internal_target,UNKNOWN,https://fermatmind.com/zh/personality/enneagram/type-6/instincts/social,https://fermatmind.com/zh/common-misconceptions,footer,常见误区,UNKNOWN,Target is not in current authority corpus; not labeled broken without reliable target readback.
non_corpus_internal_target,UNKNOWN,https://fermatmind.com/zh/personality/enneagram/type-7,https://fermatmind.com/zh/tests?q=,header/navigation,,UNKNOWN,Target is not in current authority corpus; not labeled broken without reliable target readback.
non_corpus_internal_target,UNKNOWN,https://fermatmind.com/zh/personality/enneagram/type-7,https://fermatmind.com/zh/science,footer,测评科学,UNKNOWN,Target is not in current authority corpus; not labeled broken without reliable target readback.
non_corpus_internal_target,UNKNOWN,https://fermatmind.com/zh/personality/enneagram/type-7,https://fermatmind.com/zh/item-design-notes,footer,题目设计说明,UNKNOWN,Target is not in current authority corpus; not labeled broken without reliable target readback.
non_corpus_internal_target,UNKNOWN,https://fermatmind.com/zh/personality/enneagram/type-7,https://fermatmind.com/zh/reliability-validity,footer,信度效度,UNKNOWN,Target is not in current authority corpus; not labeled broken without reliable target readback.
non_corpus_internal_target,UNKNOWN,https://fermatmind.com/zh/personality/enneagram/type-7,https://fermatmind.com/zh/data-privacy,footer,数据说明,UNKNOWN,Target is not in current authority corpus; not labeled broken without reliable target readback.
non_corpus_internal_target,UNKNOWN,https://fermatmind.com/zh/personality/enneagram/type-7,https://fermatmind.com/zh/common-misconceptions,footer,常见误区,UNKNOWN,Target is not in current authority corpus; not labeled broken without reliable target readback.
non_corpus_internal_target,UNKNOWN,https://fermatmind.com/zh/personality/enneagram/type-7/instincts/one-to-one,https://fermatmind.com/zh/tests?q=,header/navigation,,UNKNOWN,Target is not in current authority corpus; not labeled broken without reliable target readback.
non_corpus_internal_target,UNKNOWN,https://fermatmind.com/zh/personality/enneagram/type-7/instincts/one-to-one,https://fermatmind.com/zh/science,footer,测评科学,UNKNOWN,Target is not in current authority corpus; not labeled broken without reliable target readback.
non_corpus_internal_target,UNKNOWN,https://fermatmind.com/zh/personality/enneagram/type-7/instincts/one-to-one,https://fermatmind.com/zh/item-design-notes,footer,题目设计说明,UNKNOWN,Target is not in current authority corpus; not labeled broken without reliable target readback.
non_corpus_internal_target,UNKNOWN,https://fermatmind.com/zh/personality/enneagram/type-7/instincts/one-to-one,https://fermatmind.com/zh/reliability-validity,footer,信度效度,UNKNOWN,Target is not in current authority corpus; not labeled broken without reliable target readback.
non_corpus_internal_target,UNKNOWN,https://fermatmind.com/zh/personality/enneagram/type-7/instincts/one-to-one,https://fermatmind.com/zh/data-privacy,footer,数据说明,UNKNOWN,Target is not in current authority corpus; not labeled broken without reliable target readback.
non_corpus_internal_target,UNKNOWN,https://fermatmind.com/zh/personality/enneagram/type-7/instincts/one-to-one,https://fermatmind.com/zh/common-misconceptions,footer,常见误区,UNKNOWN,Target is not in current authority corpus; not labeled broken without reliable target readback.
non_corpus_internal_target,UNKNOWN,https://fermatmind.com/zh/personality/enneagram/type-7/instincts/self-preservation,https://fermatmind.com/zh/tests?q=,header/navigation,,UNKNOWN,Target is not in current authority corpus; not labeled broken without reliable target readback.
non_corpus_internal_target,UNKNOWN,https://fermatmind.com/zh/personality/enneagram/type-7/instincts/self-preservation,https://fermatmind.com/zh/science,footer,测评科学,UNKNOWN,Target is not in current authority corpus; not labeled broken without reliable target readback.
non_corpus_internal_target,UNKNOWN,https://fermatmind.com/zh/personality/enneagram/type-7/instincts/self-preservation,https://fermatmind.com/zh/item-design-notes,footer,题目设计说明,UNKNOWN,Target is not in current authority corpus; not labeled broken without reliable target readback.
non_corpus_internal_target,UNKNOWN,https://fermatmind.com/zh/personality/enneagram/type-7/instincts/self-preservation,https://fermatmind.com/zh/reliability-validity,footer,信度效度,UNKNOWN,Target is not in current authority corpus; not labeled broken without reliable target readback.
non_corpus_internal_target,UNKNOWN,https://fermatmind.com/zh/personality/enneagram/type-7/instincts/self-preservation,https://fermatmind.com/zh/data-privacy,footer,数据说明,UNKNOWN,Target is not in current authority corpus; not labeled broken without reliable target readback.
non_corpus_internal_target,UNKNOWN,https://fermatmind.com/zh/personality/enneagram/type-7/instincts/self-preservation,https://fermatmind.com/zh/common-misconceptions,footer,常见误区,UNKNOWN,Target is not in current authority corpus; not labeled broken without reliable target readback.
non_corpus_internal_target,UNKNOWN,https://fermatmind.com/zh/personality/enneagram/type-7/instincts/social,https://fermatmind.com/zh/tests?q=,header/navigation,,UNKNOWN,Target is not in current authority corpus; not labeled broken without reliable target readback.
non_corpus_internal_target,UNKNOWN,https://fermatmind.com/zh/personality/enneagram/type-7/instincts/social,https://fermatmind.com/zh/science,footer,测评科学,UNKNOWN,Target is not in current authority corpus; not labeled broken without reliable target readback.
non_corpus_internal_target,UNKNOWN,https://fermatmind.com/zh/personality/enneagram/type-7/instincts/social,https://fermatmind.com/zh/item-design-notes,footer,题目设计说明,UNKNOWN,Target is not in current authority corpus; not labeled broken without reliable target readback.
non_corpus_internal_target,UNKNOWN,https://fermatmind.com/zh/personality/enneagram/type-7/instincts/social,https://fermatmind.com/zh/reliability-validity,footer,信度效度,UNKNOWN,Target is not in current authority corpus; not labeled broken without reliable target readback.
non_corpus_internal_target,UNKNOWN,https://fermatmind.com/zh/personality/enneagram/type-7/instincts/social,https://fermatmind.com/zh/data-privacy,footer,数据说明,UNKNOWN,Target is not in current authority corpus; not labeled broken without reliable target readback.
non_corpus_internal_target,UNKNOWN,https://fermatmind.com/zh/personality/enneagram/type-7/instincts/social,https://fermatmind.com/zh/common-misconceptions,footer,常见误区,UNKNOWN,Target is not in current authority corpus; not labeled broken without reliable target readback.
non_corpus_internal_target,UNKNOWN,https://fermatmind.com/zh/personality/enneagram/type-8,https://fermatmind.com/zh/tests?q=,header/navigation,,UNKNOWN,Target is not in current authority corpus; not labeled broken without reliable target readback.
non_corpus_internal_target,UNKNOWN,https://fermatmind.com/zh/personality/enneagram/type-8,https://fermatmind.com/zh/science,footer,测评科学,UNKNOWN,Target is not in current authority corpus; not labeled broken without reliable target readback.
non_corpus_internal_target,UNKNOWN,https://fermatmind.com/zh/personality/enneagram/type-8,https://fermatmind.com/zh/item-design-notes,footer,题目设计说明,UNKNOWN,Target is not in current authority corpus; not labeled broken without reliable target readback.
non_corpus_internal_target,UNKNOWN,https://fermatmind.com/zh/personality/enneagram/type-8,https://fermatmind.com/zh/reliability-validity,footer,信度效度,UNKNOWN,Target is not in current authority corpus; not labeled broken without reliable target readback.
non_corpus_internal_target,UNKNOWN,https://fermatmind.com/zh/personality/enneagram/type-8,https://fermatmind.com/zh/data-privacy,footer,数据说明,UNKNOWN,Target is not in current authority corpus; not labeled broken without reliable target readback.
non_corpus_internal_target,UNKNOWN,https://fermatmind.com/zh/personality/enneagram/type-8,https://fermatmind.com/zh/common-misconceptions,footer,常见误区,UNKNOWN,Target is not in current authority corpus; not labeled broken without reliable target readback.
non_corpus_internal_target,UNKNOWN,https://fermatmind.com/zh/personality/enneagram/type-8/instincts/one-to-one,https://fermatmind.com/zh/tests?q=,header/navigation,,UNKNOWN,Target is not in current authority corpus; not labeled broken without reliable target readback.
non_corpus_internal_target,UNKNOWN,https://fermatmind.com/zh/personality/enneagram/type-8/instincts/one-to-one,https://fermatmind.com/zh/science,footer,测评科学,UNKNOWN,Target is not in current authority corpus; not labeled broken without reliable target readback.
non_corpus_internal_target,UNKNOWN,https://fermatmind.com/zh/personality/enneagram/type-8/instincts/one-to-one,https://fermatmind.com/zh/item-design-notes,footer,题目设计说明,UNKNOWN,Target is not in current authority corpus; not labeled broken without reliable target readback.
non_corpus_internal_target,UNKNOWN,https://fermatmind.com/zh/personality/enneagram/type-8/instincts/one-to-one,https://fermatmind.com/zh/reliability-validity,footer,信度效度,UNKNOWN,Target is not in current authority corpus; not labeled broken without reliable target readback.
non_corpus_internal_target,UNKNOWN,https://fermatmind.com/zh/personality/enneagram/type-8/instincts/one-to-one,https://fermatmind.com/zh/data-privacy,footer,数据说明,UNKNOWN,Target is not in current authority corpus; not labeled broken without reliable target readback.
non_corpus_internal_target,UNKNOWN,https://fermatmind.com/zh/personality/enneagram/type-8/instincts/one-to-one,https://fermatmind.com/zh/common-misconceptions,footer,常见误区,UNKNOWN,Target is not in current authority corpus; not labeled broken without reliable target readback.
non_corpus_internal_target,UNKNOWN,https://fermatmind.com/zh/personality/enneagram/type-8/instincts/self-preservation,https://fermatmind.com/zh/tests?q=,header/navigation,,UNKNOWN,Target is not in current authority corpus; not labeled broken without reliable target readback.
non_corpus_internal_target,UNKNOWN,https://fermatmind.com/zh/personality/enneagram/type-8/instincts/self-preservation,https://fermatmind.com/zh/science,footer,测评科学,UNKNOWN,Target is not in current authority corpus; not labeled broken without reliable target readback.
non_corpus_internal_target,UNKNOWN,https://fermatmind.com/zh/personality/enneagram/type-8/instincts/self-preservation,https://fermatmind.com/zh/item-design-notes,footer,题目设计说明,UNKNOWN,Target is not in current authority corpus; not labeled broken without reliable target readback.
non_corpus_internal_target,UNKNOWN,https://fermatmind.com/zh/personality/enneagram/type-8/instincts/self-preservation,https://fermatmind.com/zh/reliability-validity,footer,信度效度,UNKNOWN,Target is not in current authority corpus; not labeled broken without reliable target readback.
non_corpus_internal_target,UNKNOWN,https://fermatmind.com/zh/personality/enneagram/type-8/instincts/self-preservation,https://fermatmind.com/zh/data-privacy,footer,数据说明,UNKNOWN,Target is not in current authority corpus; not labeled broken without reliable target readback.
non_corpus_internal_target,UNKNOWN,https://fermatmind.com/zh/personality/enneagram/type-8/instincts/self-preservation,https://fermatmind.com/zh/common-misconceptions,footer,常见误区,UNKNOWN,Target is not in current authority corpus; not labeled broken without reliable target readback.
non_corpus_internal_target,UNKNOWN,https://fermatmind.com/zh/personality/enneagram/type-8/instincts/social,https://fermatmind.com/zh/tests?q=,header/navigation,,UNKNOWN,Target is not in current authority corpus; not labeled broken without reliable target readback.
non_corpus_internal_target,UNKNOWN,https://fermatmind.com/zh/personality/enneagram/type-8/instincts/social,https://fermatmind.com/zh/science,footer,测评科学,UNKNOWN,Target is not in current authority corpus; not labeled broken without reliable target readback.
non_corpus_internal_target,UNKNOWN,https://fermatmind.com/zh/personality/enneagram/type-8/instincts/social,https://fermatmind.com/zh/item-design-notes,footer,题目设计说明,UNKNOWN,Target is not in current authority corpus; not labeled broken without reliable target readback.
non_corpus_internal_target,UNKNOWN,https://fermatmind.com/zh/personality/enneagram/type-8/instincts/social,https://fermatmind.com/zh/reliability-validity,footer,信度效度,UNKNOWN,Target is not in current authority corpus; not labeled broken without reliable target readback.
non_corpus_internal_target,UNKNOWN,https://fermatmind.com/zh/personality/enneagram/type-8/instincts/social,https://fermatmind.com/zh/data-privacy,footer,数据说明,UNKNOWN,Target is not in current authority corpus; not labeled broken without reliable target readback.
non_corpus_internal_target,UNKNOWN,https://fermatmind.com/zh/personality/enneagram/type-8/instincts/social,https://fermatmind.com/zh/common-misconceptions,footer,常见误区,UNKNOWN,Target is not in current authority corpus; not labeled broken without reliable target readback.
non_corpus_internal_target,UNKNOWN,https://fermatmind.com/zh/personality/enneagram/type-9,https://fermatmind.com/zh/tests?q=,header/navigation,,UNKNOWN,Target is not in current authority corpus; not labeled broken without reliable target readback.
non_corpus_internal_target,UNKNOWN,https://fermatmind.com/zh/personality/enneagram/type-9,https://fermatmind.com/zh/science,footer,测评科学,UNKNOWN,Target is not in current authority corpus; not labeled broken without reliable target readback.
non_corpus_internal_target,UNKNOWN,https://fermatmind.com/zh/personality/enneagram/type-9,https://fermatmind.com/zh/item-design-notes,footer,题目设计说明,UNKNOWN,Target is not in current authority corpus; not labeled broken without reliable target readback.
non_corpus_internal_target,UNKNOWN,https://fermatmind.com/zh/personality/enneagram/type-9,https://fermatmind.com/zh/reliability-validity,footer,信度效度,UNKNOWN,Target is not in current authority corpus; not labeled broken without reliable target readback.
non_corpus_internal_target,UNKNOWN,https://fermatmind.com/zh/personality/enneagram/type-9,https://fermatmind.com/zh/data-privacy,footer,数据说明,UNKNOWN,Target is not in current authority corpus; not labeled broken without reliable target readback.
non_corpus_internal_target,UNKNOWN,https://fermatmind.com/zh/personality/enneagram/type-9,https://fermatmind.com/zh/common-misconceptions,footer,常见误区,UNKNOWN,Target is not in current authority corpus; not labeled broken without reliable target readback.
non_corpus_internal_target,UNKNOWN,https://fermatmind.com/zh/personality/enneagram/type-9/instincts/one-to-one,https://fermatmind.com/zh/tests?q=,header/navigation,,UNKNOWN,Target is not in current authority corpus; not labeled broken without reliable target readback.
non_corpus_internal_target,UNKNOWN,https://fermatmind.com/zh/personality/enneagram/type-9/instincts/one-to-one,https://fermatmind.com/zh/science,footer,测评科学,UNKNOWN,Target is not in current authority corpus; not labeled broken without reliable target readback.
non_corpus_internal_target,UNKNOWN,https://fermatmind.com/zh/personality/enneagram/type-9/instincts/one-to-one,https://fermatmind.com/zh/item-design-notes,footer,题目设计说明,UNKNOWN,Target is not in current authority corpus; not labeled broken without reliable target readback.
non_corpus_internal_target,UNKNOWN,https://fermatmind.com/zh/personality/enneagram/type-9/instincts/one-to-one,https://fermatmind.com/zh/reliability-validity,footer,信度效度,UNKNOWN,Target is not in current authority corpus; not labeled broken without reliable target readback.
non_corpus_internal_target,UNKNOWN,https://fermatmind.com/zh/personality/enneagram/type-9/instincts/one-to-one,https://fermatmind.com/zh/data-privacy,footer,数据说明,UNKNOWN,Target is not in current authority corpus; not labeled broken without reliable target readback.
non_corpus_internal_target,UNKNOWN,https://fermatmind.com/zh/personality/enneagram/type-9/instincts/one-to-one,https://fermatmind.com/zh/common-misconceptions,footer,常见误区,UNKNOWN,Target is not in current authority corpus; not labeled broken without reliable target readback.
non_corpus_internal_target,UNKNOWN,https://fermatmind.com/zh/personality/enneagram/type-9/instincts/self-preservation,https://fermatmind.com/zh/tests?q=,header/navigation,,UNKNOWN,Target is not in current authority corpus; not labeled broken without reliable target readback.
non_corpus_internal_target,UNKNOWN,https://fermatmind.com/zh/personality/enneagram/type-9/instincts/self-preservation,https://fermatmind.com/zh/science,footer,测评科学,UNKNOWN,Target is not in current authority corpus; not labeled broken without reliable target readback.
non_corpus_internal_target,UNKNOWN,https://fermatmind.com/zh/personality/enneagram/type-9/instincts/self-preservation,https://fermatmind.com/zh/item-design-notes,footer,题目设计说明,UNKNOWN,Target is not in current authority corpus; not labeled broken without reliable target readback.
non_corpus_internal_target,UNKNOWN,https://fermatmind.com/zh/personality/enneagram/type-9/instincts/self-preservation,https://fermatmind.com/zh/reliability-validity,footer,信度效度,UNKNOWN,Target is not in current authority corpus; not labeled broken without reliable target readback.
non_corpus_internal_target,UNKNOWN,https://fermatmind.com/zh/personality/enneagram/type-9/instincts/self-preservation,https://fermatmind.com/zh/data-privacy,footer,数据说明,UNKNOWN,Target is not in current authority corpus; not labeled broken without reliable target readback.
non_corpus_internal_target,UNKNOWN,https://fermatmind.com/zh/personality/enneagram/type-9/instincts/self-preservation,https://fermatmind.com/zh/common-misconceptions,footer,常见误区,UNKNOWN,Target is not in current authority corpus; not labeled broken without reliable target readback.
non_corpus_internal_target,UNKNOWN,https://fermatmind.com/zh/personality/enneagram/type-9/instincts/social,https://fermatmind.com/zh/tests?q=,header/navigation,,UNKNOWN,Target is not in current authority corpus; not labeled broken without reliable target readback.
non_corpus_internal_target,UNKNOWN,https://fermatmind.com/zh/personality/enneagram/type-9/instincts/social,https://fermatmind.com/zh/science,footer,测评科学,UNKNOWN,Target is not in current authority corpus; not labeled broken without reliable target readback.
non_corpus_internal_target,UNKNOWN,https://fermatmind.com/zh/personality/enneagram/type-9/instincts/social,https://fermatmind.com/zh/item-design-notes,footer,题目设计说明,UNKNOWN,Target is not in current authority corpus; not labeled broken without reliable target readback.
non_corpus_internal_target,UNKNOWN,https://fermatmind.com/zh/personality/enneagram/type-9/instincts/social,https://fermatmind.com/zh/reliability-validity,footer,信度效度,UNKNOWN,Target is not in current authority corpus; not labeled broken without reliable target readback.
non_corpus_internal_target,UNKNOWN,https://fermatmind.com/zh/personality/enneagram/type-9/instincts/social,https://fermatmind.com/zh/data-privacy,footer,数据说明,UNKNOWN,Target is not in current authority corpus; not labeled broken without reliable target readback.
non_corpus_internal_target,UNKNOWN,https://fermatmind.com/zh/personality/enneagram/type-9/instincts/social,https://fermatmind.com/zh/common-misconceptions,footer,常见误区,UNKNOWN,Target is not in current authority corpus; not labeled broken without reliable target readback.
non_corpus_internal_target,UNKNOWN,https://fermatmind.com/zh/personality/enneagram/wings/1w2,https://fermatmind.com/zh/tests?q=,header/navigation,,UNKNOWN,Target is not in current authority corpus; not labeled broken without reliable target readback.
non_corpus_internal_target,UNKNOWN,https://fermatmind.com/zh/personality/enneagram/wings/1w2,https://fermatmind.com/zh/science,footer,测评科学,UNKNOWN,Target is not in current authority corpus; not labeled broken without reliable target readback.
non_corpus_internal_target,UNKNOWN,https://fermatmind.com/zh/personality/enneagram/wings/1w2,https://fermatmind.com/zh/item-design-notes,footer,题目设计说明,UNKNOWN,Target is not in current authority corpus; not labeled broken without reliable target readback.
non_corpus_internal_target,UNKNOWN,https://fermatmind.com/zh/personality/enneagram/wings/1w2,https://fermatmind.com/zh/reliability-validity,footer,信度效度,UNKNOWN,Target is not in current authority corpus; not labeled broken without reliable target readback.
non_corpus_internal_target,UNKNOWN,https://fermatmind.com/zh/personality/enneagram/wings/1w2,https://fermatmind.com/zh/data-privacy,footer,数据说明,UNKNOWN,Target is not in current authority corpus; not labeled broken without reliable target readback.
non_corpus_internal_target,UNKNOWN,https://fermatmind.com/zh/personality/enneagram/wings/1w2,https://fermatmind.com/zh/common-misconceptions,footer,常见误区,UNKNOWN,Target is not in current authority corpus; not labeled broken without reliable target readback.
non_corpus_internal_target,UNKNOWN,https://fermatmind.com/zh/personality/enneagram/wings/1w9,https://fermatmind.com/zh/tests?q=,header/navigation,,UNKNOWN,Target is not in current authority corpus; not labeled broken without reliable target readback.
non_corpus_internal_target,UNKNOWN,https://fermatmind.com/zh/personality/enneagram/wings/1w9,https://fermatmind.com/zh/science,footer,测评科学,UNKNOWN,Target is not in current authority corpus; not labeled broken without reliable target readback.
non_corpus_internal_target,UNKNOWN,https://fermatmind.com/zh/personality/enneagram/wings/1w9,https://fermatmind.com/zh/item-design-notes,footer,题目设计说明,UNKNOWN,Target is not in current authority corpus; not labeled broken without reliable target readback.
non_corpus_internal_target,UNKNOWN,https://fermatmind.com/zh/personality/enneagram/wings/1w9,https://fermatmind.com/zh/reliability-validity,footer,信度效度,UNKNOWN,Target is not in current authority corpus; not labeled broken without reliable target readback.
non_corpus_internal_target,UNKNOWN,https://fermatmind.com/zh/personality/enneagram/wings/1w9,https://fermatmind.com/zh/data-privacy,footer,数据说明,UNKNOWN,Target is not in current authority corpus; not labeled broken without reliable target readback.
non_corpus_internal_target,UNKNOWN,https://fermatmind.com/zh/personality/enneagram/wings/1w9,https://fermatmind.com/zh/common-misconceptions,footer,常见误区,UNKNOWN,Target is not in current authority corpus; not labeled broken without reliable target readback.
non_corpus_internal_target,UNKNOWN,https://fermatmind.com/zh/personality/enneagram/wings/2w1,https://fermatmind.com/zh/tests?q=,header/navigation,,UNKNOWN,Target is not in current authority corpus; not labeled broken without reliable target readback.
non_corpus_internal_target,UNKNOWN,https://fermatmind.com/zh/personality/enneagram/wings/2w1,https://fermatmind.com/zh/science,footer,测评科学,UNKNOWN,Target is not in current authority corpus; not labeled broken without reliable target readback.
non_corpus_internal_target,UNKNOWN,https://fermatmind.com/zh/personality/enneagram/wings/2w1,https://fermatmind.com/zh/item-design-notes,footer,题目设计说明,UNKNOWN,Target is not in current authority corpus; not labeled broken without reliable target readback.
non_corpus_internal_target,UNKNOWN,https://fermatmind.com/zh/personality/enneagram/wings/2w1,https://fermatmind.com/zh/reliability-validity,footer,信度效度,UNKNOWN,Target is not in current authority corpus; not labeled broken without reliable target readback.
non_corpus_internal_target,UNKNOWN,https://fermatmind.com/zh/personality/enneagram/wings/2w1,https://fermatmind.com/zh/data-privacy,footer,数据说明,UNKNOWN,Target is not in current authority corpus; not labeled broken without reliable target readback.
non_corpus_internal_target,UNKNOWN,https://fermatmind.com/zh/personality/enneagram/wings/2w1,https://fermatmind.com/zh/common-misconceptions,footer,常见误区,UNKNOWN,Target is not in current authority corpus; not labeled broken without reliable target readback.
non_corpus_internal_target,UNKNOWN,https://fermatmind.com/zh/personality/enneagram/wings/2w3,https://fermatmind.com/zh/tests?q=,header/navigation,,UNKNOWN,Target is not in current authority corpus; not labeled broken without reliable target readback.
non_corpus_internal_target,UNKNOWN,https://fermatmind.com/zh/personality/enneagram/wings/2w3,https://fermatmind.com/zh/science,footer,测评科学,UNKNOWN,Target is not in current authority corpus; not labeled broken without reliable target readback.
non_corpus_internal_target,UNKNOWN,https://fermatmind.com/zh/personality/enneagram/wings/2w3,https://fermatmind.com/zh/item-design-notes,footer,题目设计说明,UNKNOWN,Target is not in current authority corpus; not labeled broken without reliable target readback.
non_corpus_internal_target,UNKNOWN,https://fermatmind.com/zh/personality/enneagram/wings/2w3,https://fermatmind.com/zh/reliability-validity,footer,信度效度,UNKNOWN,Target is not in current authority corpus; not labeled broken without reliable target readback.
non_corpus_internal_target,UNKNOWN,https://fermatmind.com/zh/personality/enneagram/wings/2w3,https://fermatmind.com/zh/data-privacy,footer,数据说明,UNKNOWN,Target is not in current authority corpus; not labeled broken without reliable target readback.
non_corpus_internal_target,UNKNOWN,https://fermatmind.com/zh/personality/enneagram/wings/2w3,https://fermatmind.com/zh/common-misconceptions,footer,常见误区,UNKNOWN,Target is not in current authority corpus; not labeled broken without reliable target readback.
non_corpus_internal_target,UNKNOWN,https://fermatmind.com/zh/personality/enneagram/wings/3w2,https://fermatmind.com/zh/tests?q=,header/navigation,,UNKNOWN,Target is not in current authority corpus; not labeled broken without reliable target readback.
non_corpus_internal_target,UNKNOWN,https://fermatmind.com/zh/personality/enneagram/wings/3w2,https://fermatmind.com/zh/science,footer,测评科学,UNKNOWN,Target is not in current authority corpus; not labeled broken without reliable target readback.
non_corpus_internal_target,UNKNOWN,https://fermatmind.com/zh/personality/enneagram/wings/3w2,https://fermatmind.com/zh/item-design-notes,footer,题目设计说明,UNKNOWN,Target is not in current authority corpus; not labeled broken without reliable target readback.
non_corpus_internal_target,UNKNOWN,https://fermatmind.com/zh/personality/enneagram/wings/3w2,https://fermatmind.com/zh/reliability-validity,footer,信度效度,UNKNOWN,Target is not in current authority corpus; not labeled broken without reliable target readback.
non_corpus_internal_target,UNKNOWN,https://fermatmind.com/zh/personality/enneagram/wings/3w2,https://fermatmind.com/zh/data-privacy,footer,数据说明,UNKNOWN,Target is not in current authority corpus; not labeled broken without reliable target readback.
non_corpus_internal_target,UNKNOWN,https://fermatmind.com/zh/personality/enneagram/wings/3w2,https://fermatmind.com/zh/common-misconceptions,footer,常见误区,UNKNOWN,Target is not in current authority corpus; not labeled broken without reliable target readback.
non_corpus_internal_target,UNKNOWN,https://fermatmind.com/zh/personality/enneagram/wings/3w4,https://fermatmind.com/zh/tests?q=,header/navigation,,UNKNOWN,Target is not in current authority corpus; not labeled broken without reliable target readback.
non_corpus_internal_target,UNKNOWN,https://fermatmind.com/zh/personality/enneagram/wings/3w4,https://fermatmind.com/zh/science,footer,测评科学,UNKNOWN,Target is not in current authority corpus; not labeled broken without reliable target readback.
non_corpus_internal_target,UNKNOWN,https://fermatmind.com/zh/personality/enneagram/wings/3w4,https://fermatmind.com/zh/item-design-notes,footer,题目设计说明,UNKNOWN,Target is not in current authority corpus; not labeled broken without reliable target readback.
non_corpus_internal_target,UNKNOWN,https://fermatmind.com/zh/personality/enneagram/wings/3w4,https://fermatmind.com/zh/reliability-validity,footer,信度效度,UNKNOWN,Target is not in current authority corpus; not labeled broken without reliable target readback.
non_corpus_internal_target,UNKNOWN,https://fermatmind.com/zh/personality/enneagram/wings/3w4,https://fermatmind.com/zh/data-privacy,footer,数据说明,UNKNOWN,Target is not in current authority corpus; not labeled broken without reliable target readback.
non_corpus_internal_target,UNKNOWN,https://fermatmind.com/zh/personality/enneagram/wings/3w4,https://fermatmind.com/zh/common-misconceptions,footer,常见误区,UNKNOWN,Target is not in current authority corpus; not labeled broken without reliable target readback.
non_corpus_internal_target,UNKNOWN,https://fermatmind.com/zh/personality/enneagram/wings/4w3,https://fermatmind.com/zh/tests?q=,header/navigation,,UNKNOWN,Target is not in current authority corpus; not labeled broken without reliable target readback.
non_corpus_internal_target,UNKNOWN,https://fermatmind.com/zh/personality/enneagram/wings/4w3,https://fermatmind.com/zh/science,footer,测评科学,UNKNOWN,Target is not in current authority corpus; not labeled broken without reliable target readback.
non_corpus_internal_target,UNKNOWN,https://fermatmind.com/zh/personality/enneagram/wings/4w3,https://fermatmind.com/zh/item-design-notes,footer,题目设计说明,UNKNOWN,Target is not in current authority corpus; not labeled broken without reliable target readback.
non_corpus_internal_target,UNKNOWN,https://fermatmind.com/zh/personality/enneagram/wings/4w3,https://fermatmind.com/zh/reliability-validity,footer,信度效度,UNKNOWN,Target is not in current authority corpus; not labeled broken without reliable target readback.
non_corpus_internal_target,UNKNOWN,https://fermatmind.com/zh/personality/enneagram/wings/4w3,https://fermatmind.com/zh/data-privacy,footer,数据说明,UNKNOWN,Target is not in current authority corpus; not labeled broken without reliable target readback.
non_corpus_internal_target,UNKNOWN,https://fermatmind.com/zh/personality/enneagram/wings/4w3,https://fermatmind.com/zh/common-misconceptions,footer,常见误区,UNKNOWN,Target is not in current authority corpus; not labeled broken without reliable target readback.
non_corpus_internal_target,UNKNOWN,https://fermatmind.com/zh/personality/enneagram/wings/4w5,https://fermatmind.com/zh/tests?q=,header/navigation,,UNKNOWN,Target is not in current authority corpus; not labeled broken without reliable target readback.
non_corpus_internal_target,UNKNOWN,https://fermatmind.com/zh/personality/enneagram/wings/4w5,https://fermatmind.com/zh/science,footer,测评科学,UNKNOWN,Target is not in current authority corpus; not labeled broken without reliable target readback.
non_corpus_internal_target,UNKNOWN,https://fermatmind.com/zh/personality/enneagram/wings/4w5,https://fermatmind.com/zh/item-design-notes,footer,题目设计说明,UNKNOWN,Target is not in current authority corpus; not labeled broken without reliable target readback.
non_corpus_internal_target,UNKNOWN,https://fermatmind.com/zh/personality/enneagram/wings/4w5,https://fermatmind.com/zh/reliability-validity,footer,信度效度,UNKNOWN,Target is not in current authority corpus; not labeled broken without reliable target readback.
non_corpus_internal_target,UNKNOWN,https://fermatmind.com/zh/personality/enneagram/wings/4w5,https://fermatmind.com/zh/data-privacy,footer,数据说明,UNKNOWN,Target is not in current authority corpus; not labeled broken without reliable target readback.
non_corpus_internal_target,UNKNOWN,https://fermatmind.com/zh/personality/enneagram/wings/4w5,https://fermatmind.com/zh/common-misconceptions,footer,常见误区,UNKNOWN,Target is not in current authority corpus; not labeled broken without reliable target readback.
non_corpus_internal_target,UNKNOWN,https://fermatmind.com/zh/personality/enneagram/wings/5w4,https://fermatmind.com/zh/tests?q=,header/navigation,,UNKNOWN,Target is not in current authority corpus; not labeled broken without reliable target readback.
non_corpus_internal_target,UNKNOWN,https://fermatmind.com/zh/personality/enneagram/wings/5w4,https://fermatmind.com/zh/science,footer,测评科学,UNKNOWN,Target is not in current authority corpus; not labeled broken without reliable target readback.
non_corpus_internal_target,UNKNOWN,https://fermatmind.com/zh/personality/enneagram/wings/5w4,https://fermatmind.com/zh/item-design-notes,footer,题目设计说明,UNKNOWN,Target is not in current authority corpus; not labeled broken without reliable target readback.
non_corpus_internal_target,UNKNOWN,https://fermatmind.com/zh/personality/enneagram/wings/5w4,https://fermatmind.com/zh/reliability-validity,footer,信度效度,UNKNOWN,Target is not in current authority corpus; not labeled broken without reliable target readback.
non_corpus_internal_target,UNKNOWN,https://fermatmind.com/zh/personality/enneagram/wings/5w4,https://fermatmind.com/zh/data-privacy,footer,数据说明,UNKNOWN,Target is not in current authority corpus; not labeled broken without reliable target readback.
non_corpus_internal_target,UNKNOWN,https://fermatmind.com/zh/personality/enneagram/wings/5w4,https://fermatmind.com/zh/common-misconceptions,footer,常见误区,UNKNOWN,Target is not in current authority corpus; not labeled broken without reliable target readback.
non_corpus_internal_target,UNKNOWN,https://fermatmind.com/zh/personality/enneagram/wings/5w6,https://fermatmind.com/zh/tests?q=,header/navigation,,UNKNOWN,Target is not in current authority corpus; not labeled broken without reliable target readback.
non_corpus_internal_target,UNKNOWN,https://fermatmind.com/zh/personality/enneagram/wings/5w6,https://fermatmind.com/zh/science,footer,测评科学,UNKNOWN,Target is not in current authority corpus; not labeled broken without reliable target readback.
non_corpus_internal_target,UNKNOWN,https://fermatmind.com/zh/personality/enneagram/wings/5w6,https://fermatmind.com/zh/item-design-notes,footer,题目设计说明,UNKNOWN,Target is not in current authority corpus; not labeled broken without reliable target readback.
non_corpus_internal_target,UNKNOWN,https://fermatmind.com/zh/personality/enneagram/wings/5w6,https://fermatmind.com/zh/reliability-validity,footer,信度效度,UNKNOWN,Target is not in current authority corpus; not labeled broken without reliable target readback.
non_corpus_internal_target,UNKNOWN,https://fermatmind.com/zh/personality/enneagram/wings/5w6,https://fermatmind.com/zh/data-privacy,footer,数据说明,UNKNOWN,Target is not in current authority corpus; not labeled broken without reliable target readback.
non_corpus_internal_target,UNKNOWN,https://fermatmind.com/zh/personality/enneagram/wings/5w6,https://fermatmind.com/zh/common-misconceptions,footer,常见误区,UNKNOWN,Target is not in current authority corpus; not labeled broken without reliable target readback.
non_corpus_internal_target,UNKNOWN,https://fermatmind.com/zh/personality/enneagram/wings/6w5,https://fermatmind.com/zh/tests?q=,header/navigation,,UNKNOWN,Target is not in current authority corpus; not labeled broken without reliable target readback.
non_corpus_internal_target,UNKNOWN,https://fermatmind.com/zh/personality/enneagram/wings/6w5,https://fermatmind.com/zh/science,footer,测评科学,UNKNOWN,Target is not in current authority corpus; not labeled broken without reliable target readback.
non_corpus_internal_target,UNKNOWN,https://fermatmind.com/zh/personality/enneagram/wings/6w5,https://fermatmind.com/zh/item-design-notes,footer,题目设计说明,UNKNOWN,Target is not in current authority corpus; not labeled broken without reliable target readback.
non_corpus_internal_target,UNKNOWN,https://fermatmind.com/zh/personality/enneagram/wings/6w5,https://fermatmind.com/zh/reliability-validity,footer,信度效度,UNKNOWN,Target is not in current authority corpus; not labeled broken without reliable target readback.
non_corpus_internal_target,UNKNOWN,https://fermatmind.com/zh/personality/enneagram/wings/6w5,https://fermatmind.com/zh/data-privacy,footer,数据说明,UNKNOWN,Target is not in current authority corpus; not labeled broken without reliable target readback.
non_corpus_internal_target,UNKNOWN,https://fermatmind.com/zh/personality/enneagram/wings/6w5,https://fermatmind.com/zh/common-misconceptions,footer,常见误区,UNKNOWN,Target is not in current authority corpus; not labeled broken without reliable target readback.
non_corpus_internal_target,UNKNOWN,https://fermatmind.com/zh/personality/enneagram/wings/6w7,https://fermatmind.com/zh/tests?q=,header/navigation,,UNKNOWN,Target is not in current authority corpus; not labeled broken without reliable target readback.
non_corpus_internal_target,UNKNOWN,https://fermatmind.com/zh/personality/enneagram/wings/6w7,https://fermatmind.com/zh/science,footer,测评科学,UNKNOWN,Target is not in current authority corpus; not labeled broken without reliable target readback.
non_corpus_internal_target,UNKNOWN,https://fermatmind.com/zh/personality/enneagram/wings/6w7,https://fermatmind.com/zh/item-design-notes,footer,题目设计说明,UNKNOWN,Target is not in current authority corpus; not labeled broken without reliable target readback.
non_corpus_internal_target,UNKNOWN,https://fermatmind.com/zh/personality/enneagram/wings/6w7,https://fermatmind.com/zh/reliability-validity,footer,信度效度,UNKNOWN,Target is not in current authority corpus; not labeled broken without reliable target readback.
non_corpus_internal_target,UNKNOWN,https://fermatmind.com/zh/personality/enneagram/wings/6w7,https://fermatmind.com/zh/data-privacy,footer,数据说明,UNKNOWN,Target is not in current authority corpus; not labeled broken without reliable target readback.
non_corpus_internal_target,UNKNOWN,https://fermatmind.com/zh/personality/enneagram/wings/6w7,https://fermatmind.com/zh/common-misconceptions,footer,常见误区,UNKNOWN,Target is not in current authority corpus; not labeled broken without reliable target readback.
non_corpus_internal_target,UNKNOWN,https://fermatmind.com/zh/personality/enneagram/wings/7w6,https://fermatmind.com/zh/tests?q=,header/navigation,,UNKNOWN,Target is not in current authority corpus; not labeled broken without reliable target readback.
non_corpus_internal_target,UNKNOWN,https://fermatmind.com/zh/personality/enneagram/wings/7w6,https://fermatmind.com/zh/science,footer,测评科学,UNKNOWN,Target is not in current authority corpus; not labeled broken without reliable target readback.
non_corpus_internal_target,UNKNOWN,https://fermatmind.com/zh/personality/enneagram/wings/7w6,https://fermatmind.com/zh/item-design-notes,footer,题目设计说明,UNKNOWN,Target is not in current authority corpus; not labeled broken without reliable target readback.
non_corpus_internal_target,UNKNOWN,https://fermatmind.com/zh/personality/enneagram/wings/7w6,https://fermatmind.com/zh/reliability-validity,footer,信度效度,UNKNOWN,Target is not in current authority corpus; not labeled broken without reliable target readback.
non_corpus_internal_target,UNKNOWN,https://fermatmind.com/zh/personality/enneagram/wings/7w6,https://fermatmind.com/zh/data-privacy,footer,数据说明,UNKNOWN,Target is not in current authority corpus; not labeled broken without reliable target readback.
non_corpus_internal_target,UNKNOWN,https://fermatmind.com/zh/personality/enneagram/wings/7w6,https://fermatmind.com/zh/common-misconceptions,footer,常见误区,UNKNOWN,Target is not in current authority corpus; not labeled broken without reliable target readback.
non_corpus_internal_target,UNKNOWN,https://fermatmind.com/zh/personality/enneagram/wings/7w8,https://fermatmind.com/zh/tests?q=,header/navigation,,UNKNOWN,Target is not in current authority corpus; not labeled broken without reliable target readback.
non_corpus_internal_target,UNKNOWN,https://fermatmind.com/zh/personality/enneagram/wings/7w8,https://fermatmind.com/zh/science,footer,测评科学,UNKNOWN,Target is not in current authority corpus; not labeled broken without reliable target readback.
non_corpus_internal_target,UNKNOWN,https://fermatmind.com/zh/personality/enneagram/wings/7w8,https://fermatmind.com/zh/item-design-notes,footer,题目设计说明,UNKNOWN,Target is not in current authority corpus; not labeled broken without reliable target readback.
non_corpus_internal_target,UNKNOWN,https://fermatmind.com/zh/personality/enneagram/wings/7w8,https://fermatmind.com/zh/reliability-validity,footer,信度效度,UNKNOWN,Target is not in current authority corpus; not labeled broken without reliable target readback.
non_corpus_internal_target,UNKNOWN,https://fermatmind.com/zh/personality/enneagram/wings/7w8,https://fermatmind.com/zh/data-privacy,footer,数据说明,UNKNOWN,Target is not in current authority corpus; not labeled broken without reliable target readback.
non_corpus_internal_target,UNKNOWN,https://fermatmind.com/zh/personality/enneagram/wings/7w8,https://fermatmind.com/zh/common-misconceptions,footer,常见误区,UNKNOWN,Target is not in current authority corpus; not labeled broken without reliable target readback.
non_corpus_internal_target,UNKNOWN,https://fermatmind.com/zh/personality/enneagram/wings/8w7,https://fermatmind.com/zh/tests?q=,header/navigation,,UNKNOWN,Target is not in current authority corpus; not labeled broken without reliable target readback.
non_corpus_internal_target,UNKNOWN,https://fermatmind.com/zh/personality/enneagram/wings/8w7,https://fermatmind.com/zh/science,footer,测评科学,UNKNOWN,Target is not in current authority corpus; not labeled broken without reliable target readback.
non_corpus_internal_target,UNKNOWN,https://fermatmind.com/zh/personality/enneagram/wings/8w7,https://fermatmind.com/zh/item-design-notes,footer,题目设计说明,UNKNOWN,Target is not in current authority corpus; not labeled broken without reliable target readback.
non_corpus_internal_target,UNKNOWN,https://fermatmind.com/zh/personality/enneagram/wings/8w7,https://fermatmind.com/zh/reliability-validity,footer,信度效度,UNKNOWN,Target is not in current authority corpus; not labeled broken without reliable target readback.
non_corpus_internal_target,UNKNOWN,https://fermatmind.com/zh/personality/enneagram/wings/8w7,https://fermatmind.com/zh/data-privacy,footer,数据说明,UNKNOWN,Target is not in current authority corpus; not labeled broken without reliable target readback.
non_corpus_internal_target,UNKNOWN,https://fermatmind.com/zh/personality/enneagram/wings/8w7,https://fermatmind.com/zh/common-misconceptions,footer,常见误区,UNKNOWN,Target is not in current authority corpus; not labeled broken without reliable target readback.
non_corpus_internal_target,UNKNOWN,https://fermatmind.com/zh/personality/enneagram/wings/8w9,https://fermatmind.com/zh/tests?q=,header/navigation,,UNKNOWN,Target is not in current authority corpus; not labeled broken without reliable target readback.
non_corpus_internal_target,UNKNOWN,https://fermatmind.com/zh/personality/enneagram/wings/8w9,https://fermatmind.com/zh/science,footer,测评科学,UNKNOWN,Target is not in current authority corpus; not labeled broken without reliable target readback.
non_corpus_internal_target,UNKNOWN,https://fermatmind.com/zh/personality/enneagram/wings/8w9,https://fermatmind.com/zh/item-design-notes,footer,题目设计说明,UNKNOWN,Target is not in current authority corpus; not labeled broken without reliable target readback.
non_corpus_internal_target,UNKNOWN,https://fermatmind.com/zh/personality/enneagram/wings/8w9,https://fermatmind.com/zh/reliability-validity,footer,信度效度,UNKNOWN,Target is not in current authority corpus; not labeled broken without reliable target readback.
non_corpus_internal_target,UNKNOWN,https://fermatmind.com/zh/personality/enneagram/wings/8w9,https://fermatmind.com/zh/data-privacy,footer,数据说明,UNKNOWN,Target is not in current authority corpus; not labeled broken without reliable target readback.
non_corpus_internal_target,UNKNOWN,https://fermatmind.com/zh/personality/enneagram/wings/8w9,https://fermatmind.com/zh/common-misconceptions,footer,常见误区,UNKNOWN,Target is not in current authority corpus; not labeled broken without reliable target readback.
non_corpus_internal_target,UNKNOWN,https://fermatmind.com/zh/personality/enneagram/wings/9w1,https://fermatmind.com/zh/tests?q=,header/navigation,,UNKNOWN,Target is not in current authority corpus; not labeled broken without reliable target readback.
non_corpus_internal_target,UNKNOWN,https://fermatmind.com/zh/personality/enneagram/wings/9w1,https://fermatmind.com/zh/science,footer,测评科学,UNKNOWN,Target is not in current authority corpus; not labeled broken without reliable target readback.
non_corpus_internal_target,UNKNOWN,https://fermatmind.com/zh/personality/enneagram/wings/9w1,https://fermatmind.com/zh/item-design-notes,footer,题目设计说明,UNKNOWN,Target is not in current authority corpus; not labeled broken without reliable target readback.
non_corpus_internal_target,UNKNOWN,https://fermatmind.com/zh/personality/enneagram/wings/9w1,https://fermatmind.com/zh/reliability-validity,footer,信度效度,UNKNOWN,Target is not in current authority corpus; not labeled broken without reliable target readback.
non_corpus_internal_target,UNKNOWN,https://fermatmind.com/zh/personality/enneagram/wings/9w1,https://fermatmind.com/zh/data-privacy,footer,数据说明,UNKNOWN,Target is not in current authority corpus; not labeled broken without reliable target readback.
non_corpus_internal_target,UNKNOWN,https://fermatmind.com/zh/personality/enneagram/wings/9w1,https://fermatmind.com/zh/common-misconceptions,footer,常见误区,UNKNOWN,Target is not in current authority corpus; not labeled broken without reliable target readback.
non_corpus_internal_target,UNKNOWN,https://fermatmind.com/zh/personality/enneagram/wings/9w8,https://fermatmind.com/zh/tests?q=,header/navigation,,UNKNOWN,Target is not in current authority corpus; not labeled broken without reliable target readback.
non_corpus_internal_target,UNKNOWN,https://fermatmind.com/zh/personality/enneagram/wings/9w8,https://fermatmind.com/zh/science,footer,测评科学,UNKNOWN,Target is not in current authority corpus; not labeled broken without reliable target readback.
non_corpus_internal_target,UNKNOWN,https://fermatmind.com/zh/personality/enneagram/wings/9w8,https://fermatmind.com/zh/item-design-notes,footer,题目设计说明,UNKNOWN,Target is not in current authority corpus; not labeled broken without reliable target readback.
non_corpus_internal_target,UNKNOWN,https://fermatmind.com/zh/personality/enneagram/wings/9w8,https://fermatmind.com/zh/reliability-validity,footer,信度效度,UNKNOWN,Target is not in current authority corpus; not labeled broken without reliable target readback.
non_corpus_internal_target,UNKNOWN,https://fermatmind.com/zh/personality/enneagram/wings/9w8,https://fermatmind.com/zh/data-privacy,footer,数据说明,UNKNOWN,Target is not in current authority corpus; not labeled broken without reliable target readback.
non_corpus_internal_target,UNKNOWN,https://fermatmind.com/zh/personality/enneagram/wings/9w8,https://fermatmind.com/zh/common-misconceptions,footer,常见误区,UNKNOWN,Target is not in current authority corpus; not labeled broken without reliable target readback.
non_corpus_internal_target,UNKNOWN,https://fermatmind.com/zh/personality/entj,https://fermatmind.com/zh/tests?q=,header/navigation,,UNKNOWN,Target is not in current authority corpus; not labeled broken without reliable target readback.
private_route_link,HIGH,https://fermatmind.com/zh/personality/entj,PRIVATE_ROUTE_REDACTED:take,inline contextual,MBTI免费测试,VERIFIED,Visible internal link targets a private/sensitive route; target was not crawled.
non_corpus_internal_target,UNKNOWN,https://fermatmind.com/zh/personality/entj,https://fermatmind.com/zh/science,footer,测评科学,UNKNOWN,Target is not in current authority corpus; not labeled broken without reliable target readback.
non_corpus_internal_target,UNKNOWN,https://fermatmind.com/zh/personality/entj,https://fermatmind.com/zh/item-design-notes,footer,题目设计说明,UNKNOWN,Target is not in current authority corpus; not labeled broken without reliable target readback.
non_corpus_internal_target,UNKNOWN,https://fermatmind.com/zh/personality/entj,https://fermatmind.com/zh/reliability-validity,footer,信度效度,UNKNOWN,Target is not in current authority corpus; not labeled broken without reliable target readback.
non_corpus_internal_target,UNKNOWN,https://fermatmind.com/zh/personality/entj,https://fermatmind.com/zh/data-privacy,footer,数据说明,UNKNOWN,Target is not in current authority corpus; not labeled broken without reliable target readback.
non_corpus_internal_target,UNKNOWN,https://fermatmind.com/zh/personality/entj,https://fermatmind.com/zh/common-misconceptions,footer,常见误区,UNKNOWN,Target is not in current authority corpus; not labeled broken without reliable target readback.
non_corpus_internal_target,UNKNOWN,https://fermatmind.com/zh/personality/entj-a,https://fermatmind.com/zh/tests?q=,header/navigation,,UNKNOWN,Target is not in current authority corpus; not labeled broken without reliable target readback.
non_corpus_internal_target,UNKNOWN,https://fermatmind.com/zh/personality/entj-a,https://fermatmind.com/zh/career/recommendations/mbti/entj-a,CTA,看职业方向,UNKNOWN,Target is not in current authority corpus; not labeled broken without reliable target readback.
private_route_link,HIGH,https://fermatmind.com/zh/personality/entj-a,PRIVATE_ROUTE_REDACTED:take,inline contextual,MBTI免费测试,VERIFIED,Visible internal link targets a private/sensitive route; target was not crawled.
non_corpus_internal_target,UNKNOWN,https://fermatmind.com/zh/personality/entj-a,https://fermatmind.com/zh/science,footer,测评科学,UNKNOWN,Target is not in current authority corpus; not labeled broken without reliable target readback.
non_corpus_internal_target,UNKNOWN,https://fermatmind.com/zh/personality/entj-a,https://fermatmind.com/zh/item-design-notes,footer,题目设计说明,UNKNOWN,Target is not in current authority corpus; not labeled broken without reliable target readback.
non_corpus_internal_target,UNKNOWN,https://fermatmind.com/zh/personality/entj-a,https://fermatmind.com/zh/reliability-validity,footer,信度效度,UNKNOWN,Target is not in current authority corpus; not labeled broken without reliable target readback.
non_corpus_internal_target,UNKNOWN,https://fermatmind.com/zh/personality/entj-a,https://fermatmind.com/zh/data-privacy,footer,数据说明,UNKNOWN,Target is not in current authority corpus; not labeled broken without reliable target readback.
non_corpus_internal_target,UNKNOWN,https://fermatmind.com/zh/personality/entj-a,https://fermatmind.com/zh/common-misconceptions,footer,常见误区,UNKNOWN,Target is not in current authority corpus; not labeled broken without reliable target readback.
non_corpus_internal_target,UNKNOWN,https://fermatmind.com/zh/personality/entj-a-vs-entj-t,https://fermatmind.com/zh/tests?q=,header/navigation,,UNKNOWN,Target is not in current authority corpus; not labeled broken without reliable target readback.
non_corpus_internal_target,UNKNOWN,https://fermatmind.com/zh/personality/entj-a-vs-entj-t,https://fermatmind.com/zh/science,footer,测评科学,UNKNOWN,Target is not in current authority corpus; not labeled broken without reliable target readback.
non_corpus_internal_target,UNKNOWN,https://fermatmind.com/zh/personality/entj-a-vs-entj-t,https://fermatmind.com/zh/item-design-notes,footer,题目设计说明,UNKNOWN,Target is not in current authority corpus; not labeled broken without reliable target readback.
non_corpus_internal_target,UNKNOWN,https://fermatmind.com/zh/personality/entj-a-vs-entj-t,https://fermatmind.com/zh/reliability-validity,footer,信度效度,UNKNOWN,Target is not in current authority corpus; not labeled broken without reliable target readback.
non_corpus_internal_target,UNKNOWN,https://fermatmind.com/zh/personality/entj-a-vs-entj-t,https://fermatmind.com/zh/data-privacy,footer,数据说明,UNKNOWN,Target is not in current authority corpus; not labeled broken without reliable target readback.
non_corpus_internal_target,UNKNOWN,https://fermatmind.com/zh/personality/entj-a-vs-entj-t,https://fermatmind.com/zh/common-misconceptions,footer,常见误区,UNKNOWN,Target is not in current authority corpus; not labeled broken without reliable target readback.
non_corpus_internal_target,UNKNOWN,https://fermatmind.com/zh/personality/entj-t,https://fermatmind.com/zh/tests?q=,header/navigation,,UNKNOWN,Target is not in current authority corpus; not labeled broken without reliable target readback.
non_corpus_internal_target,UNKNOWN,https://fermatmind.com/zh/personality/entj-t,https://fermatmind.com/zh/career/recommendations/mbti/entj-t,CTA,看职业方向,UNKNOWN,Target is not in current authority corpus; not labeled broken without reliable target readback.
private_route_link,HIGH,https://fermatmind.com/zh/personality/entj-t,PRIVATE_ROUTE_REDACTED:take,inline contextual,MBTI免费测试,VERIFIED,Visible internal link targets a private/sensitive route; target was not crawled.
non_corpus_internal_target,UNKNOWN,https://fermatmind.com/zh/personality/entj-t,https://fermatmind.com/zh/science,footer,测评科学,UNKNOWN,Target is not in current authority corpus; not labeled broken without reliable target readback.
non_corpus_internal_target,UNKNOWN,https://fermatmind.com/zh/personality/entj-t,https://fermatmind.com/zh/item-design-notes,footer,题目设计说明,UNKNOWN,Target is not in current authority corpus; not labeled broken without reliable target readback.
non_corpus_internal_target,UNKNOWN,https://fermatmind.com/zh/personality/entj-t,https://fermatmind.com/zh/reliability-validity,footer,信度效度,UNKNOWN,Target is not in current authority corpus; not labeled broken without reliable target readback.
non_corpus_internal_target,UNKNOWN,https://fermatmind.com/zh/personality/entj-t,https://fermatmind.com/zh/data-privacy,footer,数据说明,UNKNOWN,Target is not in current authority corpus; not labeled broken without reliable target readback.
non_corpus_internal_target,UNKNOWN,https://fermatmind.com/zh/personality/entj-t,https://fermatmind.com/zh/common-misconceptions,footer,常见误区,UNKNOWN,Target is not in current authority corpus; not labeled broken without reliable target readback.
non_corpus_internal_target,UNKNOWN,https://fermatmind.com/zh/personality/entj-vs-intj,https://fermatmind.com/zh/tests?q=,header/navigation,,UNKNOWN,Target is not in current authority corpus; not labeled broken without reliable target readback.
non_corpus_internal_target,UNKNOWN,https://fermatmind.com/zh/personality/entj-vs-intj,https://fermatmind.com/zh/science,footer,测评科学,UNKNOWN,Target is not in current authority corpus; not labeled broken without reliable target readback.
non_corpus_internal_target,UNKNOWN,https://fermatmind.com/zh/personality/entj-vs-intj,https://fermatmind.com/zh/item-design-notes,footer,题目设计说明,UNKNOWN,Target is not in current authority corpus; not labeled broken without reliable target readback.
non_corpus_internal_target,UNKNOWN,https://fermatmind.com/zh/personality/entj-vs-intj,https://fermatmind.com/zh/reliability-validity,footer,信度效度,UNKNOWN,Target is not in current authority corpus; not labeled broken without reliable target readback.
non_corpus_internal_target,UNKNOWN,https://fermatmind.com/zh/personality/entj-vs-intj,https://fermatmind.com/zh/data-privacy,footer,数据说明,UNKNOWN,Target is not in current authority corpus; not labeled broken without reliable target readback.
non_corpus_internal_target,UNKNOWN,https://fermatmind.com/zh/personality/entj-vs-intj,https://fermatmind.com/zh/common-misconceptions,footer,常见误区,UNKNOWN,Target is not in current authority corpus; not labeled broken without reliable target readback.
non_corpus_internal_target,UNKNOWN,https://fermatmind.com/zh/personality/entp,https://fermatmind.com/zh/tests?q=,header/navigation,,UNKNOWN,Target is not in current authority corpus; not labeled broken without reliable target readback.
private_route_link,HIGH,https://fermatmind.com/zh/personality/entp,PRIVATE_ROUTE_REDACTED:take,inline contextual,MBTI免费测试,VERIFIED,Visible internal link targets a private/sensitive route; target was not crawled.
non_corpus_internal_target,UNKNOWN,https://fermatmind.com/zh/personality/entp,https://fermatmind.com/zh/science,footer,测评科学,UNKNOWN,Target is not in current authority corpus; not labeled broken without reliable target readback.
non_corpus_internal_target,UNKNOWN,https://fermatmind.com/zh/personality/entp,https://fermatmind.com/zh/item-design-notes,footer,题目设计说明,UNKNOWN,Target is not in current authority corpus; not labeled broken without reliable target readback.
non_corpus_internal_target,UNKNOWN,https://fermatmind.com/zh/personality/entp,https://fermatmind.com/zh/reliability-validity,footer,信度效度,UNKNOWN,Target is not in current authority corpus; not labeled broken without reliable target readback.
non_corpus_internal_target,UNKNOWN,https://fermatmind.com/zh/personality/entp,https://fermatmind.com/zh/data-privacy,footer,数据说明,UNKNOWN,Target is not in current authority corpus; not labeled broken without reliable target readback.
non_corpus_internal_target,UNKNOWN,https://fermatmind.com/zh/personality/entp,https://fermatmind.com/zh/common-misconceptions,footer,常见误区,UNKNOWN,Target is not in current authority corpus; not labeled broken without reliable target readback.
non_corpus_internal_target,UNKNOWN,https://fermatmind.com/zh/personality/entp-a,https://fermatmind.com/zh/tests?q=,header/navigation,,UNKNOWN,Target is not in current authority corpus; not labeled broken without reliable target readback.
non_corpus_internal_target,UNKNOWN,https://fermatmind.com/zh/personality/entp-a,https://fermatmind.com/zh/career/recommendations/mbti/entp-a,CTA,看职业方向,UNKNOWN,Target is not in current authority corpus; not labeled broken without reliable target readback.
private_route_link,HIGH,https://fermatmind.com/zh/personality/entp-a,PRIVATE_ROUTE_REDACTED:take,inline contextual,MBTI免费测试,VERIFIED,Visible internal link targets a private/sensitive route; target was not crawled.
non_corpus_internal_target,UNKNOWN,https://fermatmind.com/zh/personality/entp-a,https://fermatmind.com/zh/science,footer,测评科学,UNKNOWN,Target is not in current authority corpus; not labeled broken without reliable target readback.
non_corpus_internal_target,UNKNOWN,https://fermatmind.com/zh/personality/entp-a,https://fermatmind.com/zh/item-design-notes,footer,题目设计说明,UNKNOWN,Target is not in current authority corpus; not labeled broken without reliable target readback.
non_corpus_internal_target,UNKNOWN,https://fermatmind.com/zh/personality/entp-a,https://fermatmind.com/zh/reliability-validity,footer,信度效度,UNKNOWN,Target is not in current authority corpus; not labeled broken without reliable target readback.
non_corpus_internal_target,UNKNOWN,https://fermatmind.com/zh/personality/entp-a,https://fermatmind.com/zh/data-privacy,footer,数据说明,UNKNOWN,Target is not in current authority corpus; not labeled broken without reliable target readback.
non_corpus_internal_target,UNKNOWN,https://fermatmind.com/zh/personality/entp-a,https://fermatmind.com/zh/common-misconceptions,footer,常见误区,UNKNOWN,Target is not in current authority corpus; not labeled broken without reliable target readback.
non_corpus_internal_target,UNKNOWN,https://fermatmind.com/zh/personality/entp-a-vs-entp-t,https://fermatmind.com/zh/tests?q=,header/navigation,,UNKNOWN,Target is not in current authority corpus; not labeled broken without reliable target readback.
non_corpus_internal_target,UNKNOWN,https://fermatmind.com/zh/personality/entp-a-vs-entp-t,https://fermatmind.com/zh/science,footer,测评科学,UNKNOWN,Target is not in current authority corpus; not labeled broken without reliable target readback.
non_corpus_internal_target,UNKNOWN,https://fermatmind.com/zh/personality/entp-a-vs-entp-t,https://fermatmind.com/zh/item-design-notes,footer,题目设计说明,UNKNOWN,Target is not in current authority corpus; not labeled broken without reliable target readback.
non_corpus_internal_target,UNKNOWN,https://fermatmind.com/zh/personality/entp-a-vs-entp-t,https://fermatmind.com/zh/reliability-validity,footer,信度效度,UNKNOWN,Target is not in current authority corpus; not labeled broken without reliable target readback.
non_corpus_internal_target,UNKNOWN,https://fermatmind.com/zh/personality/entp-a-vs-entp-t,https://fermatmind.com/zh/data-privacy,footer,数据说明,UNKNOWN,Target is not in current authority corpus; not labeled broken without reliable target readback.
non_corpus_internal_target,UNKNOWN,https://fermatmind.com/zh/personality/entp-a-vs-entp-t,https://fermatmind.com/zh/common-misconceptions,footer,常见误区,UNKNOWN,Target is not in current authority corpus; not labeled broken without reliable target readback.
non_corpus_internal_target,UNKNOWN,https://fermatmind.com/zh/personality/entp-t,https://fermatmind.com/zh/tests?q=,header/navigation,,UNKNOWN,Target is not in current authority corpus; not labeled broken without reliable target readback.
non_corpus_internal_target,UNKNOWN,https://fermatmind.com/zh/personality/entp-t,https://fermatmind.com/zh/career/recommendations/mbti/entp-t,CTA,看职业方向,UNKNOWN,Target is not in current authority corpus; not labeled broken without reliable target readback.
private_route_link,HIGH,https://fermatmind.com/zh/personality/entp-t,PRIVATE_ROUTE_REDACTED:take,inline contextual,MBTI免费测试,VERIFIED,Visible internal link targets a private/sensitive route; target was not crawled.
non_corpus_internal_target,UNKNOWN,https://fermatmind.com/zh/personality/entp-t,https://fermatmind.com/zh/science,footer,测评科学,UNKNOWN,Target is not in current authority corpus; not labeled broken without reliable target readback.
non_corpus_internal_target,UNKNOWN,https://fermatmind.com/zh/personality/entp-t,https://fermatmind.com/zh/item-design-notes,footer,题目设计说明,UNKNOWN,Target is not in current authority corpus; not labeled broken without reliable target readback.
non_corpus_internal_target,UNKNOWN,https://fermatmind.com/zh/personality/entp-t,https://fermatmind.com/zh/reliability-validity,footer,信度效度,UNKNOWN,Target is not in current authority corpus; not labeled broken without reliable target readback.
non_corpus_internal_target,UNKNOWN,https://fermatmind.com/zh/personality/entp-t,https://fermatmind.com/zh/data-privacy,footer,数据说明,UNKNOWN,Target is not in current authority corpus; not labeled broken without reliable target readback.
non_corpus_internal_target,UNKNOWN,https://fermatmind.com/zh/personality/entp-t,https://fermatmind.com/zh/common-misconceptions,footer,常见误区,UNKNOWN,Target is not in current authority corpus; not labeled broken without reliable target readback.
non_corpus_internal_target,UNKNOWN,https://fermatmind.com/zh/personality/esfj,https://fermatmind.com/zh/tests?q=,header/navigation,,UNKNOWN,Target is not in current authority corpus; not labeled broken without reliable target readback.
private_route_link,HIGH,https://fermatmind.com/zh/personality/esfj,PRIVATE_ROUTE_REDACTED:take,inline contextual,MBTI免费测试,VERIFIED,Visible internal link targets a private/sensitive route; target was not crawled.
non_corpus_internal_target,UNKNOWN,https://fermatmind.com/zh/personality/esfj,https://fermatmind.com/zh/science,footer,测评科学,UNKNOWN,Target is not in current authority corpus; not labeled broken without reliable target readback.
non_corpus_internal_target,UNKNOWN,https://fermatmind.com/zh/personality/esfj,https://fermatmind.com/zh/item-design-notes,footer,题目设计说明,UNKNOWN,Target is not in current authority corpus; not labeled broken without reliable target readback.
non_corpus_internal_target,UNKNOWN,https://fermatmind.com/zh/personality/esfj,https://fermatmind.com/zh/reliability-validity,footer,信度效度,UNKNOWN,Target is not in current authority corpus; not labeled broken without reliable target readback.
non_corpus_internal_target,UNKNOWN,https://fermatmind.com/zh/personality/esfj,https://fermatmind.com/zh/data-privacy,footer,数据说明,UNKNOWN,Target is not in current authority corpus; not labeled broken without reliable target readback.
non_corpus_internal_target,UNKNOWN,https://fermatmind.com/zh/personality/esfj,https://fermatmind.com/zh/common-misconceptions,footer,常见误区,UNKNOWN,Target is not in current authority corpus; not labeled broken without reliable target readback.
non_corpus_internal_target,UNKNOWN,https://fermatmind.com/zh/personality/esfj-a,https://fermatmind.com/zh/tests?q=,header/navigation,,UNKNOWN,Target is not in current authority corpus; not labeled broken without reliable target readback.
non_corpus_internal_target,UNKNOWN,https://fermatmind.com/zh/personality/esfj-a,https://fermatmind.com/zh/career/recommendations/mbti/esfj-a,CTA,看职业方向,UNKNOWN,Target is not in current authority corpus; not labeled broken without reliable target readback.
private_route_link,HIGH,https://fermatmind.com/zh/personality/esfj-a,PRIVATE_ROUTE_REDACTED:take,inline contextual,MBTI免费测试,VERIFIED,Visible internal link targets a private/sensitive route; target was not crawled.
non_corpus_internal_target,UNKNOWN,https://fermatmind.com/zh/personality/esfj-a,https://fermatmind.com/zh/science,footer,测评科学,UNKNOWN,Target is not in current authority corpus; not labeled broken without reliable target readback.
non_corpus_internal_target,UNKNOWN,https://fermatmind.com/zh/personality/esfj-a,https://fermatmind.com/zh/item-design-notes,footer,题目设计说明,UNKNOWN,Target is not in current authority corpus; not labeled broken without reliable target readback.
non_corpus_internal_target,UNKNOWN,https://fermatmind.com/zh/personality/esfj-a,https://fermatmind.com/zh/reliability-validity,footer,信度效度,UNKNOWN,Target is not in current authority corpus; not labeled broken without reliable target readback.
non_corpus_internal_target,UNKNOWN,https://fermatmind.com/zh/personality/esfj-a,https://fermatmind.com/zh/data-privacy,footer,数据说明,UNKNOWN,Target is not in current authority corpus; not labeled broken without reliable target readback.
non_corpus_internal_target,UNKNOWN,https://fermatmind.com/zh/personality/esfj-a,https://fermatmind.com/zh/common-misconceptions,footer,常见误区,UNKNOWN,Target is not in current authority corpus; not labeled broken without reliable target readback.
non_corpus_internal_target,UNKNOWN,https://fermatmind.com/zh/personality/esfj-a-vs-esfj-t,https://fermatmind.com/zh/tests?q=,header/navigation,,UNKNOWN,Target is not in current authority corpus; not labeled broken without reliable target readback.
non_corpus_internal_target,UNKNOWN,https://fermatmind.com/zh/personality/esfj-a-vs-esfj-t,https://fermatmind.com/zh/science,footer,测评科学,UNKNOWN,Target is not in current authority corpus; not labeled broken without reliable target readback.
non_corpus_internal_target,UNKNOWN,https://fermatmind.com/zh/personality/esfj-a-vs-esfj-t,https://fermatmind.com/zh/item-design-notes,footer,题目设计说明,UNKNOWN,Target is not in current authority corpus; not labeled broken without reliable target readback.
non_corpus_internal_target,UNKNOWN,https://fermatmind.com/zh/personality/esfj-a-vs-esfj-t,https://fermatmind.com/zh/reliability-validity,footer,信度效度,UNKNOWN,Target is not in current authority corpus; not labeled broken without reliable target readback.
non_corpus_internal_target,UNKNOWN,https://fermatmind.com/zh/personality/esfj-a-vs-esfj-t,https://fermatmind.com/zh/data-privacy,footer,数据说明,UNKNOWN,Target is not in current authority corpus; not labeled broken without reliable target readback.
non_corpus_internal_target,UNKNOWN,https://fermatmind.com/zh/personality/esfj-a-vs-esfj-t,https://fermatmind.com/zh/common-misconceptions,footer,常见误区,UNKNOWN,Target is not in current authority corpus; not labeled broken without reliable target readback.
non_corpus_internal_target,UNKNOWN,https://fermatmind.com/zh/personality/esfj-t,https://fermatmind.com/zh/tests?q=,header/navigation,,UNKNOWN,Target is not in current authority corpus; not labeled broken without reliable target readback.
non_corpus_internal_target,UNKNOWN,https://fermatmind.com/zh/personality/esfj-t,https://fermatmind.com/zh/career/recommendations/mbti/esfj-t,CTA,看职业方向,UNKNOWN,Target is not in current authority corpus; not labeled broken without reliable target readback.
private_route_link,HIGH,https://fermatmind.com/zh/personality/esfj-t,PRIVATE_ROUTE_REDACTED:take,inline contextual,MBTI免费测试,VERIFIED,Visible internal link targets a private/sensitive route; target was not crawled.
non_corpus_internal_target,UNKNOWN,https://fermatmind.com/zh/personality/esfj-t,https://fermatmind.com/zh/science,footer,测评科学,UNKNOWN,Target is not in current authority corpus; not labeled broken without reliable target readback.
non_corpus_internal_target,UNKNOWN,https://fermatmind.com/zh/personality/esfj-t,https://fermatmind.com/zh/item-design-notes,footer,题目设计说明,UNKNOWN,Target is not in current authority corpus; not labeled broken without reliable target readback.
non_corpus_internal_target,UNKNOWN,https://fermatmind.com/zh/personality/esfj-t,https://fermatmind.com/zh/reliability-validity,footer,信度效度,UNKNOWN,Target is not in current authority corpus; not labeled broken without reliable target readback.
non_corpus_internal_target,UNKNOWN,https://fermatmind.com/zh/personality/esfj-t,https://fermatmind.com/zh/data-privacy,footer,数据说明,UNKNOWN,Target is not in current authority corpus; not labeled broken without reliable target readback.
non_corpus_internal_target,UNKNOWN,https://fermatmind.com/zh/personality/esfj-t,https://fermatmind.com/zh/common-misconceptions,footer,常见误区,UNKNOWN,Target is not in current authority corpus; not labeled broken without reliable target readback.
non_corpus_internal_target,UNKNOWN,https://fermatmind.com/zh/personality/esfp,https://fermatmind.com/zh/tests?q=,header/navigation,,UNKNOWN,Target is not in current authority corpus; not labeled broken without reliable target readback.
private_route_link,HIGH,https://fermatmind.com/zh/personality/esfp,PRIVATE_ROUTE_REDACTED:take,inline contextual,MBTI免费测试,VERIFIED,Visible internal link targets a private/sensitive route; target was not crawled.
non_corpus_internal_target,UNKNOWN,https://fermatmind.com/zh/personality/esfp,https://fermatmind.com/zh/science,footer,测评科学,UNKNOWN,Target is not in current authority corpus; not labeled broken without reliable target readback.
non_corpus_internal_target,UNKNOWN,https://fermatmind.com/zh/personality/esfp,https://fermatmind.com/zh/item-design-notes,footer,题目设计说明,UNKNOWN,Target is not in current authority corpus; not labeled broken without reliable target readback.
non_corpus_internal_target,UNKNOWN,https://fermatmind.com/zh/personality/esfp,https://fermatmind.com/zh/reliability-validity,footer,信度效度,UNKNOWN,Target is not in current authority corpus; not labeled broken without reliable target readback.
non_corpus_internal_target,UNKNOWN,https://fermatmind.com/zh/personality/esfp,https://fermatmind.com/zh/data-privacy,footer,数据说明,UNKNOWN,Target is not in current authority corpus; not labeled broken without reliable target readback.
non_corpus_internal_target,UNKNOWN,https://fermatmind.com/zh/personality/esfp,https://fermatmind.com/zh/common-misconceptions,footer,常见误区,UNKNOWN,Target is not in current authority corpus; not labeled broken without reliable target readback.
non_corpus_internal_target,UNKNOWN,https://fermatmind.com/zh/personality/esfp-a,https://fermatmind.com/zh/tests?q=,header/navigation,,UNKNOWN,Target is not in current authority corpus; not labeled broken without reliable target readback.
non_corpus_internal_target,UNKNOWN,https://fermatmind.com/zh/personality/esfp-a,https://fermatmind.com/zh/career/recommendations/mbti/esfp-a,CTA,看职业方向,UNKNOWN,Target is not in current authority corpus; not labeled broken without reliable target readback.
private_route_link,HIGH,https://fermatmind.com/zh/personality/esfp-a,PRIVATE_ROUTE_REDACTED:take,inline contextual,MBTI免费测试,VERIFIED,Visible internal link targets a private/sensitive route; target was not crawled.
non_corpus_internal_target,UNKNOWN,https://fermatmind.com/zh/personality/esfp-a,https://fermatmind.com/zh/science,footer,测评科学,UNKNOWN,Target is not in current authority corpus; not labeled broken without reliable target readback.
non_corpus_internal_target,UNKNOWN,https://fermatmind.com/zh/personality/esfp-a,https://fermatmind.com/zh/item-design-notes,footer,题目设计说明,UNKNOWN,Target is not in current authority corpus; not labeled broken without reliable target readback.
non_corpus_internal_target,UNKNOWN,https://fermatmind.com/zh/personality/esfp-a,https://fermatmind.com/zh/reliability-validity,footer,信度效度,UNKNOWN,Target is not in current authority corpus; not labeled broken without reliable target readback.
non_corpus_internal_target,UNKNOWN,https://fermatmind.com/zh/personality/esfp-a,https://fermatmind.com/zh/data-privacy,footer,数据说明,UNKNOWN,Target is not in current authority corpus; not labeled broken without reliable target readback.
non_corpus_internal_target,UNKNOWN,https://fermatmind.com/zh/personality/esfp-a,https://fermatmind.com/zh/common-misconceptions,footer,常见误区,UNKNOWN,Target is not in current authority corpus; not labeled broken without reliable target readback.
non_corpus_internal_target,UNKNOWN,https://fermatmind.com/zh/personality/esfp-a-vs-esfp-t,https://fermatmind.com/zh/tests?q=,header/navigation,,UNKNOWN,Target is not in current authority corpus; not labeled broken without reliable target readback.
non_corpus_internal_target,UNKNOWN,https://fermatmind.com/zh/personality/esfp-a-vs-esfp-t,https://fermatmind.com/zh/science,footer,测评科学,UNKNOWN,Target is not in current authority corpus; not labeled broken without reliable target readback.
non_corpus_internal_target,UNKNOWN,https://fermatmind.com/zh/personality/esfp-a-vs-esfp-t,https://fermatmind.com/zh/item-design-notes,footer,题目设计说明,UNKNOWN,Target is not in current authority corpus; not labeled broken without reliable target readback.
non_corpus_internal_target,UNKNOWN,https://fermatmind.com/zh/personality/esfp-a-vs-esfp-t,https://fermatmind.com/zh/reliability-validity,footer,信度效度,UNKNOWN,Target is not in current authority corpus; not labeled broken without reliable target readback.
non_corpus_internal_target,UNKNOWN,https://fermatmind.com/zh/personality/esfp-a-vs-esfp-t,https://fermatmind.com/zh/data-privacy,footer,数据说明,UNKNOWN,Target is not in current authority corpus; not labeled broken without reliable target readback.
non_corpus_internal_target,UNKNOWN,https://fermatmind.com/zh/personality/esfp-a-vs-esfp-t,https://fermatmind.com/zh/common-misconceptions,footer,常见误区,UNKNOWN,Target is not in current authority corpus; not labeled broken without reliable target readback.
non_corpus_internal_target,UNKNOWN,https://fermatmind.com/zh/personality/esfp-t,https://fermatmind.com/zh/tests?q=,header/navigation,,UNKNOWN,Target is not in current authority corpus; not labeled broken without reliable target readback.
non_corpus_internal_target,UNKNOWN,https://fermatmind.com/zh/personality/esfp-t,https://fermatmind.com/zh/career/recommendations/mbti/esfp-t,CTA,看职业方向,UNKNOWN,Target is not in current authority corpus; not labeled broken without reliable target readback.
private_route_link,HIGH,https://fermatmind.com/zh/personality/esfp-t,PRIVATE_ROUTE_REDACTED:take,inline contextual,MBTI免费测试,VERIFIED,Visible internal link targets a private/sensitive route; target was not crawled.
non_corpus_internal_target,UNKNOWN,https://fermatmind.com/zh/personality/esfp-t,https://fermatmind.com/zh/science,footer,测评科学,UNKNOWN,Target is not in current authority corpus; not labeled broken without reliable target readback.
non_corpus_internal_target,UNKNOWN,https://fermatmind.com/zh/personality/esfp-t,https://fermatmind.com/zh/item-design-notes,footer,题目设计说明,UNKNOWN,Target is not in current authority corpus; not labeled broken without reliable target readback.
non_corpus_internal_target,UNKNOWN,https://fermatmind.com/zh/personality/esfp-t,https://fermatmind.com/zh/reliability-validity,footer,信度效度,UNKNOWN,Target is not in current authority corpus; not labeled broken without reliable target readback.
non_corpus_internal_target,UNKNOWN,https://fermatmind.com/zh/personality/esfp-t,https://fermatmind.com/zh/data-privacy,footer,数据说明,UNKNOWN,Target is not in current authority corpus; not labeled broken without reliable target readback.
non_corpus_internal_target,UNKNOWN,https://fermatmind.com/zh/personality/esfp-t,https://fermatmind.com/zh/common-misconceptions,footer,常见误区,UNKNOWN,Target is not in current authority corpus; not labeled broken without reliable target readback.
non_corpus_internal_target,UNKNOWN,https://fermatmind.com/zh/personality/estj,https://fermatmind.com/zh/tests?q=,header/navigation,,UNKNOWN,Target is not in current authority corpus; not labeled broken without reliable target readback.
private_route_link,HIGH,https://fermatmind.com/zh/personality/estj,PRIVATE_ROUTE_REDACTED:take,inline contextual,MBTI免费测试,VERIFIED,Visible internal link targets a private/sensitive route; target was not crawled.
non_corpus_internal_target,UNKNOWN,https://fermatmind.com/zh/personality/estj,https://fermatmind.com/zh/science,footer,测评科学,UNKNOWN,Target is not in current authority corpus; not labeled broken without reliable target readback.
non_corpus_internal_target,UNKNOWN,https://fermatmind.com/zh/personality/estj,https://fermatmind.com/zh/item-design-notes,footer,题目设计说明,UNKNOWN,Target is not in current authority corpus; not labeled broken without reliable target readback.
non_corpus_internal_target,UNKNOWN,https://fermatmind.com/zh/personality/estj,https://fermatmind.com/zh/reliability-validity,footer,信度效度,UNKNOWN,Target is not in current authority corpus; not labeled broken without reliable target readback.
non_corpus_internal_target,UNKNOWN,https://fermatmind.com/zh/personality/estj,https://fermatmind.com/zh/data-privacy,footer,数据说明,UNKNOWN,Target is not in current authority corpus; not labeled broken without reliable target readback.
non_corpus_internal_target,UNKNOWN,https://fermatmind.com/zh/personality/estj,https://fermatmind.com/zh/common-misconceptions,footer,常见误区,UNKNOWN,Target is not in current authority corpus; not labeled broken without reliable target readback.
non_corpus_internal_target,UNKNOWN,https://fermatmind.com/zh/personality/estj-a,https://fermatmind.com/zh/tests?q=,header/navigation,,UNKNOWN,Target is not in current authority corpus; not labeled broken without reliable target readback.
non_corpus_internal_target,UNKNOWN,https://fermatmind.com/zh/personality/estj-a,https://fermatmind.com/zh/career/recommendations/mbti/estj-a,CTA,看职业方向,UNKNOWN,Target is not in current authority corpus; not labeled broken without reliable target readback.
private_route_link,HIGH,https://fermatmind.com/zh/personality/estj-a,PRIVATE_ROUTE_REDACTED:take,inline contextual,MBTI免费测试,VERIFIED,Visible internal link targets a private/sensitive route; target was not crawled.
non_corpus_internal_target,UNKNOWN,https://fermatmind.com/zh/personality/estj-a,https://fermatmind.com/zh/science,footer,测评科学,UNKNOWN,Target is not in current authority corpus; not labeled broken without reliable target readback.
non_corpus_internal_target,UNKNOWN,https://fermatmind.com/zh/personality/estj-a,https://fermatmind.com/zh/item-design-notes,footer,题目设计说明,UNKNOWN,Target is not in current authority corpus; not labeled broken without reliable target readback.
non_corpus_internal_target,UNKNOWN,https://fermatmind.com/zh/personality/estj-a,https://fermatmind.com/zh/reliability-validity,footer,信度效度,UNKNOWN,Target is not in current authority corpus; not labeled broken without reliable target readback.
non_corpus_internal_target,UNKNOWN,https://fermatmind.com/zh/personality/estj-a,https://fermatmind.com/zh/data-privacy,footer,数据说明,UNKNOWN,Target is not in current authority corpus; not labeled broken without reliable target readback.
non_corpus_internal_target,UNKNOWN,https://fermatmind.com/zh/personality/estj-a,https://fermatmind.com/zh/common-misconceptions,footer,常见误区,UNKNOWN,Target is not in current authority corpus; not labeled broken without reliable target readback.
non_corpus_internal_target,UNKNOWN,https://fermatmind.com/zh/personality/estj-a-vs-estj-t,https://fermatmind.com/zh/tests?q=,header/navigation,,UNKNOWN,Target is not in current authority corpus; not labeled broken without reliable target readback.
non_corpus_internal_target,UNKNOWN,https://fermatmind.com/zh/personality/estj-a-vs-estj-t,https://fermatmind.com/zh/science,footer,测评科学,UNKNOWN,Target is not in current authority corpus; not labeled broken without reliable target readback.
non_corpus_internal_target,UNKNOWN,https://fermatmind.com/zh/personality/estj-a-vs-estj-t,https://fermatmind.com/zh/item-design-notes,footer,题目设计说明,UNKNOWN,Target is not in current authority corpus; not labeled broken without reliable target readback.
non_corpus_internal_target,UNKNOWN,https://fermatmind.com/zh/personality/estj-a-vs-estj-t,https://fermatmind.com/zh/reliability-validity,footer,信度效度,UNKNOWN,Target is not in current authority corpus; not labeled broken without reliable target readback.
non_corpus_internal_target,UNKNOWN,https://fermatmind.com/zh/personality/estj-a-vs-estj-t,https://fermatmind.com/zh/data-privacy,footer,数据说明,UNKNOWN,Target is not in current authority corpus; not labeled broken without reliable target readback.
non_corpus_internal_target,UNKNOWN,https://fermatmind.com/zh/personality/estj-a-vs-estj-t,https://fermatmind.com/zh/common-misconceptions,footer,常见误区,UNKNOWN,Target is not in current authority corpus; not labeled broken without reliable target readback.
non_corpus_internal_target,UNKNOWN,https://fermatmind.com/zh/personality/estj-t,https://fermatmind.com/zh/tests?q=,header/navigation,,UNKNOWN,Target is not in current authority corpus; not labeled broken without reliable target readback.
non_corpus_internal_target,UNKNOWN,https://fermatmind.com/zh/personality/estj-t,https://fermatmind.com/zh/career/recommendations/mbti/estj-t,CTA,看职业方向,UNKNOWN,Target is not in current authority corpus; not labeled broken without reliable target readback.
private_route_link,HIGH,https://fermatmind.com/zh/personality/estj-t,PRIVATE_ROUTE_REDACTED:take,inline contextual,MBTI免费测试,VERIFIED,Visible internal link targets a private/sensitive route; target was not crawled.
non_corpus_internal_target,UNKNOWN,https://fermatmind.com/zh/personality/estj-t,https://fermatmind.com/zh/science,footer,测评科学,UNKNOWN,Target is not in current authority corpus; not labeled broken without reliable target readback.
non_corpus_internal_target,UNKNOWN,https://fermatmind.com/zh/personality/estj-t,https://fermatmind.com/zh/item-design-notes,footer,题目设计说明,UNKNOWN,Target is not in current authority corpus; not labeled broken without reliable target readback.
non_corpus_internal_target,UNKNOWN,https://fermatmind.com/zh/personality/estj-t,https://fermatmind.com/zh/reliability-validity,footer,信度效度,UNKNOWN,Target is not in current authority corpus; not labeled broken without reliable target readback.
non_corpus_internal_target,UNKNOWN,https://fermatmind.com/zh/personality/estj-t,https://fermatmind.com/zh/data-privacy,footer,数据说明,UNKNOWN,Target is not in current authority corpus; not labeled broken without reliable target readback.
non_corpus_internal_target,UNKNOWN,https://fermatmind.com/zh/personality/estj-t,https://fermatmind.com/zh/common-misconceptions,footer,常见误区,UNKNOWN,Target is not in current authority corpus; not labeled broken without reliable target readback.
non_corpus_internal_target,UNKNOWN,https://fermatmind.com/zh/personality/estj-vs-entj,https://fermatmind.com/zh/tests?q=,header/navigation,,UNKNOWN,Target is not in current authority corpus; not labeled broken without reliable target readback.
non_corpus_internal_target,UNKNOWN,https://fermatmind.com/zh/personality/estj-vs-entj,https://fermatmind.com/zh/science,footer,测评科学,UNKNOWN,Target is not in current authority corpus; not labeled broken without reliable target readback.
non_corpus_internal_target,UNKNOWN,https://fermatmind.com/zh/personality/estj-vs-entj,https://fermatmind.com/zh/item-design-notes,footer,题目设计说明,UNKNOWN,Target is not in current authority corpus; not labeled broken without reliable target readback.
non_corpus_internal_target,UNKNOWN,https://fermatmind.com/zh/personality/estj-vs-entj,https://fermatmind.com/zh/reliability-validity,footer,信度效度,UNKNOWN,Target is not in current authority corpus; not labeled broken without reliable target readback.
non_corpus_internal_target,UNKNOWN,https://fermatmind.com/zh/personality/estj-vs-entj,https://fermatmind.com/zh/data-privacy,footer,数据说明,UNKNOWN,Target is not in current authority corpus; not labeled broken without reliable target readback.
non_corpus_internal_target,UNKNOWN,https://fermatmind.com/zh/personality/estj-vs-entj,https://fermatmind.com/zh/common-misconceptions,footer,常见误区,UNKNOWN,Target is not in current authority corpus; not labeled broken without reliable target readback.
non_corpus_internal_target,UNKNOWN,https://fermatmind.com/zh/personality/estp,https://fermatmind.com/zh/tests?q=,header/navigation,,UNKNOWN,Target is not in current authority corpus; not labeled broken without reliable target readback.
private_route_link,HIGH,https://fermatmind.com/zh/personality/estp,PRIVATE_ROUTE_REDACTED:take,inline contextual,MBTI免费测试,VERIFIED,Visible internal link targets a private/sensitive route; target was not crawled.
non_corpus_internal_target,UNKNOWN,https://fermatmind.com/zh/personality/estp,https://fermatmind.com/zh/science,footer,测评科学,UNKNOWN,Target is not in current authority corpus; not labeled broken without reliable target readback.
non_corpus_internal_target,UNKNOWN,https://fermatmind.com/zh/personality/estp,https://fermatmind.com/zh/item-design-notes,footer,题目设计说明,UNKNOWN,Target is not in current authority corpus; not labeled broken without reliable target readback.
non_corpus_internal_target,UNKNOWN,https://fermatmind.com/zh/personality/estp,https://fermatmind.com/zh/reliability-validity,footer,信度效度,UNKNOWN,Target is not in current authority corpus; not labeled broken without reliable target readback.
non_corpus_internal_target,UNKNOWN,https://fermatmind.com/zh/personality/estp,https://fermatmind.com/zh/data-privacy,footer,数据说明,UNKNOWN,Target is not in current authority corpus; not labeled broken without reliable target readback.
non_corpus_internal_target,UNKNOWN,https://fermatmind.com/zh/personality/estp,https://fermatmind.com/zh/common-misconceptions,footer,常见误区,UNKNOWN,Target is not in current authority corpus; not labeled broken without reliable target readback.
non_corpus_internal_target,UNKNOWN,https://fermatmind.com/zh/personality/estp-a,https://fermatmind.com/zh/tests?q=,header/navigation,,UNKNOWN,Target is not in current authority corpus; not labeled broken without reliable target readback.
non_corpus_internal_target,UNKNOWN,https://fermatmind.com/zh/personality/estp-a,https://fermatmind.com/zh/career/recommendations/mbti/estp-a,CTA,看职业方向,UNKNOWN,Target is not in current authority corpus; not labeled broken without reliable target readback.
private_route_link,HIGH,https://fermatmind.com/zh/personality/estp-a,PRIVATE_ROUTE_REDACTED:take,inline contextual,MBTI免费测试,VERIFIED,Visible internal link targets a private/sensitive route; target was not crawled.
non_corpus_internal_target,UNKNOWN,https://fermatmind.com/zh/personality/estp-a,https://fermatmind.com/zh/science,footer,测评科学,UNKNOWN,Target is not in current authority corpus; not labeled broken without reliable target readback.
non_corpus_internal_target,UNKNOWN,https://fermatmind.com/zh/personality/estp-a,https://fermatmind.com/zh/item-design-notes,footer,题目设计说明,UNKNOWN,Target is not in current authority corpus; not labeled broken without reliable target readback.
non_corpus_internal_target,UNKNOWN,https://fermatmind.com/zh/personality/estp-a,https://fermatmind.com/zh/reliability-validity,footer,信度效度,UNKNOWN,Target is not in current authority corpus; not labeled broken without reliable target readback.
non_corpus_internal_target,UNKNOWN,https://fermatmind.com/zh/personality/estp-a,https://fermatmind.com/zh/data-privacy,footer,数据说明,UNKNOWN,Target is not in current authority corpus; not labeled broken without reliable target readback.
non_corpus_internal_target,UNKNOWN,https://fermatmind.com/zh/personality/estp-a,https://fermatmind.com/zh/common-misconceptions,footer,常见误区,UNKNOWN,Target is not in current authority corpus; not labeled broken without reliable target readback.
non_corpus_internal_target,UNKNOWN,https://fermatmind.com/zh/personality/estp-a-vs-estp-t,https://fermatmind.com/zh/tests?q=,header/navigation,,UNKNOWN,Target is not in current authority corpus; not labeled broken without reliable target readback.
non_corpus_internal_target,UNKNOWN,https://fermatmind.com/zh/personality/estp-a-vs-estp-t,https://fermatmind.com/zh/science,footer,测评科学,UNKNOWN,Target is not in current authority corpus; not labeled broken without reliable target readback.
non_corpus_internal_target,UNKNOWN,https://fermatmind.com/zh/personality/estp-a-vs-estp-t,https://fermatmind.com/zh/item-design-notes,footer,题目设计说明,UNKNOWN,Target is not in current authority corpus; not labeled broken without reliable target readback.
non_corpus_internal_target,UNKNOWN,https://fermatmind.com/zh/personality/estp-a-vs-estp-t,https://fermatmind.com/zh/reliability-validity,footer,信度效度,UNKNOWN,Target is not in current authority corpus; not labeled broken without reliable target readback.
non_corpus_internal_target,UNKNOWN,https://fermatmind.com/zh/personality/estp-a-vs-estp-t,https://fermatmind.com/zh/data-privacy,footer,数据说明,UNKNOWN,Target is not in current authority corpus; not labeled broken without reliable target readback.
non_corpus_internal_target,UNKNOWN,https://fermatmind.com/zh/personality/estp-a-vs-estp-t,https://fermatmind.com/zh/common-misconceptions,footer,常见误区,UNKNOWN,Target is not in current authority corpus; not labeled broken without reliable target readback.
non_corpus_internal_target,UNKNOWN,https://fermatmind.com/zh/personality/estp-t,https://fermatmind.com/zh/tests?q=,header/navigation,,UNKNOWN,Target is not in current authority corpus; not labeled broken without reliable target readback.
non_corpus_internal_target,UNKNOWN,https://fermatmind.com/zh/personality/estp-t,https://fermatmind.com/zh/career/recommendations/mbti/estp-t,CTA,看职业方向,UNKNOWN,Target is not in current authority corpus; not labeled broken without reliable target readback.
private_route_link,HIGH,https://fermatmind.com/zh/personality/estp-t,PRIVATE_ROUTE_REDACTED:take,inline contextual,MBTI免费测试,VERIFIED,Visible internal link targets a private/sensitive route; target was not crawled.
non_corpus_internal_target,UNKNOWN,https://fermatmind.com/zh/personality/estp-t,https://fermatmind.com/zh/science,footer,测评科学,UNKNOWN,Target is not in current authority corpus; not labeled broken without reliable target readback.
non_corpus_internal_target,UNKNOWN,https://fermatmind.com/zh/personality/estp-t,https://fermatmind.com/zh/item-design-notes,footer,题目设计说明,UNKNOWN,Target is not in current authority corpus; not labeled broken without reliable target readback.
non_corpus_internal_target,UNKNOWN,https://fermatmind.com/zh/personality/estp-t,https://fermatmind.com/zh/reliability-validity,footer,信度效度,UNKNOWN,Target is not in current authority corpus; not labeled broken without reliable target readback.
non_corpus_internal_target,UNKNOWN,https://fermatmind.com/zh/personality/estp-t,https://fermatmind.com/zh/data-privacy,footer,数据说明,UNKNOWN,Target is not in current authority corpus; not labeled broken without reliable target readback.
non_corpus_internal_target,UNKNOWN,https://fermatmind.com/zh/personality/estp-t,https://fermatmind.com/zh/common-misconceptions,footer,常见误区,UNKNOWN,Target is not in current authority corpus; not labeled broken without reliable target readback.
non_corpus_internal_target,UNKNOWN,https://fermatmind.com/zh/personality/infj,https://fermatmind.com/zh/tests?q=,header/navigation,,UNKNOWN,Target is not in current authority corpus; not labeled broken without reliable target readback.
private_route_link,HIGH,https://fermatmind.com/zh/personality/infj,PRIVATE_ROUTE_REDACTED:take,inline contextual,MBTI免费测试,VERIFIED,Visible internal link targets a private/sensitive route; target was not crawled.
non_corpus_internal_target,UNKNOWN,https://fermatmind.com/zh/personality/infj,https://fermatmind.com/zh/science,footer,测评科学,UNKNOWN,Target is not in current authority corpus; not labeled broken without reliable target readback.
non_corpus_internal_target,UNKNOWN,https://fermatmind.com/zh/personality/infj,https://fermatmind.com/zh/item-design-notes,footer,题目设计说明,UNKNOWN,Target is not in current authority corpus; not labeled broken without reliable target readback.
non_corpus_internal_target,UNKNOWN,https://fermatmind.com/zh/personality/infj,https://fermatmind.com/zh/reliability-validity,footer,信度效度,UNKNOWN,Target is not in current authority corpus; not labeled broken without reliable target readback.
non_corpus_internal_target,UNKNOWN,https://fermatmind.com/zh/personality/infj,https://fermatmind.com/zh/data-privacy,footer,数据说明,UNKNOWN,Target is not in current authority corpus; not labeled broken without reliable target readback.
non_corpus_internal_target,UNKNOWN,https://fermatmind.com/zh/personality/infj,https://fermatmind.com/zh/common-misconceptions,footer,常见误区,UNKNOWN,Target is not in current authority corpus; not labeled broken without reliable target readback.
non_corpus_internal_target,UNKNOWN,https://fermatmind.com/zh/personality/infj-a,https://fermatmind.com/zh/tests?q=,header/navigation,,UNKNOWN,Target is not in current authority corpus; not labeled broken without reliable target readback.
non_corpus_internal_target,UNKNOWN,https://fermatmind.com/zh/personality/infj-a,https://fermatmind.com/zh/career/recommendations/mbti/infj-a,CTA,看职业方向,UNKNOWN,Target is not in current authority corpus; not labeled broken without reliable target readback.
private_route_link,HIGH,https://fermatmind.com/zh/personality/infj-a,PRIVATE_ROUTE_REDACTED:take,inline contextual,MBTI免费测试,VERIFIED,Visible internal link targets a private/sensitive route; target was not crawled.
non_corpus_internal_target,UNKNOWN,https://fermatmind.com/zh/personality/infj-a,https://fermatmind.com/zh/science,footer,测评科学,UNKNOWN,Target is not in current authority corpus; not labeled broken without reliable target readback.
non_corpus_internal_target,UNKNOWN,https://fermatmind.com/zh/personality/infj-a,https://fermatmind.com/zh/item-design-notes,footer,题目设计说明,UNKNOWN,Target is not in current authority corpus; not labeled broken without reliable target readback.
non_corpus_internal_target,UNKNOWN,https://fermatmind.com/zh/personality/infj-a,https://fermatmind.com/zh/reliability-validity,footer,信度效度,UNKNOWN,Target is not in current authority corpus; not labeled broken without reliable target readback.
non_corpus_internal_target,UNKNOWN,https://fermatmind.com/zh/personality/infj-a,https://fermatmind.com/zh/data-privacy,footer,数据说明,UNKNOWN,Target is not in current authority corpus; not labeled broken without reliable target readback.
non_corpus_internal_target,UNKNOWN,https://fermatmind.com/zh/personality/infj-a,https://fermatmind.com/zh/common-misconceptions,footer,常见误区,UNKNOWN,Target is not in current authority corpus; not labeled broken without reliable target readback.
non_corpus_internal_target,UNKNOWN,https://fermatmind.com/zh/personality/infj-a-vs-infj-t,https://fermatmind.com/zh/tests?q=,header/navigation,,UNKNOWN,Target is not in current authority corpus; not labeled broken without reliable target readback.
non_corpus_internal_target,UNKNOWN,https://fermatmind.com/zh/personality/infj-a-vs-infj-t,https://fermatmind.com/zh/science,footer,测评科学,UNKNOWN,Target is not in current authority corpus; not labeled broken without reliable target readback.
non_corpus_internal_target,UNKNOWN,https://fermatmind.com/zh/personality/infj-a-vs-infj-t,https://fermatmind.com/zh/item-design-notes,footer,题目设计说明,UNKNOWN,Target is not in current authority corpus; not labeled broken without reliable target readback.
non_corpus_internal_target,UNKNOWN,https://fermatmind.com/zh/personality/infj-a-vs-infj-t,https://fermatmind.com/zh/reliability-validity,footer,信度效度,UNKNOWN,Target is not in current authority corpus; not labeled broken without reliable target readback.
non_corpus_internal_target,UNKNOWN,https://fermatmind.com/zh/personality/infj-a-vs-infj-t,https://fermatmind.com/zh/data-privacy,footer,数据说明,UNKNOWN,Target is not in current authority corpus; not labeled broken without reliable target readback.
non_corpus_internal_target,UNKNOWN,https://fermatmind.com/zh/personality/infj-a-vs-infj-t,https://fermatmind.com/zh/common-misconceptions,footer,常见误区,UNKNOWN,Target is not in current authority corpus; not labeled broken without reliable target readback.
non_corpus_internal_target,UNKNOWN,https://fermatmind.com/zh/personality/infj-t,https://fermatmind.com/zh/tests?q=,header/navigation,,UNKNOWN,Target is not in current authority corpus; not labeled broken without reliable target readback.
non_corpus_internal_target,UNKNOWN,https://fermatmind.com/zh/personality/infj-t,https://fermatmind.com/zh/career/recommendations/mbti/infj-t,CTA,看职业方向,UNKNOWN,Target is not in current authority corpus; not labeled broken without reliable target readback.
private_route_link,HIGH,https://fermatmind.com/zh/personality/infj-t,PRIVATE_ROUTE_REDACTED:take,inline contextual,MBTI免费测试,VERIFIED,Visible internal link targets a private/sensitive route; target was not crawled.
non_corpus_internal_target,UNKNOWN,https://fermatmind.com/zh/personality/infj-t,https://fermatmind.com/zh/science,footer,测评科学,UNKNOWN,Target is not in current authority corpus; not labeled broken without reliable target readback.
non_corpus_internal_target,UNKNOWN,https://fermatmind.com/zh/personality/infj-t,https://fermatmind.com/zh/item-design-notes,footer,题目设计说明,UNKNOWN,Target is not in current authority corpus; not labeled broken without reliable target readback.
non_corpus_internal_target,UNKNOWN,https://fermatmind.com/zh/personality/infj-t,https://fermatmind.com/zh/reliability-validity,footer,信度效度,UNKNOWN,Target is not in current authority corpus; not labeled broken without reliable target readback.
non_corpus_internal_target,UNKNOWN,https://fermatmind.com/zh/personality/infj-t,https://fermatmind.com/zh/data-privacy,footer,数据说明,UNKNOWN,Target is not in current authority corpus; not labeled broken without reliable target readback.
non_corpus_internal_target,UNKNOWN,https://fermatmind.com/zh/personality/infj-t,https://fermatmind.com/zh/common-misconceptions,footer,常见误区,UNKNOWN,Target is not in current authority corpus; not labeled broken without reliable target readback.
non_corpus_internal_target,UNKNOWN,https://fermatmind.com/zh/personality/infj-vs-infp,https://fermatmind.com/zh/tests?q=,header/navigation,,UNKNOWN,Target is not in current authority corpus; not labeled broken without reliable target readback.
non_corpus_internal_target,UNKNOWN,https://fermatmind.com/zh/personality/infj-vs-infp,https://fermatmind.com/zh/science,footer,测评科学,UNKNOWN,Target is not in current authority corpus; not labeled broken without reliable target readback.
non_corpus_internal_target,UNKNOWN,https://fermatmind.com/zh/personality/infj-vs-infp,https://fermatmind.com/zh/item-design-notes,footer,题目设计说明,UNKNOWN,Target is not in current authority corpus; not labeled broken without reliable target readback.
non_corpus_internal_target,UNKNOWN,https://fermatmind.com/zh/personality/infj-vs-infp,https://fermatmind.com/zh/reliability-validity,footer,信度效度,UNKNOWN,Target is not in current authority corpus; not labeled broken without reliable target readback.
non_corpus_internal_target,UNKNOWN,https://fermatmind.com/zh/personality/infj-vs-infp,https://fermatmind.com/zh/data-privacy,footer,数据说明,UNKNOWN,Target is not in current authority corpus; not labeled broken without reliable target readback.
non_corpus_internal_target,UNKNOWN,https://fermatmind.com/zh/personality/infj-vs-infp,https://fermatmind.com/zh/common-misconceptions,footer,常见误区,UNKNOWN,Target is not in current authority corpus; not labeled broken without reliable target readback.
non_corpus_internal_target,UNKNOWN,https://fermatmind.com/zh/personality/infp,https://fermatmind.com/zh/tests?q=,header/navigation,,UNKNOWN,Target is not in current authority corpus; not labeled broken without reliable target readback.
private_route_link,HIGH,https://fermatmind.com/zh/personality/infp,PRIVATE_ROUTE_REDACTED:take,inline contextual,MBTI免费测试,VERIFIED,Visible internal link targets a private/sensitive route; target was not crawled.
non_corpus_internal_target,UNKNOWN,https://fermatmind.com/zh/personality/infp,https://fermatmind.com/zh/science,footer,测评科学,UNKNOWN,Target is not in current authority corpus; not labeled broken without reliable target readback.
non_corpus_internal_target,UNKNOWN,https://fermatmind.com/zh/personality/infp,https://fermatmind.com/zh/item-design-notes,footer,题目设计说明,UNKNOWN,Target is not in current authority corpus; not labeled broken without reliable target readback.
non_corpus_internal_target,UNKNOWN,https://fermatmind.com/zh/personality/infp,https://fermatmind.com/zh/reliability-validity,footer,信度效度,UNKNOWN,Target is not in current authority corpus; not labeled broken without reliable target readback.
non_corpus_internal_target,UNKNOWN,https://fermatmind.com/zh/personality/infp,https://fermatmind.com/zh/data-privacy,footer,数据说明,UNKNOWN,Target is not in current authority corpus; not labeled broken without reliable target readback.
non_corpus_internal_target,UNKNOWN,https://fermatmind.com/zh/personality/infp,https://fermatmind.com/zh/common-misconceptions,footer,常见误区,UNKNOWN,Target is not in current authority corpus; not labeled broken without reliable target readback.
non_corpus_internal_target,UNKNOWN,https://fermatmind.com/zh/personality/infp-a,https://fermatmind.com/zh/tests?q=,header/navigation,,UNKNOWN,Target is not in current authority corpus; not labeled broken without reliable target readback.
non_corpus_internal_target,UNKNOWN,https://fermatmind.com/zh/personality/infp-a,https://fermatmind.com/zh/career/recommendations/mbti/infp-a,CTA,看职业方向,UNKNOWN,Target is not in current authority corpus; not labeled broken without reliable target readback.
private_route_link,HIGH,https://fermatmind.com/zh/personality/infp-a,PRIVATE_ROUTE_REDACTED:take,inline contextual,MBTI免费测试,VERIFIED,Visible internal link targets a private/sensitive route; target was not crawled.
non_corpus_internal_target,UNKNOWN,https://fermatmind.com/zh/personality/infp-a,https://fermatmind.com/zh/science,footer,测评科学,UNKNOWN,Target is not in current authority corpus; not labeled broken without reliable target readback.
non_corpus_internal_target,UNKNOWN,https://fermatmind.com/zh/personality/infp-a,https://fermatmind.com/zh/item-design-notes,footer,题目设计说明,UNKNOWN,Target is not in current authority corpus; not labeled broken without reliable target readback.
non_corpus_internal_target,UNKNOWN,https://fermatmind.com/zh/personality/infp-a,https://fermatmind.com/zh/reliability-validity,footer,信度效度,UNKNOWN,Target is not in current authority corpus; not labeled broken without reliable target readback.
non_corpus_internal_target,UNKNOWN,https://fermatmind.com/zh/personality/infp-a,https://fermatmind.com/zh/data-privacy,footer,数据说明,UNKNOWN,Target is not in current authority corpus; not labeled broken without reliable target readback.
non_corpus_internal_target,UNKNOWN,https://fermatmind.com/zh/personality/infp-a,https://fermatmind.com/zh/common-misconceptions,footer,常见误区,UNKNOWN,Target is not in current authority corpus; not labeled broken without reliable target readback.
non_corpus_internal_target,UNKNOWN,https://fermatmind.com/zh/personality/infp-a-vs-infp-t,https://fermatmind.com/zh/tests?q=,header/navigation,,UNKNOWN,Target is not in current authority corpus; not labeled broken without reliable target readback.
non_corpus_internal_target,UNKNOWN,https://fermatmind.com/zh/personality/infp-a-vs-infp-t,https://fermatmind.com/zh/science,footer,测评科学,UNKNOWN,Target is not in current authority corpus; not labeled broken without reliable target readback.
non_corpus_internal_target,UNKNOWN,https://fermatmind.com/zh/personality/infp-a-vs-infp-t,https://fermatmind.com/zh/item-design-notes,footer,题目设计说明,UNKNOWN,Target is not in current authority corpus; not labeled broken without reliable target readback.
non_corpus_internal_target,UNKNOWN,https://fermatmind.com/zh/personality/infp-a-vs-infp-t,https://fermatmind.com/zh/reliability-validity,footer,信度效度,UNKNOWN,Target is not in current authority corpus; not labeled broken without reliable target readback.
non_corpus_internal_target,UNKNOWN,https://fermatmind.com/zh/personality/infp-a-vs-infp-t,https://fermatmind.com/zh/data-privacy,footer,数据说明,UNKNOWN,Target is not in current authority corpus; not labeled broken without reliable target readback.
non_corpus_internal_target,UNKNOWN,https://fermatmind.com/zh/personality/infp-a-vs-infp-t,https://fermatmind.com/zh/common-misconceptions,footer,常见误区,UNKNOWN,Target is not in current authority corpus; not labeled broken without reliable target readback.
non_corpus_internal_target,UNKNOWN,https://fermatmind.com/zh/personality/infp-t,https://fermatmind.com/zh/tests?q=,header/navigation,,UNKNOWN,Target is not in current authority corpus; not labeled broken without reliable target readback.
non_corpus_internal_target,UNKNOWN,https://fermatmind.com/zh/personality/infp-t,https://fermatmind.com/zh/career/recommendations/mbti/infp-t,CTA,看职业方向,UNKNOWN,Target is not in current authority corpus; not labeled broken without reliable target readback.
private_route_link,HIGH,https://fermatmind.com/zh/personality/infp-t,PRIVATE_ROUTE_REDACTED:take,inline contextual,MBTI免费测试,VERIFIED,Visible internal link targets a private/sensitive route; target was not crawled.
non_corpus_internal_target,UNKNOWN,https://fermatmind.com/zh/personality/infp-t,https://fermatmind.com/zh/science,footer,测评科学,UNKNOWN,Target is not in current authority corpus; not labeled broken without reliable target readback.
non_corpus_internal_target,UNKNOWN,https://fermatmind.com/zh/personality/infp-t,https://fermatmind.com/zh/item-design-notes,footer,题目设计说明,UNKNOWN,Target is not in current authority corpus; not labeled broken without reliable target readback.
non_corpus_internal_target,UNKNOWN,https://fermatmind.com/zh/personality/infp-t,https://fermatmind.com/zh/reliability-validity,footer,信度效度,UNKNOWN,Target is not in current authority corpus; not labeled broken without reliable target readback.
non_corpus_internal_target,UNKNOWN,https://fermatmind.com/zh/personality/infp-t,https://fermatmind.com/zh/data-privacy,footer,数据说明,UNKNOWN,Target is not in current authority corpus; not labeled broken without reliable target readback.
non_corpus_internal_target,UNKNOWN,https://fermatmind.com/zh/personality/infp-t,https://fermatmind.com/zh/common-misconceptions,footer,常见误区,UNKNOWN,Target is not in current authority corpus; not labeled broken without reliable target readback.
non_corpus_internal_target,UNKNOWN,https://fermatmind.com/zh/personality/intj,https://fermatmind.com/zh/tests?q=,header/navigation,,UNKNOWN,Target is not in current authority corpus; not labeled broken without reliable target readback.
private_route_link,HIGH,https://fermatmind.com/zh/personality/intj,PRIVATE_ROUTE_REDACTED:take,inline contextual,MBTI免费测试,VERIFIED,Visible internal link targets a private/sensitive route; target was not crawled.
non_corpus_internal_target,UNKNOWN,https://fermatmind.com/zh/personality/intj,https://fermatmind.com/zh/science,footer,测评科学,UNKNOWN,Target is not in current authority corpus; not labeled broken without reliable target readback.
non_corpus_internal_target,UNKNOWN,https://fermatmind.com/zh/personality/intj,https://fermatmind.com/zh/item-design-notes,footer,题目设计说明,UNKNOWN,Target is not in current authority corpus; not labeled broken without reliable target readback.
non_corpus_internal_target,UNKNOWN,https://fermatmind.com/zh/personality/intj,https://fermatmind.com/zh/reliability-validity,footer,信度效度,UNKNOWN,Target is not in current authority corpus; not labeled broken without reliable target readback.
non_corpus_internal_target,UNKNOWN,https://fermatmind.com/zh/personality/intj,https://fermatmind.com/zh/data-privacy,footer,数据说明,UNKNOWN,Target is not in current authority corpus; not labeled broken without reliable target readback.
non_corpus_internal_target,UNKNOWN,https://fermatmind.com/zh/personality/intj,https://fermatmind.com/zh/common-misconceptions,footer,常见误区,UNKNOWN,Target is not in current authority corpus; not labeled broken without reliable target readback.
non_corpus_internal_target,UNKNOWN,https://fermatmind.com/zh/personality/intj-a,https://fermatmind.com/zh/tests?q=,header/navigation,,UNKNOWN,Target is not in current authority corpus; not labeled broken without reliable target readback.
non_corpus_internal_target,UNKNOWN,https://fermatmind.com/zh/personality/intj-a,https://fermatmind.com/zh/career/recommendations/mbti/intj-a,CTA,看职业方向,UNKNOWN,Target is not in current authority corpus; not labeled broken without reliable target readback.
private_route_link,HIGH,https://fermatmind.com/zh/personality/intj-a,PRIVATE_ROUTE_REDACTED:take,inline contextual,MBTI免费测试,VERIFIED,Visible internal link targets a private/sensitive route; target was not crawled.
non_corpus_internal_target,UNKNOWN,https://fermatmind.com/zh/personality/intj-a,https://fermatmind.com/zh/science,footer,测评科学,UNKNOWN,Target is not in current authority corpus; not labeled broken without reliable target readback.
non_corpus_internal_target,UNKNOWN,https://fermatmind.com/zh/personality/intj-a,https://fermatmind.com/zh/item-design-notes,footer,题目设计说明,UNKNOWN,Target is not in current authority corpus; not labeled broken without reliable target readback.
non_corpus_internal_target,UNKNOWN,https://fermatmind.com/zh/personality/intj-a,https://fermatmind.com/zh/reliability-validity,footer,信度效度,UNKNOWN,Target is not in current authority corpus; not labeled broken without reliable target readback.
non_corpus_internal_target,UNKNOWN,https://fermatmind.com/zh/personality/intj-a,https://fermatmind.com/zh/data-privacy,footer,数据说明,UNKNOWN,Target is not in current authority corpus; not labeled broken without reliable target readback.
non_corpus_internal_target,UNKNOWN,https://fermatmind.com/zh/personality/intj-a,https://fermatmind.com/zh/common-misconceptions,footer,常见误区,UNKNOWN,Target is not in current authority corpus; not labeled broken without reliable target readback.
non_corpus_internal_target,UNKNOWN,https://fermatmind.com/zh/personality/intj-a-vs-intj-t,https://fermatmind.com/zh/tests?q=,header/navigation,,UNKNOWN,Target is not in current authority corpus; not labeled broken without reliable target readback.
non_corpus_internal_target,UNKNOWN,https://fermatmind.com/zh/personality/intj-a-vs-intj-t,https://fermatmind.com/zh/science,footer,测评科学,UNKNOWN,Target is not in current authority corpus; not labeled broken without reliable target readback.
non_corpus_internal_target,UNKNOWN,https://fermatmind.com/zh/personality/intj-a-vs-intj-t,https://fermatmind.com/zh/item-design-notes,footer,题目设计说明,UNKNOWN,Target is not in current authority corpus; not labeled broken without reliable target readback.
non_corpus_internal_target,UNKNOWN,https://fermatmind.com/zh/personality/intj-a-vs-intj-t,https://fermatmind.com/zh/reliability-validity,footer,信度效度,UNKNOWN,Target is not in current authority corpus; not labeled broken without reliable target readback.
non_corpus_internal_target,UNKNOWN,https://fermatmind.com/zh/personality/intj-a-vs-intj-t,https://fermatmind.com/zh/data-privacy,footer,数据说明,UNKNOWN,Target is not in current authority corpus; not labeled broken without reliable target readback.
non_corpus_internal_target,UNKNOWN,https://fermatmind.com/zh/personality/intj-a-vs-intj-t,https://fermatmind.com/zh/common-misconceptions,footer,常见误区,UNKNOWN,Target is not in current authority corpus; not labeled broken without reliable target readback.
non_corpus_internal_target,UNKNOWN,https://fermatmind.com/zh/personality/intj-t,https://fermatmind.com/zh/tests?q=,header/navigation,,UNKNOWN,Target is not in current authority corpus; not labeled broken without reliable target readback.
non_corpus_internal_target,UNKNOWN,https://fermatmind.com/zh/personality/intj-t,https://fermatmind.com/zh/career/recommendations/mbti/intj-t,CTA,看职业方向,UNKNOWN,Target is not in current authority corpus; not labeled broken without reliable target readback.
private_route_link,HIGH,https://fermatmind.com/zh/personality/intj-t,PRIVATE_ROUTE_REDACTED:take,inline contextual,MBTI免费测试,VERIFIED,Visible internal link targets a private/sensitive route; target was not crawled.
non_corpus_internal_target,UNKNOWN,https://fermatmind.com/zh/personality/intj-t,https://fermatmind.com/zh/science,footer,测评科学,UNKNOWN,Target is not in current authority corpus; not labeled broken without reliable target readback.
non_corpus_internal_target,UNKNOWN,https://fermatmind.com/zh/personality/intj-t,https://fermatmind.com/zh/item-design-notes,footer,题目设计说明,UNKNOWN,Target is not in current authority corpus; not labeled broken without reliable target readback.
non_corpus_internal_target,UNKNOWN,https://fermatmind.com/zh/personality/intj-t,https://fermatmind.com/zh/reliability-validity,footer,信度效度,UNKNOWN,Target is not in current authority corpus; not labeled broken without reliable target readback.
non_corpus_internal_target,UNKNOWN,https://fermatmind.com/zh/personality/intj-t,https://fermatmind.com/zh/data-privacy,footer,数据说明,UNKNOWN,Target is not in current authority corpus; not labeled broken without reliable target readback.
non_corpus_internal_target,UNKNOWN,https://fermatmind.com/zh/personality/intj-t,https://fermatmind.com/zh/common-misconceptions,footer,常见误区,UNKNOWN,Target is not in current authority corpus; not labeled broken without reliable target readback.
non_corpus_internal_target,UNKNOWN,https://fermatmind.com/zh/personality/intj-vs-intp,https://fermatmind.com/zh/tests?q=,header/navigation,,UNKNOWN,Target is not in current authority corpus; not labeled broken without reliable target readback.
non_corpus_internal_target,UNKNOWN,https://fermatmind.com/zh/personality/intj-vs-intp,https://fermatmind.com/zh/science,footer,测评科学,UNKNOWN,Target is not in current authority corpus; not labeled broken without reliable target readback.
non_corpus_internal_target,UNKNOWN,https://fermatmind.com/zh/personality/intj-vs-intp,https://fermatmind.com/zh/item-design-notes,footer,题目设计说明,UNKNOWN,Target is not in current authority corpus; not labeled broken without reliable target readback.
non_corpus_internal_target,UNKNOWN,https://fermatmind.com/zh/personality/intj-vs-intp,https://fermatmind.com/zh/reliability-validity,footer,信度效度,UNKNOWN,Target is not in current authority corpus; not labeled broken without reliable target readback.
non_corpus_internal_target,UNKNOWN,https://fermatmind.com/zh/personality/intj-vs-intp,https://fermatmind.com/zh/data-privacy,footer,数据说明,UNKNOWN,Target is not in current authority corpus; not labeled broken without reliable target readback.
non_corpus_internal_target,UNKNOWN,https://fermatmind.com/zh/personality/intj-vs-intp,https://fermatmind.com/zh/common-misconceptions,footer,常见误区,UNKNOWN,Target is not in current authority corpus; not labeled broken without reliable target readback.
non_corpus_internal_target,UNKNOWN,https://fermatmind.com/zh/personality/intp,https://fermatmind.com/zh/tests?q=,header/navigation,,UNKNOWN,Target is not in current authority corpus; not labeled broken without reliable target readback.
private_route_link,HIGH,https://fermatmind.com/zh/personality/intp,PRIVATE_ROUTE_REDACTED:take,inline contextual,MBTI免费测试,VERIFIED,Visible internal link targets a private/sensitive route; target was not crawled.
non_corpus_internal_target,UNKNOWN,https://fermatmind.com/zh/personality/intp,https://fermatmind.com/zh/science,footer,测评科学,UNKNOWN,Target is not in current authority corpus; not labeled broken without reliable target readback.
non_corpus_internal_target,UNKNOWN,https://fermatmind.com/zh/personality/intp,https://fermatmind.com/zh/item-design-notes,footer,题目设计说明,UNKNOWN,Target is not in current authority corpus; not labeled broken without reliable target readback.
non_corpus_internal_target,UNKNOWN,https://fermatmind.com/zh/personality/intp,https://fermatmind.com/zh/reliability-validity,footer,信度效度,UNKNOWN,Target is not in current authority corpus; not labeled broken without reliable target readback.
non_corpus_internal_target,UNKNOWN,https://fermatmind.com/zh/personality/intp,https://fermatmind.com/zh/data-privacy,footer,数据说明,UNKNOWN,Target is not in current authority corpus; not labeled broken without reliable target readback.
non_corpus_internal_target,UNKNOWN,https://fermatmind.com/zh/personality/intp,https://fermatmind.com/zh/common-misconceptions,footer,常见误区,UNKNOWN,Target is not in current authority corpus; not labeled broken without reliable target readback.
non_corpus_internal_target,UNKNOWN,https://fermatmind.com/zh/personality/intp-a,https://fermatmind.com/zh/tests?q=,header/navigation,,UNKNOWN,Target is not in current authority corpus; not labeled broken without reliable target readback.
non_corpus_internal_target,UNKNOWN,https://fermatmind.com/zh/personality/intp-a,https://fermatmind.com/zh/career/recommendations/mbti/intp-a,CTA,看职业方向,UNKNOWN,Target is not in current authority corpus; not labeled broken without reliable target readback.
private_route_link,HIGH,https://fermatmind.com/zh/personality/intp-a,PRIVATE_ROUTE_REDACTED:take,inline contextual,MBTI免费测试,VERIFIED,Visible internal link targets a private/sensitive route; target was not crawled.
non_corpus_internal_target,UNKNOWN,https://fermatmind.com/zh/personality/intp-a,https://fermatmind.com/zh/science,footer,测评科学,UNKNOWN,Target is not in current authority corpus; not labeled broken without reliable target readback.
non_corpus_internal_target,UNKNOWN,https://fermatmind.com/zh/personality/intp-a,https://fermatmind.com/zh/item-design-notes,footer,题目设计说明,UNKNOWN,Target is not in current authority corpus; not labeled broken without reliable target readback.
non_corpus_internal_target,UNKNOWN,https://fermatmind.com/zh/personality/intp-a,https://fermatmind.com/zh/reliability-validity,footer,信度效度,UNKNOWN,Target is not in current authority corpus; not labeled broken without reliable target readback.
non_corpus_internal_target,UNKNOWN,https://fermatmind.com/zh/personality/intp-a,https://fermatmind.com/zh/data-privacy,footer,数据说明,UNKNOWN,Target is not in current authority corpus; not labeled broken without reliable target readback.
non_corpus_internal_target,UNKNOWN,https://fermatmind.com/zh/personality/intp-a,https://fermatmind.com/zh/common-misconceptions,footer,常见误区,UNKNOWN,Target is not in current authority corpus; not labeled broken without reliable target readback.
non_corpus_internal_target,UNKNOWN,https://fermatmind.com/zh/personality/intp-a-vs-intp-t,https://fermatmind.com/zh/tests?q=,header/navigation,,UNKNOWN,Target is not in current authority corpus; not labeled broken without reliable target readback.
non_corpus_internal_target,UNKNOWN,https://fermatmind.com/zh/personality/intp-a-vs-intp-t,https://fermatmind.com/zh/science,footer,测评科学,UNKNOWN,Target is not in current authority corpus; not labeled broken without reliable target readback.
non_corpus_internal_target,UNKNOWN,https://fermatmind.com/zh/personality/intp-a-vs-intp-t,https://fermatmind.com/zh/item-design-notes,footer,题目设计说明,UNKNOWN,Target is not in current authority corpus; not labeled broken without reliable target readback.
non_corpus_internal_target,UNKNOWN,https://fermatmind.com/zh/personality/intp-a-vs-intp-t,https://fermatmind.com/zh/reliability-validity,footer,信度效度,UNKNOWN,Target is not in current authority corpus; not labeled broken without reliable target readback.
non_corpus_internal_target,UNKNOWN,https://fermatmind.com/zh/personality/intp-a-vs-intp-t,https://fermatmind.com/zh/data-privacy,footer,数据说明,UNKNOWN,Target is not in current authority corpus; not labeled broken without reliable target readback.
non_corpus_internal_target,UNKNOWN,https://fermatmind.com/zh/personality/intp-a-vs-intp-t,https://fermatmind.com/zh/common-misconceptions,footer,常见误区,UNKNOWN,Target is not in current authority corpus; not labeled broken without reliable target readback.
non_corpus_internal_target,UNKNOWN,https://fermatmind.com/zh/personality/intp-t,https://fermatmind.com/zh/tests?q=,header/navigation,,UNKNOWN,Target is not in current authority corpus; not labeled broken without reliable target readback.
non_corpus_internal_target,UNKNOWN,https://fermatmind.com/zh/personality/intp-t,https://fermatmind.com/zh/career/recommendations/mbti/intp-t,CTA,看职业方向,UNKNOWN,Target is not in current authority corpus; not labeled broken without reliable target readback.
private_route_link,HIGH,https://fermatmind.com/zh/personality/intp-t,PRIVATE_ROUTE_REDACTED:take,inline contextual,MBTI免费测试,VERIFIED,Visible internal link targets a private/sensitive route; target was not crawled.
non_corpus_internal_target,UNKNOWN,https://fermatmind.com/zh/personality/intp-t,https://fermatmind.com/zh/science,footer,测评科学,UNKNOWN,Target is not in current authority corpus; not labeled broken without reliable target readback.
non_corpus_internal_target,UNKNOWN,https://fermatmind.com/zh/personality/intp-t,https://fermatmind.com/zh/item-design-notes,footer,题目设计说明,UNKNOWN,Target is not in current authority corpus; not labeled broken without reliable target readback.
non_corpus_internal_target,UNKNOWN,https://fermatmind.com/zh/personality/intp-t,https://fermatmind.com/zh/reliability-validity,footer,信度效度,UNKNOWN,Target is not in current authority corpus; not labeled broken without reliable target readback.
non_corpus_internal_target,UNKNOWN,https://fermatmind.com/zh/personality/intp-t,https://fermatmind.com/zh/data-privacy,footer,数据说明,UNKNOWN,Target is not in current authority corpus; not labeled broken without reliable target readback.
non_corpus_internal_target,UNKNOWN,https://fermatmind.com/zh/personality/intp-t,https://fermatmind.com/zh/common-misconceptions,footer,常见误区,UNKNOWN,Target is not in current authority corpus; not labeled broken without reliable target readback.
non_corpus_internal_target,UNKNOWN,https://fermatmind.com/zh/personality/isfj,https://fermatmind.com/zh/tests?q=,header/navigation,,UNKNOWN,Target is not in current authority corpus; not labeled broken without reliable target readback.
private_route_link,HIGH,https://fermatmind.com/zh/personality/isfj,PRIVATE_ROUTE_REDACTED:take,inline contextual,MBTI免费测试,VERIFIED,Visible internal link targets a private/sensitive route; target was not crawled.
non_corpus_internal_target,UNKNOWN,https://fermatmind.com/zh/personality/isfj,https://fermatmind.com/zh/science,footer,测评科学,UNKNOWN,Target is not in current authority corpus; not labeled broken without reliable target readback.
non_corpus_internal_target,UNKNOWN,https://fermatmind.com/zh/personality/isfj,https://fermatmind.com/zh/item-design-notes,footer,题目设计说明,UNKNOWN,Target is not in current authority corpus; not labeled broken without reliable target readback.
non_corpus_internal_target,UNKNOWN,https://fermatmind.com/zh/personality/isfj,https://fermatmind.com/zh/reliability-validity,footer,信度效度,UNKNOWN,Target is not in current authority corpus; not labeled broken without reliable target readback.
non_corpus_internal_target,UNKNOWN,https://fermatmind.com/zh/personality/isfj,https://fermatmind.com/zh/data-privacy,footer,数据说明,UNKNOWN,Target is not in current authority corpus; not labeled broken without reliable target readback.
non_corpus_internal_target,UNKNOWN,https://fermatmind.com/zh/personality/isfj,https://fermatmind.com/zh/common-misconceptions,footer,常见误区,UNKNOWN,Target is not in current authority corpus; not labeled broken without reliable target readback.
non_corpus_internal_target,UNKNOWN,https://fermatmind.com/zh/personality/isfj-a,https://fermatmind.com/zh/tests?q=,header/navigation,,UNKNOWN,Target is not in current authority corpus; not labeled broken without reliable target readback.
non_corpus_internal_target,UNKNOWN,https://fermatmind.com/zh/personality/isfj-a,https://fermatmind.com/zh/career/recommendations/mbti/isfj-a,CTA,看职业方向,UNKNOWN,Target is not in current authority corpus; not labeled broken without reliable target readback.
private_route_link,HIGH,https://fermatmind.com/zh/personality/isfj-a,PRIVATE_ROUTE_REDACTED:take,inline contextual,MBTI免费测试,VERIFIED,Visible internal link targets a private/sensitive route; target was not crawled.
non_corpus_internal_target,UNKNOWN,https://fermatmind.com/zh/personality/isfj-a,https://fermatmind.com/zh/science,footer,测评科学,UNKNOWN,Target is not in current authority corpus; not labeled broken without reliable target readback.
non_corpus_internal_target,UNKNOWN,https://fermatmind.com/zh/personality/isfj-a,https://fermatmind.com/zh/item-design-notes,footer,题目设计说明,UNKNOWN,Target is not in current authority corpus; not labeled broken without reliable target readback.
non_corpus_internal_target,UNKNOWN,https://fermatmind.com/zh/personality/isfj-a,https://fermatmind.com/zh/reliability-validity,footer,信度效度,UNKNOWN,Target is not in current authority corpus; not labeled broken without reliable target readback.
non_corpus_internal_target,UNKNOWN,https://fermatmind.com/zh/personality/isfj-a,https://fermatmind.com/zh/data-privacy,footer,数据说明,UNKNOWN,Target is not in current authority corpus; not labeled broken without reliable target readback.
non_corpus_internal_target,UNKNOWN,https://fermatmind.com/zh/personality/isfj-a,https://fermatmind.com/zh/common-misconceptions,footer,常见误区,UNKNOWN,Target is not in current authority corpus; not labeled broken without reliable target readback.
non_corpus_internal_target,UNKNOWN,https://fermatmind.com/zh/personality/isfj-a-vs-isfj-t,https://fermatmind.com/zh/tests?q=,header/navigation,,UNKNOWN,Target is not in current authority corpus; not labeled broken without reliable target readback.
non_corpus_internal_target,UNKNOWN,https://fermatmind.com/zh/personality/isfj-a-vs-isfj-t,https://fermatmind.com/zh/science,footer,测评科学,UNKNOWN,Target is not in current authority corpus; not labeled broken without reliable target readback.
non_corpus_internal_target,UNKNOWN,https://fermatmind.com/zh/personality/isfj-a-vs-isfj-t,https://fermatmind.com/zh/item-design-notes,footer,题目设计说明,UNKNOWN,Target is not in current authority corpus; not labeled broken without reliable target readback.
non_corpus_internal_target,UNKNOWN,https://fermatmind.com/zh/personality/isfj-a-vs-isfj-t,https://fermatmind.com/zh/reliability-validity,footer,信度效度,UNKNOWN,Target is not in current authority corpus; not labeled broken without reliable target readback.
non_corpus_internal_target,UNKNOWN,https://fermatmind.com/zh/personality/isfj-a-vs-isfj-t,https://fermatmind.com/zh/data-privacy,footer,数据说明,UNKNOWN,Target is not in current authority corpus; not labeled broken without reliable target readback.
non_corpus_internal_target,UNKNOWN,https://fermatmind.com/zh/personality/isfj-a-vs-isfj-t,https://fermatmind.com/zh/common-misconceptions,footer,常见误区,UNKNOWN,Target is not in current authority corpus; not labeled broken without reliable target readback.
non_corpus_internal_target,UNKNOWN,https://fermatmind.com/zh/personality/isfj-t,https://fermatmind.com/zh/tests?q=,header/navigation,,UNKNOWN,Target is not in current authority corpus; not labeled broken without reliable target readback.
non_corpus_internal_target,UNKNOWN,https://fermatmind.com/zh/personality/isfj-t,https://fermatmind.com/zh/career/recommendations/mbti/isfj-t,CTA,看职业方向,UNKNOWN,Target is not in current authority corpus; not labeled broken without reliable target readback.
private_route_link,HIGH,https://fermatmind.com/zh/personality/isfj-t,PRIVATE_ROUTE_REDACTED:take,inline contextual,MBTI免费测试,VERIFIED,Visible internal link targets a private/sensitive route; target was not crawled.
non_corpus_internal_target,UNKNOWN,https://fermatmind.com/zh/personality/isfj-t,https://fermatmind.com/zh/science,footer,测评科学,UNKNOWN,Target is not in current authority corpus; not labeled broken without reliable target readback.
non_corpus_internal_target,UNKNOWN,https://fermatmind.com/zh/personality/isfj-t,https://fermatmind.com/zh/item-design-notes,footer,题目设计说明,UNKNOWN,Target is not in current authority corpus; not labeled broken without reliable target readback.
non_corpus_internal_target,UNKNOWN,https://fermatmind.com/zh/personality/isfj-t,https://fermatmind.com/zh/reliability-validity,footer,信度效度,UNKNOWN,Target is not in current authority corpus; not labeled broken without reliable target readback.
non_corpus_internal_target,UNKNOWN,https://fermatmind.com/zh/personality/isfj-t,https://fermatmind.com/zh/data-privacy,footer,数据说明,UNKNOWN,Target is not in current authority corpus; not labeled broken without reliable target readback.
non_corpus_internal_target,UNKNOWN,https://fermatmind.com/zh/personality/isfj-t,https://fermatmind.com/zh/common-misconceptions,footer,常见误区,UNKNOWN,Target is not in current authority corpus; not labeled broken without reliable target readback.
non_corpus_internal_target,UNKNOWN,https://fermatmind.com/zh/personality/isfp,https://fermatmind.com/zh/tests?q=,header/navigation,,UNKNOWN,Target is not in current authority corpus; not labeled broken without reliable target readback.
private_route_link,HIGH,https://fermatmind.com/zh/personality/isfp,PRIVATE_ROUTE_REDACTED:take,inline contextual,MBTI免费测试,VERIFIED,Visible internal link targets a private/sensitive route; target was not crawled.
non_corpus_internal_target,UNKNOWN,https://fermatmind.com/zh/personality/isfp,https://fermatmind.com/zh/science,footer,测评科学,UNKNOWN,Target is not in current authority corpus; not labeled broken without reliable target readback.
non_corpus_internal_target,UNKNOWN,https://fermatmind.com/zh/personality/isfp,https://fermatmind.com/zh/item-design-notes,footer,题目设计说明,UNKNOWN,Target is not in current authority corpus; not labeled broken without reliable target readback.
non_corpus_internal_target,UNKNOWN,https://fermatmind.com/zh/personality/isfp,https://fermatmind.com/zh/reliability-validity,footer,信度效度,UNKNOWN,Target is not in current authority corpus; not labeled broken without reliable target readback.
non_corpus_internal_target,UNKNOWN,https://fermatmind.com/zh/personality/isfp,https://fermatmind.com/zh/data-privacy,footer,数据说明,UNKNOWN,Target is not in current authority corpus; not labeled broken without reliable target readback.
non_corpus_internal_target,UNKNOWN,https://fermatmind.com/zh/personality/isfp,https://fermatmind.com/zh/common-misconceptions,footer,常见误区,UNKNOWN,Target is not in current authority corpus; not labeled broken without reliable target readback.
non_corpus_internal_target,UNKNOWN,https://fermatmind.com/zh/personality/isfp-a,https://fermatmind.com/zh/tests?q=,header/navigation,,UNKNOWN,Target is not in current authority corpus; not labeled broken without reliable target readback.
non_corpus_internal_target,UNKNOWN,https://fermatmind.com/zh/personality/isfp-a,https://fermatmind.com/zh/career/recommendations/mbti/isfp-a,CTA,看职业方向,UNKNOWN,Target is not in current authority corpus; not labeled broken without reliable target readback.
private_route_link,HIGH,https://fermatmind.com/zh/personality/isfp-a,PRIVATE_ROUTE_REDACTED:take,inline contextual,MBTI免费测试,VERIFIED,Visible internal link targets a private/sensitive route; target was not crawled.
non_corpus_internal_target,UNKNOWN,https://fermatmind.com/zh/personality/isfp-a,https://fermatmind.com/zh/science,footer,测评科学,UNKNOWN,Target is not in current authority corpus; not labeled broken without reliable target readback.
non_corpus_internal_target,UNKNOWN,https://fermatmind.com/zh/personality/isfp-a,https://fermatmind.com/zh/item-design-notes,footer,题目设计说明,UNKNOWN,Target is not in current authority corpus; not labeled broken without reliable target readback.
non_corpus_internal_target,UNKNOWN,https://fermatmind.com/zh/personality/isfp-a,https://fermatmind.com/zh/reliability-validity,footer,信度效度,UNKNOWN,Target is not in current authority corpus; not labeled broken without reliable target readback.
non_corpus_internal_target,UNKNOWN,https://fermatmind.com/zh/personality/isfp-a,https://fermatmind.com/zh/data-privacy,footer,数据说明,UNKNOWN,Target is not in current authority corpus; not labeled broken without reliable target readback.
non_corpus_internal_target,UNKNOWN,https://fermatmind.com/zh/personality/isfp-a,https://fermatmind.com/zh/common-misconceptions,footer,常见误区,UNKNOWN,Target is not in current authority corpus; not labeled broken without reliable target readback.
non_corpus_internal_target,UNKNOWN,https://fermatmind.com/zh/personality/isfp-a-vs-isfp-t,https://fermatmind.com/zh/tests?q=,header/navigation,,UNKNOWN,Target is not in current authority corpus; not labeled broken without reliable target readback.
non_corpus_internal_target,UNKNOWN,https://fermatmind.com/zh/personality/isfp-a-vs-isfp-t,https://fermatmind.com/zh/science,footer,测评科学,UNKNOWN,Target is not in current authority corpus; not labeled broken without reliable target readback.
non_corpus_internal_target,UNKNOWN,https://fermatmind.com/zh/personality/isfp-a-vs-isfp-t,https://fermatmind.com/zh/item-design-notes,footer,题目设计说明,UNKNOWN,Target is not in current authority corpus; not labeled broken without reliable target readback.
non_corpus_internal_target,UNKNOWN,https://fermatmind.com/zh/personality/isfp-a-vs-isfp-t,https://fermatmind.com/zh/reliability-validity,footer,信度效度,UNKNOWN,Target is not in current authority corpus; not labeled broken without reliable target readback.
non_corpus_internal_target,UNKNOWN,https://fermatmind.com/zh/personality/isfp-a-vs-isfp-t,https://fermatmind.com/zh/data-privacy,footer,数据说明,UNKNOWN,Target is not in current authority corpus; not labeled broken without reliable target readback.
non_corpus_internal_target,UNKNOWN,https://fermatmind.com/zh/personality/isfp-a-vs-isfp-t,https://fermatmind.com/zh/common-misconceptions,footer,常见误区,UNKNOWN,Target is not in current authority corpus; not labeled broken without reliable target readback.
non_corpus_internal_target,UNKNOWN,https://fermatmind.com/zh/personality/isfp-t,https://fermatmind.com/zh/tests?q=,header/navigation,,UNKNOWN,Target is not in current authority corpus; not labeled broken without reliable target readback.
non_corpus_internal_target,UNKNOWN,https://fermatmind.com/zh/personality/isfp-t,https://fermatmind.com/zh/career/recommendations/mbti/isfp-t,CTA,看职业方向,UNKNOWN,Target is not in current authority corpus; not labeled broken without reliable target readback.
private_route_link,HIGH,https://fermatmind.com/zh/personality/isfp-t,PRIVATE_ROUTE_REDACTED:take,inline contextual,MBTI免费测试,VERIFIED,Visible internal link targets a private/sensitive route; target was not crawled.
non_corpus_internal_target,UNKNOWN,https://fermatmind.com/zh/personality/isfp-t,https://fermatmind.com/zh/science,footer,测评科学,UNKNOWN,Target is not in current authority corpus; not labeled broken without reliable target readback.
non_corpus_internal_target,UNKNOWN,https://fermatmind.com/zh/personality/isfp-t,https://fermatmind.com/zh/item-design-notes,footer,题目设计说明,UNKNOWN,Target is not in current authority corpus; not labeled broken without reliable target readback.
non_corpus_internal_target,UNKNOWN,https://fermatmind.com/zh/personality/isfp-t,https://fermatmind.com/zh/reliability-validity,footer,信度效度,UNKNOWN,Target is not in current authority corpus; not labeled broken without reliable target readback.
non_corpus_internal_target,UNKNOWN,https://fermatmind.com/zh/personality/isfp-t,https://fermatmind.com/zh/data-privacy,footer,数据说明,UNKNOWN,Target is not in current authority corpus; not labeled broken without reliable target readback.
non_corpus_internal_target,UNKNOWN,https://fermatmind.com/zh/personality/isfp-t,https://fermatmind.com/zh/common-misconceptions,footer,常见误区,UNKNOWN,Target is not in current authority corpus; not labeled broken without reliable target readback.
non_corpus_internal_target,UNKNOWN,https://fermatmind.com/zh/personality/isfp-vs-infp,https://fermatmind.com/zh/tests?q=,header/navigation,,UNKNOWN,Target is not in current authority corpus; not labeled broken without reliable target readback.
non_corpus_internal_target,UNKNOWN,https://fermatmind.com/zh/personality/isfp-vs-infp,https://fermatmind.com/zh/science,footer,测评科学,UNKNOWN,Target is not in current authority corpus; not labeled broken without reliable target readback.
non_corpus_internal_target,UNKNOWN,https://fermatmind.com/zh/personality/isfp-vs-infp,https://fermatmind.com/zh/item-design-notes,footer,题目设计说明,UNKNOWN,Target is not in current authority corpus; not labeled broken without reliable target readback.
non_corpus_internal_target,UNKNOWN,https://fermatmind.com/zh/personality/isfp-vs-infp,https://fermatmind.com/zh/reliability-validity,footer,信度效度,UNKNOWN,Target is not in current authority corpus; not labeled broken without reliable target readback.
non_corpus_internal_target,UNKNOWN,https://fermatmind.com/zh/personality/isfp-vs-infp,https://fermatmind.com/zh/data-privacy,footer,数据说明,UNKNOWN,Target is not in current authority corpus; not labeled broken without reliable target readback.
non_corpus_internal_target,UNKNOWN,https://fermatmind.com/zh/personality/isfp-vs-infp,https://fermatmind.com/zh/common-misconceptions,footer,常见误区,UNKNOWN,Target is not in current authority corpus; not labeled broken without reliable target readback.
non_corpus_internal_target,UNKNOWN,https://fermatmind.com/zh/personality/istj,https://fermatmind.com/zh/tests?q=,header/navigation,,UNKNOWN,Target is not in current authority corpus; not labeled broken without reliable target readback.
private_route_link,HIGH,https://fermatmind.com/zh/personality/istj,PRIVATE_ROUTE_REDACTED:take,inline contextual,MBTI免费测试,VERIFIED,Visible internal link targets a private/sensitive route; target was not crawled.
non_corpus_internal_target,UNKNOWN,https://fermatmind.com/zh/personality/istj,https://fermatmind.com/zh/science,footer,测评科学,UNKNOWN,Target is not in current authority corpus; not labeled broken without reliable target readback.
non_corpus_internal_target,UNKNOWN,https://fermatmind.com/zh/personality/istj,https://fermatmind.com/zh/item-design-notes,footer,题目设计说明,UNKNOWN,Target is not in current authority corpus; not labeled broken without reliable target readback.
non_corpus_internal_target,UNKNOWN,https://fermatmind.com/zh/personality/istj,https://fermatmind.com/zh/reliability-validity,footer,信度效度,UNKNOWN,Target is not in current authority corpus; not labeled broken without reliable target readback.
non_corpus_internal_target,UNKNOWN,https://fermatmind.com/zh/personality/istj,https://fermatmind.com/zh/data-privacy,footer,数据说明,UNKNOWN,Target is not in current authority corpus; not labeled broken without reliable target readback.
non_corpus_internal_target,UNKNOWN,https://fermatmind.com/zh/personality/istj,https://fermatmind.com/zh/common-misconceptions,footer,常见误区,UNKNOWN,Target is not in current authority corpus; not labeled broken without reliable target readback.
non_corpus_internal_target,UNKNOWN,https://fermatmind.com/zh/personality/istj-a,https://fermatmind.com/zh/tests?q=,header/navigation,,UNKNOWN,Target is not in current authority corpus; not labeled broken without reliable target readback.
non_corpus_internal_target,UNKNOWN,https://fermatmind.com/zh/personality/istj-a,https://fermatmind.com/zh/career/recommendations/mbti/istj-a,CTA,看职业方向,UNKNOWN,Target is not in current authority corpus; not labeled broken without reliable target readback.
private_route_link,HIGH,https://fermatmind.com/zh/personality/istj-a,PRIVATE_ROUTE_REDACTED:take,inline contextual,MBTI免费测试,VERIFIED,Visible internal link targets a private/sensitive route; target was not crawled.
non_corpus_internal_target,UNKNOWN,https://fermatmind.com/zh/personality/istj-a,https://fermatmind.com/zh/science,footer,测评科学,UNKNOWN,Target is not in current authority corpus; not labeled broken without reliable target readback.
non_corpus_internal_target,UNKNOWN,https://fermatmind.com/zh/personality/istj-a,https://fermatmind.com/zh/item-design-notes,footer,题目设计说明,UNKNOWN,Target is not in current authority corpus; not labeled broken without reliable target readback.
non_corpus_internal_target,UNKNOWN,https://fermatmind.com/zh/personality/istj-a,https://fermatmind.com/zh/reliability-validity,footer,信度效度,UNKNOWN,Target is not in current authority corpus; not labeled broken without reliable target readback.
non_corpus_internal_target,UNKNOWN,https://fermatmind.com/zh/personality/istj-a,https://fermatmind.com/zh/data-privacy,footer,数据说明,UNKNOWN,Target is not in current authority corpus; not labeled broken without reliable target readback.
non_corpus_internal_target,UNKNOWN,https://fermatmind.com/zh/personality/istj-a,https://fermatmind.com/zh/common-misconceptions,footer,常见误区,UNKNOWN,Target is not in current authority corpus; not labeled broken without reliable target readback.
non_corpus_internal_target,UNKNOWN,https://fermatmind.com/zh/personality/istj-a-vs-istj-t,https://fermatmind.com/zh/tests?q=,header/navigation,,UNKNOWN,Target is not in current authority corpus; not labeled broken without reliable target readback.
non_corpus_internal_target,UNKNOWN,https://fermatmind.com/zh/personality/istj-a-vs-istj-t,https://fermatmind.com/zh/science,footer,测评科学,UNKNOWN,Target is not in current authority corpus; not labeled broken without reliable target readback.
non_corpus_internal_target,UNKNOWN,https://fermatmind.com/zh/personality/istj-a-vs-istj-t,https://fermatmind.com/zh/item-design-notes,footer,题目设计说明,UNKNOWN,Target is not in current authority corpus; not labeled broken without reliable target readback.
non_corpus_internal_target,UNKNOWN,https://fermatmind.com/zh/personality/istj-a-vs-istj-t,https://fermatmind.com/zh/reliability-validity,footer,信度效度,UNKNOWN,Target is not in current authority corpus; not labeled broken without reliable target readback.
non_corpus_internal_target,UNKNOWN,https://fermatmind.com/zh/personality/istj-a-vs-istj-t,https://fermatmind.com/zh/data-privacy,footer,数据说明,UNKNOWN,Target is not in current authority corpus; not labeled broken without reliable target readback.
non_corpus_internal_target,UNKNOWN,https://fermatmind.com/zh/personality/istj-a-vs-istj-t,https://fermatmind.com/zh/common-misconceptions,footer,常见误区,UNKNOWN,Target is not in current authority corpus; not labeled broken without reliable target readback.
non_corpus_internal_target,UNKNOWN,https://fermatmind.com/zh/personality/istj-t,https://fermatmind.com/zh/tests?q=,header/navigation,,UNKNOWN,Target is not in current authority corpus; not labeled broken without reliable target readback.
non_corpus_internal_target,UNKNOWN,https://fermatmind.com/zh/personality/istj-t,https://fermatmind.com/zh/career/recommendations/mbti/istj-t,CTA,看职业方向,UNKNOWN,Target is not in current authority corpus; not labeled broken without reliable target readback.
private_route_link,HIGH,https://fermatmind.com/zh/personality/istj-t,PRIVATE_ROUTE_REDACTED:take,inline contextual,MBTI免费测试,VERIFIED,Visible internal link targets a private/sensitive route; target was not crawled.
non_corpus_internal_target,UNKNOWN,https://fermatmind.com/zh/personality/istj-t,https://fermatmind.com/zh/science,footer,测评科学,UNKNOWN,Target is not in current authority corpus; not labeled broken without reliable target readback.
non_corpus_internal_target,UNKNOWN,https://fermatmind.com/zh/personality/istj-t,https://fermatmind.com/zh/item-design-notes,footer,题目设计说明,UNKNOWN,Target is not in current authority corpus; not labeled broken without reliable target readback.
non_corpus_internal_target,UNKNOWN,https://fermatmind.com/zh/personality/istj-t,https://fermatmind.com/zh/reliability-validity,footer,信度效度,UNKNOWN,Target is not in current authority corpus; not labeled broken without reliable target readback.
non_corpus_internal_target,UNKNOWN,https://fermatmind.com/zh/personality/istj-t,https://fermatmind.com/zh/data-privacy,footer,数据说明,UNKNOWN,Target is not in current authority corpus; not labeled broken without reliable target readback.
non_corpus_internal_target,UNKNOWN,https://fermatmind.com/zh/personality/istj-t,https://fermatmind.com/zh/common-misconceptions,footer,常见误区,UNKNOWN,Target is not in current authority corpus; not labeled broken without reliable target readback.
non_corpus_internal_target,UNKNOWN,https://fermatmind.com/zh/personality/istj-vs-isfj,https://fermatmind.com/zh/tests?q=,header/navigation,,UNKNOWN,Target is not in current authority corpus; not labeled broken without reliable target readback.
non_corpus_internal_target,UNKNOWN,https://fermatmind.com/zh/personality/istj-vs-isfj,https://fermatmind.com/zh/science,footer,测评科学,UNKNOWN,Target is not in current authority corpus; not labeled broken without reliable target readback.
non_corpus_internal_target,UNKNOWN,https://fermatmind.com/zh/personality/istj-vs-isfj,https://fermatmind.com/zh/item-design-notes,footer,题目设计说明,UNKNOWN,Target is not in current authority corpus; not labeled broken without reliable target readback.
non_corpus_internal_target,UNKNOWN,https://fermatmind.com/zh/personality/istj-vs-isfj,https://fermatmind.com/zh/reliability-validity,footer,信度效度,UNKNOWN,Target is not in current authority corpus; not labeled broken without reliable target readback.
non_corpus_internal_target,UNKNOWN,https://fermatmind.com/zh/personality/istj-vs-isfj,https://fermatmind.com/zh/data-privacy,footer,数据说明,UNKNOWN,Target is not in current authority corpus; not labeled broken without reliable target readback.
non_corpus_internal_target,UNKNOWN,https://fermatmind.com/zh/personality/istj-vs-isfj,https://fermatmind.com/zh/common-misconceptions,footer,常见误区,UNKNOWN,Target is not in current authority corpus; not labeled broken without reliable target readback.
non_corpus_internal_target,UNKNOWN,https://fermatmind.com/zh/personality/istp,https://fermatmind.com/zh/tests?q=,header/navigation,,UNKNOWN,Target is not in current authority corpus; not labeled broken without reliable target readback.
private_route_link,HIGH,https://fermatmind.com/zh/personality/istp,PRIVATE_ROUTE_REDACTED:take,inline contextual,MBTI免费测试,VERIFIED,Visible internal link targets a private/sensitive route; target was not crawled.
non_corpus_internal_target,UNKNOWN,https://fermatmind.com/zh/personality/istp,https://fermatmind.com/zh/science,footer,测评科学,UNKNOWN,Target is not in current authority corpus; not labeled broken without reliable target readback.
non_corpus_internal_target,UNKNOWN,https://fermatmind.com/zh/personality/istp,https://fermatmind.com/zh/item-design-notes,footer,题目设计说明,UNKNOWN,Target is not in current authority corpus; not labeled broken without reliable target readback.
non_corpus_internal_target,UNKNOWN,https://fermatmind.com/zh/personality/istp,https://fermatmind.com/zh/reliability-validity,footer,信度效度,UNKNOWN,Target is not in current authority corpus; not labeled broken without reliable target readback.
non_corpus_internal_target,UNKNOWN,https://fermatmind.com/zh/personality/istp,https://fermatmind.com/zh/data-privacy,footer,数据说明,UNKNOWN,Target is not in current authority corpus; not labeled broken without reliable target readback.
non_corpus_internal_target,UNKNOWN,https://fermatmind.com/zh/personality/istp,https://fermatmind.com/zh/common-misconceptions,footer,常见误区,UNKNOWN,Target is not in current authority corpus; not labeled broken without reliable target readback.
non_corpus_internal_target,UNKNOWN,https://fermatmind.com/zh/personality/istp-a,https://fermatmind.com/zh/tests?q=,header/navigation,,UNKNOWN,Target is not in current authority corpus; not labeled broken without reliable target readback.
non_corpus_internal_target,UNKNOWN,https://fermatmind.com/zh/personality/istp-a,https://fermatmind.com/zh/career/recommendations/mbti/istp-a,CTA,看职业方向,UNKNOWN,Target is not in current authority corpus; not labeled broken without reliable target readback.
private_route_link,HIGH,https://fermatmind.com/zh/personality/istp-a,PRIVATE_ROUTE_REDACTED:take,inline contextual,MBTI免费测试,VERIFIED,Visible internal link targets a private/sensitive route; target was not crawled.
non_corpus_internal_target,UNKNOWN,https://fermatmind.com/zh/personality/istp-a,https://fermatmind.com/zh/science,footer,测评科学,UNKNOWN,Target is not in current authority corpus; not labeled broken without reliable target readback.
non_corpus_internal_target,UNKNOWN,https://fermatmind.com/zh/personality/istp-a,https://fermatmind.com/zh/item-design-notes,footer,题目设计说明,UNKNOWN,Target is not in current authority corpus; not labeled broken without reliable target readback.
non_corpus_internal_target,UNKNOWN,https://fermatmind.com/zh/personality/istp-a,https://fermatmind.com/zh/reliability-validity,footer,信度效度,UNKNOWN,Target is not in current authority corpus; not labeled broken without reliable target readback.
non_corpus_internal_target,UNKNOWN,https://fermatmind.com/zh/personality/istp-a,https://fermatmind.com/zh/data-privacy,footer,数据说明,UNKNOWN,Target is not in current authority corpus; not labeled broken without reliable target readback.
non_corpus_internal_target,UNKNOWN,https://fermatmind.com/zh/personality/istp-a,https://fermatmind.com/zh/common-misconceptions,footer,常见误区,UNKNOWN,Target is not in current authority corpus; not labeled broken without reliable target readback.
non_corpus_internal_target,UNKNOWN,https://fermatmind.com/zh/personality/istp-a-vs-istp-t,https://fermatmind.com/zh/tests?q=,header/navigation,,UNKNOWN,Target is not in current authority corpus; not labeled broken without reliable target readback.
non_corpus_internal_target,UNKNOWN,https://fermatmind.com/zh/personality/istp-a-vs-istp-t,https://fermatmind.com/zh/science,footer,测评科学,UNKNOWN,Target is not in current authority corpus; not labeled broken without reliable target readback.
non_corpus_internal_target,UNKNOWN,https://fermatmind.com/zh/personality/istp-a-vs-istp-t,https://fermatmind.com/zh/item-design-notes,footer,题目设计说明,UNKNOWN,Target is not in current authority corpus; not labeled broken without reliable target readback.
non_corpus_internal_target,UNKNOWN,https://fermatmind.com/zh/personality/istp-a-vs-istp-t,https://fermatmind.com/zh/reliability-validity,footer,信度效度,UNKNOWN,Target is not in current authority corpus; not labeled broken without reliable target readback.
non_corpus_internal_target,UNKNOWN,https://fermatmind.com/zh/personality/istp-a-vs-istp-t,https://fermatmind.com/zh/data-privacy,footer,数据说明,UNKNOWN,Target is not in current authority corpus; not labeled broken without reliable target readback.
non_corpus_internal_target,UNKNOWN,https://fermatmind.com/zh/personality/istp-a-vs-istp-t,https://fermatmind.com/zh/common-misconceptions,footer,常见误区,UNKNOWN,Target is not in current authority corpus; not labeled broken without reliable target readback.
non_corpus_internal_target,UNKNOWN,https://fermatmind.com/zh/personality/istp-t,https://fermatmind.com/zh/tests?q=,header/navigation,,UNKNOWN,Target is not in current authority corpus; not labeled broken without reliable target readback.
non_corpus_internal_target,UNKNOWN,https://fermatmind.com/zh/personality/istp-t,https://fermatmind.com/zh/career/recommendations/mbti/istp-t,CTA,看职业方向,UNKNOWN,Target is not in current authority corpus; not labeled broken without reliable target readback.
private_route_link,HIGH,https://fermatmind.com/zh/personality/istp-t,PRIVATE_ROUTE_REDACTED:take,inline contextual,MBTI免费测试,VERIFIED,Visible internal link targets a private/sensitive route; target was not crawled.
non_corpus_internal_target,UNKNOWN,https://fermatmind.com/zh/personality/istp-t,https://fermatmind.com/zh/science,footer,测评科学,UNKNOWN,Target is not in current authority corpus; not labeled broken without reliable target readback.
non_corpus_internal_target,UNKNOWN,https://fermatmind.com/zh/personality/istp-t,https://fermatmind.com/zh/item-design-notes,footer,题目设计说明,UNKNOWN,Target is not in current authority corpus; not labeled broken without reliable target readback.
non_corpus_internal_target,UNKNOWN,https://fermatmind.com/zh/personality/istp-t,https://fermatmind.com/zh/reliability-validity,footer,信度效度,UNKNOWN,Target is not in current authority corpus; not labeled broken without reliable target readback.
non_corpus_internal_target,UNKNOWN,https://fermatmind.com/zh/personality/istp-t,https://fermatmind.com/zh/data-privacy,footer,数据说明,UNKNOWN,Target is not in current authority corpus; not labeled broken without reliable target readback.
non_corpus_internal_target,UNKNOWN,https://fermatmind.com/zh/personality/istp-t,https://fermatmind.com/zh/common-misconceptions,footer,常见误区,UNKNOWN,Target is not in current authority corpus; not labeled broken without reliable target readback.
non_corpus_internal_target,UNKNOWN,https://fermatmind.com/zh/policies,https://fermatmind.com/zh/tests?q=,header/navigation,,UNKNOWN,Target is not in current authority corpus; not labeled broken without reliable target readback.
private_route_link,HIGH,https://fermatmind.com/zh/policies,PRIVATE_ROUTE_REDACTED:results,header/navigation,我的账户,VERIFIED,Visible internal link targets a private/sensitive route; target was not crawled.
non_corpus_internal_target,UNKNOWN,https://fermatmind.com/zh/policies,https://fermatmind.com/zh/help/faq,inline contextual,常见问题,UNKNOWN,Target is not in current authority corpus; not labeled broken without reliable target readback.
non_corpus_internal_target,UNKNOWN,https://fermatmind.com/zh/policies,https://fermatmind.com/zh/help/contact,inline contextual,联系我们,UNKNOWN,Target is not in current authority corpus; not labeled broken without reliable target readback.
non_corpus_internal_target,UNKNOWN,https://fermatmind.com/zh/policies,https://fermatmind.com/zh/science,footer,测评科学,UNKNOWN,Target is not in current authority corpus; not labeled broken without reliable target readback.
non_corpus_internal_target,UNKNOWN,https://fermatmind.com/zh/policies,https://fermatmind.com/zh/item-design-notes,footer,题目设计说明,UNKNOWN,Target is not in current authority corpus; not labeled broken without reliable target readback.
non_corpus_internal_target,UNKNOWN,https://fermatmind.com/zh/policies,https://fermatmind.com/zh/reliability-validity,footer,信度效度,UNKNOWN,Target is not in current authority corpus; not labeled broken without reliable target readback.
non_corpus_internal_target,UNKNOWN,https://fermatmind.com/zh/policies,https://fermatmind.com/zh/data-privacy,footer,数据说明,UNKNOWN,Target is not in current authority corpus; not labeled broken without reliable target readback.
non_corpus_internal_target,UNKNOWN,https://fermatmind.com/zh/policies,https://fermatmind.com/zh/common-misconceptions,footer,常见误区,UNKNOWN,Target is not in current authority corpus; not labeled broken without reliable target readback.
non_corpus_internal_target,UNKNOWN,https://fermatmind.com/zh/privacy,https://fermatmind.com/zh/tests?q=,header/navigation,,UNKNOWN,Target is not in current authority corpus; not labeled broken without reliable target readback.
private_route_link,HIGH,https://fermatmind.com/zh/privacy,PRIVATE_ROUTE_REDACTED:results,header/navigation,我的账户,VERIFIED,Visible internal link targets a private/sensitive route; target was not crawled.
non_corpus_internal_target,UNKNOWN,https://fermatmind.com/zh/privacy,https://fermatmind.com/zh/science,footer,测评科学,UNKNOWN,Target is not in current authority corpus; not labeled broken without reliable target readback.
non_corpus_internal_target,UNKNOWN,https://fermatmind.com/zh/privacy,https://fermatmind.com/zh/item-design-notes,footer,题目设计说明,UNKNOWN,Target is not in current authority corpus; not labeled broken without reliable target readback.
non_corpus_internal_target,UNKNOWN,https://fermatmind.com/zh/privacy,https://fermatmind.com/zh/reliability-validity,footer,信度效度,UNKNOWN,Target is not in current authority corpus; not labeled broken without reliable target readback.
non_corpus_internal_target,UNKNOWN,https://fermatmind.com/zh/privacy,https://fermatmind.com/zh/data-privacy,footer,数据说明,UNKNOWN,Target is not in current authority corpus; not labeled broken without reliable target readback.
non_corpus_internal_target,UNKNOWN,https://fermatmind.com/zh/privacy,https://fermatmind.com/zh/common-misconceptions,footer,常见误区,UNKNOWN,Target is not in current authority corpus; not labeled broken without reliable target readback.
non_corpus_internal_target,UNKNOWN,https://fermatmind.com/zh/support,https://fermatmind.com/zh/tests?q=,header/navigation,,UNKNOWN,Target is not in current authority corpus; not labeled broken without reliable target readback.
private_route_link,HIGH,https://fermatmind.com/zh/support,PRIVATE_ROUTE_REDACTED:results,header/navigation,我的账户,VERIFIED,Visible internal link targets a private/sensitive route; target was not crawled.
private_route_link,HIGH,https://fermatmind.com/zh/support,PRIVATE_ROUTE_REDACTED:orders,inline contextual,订单查询自助入口,VERIFIED,Visible internal link targets a private/sensitive route; target was not crawled.
non_corpus_internal_target,UNKNOWN,https://fermatmind.com/zh/support,https://fermatmind.com/zh/email/preferences,inline contextual,邮件偏好自助入口,UNKNOWN,Target is not in current authority corpus; not labeled broken without reliable target readback.
non_corpus_internal_target,UNKNOWN,https://fermatmind.com/zh/support,https://fermatmind.com/zh/email/unsubscribe,inline contextual,退订邮件自助入口,UNKNOWN,Target is not in current authority corpus; not labeled broken without reliable target readback.
non_corpus_internal_target,UNKNOWN,https://fermatmind.com/zh/support,https://fermatmind.com/zh/help/faq,inline contextual,常见问题帮助先用正式入口处理报告找回、邮件偏好、退订和支付支持，再查看常见问题。,UNKNOWN,Target is not in current authority corpus; not labeled broken without reliable target readback.
non_corpus_internal_target,UNKNOWN,https://fermatmind.com/zh/support,https://fermatmind.com/zh/help/about,inline contextual,关于费马测试帮助了解费马测试的测评定位、内容边界和公开可读入口。,UNKNOWN,Target is not in current authority corpus; not labeled broken without reliable target readback.
non_corpus_internal_target,UNKNOWN,https://fermatmind.com/zh/support,https://fermatmind.com/zh/help/team,inline contextual,团队信息帮助查看团队与协作边界，了解谁在建设这些公开内容与测评入口。,UNKNOWN,Target is not in current authority corpus; not labeled broken without reliable target readback.
non_corpus_internal_target,UNKNOWN,https://fermatmind.com/zh/support,https://fermatmind.com/zh/help/used-and-mentioned,inline contextual,使用与提及帮助查看产品被使用、被提及与公开引用的场景。,UNKNOWN,Target is not in current authority corpus; not labeled broken without reliable target readback.
non_corpus_internal_target,UNKNOWN,https://fermatmind.com/zh/support,https://fermatmind.com/zh/help/for-business-and-research,inline contextual,企业与研究合作帮助说明企业和研究使用场景与授权边界。,UNKNOWN,Target is not in current authority corpus; not labeled broken without reliable target readback.
non_corpus_internal_target,UNKNOWN,https://fermatmind.com/zh/support,https://fermatmind.com/zh/help/contact,inline contextual,联系支持帮助先完成正式入口，再联系支持，避免重复工单与无效往返。,UNKNOWN,Target is not in current authority corpus; not labeled broken without reliable target readback.
non_corpus_internal_target,UNKNOWN,https://fermatmind.com/zh/support,https://fermatmind.com/zh/science,footer,测评科学,UNKNOWN,Target is not in current authority corpus; not labeled broken without reliable target readback.
non_corpus_internal_target,UNKNOWN,https://fermatmind.com/zh/support,https://fermatmind.com/zh/item-design-notes,footer,题目设计说明,UNKNOWN,Target is not in current authority corpus; not labeled broken without reliable target readback.
non_corpus_internal_target,UNKNOWN,https://fermatmind.com/zh/support,https://fermatmind.com/zh/reliability-validity,footer,信度效度,UNKNOWN,Target is not in current authority corpus; not labeled broken without reliable target readback.
non_corpus_internal_target,UNKNOWN,https://fermatmind.com/zh/support,https://fermatmind.com/zh/data-privacy,footer,数据说明,UNKNOWN,Target is not in current authority corpus; not labeled broken without reliable target readback.
non_corpus_internal_target,UNKNOWN,https://fermatmind.com/zh/support,https://fermatmind.com/zh/common-misconceptions,footer,常见误区,UNKNOWN,Target is not in current authority corpus; not labeled broken without reliable target readback.
non_corpus_internal_target,UNKNOWN,https://fermatmind.com/zh/terms,https://fermatmind.com/zh/tests?q=,header/navigation,,UNKNOWN,Target is not in current authority corpus; not labeled broken without reliable target readback.
private_route_link,HIGH,https://fermatmind.com/zh/terms,PRIVATE_ROUTE_REDACTED:results,header/navigation,我的账户,VERIFIED,Visible internal link targets a private/sensitive route; target was not crawled.
non_corpus_internal_target,UNKNOWN,https://fermatmind.com/zh/terms,https://fermatmind.com/zh/science,footer,测评科学,UNKNOWN,Target is not in current authority corpus; not labeled broken without reliable target readback.
non_corpus_internal_target,UNKNOWN,https://fermatmind.com/zh/terms,https://fermatmind.com/zh/item-design-notes,footer,题目设计说明,UNKNOWN,Target is not in current authority corpus; not labeled broken without reliable target readback.
non_corpus_internal_target,UNKNOWN,https://fermatmind.com/zh/terms,https://fermatmind.com/zh/reliability-validity,footer,信度效度,UNKNOWN,Target is not in current authority corpus; not labeled broken without reliable target readback.
non_corpus_internal_target,UNKNOWN,https://fermatmind.com/zh/terms,https://fermatmind.com/zh/data-privacy,footer,数据说明,UNKNOWN,Target is not in current authority corpus; not labeled broken without reliable target readback.
non_corpus_internal_target,UNKNOWN,https://fermatmind.com/zh/terms,https://fermatmind.com/zh/common-misconceptions,footer,常见误区,UNKNOWN,Target is not in current authority corpus; not labeled broken without reliable target readback.
non_corpus_internal_target,UNKNOWN,https://fermatmind.com/zh/tests,https://fermatmind.com/zh/tests?q=,header/navigation,,UNKNOWN,Target is not in current authority corpus; not labeled broken without reliable target readback.
non_corpus_internal_target,UNKNOWN,https://fermatmind.com/zh/tests,https://fermatmind.com/zh/science,footer,测评科学,UNKNOWN,Target is not in current authority corpus; not labeled broken without reliable target readback.
non_corpus_internal_target,UNKNOWN,https://fermatmind.com/zh/tests,https://fermatmind.com/zh/item-design-notes,footer,题目设计说明,UNKNOWN,Target is not in current authority corpus; not labeled broken without reliable target readback.
non_corpus_internal_target,UNKNOWN,https://fermatmind.com/zh/tests,https://fermatmind.com/zh/reliability-validity,footer,信度效度,UNKNOWN,Target is not in current authority corpus; not labeled broken without reliable target readback.
non_corpus_internal_target,UNKNOWN,https://fermatmind.com/zh/tests,https://fermatmind.com/zh/data-privacy,footer,数据说明,UNKNOWN,Target is not in current authority corpus; not labeled broken without reliable target readback.
non_corpus_internal_target,UNKNOWN,https://fermatmind.com/zh/tests,https://fermatmind.com/zh/common-misconceptions,footer,常见误区,UNKNOWN,Target is not in current authority corpus; not labeled broken without reliable target readback.
non_corpus_internal_target,UNKNOWN,https://fermatmind.com/zh/tests/big-five-personality-test-ocean-model,https://fermatmind.com/zh/tests?q=,header/navigation,,UNKNOWN,Target is not in current authority corpus; not labeled broken without reliable target readback.
private_route_link,HIGH,https://fermatmind.com/zh/tests/big-five-personality-test-ocean-model,PRIVATE_ROUTE_REDACTED:take,CTA,开始大五人格免费测试,VERIFIED,Visible internal link targets a private/sensitive route; target was not crawled.
private_route_link,HIGH,https://fermatmind.com/zh/tests/big-five-personality-test-ocean-model,PRIVATE_ROUTE_REDACTED:take,CTA,开始大五人格快速版免费测试,VERIFIED,Visible internal link targets a private/sensitive route; target was not crawled.
private_route_link,HIGH,https://fermatmind.com/zh/tests/big-five-personality-test-ocean-model,PRIVATE_ROUTE_REDACTED:take,sidebar,开始大五人格免费测试,VERIFIED,Visible internal link targets a private/sensitive route; target was not crawled.
private_route_link,HIGH,https://fermatmind.com/zh/tests/big-five-personality-test-ocean-model,PRIVATE_ROUTE_REDACTED:take,sidebar,开始大五人格免费测试,VERIFIED,Visible internal link targets a private/sensitive route; target was not crawled.
non_corpus_internal_target,UNKNOWN,https://fermatmind.com/zh/tests/big-five-personality-test-ocean-model,https://fermatmind.com/zh/science,footer,测评科学,UNKNOWN,Target is not in current authority corpus; not labeled broken without reliable target readback.
non_corpus_internal_target,UNKNOWN,https://fermatmind.com/zh/tests/big-five-personality-test-ocean-model,https://fermatmind.com/zh/item-design-notes,footer,题目设计说明,UNKNOWN,Target is not in current authority corpus; not labeled broken without reliable target readback.
non_corpus_internal_target,UNKNOWN,https://fermatmind.com/zh/tests/big-five-personality-test-ocean-model,https://fermatmind.com/zh/reliability-validity,footer,信度效度,UNKNOWN,Target is not in current authority corpus; not labeled broken without reliable target readback.
non_corpus_internal_target,UNKNOWN,https://fermatmind.com/zh/tests/big-five-personality-test-ocean-model,https://fermatmind.com/zh/data-privacy,footer,数据说明,UNKNOWN,Target is not in current authority corpus; not labeled broken without reliable target readback.
non_corpus_internal_target,UNKNOWN,https://fermatmind.com/zh/tests/big-five-personality-test-ocean-model,https://fermatmind.com/zh/common-misconceptions,footer,常见误区,UNKNOWN,Target is not in current authority corpus; not labeled broken without reliable target readback.
non_corpus_internal_target,UNKNOWN,https://fermatmind.com/zh/tests/category/career,https://fermatmind.com/zh/tests?q=,header/navigation,,UNKNOWN,Target is not in current authority corpus; not labeled broken without reliable target readback.
private_route_link,HIGH,https://fermatmind.com/zh/tests/category/career,PRIVATE_ROUTE_REDACTED:take,CTA,60 题标准版,VERIFIED,Visible internal link targets a private/sensitive route; target was not crawled.
private_route_link,HIGH,https://fermatmind.com/zh/tests/category/career,PRIVATE_ROUTE_REDACTED:take,CTA,140 题增强版,VERIFIED,Visible internal link targets a private/sensitive route; target was not crawled.
private_route_link,HIGH,https://fermatmind.com/zh/tests/category/career,PRIVATE_ROUTE_REDACTED:take,CTA,标准版,VERIFIED,Visible internal link targets a private/sensitive route; target was not crawled.
private_route_link,HIGH,https://fermatmind.com/zh/tests/category/career,PRIVATE_ROUTE_REDACTED:take,CTA,专业版,VERIFIED,Visible internal link targets a private/sensitive route; target was not crawled.
private_route_link,HIGH,https://fermatmind.com/zh/tests/category/career,PRIVATE_ROUTE_REDACTED:take,CTA,标准版,VERIFIED,Visible internal link targets a private/sensitive route; target was not crawled.
private_route_link,HIGH,https://fermatmind.com/zh/tests/category/career,PRIVATE_ROUTE_REDACTED:take,CTA,专业版,VERIFIED,Visible internal link targets a private/sensitive route; target was not crawled.
private_route_link,HIGH,https://fermatmind.com/zh/tests/category/career,PRIVATE_ROUTE_REDACTED:take,CTA,60 题标准版,VERIFIED,Visible internal link targets a private/sensitive route; target was not crawled.
private_route_link,HIGH,https://fermatmind.com/zh/tests/category/career,PRIVATE_ROUTE_REDACTED:take,CTA,140 题增强版,VERIFIED,Visible internal link targets a private/sensitive route; target was not crawled.
private_route_link,HIGH,https://fermatmind.com/zh/tests/category/career,PRIVATE_ROUTE_REDACTED:take,CTA,标准版,VERIFIED,Visible internal link targets a private/sensitive route; target was not crawled.
private_route_link,HIGH,https://fermatmind.com/zh/tests/category/career,PRIVATE_ROUTE_REDACTED:take,CTA,专业版,VERIFIED,Visible internal link targets a private/sensitive route; target was not crawled.
private_route_link,HIGH,https://fermatmind.com/zh/tests/category/career,PRIVATE_ROUTE_REDACTED:take,CTA,标准版,VERIFIED,Visible internal link targets a private/sensitive route; target was not crawled.
private_route_link,HIGH,https://fermatmind.com/zh/tests/category/career,PRIVATE_ROUTE_REDACTED:take,CTA,专业版,VERIFIED,Visible internal link targets a private/sensitive route; target was not crawled.
private_route_link,HIGH,https://fermatmind.com/zh/tests/category/career,PRIVATE_ROUTE_REDACTED:take,CTA,开始智商免费测试,VERIFIED,Visible internal link targets a private/sensitive route; target was not crawled.
private_route_link,HIGH,https://fermatmind.com/zh/tests/category/career,PRIVATE_ROUTE_REDACTED:take,CTA,开始情商免费测试,VERIFIED,Visible internal link targets a private/sensitive route; target was not crawled.
non_corpus_internal_target,UNKNOWN,https://fermatmind.com/zh/tests/category/career,https://fermatmind.com/zh/science,footer,测评科学,UNKNOWN,Target is not in current authority corpus; not labeled broken without reliable target readback.
non_corpus_internal_target,UNKNOWN,https://fermatmind.com/zh/tests/category/career,https://fermatmind.com/zh/item-design-notes,footer,题目设计说明,UNKNOWN,Target is not in current authority corpus; not labeled broken without reliable target readback.
non_corpus_internal_target,UNKNOWN,https://fermatmind.com/zh/tests/category/career,https://fermatmind.com/zh/reliability-validity,footer,信度效度,UNKNOWN,Target is not in current authority corpus; not labeled broken without reliable target readback.
non_corpus_internal_target,UNKNOWN,https://fermatmind.com/zh/tests/category/career,https://fermatmind.com/zh/data-privacy,footer,数据说明,UNKNOWN,Target is not in current authority corpus; not labeled broken without reliable target readback.
non_corpus_internal_target,UNKNOWN,https://fermatmind.com/zh/tests/category/career,https://fermatmind.com/zh/common-misconceptions,footer,常见误区,UNKNOWN,Target is not in current authority corpus; not labeled broken without reliable target readback.
non_corpus_internal_target,UNKNOWN,https://fermatmind.com/zh/tests/category/personality,https://fermatmind.com/zh/tests?q=,header/navigation,,UNKNOWN,Target is not in current authority corpus; not labeled broken without reliable target readback.
private_route_link,HIGH,https://fermatmind.com/zh/tests/category/personality,PRIVATE_ROUTE_REDACTED:take,CTA,标准版,VERIFIED,Visible internal link targets a private/sensitive route; target was not crawled.
private_route_link,HIGH,https://fermatmind.com/zh/tests/category/personality,PRIVATE_ROUTE_REDACTED:take,CTA,专业版,VERIFIED,Visible internal link targets a private/sensitive route; target was not crawled.
private_route_link,HIGH,https://fermatmind.com/zh/tests/category/personality,PRIVATE_ROUTE_REDACTED:take,CTA,标准版,VERIFIED,Visible internal link targets a private/sensitive route; target was not crawled.
private_route_link,HIGH,https://fermatmind.com/zh/tests/category/personality,PRIVATE_ROUTE_REDACTED:take,CTA,专业版,VERIFIED,Visible internal link targets a private/sensitive route; target was not crawled.
private_route_link,HIGH,https://fermatmind.com/zh/tests/category/personality,PRIVATE_ROUTE_REDACTED:take,CTA,标准版,VERIFIED,Visible internal link targets a private/sensitive route; target was not crawled.
private_route_link,HIGH,https://fermatmind.com/zh/tests/category/personality,PRIVATE_ROUTE_REDACTED:take,CTA,专家版,VERIFIED,Visible internal link targets a private/sensitive route; target was not crawled.
private_route_link,HIGH,https://fermatmind.com/zh/tests/category/personality,PRIVATE_ROUTE_REDACTED:take,CTA,标准版,VERIFIED,Visible internal link targets a private/sensitive route; target was not crawled.
private_route_link,HIGH,https://fermatmind.com/zh/tests/category/personality,PRIVATE_ROUTE_REDACTED:take,CTA,专业版,VERIFIED,Visible internal link targets a private/sensitive route; target was not crawled.
private_route_link,HIGH,https://fermatmind.com/zh/tests/category/personality,PRIVATE_ROUTE_REDACTED:take,CTA,标准版,VERIFIED,Visible internal link targets a private/sensitive route; target was not crawled.
private_route_link,HIGH,https://fermatmind.com/zh/tests/category/personality,PRIVATE_ROUTE_REDACTED:take,CTA,专业版,VERIFIED,Visible internal link targets a private/sensitive route; target was not crawled.
private_route_link,HIGH,https://fermatmind.com/zh/tests/category/personality,PRIVATE_ROUTE_REDACTED:take,CTA,标准版,VERIFIED,Visible internal link targets a private/sensitive route; target was not crawled.
private_route_link,HIGH,https://fermatmind.com/zh/tests/category/personality,PRIVATE_ROUTE_REDACTED:take,CTA,专家版,VERIFIED,Visible internal link targets a private/sensitive route; target was not crawled.
private_route_link,HIGH,https://fermatmind.com/zh/tests/category/personality,PRIVATE_ROUTE_REDACTED:take,CTA,开始情商免费测试,VERIFIED,Visible internal link targets a private/sensitive route; target was not crawled.
non_corpus_internal_target,UNKNOWN,https://fermatmind.com/zh/tests/category/personality,https://fermatmind.com/zh/science,footer,测评科学,UNKNOWN,Target is not in current authority corpus; not labeled broken without reliable target readback.
non_corpus_internal_target,UNKNOWN,https://fermatmind.com/zh/tests/category/personality,https://fermatmind.com/zh/item-design-notes,footer,题目设计说明,UNKNOWN,Target is not in current authority corpus; not labeled broken without reliable target readback.
non_corpus_internal_target,UNKNOWN,https://fermatmind.com/zh/tests/category/personality,https://fermatmind.com/zh/reliability-validity,footer,信度效度,UNKNOWN,Target is not in current authority corpus; not labeled broken without reliable target readback.
non_corpus_internal_target,UNKNOWN,https://fermatmind.com/zh/tests/category/personality,https://fermatmind.com/zh/data-privacy,footer,数据说明,UNKNOWN,Target is not in current authority corpus; not labeled broken without reliable target readback.
non_corpus_internal_target,UNKNOWN,https://fermatmind.com/zh/tests/category/personality,https://fermatmind.com/zh/common-misconceptions,footer,常见误区,UNKNOWN,Target is not in current authority corpus; not labeled broken without reliable target readback.
non_corpus_internal_target,UNKNOWN,https://fermatmind.com/zh/tests/enneagram-personality-test-nine-types,https://fermatmind.com/zh/tests?q=,header/navigation,,UNKNOWN,Target is not in current authority corpus; not labeled broken without reliable target readback.
private_route_link,HIGH,https://fermatmind.com/zh/tests/enneagram-personality-test-nine-types,PRIVATE_ROUTE_REDACTED:take,CTA,开始九型人格免费测试,VERIFIED,Visible internal link targets a private/sensitive route; target was not crawled.
private_route_link,HIGH,https://fermatmind.com/zh/tests/enneagram-personality-test-nine-types,PRIVATE_ROUTE_REDACTED:take,CTA,开始九型人格二选一版免费测试,VERIFIED,Visible internal link targets a private/sensitive route; target was not crawled.
private_route_link,HIGH,https://fermatmind.com/zh/tests/enneagram-personality-test-nine-types,PRIVATE_ROUTE_REDACTED:take,sidebar,开始九型人格免费测试,VERIFIED,Visible internal link targets a private/sensitive route; target was not crawled.
private_route_link,HIGH,https://fermatmind.com/zh/tests/enneagram-personality-test-nine-types,PRIVATE_ROUTE_REDACTED:take,sidebar,开始九型人格免费测试,VERIFIED,Visible internal link targets a private/sensitive route; target was not crawled.
non_corpus_internal_target,UNKNOWN,https://fermatmind.com/zh/tests/enneagram-personality-test-nine-types,https://fermatmind.com/zh/science,footer,测评科学,UNKNOWN,Target is not in current authority corpus; not labeled broken without reliable target readback.
non_corpus_internal_target,UNKNOWN,https://fermatmind.com/zh/tests/enneagram-personality-test-nine-types,https://fermatmind.com/zh/item-design-notes,footer,题目设计说明,UNKNOWN,Target is not in current authority corpus; not labeled broken without reliable target readback.
non_corpus_internal_target,UNKNOWN,https://fermatmind.com/zh/tests/enneagram-personality-test-nine-types,https://fermatmind.com/zh/reliability-validity,footer,信度效度,UNKNOWN,Target is not in current authority corpus; not labeled broken without reliable target readback.
non_corpus_internal_target,UNKNOWN,https://fermatmind.com/zh/tests/enneagram-personality-test-nine-types,https://fermatmind.com/zh/data-privacy,footer,数据说明,UNKNOWN,Target is not in current authority corpus; not labeled broken without reliable target readback.
non_corpus_internal_target,UNKNOWN,https://fermatmind.com/zh/tests/enneagram-personality-test-nine-types,https://fermatmind.com/zh/common-misconceptions,footer,常见误区,UNKNOWN,Target is not in current authority corpus; not labeled broken without reliable target readback.
non_corpus_internal_target,UNKNOWN,https://fermatmind.com/zh/tests/eq-test-emotional-intelligence-assessment,https://fermatmind.com/zh/tests?q=,header/navigation,,UNKNOWN,Target is not in current authority corpus; not labeled broken without reliable target readback.
non_corpus_internal_target,UNKNOWN,https://fermatmind.com/zh/tests/eq-test-emotional-intelligence-assessment,https://fermatmind.com/zh/science,footer,测评科学,UNKNOWN,Target is not in current authority corpus; not labeled broken without reliable target readback.
non_corpus_internal_target,UNKNOWN,https://fermatmind.com/zh/tests/eq-test-emotional-intelligence-assessment,https://fermatmind.com/zh/item-design-notes,footer,题目设计说明,UNKNOWN,Target is not in current authority corpus; not labeled broken without reliable target readback.
non_corpus_internal_target,UNKNOWN,https://fermatmind.com/zh/tests/eq-test-emotional-intelligence-assessment,https://fermatmind.com/zh/reliability-validity,footer,信度效度,UNKNOWN,Target is not in current authority corpus; not labeled broken without reliable target readback.
non_corpus_internal_target,UNKNOWN,https://fermatmind.com/zh/tests/eq-test-emotional-intelligence-assessment,https://fermatmind.com/zh/data-privacy,footer,数据说明,UNKNOWN,Target is not in current authority corpus; not labeled broken without reliable target readback.
non_corpus_internal_target,UNKNOWN,https://fermatmind.com/zh/tests/eq-test-emotional-intelligence-assessment,https://fermatmind.com/zh/common-misconceptions,footer,常见误区,UNKNOWN,Target is not in current authority corpus; not labeled broken without reliable target readback.
non_corpus_internal_target,UNKNOWN,https://fermatmind.com/zh/tests/holland-career-interest-test-riasec,https://fermatmind.com/zh/tests?q=,header/navigation,,UNKNOWN,Target is not in current authority corpus; not labeled broken without reliable target readback.
private_route_link,HIGH,https://fermatmind.com/zh/tests/holland-career-interest-test-riasec,PRIVATE_ROUTE_REDACTED:take,CTA,开始免费霍兰德测试,VERIFIED,Visible internal link targets a private/sensitive route; target was not crawled.
private_route_link,HIGH,https://fermatmind.com/zh/tests/holland-career-interest-test-riasec,PRIVATE_ROUTE_REDACTED:take,CTA,开始霍兰德职业兴趣增强版免费测试,VERIFIED,Visible internal link targets a private/sensitive route; target was not crawled.
private_route_link,HIGH,https://fermatmind.com/zh/tests/holland-career-interest-test-riasec,PRIVATE_ROUTE_REDACTED:take,sidebar,开始免费霍兰德测试,VERIFIED,Visible internal link targets a private/sensitive route; target was not crawled.
private_route_link,HIGH,https://fermatmind.com/zh/tests/holland-career-interest-test-riasec,PRIVATE_ROUTE_REDACTED:take,sidebar,开始霍兰德职业兴趣免费测试,VERIFIED,Visible internal link targets a private/sensitive route; target was not crawled.
non_corpus_internal_target,UNKNOWN,https://fermatmind.com/zh/tests/holland-career-interest-test-riasec,https://fermatmind.com/zh/science,footer,测评科学,UNKNOWN,Target is not in current authority corpus; not labeled broken without reliable target readback.
non_corpus_internal_target,UNKNOWN,https://fermatmind.com/zh/tests/holland-career-interest-test-riasec,https://fermatmind.com/zh/item-design-notes,footer,题目设计说明,UNKNOWN,Target is not in current authority corpus; not labeled broken without reliable target readback.
non_corpus_internal_target,UNKNOWN,https://fermatmind.com/zh/tests/holland-career-interest-test-riasec,https://fermatmind.com/zh/reliability-validity,footer,信度效度,UNKNOWN,Target is not in current authority corpus; not labeled broken without reliable target readback.
non_corpus_internal_target,UNKNOWN,https://fermatmind.com/zh/tests/holland-career-interest-test-riasec,https://fermatmind.com/zh/data-privacy,footer,数据说明,UNKNOWN,Target is not in current authority corpus; not labeled broken without reliable target readback.
non_corpus_internal_target,UNKNOWN,https://fermatmind.com/zh/tests/holland-career-interest-test-riasec,https://fermatmind.com/zh/common-misconceptions,footer,常见误区,UNKNOWN,Target is not in current authority corpus; not labeled broken without reliable target readback.
non_corpus_internal_target,UNKNOWN,https://fermatmind.com/zh/tests/iq-test-intelligence-quotient-assessment,https://fermatmind.com/zh/tests?q=,header/navigation,,UNKNOWN,Target is not in current authority corpus; not labeled broken without reliable target readback.
non_corpus_internal_target,UNKNOWN,https://fermatmind.com/zh/tests/iq-test-intelligence-quotient-assessment,https://fermatmind.com/zh/science,footer,测评科学,UNKNOWN,Target is not in current authority corpus; not labeled broken without reliable target readback.
non_corpus_internal_target,UNKNOWN,https://fermatmind.com/zh/tests/iq-test-intelligence-quotient-assessment,https://fermatmind.com/zh/item-design-notes,footer,题目设计说明,UNKNOWN,Target is not in current authority corpus; not labeled broken without reliable target readback.
non_corpus_internal_target,UNKNOWN,https://fermatmind.com/zh/tests/iq-test-intelligence-quotient-assessment,https://fermatmind.com/zh/reliability-validity,footer,信度效度,UNKNOWN,Target is not in current authority corpus; not labeled broken without reliable target readback.
non_corpus_internal_target,UNKNOWN,https://fermatmind.com/zh/tests/iq-test-intelligence-quotient-assessment,https://fermatmind.com/zh/data-privacy,footer,数据说明,UNKNOWN,Target is not in current authority corpus; not labeled broken without reliable target readback.
non_corpus_internal_target,UNKNOWN,https://fermatmind.com/zh/tests/iq-test-intelligence-quotient-assessment,https://fermatmind.com/zh/common-misconceptions,footer,常见误区,UNKNOWN,Target is not in current authority corpus; not labeled broken without reliable target readback.
non_corpus_internal_target,UNKNOWN,https://fermatmind.com/zh/tests/mbti-personality-test-16-personality-types,https://fermatmind.com/zh/tests?q=,header/navigation,,UNKNOWN,Target is not in current authority corpus; not labeled broken without reliable target readback.
private_route_link,HIGH,https://fermatmind.com/zh/tests/mbti-personality-test-16-personality-types,PRIVATE_ROUTE_REDACTED:take,CTA,开始免费 MBTI 测试,VERIFIED,Visible internal link targets a private/sensitive route; target was not crawled.
private_route_link,HIGH,https://fermatmind.com/zh/tests/mbti-personality-test-16-personality-types,PRIVATE_ROUTE_REDACTED:take,CTA,开始 MBTI 快速版免费测试,VERIFIED,Visible internal link targets a private/sensitive route; target was not crawled.
private_route_link,HIGH,https://fermatmind.com/zh/tests/mbti-personality-test-16-personality-types,PRIVATE_ROUTE_REDACTED:take,sidebar,开始免费 MBTI 测试,VERIFIED,Visible internal link targets a private/sensitive route; target was not crawled.
private_route_link,HIGH,https://fermatmind.com/zh/tests/mbti-personality-test-16-personality-types,PRIVATE_ROUTE_REDACTED:take,sidebar,开始 MBTI 免费测试,VERIFIED,Visible internal link targets a private/sensitive route; target was not crawled.
non_corpus_internal_target,UNKNOWN,https://fermatmind.com/zh/tests/mbti-personality-test-16-personality-types,https://fermatmind.com/zh/science,footer,测评科学,UNKNOWN,Target is not in current authority corpus; not labeled broken without reliable target readback.
non_corpus_internal_target,UNKNOWN,https://fermatmind.com/zh/tests/mbti-personality-test-16-personality-types,https://fermatmind.com/zh/item-design-notes,footer,题目设计说明,UNKNOWN,Target is not in current authority corpus; not labeled broken without reliable target readback.
non_corpus_internal_target,UNKNOWN,https://fermatmind.com/zh/tests/mbti-personality-test-16-personality-types,https://fermatmind.com/zh/reliability-validity,footer,信度效度,UNKNOWN,Target is not in current authority corpus; not labeled broken without reliable target readback.
non_corpus_internal_target,UNKNOWN,https://fermatmind.com/zh/tests/mbti-personality-test-16-personality-types,https://fermatmind.com/zh/data-privacy,footer,数据说明,UNKNOWN,Target is not in current authority corpus; not labeled broken without reliable target readback.
non_corpus_internal_target,UNKNOWN,https://fermatmind.com/zh/tests/mbti-personality-test-16-personality-types,https://fermatmind.com/zh/common-misconceptions,footer,常见误区,UNKNOWN,Target is not in current authority corpus; not labeled broken without reliable target readback.
non_corpus_internal_target,UNKNOWN,https://fermatmind.com/zh/topics,https://fermatmind.com/zh/tests?q=,header/navigation,,UNKNOWN,Target is not in current authority corpus; not labeled broken without reliable target readback.
non_corpus_internal_target,UNKNOWN,https://fermatmind.com/zh/topics,https://fermatmind.com/zh/science,footer,测评科学,UNKNOWN,Target is not in current authority corpus; not labeled broken without reliable target readback.
non_corpus_internal_target,UNKNOWN,https://fermatmind.com/zh/topics,https://fermatmind.com/zh/item-design-notes,footer,题目设计说明,UNKNOWN,Target is not in current authority corpus; not labeled broken without reliable target readback.
non_corpus_internal_target,UNKNOWN,https://fermatmind.com/zh/topics,https://fermatmind.com/zh/reliability-validity,footer,信度效度,UNKNOWN,Target is not in current authority corpus; not labeled broken without reliable target readback.
non_corpus_internal_target,UNKNOWN,https://fermatmind.com/zh/topics,https://fermatmind.com/zh/data-privacy,footer,数据说明,UNKNOWN,Target is not in current authority corpus; not labeled broken without reliable target readback.
non_corpus_internal_target,UNKNOWN,https://fermatmind.com/zh/topics,https://fermatmind.com/zh/common-misconceptions,footer,常见误区,UNKNOWN,Target is not in current authority corpus; not labeled broken without reliable target readback.
non_corpus_internal_target,UNKNOWN,https://fermatmind.com/zh/topics/big-five,https://fermatmind.com/zh/tests?q=,header/navigation,,UNKNOWN,Target is not in current authority corpus; not labeled broken without reliable target readback.
non_corpus_internal_target,UNKNOWN,https://fermatmind.com/zh/topics/big-five,https://fermatmind.com/zh/tests/big-five-personality-test-ocean-model?entry_surface=topic_detail_seo_cta&source_page_type=topic_detail&source_route_family=topic&source_slug=big-five&topic_id=4&target_action=seo_cta_start_test&test_slug=big-five-personality-test-ocean-model&target_test_slug=big-five-personality-test-ocean-model&cta_id=start_test&landing_path=%2Fzh%2Ftopics%2Fbig-five&entrypoint=seo_cta,inline contextual,开始测试,UNKNOWN,Target is not in current authority corpus; not labeled broken without reliable target readback.
non_corpus_internal_target,UNKNOWN,https://fermatmind.com/zh/topics/big-five,https://fermatmind.com/zh/science,footer,测评科学,UNKNOWN,Target is not in current authority corpus; not labeled broken without reliable target readback.
non_corpus_internal_target,UNKNOWN,https://fermatmind.com/zh/topics/big-five,https://fermatmind.com/zh/item-design-notes,footer,题目设计说明,UNKNOWN,Target is not in current authority corpus; not labeled broken without reliable target readback.
non_corpus_internal_target,UNKNOWN,https://fermatmind.com/zh/topics/big-five,https://fermatmind.com/zh/reliability-validity,footer,信度效度,UNKNOWN,Target is not in current authority corpus; not labeled broken without reliable target readback.
non_corpus_internal_target,UNKNOWN,https://fermatmind.com/zh/topics/big-five,https://fermatmind.com/zh/data-privacy,footer,数据说明,UNKNOWN,Target is not in current authority corpus; not labeled broken without reliable target readback.
non_corpus_internal_target,UNKNOWN,https://fermatmind.com/zh/topics/big-five,https://fermatmind.com/zh/common-misconceptions,footer,常见误区,UNKNOWN,Target is not in current authority corpus; not labeled broken without reliable target readback.
non_corpus_internal_target,UNKNOWN,https://fermatmind.com/zh/topics/iq-eq,https://fermatmind.com/zh/tests?q=,header/navigation,,UNKNOWN,Target is not in current authority corpus; not labeled broken without reliable target readback.
non_corpus_internal_target,UNKNOWN,https://fermatmind.com/zh/topics/iq-eq,https://fermatmind.com/zh/tests/eq-test-emotional-intelligence-assessment?entry_surface=topic_detail_seo_cta&source_page_type=topic_detail&source_route_family=topic&source_slug=iq-eq&topic_id=5&target_action=seo_cta_start_test&test_slug=eq-test-emotional-intelligence-assessment&target_test_slug=eq-test-emotional-intelligence-assessment&cta_id=start_test&landing_path=%2Fzh%2Ftopics%2Fiq-eq&entrypoint=seo_cta,inline contextual,开始测试,UNKNOWN,Target is not in current authority corpus; not labeled broken without reliable target readback.
non_corpus_internal_target,UNKNOWN,https://fermatmind.com/zh/topics/iq-eq,https://fermatmind.com/zh/tests/iq-test-intelligence-quotient-assessment?entry_surface=topic_detail_seo_cta&source_page_type=topic_detail&source_route_family=topic&source_slug=iq-eq&topic_id=5&target_action=seo_cta_continue_public_content&test_slug=iq-test-intelligence-quotient-assessment&target_test_slug=iq-test-intelligence-quotient-assessment&cta_id=continue_public_content&landing_path=%2Fzh%2Ftopics%2Fiq-eq&entrypoint=seo_cta,inline contextual,开始测试,UNKNOWN,Target is not in current authority corpus; not labeled broken without reliable target readback.
non_corpus_internal_target,UNKNOWN,https://fermatmind.com/zh/topics/iq-eq,https://fermatmind.com/zh/science,footer,测评科学,UNKNOWN,Target is not in current authority corpus; not labeled broken without reliable target readback.
non_corpus_internal_target,UNKNOWN,https://fermatmind.com/zh/topics/iq-eq,https://fermatmind.com/zh/item-design-notes,footer,题目设计说明,UNKNOWN,Target is not in current authority corpus; not labeled broken without reliable target readback.
non_corpus_internal_target,UNKNOWN,https://fermatmind.com/zh/topics/iq-eq,https://fermatmind.com/zh/reliability-validity,footer,信度效度,UNKNOWN,Target is not in current authority corpus; not labeled broken without reliable target readback.
non_corpus_internal_target,UNKNOWN,https://fermatmind.com/zh/topics/iq-eq,https://fermatmind.com/zh/data-privacy,footer,数据说明,UNKNOWN,Target is not in current authority corpus; not labeled broken without reliable target readback.
non_corpus_internal_target,UNKNOWN,https://fermatmind.com/zh/topics/iq-eq,https://fermatmind.com/zh/common-misconceptions,footer,常见误区,UNKNOWN,Target is not in current authority corpus; not labeled broken without reliable target readback.
non_corpus_internal_target,UNKNOWN,https://fermatmind.com/zh/topics/mbti,https://fermatmind.com/zh/tests?q=,header/navigation,,UNKNOWN,Target is not in current authority corpus; not labeled broken without reliable target readback.
private_route_link,HIGH,https://fermatmind.com/zh/topics/mbti,PRIVATE_ROUTE_REDACTED:take,CTA,开始 MBTI 免费测试,VERIFIED,Visible internal link targets a private/sensitive route; target was not crawled.
non_corpus_internal_target,UNKNOWN,https://fermatmind.com/zh/topics/mbti,https://fermatmind.com/zh/career/recommendations/mbti/intj-a,inline contextual,职业推荐,UNKNOWN,Target is not in current authority corpus; not labeled broken without reliable target readback.
non_corpus_internal_target,UNKNOWN,https://fermatmind.com/zh/topics/mbti,https://fermatmind.com/zh/career/recommendations/mbti/entp-a,inline contextual,职业推荐,UNKNOWN,Target is not in current authority corpus; not labeled broken without reliable target readback.
non_corpus_internal_target,UNKNOWN,https://fermatmind.com/zh/topics/mbti,https://fermatmind.com/zh/career/recommendations/mbti/entj-a,inline contextual,职业推荐,UNKNOWN,Target is not in current authority corpus; not labeled broken without reliable target readback.
non_corpus_internal_target,UNKNOWN,https://fermatmind.com/zh/topics/mbti,https://fermatmind.com/zh/career/recommendations/mbti/intp-a,inline contextual,职业推荐,UNKNOWN,Target is not in current authority corpus; not labeled broken without reliable target readback.
non_corpus_internal_target,UNKNOWN,https://fermatmind.com/zh/topics/mbti,https://fermatmind.com/zh/career/recommendations/mbti/infp-a,inline contextual,职业推荐,UNKNOWN,Target is not in current authority corpus; not labeled broken without reliable target readback.
non_corpus_internal_target,UNKNOWN,https://fermatmind.com/zh/topics/mbti,https://fermatmind.com/zh/career/recommendations/mbti/infj-a,inline contextual,职业推荐,UNKNOWN,Target is not in current authority corpus; not labeled broken without reliable target readback.
non_corpus_internal_target,UNKNOWN,https://fermatmind.com/zh/topics/mbti,https://fermatmind.com/zh/career/recommendations/mbti/enfj-a,inline contextual,职业推荐,UNKNOWN,Target is not in current authority corpus; not labeled broken without reliable target readback.
non_corpus_internal_target,UNKNOWN,https://fermatmind.com/zh/topics/mbti,https://fermatmind.com/zh/career/recommendations/mbti/enfp-a,inline contextual,职业推荐,UNKNOWN,Target is not in current authority corpus; not labeled broken without reliable target readback.
non_corpus_internal_target,UNKNOWN,https://fermatmind.com/zh/topics/mbti,https://fermatmind.com/zh/career/recommendations/mbti/istj-a,inline contextual,职业推荐,UNKNOWN,Target is not in current authority corpus; not labeled broken without reliable target readback.
non_corpus_internal_target,UNKNOWN,https://fermatmind.com/zh/topics/mbti,https://fermatmind.com/zh/career/recommendations/mbti/isfj-a,inline contextual,职业推荐,UNKNOWN,Target is not in current authority corpus; not labeled broken without reliable target readback.
non_corpus_internal_target,UNKNOWN,https://fermatmind.com/zh/topics/mbti,https://fermatmind.com/zh/career/recommendations/mbti/estj-a,inline contextual,职业推荐,UNKNOWN,Target is not in current authority corpus; not labeled broken without reliable target readback.
non_corpus_internal_target,UNKNOWN,https://fermatmind.com/zh/topics/mbti,https://fermatmind.com/zh/career/recommendations/mbti/esfj-a,inline contextual,职业推荐,UNKNOWN,Target is not in current authority corpus; not labeled broken without reliable target readback.
non_corpus_internal_target,UNKNOWN,https://fermatmind.com/zh/topics/mbti,https://fermatmind.com/zh/career/recommendations/mbti/istp-a,inline contextual,职业推荐,UNKNOWN,Target is not in current authority corpus; not labeled broken without reliable target readback.
non_corpus_internal_target,UNKNOWN,https://fermatmind.com/zh/topics/mbti,https://fermatmind.com/zh/career/recommendations/mbti/isfp-a,inline contextual,职业推荐,UNKNOWN,Target is not in current authority corpus; not labeled broken without reliable target readback.
non_corpus_internal_target,UNKNOWN,https://fermatmind.com/zh/topics/mbti,https://fermatmind.com/zh/career/recommendations/mbti/estp-a,inline contextual,职业推荐,UNKNOWN,Target is not in current authority corpus; not labeled broken without reliable target readback.
non_corpus_internal_target,UNKNOWN,https://fermatmind.com/zh/topics/mbti,https://fermatmind.com/zh/career/recommendations/mbti/esfp-a,inline contextual,职业推荐,UNKNOWN,Target is not in current authority corpus; not labeled broken without reliable target readback.
non_corpus_internal_target,UNKNOWN,https://fermatmind.com/zh/topics/mbti,https://fermatmind.com/zh/career/recommendations/mbti/entp-a,inline contextual,查看 ENTP 职业决策样例,UNKNOWN,Target is not in current authority corpus; not labeled broken without reliable target readback.
private_route_link,HIGH,https://fermatmind.com/zh/topics/mbti,PRIVATE_ROUTE_REDACTED:take,inline contextual,MBTI免费测试,VERIFIED,Visible internal link targets a private/sensitive route; target was not crawled.
private_route_link,HIGH,https://fermatmind.com/zh/topics/mbti,PRIVATE_ROUTE_REDACTED:take,inline contextual,MBTI免费测试,VERIFIED,Visible internal link targets a private/sensitive route; target was not crawled.
non_corpus_internal_target,UNKNOWN,https://fermatmind.com/zh/topics/mbti,https://fermatmind.com/zh/career/recommendations/mbti/enfp-a,inline contextual,查看 ENFP 成长导向推荐,UNKNOWN,Target is not in current authority corpus; not labeled broken without reliable target readback.
non_corpus_internal_target,UNKNOWN,https://fermatmind.com/zh/topics/mbti,https://fermatmind.com/zh/career/recommendations/mbti/infj-a,inline contextual,查看 INFJ 成长导向推荐,UNKNOWN,Target is not in current authority corpus; not labeled broken without reliable target readback.
private_route_link,HIGH,https://fermatmind.com/zh/topics/mbti,PRIVATE_ROUTE_REDACTED:take,inline contextual,MBTI免费测试,VERIFIED,Visible internal link targets a private/sensitive route; target was not crawled.
non_corpus_internal_target,UNKNOWN,https://fermatmind.com/zh/topics/mbti,https://fermatmind.com/zh/tests/mbti-personality-test-16-personality-types?entry_surface=topic_detail_seo_cta&source_page_type=topic_detail&source_route_family=topic&source_slug=mbti&topic_id=6&target_action=seo_cta_start_test&test_slug=mbti-personality-test-16-personality-types&target_test_slug=mbti-personality-test-16-personality-types&cta_id=start_test&landing_path=%2Fzh%2Ftopics%2Fmbti&entrypoint=seo_cta,inline contextual,开始测试,UNKNOWN,Target is not in current authority corpus; not labeled broken without reliable target readback.
non_corpus_internal_target,UNKNOWN,https://fermatmind.com/zh/topics/mbti,https://fermatmind.com/zh/tests/mbti-personality-test-16-personality-types?entry_surface=topic_detail_seo_cta&source_page_type=topic_detail&source_route_family=topic&source_slug=mbti&topic_id=6&target_action=seo_cta_continue_public_content&test_slug=mbti-personality-test-16-personality-types&target_test_slug=mbti-personality-test-16-personality-types&cta_id=continue_public_content&landing_path=%2Fzh%2Ftopics%2Fmbti&entrypoint=seo_cta,inline contextual,开始测试,UNKNOWN,Target is not in current authority corpus; not labeled broken without reliable target readback.
non_corpus_internal_target,UNKNOWN,https://fermatmind.com/zh/topics/mbti,https://fermatmind.com/zh/science,footer,测评科学,UNKNOWN,Target is not in current authority corpus; not labeled broken without reliable target readback.
non_corpus_internal_target,UNKNOWN,https://fermatmind.com/zh/topics/mbti,https://fermatmind.com/zh/item-design-notes,footer,题目设计说明,UNKNOWN,Target is not in current authority corpus; not labeled broken without reliable target readback.
non_corpus_internal_target,UNKNOWN,https://fermatmind.com/zh/topics/mbti,https://fermatmind.com/zh/reliability-validity,footer,信度效度,UNKNOWN,Target is not in current authority corpus; not labeled broken without reliable target readback.
non_corpus_internal_target,UNKNOWN,https://fermatmind.com/zh/topics/mbti,https://fermatmind.com/zh/data-privacy,footer,数据说明,UNKNOWN,Target is not in current authority corpus; not labeled broken without reliable target readback.
non_corpus_internal_target,UNKNOWN,https://fermatmind.com/zh/topics/mbti,https://fermatmind.com/zh/common-misconceptions,footer,常见误区,UNKNOWN,Target is not in current authority corpus; not labeled broken without reliable target readback.
