url,canonical,locale,surface,render_status,eligible_for_orphan_classification,full_inbound,full_outbound,contextual_inbound,contextual_outbound,true_orphan,sitemap_only,zero_contextual_inbound,zero_outbound,full_depth,contextual_depth,full_internal_authority_proxy,contextual_internal_authority_proxy,failure_kind
https://fermatmind.com/,https://fermatmind.com/,none,homepage,RENDERED,true,316,30,193,16,false,false,false,false,1,1,0.01835033550632561,0.04215446426989102,
https://fermatmind.com/en,https://fermatmind.com/en,en,homepage,RENDERED,true,231,35,109,16,false,false,false,false,0,0,0.011412989909759206,0.03928937308439437,
https://fermatmind.com/en/about,https://fermatmind.com/en/about,en,content_page,RENDERED,true,232,29,5,6,false,false,false,false,1,1,0.011832041375128334,0.0035591837501415236,
https://fermatmind.com/en/articles,https://fermatmind.com/en/articles,en,article_hub,RENDERED,true,232,32,23,4,false,false,false,false,0,0,0.011832041375128334,0.023318327786480672,
https://fermatmind.com/en/articles/are-infj-men-rare-or-socially-silenced,https://fermatmind.com/en/articles/are-infj-men-rare-or-socially-silenced,en,article_detail,RENDERED,true,0,29,0,3,true,true,true,false,UNREACHABLE_OR_UNCRAWLED,UNREACHABLE_OR_UNCRAWLED,0.00027124773960217005,0.000297314058944717,
https://fermatmind.com/en/articles/best-valentines-date-by-personality-and-relationship-science,https://fermatmind.com/en/articles/best-valentines-date-by-personality-and-relationship-science,en,article_detail,RENDERED,true,0,29,0,3,true,true,true,false,UNREACHABLE_OR_UNCRAWLED,UNREACHABLE_OR_UNCRAWLED,0.00027124773960217005,0.000297314058944717,
https://fermatmind.com/en/articles/big-five-conscientiousness-low-procrastination-task-plan,https://fermatmind.com/en/articles/big-five-conscientiousness-low-procrastination-task-plan,en,article_detail,RENDERED,true,3,30,3,4,false,false,false,false,1,1,0.001176997549750015,0.012474278845442326,
https://fermatmind.com/en/articles/big-five-emotional-stability-stress-recovery-communication,https://fermatmind.com/en/articles/big-five-emotional-stability-stress-recovery-communication,en,article_detail,RENDERED,true,3,29,3,3,false,false,false,false,1,1,0.001176997549750015,0.012474278845442326,
https://fermatmind.com/en/articles/big-five-personality-test-vs-mbti,https://fermatmind.com/en/articles/big-five-personality-test-vs-mbti,en,article_detail,RENDERED,true,2,29,2,2,false,false,false,false,2,2,0.0006188846025386002,0.008082669066358609,
https://fermatmind.com/en/articles/career-interest-test-vs-personality-test,https://fermatmind.com/en/articles/career-interest-test-vs-personality-test,en,article_detail,RENDERED,true,2,30,2,7,false,false,false,false,UNREACHABLE_OR_UNCRAWLED,UNREACHABLE_OR_UNCRAWLED,0.0002861226156448697,0.00039840083909353975,
https://fermatmind.com/en/articles/childhood-dream-job-still-shapes-career-choice,https://fermatmind.com/en/articles/childhood-dream-job-still-shapes-career-choice,en,article_detail,RENDERED,true,0,29,0,3,true,true,true,false,UNREACHABLE_OR_UNCRAWLED,UNREACHABLE_OR_UNCRAWLED,0.00027124773960217005,0.000297314058944717,
https://fermatmind.com/en/articles/choose-career-using-personality-tests,https://fermatmind.com/en/articles/choose-career-using-personality-tests,en,article_detail,RENDERED,true,0,31,0,5,true,true,true,false,UNREACHABLE_OR_UNCRAWLED,UNREACHABLE_OR_UNCRAWLED,0.00027124773960217005,0.000297314058944717,
https://fermatmind.com/en/articles/enneagram-workplace-friction-core-motivations,https://fermatmind.com/en/articles/enneagram-workplace-friction-core-motivations,en,article_detail,RENDERED,true,1,29,1,3,false,false,false,false,2,2,0.0006064889118974729,0.008852126828966543,
https://fermatmind.com/en/articles/holland-career-interest-test-can-and-cannot-tell-you,https://fermatmind.com/en/articles/holland-career-interest-test-can-and-cannot-tell-you,en,article_detail,RENDERED,true,0,29,0,5,true,true,true,false,UNREACHABLE_OR_UNCRAWLED,UNREACHABLE_OR_UNCRAWLED,0.00027124773960217005,0.000297314058944717,
https://fermatmind.com/en/articles/hot-major-fit-riasec-course-career-checklist,https://fermatmind.com/en/articles/hot-major-fit-riasec-course-career-checklist,en,article_detail,RENDERED,true,0,31,0,5,true,true,true,false,UNREACHABLE_OR_UNCRAWLED,UNREACHABLE_OR_UNCRAWLED,0.00027124773960217005,0.000297314058944717,
https://fermatmind.com/en/articles/how-16-personality-types-talk-to-an-ai-coach,https://fermatmind.com/en/articles/how-16-personality-types-talk-to-an-ai-coach,en,article_detail,RENDERED,true,0,29,0,3,true,true,true,false,UNREACHABLE_OR_UNCRAWLED,UNREACHABLE_OR_UNCRAWLED,0.00027124773960217005,0.000297314058944717,
https://fermatmind.com/en/articles/how-personality-shapes-attitude-toward-ai,https://fermatmind.com/en/articles/how-personality-shapes-attitude-toward-ai,en,article_detail,RENDERED,true,0,29,0,3,true,true,true,false,UNREACHABLE_OR_UNCRAWLED,UNREACHABLE_OR_UNCRAWLED,0.00027124773960217005,0.000297314058944717,
https://fermatmind.com/en/articles/major-career-mismatch-job-search-skills-plan,https://fermatmind.com/en/articles/major-career-mismatch-job-search-skills-plan,en,article_detail,RENDERED,true,2,29,2,5,false,false,false,false,1,1,0.0008627089507231686,0.005932724960488954,
https://fermatmind.com/en/articles/major-category-program-tracking-riasec-choice-checklist,https://fermatmind.com/en/articles/major-category-program-tracking-riasec-choice-checklist,en,article_detail,RENDERED,true,3,29,3,3,false,false,false,false,1,1,0.001176997549750015,0.010887871295625696,
https://fermatmind.com/en/articles/mbti-full-report-career-relationship-communication,https://fermatmind.com/en/articles/mbti-full-report-career-relationship-communication,en,article_detail,RENDERED,true,1,30,1,4,false,false,false,false,2,2,0.0005585973158552867,0.0015117063310354079,
https://fermatmind.com/en/articles/mbti-personality-test-science-vs-pseudoscience,https://fermatmind.com/en/articles/mbti-personality-test-science-vs-pseudoscience,en,article_detail,RENDERED,true,2,29,2,4,false,false,false,false,2,2,0.0005770902302288394,0.0016930507144308903,
https://fermatmind.com/en/articles/mbti-vs-holland-code-career-choice,https://fermatmind.com/en/articles/mbti-vs-holland-code-career-choice,en,article_detail,RENDERED,true,2,29,2,2,false,false,false,false,2,2,0.0005744242398045198,0.0018329439793162046,
https://fermatmind.com/en/articles/unwanted-major-adjustment-riasec-transfer-plan,https://fermatmind.com/en/articles/unwanted-major-adjustment-riasec-transfer-plan,en,article_detail,RENDERED,true,1,29,1,3,false,false,false,false,1,1,0.0005484203516963222,0.002384562631031595,
https://fermatmind.com/en/articles/unwanted-major-repeat-or-stay-riasec-decision-checklist,https://fermatmind.com/en/articles/unwanted-major-repeat-or-stay-riasec-decision-checklist,en,article_detail,RENDERED,true,2,29,2,3,false,false,false,false,1,1,0.0008627089507231686,0.005932724960488954,
https://fermatmind.com/en/articles/what-is-riasec-holland-code-career-interest-test,https://fermatmind.com/en/articles/what-is-riasec-holland-code-career-interest-test,en,article_detail,RENDERED,true,3,29,3,2,false,false,false,false,UNREACHABLE_OR_UNCRAWLED,UNREACHABLE_OR_UNCRAWLED,0.000294229423088141,0.0004467780838944493,
https://fermatmind.com/en/articles/which-love-script-fits-you-best,https://fermatmind.com/en/articles/which-love-script-fits-you-best,en,article_detail,RENDERED,true,0,29,0,3,true,true,true,false,UNREACHABLE_OR_UNCRAWLED,UNREACHABLE_OR_UNCRAWLED,0.00027124773960217005,0.000297314058944717,
https://fermatmind.com/en/brand,https://fermatmind.com/en/brand,en,content_page,RENDERED,true,232,29,4,6,false,false,false,false,1,2,0.011832041375128334,0.001471935178054646,
https://fermatmind.com/en/business,https://fermatmind.com/en/business,en,content_page,RENDERED,true,231,29,0,0,false,false,true,false,1,UNREACHABLE_OR_UNCRAWLED,0.011412989909759206,0.000297314058944717,
https://fermatmind.com/en/career,https://fermatmind.com/en/career,en,career_hub,RENDERED,true,231,31,3,4,false,false,false,false,0,0,0.011412989909759206,0.0008916891800664978,
https://fermatmind.com/en/career/guides,https://fermatmind.com/en/career/guides,en,career_guide_hub,RENDERED,true,232,30,3,4,false,false,false,false,1,1,0.011832041375128334,0.0008896808257827091,
https://fermatmind.com/en/career/recommendations,https://fermatmind.com/en/career/recommendations,en,career_recommendation,RENDERED,true,53,46,53,23,false,false,false,false,1,1,0.0015316739393755688,0.00578586933733076,
https://fermatmind.com/en/career/tests,https://fermatmind.com/en/career/tests,en,career_other,RENDERED,true,2,29,2,3,false,false,false,false,1,1,0.0009194257320037736,0.0006758552025298595,
https://fermatmind.com/en/careers,https://fermatmind.com/en/careers,en,content_page,RENDERED,true,232,29,5,2,false,false,false,false,1,2,0.011832041375128334,0.002559887986424229,
https://fermatmind.com/en/charter,https://fermatmind.com/en/charter,en,content_page,RENDERED,true,232,29,4,6,false,false,false,false,1,2,0.011832041375128334,0.001471935178054646,
https://fermatmind.com/en/common-misconceptions,https://fermatmind.com/en/common-misconceptions,en,content_page,RENDERED,true,232,29,1,5,false,false,false,false,1,UNREACHABLE_OR_UNCRAWLED,0.011832041375128334,0.00035820970965300266,
https://fermatmind.com/en/data-privacy,https://fermatmind.com/en/data-privacy,en,content_page,RENDERED,true,232,29,1,5,false,false,false,false,1,UNREACHABLE_OR_UNCRAWLED,0.011832041375128334,0.00035820970965300266,
https://fermatmind.com/en/foundation,https://fermatmind.com/en/foundation,en,content_page,RENDERED,true,232,29,6,14,false,false,false,false,1,1,0.011832041375128334,0.004172901323107422,
https://fermatmind.com/en/item-design-notes,https://fermatmind.com/en/item-design-notes,en,content_page,RENDERED,true,232,29,1,5,false,false,false,false,1,UNREACHABLE_OR_UNCRAWLED,0.011832041375128334,0.00035820970965300266,
https://fermatmind.com/en/method-boundaries,https://fermatmind.com/en/method-boundaries,en,content_page,RENDERED,true,232,29,38,5,false,false,false,false,1,1,0.011832041375128334,0.0077193579772198906,
https://fermatmind.com/en/personality,https://fermatmind.com/en/personality,en,personality_hub,RENDERED,true,231,78,178,51,false,false,false,false,0,0,0.011412989909759206,0.015734890259271654,
https://fermatmind.com/en/personality/big-five,https://fermatmind.com/en/personality/big-five,en,big_five_hub,RENDERED,true,52,36,52,9,false,false,false,false,UNREACHABLE_OR_UNCRAWLED,UNREACHABLE_OR_UNCRAWLED,0.0006662643142447483,0.004199369255190389,
https://fermatmind.com/en/personality/big-five/agreeableness,https://fermatmind.com/en/personality/big-five/agreeableness,en,big_five_detail,RENDERED,true,12,41,12,14,false,false,false,false,UNREACHABLE_OR_UNCRAWLED,UNREACHABLE_OR_UNCRAWLED,0.0003697077442652689,0.0014686352250910186,
https://fermatmind.com/en/personality/big-five/agreeableness-high,https://fermatmind.com/en/personality/big-five/agreeableness-high,en,big_five_detail,RENDERED,true,4,35,4,8,false,false,false,false,UNREACHABLE_OR_UNCRAWLED,UNREACHABLE_OR_UNCRAWLED,0.0003008300287278784,0.0005673118518636212,
https://fermatmind.com/en/personality/big-five/agreeableness-low,https://fermatmind.com/en/personality/big-five/agreeableness-low,en,big_five_detail,RENDERED,true,4,35,4,8,false,false,false,false,UNREACHABLE_OR_UNCRAWLED,UNREACHABLE_OR_UNCRAWLED,0.0003008300287278784,0.0005673118518636212,
https://fermatmind.com/en/personality/big-five/agreeableness-mid,https://fermatmind.com/en/personality/big-five/agreeableness-mid,en,big_five_detail,RENDERED,true,4,35,4,8,false,false,false,false,UNREACHABLE_OR_UNCRAWLED,UNREACHABLE_OR_UNCRAWLED,0.0003008300287278784,0.0005673118518636212,
https://fermatmind.com/en/personality/big-five/conscientiousness,https://fermatmind.com/en/personality/big-five/conscientiousness,en,big_five_detail,RENDERED,true,12,41,12,14,false,false,false,false,UNREACHABLE_OR_UNCRAWLED,UNREACHABLE_OR_UNCRAWLED,0.0003697077442652689,0.0014686352250910186,
https://fermatmind.com/en/personality/big-five/conscientiousness-high,https://fermatmind.com/en/personality/big-five/conscientiousness-high,en,big_five_detail,RENDERED,true,4,35,4,8,false,false,false,false,UNREACHABLE_OR_UNCRAWLED,UNREACHABLE_OR_UNCRAWLED,0.0003008300287278784,0.0005673118518636212,
https://fermatmind.com/en/personality/big-five/conscientiousness-low,https://fermatmind.com/en/personality/big-five/conscientiousness-low,en,big_five_detail,RENDERED,true,4,35,4,8,false,false,false,false,UNREACHABLE_OR_UNCRAWLED,UNREACHABLE_OR_UNCRAWLED,0.0003008300287278784,0.0005673118518636212,
https://fermatmind.com/en/personality/big-five/conscientiousness-mid,https://fermatmind.com/en/personality/big-five/conscientiousness-mid,en,big_five_detail,RENDERED,true,4,35,4,8,false,false,false,false,UNREACHABLE_OR_UNCRAWLED,UNREACHABLE_OR_UNCRAWLED,0.0003008300287278784,0.0005673118518636212,
https://fermatmind.com/en/personality/big-five/extraversion,https://fermatmind.com/en/personality/big-five/extraversion,en,big_five_detail,RENDERED,true,12,41,12,14,false,false,false,false,UNREACHABLE_OR_UNCRAWLED,UNREACHABLE_OR_UNCRAWLED,0.0003697077442652689,0.0014686352250910186,
https://fermatmind.com/en/personality/big-five/extraversion-high,https://fermatmind.com/en/personality/big-five/extraversion-high,en,big_five_detail,RENDERED,true,4,35,4,8,false,false,false,false,UNREACHABLE_OR_UNCRAWLED,UNREACHABLE_OR_UNCRAWLED,0.0003008300287278784,0.0005673118518636212,
https://fermatmind.com/en/personality/big-five/extraversion-low,https://fermatmind.com/en/personality/big-five/extraversion-low,en,big_five_detail,RENDERED,true,4,35,4,8,false,false,false,false,UNREACHABLE_OR_UNCRAWLED,UNREACHABLE_OR_UNCRAWLED,0.0003008300287278784,0.0005673118518636212,
https://fermatmind.com/en/personality/big-five/extraversion-mid,https://fermatmind.com/en/personality/big-five/extraversion-mid,en,big_five_detail,RENDERED,true,4,35,4,8,false,false,false,false,UNREACHABLE_OR_UNCRAWLED,UNREACHABLE_OR_UNCRAWLED,0.0003008300287278784,0.0005673118518636212,
https://fermatmind.com/en/personality/big-five/facets,https://fermatmind.com/en/personality/big-five/facets,en,big_five_detail,RENDERED,true,52,66,52,39,false,false,false,false,UNREACHABLE_OR_UNCRAWLED,UNREACHABLE_OR_UNCRAWLED,0.0006662643142447483,0.004199369255190389,
https://fermatmind.com/en/personality/big-five/facets/achievement-striving,https://fermatmind.com/en/personality/big-five/facets/achievement-striving,en,big_five_detail,RENDERED,true,8,38,8,11,false,false,false,false,UNREACHABLE_OR_UNCRAWLED,UNREACHABLE_OR_UNCRAWLED,0.0003320588871335225,0.000891197471805744,
https://fermatmind.com/en/personality/big-five/facets/actions,https://fermatmind.com/en/personality/big-five/facets/actions,en,big_five_detail,RENDERED,true,8,38,8,11,false,false,false,false,UNREACHABLE_OR_UNCRAWLED,UNREACHABLE_OR_UNCRAWLED,0.00033183365925440044,0.0008792495025605415,
https://fermatmind.com/en/personality/big-five/facets/activity,https://fermatmind.com/en/personality/big-five/facets/activity,en,big_five_detail,RENDERED,true,8,38,8,11,false,false,false,false,UNREACHABLE_OR_UNCRAWLED,UNREACHABLE_OR_UNCRAWLED,0.0003320588871335225,0.000891197471805744,
https://fermatmind.com/en/personality/big-five/facets/aesthetics,https://fermatmind.com/en/personality/big-five/facets/aesthetics,en,big_five_detail,RENDERED,true,8,38,8,11,false,false,false,false,UNREACHABLE_OR_UNCRAWLED,UNREACHABLE_OR_UNCRAWLED,0.00033183365925440044,0.0008792495025605415,
https://fermatmind.com/en/personality/big-five/facets/altruism,https://fermatmind.com/en/personality/big-five/facets/altruism,en,big_five_detail,RENDERED,true,8,38,8,11,false,false,false,false,UNREACHABLE_OR_UNCRAWLED,UNREACHABLE_OR_UNCRAWLED,0.0003320588871335225,0.000891197471805744,
https://fermatmind.com/en/personality/big-five/facets/anger,https://fermatmind.com/en/personality/big-five/facets/anger,en,big_five_detail,RENDERED,true,8,38,8,11,false,false,false,false,UNREACHABLE_OR_UNCRAWLED,UNREACHABLE_OR_UNCRAWLED,0.00033223661229596634,0.0008994103157646431,
https://fermatmind.com/en/personality/big-five/facets/anxiety,https://fermatmind.com/en/personality/big-five/facets/anxiety,en,big_five_detail,RENDERED,true,8,38,8,11,false,false,false,false,UNREACHABLE_OR_UNCRAWLED,UNREACHABLE_OR_UNCRAWLED,0.00033223661229596634,0.0008994103157646431,
https://fermatmind.com/en/personality/big-five/facets/assertiveness,https://fermatmind.com/en/personality/big-five/facets/assertiveness,en,big_five_detail,RENDERED,true,8,38,8,11,false,false,false,false,UNREACHABLE_OR_UNCRAWLED,UNREACHABLE_OR_UNCRAWLED,0.0003320588871335225,0.000891197471805744,
https://fermatmind.com/en/personality/big-five/facets/competence,https://fermatmind.com/en/personality/big-five/facets/competence,en,big_five_detail,RENDERED,true,8,38,8,11,false,false,false,false,UNREACHABLE_OR_UNCRAWLED,UNREACHABLE_OR_UNCRAWLED,0.0003320588871335225,0.000891197471805744,
https://fermatmind.com/en/personality/big-five/facets/compliance,https://fermatmind.com/en/personality/big-five/facets/compliance,en,big_five_detail,RENDERED,true,8,38,8,11,false,false,false,false,UNREACHABLE_OR_UNCRAWLED,UNREACHABLE_OR_UNCRAWLED,0.0003320588871335225,0.000891197471805744,
https://fermatmind.com/en/personality/big-five/facets/deliberation,https://fermatmind.com/en/personality/big-five/facets/deliberation,en,big_five_detail,RENDERED,true,8,38,8,11,false,false,false,false,UNREACHABLE_OR_UNCRAWLED,UNREACHABLE_OR_UNCRAWLED,0.0003320588871335225,0.000891197471805744,
https://fermatmind.com/en/personality/big-five/facets/depression,https://fermatmind.com/en/personality/big-five/facets/depression,en,big_five_detail,RENDERED,true,8,38,8,11,false,false,false,false,UNREACHABLE_OR_UNCRAWLED,UNREACHABLE_OR_UNCRAWLED,0.00033223661229596634,0.0008994103157646431,
https://fermatmind.com/en/personality/big-five/facets/dutifulness,https://fermatmind.com/en/personality/big-five/facets/dutifulness,en,big_five_detail,RENDERED,true,8,38,8,11,false,false,false,false,UNREACHABLE_OR_UNCRAWLED,UNREACHABLE_OR_UNCRAWLED,0.0003320588871335225,0.000891197471805744,
https://fermatmind.com/en/personality/big-five/facets/excitement-seeking,https://fermatmind.com/en/personality/big-five/facets/excitement-seeking,en,big_five_detail,RENDERED,true,8,38,8,11,false,false,false,false,UNREACHABLE_OR_UNCRAWLED,UNREACHABLE_OR_UNCRAWLED,0.0003320588871335225,0.000891197471805744,
https://fermatmind.com/en/personality/big-five/facets/feelings,https://fermatmind.com/en/personality/big-five/facets/feelings,en,big_five_detail,RENDERED,true,8,39,8,12,false,false,false,false,UNREACHABLE_OR_UNCRAWLED,UNREACHABLE_OR_UNCRAWLED,0.00033183365925440044,0.0008792495025605415,
https://fermatmind.com/en/personality/big-five/facets/gregariousness,https://fermatmind.com/en/personality/big-five/facets/gregariousness,en,big_five_detail,RENDERED,true,8,38,8,11,false,false,false,false,UNREACHABLE_OR_UNCRAWLED,UNREACHABLE_OR_UNCRAWLED,0.0003320588871335225,0.000891197471805744,
https://fermatmind.com/en/personality/big-five/facets/ideas,https://fermatmind.com/en/personality/big-five/facets/ideas,en,big_five_detail,RENDERED,true,8,38,8,11,false,false,false,false,UNREACHABLE_OR_UNCRAWLED,UNREACHABLE_OR_UNCRAWLED,0.00033183365925440044,0.0008792495025605415,
https://fermatmind.com/en/personality/big-five/facets/imagination,https://fermatmind.com/en/personality/big-five/facets/imagination,en,big_five_detail,RENDERED,true,8,38,8,11,false,false,false,false,UNREACHABLE_OR_UNCRAWLED,UNREACHABLE_OR_UNCRAWLED,0.00033183365925440044,0.0008792495025605415,
https://fermatmind.com/en/personality/big-five/facets/impulsiveness,https://fermatmind.com/en/personality/big-five/facets/impulsiveness,en,big_five_detail,RENDERED,true,8,38,8,11,false,false,false,false,UNREACHABLE_OR_UNCRAWLED,UNREACHABLE_OR_UNCRAWLED,0.00033223661229596634,0.0008994103157646431,
https://fermatmind.com/en/personality/big-five/facets/modesty,https://fermatmind.com/en/personality/big-five/facets/modesty,en,big_five_detail,RENDERED,true,8,38,8,11,false,false,false,false,UNREACHABLE_OR_UNCRAWLED,UNREACHABLE_OR_UNCRAWLED,0.0003320588871335225,0.000891197471805744,
https://fermatmind.com/en/personality/big-five/facets/order,https://fermatmind.com/en/personality/big-five/facets/order,en,big_five_detail,RENDERED,true,8,38,8,11,false,false,false,false,UNREACHABLE_OR_UNCRAWLED,UNREACHABLE_OR_UNCRAWLED,0.0003320588871335225,0.000891197471805744,
https://fermatmind.com/en/personality/big-five/facets/positive-emotions,https://fermatmind.com/en/personality/big-five/facets/positive-emotions,en,big_five_detail,RENDERED,true,8,38,8,11,false,false,false,false,UNREACHABLE_OR_UNCRAWLED,UNREACHABLE_OR_UNCRAWLED,0.0003320588871335225,0.000891197471805744,
https://fermatmind.com/en/personality/big-five/facets/self-consciousness,https://fermatmind.com/en/personality/big-five/facets/self-consciousness,en,big_five_detail,RENDERED,true,8,38,8,11,false,false,false,false,UNREACHABLE_OR_UNCRAWLED,UNREACHABLE_OR_UNCRAWLED,0.00033223661229596634,0.0008994103157646431,
https://fermatmind.com/en/personality/big-five/facets/self-discipline,https://fermatmind.com/en/personality/big-five/facets/self-discipline,en,big_five_detail,RENDERED,true,8,38,8,11,false,false,false,false,UNREACHABLE_OR_UNCRAWLED,UNREACHABLE_OR_UNCRAWLED,0.0003320588871335225,0.000891197471805744,
https://fermatmind.com/en/personality/big-five/facets/straightforwardness,https://fermatmind.com/en/personality/big-five/facets/straightforwardness,en,big_five_detail,RENDERED,true,8,38,8,11,false,false,false,false,UNREACHABLE_OR_UNCRAWLED,UNREACHABLE_OR_UNCRAWLED,0.0003320588871335225,0.000891197471805744,
https://fermatmind.com/en/personality/big-five/facets/tender-mindedness,https://fermatmind.com/en/personality/big-five/facets/tender-mindedness,en,big_five_detail,RENDERED,true,8,38,8,11,false,false,false,false,UNREACHABLE_OR_UNCRAWLED,UNREACHABLE_OR_UNCRAWLED,0.0003320588871335225,0.000891197471805744,
https://fermatmind.com/en/personality/big-five/facets/trust,https://fermatmind.com/en/personality/big-five/facets/trust,en,big_five_detail,RENDERED,true,8,38,8,11,false,false,false,false,UNREACHABLE_OR_UNCRAWLED,UNREACHABLE_OR_UNCRAWLED,0.0003320588871335225,0.000891197471805744,
https://fermatmind.com/en/personality/big-five/facets/values,https://fermatmind.com/en/personality/big-five/facets/values,en,big_five_detail,RENDERED,true,8,38,8,11,false,false,false,false,UNREACHABLE_OR_UNCRAWLED,UNREACHABLE_OR_UNCRAWLED,0.00033183365925440044,0.0008792495025605415,
https://fermatmind.com/en/personality/big-five/facets/vulnerability,https://fermatmind.com/en/personality/big-five/facets/vulnerability,en,big_five_detail,RENDERED,true,8,38,8,11,false,false,false,false,UNREACHABLE_OR_UNCRAWLED,UNREACHABLE_OR_UNCRAWLED,0.00033223661229596634,0.0008994103157646431,
https://fermatmind.com/en/personality/big-five/facets/warmth,https://fermatmind.com/en/personality/big-five/facets/warmth,en,big_five_detail,RENDERED,true,8,38,8,11,false,false,false,false,UNREACHABLE_OR_UNCRAWLED,UNREACHABLE_OR_UNCRAWLED,0.0003320588871335225,0.000891197471805744,
https://fermatmind.com/en/personality/big-five/neuroticism,https://fermatmind.com/en/personality/big-five/neuroticism,en,big_five_detail,RENDERED,true,13,41,13,14,false,false,false,false,UNREACHABLE_OR_UNCRAWLED,UNREACHABLE_OR_UNCRAWLED,0.0003771298331699225,0.0015411893308065225,
https://fermatmind.com/en/personality/big-five/neuroticism-high,https://fermatmind.com/en/personality/big-five/neuroticism-high,en,big_five_detail,RENDERED,true,4,35,4,8,false,false,false,false,UNREACHABLE_OR_UNCRAWLED,UNREACHABLE_OR_UNCRAWLED,0.00030099599298426786,0.0005737780108329087,
https://fermatmind.com/en/personality/big-five/neuroticism-low,https://fermatmind.com/en/personality/big-five/neuroticism-low,en,big_five_detail,RENDERED,true,4,35,4,8,false,false,false,false,UNREACHABLE_OR_UNCRAWLED,UNREACHABLE_OR_UNCRAWLED,0.00030099599298426786,0.0005737780108329087,
https://fermatmind.com/en/personality/big-five/neuroticism-mid,https://fermatmind.com/en/personality/big-five/neuroticism-mid,en,big_five_detail,RENDERED,true,4,35,4,8,false,false,false,false,UNREACHABLE_OR_UNCRAWLED,UNREACHABLE_OR_UNCRAWLED,0.00030099599298426786,0.0005737780108329087,
https://fermatmind.com/en/personality/big-five/openness,https://fermatmind.com/en/personality/big-five/openness,en,big_five_detail,RENDERED,true,12,41,12,14,false,false,false,false,UNREACHABLE_OR_UNCRAWLED,UNREACHABLE_OR_UNCRAWLED,0.0003694821488578326,0.0014563379188478936,
https://fermatmind.com/en/personality/big-five/openness-high,https://fermatmind.com/en/personality/big-five/openness-high,en,big_five_detail,RENDERED,true,4,35,4,8,false,false,false,false,UNREACHABLE_OR_UNCRAWLED,UNREACHABLE_OR_UNCRAWLED,0.0003008249842216051,0.0005662158926876172,
https://fermatmind.com/en/personality/big-five/openness-low,https://fermatmind.com/en/personality/big-five/openness-low,en,big_five_detail,RENDERED,true,4,35,4,8,false,false,false,false,UNREACHABLE_OR_UNCRAWLED,UNREACHABLE_OR_UNCRAWLED,0.0003008249842216051,0.0005662158926876172,
https://fermatmind.com/en/personality/big-five/openness-mid,https://fermatmind.com/en/personality/big-five/openness-mid,en,big_five_detail,RENDERED,true,4,35,4,8,false,false,false,false,UNREACHABLE_OR_UNCRAWLED,UNREACHABLE_OR_UNCRAWLED,0.0003008249842216051,0.0005662158926876172,
https://fermatmind.com/en/personality/enfj,https://fermatmind.com/en/personality/enfj,en,mbti_personality_detail,RENDERED,true,1,32,1,6,false,false,false,false,UNREACHABLE_OR_UNCRAWLED,UNREACHABLE_OR_UNCRAWLED,0.0002786493633152309,0.0003463853114546068,
https://fermatmind.com/en/personality/enfj-a,https://fermatmind.com/en/personality/enfj-a,en,mbti_personality_detail,RENDERED,true,6,34,6,11,false,false,false,false,1,1,0.0004764835229055888,0.0012101934079745923,
https://fermatmind.com/en/personality/enfj-a-vs-enfj-t,https://fermatmind.com/en/personality/enfj-a-vs-enfj-t,en,mbti_personality_detail,RENDERED,true,4,32,4,7,false,false,false,false,1,1,0.00042968793791313967,0.0008150234013262601,
https://fermatmind.com/en/personality/enfj-t,https://fermatmind.com/en/personality/enfj-t,en,mbti_personality_detail,RENDERED,true,4,34,4,11,false,false,false,false,1,1,0.00042968793791313967,0.0008150234013262601,
https://fermatmind.com/en/personality/enfp,https://fermatmind.com/en/personality/enfp,en,mbti_personality_detail,RENDERED,true,1,32,1,6,false,false,false,false,UNREACHABLE_OR_UNCRAWLED,UNREACHABLE_OR_UNCRAWLED,0.0002786493633152309,0.0003463853114546068,
https://fermatmind.com/en/personality/enfp-a,https://fermatmind.com/en/personality/enfp-a,en,mbti_personality_detail,RENDERED,true,6,34,6,11,false,false,false,false,1,1,0.0004764835229055888,0.0012101934079745923,
https://fermatmind.com/en/personality/enfp-a-vs-enfp-t,https://fermatmind.com/en/personality/enfp-a-vs-enfp-t,en,mbti_personality_detail,RENDERED,true,4,32,4,7,false,false,false,false,1,1,0.00042968793791313967,0.0008150234013262601,
https://fermatmind.com/en/personality/enfp-t,https://fermatmind.com/en/personality/enfp-t,en,mbti_personality_detail,RENDERED,true,4,34,4,11,false,false,false,false,1,1,0.00042968793791313967,0.0008150234013262601,
https://fermatmind.com/en/personality/enneagram,https://fermatmind.com/en/personality/enneagram,en,enneagram_hub,RENDERED,true,58,42,58,15,false,false,false,false,UNREACHABLE_OR_UNCRAWLED,UNREACHABLE_OR_UNCRAWLED,0.0007190500804832368,0.005327450827248271,
https://fermatmind.com/en/personality/enneagram/centers/gut,https://fermatmind.com/en/personality/enneagram/centers/gut,en,enneagram_detail,RENDERED,true,5,34,5,7,false,false,false,false,UNREACHABLE_OR_UNCRAWLED,UNREACHABLE_OR_UNCRAWLED,0.00031814716067587464,0.0010719121413668394,
https://fermatmind.com/en/personality/enneagram/centers/head,https://fermatmind.com/en/personality/enneagram/centers/head,en,enneagram_detail,RENDERED,true,5,34,5,7,false,false,false,false,UNREACHABLE_OR_UNCRAWLED,UNREACHABLE_OR_UNCRAWLED,0.00031814716067587464,0.0010719121413668394,
https://fermatmind.com/en/personality/enneagram/centers/heart,https://fermatmind.com/en/personality/enneagram/centers/heart,en,enneagram_detail,RENDERED,true,5,34,5,7,false,false,false,false,UNREACHABLE_OR_UNCRAWLED,UNREACHABLE_OR_UNCRAWLED,0.00031814716067587464,0.0010719121413668394,
https://fermatmind.com/en/personality/enneagram/type-1,https://fermatmind.com/en/personality/enneagram/type-1,en,enneagram_detail,RENDERED,true,10,37,10,10,false,false,false,false,UNREACHABLE_OR_UNCRAWLED,UNREACHABLE_OR_UNCRAWLED,0.0003539454540157002,0.001343327219401302,
https://fermatmind.com/en/personality/enneagram/type-1/instincts/one-to-one,https://fermatmind.com/en/personality/enneagram/type-1/instincts/one-to-one,en,enneagram_detail,RENDERED,true,4,34,4,7,false,false,false,false,UNREACHABLE_OR_UNCRAWLED,UNREACHABLE_OR_UNCRAWLED,0.0003020312637310047,0.0006472984520691357,
https://fermatmind.com/en/personality/enneagram/type-1/instincts/self-preservation,https://fermatmind.com/en/personality/enneagram/type-1/instincts/self-preservation,en,enneagram_detail,RENDERED,true,4,34,4,7,false,false,false,false,UNREACHABLE_OR_UNCRAWLED,UNREACHABLE_OR_UNCRAWLED,0.0003020312637310047,0.0006472984520691357,
https://fermatmind.com/en/personality/enneagram/type-1/instincts/social,https://fermatmind.com/en/personality/enneagram/type-1/instincts/social,en,enneagram_detail,RENDERED,true,4,34,4,7,false,false,false,false,UNREACHABLE_OR_UNCRAWLED,UNREACHABLE_OR_UNCRAWLED,0.0003020312637310047,0.0006472984520691357,
https://fermatmind.com/en/personality/enneagram/type-2,https://fermatmind.com/en/personality/enneagram/type-2,en,enneagram_detail,RENDERED,true,10,37,10,10,false,false,false,false,UNREACHABLE_OR_UNCRAWLED,UNREACHABLE_OR_UNCRAWLED,0.0003539454540157002,0.001343327219401302,
https://fermatmind.com/en/personality/enneagram/type-2/instincts/one-to-one,https://fermatmind.com/en/personality/enneagram/type-2/instincts/one-to-one,en,enneagram_detail,RENDERED,true,4,34,4,7,false,false,false,false,UNREACHABLE_OR_UNCRAWLED,UNREACHABLE_OR_UNCRAWLED,0.0003020312637310047,0.0006472984520691357,
https://fermatmind.com/en/personality/enneagram/type-2/instincts/self-preservation,https://fermatmind.com/en/personality/enneagram/type-2/instincts/self-preservation,en,enneagram_detail,RENDERED,true,4,34,4,7,false,false,false,false,UNREACHABLE_OR_UNCRAWLED,UNREACHABLE_OR_UNCRAWLED,0.0003020312637310047,0.0006472984520691357,
https://fermatmind.com/en/personality/enneagram/type-2/instincts/social,https://fermatmind.com/en/personality/enneagram/type-2/instincts/social,en,enneagram_detail,RENDERED,true,4,34,4,7,false,false,false,false,UNREACHABLE_OR_UNCRAWLED,UNREACHABLE_OR_UNCRAWLED,0.0003020312637310047,0.0006472984520691357,
https://fermatmind.com/en/personality/enneagram/type-3,https://fermatmind.com/en/personality/enneagram/type-3,en,enneagram_detail,RENDERED,true,10,37,10,10,false,false,false,false,UNREACHABLE_OR_UNCRAWLED,UNREACHABLE_OR_UNCRAWLED,0.0003539454540157002,0.001343327219401302,
https://fermatmind.com/en/personality/enneagram/type-3/instincts/one-to-one,https://fermatmind.com/en/personality/enneagram/type-3/instincts/one-to-one,en,enneagram_detail,RENDERED,true,4,34,4,7,false,false,false,false,UNREACHABLE_OR_UNCRAWLED,UNREACHABLE_OR_UNCRAWLED,0.0003020312637310047,0.0006472984520691357,
https://fermatmind.com/en/personality/enneagram/type-3/instincts/self-preservation,https://fermatmind.com/en/personality/enneagram/type-3/instincts/self-preservation,en,enneagram_detail,RENDERED,true,4,34,4,7,false,false,false,false,UNREACHABLE_OR_UNCRAWLED,UNREACHABLE_OR_UNCRAWLED,0.0003020312637310047,0.0006472984520691357,
https://fermatmind.com/en/personality/enneagram/type-3/instincts/social,https://fermatmind.com/en/personality/enneagram/type-3/instincts/social,en,enneagram_detail,RENDERED,true,4,34,4,7,false,false,false,false,UNREACHABLE_OR_UNCRAWLED,UNREACHABLE_OR_UNCRAWLED,0.0003020312637310047,0.0006472984520691357,
https://fermatmind.com/en/personality/enneagram/type-4,https://fermatmind.com/en/personality/enneagram/type-4,en,enneagram_detail,RENDERED,true,10,37,10,10,false,false,false,false,UNREACHABLE_OR_UNCRAWLED,UNREACHABLE_OR_UNCRAWLED,0.0003539454540157002,0.001343327219401302,
https://fermatmind.com/en/personality/enneagram/type-4/instincts/one-to-one,https://fermatmind.com/en/personality/enneagram/type-4/instincts/one-to-one,en,enneagram_detail,RENDERED,true,4,34,4,7,false,false,false,false,UNREACHABLE_OR_UNCRAWLED,UNREACHABLE_OR_UNCRAWLED,0.0003020312637310047,0.0006472984520691357,
https://fermatmind.com/en/personality/enneagram/type-4/instincts/self-preservation,https://fermatmind.com/en/personality/enneagram/type-4/instincts/self-preservation,en,enneagram_detail,RENDERED,true,4,34,4,7,false,false,false,false,UNREACHABLE_OR_UNCRAWLED,UNREACHABLE_OR_UNCRAWLED,0.0003020312637310047,0.0006472984520691357,
https://fermatmind.com/en/personality/enneagram/type-4/instincts/social,https://fermatmind.com/en/personality/enneagram/type-4/instincts/social,en,enneagram_detail,RENDERED,true,4,34,4,7,false,false,false,false,UNREACHABLE_OR_UNCRAWLED,UNREACHABLE_OR_UNCRAWLED,0.0003020312637310047,0.0006472984520691357,
https://fermatmind.com/en/personality/enneagram/type-5,https://fermatmind.com/en/personality/enneagram/type-5,en,enneagram_detail,RENDERED,true,10,37,10,10,false,false,false,false,UNREACHABLE_OR_UNCRAWLED,UNREACHABLE_OR_UNCRAWLED,0.0003539454540157002,0.001343327219401302,
https://fermatmind.com/en/personality/enneagram/type-5/instincts/one-to-one,https://fermatmind.com/en/personality/enneagram/type-5/instincts/one-to-one,en,enneagram_detail,RENDERED,true,4,34,4,7,false,false,false,false,UNREACHABLE_OR_UNCRAWLED,UNREACHABLE_OR_UNCRAWLED,0.0003020312637310047,0.0006472984520691357,
https://fermatmind.com/en/personality/enneagram/type-5/instincts/self-preservation,https://fermatmind.com/en/personality/enneagram/type-5/instincts/self-preservation,en,enneagram_detail,RENDERED,true,4,34,4,7,false,false,false,false,UNREACHABLE_OR_UNCRAWLED,UNREACHABLE_OR_UNCRAWLED,0.0003020312637310047,0.0006472984520691357,
https://fermatmind.com/en/personality/enneagram/type-5/instincts/social,https://fermatmind.com/en/personality/enneagram/type-5/instincts/social,en,enneagram_detail,RENDERED,true,4,34,4,7,false,false,false,false,UNREACHABLE_OR_UNCRAWLED,UNREACHABLE_OR_UNCRAWLED,0.0003020312637310047,0.0006472984520691357,
https://fermatmind.com/en/personality/enneagram/type-6,https://fermatmind.com/en/personality/enneagram/type-6,en,enneagram_detail,RENDERED,true,10,37,10,10,false,false,false,false,UNREACHABLE_OR_UNCRAWLED,UNREACHABLE_OR_UNCRAWLED,0.0003539454540157002,0.001343327219401302,
https://fermatmind.com/en/personality/enneagram/type-6/instincts/one-to-one,https://fermatmind.com/en/personality/enneagram/type-6/instincts/one-to-one,en,enneagram_detail,RENDERED,true,4,34,4,7,false,false,false,false,UNREACHABLE_OR_UNCRAWLED,UNREACHABLE_OR_UNCRAWLED,0.0003020312637310047,0.0006472984520691357,
https://fermatmind.com/en/personality/enneagram/type-6/instincts/self-preservation,https://fermatmind.com/en/personality/enneagram/type-6/instincts/self-preservation,en,enneagram_detail,RENDERED,true,4,34,4,7,false,false,false,false,UNREACHABLE_OR_UNCRAWLED,UNREACHABLE_OR_UNCRAWLED,0.0003020312637310047,0.0006472984520691357,
https://fermatmind.com/en/personality/enneagram/type-6/instincts/social,https://fermatmind.com/en/personality/enneagram/type-6/instincts/social,en,enneagram_detail,RENDERED,true,4,34,4,7,false,false,false,false,UNREACHABLE_OR_UNCRAWLED,UNREACHABLE_OR_UNCRAWLED,0.0003020312637310047,0.0006472984520691357,
https://fermatmind.com/en/personality/enneagram/type-7,https://fermatmind.com/en/personality/enneagram/type-7,en,enneagram_detail,RENDERED,true,10,37,10,10,false,false,false,false,UNREACHABLE_OR_UNCRAWLED,UNREACHABLE_OR_UNCRAWLED,0.0003539454540157002,0.001343327219401302,
https://fermatmind.com/en/personality/enneagram/type-7/instincts/one-to-one,https://fermatmind.com/en/personality/enneagram/type-7/instincts/one-to-one,en,enneagram_detail,RENDERED,true,4,34,4,7,false,false,false,false,UNREACHABLE_OR_UNCRAWLED,UNREACHABLE_OR_UNCRAWLED,0.0003020312637310047,0.0006472984520691357,
https://fermatmind.com/en/personality/enneagram/type-7/instincts/self-preservation,https://fermatmind.com/en/personality/enneagram/type-7/instincts/self-preservation,en,enneagram_detail,RENDERED,true,4,34,4,7,false,false,false,false,UNREACHABLE_OR_UNCRAWLED,UNREACHABLE_OR_UNCRAWLED,0.0003020312637310047,0.0006472984520691357,
https://fermatmind.com/en/personality/enneagram/type-7/instincts/social,https://fermatmind.com/en/personality/enneagram/type-7/instincts/social,en,enneagram_detail,RENDERED,true,4,34,4,7,false,false,false,false,UNREACHABLE_OR_UNCRAWLED,UNREACHABLE_OR_UNCRAWLED,0.0003020312637310047,0.0006472984520691357,
https://fermatmind.com/en/personality/enneagram/type-8,https://fermatmind.com/en/personality/enneagram/type-8,en,enneagram_detail,RENDERED,true,10,37,10,10,false,false,false,false,UNREACHABLE_OR_UNCRAWLED,UNREACHABLE_OR_UNCRAWLED,0.0003539454540157002,0.001343327219401302,
https://fermatmind.com/en/personality/enneagram/type-8/instincts/one-to-one,https://fermatmind.com/en/personality/enneagram/type-8/instincts/one-to-one,en,enneagram_detail,RENDERED,true,4,34,4,7,false,false,false,false,UNREACHABLE_OR_UNCRAWLED,UNREACHABLE_OR_UNCRAWLED,0.0003020312637310047,0.0006472984520691357,
https://fermatmind.com/en/personality/enneagram/type-8/instincts/self-preservation,https://fermatmind.com/en/personality/enneagram/type-8/instincts/self-preservation,en,enneagram_detail,RENDERED,true,4,34,4,7,false,false,false,false,UNREACHABLE_OR_UNCRAWLED,UNREACHABLE_OR_UNCRAWLED,0.0003020312637310047,0.0006472984520691357,
https://fermatmind.com/en/personality/enneagram/type-8/instincts/social,https://fermatmind.com/en/personality/enneagram/type-8/instincts/social,en,enneagram_detail,RENDERED,true,4,34,4,7,false,false,false,false,UNREACHABLE_OR_UNCRAWLED,UNREACHABLE_OR_UNCRAWLED,0.0003020312637310047,0.0006472984520691357,
https://fermatmind.com/en/personality/enneagram/type-9,https://fermatmind.com/en/personality/enneagram/type-9,en,enneagram_detail,RENDERED,true,10,37,10,10,false,false,false,false,UNREACHABLE_OR_UNCRAWLED,UNREACHABLE_OR_UNCRAWLED,0.0003539454540157002,0.001343327219401302,
https://fermatmind.com/en/personality/enneagram/type-9/instincts/one-to-one,https://fermatmind.com/en/personality/enneagram/type-9/instincts/one-to-one,en,enneagram_detail,RENDERED,true,4,34,4,7,false,false,false,false,UNREACHABLE_OR_UNCRAWLED,UNREACHABLE_OR_UNCRAWLED,0.0003020312637310047,0.0006472984520691357,
https://fermatmind.com/en/personality/enneagram/type-9/instincts/self-preservation,https://fermatmind.com/en/personality/enneagram/type-9/instincts/self-preservation,en,enneagram_detail,RENDERED,true,4,34,4,7,false,false,false,false,UNREACHABLE_OR_UNCRAWLED,UNREACHABLE_OR_UNCRAWLED,0.0003020312637310047,0.0006472984520691357,
https://fermatmind.com/en/personality/enneagram/type-9/instincts/social,https://fermatmind.com/en/personality/enneagram/type-9/instincts/social,en,enneagram_detail,RENDERED,true,4,34,4,7,false,false,false,false,UNREACHABLE_OR_UNCRAWLED,UNREACHABLE_OR_UNCRAWLED,0.0003020312637310047,0.0006472984520691357,
https://fermatmind.com/en/personality/enneagram/wings/1w2,https://fermatmind.com/en/personality/enneagram/wings/1w2,en,enneagram_detail,RENDERED,true,3,34,3,7,false,false,false,false,UNREACHABLE_OR_UNCRAWLED,UNREACHABLE_OR_UNCRAWLED,0.00029408307258018876,0.0005434864359709431,
https://fermatmind.com/en/personality/enneagram/wings/1w9,https://fermatmind.com/en/personality/enneagram/wings/1w9,en,enneagram_detail,RENDERED,true,3,34,3,7,false,false,false,false,UNREACHABLE_OR_UNCRAWLED,UNREACHABLE_OR_UNCRAWLED,0.00029408307258018876,0.0005434864359709431,
https://fermatmind.com/en/personality/enneagram/wings/2w1,https://fermatmind.com/en/personality/enneagram/wings/2w1,en,enneagram_detail,RENDERED,true,3,34,3,7,false,false,false,false,UNREACHABLE_OR_UNCRAWLED,UNREACHABLE_OR_UNCRAWLED,0.00029408307258018876,0.0005434864359709431,
https://fermatmind.com/en/personality/enneagram/wings/2w3,https://fermatmind.com/en/personality/enneagram/wings/2w3,en,enneagram_detail,RENDERED,true,3,34,3,7,false,false,false,false,UNREACHABLE_OR_UNCRAWLED,UNREACHABLE_OR_UNCRAWLED,0.00029408307258018876,0.0005434864359709431,
https://fermatmind.com/en/personality/enneagram/wings/3w2,https://fermatmind.com/en/personality/enneagram/wings/3w2,en,enneagram_detail,RENDERED,true,3,34,3,7,false,false,false,false,UNREACHABLE_OR_UNCRAWLED,UNREACHABLE_OR_UNCRAWLED,0.00029408307258018876,0.0005434864359709431,
https://fermatmind.com/en/personality/enneagram/wings/3w4,https://fermatmind.com/en/personality/enneagram/wings/3w4,en,enneagram_detail,RENDERED,true,3,34,3,7,false,false,false,false,UNREACHABLE_OR_UNCRAWLED,UNREACHABLE_OR_UNCRAWLED,0.00029408307258018876,0.0005434864359709431,
https://fermatmind.com/en/personality/enneagram/wings/4w3,https://fermatmind.com/en/personality/enneagram/wings/4w3,en,enneagram_detail,RENDERED,true,3,34,3,7,false,false,false,false,UNREACHABLE_OR_UNCRAWLED,UNREACHABLE_OR_UNCRAWLED,0.00029408307258018876,0.0005434864359709431,
https://fermatmind.com/en/personality/enneagram/wings/4w5,https://fermatmind.com/en/personality/enneagram/wings/4w5,en,enneagram_detail,RENDERED,true,3,34,3,7,false,false,false,false,UNREACHABLE_OR_UNCRAWLED,UNREACHABLE_OR_UNCRAWLED,0.00029408307258018876,0.0005434864359709431,
https://fermatmind.com/en/personality/enneagram/wings/5w4,https://fermatmind.com/en/personality/enneagram/wings/5w4,en,enneagram_detail,RENDERED,true,3,34,3,7,false,false,false,false,UNREACHABLE_OR_UNCRAWLED,UNREACHABLE_OR_UNCRAWLED,0.00029408307258018876,0.0005434864359709431,
https://fermatmind.com/en/personality/enneagram/wings/5w6,https://fermatmind.com/en/personality/enneagram/wings/5w6,en,enneagram_detail,RENDERED,true,3,34,3,7,false,false,false,false,UNREACHABLE_OR_UNCRAWLED,UNREACHABLE_OR_UNCRAWLED,0.00029408307258018876,0.0005434864359709431,
https://fermatmind.com/en/personality/enneagram/wings/6w5,https://fermatmind.com/en/personality/enneagram/wings/6w5,en,enneagram_detail,RENDERED,true,3,34,3,7,false,false,false,false,UNREACHABLE_OR_UNCRAWLED,UNREACHABLE_OR_UNCRAWLED,0.00029408307258018876,0.0005434864359709431,
https://fermatmind.com/en/personality/enneagram/wings/6w7,https://fermatmind.com/en/personality/enneagram/wings/6w7,en,enneagram_detail,RENDERED,true,3,34,3,7,false,false,false,false,UNREACHABLE_OR_UNCRAWLED,UNREACHABLE_OR_UNCRAWLED,0.00029408307258018876,0.0005434864359709431,
https://fermatmind.com/en/personality/enneagram/wings/7w6,https://fermatmind.com/en/personality/enneagram/wings/7w6,en,enneagram_detail,RENDERED,true,3,34,3,7,false,false,false,false,UNREACHABLE_OR_UNCRAWLED,UNREACHABLE_OR_UNCRAWLED,0.00029408307258018876,0.0005434864359709431,
https://fermatmind.com/en/personality/enneagram/wings/7w8,https://fermatmind.com/en/personality/enneagram/wings/7w8,en,enneagram_detail,RENDERED,true,3,34,3,7,false,false,false,false,UNREACHABLE_OR_UNCRAWLED,UNREACHABLE_OR_UNCRAWLED,0.00029408307258018876,0.0005434864359709431,
https://fermatmind.com/en/personality/enneagram/wings/8w7,https://fermatmind.com/en/personality/enneagram/wings/8w7,en,enneagram_detail,RENDERED,true,3,34,3,7,false,false,false,false,UNREACHABLE_OR_UNCRAWLED,UNREACHABLE_OR_UNCRAWLED,0.00029408307258018876,0.0005434864359709431,
https://fermatmind.com/en/personality/enneagram/wings/8w9,https://fermatmind.com/en/personality/enneagram/wings/8w9,en,enneagram_detail,RENDERED,true,3,34,3,7,false,false,false,false,UNREACHABLE_OR_UNCRAWLED,UNREACHABLE_OR_UNCRAWLED,0.00029408307258018876,0.0005434864359709431,
https://fermatmind.com/en/personality/enneagram/wings/9w1,https://fermatmind.com/en/personality/enneagram/wings/9w1,en,enneagram_detail,RENDERED,true,3,34,3,7,false,false,false,false,UNREACHABLE_OR_UNCRAWLED,UNREACHABLE_OR_UNCRAWLED,0.00029408307258018876,0.0005434864359709431,
https://fermatmind.com/en/personality/enneagram/wings/9w8,https://fermatmind.com/en/personality/enneagram/wings/9w8,en,enneagram_detail,RENDERED,true,3,34,3,7,false,false,false,false,UNREACHABLE_OR_UNCRAWLED,UNREACHABLE_OR_UNCRAWLED,0.00029408307258018876,0.0005434864359709431,
https://fermatmind.com/en/personality/entj,https://fermatmind.com/en/personality/entj,en,mbti_personality_detail,RENDERED,true,1,32,1,6,false,false,false,false,UNREACHABLE_OR_UNCRAWLED,UNREACHABLE_OR_UNCRAWLED,0.0002786493633152309,0.0003463853114546068,
https://fermatmind.com/en/personality/entj-a,https://fermatmind.com/en/personality/entj-a,en,mbti_personality_detail,RENDERED,true,6,34,6,11,false,false,false,false,1,1,0.0004764835229055888,0.0012101934079745923,
https://fermatmind.com/en/personality/entj-a-vs-entj-t,https://fermatmind.com/en/personality/entj-a-vs-entj-t,en,mbti_personality_detail,RENDERED,true,4,32,4,7,false,false,false,false,1,1,0.00042968793791313967,0.0008150234013262601,
https://fermatmind.com/en/personality/entj-t,https://fermatmind.com/en/personality/entj-t,en,mbti_personality_detail,RENDERED,true,4,34,4,11,false,false,false,false,1,1,0.00042968793791313967,0.0008150234013262601,
https://fermatmind.com/en/personality/entp,https://fermatmind.com/en/personality/entp,en,mbti_personality_detail,RENDERED,true,1,32,1,6,false,false,false,false,UNREACHABLE_OR_UNCRAWLED,UNREACHABLE_OR_UNCRAWLED,0.0002786493633152309,0.0003463853114546068,
https://fermatmind.com/en/personality/entp-a,https://fermatmind.com/en/personality/entp-a,en,mbti_personality_detail,RENDERED,true,6,34,6,11,false,false,false,false,1,1,0.0004764835229055888,0.0012101934079745923,
https://fermatmind.com/en/personality/entp-a-vs-entp-t,https://fermatmind.com/en/personality/entp-a-vs-entp-t,en,mbti_personality_detail,RENDERED,true,4,32,4,7,false,false,false,false,1,1,0.00042968793791313967,0.0008150234013262601,
https://fermatmind.com/en/personality/entp-t,https://fermatmind.com/en/personality/entp-t,en,mbti_personality_detail,RENDERED,true,4,34,4,11,false,false,false,false,1,1,0.00042968793791313967,0.0008150234013262601,
https://fermatmind.com/en/personality/esfj,https://fermatmind.com/en/personality/esfj,en,mbti_personality_detail,RENDERED,true,1,32,1,6,false,false,false,false,UNREACHABLE_OR_UNCRAWLED,UNREACHABLE_OR_UNCRAWLED,0.0002786493633152309,0.0003463853114546068,
https://fermatmind.com/en/personality/esfj-a,https://fermatmind.com/en/personality/esfj-a,en,mbti_personality_detail,RENDERED,true,6,34,6,11,false,false,false,false,1,1,0.0004764835229055888,0.0012101934079745923,
https://fermatmind.com/en/personality/esfj-a-vs-esfj-t,https://fermatmind.com/en/personality/esfj-a-vs-esfj-t,en,mbti_personality_detail,RENDERED,true,4,32,4,7,false,false,false,false,1,1,0.00042968793791313967,0.0008150234013262601,
https://fermatmind.com/en/personality/esfj-t,https://fermatmind.com/en/personality/esfj-t,en,mbti_personality_detail,RENDERED,true,4,34,4,11,false,false,false,false,1,1,0.00042968793791313967,0.0008150234013262601,
https://fermatmind.com/en/personality/esfp,https://fermatmind.com/en/personality/esfp,en,mbti_personality_detail,RENDERED,true,1,32,1,6,false,false,false,false,UNREACHABLE_OR_UNCRAWLED,UNREACHABLE_OR_UNCRAWLED,0.0002786493633152309,0.0003463853114546068,
https://fermatmind.com/en/personality/esfp-a,https://fermatmind.com/en/personality/esfp-a,en,mbti_personality_detail,RENDERED,true,6,34,6,11,false,false,false,false,1,1,0.0004764835229055888,0.0012101934079745923,
https://fermatmind.com/en/personality/esfp-a-vs-esfp-t,https://fermatmind.com/en/personality/esfp-a-vs-esfp-t,en,mbti_personality_detail,RENDERED,true,4,32,4,7,false,false,false,false,1,1,0.00042968793791313967,0.0008150234013262601,
https://fermatmind.com/en/personality/esfp-t,https://fermatmind.com/en/personality/esfp-t,en,mbti_personality_detail,RENDERED,true,4,34,4,11,false,false,false,false,1,1,0.00042968793791313967,0.0008150234013262601,
https://fermatmind.com/en/personality/estj,https://fermatmind.com/en/personality/estj,en,mbti_personality_detail,RENDERED,true,1,32,1,6,false,false,false,false,UNREACHABLE_OR_UNCRAWLED,UNREACHABLE_OR_UNCRAWLED,0.0002786493633152309,0.0003463853114546068,
https://fermatmind.com/en/personality/estj-a,https://fermatmind.com/en/personality/estj-a,en,mbti_personality_detail,RENDERED,true,6,34,6,11,false,false,false,false,1,1,0.0004764835229055888,0.0012101934079745923,
https://fermatmind.com/en/personality/estj-a-vs-estj-t,https://fermatmind.com/en/personality/estj-a-vs-estj-t,en,mbti_personality_detail,RENDERED,true,4,32,4,7,false,false,false,false,1,1,0.00042968793791313967,0.0008150234013262601,
https://fermatmind.com/en/personality/estj-t,https://fermatmind.com/en/personality/estj-t,en,mbti_personality_detail,RENDERED,true,4,34,4,11,false,false,false,false,1,1,0.00042968793791313967,0.0008150234013262601,
https://fermatmind.com/en/personality/estp,https://fermatmind.com/en/personality/estp,en,mbti_personality_detail,RENDERED,true,1,32,1,6,false,false,false,false,UNREACHABLE_OR_UNCRAWLED,UNREACHABLE_OR_UNCRAWLED,0.0002786493633152309,0.0003463853114546068,
https://fermatmind.com/en/personality/estp-a,https://fermatmind.com/en/personality/estp-a,en,mbti_personality_detail,RENDERED,true,6,34,6,11,false,false,false,false,1,1,0.0004764835229055888,0.0012101934079745923,
https://fermatmind.com/en/personality/estp-a-vs-estp-t,https://fermatmind.com/en/personality/estp-a-vs-estp-t,en,mbti_personality_detail,RENDERED,true,4,32,4,7,false,false,false,false,1,1,0.00042968793791313967,0.0008150234013262601,
https://fermatmind.com/en/personality/estp-t,https://fermatmind.com/en/personality/estp-t,en,mbti_personality_detail,RENDERED,true,4,34,4,11,false,false,false,false,1,1,0.00042968793791313967,0.0008150234013262601,
https://fermatmind.com/en/personality/infj,https://fermatmind.com/en/personality/infj,en,mbti_personality_detail,RENDERED,true,1,32,1,6,false,false,false,false,UNREACHABLE_OR_UNCRAWLED,UNREACHABLE_OR_UNCRAWLED,0.0002786493633152309,0.0003463853114546068,
https://fermatmind.com/en/personality/infj-a,https://fermatmind.com/en/personality/infj-a,en,mbti_personality_detail,RENDERED,true,6,34,6,11,false,false,false,false,1,1,0.0004764835229055888,0.0012101934079745923,
https://fermatmind.com/en/personality/infj-a-vs-infj-t,https://fermatmind.com/en/personality/infj-a-vs-infj-t,en,mbti_personality_detail,RENDERED,true,4,32,4,7,false,false,false,false,1,1,0.00042968793791313967,0.0008150234013262601,
https://fermatmind.com/en/personality/infj-t,https://fermatmind.com/en/personality/infj-t,en,mbti_personality_detail,RENDERED,true,4,34,4,11,false,false,false,false,1,1,0.00042968793791313967,0.0008150234013262601,
https://fermatmind.com/en/personality/infp,https://fermatmind.com/en/personality/infp,en,mbti_personality_detail,RENDERED,true,1,32,1,6,false,false,false,false,UNREACHABLE_OR_UNCRAWLED,UNREACHABLE_OR_UNCRAWLED,0.0002786493633152309,0.0003463853114546068,
https://fermatmind.com/en/personality/infp-a,https://fermatmind.com/en/personality/infp-a,en,mbti_personality_detail,RENDERED,true,6,34,6,11,false,false,false,false,1,1,0.0004764835229055888,0.0012101934079745923,
https://fermatmind.com/en/personality/infp-a-vs-infp-t,https://fermatmind.com/en/personality/infp-a-vs-infp-t,en,mbti_personality_detail,RENDERED,true,4,32,4,7,false,false,false,false,1,1,0.00042968793791313967,0.0008150234013262601,
https://fermatmind.com/en/personality/infp-t,https://fermatmind.com/en/personality/infp-t,en,mbti_personality_detail,RENDERED,true,4,34,4,11,false,false,false,false,1,1,0.00042968793791313967,0.0008150234013262601,
https://fermatmind.com/en/personality/intj,https://fermatmind.com/en/personality/intj,en,mbti_personality_detail,RENDERED,true,2,32,2,6,false,false,false,false,3,3,0.0002976468997503413,0.0005576603248699887,
https://fermatmind.com/en/personality/intj-a,https://fermatmind.com/en/personality/intj-a,en,mbti_personality_detail,RENDERED,true,6,34,6,11,false,false,false,false,1,1,0.0004764835229055888,0.0011934579976179312,
https://fermatmind.com/en/personality/intj-a-vs-intj-t,https://fermatmind.com/en/personality/intj-a-vs-intj-t,en,mbti_personality_detail,RENDERED,true,4,32,4,8,false,false,false,false,1,1,0.00042968793791313967,0.0007982879909695991,
https://fermatmind.com/en/personality/intj-t,https://fermatmind.com/en/personality/intj-t,en,mbti_personality_detail,RENDERED,true,4,34,4,11,false,false,false,false,1,1,0.00042968793791313967,0.0007982879909695991,
https://fermatmind.com/en/personality/intp,https://fermatmind.com/en/personality/intp,en,mbti_personality_detail,RENDERED,true,1,32,1,6,false,false,false,false,UNREACHABLE_OR_UNCRAWLED,UNREACHABLE_OR_UNCRAWLED,0.0002786493633152309,0.0003463853114546068,
https://fermatmind.com/en/personality/intp-a,https://fermatmind.com/en/personality/intp-a,en,mbti_personality_detail,RENDERED,true,7,34,7,11,false,false,false,false,1,1,0.0007716124447087053,0.0025347967711143496,
https://fermatmind.com/en/personality/intp-a-vs-intp-t,https://fermatmind.com/en/personality/intp-a-vs-intp-t,en,mbti_personality_detail,RENDERED,true,4,32,4,8,false,false,false,false,1,1,0.00043746728346313944,0.0009252344923753266,
https://fermatmind.com/en/personality/intp-t,https://fermatmind.com/en/personality/intp-t,en,mbti_personality_detail,RENDERED,true,4,34,4,11,false,false,false,false,1,1,0.00043746728346313944,0.0009252344923753266,
https://fermatmind.com/en/personality/isfj,https://fermatmind.com/en/personality/isfj,en,mbti_personality_detail,RENDERED,true,1,32,1,6,false,false,false,false,UNREACHABLE_OR_UNCRAWLED,UNREACHABLE_OR_UNCRAWLED,0.0002786493633152309,0.0003463853114546068,
https://fermatmind.com/en/personality/isfj-a,https://fermatmind.com/en/personality/isfj-a,en,mbti_personality_detail,RENDERED,true,6,34,6,11,false,false,false,false,1,1,0.0004764835229055888,0.0012101934079745923,
https://fermatmind.com/en/personality/isfj-a-vs-isfj-t,https://fermatmind.com/en/personality/isfj-a-vs-isfj-t,en,mbti_personality_detail,RENDERED,true,4,32,4,7,false,false,false,false,1,1,0.00042968793791313967,0.0008150234013262601,
https://fermatmind.com/en/personality/isfj-t,https://fermatmind.com/en/personality/isfj-t,en,mbti_personality_detail,RENDERED,true,4,34,4,11,false,false,false,false,1,1,0.00042968793791313967,0.0008150234013262601,
https://fermatmind.com/en/personality/isfp,https://fermatmind.com/en/personality/isfp,en,mbti_personality_detail,RENDERED,true,1,32,1,6,false,false,false,false,UNREACHABLE_OR_UNCRAWLED,UNREACHABLE_OR_UNCRAWLED,0.0002786493633152309,0.0003463853114546068,
https://fermatmind.com/en/personality/isfp-a,https://fermatmind.com/en/personality/isfp-a,en,mbti_personality_detail,RENDERED,true,6,34,6,11,false,false,false,false,1,1,0.0004764835229055888,0.0012101934079745923,
https://fermatmind.com/en/personality/isfp-a-vs-isfp-t,https://fermatmind.com/en/personality/isfp-a-vs-isfp-t,en,mbti_personality_detail,RENDERED,true,4,32,4,7,false,false,false,false,1,1,0.00042968793791313967,0.0008150234013262601,
https://fermatmind.com/en/personality/isfp-t,https://fermatmind.com/en/personality/isfp-t,en,mbti_personality_detail,RENDERED,true,4,34,4,11,false,false,false,false,1,1,0.00042968793791313967,0.0008150234013262601,
https://fermatmind.com/en/personality/istj,https://fermatmind.com/en/personality/istj,en,mbti_personality_detail,RENDERED,true,1,32,1,6,false,false,false,false,UNREACHABLE_OR_UNCRAWLED,UNREACHABLE_OR_UNCRAWLED,0.0002786493633152309,0.0003463853114546068,
https://fermatmind.com/en/personality/istj-a,https://fermatmind.com/en/personality/istj-a,en,mbti_personality_detail,RENDERED,true,6,34,6,11,false,false,false,false,1,1,0.0004764835229055888,0.0012101934079745923,
https://fermatmind.com/en/personality/istj-a-vs-istj-t,https://fermatmind.com/en/personality/istj-a-vs-istj-t,en,mbti_personality_detail,RENDERED,true,4,32,4,7,false,false,false,false,1,1,0.00042968793791313967,0.0008150234013262601,
https://fermatmind.com/en/personality/istj-t,https://fermatmind.com/en/personality/istj-t,en,mbti_personality_detail,RENDERED,true,4,34,4,11,false,false,false,false,1,1,0.00042968793791313967,0.0008150234013262601,
https://fermatmind.com/en/personality/istp,https://fermatmind.com/en/personality/istp,en,mbti_personality_detail,RENDERED,true,1,32,1,6,false,false,false,false,UNREACHABLE_OR_UNCRAWLED,UNREACHABLE_OR_UNCRAWLED,0.0002786493633152309,0.0003463853114546068,
https://fermatmind.com/en/personality/istp-a,https://fermatmind.com/en/personality/istp-a,en,mbti_personality_detail,RENDERED,true,6,34,6,11,false,false,false,false,1,1,0.0004764835229055888,0.0012101934079745923,
https://fermatmind.com/en/personality/istp-a-vs-istp-t,https://fermatmind.com/en/personality/istp-a-vs-istp-t,en,mbti_personality_detail,RENDERED,true,4,32,4,7,false,false,false,false,1,1,0.00042968793791313967,0.0008150234013262601,
https://fermatmind.com/en/personality/istp-t,https://fermatmind.com/en/personality/istp-t,en,mbti_personality_detail,RENDERED,true,4,34,4,11,false,false,false,false,1,1,0.00042968793791313967,0.0008150234013262601,
https://fermatmind.com/en/policies,https://fermatmind.com/en/policies,en,content_page,RENDERED,true,232,29,10,7,false,false,false,false,1,2,0.011832041375128334,0.005054143253526405,
https://fermatmind.com/en/privacy,https://fermatmind.com/en/privacy,en,content_page,RENDERED,true,232,29,11,4,false,false,false,false,1,2,0.011832041375128334,0.005549007627343507,
https://fermatmind.com/en/reliability-validity,https://fermatmind.com/en/reliability-validity,en,content_page,RENDERED,true,232,29,2,5,false,false,false,false,1,UNREACHABLE_OR_UNCRAWLED,0.011832041375128334,0.00041649554677874133,
https://fermatmind.com/en/science,https://fermatmind.com/en/science,en,content_page,RENDERED,true,232,29,2,5,false,false,false,false,1,UNREACHABLE_OR_UNCRAWLED,0.011832041375128334,0.00041649554677874133,
https://fermatmind.com/en/support,https://fermatmind.com/en/support,en,content_page,RENDERED,true,232,29,2,2,false,false,false,false,1,2,0.011832041375128334,0.0011643864428241921,
https://fermatmind.com/en/terms,https://fermatmind.com/en/terms,en,content_page,RENDERED,true,232,29,10,4,false,false,false,false,1,2,0.011832041375128334,0.005054143253526405,
https://fermatmind.com/en/tests,https://fermatmind.com/en/tests,en,assessment_hub,RENDERED,true,231,29,3,6,false,false,false,false,0,0,0.011412989909759206,0.0006433317516613817,
https://fermatmind.com/en/tests/big-five-personality-test-ocean-model,https://fermatmind.com/en/tests/big-five-personality-test-ocean-model,en,assessment_landing,RENDERED,true,232,32,109,3,false,false,false,false,1,1,0.011832041375128334,0.018122007425125458,
https://fermatmind.com/en/tests/category/career,https://fermatmind.com/en/tests/category/career,en,assessment_landing,RENDERED,true,0,29,0,6,true,true,true,false,UNREACHABLE_OR_UNCRAWLED,UNREACHABLE_OR_UNCRAWLED,0.00027124773960217005,0.000297314058944717,
https://fermatmind.com/en/tests/category/personality,https://fermatmind.com/en/tests/category/personality,en,assessment_landing,RENDERED,true,0,29,0,5,true,true,true,false,UNREACHABLE_OR_UNCRAWLED,UNREACHABLE_OR_UNCRAWLED,0.00027124773960217005,0.000297314058944717,
https://fermatmind.com/en/tests/enneagram-personality-test-nine-types,https://fermatmind.com/en/tests/enneagram-personality-test-nine-types,en,assessment_landing,RENDERED,true,232,30,62,1,false,false,false,false,1,1,0.011832041375128334,0.010064484416493564,
https://fermatmind.com/en/tests/eq-test-emotional-intelligence-assessment,https://fermatmind.com/en/tests/eq-test-emotional-intelligence-assessment,en,assessment_landing,RENDERED,true,232,29,5,0,false,false,false,false,1,1,0.011832041375128334,0.002618907582714649,
https://fermatmind.com/en/tests/holland-career-interest-test-riasec,https://fermatmind.com/en/tests/holland-career-interest-test-riasec,en,assessment_landing,RENDERED,true,232,32,46,3,false,false,false,false,1,1,0.011832041375128334,0.012522922026589984,
https://fermatmind.com/en/tests/iq-test-intelligence-quotient-assessment,https://fermatmind.com/en/tests/iq-test-intelligence-quotient-assessment,en,assessment_landing,RENDERED,true,232,29,4,0,false,false,false,false,1,1,0.011832041375128334,0.0025683641926402376,
https://fermatmind.com/en/tests/mbti-personality-test-16-personality-types,https://fermatmind.com/en/tests/mbti-personality-test-16-personality-types,en,assessment_landing,RENDERED,true,232,35,77,8,false,false,false,false,1,1,0.011832041375128334,0.011429572380628783,
https://fermatmind.com/en/topics,https://fermatmind.com/en/topics,en,topic_hub,RENDERED,true,232,24,13,0,false,false,false,false,1,3,0.011832041375128334,0.0016070523293315686,
https://fermatmind.com/en/topics/big-five,https://fermatmind.com/en/topics/big-five,en,topic_detail,RENDERED,true,0,29,0,4,true,true,true,false,UNREACHABLE_OR_UNCRAWLED,UNREACHABLE_OR_UNCRAWLED,0.00027124773960217005,0.000297314058944717,
https://fermatmind.com/en/topics/iq-eq,https://fermatmind.com/en/topics/iq-eq,en,topic_detail,RENDERED,true,0,29,0,5,true,true,true,false,UNREACHABLE_OR_UNCRAWLED,UNREACHABLE_OR_UNCRAWLED,0.00027124773960217005,0.000297314058944717,
https://fermatmind.com/en/topics/mbti,https://fermatmind.com/en/topics/mbti,en,topic_detail,RENDERED,true,50,49,50,24,false,false,false,false,2,2,0.001066062122710689,0.005120311575170523,
https://fermatmind.com/zh/about,https://fermatmind.com/zh/about,zh,content_page,RENDERED,true,321,24,5,6,false,false,false,false,1,2,0.01849101648557517,0.003811762471078865,
https://fermatmind.com/zh/articles,https://fermatmind.com/zh/articles,zh,article_hub,RENDERED,true,321,44,91,21,false,false,false,false,0,0,0.01849101648557517,0.02469919440104941,
https://fermatmind.com/zh/articles/apply-personality-research-without-overclaiming,https://fermatmind.com/zh/articles/apply-personality-research-without-overclaiming,zh,article_detail,RENDERED,true,1,26,1,6,false,false,false,false,1,1,0.0006284605580735086,0.00129704317498285,
https://fermatmind.com/zh/articles/are-infj-men-rare-or-socially-silenced,https://fermatmind.com/zh/articles/are-infj-men-rare-or-socially-silenced,zh,article_detail,RENDERED,true,3,25,3,4,false,false,false,false,1,1,0.0011818686266712064,0.0037521678211134947,
https://fermatmind.com/zh/articles/best-valentines-date-by-personality-and-relationship-science,https://fermatmind.com/zh/articles/best-valentines-date-by-personality-and-relationship-science,zh,article_detail,RENDERED,true,4,25,4,4,false,false,false,false,1,1,0.0012234664872372738,0.004764657286424869,
https://fermatmind.com/zh/articles/big-five-30-day-observation-and-review-plan,https://fermatmind.com/zh/articles/big-five-30-day-observation-and-review-plan,zh,article_detail,RENDERED,true,1,26,1,6,false,false,false,false,2,2,0.0003083678865437886,0.001116944002295104,
https://fermatmind.com/zh/articles/big-five-30-facets-explained-with-model-caveats,https://fermatmind.com/zh/articles/big-five-30-facets-explained-with-model-caveats,zh,article_detail,RENDERED,true,1,26,1,6,false,false,false,false,2,2,0.0003073108639340608,0.001038222495668776,
https://fermatmind.com/zh/articles/big-five-communication-needs-conversation-prompts,https://fermatmind.com/zh/articles/big-five-communication-needs-conversation-prompts,zh,article_detail,RENDERED,true,1,26,1,6,false,false,false,false,2,2,0.0003083678865437886,0.001116944002295104,
https://fermatmind.com/zh/articles/big-five-conflict-patterns-observe-before-explaining,https://fermatmind.com/zh/articles/big-five-conflict-patterns-observe-before-explaining,zh,article_detail,RENDERED,true,0,26,0,6,true,true,true,false,UNREACHABLE_OR_UNCRAWLED,UNREACHABLE_OR_UNCRAWLED,0.00027124773960217005,0.000297314058944717,
https://fermatmind.com/zh/articles/big-five-conscientiousness-low-procrastination-task-plan,https://fermatmind.com/zh/articles/big-five-conscientiousness-low-procrastination-task-plan,zh,article_detail,RENDERED,true,0,26,0,5,true,true,true,false,UNREACHABLE_OR_UNCRAWLED,UNREACHABLE_OR_UNCRAWLED,0.00027124773960217005,0.000297314058944717,
https://fermatmind.com/zh/articles/big-five-couples-conversation-not-relationship-prediction,https://fermatmind.com/zh/articles/big-five-couples-conversation-not-relationship-prediction,zh,article_detail,RENDERED,true,0,24,0,3,true,true,true,false,UNREACHABLE_OR_UNCRAWLED,UNREACHABLE_OR_UNCRAWLED,0.00027124773960217005,0.000297314058944717,
https://fermatmind.com/zh/articles/big-five-cross-cultural-research-and-translation-limits,https://fermatmind.com/zh/articles/big-five-cross-cultural-research-and-translation-limits,zh,article_detail,RENDERED,true,1,26,1,6,false,false,false,false,UNREACHABLE_OR_UNCRAWLED,UNREACHABLE_OR_UNCRAWLED,0.00028011545416608717,0.00033943355067339316,
https://fermatmind.com/zh/articles/big-five-decision-journal-observe-style-not-quality,https://fermatmind.com/zh/articles/big-five-decision-journal-observe-style-not-quality,zh,article_detail,RENDERED,true,0,26,0,6,true,true,true,false,UNREACHABLE_OR_UNCRAWLED,UNREACHABLE_OR_UNCRAWLED,0.00027124773960217005,0.000297314058944717,
https://fermatmind.com/zh/articles/big-five-emotional-stability-stress-recovery-communication,https://fermatmind.com/zh/articles/big-five-emotional-stability-stress-recovery-communication,zh,article_detail,RENDERED,true,0,26,0,5,true,true,true,false,UNREACHABLE_OR_UNCRAWLED,UNREACHABLE_OR_UNCRAWLED,0.00027124773960217005,0.000297314058944717,
https://fermatmind.com/zh/articles/big-five-evidence-strength-from-one-study-to-review,https://fermatmind.com/zh/articles/big-five-evidence-strength-from-one-study-to-review,zh,article_detail,RENDERED,true,1,26,1,6,false,false,false,false,1,1,0.0006284605580735086,0.00129704317498285,
https://fermatmind.com/zh/articles/big-five-feedback-preferences-as-hypotheses,https://fermatmind.com/zh/articles/big-five-feedback-preferences-as-hypotheses,zh,article_detail,RENDERED,true,0,24,0,4,true,true,true,false,UNREACHABLE_OR_UNCRAWLED,UNREACHABLE_OR_UNCRAWLED,0.00027124773960217005,0.000297314058944717,
https://fermatmind.com/zh/articles/big-five-friendship-differences-without-compatibility-scores,https://fermatmind.com/zh/articles/big-five-friendship-differences-without-compatibility-scores,zh,article_detail,RENDERED,true,0,26,0,6,true,true,true,false,UNREACHABLE_OR_UNCRAWLED,UNREACHABLE_OR_UNCRAWLED,0.00027124773960217005,0.000297314058944717,
https://fermatmind.com/zh/articles/big-five-goal-setting-use-results-as-hypotheses,https://fermatmind.com/zh/articles/big-five-goal-setting-use-results-as-hypotheses,zh,article_detail,RENDERED,true,0,26,0,6,true,true,true,false,UNREACHABLE_OR_UNCRAWLED,UNREACHABLE_OR_UNCRAWLED,0.00027124773960217005,0.000297314058944717,
https://fermatmind.com/zh/articles/big-five-growth-guide,https://fermatmind.com/zh/articles/big-five-growth-guide,zh,article_detail,RENDERED,true,4,29,4,8,false,false,false,false,1,1,0.00126645207212581,0.007714165399788991,
https://fermatmind.com/zh/articles/big-five-leadership-reflection-not-leader-prediction,https://fermatmind.com/zh/articles/big-five-leadership-reflection-not-leader-prediction,zh,article_detail,RENDERED,true,0,26,0,6,true,true,true,false,UNREACHABLE_OR_UNCRAWLED,UNREACHABLE_OR_UNCRAWLED,0.00027124773960217005,0.000297314058944717,
https://fermatmind.com/zh/articles/big-five-learning-preferences-test-dont-prescribe,https://fermatmind.com/zh/articles/big-five-learning-preferences-test-dont-prescribe,zh,article_detail,RENDERED,true,0,26,0,6,true,true,true,false,UNREACHABLE_OR_UNCRAWLED,UNREACHABLE_OR_UNCRAWLED,0.00027124773960217005,0.000297314058944717,
https://fermatmind.com/zh/articles/big-five-meeting-participation-without-personality-labels,https://fermatmind.com/zh/articles/big-five-meeting-participation-without-personality-labels,zh,article_detail,RENDERED,true,0,24,0,3,true,true,true,false,UNREACHABLE_OR_UNCRAWLED,UNREACHABLE_OR_UNCRAWLED,0.00027124773960217005,0.000297314058944717,
https://fermatmind.com/zh/articles/big-five-model-history-from-words-to-traits,https://fermatmind.com/zh/articles/big-five-model-history-from-words-to-traits,zh,article_detail,RENDERED,true,0,24,0,3,true,true,true,false,UNREACHABLE_OR_UNCRAWLED,UNREACHABLE_OR_UNCRAWLED,0.00027124773960217005,0.000297314058944717,
https://fermatmind.com/zh/articles/big-five-myths-types-destiny-and-perfect-scores,https://fermatmind.com/zh/articles/big-five-myths-types-destiny-and-perfect-scores,zh,article_detail,RENDERED,true,0,25,0,5,true,true,true,false,UNREACHABLE_OR_UNCRAWLED,UNREACHABLE_OR_UNCRAWLED,0.00027124773960217005,0.000297314058944717,
https://fermatmind.com/zh/articles/big-five-narrative-portrait,https://fermatmind.com/zh/articles/big-five-narrative-portrait,zh,article_detail,RENDERED,true,3,29,3,8,false,false,false,false,1,1,0.001230388947793919,0.006973256963064932,
https://fermatmind.com/zh/articles/big-five-personal-boundaries-traits-do-not-override-consent,https://fermatmind.com/zh/articles/big-five-personal-boundaries-traits-do-not-override-consent,zh,article_detail,RENDERED,true,0,26,0,6,true,true,true,false,UNREACHABLE_OR_UNCRAWLED,UNREACHABLE_OR_UNCRAWLED,0.00027124773960217005,0.000297314058944717,
https://fermatmind.com/zh/articles/big-five-personality-test-vs-mbti,https://fermatmind.com/zh/articles/big-five-personality-test-vs-mbti,zh,article_detail,RENDERED,true,1,25,1,5,false,false,false,false,3,3,0.00028397603144893327,0.0004616935164489681,
https://fermatmind.com/zh/articles/big-five-planning-system-run-a-two-week-experiment,https://fermatmind.com/zh/articles/big-five-planning-system-run-a-two-week-experiment,zh,article_detail,RENDERED,true,0,26,0,6,true,true,true,false,UNREACHABLE_OR_UNCRAWLED,UNREACHABLE_OR_UNCRAWLED,0.00027124773960217005,0.000297314058944717,
https://fermatmind.com/zh/articles/big-five-retest-differences-measurement-and-context,https://fermatmind.com/zh/articles/big-five-retest-differences-measurement-and-context,zh,article_detail,RENDERED,true,1,26,1,6,false,false,false,false,UNREACHABLE_OR_UNCRAWLED,UNREACHABLE_OR_UNCRAWLED,0.00028011545416608717,0.00033943355067339316,
https://fermatmind.com/zh/articles/big-five-score-ranges-what-high-middle-low-can-mean,https://fermatmind.com/zh/articles/big-five-score-ranges-what-high-middle-low-can-mean,zh,article_detail,RENDERED,true,0,26,0,6,true,true,true,false,UNREACHABLE_OR_UNCRAWLED,UNREACHABLE_OR_UNCRAWLED,0.00027124773960217005,0.000297314058944717,
https://fermatmind.com/zh/articles/big-five-self-regulation-build-a-context-plan,https://fermatmind.com/zh/articles/big-five-self-regulation-build-a-context-plan,zh,article_detail,RENDERED,true,0,26,0,6,true,true,true,false,UNREACHABLE_OR_UNCRAWLED,UNREACHABLE_OR_UNCRAWLED,0.00027124773960217005,0.000297314058944717,
https://fermatmind.com/zh/articles/big-five-self-report-bias-and-response-context,https://fermatmind.com/zh/articles/big-five-self-report-bias-and-response-context,zh,article_detail,RENDERED,true,0,26,0,6,true,true,true,false,UNREACHABLE_OR_UNCRAWLED,UNREACHABLE_OR_UNCRAWLED,0.00027124773960217005,0.000297314058944717,
https://fermatmind.com/zh/articles/big-five-stress-response-patterns-without-diagnosis,https://fermatmind.com/zh/articles/big-five-stress-response-patterns-without-diagnosis,zh,article_detail,RENDERED,true,0,26,0,6,true,true,true,false,UNREACHABLE_OR_UNCRAWLED,UNREACHABLE_OR_UNCRAWLED,0.00027124773960217005,0.000297314058944717,
https://fermatmind.com/zh/articles/big-five-study-limitations-sample-measures-and-causality,https://fermatmind.com/zh/articles/big-five-study-limitations-sample-measures-and-causality,zh,article_detail,RENDERED,true,1,26,1,6,false,false,false,false,1,1,0.0006284605580735086,0.00129704317498285,
https://fermatmind.com/zh/articles/big-five-teamwork-conversation-guide-not-fit-score,https://fermatmind.com/zh/articles/big-five-teamwork-conversation-guide-not-fit-score,zh,article_detail,RENDERED,true,0,26,0,6,true,true,true,false,UNREACHABLE_OR_UNCRAWLED,UNREACHABLE_OR_UNCRAWLED,0.00027124773960217005,0.000297314058944717,
https://fermatmind.com/zh/articles/big-five-tool-guide,https://fermatmind.com/zh/articles/big-five-tool-guide,zh,article_detail,RENDERED,true,6,24,6,3,false,false,false,false,3,3,0.0003558459143589371,0.0009477935584551403,
https://fermatmind.com/zh/articles/big-five-traits-are-continuums-not-boxes,https://fermatmind.com/zh/articles/big-five-traits-are-continuums-not-boxes,zh,article_detail,RENDERED,true,1,24,1,3,false,false,false,false,2,2,0.0003073108639340608,0.001038222495668776,
https://fermatmind.com/zh/articles/big-five-vs-disc-measurement-and-workplace-language,https://fermatmind.com/zh/articles/big-five-vs-disc-measurement-and-workplace-language,zh,article_detail,RENDERED,true,0,26,0,6,true,true,true,false,UNREACHABLE_OR_UNCRAWLED,UNREACHABLE_OR_UNCRAWLED,0.00027124773960217005,0.000297314058944717,
https://fermatmind.com/zh/articles/big-five-vs-enneagram-traits-and-motivation-stories,https://fermatmind.com/zh/articles/big-five-vs-enneagram-traits-and-motivation-stories,zh,article_detail,RENDERED,true,0,26,0,6,true,true,true,false,UNREACHABLE_OR_UNCRAWLED,UNREACHABLE_OR_UNCRAWLED,0.00027124773960217005,0.000297314058944717,
https://fermatmind.com/zh/articles/big-five-vs-riasec-personality-traits-and-career-interests,https://fermatmind.com/zh/articles/big-five-vs-riasec-personality-traits-and-career-interests,zh,article_detail,RENDERED,true,1,26,1,6,false,false,false,false,1,1,0.0006284605580735086,0.00129704317498285,
https://fermatmind.com/zh/articles/big-five-work-environment-preferences-as-experiments,https://fermatmind.com/zh/articles/big-five-work-environment-preferences-as-experiments,zh,article_detail,RENDERED,true,1,26,1,6,false,false,false,false,2,2,0.0003083678865437886,0.001116944002295104,
https://fermatmind.com/zh/articles/can-big-five-personality-traits-change-over-time,https://fermatmind.com/zh/articles/can-big-five-personality-traits-change-over-time,zh,article_detail,RENDERED,true,0,26,0,6,true,true,true,false,UNREACHABLE_OR_UNCRAWLED,UNREACHABLE_OR_UNCRAWLED,0.00027124773960217005,0.000297314058944717,
https://fermatmind.com/zh/articles/career-confusion-test-map,https://fermatmind.com/zh/articles/career-confusion-test-map,zh,article_detail,RENDERED,true,4,25,4,8,false,false,false,false,3,3,0.0003263732503780846,0.0009029296532545376,
https://fermatmind.com/zh/articles/career-interest-vs-personality-test-differences,https://fermatmind.com/zh/articles/career-interest-vs-personality-test-differences,zh,article_detail,RENDERED,true,8,25,8,8,false,false,false,false,3,3,0.00036402497483624695,0.0011879055812071809,
https://fermatmind.com/zh/articles/childhood-dream-job-still-shapes-career-choice,https://fermatmind.com/zh/articles/childhood-dream-job-still-shapes-career-choice,zh,article_detail,RENDERED,true,2,24,2,4,false,false,false,false,1,1,0.001148386730752734,0.003536498693806677,
https://fermatmind.com/zh/articles/college-major-choice-holland-mbti-career-test,https://fermatmind.com/zh/articles/college-major-choice-holland-mbti-career-test,zh,article_detail,RENDERED,true,5,30,5,11,false,false,false,false,3,3,0.0003329791288145374,0.0009893526855251015,
https://fermatmind.com/zh/articles/daily-wellbeing-support-personality-is-one-context,https://fermatmind.com/zh/articles/daily-wellbeing-support-personality-is-one-context,zh,article_detail,RENDERED,true,0,26,0,6,true,true,true,false,UNREACHABLE_OR_UNCRAWLED,UNREACHABLE_OR_UNCRAWLED,0.00027124773960217005,0.000297314058944717,
https://fermatmind.com/zh/articles/enneagram-personality-test-explained,https://fermatmind.com/zh/articles/enneagram-personality-test-explained,zh,article_detail,RENDERED,true,1,27,1,10,false,false,false,false,2,2,0.0008757617400921275,0.004227355942346572,
https://fermatmind.com/zh/articles/enneagram-workplace-friction-core-motivations,https://fermatmind.com/zh/articles/enneagram-workplace-friction-core-motivations,zh,article_detail,RENDERED,true,1,24,1,3,false,false,false,false,2,2,0.0008757617400921275,0.004227355942346572,
https://fermatmind.com/zh/articles/eq-test-tool-guide,https://fermatmind.com/zh/articles/eq-test-tool-guide,zh,article_detail,RENDERED,true,2,27,2,9,false,false,false,false,3,3,0.000318536108802883,0.0007400944089681516,
https://fermatmind.com/zh/articles/gaokao-major-adjustment-unacceptable-major-checklist,https://fermatmind.com/zh/articles/gaokao-major-adjustment-unacceptable-major-checklist,zh,article_detail,RENDERED,true,2,28,2,8,false,false,false,false,4,4,0.000289892621601491,0.0005104524779007662,
https://fermatmind.com/zh/articles/gaokao-major-choice-parent-conflict-riasec-course-checklist,https://fermatmind.com/zh/articles/gaokao-major-choice-parent-conflict-riasec-course-checklist,zh,article_detail,RENDERED,true,3,30,3,10,false,false,false,false,4,4,0.0002976069496565805,0.0004913349990541138,
https://fermatmind.com/zh/articles/gaokao-score-major-shortlist-riasec-checklist,https://fermatmind.com/zh/articles/gaokao-score-major-shortlist-riasec-checklist,zh,article_detail,RENDERED,true,3,29,3,10,false,false,false,false,5,5,0.00029698928262936164,0.0004352944036531055,
https://fermatmind.com/zh/articles/habits-and-big-five-traits-behavior-is-not-identity,https://fermatmind.com/zh/articles/habits-and-big-five-traits-behavior-is-not-identity,zh,article_detail,RENDERED,true,0,26,0,6,true,true,true,false,UNREACHABLE_OR_UNCRAWLED,UNREACHABLE_OR_UNCRAWLED,0.00027124773960217005,0.000297314058944717,
https://fermatmind.com/zh/articles/holland-career-interest-test-can-and-cannot-tell-you,https://fermatmind.com/zh/articles/holland-career-interest-test-can-and-cannot-tell-you,zh,article_detail,RENDERED,true,1,24,1,5,false,false,false,false,4,4,0.00028060793394576495,0.00034917507160729964,
https://fermatmind.com/zh/articles/hot-major-fit-riasec-course-career-checklist,https://fermatmind.com/zh/articles/hot-major-fit-riasec-course-career-checklist,zh,article_detail,RENDERED,true,1,28,1,7,false,false,false,false,3,3,0.00029811316488982144,0.000805445384560107,
https://fermatmind.com/zh/articles/how-16-personality-types-talk-to-an-ai-coach,https://fermatmind.com/zh/articles/how-16-personality-types-talk-to-an-ai-coach,zh,article_detail,RENDERED,true,4,25,4,5,false,false,false,false,1,1,0.0012234664872372738,0.004520683934193213,
https://fermatmind.com/zh/articles/how-personality-shapes-attitude-toward-ai,https://fermatmind.com/zh/articles/how-personality-shapes-attitude-toward-ai,zh,article_detail,RENDERED,true,4,25,4,5,false,false,false,false,1,1,0.0012234664872372738,0.004520683934193213,
https://fermatmind.com/zh/articles/how-to-discuss-big-five-results-with-someone-else,https://fermatmind.com/zh/articles/how-to-discuss-big-five-results-with-someone-else,zh,article_detail,RENDERED,true,0,26,0,6,true,true,true,false,UNREACHABLE_OR_UNCRAWLED,UNREACHABLE_OR_UNCRAWLED,0.00027124773960217005,0.000297314058944717,
https://fermatmind.com/zh/articles/how-to-place-new-big-five-research-in-context,https://fermatmind.com/zh/articles/how-to-place-new-big-five-research-in-context,zh,article_detail,RENDERED,true,1,26,1,6,false,false,false,false,1,1,0.0006284605580735086,0.00129704317498285,
https://fermatmind.com/zh/articles/how-to-read-a-big-five-research-paper,https://fermatmind.com/zh/articles/how-to-read-a-big-five-research-paper,zh,article_detail,RENDERED,true,2,26,2,6,false,false,false,false,1,1,0.0012105851511379122,0.0069105834738655645,
https://fermatmind.com/zh/articles/how-to-read-big-five-results-without-self-labeling,https://fermatmind.com/zh/articles/how-to-read-big-five-results-without-self-labeling,zh,article_detail,RENDERED,true,1,26,1,6,false,false,false,false,2,2,0.0003073108639340608,0.001038222495668776,
https://fermatmind.com/zh/articles/iq-test-growth-guide,https://fermatmind.com/zh/articles/iq-test-growth-guide,zh,article_detail,RENDERED,true,5,26,5,5,false,false,false,false,1,1,0.0007027258207585327,0.0020314249854505645,
https://fermatmind.com/zh/articles/iq-test-narrative-portrait,https://fermatmind.com/zh/articles/iq-test-narrative-portrait,zh,article_detail,RENDERED,true,5,27,5,6,false,false,false,false,1,1,0.0007035507302291097,0.0020818399042841435,
https://fermatmind.com/zh/articles/iq-test-score-and-limits-explained,https://fermatmind.com/zh/articles/iq-test-score-and-limits-explained,zh,article_detail,RENDERED,true,2,27,2,8,false,false,false,false,2,2,0.00031585143886582754,0.0008571667890150971,
https://fermatmind.com/zh/articles/iq-test-tool-guide,https://fermatmind.com/zh/articles/iq-test-tool-guide,zh,article_detail,RENDERED,true,6,27,6,7,false,false,false,false,1,1,0.0007132726581458942,0.0021817395073028076,
https://fermatmind.com/zh/articles/life-events-and-personality-change-what-research-can-say,https://fermatmind.com/zh/articles/life-events-and-personality-change-what-research-can-say,zh,article_detail,RENDERED,true,0,26,0,6,true,true,true,false,UNREACHABLE_OR_UNCRAWLED,UNREACHABLE_OR_UNCRAWLED,0.00027124773960217005,0.000297314058944717,
https://fermatmind.com/zh/articles/major-career-mismatch-job-search-skills-plan,https://fermatmind.com/zh/articles/major-career-mismatch-job-search-skills-plan,zh,article_detail,RENDERED,true,1,26,1,7,false,false,false,false,2,2,0.0008533723326665736,0.003586810036119126,
https://fermatmind.com/zh/articles/major-category-program-tracking-riasec-choice-checklist,https://fermatmind.com/zh/articles/major-category-program-tracking-riasec-choice-checklist,zh,article_detail,RENDERED,true,1,27,1,6,false,false,false,false,2,2,0.0008533723326665736,0.003586810036119126,
https://fermatmind.com/zh/articles/math-not-good-computer-ai-major-course-riasec-checklist,https://fermatmind.com/zh/articles/math-not-good-computer-ai-major-course-riasec-checklist,zh,article_detail,RENDERED,true,1,28,1,8,false,false,false,false,4,4,0.00028029760353632534,0.0003951181273367512,
https://fermatmind.com/zh/articles/mbti-basics,https://fermatmind.com/zh/articles/mbti-basics,zh,article_detail,RENDERED,true,9,28,9,10,false,false,false,false,2,2,0.00041928490789337584,0.0019338762132734056,
https://fermatmind.com/zh/articles/mbti-full-report-career-relationship-communication,https://fermatmind.com/zh/articles/mbti-full-report-career-relationship-communication,zh,article_detail,RENDERED,true,1,25,1,4,false,false,false,false,2,2,0.0007951598733601332,0.0022281874276124454,
https://fermatmind.com/zh/articles/mbti-growth-guide,https://fermatmind.com/zh/articles/mbti-growth-guide,zh,article_detail,RENDERED,true,5,25,5,6,false,false,false,false,1,1,0.0007157712085263118,0.002091344907843474,
https://fermatmind.com/zh/articles/mbti-narrative-portrait,https://fermatmind.com/zh/articles/mbti-narrative-portrait,zh,article_detail,RENDERED,true,5,26,5,5,false,false,false,false,1,1,0.0007473200647310261,0.002695183498384927,
https://fermatmind.com/zh/articles/mbti-personality-test-science-vs-pseudoscience,https://fermatmind.com/zh/articles/mbti-personality-test-science-vs-pseudoscience,zh,article_detail,RENDERED,true,3,24,3,4,false,false,false,false,2,2,0.0008413700611253689,0.0026082360124235144,
https://fermatmind.com/zh/articles/mbti-vs-holland-career-choice,https://fermatmind.com/zh/articles/mbti-vs-holland-career-choice,zh,article_detail,RENDERED,true,7,25,7,5,false,false,false,false,2,2,0.0008561966725355694,0.0027258563187792496,
https://fermatmind.com/zh/articles/ocean-traits-what-the-five-letters-mean,https://fermatmind.com/zh/articles/ocean-traits-what-the-five-letters-mean,zh,article_detail,RENDERED,true,1,26,1,6,false,false,false,false,2,2,0.0003073108639340608,0.001038222495668776,
https://fermatmind.com/zh/articles/openness-and-creativity-related-not-the-same,https://fermatmind.com/zh/articles/openness-and-creativity-related-not-the-same,zh,article_detail,RENDERED,true,0,26,0,6,true,true,true,false,UNREACHABLE_OR_UNCRAWLED,UNREACHABLE_OR_UNCRAWLED,0.00027124773960217005,0.000297314058944717,
https://fermatmind.com/zh/articles/personality-test-norms-percentiles-and-unknowns,https://fermatmind.com/zh/articles/personality-test-norms-percentiles-and-unknowns,zh,article_detail,RENDERED,true,0,26,0,6,true,true,true,false,UNREACHABLE_OR_UNCRAWLED,UNREACHABLE_OR_UNCRAWLED,0.00027124773960217005,0.000297314058944717,
https://fermatmind.com/zh/articles/procrastination-is-not-a-big-five-personality-label,https://fermatmind.com/zh/articles/procrastination-is-not-a-big-five-personality-label,zh,article_detail,RENDERED,true,1,26,1,6,false,false,false,false,2,2,0.0003083678865437886,0.001116944002295104,
https://fermatmind.com/zh/articles/reliability-and-validity-in-personality-tests-explained,https://fermatmind.com/zh/articles/reliability-and-validity-in-personality-tests-explained,zh,article_detail,RENDERED,true,0,26,0,6,true,true,true,false,UNREACHABLE_OR_UNCRAWLED,UNREACHABLE_OR_UNCRAWLED,0.00027124773960217005,0.000297314058944717,
https://fermatmind.com/zh/articles/riasec-holland-career-interest-test-explained,https://fermatmind.com/zh/articles/riasec-holland-career-interest-test-explained,zh,article_detail,RENDERED,true,5,29,5,11,false,false,false,false,3,3,0.0003193478070167671,0.0006711425579208585,
https://fermatmind.com/zh/articles/stress-recovery-log-separate-patterns-from-traits,https://fermatmind.com/zh/articles/stress-recovery-log-separate-patterns-from-traits,zh,article_detail,RENDERED,true,0,26,0,6,true,true,true,false,UNREACHABLE_OR_UNCRAWLED,UNREACHABLE_OR_UNCRAWLED,0.00027124773960217005,0.000297314058944717,
https://fermatmind.com/zh/articles/track-personality-related-behavior-without-chasing-scores,https://fermatmind.com/zh/articles/track-personality-related-behavior-without-chasing-scores,zh,article_detail,RENDERED,true,0,26,0,6,true,true,true,false,UNREACHABLE_OR_UNCRAWLED,UNREACHABLE_OR_UNCRAWLED,0.00027124773960217005,0.000297314058944717,
https://fermatmind.com/zh/articles/unwanted-major-adjustment-riasec-transfer-plan,https://fermatmind.com/zh/articles/unwanted-major-adjustment-riasec-transfer-plan,zh,article_detail,RENDERED,true,1,25,1,4,false,false,false,false,3,3,0.00029811316488982144,0.000805445384560107,
https://fermatmind.com/zh/articles/unwanted-major-repeat-or-stay-riasec-decision-checklist,https://fermatmind.com/zh/articles/unwanted-major-repeat-or-stay-riasec-decision-checklist,zh,article_detail,RENDERED,true,2,24,2,3,false,false,false,false,2,2,0.000880237757954225,0.004094941361734516,
https://fermatmind.com/zh/articles/using-big-five-and-mbti-together-without-equating-them,https://fermatmind.com/zh/articles/using-big-five-and-mbti-together-without-equating-them,zh,article_detail,RENDERED,true,1,26,1,6,false,false,false,false,1,1,0.0006284605580735086,0.00129704317498285,
https://fermatmind.com/zh/articles/when-personality-content-is-not-enough-seek-professional-help,https://fermatmind.com/zh/articles/when-personality-content-is-not-enough-seek-professional-help,zh,article_detail,RENDERED,true,0,26,0,6,true,true,true,false,UNREACHABLE_OR_UNCRAWLED,UNREACHABLE_OR_UNCRAWLED,0.00027124773960217005,0.000297314058944717,
https://fermatmind.com/zh/articles/when-to-retest-big-five-and-what-a-score-change-means,https://fermatmind.com/zh/articles/when-to-retest-big-five-and-what-a-score-change-means,zh,article_detail,RENDERED,true,1,26,1,6,false,false,false,false,2,2,0.0003083678865437886,0.001116944002295104,
https://fermatmind.com/zh/articles/which-love-script-fits-you-best,https://fermatmind.com/zh/articles/which-love-script-fits-you-best,zh,article_detail,RENDERED,true,4,25,4,4,false,false,false,false,1,1,0.0012234664872372738,0.004764657286424869,
https://fermatmind.com/zh/articles/why-big-five-is-not-a-personality-type-system,https://fermatmind.com/zh/articles/why-big-five-is-not-a-personality-type-system,zh,article_detail,RENDERED,true,0,24,0,3,true,true,true,false,UNREACHABLE_OR_UNCRAWLED,UNREACHABLE_OR_UNCRAWLED,0.00027124773960217005,0.000297314058944717,
https://fermatmind.com/zh/brand,https://fermatmind.com/zh/brand,zh,content_page,RENDERED,true,321,24,4,6,false,false,false,false,1,3,0.01849101648557517,0.0015723069522550377,
https://fermatmind.com/zh/business,https://fermatmind.com/zh/business,zh,content_page,RENDERED,true,316,24,0,0,false,false,true,false,1,UNREACHABLE_OR_UNCRAWLED,0.01835033550632561,0.000297314058944717,
https://fermatmind.com/zh/career,https://fermatmind.com/zh/career,zh,career_hub,RENDERED,true,316,26,19,3,false,false,false,false,0,0,0.01835033550632561,0.004591566441064495,
https://fermatmind.com/zh/career/guides,https://fermatmind.com/zh/career/guides,zh,career_guide_hub,RENDERED,true,321,45,19,24,false,false,false,false,1,1,0.01849101648557517,0.0053856272025781665,
https://fermatmind.com/zh/career/guides/annual-career-review-system,https://fermatmind.com/zh/career/guides/annual-career-review-system,zh,career_guide_detail,RENDERED,true,1,24,1,4,false,false,false,false,2,2,0.0006205224954408122,0.0004880549919966536,
https://fermatmind.com/zh/career/guides/big5-for-career-decisions,https://fermatmind.com/zh/career/guides/big5-for-career-decisions,zh,career_guide_detail,RENDERED,true,2,27,2,7,false,false,false,false,2,2,0.0006290617761319916,0.0005161346531491044,
https://fermatmind.com/zh/career/guides/build-five-year-career-roadmap,https://fermatmind.com/zh/career/guides/build-five-year-career-roadmap,zh,career_guide_detail,RENDERED,true,1,24,1,4,false,false,false,false,2,2,0.0006205224954408122,0.0004880549919966536,
https://fermatmind.com/zh/career/guides/build-portfolio-for-career-switch,https://fermatmind.com/zh/career/guides/build-portfolio-for-career-switch,zh,career_guide_detail,RENDERED,true,1,24,1,4,false,false,false,false,2,2,0.0006205224954408122,0.0004880549919966536,
https://fermatmind.com/zh/career/guides/career-growth-with-manager,https://fermatmind.com/zh/career/guides/career-growth-with-manager,zh,career_guide_detail,RENDERED,true,1,19,1,0,false,false,false,false,2,2,0.0006205224954408122,0.0004880549919966536,
https://fermatmind.com/zh/career/guides/career-risk-management,https://fermatmind.com/zh/career/guides/career-risk-management,zh,career_guide_detail,RENDERED,true,1,24,1,4,false,false,false,false,2,2,0.0006205224954408122,0.0004880549919966536,
https://fermatmind.com/zh/career/guides/career-transition-playbook,https://fermatmind.com/zh/career/guides/career-transition-playbook,zh,career_guide_detail,RENDERED,true,1,24,1,4,false,false,false,false,2,2,0.0006205224954408122,0.0004880549919966536,
https://fermatmind.com/zh/career/guides/cross-industry-move-strategy,https://fermatmind.com/zh/career/guides/cross-industry-move-strategy,zh,career_guide_detail,RENDERED,true,1,24,1,4,false,false,false,false,2,2,0.0006205224954408122,0.0004880549919966536,
https://fermatmind.com/zh/career/guides/first-90-days-in-new-role,https://fermatmind.com/zh/career/guides/first-90-days-in-new-role,zh,career_guide_detail,RENDERED,true,1,24,1,4,false,false,false,false,2,2,0.0006205224954408122,0.0004880549919966536,
https://fermatmind.com/zh/career/guides/from-mbti-to-job-fit,https://fermatmind.com/zh/career/guides/from-mbti-to-job-fit,zh,career_guide_detail,RENDERED,true,3,27,3,7,false,false,false,false,2,2,0.000662543672050464,0.0007318037804559222,
https://fermatmind.com/zh/career/guides/how-to-choose-college-major,https://fermatmind.com/zh/career/guides/how-to-choose-college-major,zh,career_guide_detail,RENDERED,true,1,24,1,4,false,false,false,false,2,2,0.0006205224954408122,0.0004880549919966536,
https://fermatmind.com/zh/career/guides/how-to-find-right-career-direction,https://fermatmind.com/zh/career/guides/how-to-find-right-career-direction,zh,career_guide_detail,RENDERED,true,3,19,3,0,false,false,false,false,2,2,0.000662543672050464,0.0007318037804559222,
https://fermatmind.com/zh/career/guides/improve-workplace-competitiveness,https://fermatmind.com/zh/career/guides/improve-workplace-competitiveness,zh,career_guide_detail,RENDERED,true,1,24,1,4,false,false,false,false,2,2,0.0006205224954408122,0.0004880549919966536,
https://fermatmind.com/zh/career/guides/interview-strategy-by-role,https://fermatmind.com/zh/career/guides/interview-strategy-by-role,zh,career_guide_detail,RENDERED,true,1,19,1,0,false,false,false,false,2,2,0.0006205224954408122,0.0004880549919966536,
https://fermatmind.com/zh/career/guides/iq-eq-balance-at-work,https://fermatmind.com/zh/career/guides/iq-eq-balance-at-work,zh,career_guide_detail,RENDERED,true,2,28,2,8,false,false,false,false,2,2,0.0006495371547514757,0.000785460074781472,
https://fermatmind.com/zh/career/guides/leader-track-vs-expert-track,https://fermatmind.com/zh/career/guides/leader-track-vs-expert-track,zh,career_guide_detail,RENDERED,true,1,24,1,4,false,false,false,false,2,2,0.0006205224954408122,0.0004880549919966536,
https://fermatmind.com/zh/career/guides/networking-that-actually-works,https://fermatmind.com/zh/career/guides/networking-that-actually-works,zh,career_guide_detail,RENDERED,true,1,19,1,0,false,false,false,false,2,2,0.0006205224954408122,0.0004880549919966536,
https://fermatmind.com/zh/career/guides/personal-brand-for-professionals,https://fermatmind.com/zh/career/guides/personal-brand-for-professionals,zh,career_guide_detail,RENDERED,true,1,24,1,4,false,false,false,false,2,2,0.0006205224954408122,0.0004880549919966536,
https://fermatmind.com/zh/career/guides/prevent-burnout-while-growing,https://fermatmind.com/zh/career/guides/prevent-burnout-while-growing,zh,career_guide_detail,RENDERED,true,1,24,1,4,false,false,false,false,2,2,0.0006205224954408122,0.0004880549919966536,
https://fermatmind.com/zh/career/guides/salary-negotiation-framework,https://fermatmind.com/zh/career/guides/salary-negotiation-framework,zh,career_guide_detail,RENDERED,true,1,19,1,0,false,false,false,false,2,2,0.0006205224954408122,0.0004880549919966536,
https://fermatmind.com/zh/career/recommendations,https://fermatmind.com/zh/career/recommendations,zh,career_recommendation,RENDERED,true,53,41,53,23,false,false,false,false,1,1,0.002349159306178271,0.00852573927953638,
https://fermatmind.com/zh/career/tests,https://fermatmind.com/zh/career/tests,zh,career_other,RENDERED,true,2,24,2,3,false,false,false,false,1,1,0.0012204373100706879,0.001788998615710216,
https://fermatmind.com/zh/careers,https://fermatmind.com/zh/careers,zh,content_page,RENDERED,true,321,24,5,2,false,false,false,false,1,3,0.01849101648557517,0.002734446380041196,
https://fermatmind.com/zh/charter,https://fermatmind.com/zh/charter,zh,content_page,RENDERED,true,321,24,4,6,false,false,false,false,1,3,0.01849101648557517,0.0015723069522550377,
https://fermatmind.com/zh/foundation,https://fermatmind.com/zh/foundation,zh,content_page,RENDERED,true,321,24,6,13,false,false,false,false,1,2,0.01849101648557517,0.0044277466337732515,
https://fermatmind.com/zh/method-boundaries,https://fermatmind.com/zh/method-boundaries,zh,content_page,RENDERED,true,321,24,46,5,false,false,false,false,1,2,0.01849101648557517,0.00959753452633779,
https://fermatmind.com/zh/personality,https://fermatmind.com/zh/personality,zh,personality_hub,RENDERED,true,316,80,186,58,false,false,false,false,0,0,0.01835033550632561,0.023110786561784998,
https://fermatmind.com/zh/personality/big-five,https://fermatmind.com/zh/personality/big-five,zh,big_five_hub,RENDERED,true,97,31,97,9,false,false,false,false,2,2,0.0012728234555054259,0.010049449811949185,
https://fermatmind.com/zh/personality/big-five/agreeableness,https://fermatmind.com/zh/personality/big-five/agreeableness,zh,big_five_detail,RENDERED,true,12,36,12,14,false,false,false,false,3,3,0.0004057080674009582,0.0021694437609384937,
https://fermatmind.com/zh/personality/big-five/agreeableness-high,https://fermatmind.com/zh/personality/big-five/agreeableness-high,zh,big_five_detail,RENDERED,true,4,30,4,8,false,false,false,false,4,4,0.0003069147080439871,0.0006297692062376248,
https://fermatmind.com/zh/personality/big-five/agreeableness-low,https://fermatmind.com/zh/personality/big-five/agreeableness-low,zh,big_five_detail,RENDERED,true,4,30,4,8,false,false,false,false,4,4,0.0003069147080439871,0.0006297692062376248,
https://fermatmind.com/zh/personality/big-five/agreeableness-mid,https://fermatmind.com/zh/personality/big-five/agreeableness-mid,zh,big_five_detail,RENDERED,true,4,30,4,8,false,false,false,false,4,4,0.0003069147080439871,0.0006297692062376248,
https://fermatmind.com/zh/personality/big-five/conscientiousness,https://fermatmind.com/zh/personality/big-five/conscientiousness,zh,big_five_detail,RENDERED,true,13,36,13,14,false,false,false,false,3,3,0.00041485117702175727,0.0022283249463744643,
https://fermatmind.com/zh/personality/big-five/conscientiousness-high,https://fermatmind.com/zh/personality/big-five/conscientiousness-high,zh,big_five_detail,RENDERED,true,4,30,4,8,false,false,false,false,4,4,0.00030715064135235627,0.0006350168086204602,
https://fermatmind.com/zh/personality/big-five/conscientiousness-low,https://fermatmind.com/zh/personality/big-five/conscientiousness-low,zh,big_five_detail,RENDERED,true,4,30,4,8,false,false,false,false,4,4,0.00030715064135235627,0.0006350168086204602,
https://fermatmind.com/zh/personality/big-five/conscientiousness-mid,https://fermatmind.com/zh/personality/big-five/conscientiousness-mid,zh,big_five_detail,RENDERED,true,4,30,4,8,false,false,false,false,4,4,0.00030715064135235627,0.0006350168086204602,
https://fermatmind.com/zh/personality/big-five/extraversion,https://fermatmind.com/zh/personality/big-five/extraversion,zh,big_five_detail,RENDERED,true,12,36,12,14,false,false,false,false,3,3,0.0004057080674009582,0.0021694437609384937,
https://fermatmind.com/zh/personality/big-five/extraversion-high,https://fermatmind.com/zh/personality/big-five/extraversion-high,zh,big_five_detail,RENDERED,true,4,30,4,8,false,false,false,false,4,4,0.0003069147080439871,0.0006297692062376248,
https://fermatmind.com/zh/personality/big-five/extraversion-low,https://fermatmind.com/zh/personality/big-five/extraversion-low,zh,big_five_detail,RENDERED,true,4,30,4,8,false,false,false,false,4,4,0.0003069147080439871,0.0006297692062376248,
https://fermatmind.com/zh/personality/big-five/extraversion-mid,https://fermatmind.com/zh/personality/big-five/extraversion-mid,zh,big_five_detail,RENDERED,true,4,30,4,8,false,false,false,false,4,4,0.0003069147080439871,0.0006297692062376248,
https://fermatmind.com/zh/personality/big-five/facets,https://fermatmind.com/zh/personality/big-five/facets,zh,big_five_detail,RENDERED,true,52,61,52,39,false,false,false,false,3,3,0.0007620265649962671,0.005406816260665827,
https://fermatmind.com/zh/personality/big-five/facets/achievement-striving,https://fermatmind.com/zh/personality/big-five/facets/achievement-striving,zh,big_five_detail,RENDERED,true,8,33,8,11,false,false,false,false,4,4,0.000344975659969354,0.0010262553395823826,
https://fermatmind.com/zh/personality/big-five/facets/actions,https://fermatmind.com/zh/personality/big-five/facets/actions,zh,big_five_detail,RENDERED,true,8,33,8,11,false,false,false,false,4,4,0.0003447203192436835,0.001019590217483146,
https://fermatmind.com/zh/personality/big-five/facets/activity,https://fermatmind.com/zh/personality/big-five/facets/activity,zh,big_five_detail,RENDERED,true,8,33,8,11,false,false,false,false,4,4,0.0003447203192436835,0.001019590217483146,
https://fermatmind.com/zh/personality/big-five/facets/aesthetics,https://fermatmind.com/zh/personality/big-five/facets/aesthetics,zh,big_five_detail,RENDERED,true,8,33,8,11,false,false,false,false,4,4,0.0003447203192436835,0.001019590217483146,
https://fermatmind.com/zh/personality/big-five/facets/altruism,https://fermatmind.com/zh/personality/big-five/facets/altruism,zh,big_five_detail,RENDERED,true,8,33,8,11,false,false,false,false,4,4,0.0003447203192436835,0.001019590217483146,
https://fermatmind.com/zh/personality/big-five/facets/anger,https://fermatmind.com/zh/personality/big-five/facets/anger,zh,big_five_detail,RENDERED,true,8,33,8,11,false,false,false,false,4,4,0.000344975659969354,0.001026255339582383,
https://fermatmind.com/zh/personality/big-five/facets/anxiety,https://fermatmind.com/zh/personality/big-five/facets/anxiety,zh,big_five_detail,RENDERED,true,8,33,8,11,false,false,false,false,4,4,0.000344975659969354,0.001026255339582383,
https://fermatmind.com/zh/personality/big-five/facets/assertiveness,https://fermatmind.com/zh/personality/big-five/facets/assertiveness,zh,big_five_detail,RENDERED,true,8,33,8,11,false,false,false,false,4,4,0.0003447203192436835,0.001019590217483146,
https://fermatmind.com/zh/personality/big-five/facets/competence,https://fermatmind.com/zh/personality/big-five/facets/competence,zh,big_five_detail,RENDERED,true,8,33,8,11,false,false,false,false,4,4,0.000344975659969354,0.0010262553395823826,
https://fermatmind.com/zh/personality/big-five/facets/compliance,https://fermatmind.com/zh/personality/big-five/facets/compliance,zh,big_five_detail,RENDERED,true,8,33,8,11,false,false,false,false,4,4,0.0003447203192436835,0.001019590217483146,
https://fermatmind.com/zh/personality/big-five/facets/deliberation,https://fermatmind.com/zh/personality/big-five/facets/deliberation,zh,big_five_detail,RENDERED,true,8,33,8,11,false,false,false,false,4,4,0.000344975659969354,0.0010262553395823826,
https://fermatmind.com/zh/personality/big-five/facets/depression,https://fermatmind.com/zh/personality/big-five/facets/depression,zh,big_five_detail,RENDERED,true,8,33,8,11,false,false,false,false,4,4,0.000344975659969354,0.001026255339582383,
https://fermatmind.com/zh/personality/big-five/facets/dutifulness,https://fermatmind.com/zh/personality/big-five/facets/dutifulness,zh,big_five_detail,RENDERED,true,8,33,8,11,false,false,false,false,4,4,0.000344975659969354,0.0010262553395823826,
https://fermatmind.com/zh/personality/big-five/facets/excitement-seeking,https://fermatmind.com/zh/personality/big-five/facets/excitement-seeking,zh,big_five_detail,RENDERED,true,8,33,8,11,false,false,false,false,4,4,0.0003447203192436835,0.001019590217483146,
https://fermatmind.com/zh/personality/big-five/facets/feelings,https://fermatmind.com/zh/personality/big-five/facets/feelings,zh,big_five_detail,RENDERED,true,8,33,8,11,false,false,false,false,4,4,0.0003447203192436835,0.001019590217483146,
https://fermatmind.com/zh/personality/big-five/facets/gregariousness,https://fermatmind.com/zh/personality/big-five/facets/gregariousness,zh,big_five_detail,RENDERED,true,8,33,8,11,false,false,false,false,4,4,0.0003447203192436835,0.001019590217483146,
https://fermatmind.com/zh/personality/big-five/facets/ideas,https://fermatmind.com/zh/personality/big-five/facets/ideas,zh,big_five_detail,RENDERED,true,8,33,8,11,false,false,false,false,4,4,0.0003447203192436835,0.001019590217483146,
https://fermatmind.com/zh/personality/big-five/facets/imagination,https://fermatmind.com/zh/personality/big-five/facets/imagination,zh,big_five_detail,RENDERED,true,8,33,8,11,false,false,false,false,4,4,0.0003447203192436835,0.001019590217483146,
https://fermatmind.com/zh/personality/big-five/facets/impulsiveness,https://fermatmind.com/zh/personality/big-five/facets/impulsiveness,zh,big_five_detail,RENDERED,true,8,33,8,11,false,false,false,false,4,4,0.000344975659969354,0.001026255339582383,
https://fermatmind.com/zh/personality/big-five/facets/modesty,https://fermatmind.com/zh/personality/big-five/facets/modesty,zh,big_five_detail,RENDERED,true,8,33,8,11,false,false,false,false,4,4,0.0003447203192436835,0.001019590217483146,
https://fermatmind.com/zh/personality/big-five/facets/order,https://fermatmind.com/zh/personality/big-five/facets/order,zh,big_five_detail,RENDERED,true,8,33,8,11,false,false,false,false,4,4,0.000344975659969354,0.0010262553395823826,
https://fermatmind.com/zh/personality/big-five/facets/positive-emotions,https://fermatmind.com/zh/personality/big-five/facets/positive-emotions,zh,big_five_detail,RENDERED,true,8,33,8,11,false,false,false,false,4,4,0.0003447203192436835,0.001019590217483146,
https://fermatmind.com/zh/personality/big-five/facets/self-consciousness,https://fermatmind.com/zh/personality/big-five/facets/self-consciousness,zh,big_five_detail,RENDERED,true,8,33,8,11,false,false,false,false,4,4,0.000344975659969354,0.001026255339582383,
https://fermatmind.com/zh/personality/big-five/facets/self-discipline,https://fermatmind.com/zh/personality/big-five/facets/self-discipline,zh,big_five_detail,RENDERED,true,8,33,8,11,false,false,false,false,4,4,0.000344975659969354,0.0010262553395823826,
https://fermatmind.com/zh/personality/big-five/facets/straightforwardness,https://fermatmind.com/zh/personality/big-five/facets/straightforwardness,zh,big_five_detail,RENDERED,true,8,33,8,11,false,false,false,false,4,4,0.0003447203192436835,0.001019590217483146,
https://fermatmind.com/zh/personality/big-five/facets/tender-mindedness,https://fermatmind.com/zh/personality/big-five/facets/tender-mindedness,zh,big_five_detail,RENDERED,true,8,33,8,11,false,false,false,false,4,4,0.0003447203192436835,0.001019590217483146,
https://fermatmind.com/zh/personality/big-five/facets/trust,https://fermatmind.com/zh/personality/big-five/facets/trust,zh,big_five_detail,RENDERED,true,8,33,8,11,false,false,false,false,4,4,0.0003447203192436835,0.001019590217483146,
https://fermatmind.com/zh/personality/big-five/facets/values,https://fermatmind.com/zh/personality/big-five/facets/values,zh,big_five_detail,RENDERED,true,8,33,8,11,false,false,false,false,4,4,0.0003447203192436835,0.001019590217483146,
https://fermatmind.com/zh/personality/big-five/facets/vulnerability,https://fermatmind.com/zh/personality/big-five/facets/vulnerability,zh,big_five_detail,RENDERED,true,8,33,8,11,false,false,false,false,4,4,0.000344975659969354,0.001026255339582383,
https://fermatmind.com/zh/personality/big-five/facets/warmth,https://fermatmind.com/zh/personality/big-five/facets/warmth,zh,big_five_detail,RENDERED,true,8,33,8,11,false,false,false,false,4,4,0.0003447203192436835,0.001019590217483146,
https://fermatmind.com/zh/personality/big-five/neuroticism,https://fermatmind.com/zh/personality/big-five/neuroticism,zh,big_five_detail,RENDERED,true,13,36,13,14,false,false,false,false,3,3,0.00041485117702175727,0.0022283249463744656,
https://fermatmind.com/zh/personality/big-five/neuroticism-high,https://fermatmind.com/zh/personality/big-five/neuroticism-high,zh,big_five_detail,RENDERED,true,4,30,4,8,false,false,false,false,4,4,0.00030715064135235627,0.0006350168086204598,
https://fermatmind.com/zh/personality/big-five/neuroticism-low,https://fermatmind.com/zh/personality/big-five/neuroticism-low,zh,big_five_detail,RENDERED,true,4,30,4,8,false,false,false,false,4,4,0.00030715064135235627,0.0006350168086204598,
https://fermatmind.com/zh/personality/big-five/neuroticism-mid,https://fermatmind.com/zh/personality/big-five/neuroticism-mid,zh,big_five_detail,RENDERED,true,4,30,4,8,false,false,false,false,4,4,0.00030715064135235627,0.0006350168086204598,
https://fermatmind.com/zh/personality/big-five/openness,https://fermatmind.com/zh/personality/big-five/openness,zh,big_five_detail,RENDERED,true,12,36,12,14,false,false,false,false,3,3,0.0004057080674009582,0.002169443760938494,
https://fermatmind.com/zh/personality/big-five/openness-high,https://fermatmind.com/zh/personality/big-five/openness-high,zh,big_five_detail,RENDERED,true,4,30,4,8,false,false,false,false,4,4,0.0003069147080439871,0.0006297692062376248,
https://fermatmind.com/zh/personality/big-five/openness-low,https://fermatmind.com/zh/personality/big-five/openness-low,zh,big_five_detail,RENDERED,true,4,30,4,8,false,false,false,false,4,4,0.0003069147080439871,0.0006297692062376248,
https://fermatmind.com/zh/personality/big-five/openness-mid,https://fermatmind.com/zh/personality/big-five/openness-mid,zh,big_five_detail,RENDERED,true,4,30,4,8,false,false,false,false,4,4,0.0003069147080439871,0.0006297692062376248,
https://fermatmind.com/zh/personality/enfj,https://fermatmind.com/zh/personality/enfj,zh,mbti_personality_detail,RENDERED,true,1,27,1,6,false,false,false,false,UNREACHABLE_OR_UNCRAWLED,UNREACHABLE_OR_UNCRAWLED,0.0002800645877345542,0.0003463853114546068,
https://fermatmind.com/zh/personality/enfj-a,https://fermatmind.com/zh/personality/enfj-a,zh,mbti_personality_detail,RENDERED,true,6,30,6,12,false,false,false,false,1,1,0.0005959430197393188,0.0014673980668386682,
https://fermatmind.com/zh/personality/enfj-a-vs-enfj-t,https://fermatmind.com/zh/personality/enfj-a-vs-enfj-t,zh,mbti_personality_detail,RENDERED,true,5,28,5,7,false,false,false,false,1,1,0.0005302682134918306,0.0010735051351588067,
https://fermatmind.com/zh/personality/enfj-t,https://fermatmind.com/zh/personality/enfj-t,zh,mbti_personality_detail,RENDERED,true,4,30,4,12,false,false,false,false,1,1,0.0005137590406439799,0.0009366473092309519,
https://fermatmind.com/zh/personality/enfp,https://fermatmind.com/zh/personality/enfp,zh,mbti_personality_detail,RENDERED,true,2,27,2,6,false,false,false,false,2,2,0.00029363567461689245,0.0004028724615843072,
https://fermatmind.com/zh/personality/enfp-a,https://fermatmind.com/zh/personality/enfp-a,zh,mbti_personality_detail,RENDERED,true,7,30,7,12,false,false,false,false,1,1,0.0006099181273502623,0.0015274611005332225,
https://fermatmind.com/zh/personality/enfp-a-vs-enfp-t,https://fermatmind.com/zh/personality/enfp-a-vs-enfp-t,zh,mbti_personality_detail,RENDERED,true,6,28,6,7,false,false,false,false,1,1,0.0005438315761644966,0.001127064528668324,
https://fermatmind.com/zh/personality/enfp-t,https://fermatmind.com/zh/personality/enfp-t,zh,mbti_personality_detail,RENDERED,true,4,30,4,12,false,false,false,false,1,1,0.0005145902992929549,0.0009482255385008163,
https://fermatmind.com/zh/personality/enfp-vs-entp,https://fermatmind.com/zh/personality/enfp-vs-entp,zh,mbti_personality_detail,RENDERED,true,2,31,2,12,false,false,false,false,1,1,0.000479363903318848,0.0006844913953199214,
https://fermatmind.com/zh/personality/enneagram,https://fermatmind.com/zh/personality/enneagram,zh,enneagram_hub,RENDERED,true,58,37,58,15,false,false,false,false,UNREACHABLE_OR_UNCRAWLED,UNREACHABLE_OR_UNCRAWLED,0.000809035603092456,0.005327450827248271,
https://fermatmind.com/zh/personality/enneagram/centers/gut,https://fermatmind.com/zh/personality/enneagram/centers/gut,zh,enneagram_detail,RENDERED,true,5,29,5,7,false,false,false,false,UNREACHABLE_OR_UNCRAWLED,UNREACHABLE_OR_UNCRAWLED,0.0003290797234454762,0.0010719121413668394,
https://fermatmind.com/zh/personality/enneagram/centers/head,https://fermatmind.com/zh/personality/enneagram/centers/head,zh,enneagram_detail,RENDERED,true,5,29,5,7,false,false,false,false,UNREACHABLE_OR_UNCRAWLED,UNREACHABLE_OR_UNCRAWLED,0.0003290797234454762,0.0010719121413668394,
https://fermatmind.com/zh/personality/enneagram/centers/heart,https://fermatmind.com/zh/personality/enneagram/centers/heart,zh,enneagram_detail,RENDERED,true,5,29,5,7,false,false,false,false,UNREACHABLE_OR_UNCRAWLED,UNREACHABLE_OR_UNCRAWLED,0.0003290797234454762,0.0010719121413668394,
https://fermatmind.com/zh/personality/enneagram/type-1,https://fermatmind.com/zh/personality/enneagram/type-1,zh,enneagram_detail,RENDERED,true,10,32,10,10,false,false,false,false,UNREACHABLE_OR_UNCRAWLED,UNREACHABLE_OR_UNCRAWLED,0.0003714583922112831,0.001343327219401302,
https://fermatmind.com/zh/personality/enneagram/type-1/instincts/one-to-one,https://fermatmind.com/zh/personality/enneagram/type-1/instincts/one-to-one,zh,enneagram_detail,RENDERED,true,4,29,4,7,false,false,false,false,UNREACHABLE_OR_UNCRAWLED,UNREACHABLE_OR_UNCRAWLED,0.00030821638908178404,0.0006472984520691357,
https://fermatmind.com/zh/personality/enneagram/type-1/instincts/self-preservation,https://fermatmind.com/zh/personality/enneagram/type-1/instincts/self-preservation,zh,enneagram_detail,RENDERED,true,4,29,4,7,false,false,false,false,UNREACHABLE_OR_UNCRAWLED,UNREACHABLE_OR_UNCRAWLED,0.00030821638908178404,0.0006472984520691357,
https://fermatmind.com/zh/personality/enneagram/type-1/instincts/social,https://fermatmind.com/zh/personality/enneagram/type-1/instincts/social,zh,enneagram_detail,RENDERED,true,4,29,4,7,false,false,false,false,UNREACHABLE_OR_UNCRAWLED,UNREACHABLE_OR_UNCRAWLED,0.00030821638908178404,0.0006472984520691357,
https://fermatmind.com/zh/personality/enneagram/type-2,https://fermatmind.com/zh/personality/enneagram/type-2,zh,enneagram_detail,RENDERED,true,10,32,10,10,false,false,false,false,UNREACHABLE_OR_UNCRAWLED,UNREACHABLE_OR_UNCRAWLED,0.0003714583922112831,0.001343327219401302,
https://fermatmind.com/zh/personality/enneagram/type-2/instincts/one-to-one,https://fermatmind.com/zh/personality/enneagram/type-2/instincts/one-to-one,zh,enneagram_detail,RENDERED,true,4,29,4,7,false,false,false,false,UNREACHABLE_OR_UNCRAWLED,UNREACHABLE_OR_UNCRAWLED,0.00030821638908178404,0.0006472984520691357,
https://fermatmind.com/zh/personality/enneagram/type-2/instincts/self-preservation,https://fermatmind.com/zh/personality/enneagram/type-2/instincts/self-preservation,zh,enneagram_detail,RENDERED,true,4,29,4,7,false,false,false,false,UNREACHABLE_OR_UNCRAWLED,UNREACHABLE_OR_UNCRAWLED,0.00030821638908178404,0.0006472984520691357,
https://fermatmind.com/zh/personality/enneagram/type-2/instincts/social,https://fermatmind.com/zh/personality/enneagram/type-2/instincts/social,zh,enneagram_detail,RENDERED,true,4,29,4,7,false,false,false,false,UNREACHABLE_OR_UNCRAWLED,UNREACHABLE_OR_UNCRAWLED,0.00030821638908178404,0.0006472984520691357,
https://fermatmind.com/zh/personality/enneagram/type-3,https://fermatmind.com/zh/personality/enneagram/type-3,zh,enneagram_detail,RENDERED,true,10,32,10,10,false,false,false,false,UNREACHABLE_OR_UNCRAWLED,UNREACHABLE_OR_UNCRAWLED,0.0003714583922112831,0.001343327219401302,
https://fermatmind.com/zh/personality/enneagram/type-3/instincts/one-to-one,https://fermatmind.com/zh/personality/enneagram/type-3/instincts/one-to-one,zh,enneagram_detail,RENDERED,true,4,29,4,7,false,false,false,false,UNREACHABLE_OR_UNCRAWLED,UNREACHABLE_OR_UNCRAWLED,0.00030821638908178404,0.0006472984520691357,
https://fermatmind.com/zh/personality/enneagram/type-3/instincts/self-preservation,https://fermatmind.com/zh/personality/enneagram/type-3/instincts/self-preservation,zh,enneagram_detail,RENDERED,true,4,29,4,7,false,false,false,false,UNREACHABLE_OR_UNCRAWLED,UNREACHABLE_OR_UNCRAWLED,0.00030821638908178404,0.0006472984520691357,
https://fermatmind.com/zh/personality/enneagram/type-3/instincts/social,https://fermatmind.com/zh/personality/enneagram/type-3/instincts/social,zh,enneagram_detail,RENDERED,true,4,29,4,7,false,false,false,false,UNREACHABLE_OR_UNCRAWLED,UNREACHABLE_OR_UNCRAWLED,0.00030821638908178404,0.0006472984520691357,
https://fermatmind.com/zh/personality/enneagram/type-4,https://fermatmind.com/zh/personality/enneagram/type-4,zh,enneagram_detail,RENDERED,true,10,32,10,10,false,false,false,false,UNREACHABLE_OR_UNCRAWLED,UNREACHABLE_OR_UNCRAWLED,0.0003714583922112831,0.001343327219401302,
https://fermatmind.com/zh/personality/enneagram/type-4/instincts/one-to-one,https://fermatmind.com/zh/personality/enneagram/type-4/instincts/one-to-one,zh,enneagram_detail,RENDERED,true,4,29,4,7,false,false,false,false,UNREACHABLE_OR_UNCRAWLED,UNREACHABLE_OR_UNCRAWLED,0.00030821638908178404,0.0006472984520691357,
https://fermatmind.com/zh/personality/enneagram/type-4/instincts/self-preservation,https://fermatmind.com/zh/personality/enneagram/type-4/instincts/self-preservation,zh,enneagram_detail,RENDERED,true,4,29,4,7,false,false,false,false,UNREACHABLE_OR_UNCRAWLED,UNREACHABLE_OR_UNCRAWLED,0.00030821638908178404,0.0006472984520691357,
https://fermatmind.com/zh/personality/enneagram/type-4/instincts/social,https://fermatmind.com/zh/personality/enneagram/type-4/instincts/social,zh,enneagram_detail,RENDERED,true,4,29,4,7,false,false,false,false,UNREACHABLE_OR_UNCRAWLED,UNREACHABLE_OR_UNCRAWLED,0.00030821638908178404,0.0006472984520691357,
https://fermatmind.com/zh/personality/enneagram/type-5,https://fermatmind.com/zh/personality/enneagram/type-5,zh,enneagram_detail,RENDERED,true,10,32,10,10,false,false,false,false,UNREACHABLE_OR_UNCRAWLED,UNREACHABLE_OR_UNCRAWLED,0.0003714583922112831,0.001343327219401302,
https://fermatmind.com/zh/personality/enneagram/type-5/instincts/one-to-one,https://fermatmind.com/zh/personality/enneagram/type-5/instincts/one-to-one,zh,enneagram_detail,RENDERED,true,4,29,4,7,false,false,false,false,UNREACHABLE_OR_UNCRAWLED,UNREACHABLE_OR_UNCRAWLED,0.00030821638908178404,0.0006472984520691357,
https://fermatmind.com/zh/personality/enneagram/type-5/instincts/self-preservation,https://fermatmind.com/zh/personality/enneagram/type-5/instincts/self-preservation,zh,enneagram_detail,RENDERED,true,4,29,4,7,false,false,false,false,UNREACHABLE_OR_UNCRAWLED,UNREACHABLE_OR_UNCRAWLED,0.00030821638908178404,0.0006472984520691357,
https://fermatmind.com/zh/personality/enneagram/type-5/instincts/social,https://fermatmind.com/zh/personality/enneagram/type-5/instincts/social,zh,enneagram_detail,RENDERED,true,4,29,4,7,false,false,false,false,UNREACHABLE_OR_UNCRAWLED,UNREACHABLE_OR_UNCRAWLED,0.00030821638908178404,0.0006472984520691357,
https://fermatmind.com/zh/personality/enneagram/type-6,https://fermatmind.com/zh/personality/enneagram/type-6,zh,enneagram_detail,RENDERED,true,10,32,10,10,false,false,false,false,UNREACHABLE_OR_UNCRAWLED,UNREACHABLE_OR_UNCRAWLED,0.0003714583922112831,0.001343327219401302,
https://fermatmind.com/zh/personality/enneagram/type-6/instincts/one-to-one,https://fermatmind.com/zh/personality/enneagram/type-6/instincts/one-to-one,zh,enneagram_detail,RENDERED,true,4,29,4,7,false,false,false,false,UNREACHABLE_OR_UNCRAWLED,UNREACHABLE_OR_UNCRAWLED,0.00030821638908178404,0.0006472984520691357,
https://fermatmind.com/zh/personality/enneagram/type-6/instincts/self-preservation,https://fermatmind.com/zh/personality/enneagram/type-6/instincts/self-preservation,zh,enneagram_detail,RENDERED,true,4,29,4,7,false,false,false,false,UNREACHABLE_OR_UNCRAWLED,UNREACHABLE_OR_UNCRAWLED,0.00030821638908178404,0.0006472984520691357,
https://fermatmind.com/zh/personality/enneagram/type-6/instincts/social,https://fermatmind.com/zh/personality/enneagram/type-6/instincts/social,zh,enneagram_detail,RENDERED,true,4,29,4,7,false,false,false,false,UNREACHABLE_OR_UNCRAWLED,UNREACHABLE_OR_UNCRAWLED,0.00030821638908178404,0.0006472984520691357,
https://fermatmind.com/zh/personality/enneagram/type-7,https://fermatmind.com/zh/personality/enneagram/type-7,zh,enneagram_detail,RENDERED,true,10,32,10,10,false,false,false,false,UNREACHABLE_OR_UNCRAWLED,UNREACHABLE_OR_UNCRAWLED,0.0003714583922112831,0.001343327219401302,
https://fermatmind.com/zh/personality/enneagram/type-7/instincts/one-to-one,https://fermatmind.com/zh/personality/enneagram/type-7/instincts/one-to-one,zh,enneagram_detail,RENDERED,true,4,29,4,7,false,false,false,false,UNREACHABLE_OR_UNCRAWLED,UNREACHABLE_OR_UNCRAWLED,0.00030821638908178404,0.0006472984520691357,
https://fermatmind.com/zh/personality/enneagram/type-7/instincts/self-preservation,https://fermatmind.com/zh/personality/enneagram/type-7/instincts/self-preservation,zh,enneagram_detail,RENDERED,true,4,29,4,7,false,false,false,false,UNREACHABLE_OR_UNCRAWLED,UNREACHABLE_OR_UNCRAWLED,0.00030821638908178404,0.0006472984520691357,
https://fermatmind.com/zh/personality/enneagram/type-7/instincts/social,https://fermatmind.com/zh/personality/enneagram/type-7/instincts/social,zh,enneagram_detail,RENDERED,true,4,29,4,7,false,false,false,false,UNREACHABLE_OR_UNCRAWLED,UNREACHABLE_OR_UNCRAWLED,0.00030821638908178404,0.0006472984520691357,
https://fermatmind.com/zh/personality/enneagram/type-8,https://fermatmind.com/zh/personality/enneagram/type-8,zh,enneagram_detail,RENDERED,true,10,32,10,10,false,false,false,false,UNREACHABLE_OR_UNCRAWLED,UNREACHABLE_OR_UNCRAWLED,0.0003714583922112831,0.001343327219401302,
https://fermatmind.com/zh/personality/enneagram/type-8/instincts/one-to-one,https://fermatmind.com/zh/personality/enneagram/type-8/instincts/one-to-one,zh,enneagram_detail,RENDERED,true,4,29,4,7,false,false,false,false,UNREACHABLE_OR_UNCRAWLED,UNREACHABLE_OR_UNCRAWLED,0.00030821638908178404,0.0006472984520691357,
https://fermatmind.com/zh/personality/enneagram/type-8/instincts/self-preservation,https://fermatmind.com/zh/personality/enneagram/type-8/instincts/self-preservation,zh,enneagram_detail,RENDERED,true,4,29,4,7,false,false,false,false,UNREACHABLE_OR_UNCRAWLED,UNREACHABLE_OR_UNCRAWLED,0.00030821638908178404,0.0006472984520691357,
https://fermatmind.com/zh/personality/enneagram/type-8/instincts/social,https://fermatmind.com/zh/personality/enneagram/type-8/instincts/social,zh,enneagram_detail,RENDERED,true,4,29,4,7,false,false,false,false,UNREACHABLE_OR_UNCRAWLED,UNREACHABLE_OR_UNCRAWLED,0.00030821638908178404,0.0006472984520691357,
https://fermatmind.com/zh/personality/enneagram/type-9,https://fermatmind.com/zh/personality/enneagram/type-9,zh,enneagram_detail,RENDERED,true,10,32,10,10,false,false,false,false,UNREACHABLE_OR_UNCRAWLED,UNREACHABLE_OR_UNCRAWLED,0.0003714583922112831,0.001343327219401302,
https://fermatmind.com/zh/personality/enneagram/type-9/instincts/one-to-one,https://fermatmind.com/zh/personality/enneagram/type-9/instincts/one-to-one,zh,enneagram_detail,RENDERED,true,4,29,4,7,false,false,false,false,UNREACHABLE_OR_UNCRAWLED,UNREACHABLE_OR_UNCRAWLED,0.00030821638908178404,0.0006472984520691357,
https://fermatmind.com/zh/personality/enneagram/type-9/instincts/self-preservation,https://fermatmind.com/zh/personality/enneagram/type-9/instincts/self-preservation,zh,enneagram_detail,RENDERED,true,4,29,4,7,false,false,false,false,UNREACHABLE_OR_UNCRAWLED,UNREACHABLE_OR_UNCRAWLED,0.00030821638908178404,0.0006472984520691357,
https://fermatmind.com/zh/personality/enneagram/type-9/instincts/social,https://fermatmind.com/zh/personality/enneagram/type-9/instincts/social,zh,enneagram_detail,RENDERED,true,4,29,4,7,false,false,false,false,UNREACHABLE_OR_UNCRAWLED,UNREACHABLE_OR_UNCRAWLED,0.00030821638908178404,0.0006472984520691357,
https://fermatmind.com/zh/personality/enneagram/wings/1w2,https://fermatmind.com/zh/personality/enneagram/wings/1w2,zh,enneagram_detail,RENDERED,true,3,29,3,7,false,false,false,false,UNREACHABLE_OR_UNCRAWLED,UNREACHABLE_OR_UNCRAWLED,0.00029861990810304705,0.0005434864359709431,
https://fermatmind.com/zh/personality/enneagram/wings/1w9,https://fermatmind.com/zh/personality/enneagram/wings/1w9,zh,enneagram_detail,RENDERED,true,3,29,3,7,false,false,false,false,UNREACHABLE_OR_UNCRAWLED,UNREACHABLE_OR_UNCRAWLED,0.00029861990810304705,0.0005434864359709431,
https://fermatmind.com/zh/personality/enneagram/wings/2w1,https://fermatmind.com/zh/personality/enneagram/wings/2w1,zh,enneagram_detail,RENDERED,true,3,29,3,7,false,false,false,false,UNREACHABLE_OR_UNCRAWLED,UNREACHABLE_OR_UNCRAWLED,0.00029861990810304705,0.0005434864359709431,
https://fermatmind.com/zh/personality/enneagram/wings/2w3,https://fermatmind.com/zh/personality/enneagram/wings/2w3,zh,enneagram_detail,RENDERED,true,3,29,3,7,false,false,false,false,UNREACHABLE_OR_UNCRAWLED,UNREACHABLE_OR_UNCRAWLED,0.00029861990810304705,0.0005434864359709431,
https://fermatmind.com/zh/personality/enneagram/wings/3w2,https://fermatmind.com/zh/personality/enneagram/wings/3w2,zh,enneagram_detail,RENDERED,true,3,29,3,7,false,false,false,false,UNREACHABLE_OR_UNCRAWLED,UNREACHABLE_OR_UNCRAWLED,0.00029861990810304705,0.0005434864359709431,
https://fermatmind.com/zh/personality/enneagram/wings/3w4,https://fermatmind.com/zh/personality/enneagram/wings/3w4,zh,enneagram_detail,RENDERED,true,3,29,3,7,false,false,false,false,UNREACHABLE_OR_UNCRAWLED,UNREACHABLE_OR_UNCRAWLED,0.00029861990810304705,0.0005434864359709431,
https://fermatmind.com/zh/personality/enneagram/wings/4w3,https://fermatmind.com/zh/personality/enneagram/wings/4w3,zh,enneagram_detail,RENDERED,true,3,29,3,7,false,false,false,false,UNREACHABLE_OR_UNCRAWLED,UNREACHABLE_OR_UNCRAWLED,0.00029861990810304705,0.0005434864359709431,
https://fermatmind.com/zh/personality/enneagram/wings/4w5,https://fermatmind.com/zh/personality/enneagram/wings/4w5,zh,enneagram_detail,RENDERED,true,3,29,3,7,false,false,false,false,UNREACHABLE_OR_UNCRAWLED,UNREACHABLE_OR_UNCRAWLED,0.00029861990810304705,0.0005434864359709431,
https://fermatmind.com/zh/personality/enneagram/wings/5w4,https://fermatmind.com/zh/personality/enneagram/wings/5w4,zh,enneagram_detail,RENDERED,true,3,29,3,7,false,false,false,false,UNREACHABLE_OR_UNCRAWLED,UNREACHABLE_OR_UNCRAWLED,0.00029861990810304705,0.0005434864359709431,
https://fermatmind.com/zh/personality/enneagram/wings/5w6,https://fermatmind.com/zh/personality/enneagram/wings/5w6,zh,enneagram_detail,RENDERED,true,3,29,3,7,false,false,false,false,UNREACHABLE_OR_UNCRAWLED,UNREACHABLE_OR_UNCRAWLED,0.00029861990810304705,0.0005434864359709431,
https://fermatmind.com/zh/personality/enneagram/wings/6w5,https://fermatmind.com/zh/personality/enneagram/wings/6w5,zh,enneagram_detail,RENDERED,true,3,29,3,7,false,false,false,false,UNREACHABLE_OR_UNCRAWLED,UNREACHABLE_OR_UNCRAWLED,0.00029861990810304705,0.0005434864359709431,
https://fermatmind.com/zh/personality/enneagram/wings/6w7,https://fermatmind.com/zh/personality/enneagram/wings/6w7,zh,enneagram_detail,RENDERED,true,3,29,3,7,false,false,false,false,UNREACHABLE_OR_UNCRAWLED,UNREACHABLE_OR_UNCRAWLED,0.00029861990810304705,0.0005434864359709431,
https://fermatmind.com/zh/personality/enneagram/wings/7w6,https://fermatmind.com/zh/personality/enneagram/wings/7w6,zh,enneagram_detail,RENDERED,true,3,29,3,7,false,false,false,false,UNREACHABLE_OR_UNCRAWLED,UNREACHABLE_OR_UNCRAWLED,0.00029861990810304705,0.0005434864359709431,
https://fermatmind.com/zh/personality/enneagram/wings/7w8,https://fermatmind.com/zh/personality/enneagram/wings/7w8,zh,enneagram_detail,RENDERED,true,3,29,3,7,false,false,false,false,UNREACHABLE_OR_UNCRAWLED,UNREACHABLE_OR_UNCRAWLED,0.00029861990810304705,0.0005434864359709431,
https://fermatmind.com/zh/personality/enneagram/wings/8w7,https://fermatmind.com/zh/personality/enneagram/wings/8w7,zh,enneagram_detail,RENDERED,true,3,29,3,7,false,false,false,false,UNREACHABLE_OR_UNCRAWLED,UNREACHABLE_OR_UNCRAWLED,0.00029861990810304705,0.0005434864359709431,
https://fermatmind.com/zh/personality/enneagram/wings/8w9,https://fermatmind.com/zh/personality/enneagram/wings/8w9,zh,enneagram_detail,RENDERED,true,3,29,3,7,false,false,false,false,UNREACHABLE_OR_UNCRAWLED,UNREACHABLE_OR_UNCRAWLED,0.00029861990810304705,0.0005434864359709431,
https://fermatmind.com/zh/personality/enneagram/wings/9w1,https://fermatmind.com/zh/personality/enneagram/wings/9w1,zh,enneagram_detail,RENDERED,true,3,29,3,7,false,false,false,false,UNREACHABLE_OR_UNCRAWLED,UNREACHABLE_OR_UNCRAWLED,0.00029861990810304705,0.0005434864359709431,
https://fermatmind.com/zh/personality/enneagram/wings/9w8,https://fermatmind.com/zh/personality/enneagram/wings/9w8,zh,enneagram_detail,RENDERED,true,3,29,3,7,false,false,false,false,UNREACHABLE_OR_UNCRAWLED,UNREACHABLE_OR_UNCRAWLED,0.00029861990810304705,0.0005434864359709431,
https://fermatmind.com/zh/personality/entj,https://fermatmind.com/zh/personality/entj,zh,mbti_personality_detail,RENDERED,true,3,27,3,6,false,false,false,false,2,2,0.00031202099556846603,0.0005841459384035409,
https://fermatmind.com/zh/personality/entj-a,https://fermatmind.com/zh/personality/entj-a,zh,mbti_personality_detail,RENDERED,true,8,30,8,12,false,false,false,false,1,1,0.0006282914110918595,0.0016993016261946001,
https://fermatmind.com/zh/personality/entj-a-vs-entj-t,https://fermatmind.com/zh/personality/entj-a-vs-entj-t,zh,mbti_personality_detail,RENDERED,true,6,28,6,7,false,false,false,false,1,1,0.0005448239409765361,0.0011511491276109131,
https://fermatmind.com/zh/personality/entj-t,https://fermatmind.com/zh/personality/entj-t,zh,mbti_personality_detail,RENDERED,true,4,30,4,12,false,false,false,false,1,1,0.0005151570592240466,0.0009644729937801754,
https://fermatmind.com/zh/personality/entj-vs-intj,https://fermatmind.com/zh/personality/entj-vs-intj,zh,mbti_personality_detail,RENDERED,true,11,30,11,9,false,false,false,false,1,1,0.0006284655462531353,0.0016474561826554741,
https://fermatmind.com/zh/personality/entp,https://fermatmind.com/zh/personality/entp,zh,mbti_personality_detail,RENDERED,true,2,27,2,6,false,false,false,false,2,2,0.00029363567461689245,0.0004028724615843072,
https://fermatmind.com/zh/personality/entp-a,https://fermatmind.com/zh/personality/entp-a,zh,mbti_personality_detail,RENDERED,true,7,30,7,12,false,false,false,false,1,1,0.0006099328198689941,0.0015290146967843416,
https://fermatmind.com/zh/personality/entp-a-vs-entp-t,https://fermatmind.com/zh/personality/entp-a-vs-entp-t,zh,mbti_personality_detail,RENDERED,true,6,28,6,7,false,false,false,false,1,1,0.0005442881389818712,0.0011380463231954905,
https://fermatmind.com/zh/personality/entp-t,https://fermatmind.com/zh/personality/entp-t,zh,mbti_personality_detail,RENDERED,true,4,30,4,12,false,false,false,false,1,1,0.0005146049918116866,0.0009497791347519354,
https://fermatmind.com/zh/personality/esfj,https://fermatmind.com/zh/personality/esfj,zh,mbti_personality_detail,RENDERED,true,1,27,1,6,false,false,false,false,UNREACHABLE_OR_UNCRAWLED,UNREACHABLE_OR_UNCRAWLED,0.0002800645877345542,0.0003463853114546068,
https://fermatmind.com/zh/personality/esfj-a,https://fermatmind.com/zh/personality/esfj-a,zh,mbti_personality_detail,RENDERED,true,7,30,7,12,false,false,false,false,1,1,0.000612400729876015,0.0015941821657534832,
https://fermatmind.com/zh/personality/esfj-a-vs-esfj-t,https://fermatmind.com/zh/personality/esfj-a-vs-esfj-t,zh,mbti_personality_detail,RENDERED,true,5,28,5,7,false,false,false,false,1,1,0.0005307640764971114,0.0010848473497710694,
https://fermatmind.com/zh/personality/esfj-t,https://fermatmind.com/zh/personality/esfj-t,zh,mbti_personality_detail,RENDERED,true,4,30,4,12,false,false,false,false,1,1,0.0005142544314892237,0.0009477947260150914,
https://fermatmind.com/zh/personality/esfp,https://fermatmind.com/zh/personality/esfp,zh,mbti_personality_detail,RENDERED,true,1,27,1,6,false,false,false,false,UNREACHABLE_OR_UNCRAWLED,UNREACHABLE_OR_UNCRAWLED,0.0002800645877345542,0.0003463853114546068,
https://fermatmind.com/zh/personality/esfp-a,https://fermatmind.com/zh/personality/esfp-a,zh,mbti_personality_detail,RENDERED,true,6,30,6,12,false,false,false,false,1,1,0.0005959288855714561,0.0014661498380274718,
https://fermatmind.com/zh/personality/esfp-a-vs-esfp-t,https://fermatmind.com/zh/personality/esfp-a-vs-esfp-t,zh,mbti_personality_detail,RENDERED,true,5,28,5,7,false,false,false,false,1,1,0.0005298290011540065,0.0010646818697461933,
https://fermatmind.com/zh/personality/esfp-t,https://fermatmind.com/zh/personality/esfp-t,zh,mbti_personality_detail,RENDERED,true,4,30,4,12,false,false,false,false,1,1,0.0005137449064761169,0.0009353990804197556,
https://fermatmind.com/zh/personality/estj,https://fermatmind.com/zh/personality/estj,zh,mbti_personality_detail,RENDERED,true,2,27,2,6,false,false,false,false,2,2,0.00029363567461689245,0.0004028724615843072,
https://fermatmind.com/zh/personality/estj-a,https://fermatmind.com/zh/personality/estj-a,zh,mbti_personality_detail,RENDERED,true,7,30,7,12,false,false,false,false,1,1,0.0006099186278732697,0.0015276880494518353,
https://fermatmind.com/zh/personality/estj-a-vs-estj-t,https://fermatmind.com/zh/personality/estj-a-vs-estj-t,zh,mbti_personality_detail,RENDERED,true,6,28,6,7,false,false,false,false,1,1,0.000543847129671593,0.00112866874633009,
https://fermatmind.com/zh/personality/estj-t,https://fermatmind.com/zh/personality/estj-t,zh,mbti_personality_detail,RENDERED,true,4,30,4,12,false,false,false,false,1,1,0.0005145907998159621,0.0009484524874194293,
https://fermatmind.com/zh/personality/estj-vs-entj,https://fermatmind.com/zh/personality/estj-vs-entj,zh,mbti_personality_detail,RENDERED,true,2,31,2,12,false,false,false,false,1,1,0.000479363903318848,0.0006844913953199214,
https://fermatmind.com/zh/personality/estp,https://fermatmind.com/zh/personality/estp,zh,mbti_personality_detail,RENDERED,true,1,27,1,6,false,false,false,false,UNREACHABLE_OR_UNCRAWLED,UNREACHABLE_OR_UNCRAWLED,0.0002800645877345542,0.0003463853114546068,
https://fermatmind.com/zh/personality/estp-a,https://fermatmind.com/zh/personality/estp-a,zh,mbti_personality_detail,RENDERED,true,6,30,6,12,false,false,false,false,1,1,0.0005959288855714561,0.0014661498380274718,
https://fermatmind.com/zh/personality/estp-a-vs-estp-t,https://fermatmind.com/zh/personality/estp-a-vs-estp-t,zh,mbti_personality_detail,RENDERED,true,5,28,5,7,false,false,false,false,1,1,0.0005298290011540065,0.0010646818697461933,
https://fermatmind.com/zh/personality/estp-t,https://fermatmind.com/zh/personality/estp-t,zh,mbti_personality_detail,RENDERED,true,4,30,4,12,false,false,false,false,1,1,0.0005137449064761169,0.0009353990804197556,
https://fermatmind.com/zh/personality/infj,https://fermatmind.com/zh/personality/infj,zh,mbti_personality_detail,RENDERED,true,2,27,2,6,false,false,false,false,2,2,0.0002997727836600334,0.0005484656110584477,
https://fermatmind.com/zh/personality/infj-a,https://fermatmind.com/zh/personality/infj-a,zh,mbti_personality_detail,RENDERED,true,7,30,7,12,false,false,false,false,1,1,0.0006156237597093049,0.0016579116036614487,
https://fermatmind.com/zh/personality/infj-a-vs-infj-t,https://fermatmind.com/zh/personality/infj-a-vs-infj-t,zh,mbti_personality_detail,RENDERED,true,5,28,5,7,false,false,false,false,1,1,0.0005308797657197462,0.00109292447397122,
https://fermatmind.com/zh/personality/infj-t,https://fermatmind.com/zh/personality/infj-t,zh,mbti_personality_detail,RENDERED,true,4,30,4,12,false,false,false,false,1,1,0.000514352027893548,0.0009537085858055221,
https://fermatmind.com/zh/personality/infj-vs-infp,https://fermatmind.com/zh/personality/infj-vs-infp,zh,mbti_personality_detail,RENDERED,true,14,30,14,9,false,false,false,false,1,1,0.0006736853901323963,0.0018365535030825193,
https://fermatmind.com/zh/personality/infp,https://fermatmind.com/zh/personality/infp,zh,mbti_personality_detail,RENDERED,true,3,27,3,6,false,false,false,false,2,2,0.00031334387054237175,0.0006049527611881481,
https://fermatmind.com/zh/personality/infp-a,https://fermatmind.com/zh/personality/infp-a,zh,mbti_personality_detail,RENDERED,true,8,30,8,12,false,false,false,false,1,1,0.0006295988673202484,0.001717974637356003,
https://fermatmind.com/zh/personality/infp-a-vs-infp-t,https://fermatmind.com/zh/personality/infp-a-vs-infp-t,zh,mbti_personality_detail,RENDERED,true,6,28,6,7,false,false,false,false,1,1,0.0005444431283924123,0.0011464838674807374,
https://fermatmind.com/zh/personality/infp-t,https://fermatmind.com/zh/personality/infp-t,zh,mbti_personality_detail,RENDERED,true,4,30,4,12,false,false,false,false,1,1,0.000515183286542523,0.0009652868150753866,
https://fermatmind.com/zh/personality/intj,https://fermatmind.com/zh/personality/intj,zh,mbti_personality_detail,RENDERED,true,4,27,4,6,false,false,false,false,2,2,0.00035044622452887984,0.0009491237594725086,
https://fermatmind.com/zh/personality/intj-a,https://fermatmind.com/zh/personality/intj-a,zh,mbti_personality_detail,RENDERED,true,8,30,8,12,false,false,false,false,1,1,0.0006317062847623685,0.0018009896647508338,
https://fermatmind.com/zh/personality/intj-a-vs-intj-t,https://fermatmind.com/zh/personality/intj-a-vs-intj-t,zh,mbti_personality_detail,RENDERED,true,5,28,5,7,false,false,false,false,1,1,0.0005314333857451526,0.0011230857670703578,
https://fermatmind.com/zh/personality/intj-t,https://fermatmind.com/zh/personality/intj-t,zh,mbti_personality_detail,RENDERED,true,4,30,4,12,false,false,false,false,1,1,0.0005148382829865531,0.000968557521665916,
https://fermatmind.com/zh/personality/intj-vs-intp,https://fermatmind.com/zh/personality/intj-vs-intp,zh,mbti_personality_detail,RENDERED,true,8,30,8,9,false,false,false,false,1,1,0.0005956764307048526,0.0015468176027299456,
https://fermatmind.com/zh/personality/intp,https://fermatmind.com/zh/personality/intp,zh,mbti_personality_detail,RENDERED,true,2,27,2,6,false,false,false,false,2,2,0.0002974906859941799,0.0005165852868446762,
https://fermatmind.com/zh/personality/intp-a,https://fermatmind.com/zh/personality/intp-a,zh,mbti_personality_detail,RENDERED,true,8,30,8,12,false,false,false,false,1,1,0.0011535030210317236,0.0037439234203413725,
https://fermatmind.com/zh/personality/intp-a-vs-intp-t,https://fermatmind.com/zh/personality/intp-a-vs-intp-t,zh,mbti_personality_detail,RENDERED,true,5,28,5,7,false,false,false,false,1,1,0.0005466622085185714,0.0012725856686874376,
https://fermatmind.com/zh/personality/intp-t,https://fermatmind.com/zh/personality/intp-t,zh,mbti_personality_detail,RENDERED,true,4,30,4,12,false,false,false,false,1,1,0.0005305294093084507,0.0011362109789707447,
https://fermatmind.com/zh/personality/isfj,https://fermatmind.com/zh/personality/isfj,zh,mbti_personality_detail,RENDERED,true,2,27,2,6,false,false,false,false,2,2,0.000296545758704696,0.00048110765734978543,
https://fermatmind.com/zh/personality/isfj-a,https://fermatmind.com/zh/personality/isfj-a,zh,mbti_personality_detail,RENDERED,true,7,30,7,12,false,false,false,false,1,1,0.0006123870962311594,0.0015931608858608998,
https://fermatmind.com/zh/personality/isfj-a-vs-isfj-t,https://fermatmind.com/zh/personality/isfj-a-vs-isfj-t,zh,mbti_personality_detail,RENDERED,true,5,28,5,7,false,false,false,false,1,1,0.0005303404176663833,0.001077628302020222,
https://fermatmind.com/zh/personality/isfj-t,https://fermatmind.com/zh/personality/isfj-t,zh,mbti_personality_detail,RENDERED,true,4,30,4,12,false,false,false,false,1,1,0.0005142407978443681,0.0009467734461225079,
https://fermatmind.com/zh/personality/isfp,https://fermatmind.com/zh/personality/isfp,zh,mbti_personality_detail,RENDERED,true,2,27,2,6,false,false,false,false,2,2,0.00029363567461689245,0.0004028724615843072,
https://fermatmind.com/zh/personality/isfp-a,https://fermatmind.com/zh/personality/isfp-a,zh,mbti_personality_detail,RENDERED,true,9,30,9,12,false,false,false,false,1,1,0.0006475605725307778,0.0018430106846365852,
https://fermatmind.com/zh/personality/isfp-a-vs-isfp-t,https://fermatmind.com/zh/personality/isfp-a-vs-isfp-t,zh,mbti_personality_detail,RENDERED,true,6,28,6,7,false,false,false,false,1,1,0.0005449835855099049,0.0011570820057950665,
https://fermatmind.com/zh/personality/isfp-t,https://fermatmind.com/zh/personality/isfp-t,zh,mbti_personality_detail,RENDERED,true,4,30,4,12,false,false,false,false,1,1,0.0005157239263863195,0.0009762037320615854,
https://fermatmind.com/zh/personality/isfp-vs-infp,https://fermatmind.com/zh/personality/isfp-vs-infp,zh,mbti_personality_detail,RENDERED,true,2,31,2,12,false,false,false,false,1,1,0.000479363903318848,0.0006844913953199214,
https://fermatmind.com/zh/personality/istj,https://fermatmind.com/zh/personality/istj,zh,mbti_personality_detail,RENDERED,true,2,27,2,6,false,false,false,false,2,2,0.000296545758704696,0.00048110765734978543,
https://fermatmind.com/zh/personality/istj-a,https://fermatmind.com/zh/personality/istj-a,zh,mbti_personality_detail,RENDERED,true,7,30,7,12,false,false,false,false,1,1,0.0006123870962311594,0.0015931608858608998,
https://fermatmind.com/zh/personality/istj-a-vs-istj-t,https://fermatmind.com/zh/personality/istj-a-vs-istj-t,zh,mbti_personality_detail,RENDERED,true,5,28,5,7,false,false,false,false,1,1,0.0005303404176663833,0.0010776283020202217,
https://fermatmind.com/zh/personality/istj-t,https://fermatmind.com/zh/personality/istj-t,zh,mbti_personality_detail,RENDERED,true,4,30,4,12,false,false,false,false,1,1,0.0005142407978443681,0.0009467734461225079,
https://fermatmind.com/zh/personality/istj-vs-isfj,https://fermatmind.com/zh/personality/istj-vs-isfj,zh,mbti_personality_detail,RENDERED,true,7,30,7,9,false,false,false,false,1,1,0.0005633759749924321,0.001224388497223069,
https://fermatmind.com/zh/personality/istp,https://fermatmind.com/zh/personality/istp,zh,mbti_personality_detail,RENDERED,true,1,27,1,6,false,false,false,false,UNREACHABLE_OR_UNCRAWLED,UNREACHABLE_OR_UNCRAWLED,0.0002800645877345542,0.0003463853114546068,
https://fermatmind.com/zh/personality/istp-a,https://fermatmind.com/zh/personality/istp-a,zh,mbti_personality_detail,RENDERED,true,7,30,7,12,false,false,false,false,1,1,0.0006148611305905798,0.0016110937677249904,
https://fermatmind.com/zh/personality/istp-a-vs-istp-t,https://fermatmind.com/zh/personality/istp-a-vs-istp-t,zh,mbti_personality_detail,RENDERED,true,5,28,5,7,false,false,false,false,1,1,0.0005308737465003242,0.0010902992378803717,
https://fermatmind.com/zh/personality/istp-t,https://fermatmind.com/zh/personality/istp-t,zh,mbti_personality_detail,RENDERED,true,4,30,4,12,false,false,false,false,1,1,0.000514329601940202,0.0009497964331308557,
https://fermatmind.com/zh/policies,https://fermatmind.com/zh/policies,zh,content_page,RENDERED,true,321,24,5,7,false,false,false,false,1,3,0.01849101648557517,0.0050728120355881725,
https://fermatmind.com/zh/privacy,https://fermatmind.com/zh/privacy,zh,content_page,RENDERED,true,321,24,6,4,false,false,false,false,1,3,0.01849101648557517,0.005460963700064132,
https://fermatmind.com/zh/support,https://fermatmind.com/zh/support,zh,content_page,RENDERED,true,321,24,1,2,false,false,false,false,1,4,0.01849101648557517,0.0009132982216391039,
https://fermatmind.com/zh/terms,https://fermatmind.com/zh/terms,zh,content_page,RENDERED,true,321,24,5,4,false,false,false,false,1,3,0.01849101648557517,0.0050728120355881725,
https://fermatmind.com/zh/tests,https://fermatmind.com/zh/tests,zh,assessment_hub,RENDERED,true,316,24,3,6,false,false,false,false,0,0,0.01835033550632561,0.0006464897848498154,
https://fermatmind.com/zh/tests/big-five-personality-test-ocean-model,https://fermatmind.com/zh/tests/big-five-personality-test-ocean-model,zh,assessment_landing,RENDERED,true,321,27,149,3,false,false,false,false,1,1,0.01849101648557517,0.019812497710478265,
https://fermatmind.com/zh/tests/category/career,https://fermatmind.com/zh/tests/category/career,zh,assessment_landing,RENDERED,true,0,27,0,9,true,true,true,false,UNREACHABLE_OR_UNCRAWLED,UNREACHABLE_OR_UNCRAWLED,0.00027124773960217005,0.000297314058944717,
https://fermatmind.com/zh/tests/category/personality,https://fermatmind.com/zh/tests/category/personality,zh,assessment_landing,RENDERED,true,0,27,0,8,true,true,true,false,UNREACHABLE_OR_UNCRAWLED,UNREACHABLE_OR_UNCRAWLED,0.00027124773960217005,0.000297314058944717,
https://fermatmind.com/zh/tests/enneagram-personality-test-nine-types,https://fermatmind.com/zh/tests/enneagram-personality-test-nine-types,zh,assessment_landing,RENDERED,true,321,26,63,2,false,false,false,false,1,1,0.01849101648557517,0.009247157994874144,
https://fermatmind.com/zh/tests/eq-test-emotional-intelligence-assessment,https://fermatmind.com/zh/tests/eq-test-emotional-intelligence-assessment,zh,assessment_landing,RENDERED,true,321,24,8,0,false,false,false,false,1,1,0.01849101648557517,0.0035057269697995755,
https://fermatmind.com/zh/tests/holland-career-interest-test-riasec,https://fermatmind.com/zh/tests/holland-career-interest-test-riasec,zh,assessment_landing,RENDERED,true,321,27,59,3,false,false,false,false,1,1,0.01849101648557517,0.011609987793064906,
https://fermatmind.com/zh/tests/iq-test-intelligence-quotient-assessment,https://fermatmind.com/zh/tests/iq-test-intelligence-quotient-assessment,zh,assessment_landing,RENDERED,true,321,24,7,0,false,false,false,false,1,1,0.01849101648557517,0.0033797375869932347,
https://fermatmind.com/zh/tests/mbti-personality-test-16-personality-types,https://fermatmind.com/zh/tests/mbti-personality-test-16-personality-types,zh,assessment_landing,RENDERED,true,321,30,112,8,false,false,false,false,1,1,0.01849101648557517,0.01817292825629266,
https://fermatmind.com/zh/topics,https://fermatmind.com/zh/topics,zh,topic_hub,RENDERED,true,321,27,72,8,false,false,false,false,1,2,0.01849101648557517,0.01696015675388804,
https://fermatmind.com/zh/topics/big-five,https://fermatmind.com/zh/topics/big-five,zh,topic_detail,RENDERED,true,43,24,43,4,false,false,false,false,2,2,0.001336778608978633,0.006562389265638585,
https://fermatmind.com/zh/topics/iq-eq,https://fermatmind.com/zh/topics/iq-eq,zh,topic_detail,RENDERED,true,1,25,1,6,false,false,false,false,2,3,0.0008533723326665736,0.002099330388132042,
https://fermatmind.com/zh/topics/mbti,https://fermatmind.com/zh/topics/mbti,zh,topic_detail,RENDERED,true,51,53,51,33,false,false,false,false,2,2,0.0020876946866812233,0.008373037822758734,
