original_url,normalized_canonical,locale,surface,entity_identity,source,http_status,render_status,robots,indexability,sitemap_membership,llms_membership,authority_source,captured_at,failure_kind
https://fermatmind.com/,https://fermatmind.com/,none,homepage,/,live_sitemap|backend_sitemap_source,200,RENDERED,"index, follow",indexable_observed,true,true,backend_sitemap_source,2026-08-10T04:05:15.521Z,
https://fermatmind.com/en,https://fermatmind.com/en,en,homepage,/en,live_sitemap|backend_sitemap_source,200,RENDERED,"index, follow",indexable_observed,true,true,backend_sitemap_source,2026-08-10T04:05:15.522Z,
https://fermatmind.com/en/about,https://fermatmind.com/en/about,en,content_page,/en/about,live_sitemap|backend_sitemap_source,200,RENDERED,"index, follow",indexable_observed,true,true,backend_sitemap_source,2026-08-10T04:05:19.762Z,
https://fermatmind.com/en/articles,https://fermatmind.com/en/articles,en,article_hub,/en/articles,live_sitemap|backend_sitemap_source,200,RENDERED,"index, follow",indexable_observed,true,false,backend_sitemap_source,2026-08-10T04:05:20.173Z,
https://fermatmind.com/en/articles/are-infj-men-rare-or-socially-silenced,https://fermatmind.com/en/articles/are-infj-men-rare-or-socially-silenced,en,article_detail,/en/articles/are-infj-men-rare-or-socially-silenced,live_sitemap|backend_sitemap_source,200,RENDERED,"index, follow",indexable_observed,true,true,backend_sitemap_source,2026-08-10T04:05:24.798Z,
https://fermatmind.com/en/articles/best-valentines-date-by-personality-and-relationship-science,https://fermatmind.com/en/articles/best-valentines-date-by-personality-and-relationship-science,en,article_detail,/en/articles/best-valentines-date-by-personality-and-relationship-science,live_sitemap|backend_sitemap_source,200,RENDERED,"index, follow",indexable_observed,true,true,backend_sitemap_source,2026-08-10T04:05:25.402Z,
https://fermatmind.com/en/articles/big-five-conscientiousness-low-procrastination-task-plan,https://fermatmind.com/en/articles/big-five-conscientiousness-low-procrastination-task-plan,en,article_detail,/en/articles/big-five-conscientiousness-low-procrastination-task-plan,live_sitemap|backend_sitemap_source,200,RENDERED,"index, follow",indexable_observed,true,true,backend_sitemap_source,2026-08-10T04:05:29.813Z,
https://fermatmind.com/en/articles/big-five-emotional-stability-stress-recovery-communication,https://fermatmind.com/en/articles/big-five-emotional-stability-stress-recovery-communication,en,article_detail,/en/articles/big-five-emotional-stability-stress-recovery-communication,live_sitemap|backend_sitemap_source,200,RENDERED,"index, follow",indexable_observed,true,true,backend_sitemap_source,2026-08-10T04:05:30.386Z,
https://fermatmind.com/en/articles/big-five-personality-test-vs-mbti,https://fermatmind.com/en/articles/big-five-personality-test-vs-mbti,en,article_detail,/en/articles/big-five-personality-test-vs-mbti,live_sitemap|backend_sitemap_source,200,RENDERED,"index, follow",indexable_observed,true,true,backend_sitemap_source,2026-08-10T04:05:35.744Z,
https://fermatmind.com/en/articles/career-interest-test-vs-personality-test,https://fermatmind.com/en/articles/career-interest-test-vs-personality-test,en,article_detail,/en/articles/career-interest-test-vs-personality-test,live_sitemap|backend_sitemap_source,200,RENDERED,"index, follow",indexable_observed,true,true,backend_sitemap_source,2026-08-10T04:05:36.289Z,
https://fermatmind.com/en/articles/childhood-dream-job-still-shapes-career-choice,https://fermatmind.com/en/articles/childhood-dream-job-still-shapes-career-choice,en,article_detail,/en/articles/childhood-dream-job-still-shapes-career-choice,live_sitemap|backend_sitemap_source,200,RENDERED,"index, follow",indexable_observed,true,true,backend_sitemap_source,2026-08-10T04:05:40.445Z,
https://fermatmind.com/en/articles/choose-career-using-personality-tests,https://fermatmind.com/en/articles/choose-career-using-personality-tests,en,article_detail,/en/articles/choose-career-using-personality-tests,live_sitemap|backend_sitemap_source,200,RENDERED,"index, follow",indexable_observed,true,true,backend_sitemap_source,2026-08-10T04:05:41.294Z,
https://fermatmind.com/en/articles/enneagram-workplace-friction-core-motivations,https://fermatmind.com/en/articles/enneagram-workplace-friction-core-motivations,en,article_detail,/en/articles/enneagram-workplace-friction-core-motivations,live_sitemap|backend_sitemap_source,200,RENDERED,"index, follow",indexable_observed,true,true,backend_sitemap_source,2026-08-10T04:05:45.722Z,
https://fermatmind.com/en/articles/holland-career-interest-test-can-and-cannot-tell-you,https://fermatmind.com/en/articles/holland-career-interest-test-can-and-cannot-tell-you,en,article_detail,/en/articles/holland-career-interest-test-can-and-cannot-tell-you,live_sitemap|backend_sitemap_source,200,RENDERED,"index, follow",indexable_observed,true,true,backend_sitemap_source,2026-08-10T04:05:46.547Z,
https://fermatmind.com/en/articles/hot-major-fit-riasec-course-career-checklist,https://fermatmind.com/en/articles/hot-major-fit-riasec-course-career-checklist,en,article_detail,/en/articles/hot-major-fit-riasec-course-career-checklist,live_sitemap|backend_sitemap_source,200,RENDERED,"index, follow",indexable_observed,true,true,backend_sitemap_source,2026-08-10T04:05:49.994Z,
https://fermatmind.com/en/articles/how-16-personality-types-talk-to-an-ai-coach,https://fermatmind.com/en/articles/how-16-personality-types-talk-to-an-ai-coach,en,article_detail,/en/articles/how-16-personality-types-talk-to-an-ai-coach,live_sitemap|backend_sitemap_source,200,RENDERED,"index, follow",indexable_observed,true,true,backend_sitemap_source,2026-08-10T04:05:50.384Z,
https://fermatmind.com/en/articles/how-personality-shapes-attitude-toward-ai,https://fermatmind.com/en/articles/how-personality-shapes-attitude-toward-ai,en,article_detail,/en/articles/how-personality-shapes-attitude-toward-ai,live_sitemap|backend_sitemap_source,200,RENDERED,"index, follow",indexable_observed,true,true,backend_sitemap_source,2026-08-10T04:05:53.985Z,
https://fermatmind.com/en/articles/major-career-mismatch-job-search-skills-plan,https://fermatmind.com/en/articles/major-career-mismatch-job-search-skills-plan,en,article_detail,/en/articles/major-career-mismatch-job-search-skills-plan,live_sitemap|backend_sitemap_source,200,RENDERED,"index, follow",indexable_observed,true,true,backend_sitemap_source,2026-08-10T04:05:54.530Z,
https://fermatmind.com/en/articles/major-category-program-tracking-riasec-choice-checklist,https://fermatmind.com/en/articles/major-category-program-tracking-riasec-choice-checklist,en,article_detail,/en/articles/major-category-program-tracking-riasec-choice-checklist,live_sitemap|backend_sitemap_source,200,RENDERED,"index, follow",indexable_observed,true,true,backend_sitemap_source,2026-08-10T04:05:58.309Z,
https://fermatmind.com/en/articles/mbti-full-report-career-relationship-communication,https://fermatmind.com/en/articles/mbti-full-report-career-relationship-communication,en,article_detail,/en/articles/mbti-full-report-career-relationship-communication,live_sitemap|backend_sitemap_source,200,RENDERED,"index, follow",indexable_observed,true,true,backend_sitemap_source,2026-08-10T04:05:59.220Z,
https://fermatmind.com/en/articles/mbti-personality-test-science-vs-pseudoscience,https://fermatmind.com/en/articles/mbti-personality-test-science-vs-pseudoscience,en,article_detail,/en/articles/mbti-personality-test-science-vs-pseudoscience,live_sitemap|backend_sitemap_source,200,RENDERED,"index, follow",indexable_observed,true,true,backend_sitemap_source,2026-08-10T04:06:03.009Z,
https://fermatmind.com/en/articles/mbti-vs-holland-code-career-choice,https://fermatmind.com/en/articles/mbti-vs-holland-code-career-choice,en,article_detail,/en/articles/mbti-vs-holland-code-career-choice,live_sitemap|backend_sitemap_source,200,RENDERED,"index, follow",indexable_observed,true,true,backend_sitemap_source,2026-08-10T04:06:03.465Z,
https://fermatmind.com/en/articles/unwanted-major-adjustment-riasec-transfer-plan,https://fermatmind.com/en/articles/unwanted-major-adjustment-riasec-transfer-plan,en,article_detail,/en/articles/unwanted-major-adjustment-riasec-transfer-plan,live_sitemap|backend_sitemap_source,200,RENDERED,"index, follow",indexable_observed,true,true,backend_sitemap_source,2026-08-10T04:06:07.927Z,
https://fermatmind.com/en/articles/unwanted-major-repeat-or-stay-riasec-decision-checklist,https://fermatmind.com/en/articles/unwanted-major-repeat-or-stay-riasec-decision-checklist,en,article_detail,/en/articles/unwanted-major-repeat-or-stay-riasec-decision-checklist,live_sitemap|backend_sitemap_source,200,RENDERED,"index, follow",indexable_observed,true,true,backend_sitemap_source,2026-08-10T04:06:08.404Z,
https://fermatmind.com/en/articles/what-is-riasec-holland-code-career-interest-test,https://fermatmind.com/en/articles/what-is-riasec-holland-code-career-interest-test,en,article_detail,/en/articles/what-is-riasec-holland-code-career-interest-test,live_sitemap|backend_sitemap_source,200,RENDERED,"index, follow",indexable_observed,true,true,backend_sitemap_source,2026-08-10T04:20:45.380Z,
https://fermatmind.com/en/articles/which-love-script-fits-you-best,https://fermatmind.com/en/articles/which-love-script-fits-you-best,en,article_detail,/en/articles/which-love-script-fits-you-best,live_sitemap|backend_sitemap_source,200,RENDERED,"index, follow",indexable_observed,true,true,backend_sitemap_source,2026-08-10T04:20:45.381Z,
https://fermatmind.com/en/brand,https://fermatmind.com/en/brand,en,content_page,/en/brand,live_sitemap|backend_sitemap_source,200,RENDERED,"index, follow",indexable_observed,true,true,backend_sitemap_source,2026-08-10T04:20:58.288Z,
https://fermatmind.com/en/business,https://fermatmind.com/en/business,en,content_page,/en/business,live_sitemap|backend_sitemap_source,200,RENDERED,"index, follow",indexable_observed,true,false,backend_sitemap_source,2026-08-10T04:20:59.939Z,
https://fermatmind.com/en/career,https://fermatmind.com/en/career,en,career_hub,/en/career,live_sitemap|backend_sitemap_source,200,RENDERED,"index, follow",indexable_observed,true,true,backend_sitemap_source,2026-08-10T04:21:13.014Z,
https://fermatmind.com/en/career/guides,https://fermatmind.com/en/career/guides,en,career_guide_hub,/en/career/guides,live_sitemap|backend_sitemap_source,200,RENDERED,"index, follow",indexable_observed,true,false,backend_sitemap_source,2026-08-10T04:21:13.860Z,
https://fermatmind.com/en/career/recommendations,https://fermatmind.com/en/career/recommendations,en,career_recommendation,/en/career/recommendations,live_sitemap|backend_sitemap_source,200,RENDERED,"index, follow",indexable_observed,true,false,backend_sitemap_source,2026-08-10T04:21:17.313Z,
https://fermatmind.com/en/career/tests,https://fermatmind.com/en/career/tests,en,career_other,/en/career/tests,live_sitemap|backend_sitemap_source,200,RENDERED,"index, follow",indexable_observed,true,true,backend_sitemap_source,2026-08-10T04:21:18.044Z,
https://fermatmind.com/en/careers,https://fermatmind.com/en/careers,en,content_page,/en/careers,live_sitemap|backend_sitemap_source,200,RENDERED,"index, follow",indexable_observed,true,true,backend_sitemap_source,2026-08-10T04:21:22.742Z,
https://fermatmind.com/en/charter,https://fermatmind.com/en/charter,en,content_page,/en/charter,live_sitemap|backend_sitemap_source,200,RENDERED,"index, follow",indexable_observed,true,true,backend_sitemap_source,2026-08-10T04:21:23.651Z,
https://fermatmind.com/en/common-misconceptions,https://fermatmind.com/en/common-misconceptions,en,content_page,/en/common-misconceptions,live_sitemap|backend_sitemap_source,200,RENDERED,"index, follow",indexable_observed,true,true,backend_sitemap_source,2026-08-10T04:21:27.657Z,
https://fermatmind.com/en/data-privacy,https://fermatmind.com/en/data-privacy,en,content_page,/en/data-privacy,live_sitemap|backend_sitemap_source,200,RENDERED,"index, follow",indexable_observed,true,true,backend_sitemap_source,2026-08-10T04:21:28.712Z,
https://fermatmind.com/en/foundation,https://fermatmind.com/en/foundation,en,content_page,/en/foundation,live_sitemap|backend_sitemap_source,200,RENDERED,"index, follow",indexable_observed,true,true,backend_sitemap_source,2026-08-10T04:21:32.357Z,
https://fermatmind.com/en/item-design-notes,https://fermatmind.com/en/item-design-notes,en,content_page,/en/item-design-notes,live_sitemap|backend_sitemap_source,200,RENDERED,"index, follow",indexable_observed,true,true,backend_sitemap_source,2026-08-10T04:21:32.559Z,
https://fermatmind.com/en/method-boundaries,https://fermatmind.com/en/method-boundaries,en,content_page,/en/method-boundaries,live_sitemap|backend_sitemap_source,200,RENDERED,"index, follow",indexable_observed,true,true,backend_sitemap_source,2026-08-10T04:21:35.256Z,
https://fermatmind.com/en/personality,https://fermatmind.com/en/personality,en,personality_hub,/en/personality,live_sitemap|backend_sitemap_source,200,RENDERED,"index, follow",indexable_observed,true,true,backend_sitemap_source,2026-08-10T04:21:36.023Z,
https://fermatmind.com/en/personality/big-five,https://fermatmind.com/en/personality/big-five,en,big_five_hub,/en/personality/big-five,live_sitemap|backend_sitemap_source,200,RENDERED,"index, follow",indexable_observed,true,true,backend_sitemap_source,2026-08-10T04:21:38.285Z,
https://fermatmind.com/en/personality/big-five/agreeableness,https://fermatmind.com/en/personality/big-five/agreeableness,en,big_five_detail,/en/personality/big-five/agreeableness,live_sitemap|backend_sitemap_source,200,RENDERED,"index, follow",indexable_observed,true,true,backend_sitemap_source,2026-08-10T04:21:39.288Z,
https://fermatmind.com/en/personality/big-five/agreeableness-high,https://fermatmind.com/en/personality/big-five/agreeableness-high,en,big_five_detail,/en/personality/big-five/agreeableness-high,live_sitemap|backend_sitemap_source,200,RENDERED,"index, follow",indexable_observed,true,true,backend_sitemap_source,2026-08-10T04:21:42.466Z,
https://fermatmind.com/en/personality/big-five/agreeableness-low,https://fermatmind.com/en/personality/big-five/agreeableness-low,en,big_five_detail,/en/personality/big-five/agreeableness-low,live_sitemap|backend_sitemap_source,200,RENDERED,"index, follow",indexable_observed,true,true,backend_sitemap_source,2026-08-10T04:21:43.156Z,
https://fermatmind.com/en/personality/big-five/agreeableness-mid,https://fermatmind.com/en/personality/big-five/agreeableness-mid,en,big_five_detail,/en/personality/big-five/agreeableness-mid,live_sitemap|backend_sitemap_source,200,RENDERED,"index, follow",indexable_observed,true,true,backend_sitemap_source,2026-08-10T04:21:46.012Z,
https://fermatmind.com/en/personality/big-five/conscientiousness,https://fermatmind.com/en/personality/big-five/conscientiousness,en,big_five_detail,/en/personality/big-five/conscientiousness,live_sitemap|backend_sitemap_source,200,RENDERED,"index, follow",indexable_observed,true,true,backend_sitemap_source,2026-08-10T04:21:46.616Z,
https://fermatmind.com/en/personality/big-five/conscientiousness-high,https://fermatmind.com/en/personality/big-five/conscientiousness-high,en,big_five_detail,/en/personality/big-five/conscientiousness-high,live_sitemap|backend_sitemap_source,200,RENDERED,"index, follow",indexable_observed,true,true,backend_sitemap_source,2026-08-10T04:21:49.785Z,
https://fermatmind.com/en/personality/big-five/conscientiousness-low,https://fermatmind.com/en/personality/big-five/conscientiousness-low,en,big_five_detail,/en/personality/big-five/conscientiousness-low,live_sitemap|backend_sitemap_source,200,RENDERED,"index, follow",indexable_observed,true,true,backend_sitemap_source,2026-08-10T04:21:50.001Z,
https://fermatmind.com/en/personality/big-five/conscientiousness-mid,https://fermatmind.com/en/personality/big-five/conscientiousness-mid,en,big_five_detail,/en/personality/big-five/conscientiousness-mid,live_sitemap|backend_sitemap_source,200,RENDERED,"index, follow",indexable_observed,true,true,backend_sitemap_source,2026-08-10T04:21:53.975Z,
https://fermatmind.com/en/personality/big-five/extraversion,https://fermatmind.com/en/personality/big-five/extraversion,en,big_five_detail,/en/personality/big-five/extraversion,live_sitemap|backend_sitemap_source,200,RENDERED,"index, follow",indexable_observed,true,true,backend_sitemap_source,2026-08-10T04:21:54.604Z,
https://fermatmind.com/en/personality/big-five/extraversion-high,https://fermatmind.com/en/personality/big-five/extraversion-high,en,big_five_detail,/en/personality/big-five/extraversion-high,live_sitemap|backend_sitemap_source,200,RENDERED,"index, follow",indexable_observed,true,true,backend_sitemap_source,2026-08-10T04:22:09.056Z,
https://fermatmind.com/en/personality/big-five/extraversion-low,https://fermatmind.com/en/personality/big-five/extraversion-low,en,big_five_detail,/en/personality/big-five/extraversion-low,live_sitemap|backend_sitemap_source,200,RENDERED,"index, follow",indexable_observed,true,true,backend_sitemap_source,2026-08-10T04:22:10.685Z,
https://fermatmind.com/en/personality/big-five/extraversion-mid,https://fermatmind.com/en/personality/big-five/extraversion-mid,en,big_five_detail,/en/personality/big-five/extraversion-mid,live_sitemap|backend_sitemap_source,200,RENDERED,"index, follow",indexable_observed,true,true,backend_sitemap_source,2026-08-10T04:22:13.975Z,
https://fermatmind.com/en/personality/big-five/facets,https://fermatmind.com/en/personality/big-five/facets,en,big_five_detail,/en/personality/big-five/facets,live_sitemap|backend_sitemap_source,200,RENDERED,"index, follow",indexable_observed,true,true,backend_sitemap_source,2026-08-10T04:22:14.360Z,
https://fermatmind.com/en/personality/big-five/facets/achievement-striving,https://fermatmind.com/en/personality/big-five/facets/achievement-striving,en,big_five_detail,/en/personality/big-five/facets/achievement-striving,live_sitemap|backend_sitemap_source,200,RENDERED,"index, follow",indexable_observed,true,true,backend_sitemap_source,2026-08-10T04:22:18.069Z,
https://fermatmind.com/en/personality/big-five/facets/actions,https://fermatmind.com/en/personality/big-five/facets/actions,en,big_five_detail,/en/personality/big-five/facets/actions,live_sitemap|backend_sitemap_source,200,RENDERED,"index, follow",indexable_observed,true,true,backend_sitemap_source,2026-08-10T04:23:02.091Z,
https://fermatmind.com/en/personality/big-five/facets/activity,https://fermatmind.com/en/personality/big-five/facets/activity,en,big_five_detail,/en/personality/big-five/facets/activity,live_sitemap|backend_sitemap_source,200,RENDERED,"index, follow",indexable_observed,true,true,backend_sitemap_source,2026-08-10T04:22:59.805Z,
https://fermatmind.com/en/personality/big-five/facets/aesthetics,https://fermatmind.com/en/personality/big-five/facets/aesthetics,en,big_five_detail,/en/personality/big-five/facets/aesthetics,live_sitemap|backend_sitemap_source,200,RENDERED,"index, follow",indexable_observed,true,true,backend_sitemap_source,2026-08-10T04:23:09.666Z,
https://fermatmind.com/en/personality/big-five/facets/altruism,https://fermatmind.com/en/personality/big-five/facets/altruism,en,big_five_detail,/en/personality/big-five/facets/altruism,live_sitemap|backend_sitemap_source,200,RENDERED,"index, follow",indexable_observed,true,true,backend_sitemap_source,2026-08-10T04:23:10.144Z,
https://fermatmind.com/en/personality/big-five/facets/anger,https://fermatmind.com/en/personality/big-five/facets/anger,en,big_five_detail,/en/personality/big-five/facets/anger,live_sitemap|backend_sitemap_source,200,RENDERED,"index, follow",indexable_observed,true,true,backend_sitemap_source,2026-08-10T04:23:16.919Z,
https://fermatmind.com/en/personality/big-five/facets/anxiety,https://fermatmind.com/en/personality/big-five/facets/anxiety,en,big_five_detail,/en/personality/big-five/facets/anxiety,live_sitemap|backend_sitemap_source,200,RENDERED,"index, follow",indexable_observed,true,true,backend_sitemap_source,2026-08-10T04:23:18.432Z,
https://fermatmind.com/en/personality/big-five/facets/assertiveness,https://fermatmind.com/en/personality/big-five/facets/assertiveness,en,big_five_detail,/en/personality/big-five/facets/assertiveness,live_sitemap|backend_sitemap_source,200,RENDERED,"index, follow",indexable_observed,true,true,backend_sitemap_source,2026-08-10T04:23:21.058Z,
https://fermatmind.com/en/personality/big-five/facets/competence,https://fermatmind.com/en/personality/big-five/facets/competence,en,big_five_detail,/en/personality/big-five/facets/competence,live_sitemap|backend_sitemap_source,200,RENDERED,"index, follow",indexable_observed,true,true,backend_sitemap_source,2026-08-10T04:23:21.390Z,
https://fermatmind.com/en/personality/big-five/facets/compliance,https://fermatmind.com/en/personality/big-five/facets/compliance,en,big_five_detail,/en/personality/big-five/facets/compliance,live_sitemap|backend_sitemap_source,200,RENDERED,"index, follow",indexable_observed,true,true,backend_sitemap_source,2026-08-10T04:23:24.209Z,
https://fermatmind.com/en/personality/big-five/facets/deliberation,https://fermatmind.com/en/personality/big-five/facets/deliberation,en,big_five_detail,/en/personality/big-five/facets/deliberation,live_sitemap|backend_sitemap_source,200,RENDERED,"index, follow",indexable_observed,true,true,backend_sitemap_source,2026-08-10T04:23:24.643Z,
https://fermatmind.com/en/personality/big-five/facets/depression,https://fermatmind.com/en/personality/big-five/facets/depression,en,big_five_detail,/en/personality/big-five/facets/depression,live_sitemap|backend_sitemap_source,200,RENDERED,"index, follow",indexable_observed,true,true,backend_sitemap_source,2026-08-10T04:23:27.646Z,
https://fermatmind.com/en/personality/big-five/facets/dutifulness,https://fermatmind.com/en/personality/big-five/facets/dutifulness,en,big_five_detail,/en/personality/big-five/facets/dutifulness,live_sitemap|backend_sitemap_source,200,RENDERED,"index, follow",indexable_observed,true,true,backend_sitemap_source,2026-08-10T04:23:28.003Z,
https://fermatmind.com/en/personality/big-five/facets/excitement-seeking,https://fermatmind.com/en/personality/big-five/facets/excitement-seeking,en,big_five_detail,/en/personality/big-five/facets/excitement-seeking,live_sitemap|backend_sitemap_source,200,RENDERED,"index, follow",indexable_observed,true,true,backend_sitemap_source,2026-08-10T04:23:31.017Z,
https://fermatmind.com/en/personality/big-five/facets/feelings,https://fermatmind.com/en/personality/big-five/facets/feelings,en,big_five_detail,/en/personality/big-five/facets/feelings,live_sitemap|backend_sitemap_source,200,RENDERED,"index, follow",indexable_observed,true,true,backend_sitemap_source,2026-08-10T04:23:31.597Z,
https://fermatmind.com/en/personality/big-five/facets/gregariousness,https://fermatmind.com/en/personality/big-five/facets/gregariousness,en,big_five_detail,/en/personality/big-five/facets/gregariousness,live_sitemap|backend_sitemap_source,200,RENDERED,"index, follow",indexable_observed,true,true,backend_sitemap_source,2026-08-10T04:23:34.578Z,
https://fermatmind.com/en/personality/big-five/facets/ideas,https://fermatmind.com/en/personality/big-five/facets/ideas,en,big_five_detail,/en/personality/big-five/facets/ideas,live_sitemap|backend_sitemap_source,200,RENDERED,"index, follow",indexable_observed,true,true,backend_sitemap_source,2026-08-10T04:23:35.793Z,
https://fermatmind.com/en/personality/big-five/facets/imagination,https://fermatmind.com/en/personality/big-five/facets/imagination,en,big_five_detail,/en/personality/big-five/facets/imagination,live_sitemap|backend_sitemap_source,200,RENDERED,"index, follow",indexable_observed,true,true,backend_sitemap_source,2026-08-10T04:23:38.022Z,
https://fermatmind.com/en/personality/big-five/facets/impulsiveness,https://fermatmind.com/en/personality/big-five/facets/impulsiveness,en,big_five_detail,/en/personality/big-five/facets/impulsiveness,live_sitemap|backend_sitemap_source,200,RENDERED,"index, follow",indexable_observed,true,true,backend_sitemap_source,2026-08-10T04:23:40.304Z,
https://fermatmind.com/en/personality/big-five/facets/modesty,https://fermatmind.com/en/personality/big-five/facets/modesty,en,big_five_detail,/en/personality/big-five/facets/modesty,live_sitemap|backend_sitemap_source,200,RENDERED,"index, follow",indexable_observed,true,true,backend_sitemap_source,2026-08-10T04:23:42.165Z,
https://fermatmind.com/en/personality/big-five/facets/order,https://fermatmind.com/en/personality/big-five/facets/order,en,big_five_detail,/en/personality/big-five/facets/order,live_sitemap|backend_sitemap_source,200,RENDERED,"index, follow",indexable_observed,true,true,backend_sitemap_source,2026-08-10T04:47:43.791Z,
https://fermatmind.com/en/personality/big-five/facets/positive-emotions,https://fermatmind.com/en/personality/big-five/facets/positive-emotions,en,big_five_detail,/en/personality/big-five/facets/positive-emotions,live_sitemap|backend_sitemap_source,200,RENDERED,"index, follow",indexable_observed,true,true,backend_sitemap_source,2026-08-10T04:23:44.550Z,
https://fermatmind.com/en/personality/big-five/facets/self-consciousness,https://fermatmind.com/en/personality/big-five/facets/self-consciousness,en,big_five_detail,/en/personality/big-five/facets/self-consciousness,live_sitemap|backend_sitemap_source,200,RENDERED,"index, follow",indexable_observed,true,true,backend_sitemap_source,2026-08-10T04:23:46.255Z,
https://fermatmind.com/en/personality/big-five/facets/self-discipline,https://fermatmind.com/en/personality/big-five/facets/self-discipline,en,big_five_detail,/en/personality/big-five/facets/self-discipline,live_sitemap|backend_sitemap_source,200,RENDERED,"index, follow",indexable_observed,true,true,backend_sitemap_source,2026-08-10T04:23:47.859Z,
https://fermatmind.com/en/personality/big-five/facets/straightforwardness,https://fermatmind.com/en/personality/big-five/facets/straightforwardness,en,big_five_detail,/en/personality/big-five/facets/straightforwardness,live_sitemap|backend_sitemap_source,200,RENDERED,"index, follow",indexable_observed,true,true,backend_sitemap_source,2026-08-10T04:23:49.504Z,
https://fermatmind.com/en/personality/big-five/facets/tender-mindedness,https://fermatmind.com/en/personality/big-five/facets/tender-mindedness,en,big_five_detail,/en/personality/big-five/facets/tender-mindedness,live_sitemap|backend_sitemap_source,200,RENDERED,"index, follow",indexable_observed,true,true,backend_sitemap_source,2026-08-10T04:23:51.192Z,
https://fermatmind.com/en/personality/big-five/facets/trust,https://fermatmind.com/en/personality/big-five/facets/trust,en,big_five_detail,/en/personality/big-five/facets/trust,live_sitemap|backend_sitemap_source,200,RENDERED,"index, follow",indexable_observed,true,true,backend_sitemap_source,2026-08-10T04:23:52.505Z,
https://fermatmind.com/en/personality/big-five/facets/values,https://fermatmind.com/en/personality/big-five/facets/values,en,big_five_detail,/en/personality/big-five/facets/values,live_sitemap|backend_sitemap_source,200,RENDERED,"index, follow",indexable_observed,true,true,backend_sitemap_source,2026-08-10T04:23:56.041Z,
https://fermatmind.com/en/personality/big-five/facets/vulnerability,https://fermatmind.com/en/personality/big-five/facets/vulnerability,en,big_five_detail,/en/personality/big-five/facets/vulnerability,live_sitemap|backend_sitemap_source,200,RENDERED,"index, follow",indexable_observed,true,true,backend_sitemap_source,2026-08-10T04:23:57.132Z,
https://fermatmind.com/en/personality/big-five/facets/warmth,https://fermatmind.com/en/personality/big-five/facets/warmth,en,big_five_detail,/en/personality/big-five/facets/warmth,live_sitemap|backend_sitemap_source,200,RENDERED,"index, follow",indexable_observed,true,true,backend_sitemap_source,2026-08-10T04:24:00.368Z,
https://fermatmind.com/en/personality/big-five/neuroticism,https://fermatmind.com/en/personality/big-five/neuroticism,en,big_five_detail,/en/personality/big-five/neuroticism,live_sitemap|backend_sitemap_source,200,RENDERED,"index, follow",indexable_observed,true,true,backend_sitemap_source,2026-08-10T04:24:01.550Z,
https://fermatmind.com/en/personality/big-five/neuroticism-high,https://fermatmind.com/en/personality/big-five/neuroticism-high,en,big_five_detail,/en/personality/big-five/neuroticism-high,live_sitemap|backend_sitemap_source,200,RENDERED,"index, follow",indexable_observed,true,true,backend_sitemap_source,2026-08-10T04:24:03.989Z,
https://fermatmind.com/en/personality/big-five/neuroticism-low,https://fermatmind.com/en/personality/big-five/neuroticism-low,en,big_five_detail,/en/personality/big-five/neuroticism-low,live_sitemap|backend_sitemap_source,200,RENDERED,"index, follow",indexable_observed,true,true,backend_sitemap_source,2026-08-10T04:24:07.375Z,
https://fermatmind.com/en/personality/big-five/neuroticism-mid,https://fermatmind.com/en/personality/big-five/neuroticism-mid,en,big_five_detail,/en/personality/big-five/neuroticism-mid,live_sitemap|backend_sitemap_source,200,RENDERED,"index, follow",indexable_observed,true,true,backend_sitemap_source,2026-08-10T04:24:08.040Z,
https://fermatmind.com/en/personality/big-five/openness,https://fermatmind.com/en/personality/big-five/openness,en,big_five_detail,/en/personality/big-five/openness,live_sitemap|backend_sitemap_source,200,RENDERED,"index, follow",indexable_observed,true,true,backend_sitemap_source,2026-08-10T04:24:11.277Z,
https://fermatmind.com/en/personality/big-five/openness-high,https://fermatmind.com/en/personality/big-five/openness-high,en,big_five_detail,/en/personality/big-five/openness-high,live_sitemap|backend_sitemap_source,200,RENDERED,"index, follow",indexable_observed,true,true,backend_sitemap_source,2026-08-10T04:24:11.869Z,
https://fermatmind.com/en/personality/big-five/openness-low,https://fermatmind.com/en/personality/big-five/openness-low,en,big_five_detail,/en/personality/big-five/openness-low,live_sitemap|backend_sitemap_source,200,RENDERED,"index, follow",indexable_observed,true,true,backend_sitemap_source,2026-08-10T04:24:15.137Z,
https://fermatmind.com/en/personality/big-five/openness-mid,https://fermatmind.com/en/personality/big-five/openness-mid,en,big_five_detail,/en/personality/big-five/openness-mid,live_sitemap|backend_sitemap_source,200,RENDERED,"index, follow",indexable_observed,true,true,backend_sitemap_source,2026-08-10T04:24:15.512Z,
https://fermatmind.com/en/personality/enfj,https://fermatmind.com/en/personality/enfj,en,mbti_personality_detail,/en/personality/enfj,live_sitemap|backend_sitemap_source,200,RENDERED,"index, follow",indexable_observed,true,false,backend_sitemap_source,2026-08-10T04:24:19.031Z,
https://fermatmind.com/en/personality/enfj-a,https://fermatmind.com/en/personality/enfj-a,en,mbti_personality_detail,/en/personality/enfj-a,live_sitemap|backend_sitemap_source,200,RENDERED,"index, follow",indexable_observed,true,true,backend_sitemap_source,2026-08-10T04:24:20.005Z,
https://fermatmind.com/en/personality/enfj-a-vs-enfj-t,https://fermatmind.com/en/personality/enfj-a-vs-enfj-t,en,mbti_personality_detail,/en/personality/enfj-a-vs-enfj-t,live_sitemap|backend_sitemap_source,200,RENDERED,"index, follow",indexable_observed,true,true,backend_sitemap_source,2026-08-10T04:24:31.334Z,
https://fermatmind.com/en/personality/enfj-t,https://fermatmind.com/en/personality/enfj-t,en,mbti_personality_detail,/en/personality/enfj-t,live_sitemap|backend_sitemap_source,200,RENDERED,"index, follow",indexable_observed,true,true,backend_sitemap_source,2026-08-10T04:24:31.760Z,
https://fermatmind.com/en/personality/enfp,https://fermatmind.com/en/personality/enfp,en,mbti_personality_detail,/en/personality/enfp,live_sitemap|backend_sitemap_source,200,RENDERED,"index, follow",indexable_observed,true,false,backend_sitemap_source,2026-08-10T04:24:36.574Z,
https://fermatmind.com/en/personality/enfp-a,https://fermatmind.com/en/personality/enfp-a,en,mbti_personality_detail,/en/personality/enfp-a,live_sitemap|backend_sitemap_source,200,RENDERED,"index, follow",indexable_observed,true,true,backend_sitemap_source,2026-08-10T04:24:37.429Z,
https://fermatmind.com/en/personality/enfp-a-vs-enfp-t,https://fermatmind.com/en/personality/enfp-a-vs-enfp-t,en,mbti_personality_detail,/en/personality/enfp-a-vs-enfp-t,live_sitemap|backend_sitemap_source,200,RENDERED,"index, follow",indexable_observed,true,true,backend_sitemap_source,2026-08-10T04:24:41.751Z,
https://fermatmind.com/en/personality/enfp-t,https://fermatmind.com/en/personality/enfp-t,en,mbti_personality_detail,/en/personality/enfp-t,live_sitemap|backend_sitemap_source,200,RENDERED,"index, follow",indexable_observed,true,true,backend_sitemap_source,2026-08-10T04:24:42.717Z,
https://fermatmind.com/en/personality/enneagram,https://fermatmind.com/en/personality/enneagram,en,enneagram_hub,/en/personality/enneagram,live_sitemap|backend_sitemap_source,200,RENDERED,"index, follow",indexable_observed,true,true,backend_sitemap_source,2026-08-10T04:24:47.704Z,
https://fermatmind.com/en/personality/enneagram/centers/gut,https://fermatmind.com/en/personality/enneagram/centers/gut,en,enneagram_detail,/en/personality/enneagram/centers/gut,live_sitemap|backend_sitemap_source,200,RENDERED,"index, follow",indexable_observed,true,true,backend_sitemap_source,2026-08-10T04:24:48.541Z,
https://fermatmind.com/en/personality/enneagram/centers/head,https://fermatmind.com/en/personality/enneagram/centers/head,en,enneagram_detail,/en/personality/enneagram/centers/head,live_sitemap|backend_sitemap_source,200,RENDERED,"index, follow",indexable_observed,true,true,backend_sitemap_source,2026-08-10T04:24:51.374Z,
https://fermatmind.com/en/personality/enneagram/centers/heart,https://fermatmind.com/en/personality/enneagram/centers/heart,en,enneagram_detail,/en/personality/enneagram/centers/heart,live_sitemap|backend_sitemap_source,200,RENDERED,"index, follow",indexable_observed,true,true,backend_sitemap_source,2026-08-10T04:24:52.207Z,
https://fermatmind.com/en/personality/enneagram/type-1,https://fermatmind.com/en/personality/enneagram/type-1,en,enneagram_detail,/en/personality/enneagram/type-1,live_sitemap|backend_sitemap_source,200,RENDERED,"index, follow",indexable_observed,true,true,backend_sitemap_source,2026-08-10T04:25:39.002Z,
https://fermatmind.com/en/personality/enneagram/type-1/instincts/one-to-one,https://fermatmind.com/en/personality/enneagram/type-1/instincts/one-to-one,en,enneagram_detail,/en/personality/enneagram/type-1/instincts/one-to-one,live_sitemap|backend_sitemap_source,200,RENDERED,"index, follow",indexable_observed,true,true,backend_sitemap_source,2026-08-10T04:25:39.325Z,
https://fermatmind.com/en/personality/enneagram/type-1/instincts/self-preservation,https://fermatmind.com/en/personality/enneagram/type-1/instincts/self-preservation,en,enneagram_detail,/en/personality/enneagram/type-1/instincts/self-preservation,live_sitemap|backend_sitemap_source,200,RENDERED,"index, follow",indexable_observed,true,true,backend_sitemap_source,2026-08-10T04:25:57.403Z,
https://fermatmind.com/en/personality/enneagram/type-1/instincts/social,https://fermatmind.com/en/personality/enneagram/type-1/instincts/social,en,enneagram_detail,/en/personality/enneagram/type-1/instincts/social,live_sitemap|backend_sitemap_source,200,RENDERED,"index, follow",indexable_observed,true,true,backend_sitemap_source,2026-08-10T04:25:58.869Z,
https://fermatmind.com/en/personality/enneagram/type-2,https://fermatmind.com/en/personality/enneagram/type-2,en,enneagram_detail,/en/personality/enneagram/type-2,live_sitemap|backend_sitemap_source,200,RENDERED,"index, follow",indexable_observed,true,true,backend_sitemap_source,2026-08-10T04:26:01.859Z,
https://fermatmind.com/en/personality/enneagram/type-2/instincts/one-to-one,https://fermatmind.com/en/personality/enneagram/type-2/instincts/one-to-one,en,enneagram_detail,/en/personality/enneagram/type-2/instincts/one-to-one,live_sitemap|backend_sitemap_source,200,RENDERED,"index, follow",indexable_observed,true,true,backend_sitemap_source,2026-08-10T04:26:02.605Z,
https://fermatmind.com/en/personality/enneagram/type-2/instincts/self-preservation,https://fermatmind.com/en/personality/enneagram/type-2/instincts/self-preservation,en,enneagram_detail,/en/personality/enneagram/type-2/instincts/self-preservation,live_sitemap|backend_sitemap_source,200,RENDERED,"index, follow",indexable_observed,true,true,backend_sitemap_source,2026-08-10T04:26:06.295Z,
https://fermatmind.com/en/personality/enneagram/type-2/instincts/social,https://fermatmind.com/en/personality/enneagram/type-2/instincts/social,en,enneagram_detail,/en/personality/enneagram/type-2/instincts/social,live_sitemap|backend_sitemap_source,200,RENDERED,"index, follow",indexable_observed,true,true,backend_sitemap_source,2026-08-10T04:26:06.788Z,
https://fermatmind.com/en/personality/enneagram/type-3,https://fermatmind.com/en/personality/enneagram/type-3,en,enneagram_detail,/en/personality/enneagram/type-3,live_sitemap|backend_sitemap_source,200,RENDERED,"index, follow",indexable_observed,true,true,backend_sitemap_source,2026-08-10T04:26:10.379Z,
https://fermatmind.com/en/personality/enneagram/type-3/instincts/one-to-one,https://fermatmind.com/en/personality/enneagram/type-3/instincts/one-to-one,en,enneagram_detail,/en/personality/enneagram/type-3/instincts/one-to-one,live_sitemap|backend_sitemap_source,200,RENDERED,"index, follow",indexable_observed,true,true,backend_sitemap_source,2026-08-10T04:26:11.064Z,
https://fermatmind.com/en/personality/enneagram/type-3/instincts/self-preservation,https://fermatmind.com/en/personality/enneagram/type-3/instincts/self-preservation,en,enneagram_detail,/en/personality/enneagram/type-3/instincts/self-preservation,live_sitemap|backend_sitemap_source,200,RENDERED,"index, follow",indexable_observed,true,true,backend_sitemap_source,2026-08-10T04:26:15.048Z,
https://fermatmind.com/en/personality/enneagram/type-3/instincts/social,https://fermatmind.com/en/personality/enneagram/type-3/instincts/social,en,enneagram_detail,/en/personality/enneagram/type-3/instincts/social,live_sitemap|backend_sitemap_source,200,RENDERED,"index, follow",indexable_observed,true,true,backend_sitemap_source,2026-08-10T04:26:15.578Z,
https://fermatmind.com/en/personality/enneagram/type-4,https://fermatmind.com/en/personality/enneagram/type-4,en,enneagram_detail,/en/personality/enneagram/type-4,live_sitemap|backend_sitemap_source,200,RENDERED,"index, follow",indexable_observed,true,true,backend_sitemap_source,2026-08-10T04:26:18.297Z,
https://fermatmind.com/en/personality/enneagram/type-4/instincts/one-to-one,https://fermatmind.com/en/personality/enneagram/type-4/instincts/one-to-one,en,enneagram_detail,/en/personality/enneagram/type-4/instincts/one-to-one,live_sitemap|backend_sitemap_source,200,RENDERED,"index, follow",indexable_observed,true,true,backend_sitemap_source,2026-08-10T04:26:18.770Z,
https://fermatmind.com/en/personality/enneagram/type-4/instincts/self-preservation,https://fermatmind.com/en/personality/enneagram/type-4/instincts/self-preservation,en,enneagram_detail,/en/personality/enneagram/type-4/instincts/self-preservation,live_sitemap|backend_sitemap_source,200,RENDERED,"index, follow",indexable_observed,true,true,backend_sitemap_source,2026-08-10T04:26:22.412Z,
https://fermatmind.com/en/personality/enneagram/type-4/instincts/social,https://fermatmind.com/en/personality/enneagram/type-4/instincts/social,en,enneagram_detail,/en/personality/enneagram/type-4/instincts/social,live_sitemap|backend_sitemap_source,200,RENDERED,"index, follow",indexable_observed,true,true,backend_sitemap_source,2026-08-10T04:26:22.760Z,
https://fermatmind.com/en/personality/enneagram/type-5,https://fermatmind.com/en/personality/enneagram/type-5,en,enneagram_detail,/en/personality/enneagram/type-5,live_sitemap|backend_sitemap_source,200,RENDERED,"index, follow",indexable_observed,true,true,backend_sitemap_source,2026-08-10T04:26:26.433Z,
https://fermatmind.com/en/personality/enneagram/type-5/instincts/one-to-one,https://fermatmind.com/en/personality/enneagram/type-5/instincts/one-to-one,en,enneagram_detail,/en/personality/enneagram/type-5/instincts/one-to-one,live_sitemap|backend_sitemap_source,200,RENDERED,"index, follow",indexable_observed,true,true,backend_sitemap_source,2026-08-10T04:26:26.822Z,
https://fermatmind.com/en/personality/enneagram/type-5/instincts/self-preservation,https://fermatmind.com/en/personality/enneagram/type-5/instincts/self-preservation,en,enneagram_detail,/en/personality/enneagram/type-5/instincts/self-preservation,live_sitemap|backend_sitemap_source,200,RENDERED,"index, follow",indexable_observed,true,true,backend_sitemap_source,2026-08-10T04:26:30.490Z,
https://fermatmind.com/en/personality/enneagram/type-5/instincts/social,https://fermatmind.com/en/personality/enneagram/type-5/instincts/social,en,enneagram_detail,/en/personality/enneagram/type-5/instincts/social,live_sitemap|backend_sitemap_source,200,RENDERED,"index, follow",indexable_observed,true,true,backend_sitemap_source,2026-08-10T04:26:31.182Z,
https://fermatmind.com/en/personality/enneagram/type-6,https://fermatmind.com/en/personality/enneagram/type-6,en,enneagram_detail,/en/personality/enneagram/type-6,live_sitemap|backend_sitemap_source,200,RENDERED,"index, follow",indexable_observed,true,true,backend_sitemap_source,2026-08-10T04:26:34.569Z,
https://fermatmind.com/en/personality/enneagram/type-6/instincts/one-to-one,https://fermatmind.com/en/personality/enneagram/type-6/instincts/one-to-one,en,enneagram_detail,/en/personality/enneagram/type-6/instincts/one-to-one,live_sitemap|backend_sitemap_source,200,RENDERED,"index, follow",indexable_observed,true,true,backend_sitemap_source,2026-08-10T04:26:35.040Z,
https://fermatmind.com/en/personality/enneagram/type-6/instincts/self-preservation,https://fermatmind.com/en/personality/enneagram/type-6/instincts/self-preservation,en,enneagram_detail,/en/personality/enneagram/type-6/instincts/self-preservation,live_sitemap|backend_sitemap_source,200,RENDERED,"index, follow",indexable_observed,true,true,backend_sitemap_source,2026-08-10T04:26:37.778Z,
https://fermatmind.com/en/personality/enneagram/type-6/instincts/social,https://fermatmind.com/en/personality/enneagram/type-6/instincts/social,en,enneagram_detail,/en/personality/enneagram/type-6/instincts/social,live_sitemap|backend_sitemap_source,200,RENDERED,"index, follow",indexable_observed,true,true,backend_sitemap_source,2026-08-10T04:26:38.267Z,
https://fermatmind.com/en/personality/enneagram/type-7,https://fermatmind.com/en/personality/enneagram/type-7,en,enneagram_detail,/en/personality/enneagram/type-7,live_sitemap|backend_sitemap_source,200,RENDERED,"index, follow",indexable_observed,true,true,backend_sitemap_source,2026-08-10T04:26:41.008Z,
https://fermatmind.com/en/personality/enneagram/type-7/instincts/one-to-one,https://fermatmind.com/en/personality/enneagram/type-7/instincts/one-to-one,en,enneagram_detail,/en/personality/enneagram/type-7/instincts/one-to-one,live_sitemap|backend_sitemap_source,200,RENDERED,"index, follow",indexable_observed,true,true,backend_sitemap_source,2026-08-10T04:26:41.937Z,
https://fermatmind.com/en/personality/enneagram/type-7/instincts/self-preservation,https://fermatmind.com/en/personality/enneagram/type-7/instincts/self-preservation,en,enneagram_detail,/en/personality/enneagram/type-7/instincts/self-preservation,live_sitemap|backend_sitemap_source,200,RENDERED,"index, follow",indexable_observed,true,true,backend_sitemap_source,2026-08-10T04:26:45.084Z,
https://fermatmind.com/en/personality/enneagram/type-7/instincts/social,https://fermatmind.com/en/personality/enneagram/type-7/instincts/social,en,enneagram_detail,/en/personality/enneagram/type-7/instincts/social,live_sitemap|backend_sitemap_source,200,RENDERED,"index, follow",indexable_observed,true,true,backend_sitemap_source,2026-08-10T04:26:45.701Z,
https://fermatmind.com/en/personality/enneagram/type-8,https://fermatmind.com/en/personality/enneagram/type-8,en,enneagram_detail,/en/personality/enneagram/type-8,live_sitemap|backend_sitemap_source,200,RENDERED,"index, follow",indexable_observed,true,true,backend_sitemap_source,2026-08-10T04:26:48.826Z,
https://fermatmind.com/en/personality/enneagram/type-8/instincts/one-to-one,https://fermatmind.com/en/personality/enneagram/type-8/instincts/one-to-one,en,enneagram_detail,/en/personality/enneagram/type-8/instincts/one-to-one,live_sitemap|backend_sitemap_source,200,RENDERED,"index, follow",indexable_observed,true,true,backend_sitemap_source,2026-08-10T04:26:49.507Z,
https://fermatmind.com/en/personality/enneagram/type-8/instincts/self-preservation,https://fermatmind.com/en/personality/enneagram/type-8/instincts/self-preservation,en,enneagram_detail,/en/personality/enneagram/type-8/instincts/self-preservation,live_sitemap|backend_sitemap_source,200,RENDERED,"index, follow",indexable_observed,true,true,backend_sitemap_source,2026-08-10T04:26:53.227Z,
https://fermatmind.com/en/personality/enneagram/type-8/instincts/social,https://fermatmind.com/en/personality/enneagram/type-8/instincts/social,en,enneagram_detail,/en/personality/enneagram/type-8/instincts/social,live_sitemap|backend_sitemap_source,200,RENDERED,"index, follow",indexable_observed,true,true,backend_sitemap_source,2026-08-10T04:26:54.594Z,
https://fermatmind.com/en/personality/enneagram/type-9,https://fermatmind.com/en/personality/enneagram/type-9,en,enneagram_detail,/en/personality/enneagram/type-9,live_sitemap|backend_sitemap_source,200,RENDERED,"index, follow",indexable_observed,true,true,backend_sitemap_source,2026-08-10T04:26:58.479Z,
https://fermatmind.com/en/personality/enneagram/type-9/instincts/one-to-one,https://fermatmind.com/en/personality/enneagram/type-9/instincts/one-to-one,en,enneagram_detail,/en/personality/enneagram/type-9/instincts/one-to-one,live_sitemap|backend_sitemap_source,200,RENDERED,"index, follow",indexable_observed,true,true,backend_sitemap_source,2026-08-10T04:26:59.180Z,
https://fermatmind.com/en/personality/enneagram/type-9/instincts/self-preservation,https://fermatmind.com/en/personality/enneagram/type-9/instincts/self-preservation,en,enneagram_detail,/en/personality/enneagram/type-9/instincts/self-preservation,live_sitemap|backend_sitemap_source,200,RENDERED,"index, follow",indexable_observed,true,true,backend_sitemap_source,2026-08-10T04:27:02.632Z,
https://fermatmind.com/en/personality/enneagram/type-9/instincts/social,https://fermatmind.com/en/personality/enneagram/type-9/instincts/social,en,enneagram_detail,/en/personality/enneagram/type-9/instincts/social,live_sitemap|backend_sitemap_source,200,RENDERED,"index, follow",indexable_observed,true,true,backend_sitemap_source,2026-08-10T04:27:03.752Z,
https://fermatmind.com/en/personality/enneagram/wings/1w2,https://fermatmind.com/en/personality/enneagram/wings/1w2,en,enneagram_detail,/en/personality/enneagram/wings/1w2,live_sitemap|backend_sitemap_source,200,RENDERED,"index, follow",indexable_observed,true,true,backend_sitemap_source,2026-08-10T04:27:05.782Z,
https://fermatmind.com/en/personality/enneagram/wings/1w9,https://fermatmind.com/en/personality/enneagram/wings/1w9,en,enneagram_detail,/en/personality/enneagram/wings/1w9,live_sitemap|backend_sitemap_source,200,RENDERED,"index, follow",indexable_observed,true,true,backend_sitemap_source,2026-08-10T04:27:07.135Z,
https://fermatmind.com/en/personality/enneagram/wings/2w1,https://fermatmind.com/en/personality/enneagram/wings/2w1,en,enneagram_detail,/en/personality/enneagram/wings/2w1,live_sitemap|backend_sitemap_source,200,RENDERED,"index, follow",indexable_observed,true,true,backend_sitemap_source,2026-08-10T04:27:10.674Z,
https://fermatmind.com/en/personality/enneagram/wings/2w3,https://fermatmind.com/en/personality/enneagram/wings/2w3,en,enneagram_detail,/en/personality/enneagram/wings/2w3,live_sitemap|backend_sitemap_source,200,RENDERED,"index, follow",indexable_observed,true,true,backend_sitemap_source,2026-08-10T04:27:11.337Z,
https://fermatmind.com/en/personality/enneagram/wings/3w2,https://fermatmind.com/en/personality/enneagram/wings/3w2,en,enneagram_detail,/en/personality/enneagram/wings/3w2,live_sitemap|backend_sitemap_source,200,RENDERED,"index, follow",indexable_observed,true,true,backend_sitemap_source,2026-08-10T04:27:14.876Z,
https://fermatmind.com/en/personality/enneagram/wings/3w4,https://fermatmind.com/en/personality/enneagram/wings/3w4,en,enneagram_detail,/en/personality/enneagram/wings/3w4,live_sitemap|backend_sitemap_source,200,RENDERED,"index, follow",indexable_observed,true,true,backend_sitemap_source,2026-08-10T04:27:15.287Z,
https://fermatmind.com/en/personality/enneagram/wings/4w3,https://fermatmind.com/en/personality/enneagram/wings/4w3,en,enneagram_detail,/en/personality/enneagram/wings/4w3,live_sitemap|backend_sitemap_source,200,RENDERED,"index, follow",indexable_observed,true,true,backend_sitemap_source,2026-08-10T04:27:18.579Z,
https://fermatmind.com/en/personality/enneagram/wings/4w5,https://fermatmind.com/en/personality/enneagram/wings/4w5,en,enneagram_detail,/en/personality/enneagram/wings/4w5,live_sitemap|backend_sitemap_source,200,RENDERED,"index, follow",indexable_observed,true,true,backend_sitemap_source,2026-08-10T04:27:19.261Z,
https://fermatmind.com/en/personality/enneagram/wings/5w4,https://fermatmind.com/en/personality/enneagram/wings/5w4,en,enneagram_detail,/en/personality/enneagram/wings/5w4,live_sitemap|backend_sitemap_source,200,RENDERED,"index, follow",indexable_observed,true,true,backend_sitemap_source,2026-08-10T04:27:22.071Z,
https://fermatmind.com/en/personality/enneagram/wings/5w6,https://fermatmind.com/en/personality/enneagram/wings/5w6,en,enneagram_detail,/en/personality/enneagram/wings/5w6,live_sitemap|backend_sitemap_source,200,RENDERED,"index, follow",indexable_observed,true,true,backend_sitemap_source,2026-08-10T04:27:23.155Z,
https://fermatmind.com/en/personality/enneagram/wings/6w5,https://fermatmind.com/en/personality/enneagram/wings/6w5,en,enneagram_detail,/en/personality/enneagram/wings/6w5,live_sitemap|backend_sitemap_source,200,RENDERED,"index, follow",indexable_observed,true,true,backend_sitemap_source,2026-08-10T04:27:25.813Z,
https://fermatmind.com/en/personality/enneagram/wings/6w7,https://fermatmind.com/en/personality/enneagram/wings/6w7,en,enneagram_detail,/en/personality/enneagram/wings/6w7,live_sitemap|backend_sitemap_source,200,RENDERED,"index, follow",indexable_observed,true,true,backend_sitemap_source,2026-08-10T04:27:26.402Z,
https://fermatmind.com/en/personality/enneagram/wings/7w6,https://fermatmind.com/en/personality/enneagram/wings/7w6,en,enneagram_detail,/en/personality/enneagram/wings/7w6,live_sitemap|backend_sitemap_source,200,RENDERED,"index, follow",indexable_observed,true,true,backend_sitemap_source,2026-08-10T04:27:29.560Z,
https://fermatmind.com/en/personality/enneagram/wings/7w8,https://fermatmind.com/en/personality/enneagram/wings/7w8,en,enneagram_detail,/en/personality/enneagram/wings/7w8,live_sitemap|backend_sitemap_source,200,RENDERED,"index, follow",indexable_observed,true,true,backend_sitemap_source,2026-08-10T04:27:30.047Z,
https://fermatmind.com/en/personality/enneagram/wings/8w7,https://fermatmind.com/en/personality/enneagram/wings/8w7,en,enneagram_detail,/en/personality/enneagram/wings/8w7,live_sitemap|backend_sitemap_source,200,RENDERED,"index, follow",indexable_observed,true,true,backend_sitemap_source,2026-08-10T04:27:32.874Z,
https://fermatmind.com/en/personality/enneagram/wings/8w9,https://fermatmind.com/en/personality/enneagram/wings/8w9,en,enneagram_detail,/en/personality/enneagram/wings/8w9,live_sitemap|backend_sitemap_source,200,RENDERED,"index, follow",indexable_observed,true,true,backend_sitemap_source,2026-08-10T04:27:33.299Z,
https://fermatmind.com/en/personality/enneagram/wings/9w1,https://fermatmind.com/en/personality/enneagram/wings/9w1,en,enneagram_detail,/en/personality/enneagram/wings/9w1,live_sitemap|backend_sitemap_source,200,RENDERED,"index, follow",indexable_observed,true,true,backend_sitemap_source,2026-08-10T04:27:36.465Z,
https://fermatmind.com/en/personality/enneagram/wings/9w8,https://fermatmind.com/en/personality/enneagram/wings/9w8,en,enneagram_detail,/en/personality/enneagram/wings/9w8,live_sitemap|backend_sitemap_source,200,RENDERED,"index, follow",indexable_observed,true,true,backend_sitemap_source,2026-08-10T04:27:37.020Z,
https://fermatmind.com/en/personality/entj,https://fermatmind.com/en/personality/entj,en,mbti_personality_detail,/en/personality/entj,live_sitemap|backend_sitemap_source,200,RENDERED,"index, follow",indexable_observed,true,false,backend_sitemap_source,2026-08-10T04:27:40.235Z,
https://fermatmind.com/en/personality/entj-a,https://fermatmind.com/en/personality/entj-a,en,mbti_personality_detail,/en/personality/entj-a,live_sitemap|backend_sitemap_source,200,RENDERED,"index, follow",indexable_observed,true,true,backend_sitemap_source,2026-08-10T04:27:40.960Z,
https://fermatmind.com/en/personality/entj-a-vs-entj-t,https://fermatmind.com/en/personality/entj-a-vs-entj-t,en,mbti_personality_detail,/en/personality/entj-a-vs-entj-t,live_sitemap|backend_sitemap_source,200,RENDERED,"index, follow",indexable_observed,true,true,backend_sitemap_source,2026-08-10T04:27:45.205Z,
https://fermatmind.com/en/personality/entj-t,https://fermatmind.com/en/personality/entj-t,en,mbti_personality_detail,/en/personality/entj-t,live_sitemap|backend_sitemap_source,200,RENDERED,"index, follow",indexable_observed,true,true,backend_sitemap_source,2026-08-10T04:27:45.466Z,
https://fermatmind.com/en/personality/entp,https://fermatmind.com/en/personality/entp,en,mbti_personality_detail,/en/personality/entp,live_sitemap|backend_sitemap_source,200,RENDERED,"index, follow",indexable_observed,true,false,backend_sitemap_source,2026-08-10T04:27:49.326Z,
https://fermatmind.com/en/personality/entp-a,https://fermatmind.com/en/personality/entp-a,en,mbti_personality_detail,/en/personality/entp-a,live_sitemap|backend_sitemap_source,200,RENDERED,"index, follow",indexable_observed,true,true,backend_sitemap_source,2026-08-10T04:27:50.517Z,
https://fermatmind.com/en/personality/entp-a-vs-entp-t,https://fermatmind.com/en/personality/entp-a-vs-entp-t,en,mbti_personality_detail,/en/personality/entp-a-vs-entp-t,live_sitemap|backend_sitemap_source,200,RENDERED,"index, follow",indexable_observed,true,true,backend_sitemap_source,2026-08-10T04:27:53.689Z,
https://fermatmind.com/en/personality/entp-t,https://fermatmind.com/en/personality/entp-t,en,mbti_personality_detail,/en/personality/entp-t,live_sitemap|backend_sitemap_source,200,RENDERED,"index, follow",indexable_observed,true,true,backend_sitemap_source,2026-08-10T04:27:56.803Z,
https://fermatmind.com/en/personality/esfj,https://fermatmind.com/en/personality/esfj,en,mbti_personality_detail,/en/personality/esfj,live_sitemap|backend_sitemap_source,200,RENDERED,"index, follow",indexable_observed,true,false,backend_sitemap_source,2026-08-10T04:27:57.933Z,
https://fermatmind.com/en/personality/esfj-a,https://fermatmind.com/en/personality/esfj-a,en,mbti_personality_detail,/en/personality/esfj-a,live_sitemap|backend_sitemap_source,200,RENDERED,"index, follow",indexable_observed,true,true,backend_sitemap_source,2026-08-10T04:28:01.154Z,
https://fermatmind.com/en/personality/esfj-a-vs-esfj-t,https://fermatmind.com/en/personality/esfj-a-vs-esfj-t,en,mbti_personality_detail,/en/personality/esfj-a-vs-esfj-t,live_sitemap|backend_sitemap_source,200,RENDERED,"index, follow",indexable_observed,true,true,backend_sitemap_source,2026-08-10T04:28:02.244Z,
https://fermatmind.com/en/personality/esfj-t,https://fermatmind.com/en/personality/esfj-t,en,mbti_personality_detail,/en/personality/esfj-t,live_sitemap|backend_sitemap_source,200,RENDERED,"index, follow",indexable_observed,true,true,backend_sitemap_source,2026-08-10T04:28:07.097Z,
https://fermatmind.com/en/personality/esfp,https://fermatmind.com/en/personality/esfp,en,mbti_personality_detail,/en/personality/esfp,live_sitemap|backend_sitemap_source,200,RENDERED,"index, follow",indexable_observed,true,false,backend_sitemap_source,2026-08-10T04:28:07.441Z,
https://fermatmind.com/en/personality/esfp-a,https://fermatmind.com/en/personality/esfp-a,en,mbti_personality_detail,/en/personality/esfp-a,live_sitemap|backend_sitemap_source,200,RENDERED,"index, follow",indexable_observed,true,true,backend_sitemap_source,2026-08-10T04:28:12.746Z,
https://fermatmind.com/en/personality/esfp-a-vs-esfp-t,https://fermatmind.com/en/personality/esfp-a-vs-esfp-t,en,mbti_personality_detail,/en/personality/esfp-a-vs-esfp-t,live_sitemap|backend_sitemap_source,200,RENDERED,"index, follow",indexable_observed,true,true,backend_sitemap_source,2026-08-10T04:28:13.968Z,
https://fermatmind.com/en/personality/esfp-t,https://fermatmind.com/en/personality/esfp-t,en,mbti_personality_detail,/en/personality/esfp-t,live_sitemap|backend_sitemap_source,200,RENDERED,"index, follow",indexable_observed,true,true,backend_sitemap_source,2026-08-10T04:28:20.101Z,
https://fermatmind.com/en/personality/estj,https://fermatmind.com/en/personality/estj,en,mbti_personality_detail,/en/personality/estj,live_sitemap|backend_sitemap_source,200,RENDERED,"index, follow",indexable_observed,true,false,backend_sitemap_source,2026-08-10T04:28:21.349Z,
https://fermatmind.com/en/personality/estj-a,https://fermatmind.com/en/personality/estj-a,en,mbti_personality_detail,/en/personality/estj-a,live_sitemap|backend_sitemap_source,200,RENDERED,"index, follow",indexable_observed,true,true,backend_sitemap_source,2026-08-10T04:28:25.998Z,
https://fermatmind.com/en/personality/estj-a-vs-estj-t,https://fermatmind.com/en/personality/estj-a-vs-estj-t,en,mbti_personality_detail,/en/personality/estj-a-vs-estj-t,live_sitemap|backend_sitemap_source,200,RENDERED,"index, follow",indexable_observed,true,true,backend_sitemap_source,2026-08-10T04:28:27.329Z,
https://fermatmind.com/en/personality/estj-t,https://fermatmind.com/en/personality/estj-t,en,mbti_personality_detail,/en/personality/estj-t,live_sitemap|backend_sitemap_source,200,RENDERED,"index, follow",indexable_observed,true,true,backend_sitemap_source,2026-08-10T04:28:31.948Z,
https://fermatmind.com/en/personality/estp,https://fermatmind.com/en/personality/estp,en,mbti_personality_detail,/en/personality/estp,live_sitemap|backend_sitemap_source,200,RENDERED,"index, follow",indexable_observed,true,false,backend_sitemap_source,2026-08-10T04:28:32.948Z,
https://fermatmind.com/en/personality/estp-a,https://fermatmind.com/en/personality/estp-a,en,mbti_personality_detail,/en/personality/estp-a,live_sitemap|backend_sitemap_source,200,RENDERED,"index, follow",indexable_observed,true,true,backend_sitemap_source,2026-08-10T04:28:36.691Z,
https://fermatmind.com/en/personality/estp-a-vs-estp-t,https://fermatmind.com/en/personality/estp-a-vs-estp-t,en,mbti_personality_detail,/en/personality/estp-a-vs-estp-t,live_sitemap|backend_sitemap_source,200,RENDERED,"index, follow",indexable_observed,true,true,backend_sitemap_source,2026-08-10T04:28:37.610Z,
https://fermatmind.com/en/personality/estp-t,https://fermatmind.com/en/personality/estp-t,en,mbti_personality_detail,/en/personality/estp-t,live_sitemap|backend_sitemap_source,200,RENDERED,"index, follow",indexable_observed,true,true,backend_sitemap_source,2026-08-10T04:28:41.411Z,
https://fermatmind.com/en/personality/infj,https://fermatmind.com/en/personality/infj,en,mbti_personality_detail,/en/personality/infj,live_sitemap|backend_sitemap_source,200,RENDERED,"index, follow",indexable_observed,true,false,backend_sitemap_source,2026-08-10T04:28:42.796Z,
https://fermatmind.com/en/personality/infj-a,https://fermatmind.com/en/personality/infj-a,en,mbti_personality_detail,/en/personality/infj-a,live_sitemap|backend_sitemap_source,200,RENDERED,"index, follow",indexable_observed,true,true,backend_sitemap_source,2026-08-10T04:28:46.061Z,
https://fermatmind.com/en/personality/infj-a-vs-infj-t,https://fermatmind.com/en/personality/infj-a-vs-infj-t,en,mbti_personality_detail,/en/personality/infj-a-vs-infj-t,live_sitemap|backend_sitemap_source,200,RENDERED,"index, follow",indexable_observed,true,true,backend_sitemap_source,2026-08-10T04:28:47.030Z,
https://fermatmind.com/en/personality/infj-t,https://fermatmind.com/en/personality/infj-t,en,mbti_personality_detail,/en/personality/infj-t,live_sitemap|backend_sitemap_source,200,RENDERED,"index, follow",indexable_observed,true,true,backend_sitemap_source,2026-08-10T04:28:51.607Z,
https://fermatmind.com/en/personality/infp,https://fermatmind.com/en/personality/infp,en,mbti_personality_detail,/en/personality/infp,live_sitemap|backend_sitemap_source,200,RENDERED,"index, follow",indexable_observed,true,false,backend_sitemap_source,2026-08-10T04:28:52.280Z,
https://fermatmind.com/en/personality/infp-a,https://fermatmind.com/en/personality/infp-a,en,mbti_personality_detail,/en/personality/infp-a,live_sitemap|backend_sitemap_source,200,RENDERED,"index, follow",indexable_observed,true,true,backend_sitemap_source,2026-08-10T04:29:39.651Z,
https://fermatmind.com/en/personality/infp-a-vs-infp-t,https://fermatmind.com/en/personality/infp-a-vs-infp-t,en,mbti_personality_detail,/en/personality/infp-a-vs-infp-t,live_sitemap|backend_sitemap_source,200,RENDERED,"index, follow",indexable_observed,true,true,backend_sitemap_source,2026-08-10T04:29:40.023Z,
https://fermatmind.com/en/personality/infp-t,https://fermatmind.com/en/personality/infp-t,en,mbti_personality_detail,/en/personality/infp-t,live_sitemap|backend_sitemap_source,200,RENDERED,"index, follow",indexable_observed,true,true,backend_sitemap_source,2026-08-10T04:29:55.205Z,
https://fermatmind.com/en/personality/intj,https://fermatmind.com/en/personality/intj,en,mbti_personality_detail,/en/personality/intj,live_sitemap|backend_sitemap_source,200,RENDERED,"index, follow",indexable_observed,true,false,backend_sitemap_source,2026-08-10T04:29:55.659Z,
https://fermatmind.com/en/personality/intj-a,https://fermatmind.com/en/personality/intj-a,en,mbti_personality_detail,/en/personality/intj-a,live_sitemap|backend_sitemap_source,200,RENDERED,"index, follow",indexable_observed,true,true,backend_sitemap_source,2026-08-10T04:29:59.468Z,
https://fermatmind.com/en/personality/intj-a-vs-intj-t,https://fermatmind.com/en/personality/intj-a-vs-intj-t,en,mbti_personality_detail,/en/personality/intj-a-vs-intj-t,live_sitemap|backend_sitemap_source,200,RENDERED,"index, follow",indexable_observed,true,true,backend_sitemap_source,2026-08-10T04:30:00.081Z,
https://fermatmind.com/en/personality/intj-t,https://fermatmind.com/en/personality/intj-t,en,mbti_personality_detail,/en/personality/intj-t,live_sitemap|backend_sitemap_source,200,RENDERED,"index, follow",indexable_observed,true,true,backend_sitemap_source,2026-08-10T04:30:05.478Z,
https://fermatmind.com/en/personality/intp,https://fermatmind.com/en/personality/intp,en,mbti_personality_detail,/en/personality/intp,live_sitemap|backend_sitemap_source,200,RENDERED,"index, follow",indexable_observed,true,false,backend_sitemap_source,2026-08-10T04:30:06.098Z,
https://fermatmind.com/en/personality/intp-a,https://fermatmind.com/en/personality/intp-a,en,mbti_personality_detail,/en/personality/intp-a,live_sitemap|backend_sitemap_source,200,RENDERED,"index, follow",indexable_observed,true,true,backend_sitemap_source,2026-08-10T04:30:10.466Z,
https://fermatmind.com/en/personality/intp-a-vs-intp-t,https://fermatmind.com/en/personality/intp-a-vs-intp-t,en,mbti_personality_detail,/en/personality/intp-a-vs-intp-t,live_sitemap|backend_sitemap_source,200,RENDERED,"index, follow",indexable_observed,true,true,backend_sitemap_source,2026-08-10T04:30:10.917Z,
https://fermatmind.com/en/personality/intp-t,https://fermatmind.com/en/personality/intp-t,en,mbti_personality_detail,/en/personality/intp-t,live_sitemap|backend_sitemap_source,200,RENDERED,"index, follow",indexable_observed,true,true,backend_sitemap_source,2026-08-10T04:30:17.424Z,
https://fermatmind.com/en/personality/isfj,https://fermatmind.com/en/personality/isfj,en,mbti_personality_detail,/en/personality/isfj,live_sitemap|backend_sitemap_source,200,RENDERED,"index, follow",indexable_observed,true,false,backend_sitemap_source,2026-08-10T04:30:17.948Z,
https://fermatmind.com/en/personality/isfj-a,https://fermatmind.com/en/personality/isfj-a,en,mbti_personality_detail,/en/personality/isfj-a,live_sitemap|backend_sitemap_source,200,RENDERED,"index, follow",indexable_observed,true,true,backend_sitemap_source,2026-08-10T04:30:22.184Z,
https://fermatmind.com/en/personality/isfj-a-vs-isfj-t,https://fermatmind.com/en/personality/isfj-a-vs-isfj-t,en,mbti_personality_detail,/en/personality/isfj-a-vs-isfj-t,live_sitemap|backend_sitemap_source,200,RENDERED,"index, follow",indexable_observed,true,true,backend_sitemap_source,2026-08-10T04:30:23.046Z,
https://fermatmind.com/en/personality/isfj-t,https://fermatmind.com/en/personality/isfj-t,en,mbti_personality_detail,/en/personality/isfj-t,live_sitemap|backend_sitemap_source,200,RENDERED,"index, follow",indexable_observed,true,true,backend_sitemap_source,2026-08-10T04:30:27.197Z,
https://fermatmind.com/en/personality/isfp,https://fermatmind.com/en/personality/isfp,en,mbti_personality_detail,/en/personality/isfp,live_sitemap|backend_sitemap_source,200,RENDERED,"index, follow",indexable_observed,true,false,backend_sitemap_source,2026-08-10T04:30:27.810Z,
https://fermatmind.com/en/personality/isfp-a,https://fermatmind.com/en/personality/isfp-a,en,mbti_personality_detail,/en/personality/isfp-a,live_sitemap|backend_sitemap_source,200,RENDERED,"index, follow",indexable_observed,true,true,backend_sitemap_source,2026-08-10T04:30:31.536Z,
https://fermatmind.com/en/personality/isfp-a-vs-isfp-t,https://fermatmind.com/en/personality/isfp-a-vs-isfp-t,en,mbti_personality_detail,/en/personality/isfp-a-vs-isfp-t,live_sitemap|backend_sitemap_source,200,RENDERED,"index, follow",indexable_observed,true,true,backend_sitemap_source,2026-08-10T04:30:32.150Z,
https://fermatmind.com/en/personality/isfp-t,https://fermatmind.com/en/personality/isfp-t,en,mbti_personality_detail,/en/personality/isfp-t,live_sitemap|backend_sitemap_source,200,RENDERED,"index, follow",indexable_observed,true,true,backend_sitemap_source,2026-08-10T04:30:36.235Z,
https://fermatmind.com/en/personality/istj,https://fermatmind.com/en/personality/istj,en,mbti_personality_detail,/en/personality/istj,live_sitemap|backend_sitemap_source,200,RENDERED,"index, follow",indexable_observed,true,false,backend_sitemap_source,2026-08-10T04:30:36.690Z,
https://fermatmind.com/en/personality/istj-a,https://fermatmind.com/en/personality/istj-a,en,mbti_personality_detail,/en/personality/istj-a,live_sitemap|backend_sitemap_source,200,RENDERED,"index, follow",indexable_observed,true,true,backend_sitemap_source,2026-08-10T04:30:40.441Z,
https://fermatmind.com/en/personality/istj-a-vs-istj-t,https://fermatmind.com/en/personality/istj-a-vs-istj-t,en,mbti_personality_detail,/en/personality/istj-a-vs-istj-t,live_sitemap|backend_sitemap_source,200,RENDERED,"index, follow",indexable_observed,true,true,backend_sitemap_source,2026-08-10T04:30:40.951Z,
https://fermatmind.com/en/personality/istj-t,https://fermatmind.com/en/personality/istj-t,en,mbti_personality_detail,/en/personality/istj-t,live_sitemap|backend_sitemap_source,200,RENDERED,"index, follow",indexable_observed,true,true,backend_sitemap_source,2026-08-10T04:30:44.902Z,
https://fermatmind.com/en/personality/istp,https://fermatmind.com/en/personality/istp,en,mbti_personality_detail,/en/personality/istp,live_sitemap|backend_sitemap_source,200,RENDERED,"index, follow",indexable_observed,true,false,backend_sitemap_source,2026-08-10T04:30:45.554Z,
https://fermatmind.com/en/personality/istp-a,https://fermatmind.com/en/personality/istp-a,en,mbti_personality_detail,/en/personality/istp-a,live_sitemap|backend_sitemap_source,200,RENDERED,"index, follow",indexable_observed,true,true,backend_sitemap_source,2026-08-10T04:30:48.960Z,
https://fermatmind.com/en/personality/istp-a-vs-istp-t,https://fermatmind.com/en/personality/istp-a-vs-istp-t,en,mbti_personality_detail,/en/personality/istp-a-vs-istp-t,live_sitemap|backend_sitemap_source,200,RENDERED,"index, follow",indexable_observed,true,true,backend_sitemap_source,2026-08-10T04:30:49.428Z,
https://fermatmind.com/en/personality/istp-t,https://fermatmind.com/en/personality/istp-t,en,mbti_personality_detail,/en/personality/istp-t,live_sitemap|backend_sitemap_source,200,RENDERED,"index, follow",indexable_observed,true,true,backend_sitemap_source,2026-08-10T04:30:52.593Z,
https://fermatmind.com/en/policies,https://fermatmind.com/en/policies,en,content_page,/en/policies,live_sitemap|backend_sitemap_source,200,RENDERED,"index, follow",indexable_observed,true,true,backend_sitemap_source,2026-08-10T04:30:53.066Z,
https://fermatmind.com/en/privacy,https://fermatmind.com/en/privacy,en,content_page,/en/privacy,live_sitemap|backend_sitemap_source,200,RENDERED,"index, follow",indexable_observed,true,true,backend_sitemap_source,2026-08-10T04:30:56.434Z,
https://fermatmind.com/en/reliability-validity,https://fermatmind.com/en/reliability-validity,en,content_page,/en/reliability-validity,live_sitemap|backend_sitemap_source,200,RENDERED,"index, follow",indexable_observed,true,true,backend_sitemap_source,2026-08-10T04:30:56.834Z,
https://fermatmind.com/en/science,https://fermatmind.com/en/science,en,content_page,/en/science,live_sitemap|backend_sitemap_source,200,RENDERED,"index, follow",indexable_observed,true,true,backend_sitemap_source,2026-08-10T04:31:00.096Z,
https://fermatmind.com/en/support,https://fermatmind.com/en/support,en,content_page,/en/support,live_sitemap|backend_sitemap_source,200,RENDERED,"index, follow",indexable_observed,true,false,backend_sitemap_source,2026-08-10T04:31:00.341Z,
https://fermatmind.com/en/terms,https://fermatmind.com/en/terms,en,content_page,/en/terms,live_sitemap|backend_sitemap_source,200,RENDERED,"index, follow",indexable_observed,true,true,backend_sitemap_source,2026-08-10T04:31:03.911Z,
https://fermatmind.com/en/tests,https://fermatmind.com/en/tests,en,assessment_hub,/en/tests,live_sitemap|backend_sitemap_source,200,RENDERED,"index, follow",indexable_observed,true,false,backend_sitemap_source,2026-08-10T04:31:04.472Z,
https://fermatmind.com/en/tests/big-five-personality-test-ocean-model,https://fermatmind.com/en/tests/big-five-personality-test-ocean-model,en,assessment_landing,/en/tests/big-five-personality-test-ocean-model,live_sitemap|backend_sitemap_source,200,RENDERED,"index, follow",indexable_observed,true,true,backend_sitemap_source,2026-08-10T04:31:07.246Z,
https://fermatmind.com/en/tests/category/career,https://fermatmind.com/en/tests/category/career,en,assessment_landing,/en/tests/category/career,live_sitemap|backend_sitemap_source,200,RENDERED,"index, follow",indexable_observed,true,false,backend_sitemap_source,2026-08-10T04:31:07.855Z,
https://fermatmind.com/en/tests/category/personality,https://fermatmind.com/en/tests/category/personality,en,assessment_landing,/en/tests/category/personality,live_sitemap|backend_sitemap_source,200,RENDERED,"index, follow",indexable_observed,true,false,backend_sitemap_source,2026-08-10T04:31:10.654Z,
https://fermatmind.com/en/tests/enneagram-personality-test-nine-types,https://fermatmind.com/en/tests/enneagram-personality-test-nine-types,en,assessment_landing,/en/tests/enneagram-personality-test-nine-types,live_sitemap|backend_sitemap_source,200,RENDERED,"index, follow",indexable_observed,true,true,backend_sitemap_source,2026-08-10T04:31:11.257Z,
https://fermatmind.com/en/tests/eq-test-emotional-intelligence-assessment,https://fermatmind.com/en/tests/eq-test-emotional-intelligence-assessment,en,assessment_landing,/en/tests/eq-test-emotional-intelligence-assessment,live_sitemap|backend_sitemap_source,200,RENDERED,unspecified,indexable_observed,true,true,backend_sitemap_source,2026-08-10T04:31:14.534Z,
https://fermatmind.com/en/tests/holland-career-interest-test-riasec,https://fermatmind.com/en/tests/holland-career-interest-test-riasec,en,assessment_landing,/en/tests/holland-career-interest-test-riasec,live_sitemap|backend_sitemap_source,200,RENDERED,"index, follow",indexable_observed,true,true,backend_sitemap_source,2026-08-10T04:31:14.992Z,
https://fermatmind.com/en/tests/iq-test-intelligence-quotient-assessment,https://fermatmind.com/en/tests/iq-test-intelligence-quotient-assessment,en,assessment_landing,/en/tests/iq-test-intelligence-quotient-assessment,live_sitemap|backend_sitemap_source,200,RENDERED,unspecified,indexable_observed,true,true,backend_sitemap_source,2026-08-10T04:31:18.345Z,
https://fermatmind.com/en/tests/mbti-personality-test-16-personality-types,https://fermatmind.com/en/tests/mbti-personality-test-16-personality-types,en,assessment_landing,/en/tests/mbti-personality-test-16-personality-types,live_sitemap|backend_sitemap_source,200,RENDERED,"index, follow",indexable_observed,true,true,backend_sitemap_source,2026-08-10T04:31:18.815Z,
https://fermatmind.com/en/topics,https://fermatmind.com/en/topics,en,topic_hub,/en/topics,live_sitemap|backend_sitemap_source,200,RENDERED,"index, follow",indexable_observed,true,true,backend_sitemap_source,2026-08-10T04:31:22.145Z,
https://fermatmind.com/en/topics/big-five,https://fermatmind.com/en/topics/big-five,en,topic_detail,/en/topics/big-five,live_sitemap|backend_sitemap_source,200,RENDERED,"index, follow",indexable_observed,true,true,backend_sitemap_source,2026-08-10T04:31:22.767Z,
https://fermatmind.com/en/topics/iq-eq,https://fermatmind.com/en/topics/iq-eq,en,topic_detail,/en/topics/iq-eq,live_sitemap|backend_sitemap_source,200,RENDERED,"index, follow",indexable_observed,true,true,backend_sitemap_source,2026-08-10T04:31:26.026Z,
https://fermatmind.com/en/topics/mbti,https://fermatmind.com/en/topics/mbti,en,topic_detail,/en/topics/mbti,live_sitemap|backend_sitemap_source,200,RENDERED,"index, follow",indexable_observed,true,true,backend_sitemap_source,2026-08-10T04:31:26.377Z,
https://fermatmind.com/zh/about,https://fermatmind.com/zh/about,zh,content_page,/zh/about,live_sitemap|backend_sitemap_source,200,RENDERED,"index, follow",indexable_observed,true,true,backend_sitemap_source,2026-08-10T04:31:29.360Z,
https://fermatmind.com/zh/articles,https://fermatmind.com/zh/articles,zh,article_hub,/zh/articles,live_sitemap|backend_sitemap_source,200,RENDERED,"index, follow",indexable_observed,true,false,backend_sitemap_source,2026-08-10T04:31:30.074Z,
https://fermatmind.com/zh/articles/apply-personality-research-without-overclaiming,https://fermatmind.com/zh/articles/apply-personality-research-without-overclaiming,zh,article_detail,/zh/articles/apply-personality-research-without-overclaiming,live_sitemap|backend_sitemap_source,200,RENDERED,"index, follow",indexable_observed,true,true,backend_sitemap_source,2026-08-10T04:31:33.226Z,
https://fermatmind.com/zh/articles/are-infj-men-rare-or-socially-silenced,https://fermatmind.com/zh/articles/are-infj-men-rare-or-socially-silenced,zh,article_detail,/zh/articles/are-infj-men-rare-or-socially-silenced,live_sitemap|backend_sitemap_source,200,RENDERED,"index, follow",indexable_observed,true,true,backend_sitemap_source,2026-08-10T04:31:33.650Z,
https://fermatmind.com/zh/articles/best-valentines-date-by-personality-and-relationship-science,https://fermatmind.com/zh/articles/best-valentines-date-by-personality-and-relationship-science,zh,article_detail,/zh/articles/best-valentines-date-by-personality-and-relationship-science,live_sitemap|backend_sitemap_source,200,RENDERED,"index, follow",indexable_observed,true,true,backend_sitemap_source,2026-08-10T04:31:36.976Z,
https://fermatmind.com/zh/articles/big-five-30-day-observation-and-review-plan,https://fermatmind.com/zh/articles/big-five-30-day-observation-and-review-plan,zh,article_detail,/zh/articles/big-five-30-day-observation-and-review-plan,live_sitemap|backend_sitemap_source,200,RENDERED,"index, follow",indexable_observed,true,false,backend_sitemap_source,2026-08-10T04:31:37.495Z,
https://fermatmind.com/zh/articles/big-five-30-facets-explained-with-model-caveats,https://fermatmind.com/zh/articles/big-five-30-facets-explained-with-model-caveats,zh,article_detail,/zh/articles/big-five-30-facets-explained-with-model-caveats,live_sitemap|backend_sitemap_source,200,RENDERED,"index, follow",indexable_observed,true,false,backend_sitemap_source,2026-08-10T04:31:40.783Z,
https://fermatmind.com/zh/articles/big-five-communication-needs-conversation-prompts,https://fermatmind.com/zh/articles/big-five-communication-needs-conversation-prompts,zh,article_detail,/zh/articles/big-five-communication-needs-conversation-prompts,live_sitemap|backend_sitemap_source,200,RENDERED,"index, follow",indexable_observed,true,false,backend_sitemap_source,2026-08-10T04:31:41.247Z,
https://fermatmind.com/zh/articles/big-five-conflict-patterns-observe-before-explaining,https://fermatmind.com/zh/articles/big-five-conflict-patterns-observe-before-explaining,zh,article_detail,/zh/articles/big-five-conflict-patterns-observe-before-explaining,live_sitemap|backend_sitemap_source,200,RENDERED,"index, follow",indexable_observed,true,false,backend_sitemap_source,2026-08-10T04:31:45.960Z,
https://fermatmind.com/zh/articles/big-five-conscientiousness-low-procrastination-task-plan,https://fermatmind.com/zh/articles/big-five-conscientiousness-low-procrastination-task-plan,zh,article_detail,/zh/articles/big-five-conscientiousness-low-procrastination-task-plan,live_sitemap|backend_sitemap_source,200,RENDERED,"index, follow",indexable_observed,true,false,backend_sitemap_source,2026-08-10T04:31:46.959Z,
https://fermatmind.com/zh/articles/big-five-couples-conversation-not-relationship-prediction,https://fermatmind.com/zh/articles/big-five-couples-conversation-not-relationship-prediction,zh,article_detail,/zh/articles/big-five-couples-conversation-not-relationship-prediction,live_sitemap|backend_sitemap_source,200,RENDERED,"index, follow",indexable_observed,true,false,backend_sitemap_source,2026-08-10T04:31:51.082Z,
https://fermatmind.com/zh/articles/big-five-cross-cultural-research-and-translation-limits,https://fermatmind.com/zh/articles/big-five-cross-cultural-research-and-translation-limits,zh,article_detail,/zh/articles/big-five-cross-cultural-research-and-translation-limits,live_sitemap|backend_sitemap_source,200,RENDERED,"index, follow",indexable_observed,true,false,backend_sitemap_source,2026-08-10T04:31:52.516Z,
https://fermatmind.com/zh/articles/big-five-decision-journal-observe-style-not-quality,https://fermatmind.com/zh/articles/big-five-decision-journal-observe-style-not-quality,zh,article_detail,/zh/articles/big-five-decision-journal-observe-style-not-quality,live_sitemap|backend_sitemap_source,200,RENDERED,"index, follow",indexable_observed,true,false,backend_sitemap_source,2026-08-10T04:31:55.764Z,
https://fermatmind.com/zh/articles/big-five-emotional-stability-stress-recovery-communication,https://fermatmind.com/zh/articles/big-five-emotional-stability-stress-recovery-communication,zh,article_detail,/zh/articles/big-five-emotional-stability-stress-recovery-communication,live_sitemap|backend_sitemap_source,200,RENDERED,"index, follow",indexable_observed,true,false,backend_sitemap_source,2026-08-10T04:31:59.106Z,
https://fermatmind.com/zh/articles/big-five-evidence-strength-from-one-study-to-review,https://fermatmind.com/zh/articles/big-five-evidence-strength-from-one-study-to-review,zh,article_detail,/zh/articles/big-five-evidence-strength-from-one-study-to-review,live_sitemap|backend_sitemap_source,200,RENDERED,"index, follow",indexable_observed,true,true,backend_sitemap_source,2026-08-10T04:32:04.479Z,
https://fermatmind.com/zh/articles/big-five-feedback-preferences-as-hypotheses,https://fermatmind.com/zh/articles/big-five-feedback-preferences-as-hypotheses,zh,article_detail,/zh/articles/big-five-feedback-preferences-as-hypotheses,live_sitemap|backend_sitemap_source,200,RENDERED,"index, follow",indexable_observed,true,false,backend_sitemap_source,2026-08-10T04:32:07.490Z,
https://fermatmind.com/zh/articles/big-five-friendship-differences-without-compatibility-scores,https://fermatmind.com/zh/articles/big-five-friendship-differences-without-compatibility-scores,zh,article_detail,/zh/articles/big-five-friendship-differences-without-compatibility-scores,live_sitemap|backend_sitemap_source,200,RENDERED,"index, follow",indexable_observed,true,false,backend_sitemap_source,2026-08-10T04:32:10.671Z,
https://fermatmind.com/zh/articles/big-five-goal-setting-use-results-as-hypotheses,https://fermatmind.com/zh/articles/big-five-goal-setting-use-results-as-hypotheses,zh,article_detail,/zh/articles/big-five-goal-setting-use-results-as-hypotheses,live_sitemap|backend_sitemap_source,200,RENDERED,"index, follow",indexable_observed,true,false,backend_sitemap_source,2026-08-10T04:32:13.908Z,
https://fermatmind.com/zh/articles/big-five-growth-guide,https://fermatmind.com/zh/articles/big-five-growth-guide,zh,article_detail,/zh/articles/big-five-growth-guide,live_sitemap|backend_sitemap_source,200,RENDERED,"index, follow",indexable_observed,true,true,backend_sitemap_source,2026-08-10T04:32:16.373Z,
https://fermatmind.com/zh/articles/big-five-leadership-reflection-not-leader-prediction,https://fermatmind.com/zh/articles/big-five-leadership-reflection-not-leader-prediction,zh,article_detail,/zh/articles/big-five-leadership-reflection-not-leader-prediction,live_sitemap|backend_sitemap_source,200,RENDERED,"index, follow",indexable_observed,true,false,backend_sitemap_source,2026-08-10T04:32:21.359Z,
https://fermatmind.com/zh/articles/big-five-learning-preferences-test-dont-prescribe,https://fermatmind.com/zh/articles/big-five-learning-preferences-test-dont-prescribe,zh,article_detail,/zh/articles/big-five-learning-preferences-test-dont-prescribe,live_sitemap|backend_sitemap_source,200,RENDERED,"index, follow",indexable_observed,true,false,backend_sitemap_source,2026-08-10T04:32:25.258Z,
https://fermatmind.com/zh/articles/big-five-meeting-participation-without-personality-labels,https://fermatmind.com/zh/articles/big-five-meeting-participation-without-personality-labels,zh,article_detail,/zh/articles/big-five-meeting-participation-without-personality-labels,live_sitemap|backend_sitemap_source,200,RENDERED,"index, follow",indexable_observed,true,false,backend_sitemap_source,2026-08-10T04:32:26.755Z,
https://fermatmind.com/zh/articles/big-five-model-history-from-words-to-traits,https://fermatmind.com/zh/articles/big-five-model-history-from-words-to-traits,zh,article_detail,/zh/articles/big-five-model-history-from-words-to-traits,live_sitemap|backend_sitemap_source,200,RENDERED,"index, follow",indexable_observed,true,false,backend_sitemap_source,2026-08-10T04:32:32.423Z,
https://fermatmind.com/zh/articles/big-five-myths-types-destiny-and-perfect-scores,https://fermatmind.com/zh/articles/big-five-myths-types-destiny-and-perfect-scores,zh,article_detail,/zh/articles/big-five-myths-types-destiny-and-perfect-scores,live_sitemap|backend_sitemap_source,200,RENDERED,"index, follow",indexable_observed,true,false,backend_sitemap_source,2026-08-10T04:32:33.115Z,
https://fermatmind.com/zh/articles/big-five-narrative-portrait,https://fermatmind.com/zh/articles/big-five-narrative-portrait,zh,article_detail,/zh/articles/big-five-narrative-portrait,live_sitemap|backend_sitemap_source,200,RENDERED,"index, follow",indexable_observed,true,true,backend_sitemap_source,2026-08-10T04:32:38.023Z,
https://fermatmind.com/zh/articles/big-five-personal-boundaries-traits-do-not-override-consent,https://fermatmind.com/zh/articles/big-five-personal-boundaries-traits-do-not-override-consent,zh,article_detail,/zh/articles/big-five-personal-boundaries-traits-do-not-override-consent,live_sitemap|backend_sitemap_source,200,RENDERED,"index, follow",indexable_observed,true,false,backend_sitemap_source,2026-08-10T04:32:38.871Z,
https://fermatmind.com/zh/articles/big-five-personality-test-vs-mbti,https://fermatmind.com/zh/articles/big-five-personality-test-vs-mbti,zh,article_detail,/zh/articles/big-five-personality-test-vs-mbti,live_sitemap|backend_sitemap_source,200,RENDERED,"index, follow",indexable_observed,true,false,backend_sitemap_source,2026-08-10T04:32:43.689Z,
https://fermatmind.com/zh/articles/big-five-planning-system-run-a-two-week-experiment,https://fermatmind.com/zh/articles/big-five-planning-system-run-a-two-week-experiment,zh,article_detail,/zh/articles/big-five-planning-system-run-a-two-week-experiment,live_sitemap|backend_sitemap_source,200,RENDERED,"index, follow",indexable_observed,true,false,backend_sitemap_source,2026-08-10T04:32:44.595Z,
https://fermatmind.com/zh/articles/big-five-retest-differences-measurement-and-context,https://fermatmind.com/zh/articles/big-five-retest-differences-measurement-and-context,zh,article_detail,/zh/articles/big-five-retest-differences-measurement-and-context,live_sitemap|backend_sitemap_source,200,RENDERED,"index, follow",indexable_observed,true,false,backend_sitemap_source,2026-08-10T04:32:48.922Z,
https://fermatmind.com/zh/articles/big-five-score-ranges-what-high-middle-low-can-mean,https://fermatmind.com/zh/articles/big-five-score-ranges-what-high-middle-low-can-mean,zh,article_detail,/zh/articles/big-five-score-ranges-what-high-middle-low-can-mean,live_sitemap|backend_sitemap_source,200,RENDERED,"index, follow",indexable_observed,true,false,backend_sitemap_source,2026-08-10T04:32:50.125Z,
https://fermatmind.com/zh/articles/big-five-self-regulation-build-a-context-plan,https://fermatmind.com/zh/articles/big-five-self-regulation-build-a-context-plan,zh,article_detail,/zh/articles/big-five-self-regulation-build-a-context-plan,live_sitemap|backend_sitemap_source,200,RENDERED,"index, follow",indexable_observed,true,false,backend_sitemap_source,2026-08-10T04:32:55.086Z,
https://fermatmind.com/zh/articles/big-five-self-report-bias-and-response-context,https://fermatmind.com/zh/articles/big-five-self-report-bias-and-response-context,zh,article_detail,/zh/articles/big-five-self-report-bias-and-response-context,live_sitemap|backend_sitemap_source,200,RENDERED,"index, follow",indexable_observed,true,false,backend_sitemap_source,2026-08-10T04:32:55.986Z,
https://fermatmind.com/zh/articles/big-five-stress-response-patterns-without-diagnosis,https://fermatmind.com/zh/articles/big-five-stress-response-patterns-without-diagnosis,zh,article_detail,/zh/articles/big-five-stress-response-patterns-without-diagnosis,live_sitemap|backend_sitemap_source,200,RENDERED,"index, follow",indexable_observed,true,false,backend_sitemap_source,2026-08-10T04:33:03.194Z,
https://fermatmind.com/zh/articles/big-five-study-limitations-sample-measures-and-causality,https://fermatmind.com/zh/articles/big-five-study-limitations-sample-measures-and-causality,zh,article_detail,/zh/articles/big-five-study-limitations-sample-measures-and-causality,live_sitemap|backend_sitemap_source,200,RENDERED,"index, follow",indexable_observed,true,true,backend_sitemap_source,2026-08-10T04:33:03.984Z,
https://fermatmind.com/zh/articles/big-five-teamwork-conversation-guide-not-fit-score,https://fermatmind.com/zh/articles/big-five-teamwork-conversation-guide-not-fit-score,zh,article_detail,/zh/articles/big-five-teamwork-conversation-guide-not-fit-score,live_sitemap|backend_sitemap_source,200,RENDERED,"index, follow",indexable_observed,true,false,backend_sitemap_source,2026-08-10T04:33:08.677Z,
https://fermatmind.com/zh/articles/big-five-tool-guide,https://fermatmind.com/zh/articles/big-five-tool-guide,zh,article_detail,/zh/articles/big-five-tool-guide,live_sitemap|backend_sitemap_source,200,RENDERED,"index, follow",indexable_observed,true,false,backend_sitemap_source,2026-08-10T04:33:09.921Z,
https://fermatmind.com/zh/articles/big-five-traits-are-continuums-not-boxes,https://fermatmind.com/zh/articles/big-five-traits-are-continuums-not-boxes,zh,article_detail,/zh/articles/big-five-traits-are-continuums-not-boxes,live_sitemap|backend_sitemap_source,200,RENDERED,"index, follow",indexable_observed,true,false,backend_sitemap_source,2026-08-10T04:33:14.853Z,
https://fermatmind.com/zh/articles/big-five-vs-disc-measurement-and-workplace-language,https://fermatmind.com/zh/articles/big-five-vs-disc-measurement-and-workplace-language,zh,article_detail,/zh/articles/big-five-vs-disc-measurement-and-workplace-language,live_sitemap|backend_sitemap_source,200,RENDERED,"index, follow",indexable_observed,true,false,backend_sitemap_source,2026-08-10T04:33:15.783Z,
https://fermatmind.com/zh/articles/big-five-vs-enneagram-traits-and-motivation-stories,https://fermatmind.com/zh/articles/big-five-vs-enneagram-traits-and-motivation-stories,zh,article_detail,/zh/articles/big-five-vs-enneagram-traits-and-motivation-stories,live_sitemap|backend_sitemap_source,200,RENDERED,"index, follow",indexable_observed,true,false,backend_sitemap_source,2026-08-10T04:33:24.296Z,
https://fermatmind.com/zh/articles/big-five-vs-riasec-personality-traits-and-career-interests,https://fermatmind.com/zh/articles/big-five-vs-riasec-personality-traits-and-career-interests,zh,article_detail,/zh/articles/big-five-vs-riasec-personality-traits-and-career-interests,live_sitemap|backend_sitemap_source,200,RENDERED,"index, follow",indexable_observed,true,false,backend_sitemap_source,2026-08-10T04:33:25.100Z,
https://fermatmind.com/zh/articles/big-five-work-environment-preferences-as-experiments,https://fermatmind.com/zh/articles/big-five-work-environment-preferences-as-experiments,zh,article_detail,/zh/articles/big-five-work-environment-preferences-as-experiments,live_sitemap|backend_sitemap_source,200,RENDERED,"index, follow",indexable_observed,true,false,backend_sitemap_source,2026-08-10T04:33:30.323Z,
https://fermatmind.com/zh/articles/can-big-five-personality-traits-change-over-time,https://fermatmind.com/zh/articles/can-big-five-personality-traits-change-over-time,zh,article_detail,/zh/articles/can-big-five-personality-traits-change-over-time,live_sitemap|backend_sitemap_source,200,RENDERED,"index, follow",indexable_observed,true,false,backend_sitemap_source,2026-08-10T04:33:31.232Z,
https://fermatmind.com/zh/articles/career-confusion-test-map,https://fermatmind.com/zh/articles/career-confusion-test-map,zh,article_detail,/zh/articles/career-confusion-test-map,live_sitemap|backend_sitemap_source,200,RENDERED,"index, follow",indexable_observed,true,false,backend_sitemap_source,2026-08-10T04:33:34.899Z,
https://fermatmind.com/zh/articles/career-interest-vs-personality-test-differences,https://fermatmind.com/zh/articles/career-interest-vs-personality-test-differences,zh,article_detail,/zh/articles/career-interest-vs-personality-test-differences,live_sitemap|backend_sitemap_source,200,RENDERED,"index, follow",indexable_observed,true,false,backend_sitemap_source,2026-08-10T04:33:36.703Z,
https://fermatmind.com/zh/articles/childhood-dream-job-still-shapes-career-choice,https://fermatmind.com/zh/articles/childhood-dream-job-still-shapes-career-choice,zh,article_detail,/zh/articles/childhood-dream-job-still-shapes-career-choice,live_sitemap|backend_sitemap_source,200,RENDERED,"index, follow",indexable_observed,true,true,backend_sitemap_source,2026-08-10T04:33:41.645Z,
https://fermatmind.com/zh/articles/college-major-choice-holland-mbti-career-test,https://fermatmind.com/zh/articles/college-major-choice-holland-mbti-career-test,zh,article_detail,/zh/articles/college-major-choice-holland-mbti-career-test,live_sitemap|backend_sitemap_source,200,RENDERED,"index, follow",indexable_observed,true,false,backend_sitemap_source,2026-08-10T04:33:42.092Z,
https://fermatmind.com/zh/articles/daily-wellbeing-support-personality-is-one-context,https://fermatmind.com/zh/articles/daily-wellbeing-support-personality-is-one-context,zh,article_detail,/zh/articles/daily-wellbeing-support-personality-is-one-context,live_sitemap|backend_sitemap_source,200,RENDERED,"index, follow",indexable_observed,true,false,backend_sitemap_source,2026-08-10T04:33:47.599Z,
https://fermatmind.com/zh/articles/enneagram-personality-test-explained,https://fermatmind.com/zh/articles/enneagram-personality-test-explained,zh,article_detail,/zh/articles/enneagram-personality-test-explained,live_sitemap|backend_sitemap_source,200,RENDERED,"index, follow",indexable_observed,true,false,backend_sitemap_source,2026-08-10T04:33:48.385Z,
https://fermatmind.com/zh/articles/enneagram-workplace-friction-core-motivations,https://fermatmind.com/zh/articles/enneagram-workplace-friction-core-motivations,zh,article_detail,/zh/articles/enneagram-workplace-friction-core-motivations,live_sitemap|backend_sitemap_source,200,RENDERED,"index, follow",indexable_observed,true,false,backend_sitemap_source,2026-08-10T04:33:55.304Z,
https://fermatmind.com/zh/articles/eq-test-tool-guide,https://fermatmind.com/zh/articles/eq-test-tool-guide,zh,article_detail,/zh/articles/eq-test-tool-guide,live_sitemap|backend_sitemap_source,200,RENDERED,"index, follow",indexable_observed,true,false,backend_sitemap_source,2026-08-10T04:33:55.995Z,
https://fermatmind.com/zh/articles/gaokao-major-adjustment-unacceptable-major-checklist,https://fermatmind.com/zh/articles/gaokao-major-adjustment-unacceptable-major-checklist,zh,article_detail,/zh/articles/gaokao-major-adjustment-unacceptable-major-checklist,live_sitemap|backend_sitemap_source,200,RENDERED,"index, follow",indexable_observed,true,false,backend_sitemap_source,2026-08-10T04:33:59.648Z,
https://fermatmind.com/zh/articles/gaokao-major-choice-parent-conflict-riasec-course-checklist,https://fermatmind.com/zh/articles/gaokao-major-choice-parent-conflict-riasec-course-checklist,zh,article_detail,/zh/articles/gaokao-major-choice-parent-conflict-riasec-course-checklist,live_sitemap|backend_sitemap_source,200,RENDERED,"index, follow",indexable_observed,true,false,backend_sitemap_source,2026-08-10T04:34:00.553Z,
https://fermatmind.com/zh/articles/gaokao-score-major-shortlist-riasec-checklist,https://fermatmind.com/zh/articles/gaokao-score-major-shortlist-riasec-checklist,zh,article_detail,/zh/articles/gaokao-score-major-shortlist-riasec-checklist,live_sitemap|backend_sitemap_source,200,RENDERED,"index, follow",indexable_observed,true,false,backend_sitemap_source,2026-08-10T04:34:05.164Z,
https://fermatmind.com/zh/articles/habits-and-big-five-traits-behavior-is-not-identity,https://fermatmind.com/zh/articles/habits-and-big-five-traits-behavior-is-not-identity,zh,article_detail,/zh/articles/habits-and-big-five-traits-behavior-is-not-identity,live_sitemap|backend_sitemap_source,200,RENDERED,"index, follow",indexable_observed,true,false,backend_sitemap_source,2026-08-10T04:34:05.826Z,
https://fermatmind.com/zh/articles/holland-career-interest-test-can-and-cannot-tell-you,https://fermatmind.com/zh/articles/holland-career-interest-test-can-and-cannot-tell-you,zh,article_detail,/zh/articles/holland-career-interest-test-can-and-cannot-tell-you,live_sitemap|backend_sitemap_source,200,RENDERED,"index, follow",indexable_observed,true,false,backend_sitemap_source,2026-08-10T04:34:10.481Z,
https://fermatmind.com/zh/articles/hot-major-fit-riasec-course-career-checklist,https://fermatmind.com/zh/articles/hot-major-fit-riasec-course-career-checklist,zh,article_detail,/zh/articles/hot-major-fit-riasec-course-career-checklist,live_sitemap|backend_sitemap_source,200,RENDERED,"index, follow",indexable_observed,true,false,backend_sitemap_source,2026-08-10T04:34:10.704Z,
https://fermatmind.com/zh/articles/how-16-personality-types-talk-to-an-ai-coach,https://fermatmind.com/zh/articles/how-16-personality-types-talk-to-an-ai-coach,zh,article_detail,/zh/articles/how-16-personality-types-talk-to-an-ai-coach,live_sitemap|backend_sitemap_source,200,RENDERED,"index, follow",indexable_observed,true,true,backend_sitemap_source,2026-08-10T04:34:15.121Z,
https://fermatmind.com/zh/articles/how-personality-shapes-attitude-toward-ai,https://fermatmind.com/zh/articles/how-personality-shapes-attitude-toward-ai,zh,article_detail,/zh/articles/how-personality-shapes-attitude-toward-ai,live_sitemap|backend_sitemap_source,200,RENDERED,"index, follow",indexable_observed,true,true,backend_sitemap_source,2026-08-10T04:34:15.823Z,
https://fermatmind.com/zh/articles/how-to-discuss-big-five-results-with-someone-else,https://fermatmind.com/zh/articles/how-to-discuss-big-five-results-with-someone-else,zh,article_detail,/zh/articles/how-to-discuss-big-five-results-with-someone-else,live_sitemap|backend_sitemap_source,200,RENDERED,"index, follow",indexable_observed,true,false,backend_sitemap_source,2026-08-10T04:34:19.884Z,
https://fermatmind.com/zh/articles/how-to-place-new-big-five-research-in-context,https://fermatmind.com/zh/articles/how-to-place-new-big-five-research-in-context,zh,article_detail,/zh/articles/how-to-place-new-big-five-research-in-context,live_sitemap|backend_sitemap_source,200,RENDERED,"index, follow",indexable_observed,true,true,backend_sitemap_source,2026-08-10T04:34:20.522Z,
https://fermatmind.com/zh/articles/how-to-read-a-big-five-research-paper,https://fermatmind.com/zh/articles/how-to-read-a-big-five-research-paper,zh,article_detail,/zh/articles/how-to-read-a-big-five-research-paper,live_sitemap|backend_sitemap_source,200,RENDERED,"index, follow",indexable_observed,true,true,backend_sitemap_source,2026-08-10T04:34:26.513Z,
https://fermatmind.com/zh/articles/how-to-read-big-five-results-without-self-labeling,https://fermatmind.com/zh/articles/how-to-read-big-five-results-without-self-labeling,zh,article_detail,/zh/articles/how-to-read-big-five-results-without-self-labeling,live_sitemap|backend_sitemap_source,200,RENDERED,"index, follow",indexable_observed,true,false,backend_sitemap_source,2026-08-10T04:34:27.353Z,
https://fermatmind.com/zh/articles/iq-test-growth-guide,https://fermatmind.com/zh/articles/iq-test-growth-guide,zh,article_detail,/zh/articles/iq-test-growth-guide,live_sitemap|backend_sitemap_source,200,RENDERED,"index, follow",indexable_observed,true,true,backend_sitemap_source,2026-08-10T04:34:31.894Z,
https://fermatmind.com/zh/articles/iq-test-narrative-portrait,https://fermatmind.com/zh/articles/iq-test-narrative-portrait,zh,article_detail,/zh/articles/iq-test-narrative-portrait,live_sitemap|backend_sitemap_source,200,RENDERED,"index, follow",indexable_observed,true,true,backend_sitemap_source,2026-08-10T04:34:33.608Z,
https://fermatmind.com/zh/articles/iq-test-score-and-limits-explained,https://fermatmind.com/zh/articles/iq-test-score-and-limits-explained,zh,article_detail,/zh/articles/iq-test-score-and-limits-explained,live_sitemap|backend_sitemap_source,200,RENDERED,"index, follow",indexable_observed,true,false,backend_sitemap_source,2026-08-10T04:34:37.768Z,
https://fermatmind.com/zh/articles/iq-test-tool-guide,https://fermatmind.com/zh/articles/iq-test-tool-guide,zh,article_detail,/zh/articles/iq-test-tool-guide,live_sitemap|backend_sitemap_source,200,RENDERED,"index, follow",indexable_observed,true,true,backend_sitemap_source,2026-08-10T04:34:38.395Z,
https://fermatmind.com/zh/articles/life-events-and-personality-change-what-research-can-say,https://fermatmind.com/zh/articles/life-events-and-personality-change-what-research-can-say,zh,article_detail,/zh/articles/life-events-and-personality-change-what-research-can-say,live_sitemap|backend_sitemap_source,200,RENDERED,"index, follow",indexable_observed,true,false,backend_sitemap_source,2026-08-10T04:34:43.321Z,
https://fermatmind.com/zh/articles/major-career-mismatch-job-search-skills-plan,https://fermatmind.com/zh/articles/major-career-mismatch-job-search-skills-plan,zh,article_detail,/zh/articles/major-career-mismatch-job-search-skills-plan,live_sitemap|backend_sitemap_source,200,RENDERED,"index, follow",indexable_observed,true,false,backend_sitemap_source,2026-08-10T04:34:44.518Z,
https://fermatmind.com/zh/articles/major-category-program-tracking-riasec-choice-checklist,https://fermatmind.com/zh/articles/major-category-program-tracking-riasec-choice-checklist,zh,article_detail,/zh/articles/major-category-program-tracking-riasec-choice-checklist,live_sitemap|backend_sitemap_source,200,RENDERED,"index, follow",indexable_observed,true,false,backend_sitemap_source,2026-08-10T04:34:48.898Z,
https://fermatmind.com/zh/articles/math-not-good-computer-ai-major-course-riasec-checklist,https://fermatmind.com/zh/articles/math-not-good-computer-ai-major-course-riasec-checklist,zh,article_detail,/zh/articles/math-not-good-computer-ai-major-course-riasec-checklist,live_sitemap|backend_sitemap_source,200,RENDERED,"index, follow",indexable_observed,true,false,backend_sitemap_source,2026-08-10T04:34:49.863Z,
https://fermatmind.com/zh/articles/mbti-basics,https://fermatmind.com/zh/articles/mbti-basics,zh,article_detail,/zh/articles/mbti-basics,live_sitemap|backend_sitemap_source,200,RENDERED,"index, follow",indexable_observed,true,false,backend_sitemap_source,2026-08-10T04:34:54.653Z,
https://fermatmind.com/zh/articles/mbti-full-report-career-relationship-communication,https://fermatmind.com/zh/articles/mbti-full-report-career-relationship-communication,zh,article_detail,/zh/articles/mbti-full-report-career-relationship-communication,live_sitemap|backend_sitemap_source,200,RENDERED,"index, follow",indexable_observed,true,false,backend_sitemap_source,2026-08-10T04:34:55.594Z,
https://fermatmind.com/zh/articles/mbti-growth-guide,https://fermatmind.com/zh/articles/mbti-growth-guide,zh,article_detail,/zh/articles/mbti-growth-guide,live_sitemap|backend_sitemap_source,200,RENDERED,"index, follow",indexable_observed,true,true,backend_sitemap_source,2026-08-10T04:35:00.517Z,
https://fermatmind.com/zh/articles/mbti-narrative-portrait,https://fermatmind.com/zh/articles/mbti-narrative-portrait,zh,article_detail,/zh/articles/mbti-narrative-portrait,live_sitemap|backend_sitemap_source,200,RENDERED,"index, follow",indexable_observed,true,true,backend_sitemap_source,2026-08-10T04:35:01.129Z,
https://fermatmind.com/zh/articles/mbti-personality-test-science-vs-pseudoscience,https://fermatmind.com/zh/articles/mbti-personality-test-science-vs-pseudoscience,zh,article_detail,/zh/articles/mbti-personality-test-science-vs-pseudoscience,live_sitemap|backend_sitemap_source,200,RENDERED,"index, follow",indexable_observed,true,false,backend_sitemap_source,2026-08-10T04:35:04.927Z,
https://fermatmind.com/zh/articles/mbti-vs-holland-career-choice,https://fermatmind.com/zh/articles/mbti-vs-holland-career-choice,zh,article_detail,/zh/articles/mbti-vs-holland-career-choice,live_sitemap|backend_sitemap_source,200,RENDERED,"index, follow",indexable_observed,true,false,backend_sitemap_source,2026-08-10T04:35:05.557Z,
https://fermatmind.com/zh/articles/ocean-traits-what-the-five-letters-mean,https://fermatmind.com/zh/articles/ocean-traits-what-the-five-letters-mean,zh,article_detail,/zh/articles/ocean-traits-what-the-five-letters-mean,live_sitemap|backend_sitemap_source,200,RENDERED,"index, follow",indexable_observed,true,false,backend_sitemap_source,2026-08-10T04:35:11.870Z,
https://fermatmind.com/zh/articles/openness-and-creativity-related-not-the-same,https://fermatmind.com/zh/articles/openness-and-creativity-related-not-the-same,zh,article_detail,/zh/articles/openness-and-creativity-related-not-the-same,live_sitemap|backend_sitemap_source,200,RENDERED,"index, follow",indexable_observed,true,false,backend_sitemap_source,2026-08-10T04:35:13.391Z,
https://fermatmind.com/zh/articles/personality-test-norms-percentiles-and-unknowns,https://fermatmind.com/zh/articles/personality-test-norms-percentiles-and-unknowns,zh,article_detail,/zh/articles/personality-test-norms-percentiles-and-unknowns,live_sitemap|backend_sitemap_source,200,RENDERED,"index, follow",indexable_observed,true,false,backend_sitemap_source,2026-08-10T04:35:22.786Z,
https://fermatmind.com/zh/articles/procrastination-is-not-a-big-five-personality-label,https://fermatmind.com/zh/articles/procrastination-is-not-a-big-five-personality-label,zh,article_detail,/zh/articles/procrastination-is-not-a-big-five-personality-label,live_sitemap|backend_sitemap_source,200,RENDERED,"index, follow",indexable_observed,true,false,backend_sitemap_source,2026-08-10T04:35:23.709Z,
https://fermatmind.com/zh/articles/reliability-and-validity-in-personality-tests-explained,https://fermatmind.com/zh/articles/reliability-and-validity-in-personality-tests-explained,zh,article_detail,/zh/articles/reliability-and-validity-in-personality-tests-explained,live_sitemap|backend_sitemap_source,200,RENDERED,"index, follow",indexable_observed,true,false,backend_sitemap_source,2026-08-10T04:35:30.198Z,
https://fermatmind.com/zh/articles/riasec-holland-career-interest-test-explained,https://fermatmind.com/zh/articles/riasec-holland-career-interest-test-explained,zh,article_detail,/zh/articles/riasec-holland-career-interest-test-explained,live_sitemap|backend_sitemap_source,200,RENDERED,"index, follow",indexable_observed,true,false,backend_sitemap_source,2026-08-10T04:35:31.240Z,
https://fermatmind.com/zh/articles/stress-recovery-log-separate-patterns-from-traits,https://fermatmind.com/zh/articles/stress-recovery-log-separate-patterns-from-traits,zh,article_detail,/zh/articles/stress-recovery-log-separate-patterns-from-traits,live_sitemap|backend_sitemap_source,200,RENDERED,"index, follow",indexable_observed,true,false,backend_sitemap_source,2026-08-10T04:35:37.606Z,
https://fermatmind.com/zh/articles/track-personality-related-behavior-without-chasing-scores,https://fermatmind.com/zh/articles/track-personality-related-behavior-without-chasing-scores,zh,article_detail,/zh/articles/track-personality-related-behavior-without-chasing-scores,live_sitemap|backend_sitemap_source,200,RENDERED,"index, follow",indexable_observed,true,false,backend_sitemap_source,2026-08-10T04:35:38.583Z,
https://fermatmind.com/zh/articles/unwanted-major-adjustment-riasec-transfer-plan,https://fermatmind.com/zh/articles/unwanted-major-adjustment-riasec-transfer-plan,zh,article_detail,/zh/articles/unwanted-major-adjustment-riasec-transfer-plan,live_sitemap|backend_sitemap_source,200,RENDERED,"index, follow",indexable_observed,true,false,backend_sitemap_source,2026-08-10T04:35:44.279Z,
https://fermatmind.com/zh/articles/unwanted-major-repeat-or-stay-riasec-decision-checklist,https://fermatmind.com/zh/articles/unwanted-major-repeat-or-stay-riasec-decision-checklist,zh,article_detail,/zh/articles/unwanted-major-repeat-or-stay-riasec-decision-checklist,live_sitemap|backend_sitemap_source,200,RENDERED,"index, follow",indexable_observed,true,false,backend_sitemap_source,2026-08-10T04:35:45.330Z,
https://fermatmind.com/zh/articles/using-big-five-and-mbti-together-without-equating-them,https://fermatmind.com/zh/articles/using-big-five-and-mbti-together-without-equating-them,zh,article_detail,/zh/articles/using-big-five-and-mbti-together-without-equating-them,live_sitemap|backend_sitemap_source,200,RENDERED,"index, follow",indexable_observed,true,false,backend_sitemap_source,2026-08-10T04:35:52.523Z,
https://fermatmind.com/zh/articles/when-personality-content-is-not-enough-seek-professional-help,https://fermatmind.com/zh/articles/when-personality-content-is-not-enough-seek-professional-help,zh,article_detail,/zh/articles/when-personality-content-is-not-enough-seek-professional-help,live_sitemap|backend_sitemap_source,200,RENDERED,"index, follow",indexable_observed,true,false,backend_sitemap_source,2026-08-10T04:35:53.037Z,
https://fermatmind.com/zh/articles/when-to-retest-big-five-and-what-a-score-change-means,https://fermatmind.com/zh/articles/when-to-retest-big-five-and-what-a-score-change-means,zh,article_detail,/zh/articles/when-to-retest-big-five-and-what-a-score-change-means,live_sitemap|backend_sitemap_source,200,RENDERED,"index, follow",indexable_observed,true,false,backend_sitemap_source,2026-08-10T04:35:58.801Z,
https://fermatmind.com/zh/articles/which-love-script-fits-you-best,https://fermatmind.com/zh/articles/which-love-script-fits-you-best,zh,article_detail,/zh/articles/which-love-script-fits-you-best,live_sitemap|backend_sitemap_source,200,RENDERED,"index, follow",indexable_observed,true,true,backend_sitemap_source,2026-08-10T04:35:59.747Z,
https://fermatmind.com/zh/articles/why-big-five-is-not-a-personality-type-system,https://fermatmind.com/zh/articles/why-big-five-is-not-a-personality-type-system,zh,article_detail,/zh/articles/why-big-five-is-not-a-personality-type-system,live_sitemap|backend_sitemap_source,200,RENDERED,"index, follow",indexable_observed,true,false,backend_sitemap_source,2026-08-10T04:36:04.590Z,
https://fermatmind.com/zh/brand,https://fermatmind.com/zh/brand,zh,content_page,/zh/brand,live_sitemap|backend_sitemap_source,200,RENDERED,"index, follow",indexable_observed,true,true,backend_sitemap_source,2026-08-10T04:36:05.393Z,
https://fermatmind.com/zh/business,https://fermatmind.com/zh/business,zh,content_page,/zh/business,live_sitemap|backend_sitemap_source,200,RENDERED,"index, follow",indexable_observed,true,false,backend_sitemap_source,2026-08-10T04:36:10.342Z,
https://fermatmind.com/zh/career,https://fermatmind.com/zh/career,zh,career_hub,/zh/career,live_sitemap|backend_sitemap_source,200,RENDERED,"index, follow",indexable_observed,true,true,backend_sitemap_source,2026-08-10T04:36:11.690Z,
https://fermatmind.com/zh/career/guides,https://fermatmind.com/zh/career/guides,zh,career_guide_hub,/zh/career/guides,live_sitemap|backend_sitemap_source,200,RENDERED,"index, follow",indexable_observed,true,true,backend_sitemap_source,2026-08-10T04:36:16.988Z,
https://fermatmind.com/zh/career/guides/annual-career-review-system,https://fermatmind.com/zh/career/guides/annual-career-review-system,zh,career_guide_detail,/zh/career/guides/annual-career-review-system,live_sitemap|backend_sitemap_source,200,RENDERED,"index, follow",indexable_observed,true,false,backend_sitemap_source,2026-08-10T04:36:17.799Z,
https://fermatmind.com/zh/career/guides/big5-for-career-decisions,https://fermatmind.com/zh/career/guides/big5-for-career-decisions,zh,career_guide_detail,/zh/career/guides/big5-for-career-decisions,live_sitemap|backend_sitemap_source,200,RENDERED,"index, follow",indexable_observed,true,false,backend_sitemap_source,2026-08-10T04:36:23.113Z,
https://fermatmind.com/zh/career/guides/build-five-year-career-roadmap,https://fermatmind.com/zh/career/guides/build-five-year-career-roadmap,zh,career_guide_detail,/zh/career/guides/build-five-year-career-roadmap,live_sitemap|backend_sitemap_source,200,RENDERED,"index, follow",indexable_observed,true,false,backend_sitemap_source,2026-08-10T04:36:24.197Z,
https://fermatmind.com/zh/career/guides/build-portfolio-for-career-switch,https://fermatmind.com/zh/career/guides/build-portfolio-for-career-switch,zh,career_guide_detail,/zh/career/guides/build-portfolio-for-career-switch,live_sitemap|backend_sitemap_source,200,RENDERED,"index, follow",indexable_observed,true,false,backend_sitemap_source,2026-08-10T04:36:28.452Z,
https://fermatmind.com/zh/career/guides/career-growth-with-manager,https://fermatmind.com/zh/career/guides/career-growth-with-manager,zh,career_guide_detail,/zh/career/guides/career-growth-with-manager,live_sitemap|backend_sitemap_source,200,RENDERED,"index, follow",indexable_observed,true,false,backend_sitemap_source,2026-08-10T04:36:29.481Z,
https://fermatmind.com/zh/career/guides/career-risk-management,https://fermatmind.com/zh/career/guides/career-risk-management,zh,career_guide_detail,/zh/career/guides/career-risk-management,live_sitemap|backend_sitemap_source,200,RENDERED,"index, follow",indexable_observed,true,false,backend_sitemap_source,2026-08-10T04:36:32.522Z,
https://fermatmind.com/zh/career/guides/career-transition-playbook,https://fermatmind.com/zh/career/guides/career-transition-playbook,zh,career_guide_detail,/zh/career/guides/career-transition-playbook,live_sitemap|backend_sitemap_source,200,RENDERED,"index, follow",indexable_observed,true,false,backend_sitemap_source,2026-08-10T04:36:33.630Z,
https://fermatmind.com/zh/career/guides/cross-industry-move-strategy,https://fermatmind.com/zh/career/guides/cross-industry-move-strategy,zh,career_guide_detail,/zh/career/guides/cross-industry-move-strategy,live_sitemap|backend_sitemap_source,200,RENDERED,"index, follow",indexable_observed,true,false,backend_sitemap_source,2026-08-10T04:36:37.786Z,
https://fermatmind.com/zh/career/guides/first-90-days-in-new-role,https://fermatmind.com/zh/career/guides/first-90-days-in-new-role,zh,career_guide_detail,/zh/career/guides/first-90-days-in-new-role,live_sitemap|backend_sitemap_source,200,RENDERED,"index, follow",indexable_observed,true,false,backend_sitemap_source,2026-08-10T04:36:39.355Z,
https://fermatmind.com/zh/career/guides/from-mbti-to-job-fit,https://fermatmind.com/zh/career/guides/from-mbti-to-job-fit,zh,career_guide_detail,/zh/career/guides/from-mbti-to-job-fit,live_sitemap|backend_sitemap_source,200,RENDERED,"index, follow",indexable_observed,true,false,backend_sitemap_source,2026-08-10T04:36:43.838Z,
https://fermatmind.com/zh/career/guides/how-to-choose-college-major,https://fermatmind.com/zh/career/guides/how-to-choose-college-major,zh,career_guide_detail,/zh/career/guides/how-to-choose-college-major,live_sitemap|backend_sitemap_source,200,RENDERED,"index, follow",indexable_observed,true,false,backend_sitemap_source,2026-08-10T04:36:44.739Z,
https://fermatmind.com/zh/career/guides/how-to-find-right-career-direction,https://fermatmind.com/zh/career/guides/how-to-find-right-career-direction,zh,career_guide_detail,/zh/career/guides/how-to-find-right-career-direction,live_sitemap|backend_sitemap_source,200,RENDERED,"index, follow",indexable_observed,true,false,backend_sitemap_source,2026-08-10T04:36:49.061Z,
https://fermatmind.com/zh/career/guides/improve-workplace-competitiveness,https://fermatmind.com/zh/career/guides/improve-workplace-competitiveness,zh,career_guide_detail,/zh/career/guides/improve-workplace-competitiveness,live_sitemap|backend_sitemap_source,200,RENDERED,"index, follow",indexable_observed,true,false,backend_sitemap_source,2026-08-10T04:36:49.854Z,
https://fermatmind.com/zh/career/guides/interview-strategy-by-role,https://fermatmind.com/zh/career/guides/interview-strategy-by-role,zh,career_guide_detail,/zh/career/guides/interview-strategy-by-role,live_sitemap|backend_sitemap_source,200,RENDERED,"index, follow",indexable_observed,true,false,backend_sitemap_source,2026-08-10T04:36:51.694Z,
https://fermatmind.com/zh/career/guides/iq-eq-balance-at-work,https://fermatmind.com/zh/career/guides/iq-eq-balance-at-work,zh,career_guide_detail,/zh/career/guides/iq-eq-balance-at-work,live_sitemap|backend_sitemap_source,200,RENDERED,"index, follow",indexable_observed,true,false,backend_sitemap_source,2026-08-10T04:36:53.959Z,
https://fermatmind.com/zh/career/guides/leader-track-vs-expert-track,https://fermatmind.com/zh/career/guides/leader-track-vs-expert-track,zh,career_guide_detail,/zh/career/guides/leader-track-vs-expert-track,live_sitemap|backend_sitemap_source,200,RENDERED,"index, follow",indexable_observed,true,false,backend_sitemap_source,2026-08-10T04:36:56.234Z,
https://fermatmind.com/zh/career/guides/networking-that-actually-works,https://fermatmind.com/zh/career/guides/networking-that-actually-works,zh,career_guide_detail,/zh/career/guides/networking-that-actually-works,live_sitemap|backend_sitemap_source,200,RENDERED,"index, follow",indexable_observed,true,false,backend_sitemap_source,2026-08-10T04:36:58.762Z,
https://fermatmind.com/zh/career/guides/personal-brand-for-professionals,https://fermatmind.com/zh/career/guides/personal-brand-for-professionals,zh,career_guide_detail,/zh/career/guides/personal-brand-for-professionals,live_sitemap|backend_sitemap_source,200,RENDERED,"index, follow",indexable_observed,true,false,backend_sitemap_source,2026-08-10T04:37:01.907Z,
https://fermatmind.com/zh/career/guides/prevent-burnout-while-growing,https://fermatmind.com/zh/career/guides/prevent-burnout-while-growing,zh,career_guide_detail,/zh/career/guides/prevent-burnout-while-growing,live_sitemap|backend_sitemap_source,200,RENDERED,"index, follow",indexable_observed,true,false,backend_sitemap_source,2026-08-10T04:37:02.359Z,
https://fermatmind.com/zh/career/guides/salary-negotiation-framework,https://fermatmind.com/zh/career/guides/salary-negotiation-framework,zh,career_guide_detail,/zh/career/guides/salary-negotiation-framework,live_sitemap|backend_sitemap_source,200,RENDERED,"index, follow",indexable_observed,true,false,backend_sitemap_source,2026-08-10T04:37:07.350Z,
https://fermatmind.com/zh/career/recommendations,https://fermatmind.com/zh/career/recommendations,zh,career_recommendation,/zh/career/recommendations,live_sitemap|backend_sitemap_source,200,RENDERED,"index, follow",indexable_observed,true,false,backend_sitemap_source,2026-08-10T04:37:08.306Z,
https://fermatmind.com/zh/career/tests,https://fermatmind.com/zh/career/tests,zh,career_other,/zh/career/tests,live_sitemap|backend_sitemap_source,200,RENDERED,"index, follow",indexable_observed,true,true,backend_sitemap_source,2026-08-10T04:37:09.734Z,
https://fermatmind.com/zh/careers,https://fermatmind.com/zh/careers,zh,content_page,/zh/careers,live_sitemap|backend_sitemap_source,200,RENDERED,"index, follow",indexable_observed,true,true,backend_sitemap_source,2026-08-10T04:37:12.136Z,
https://fermatmind.com/zh/charter,https://fermatmind.com/zh/charter,zh,content_page,/zh/charter,live_sitemap|backend_sitemap_source,200,RENDERED,"index, follow",indexable_observed,true,true,backend_sitemap_source,2026-08-10T04:37:13.894Z,
https://fermatmind.com/zh/foundation,https://fermatmind.com/zh/foundation,zh,content_page,/zh/foundation,live_sitemap|backend_sitemap_source,200,RENDERED,"index, follow",indexable_observed,true,true,backend_sitemap_source,2026-08-10T04:37:16.303Z,
https://fermatmind.com/zh/method-boundaries,https://fermatmind.com/zh/method-boundaries,zh,content_page,/zh/method-boundaries,live_sitemap|backend_sitemap_source,200,RENDERED,"index, follow",indexable_observed,true,true,backend_sitemap_source,2026-08-10T04:37:17.872Z,
https://fermatmind.com/zh/personality,https://fermatmind.com/zh/personality,zh,personality_hub,/zh/personality,live_sitemap|backend_sitemap_source,200,RENDERED,"index, follow",indexable_observed,true,true,backend_sitemap_source,2026-08-10T04:37:21.842Z,
https://fermatmind.com/zh/personality/big-five,https://fermatmind.com/zh/personality/big-five,zh,big_five_hub,/zh/personality/big-five,live_sitemap|backend_sitemap_source,200,RENDERED,"index, follow",indexable_observed,true,true,backend_sitemap_source,2026-08-10T04:37:22.638Z,
https://fermatmind.com/zh/personality/big-five/agreeableness,https://fermatmind.com/zh/personality/big-five/agreeableness,zh,big_five_detail,/zh/personality/big-five/agreeableness,live_sitemap|backend_sitemap_source,200,RENDERED,"index, follow",indexable_observed,true,true,backend_sitemap_source,2026-08-10T04:37:27.354Z,
https://fermatmind.com/zh/personality/big-five/agreeableness-high,https://fermatmind.com/zh/personality/big-five/agreeableness-high,zh,big_five_detail,/zh/personality/big-five/agreeableness-high,live_sitemap|backend_sitemap_source,200,RENDERED,"index, follow",indexable_observed,true,true,backend_sitemap_source,2026-08-10T04:37:28.221Z,
https://fermatmind.com/zh/personality/big-five/agreeableness-low,https://fermatmind.com/zh/personality/big-five/agreeableness-low,zh,big_five_detail,/zh/personality/big-five/agreeableness-low,live_sitemap|backend_sitemap_source,200,RENDERED,"index, follow",indexable_observed,true,true,backend_sitemap_source,2026-08-10T04:37:32.002Z,
https://fermatmind.com/zh/personality/big-five/agreeableness-mid,https://fermatmind.com/zh/personality/big-five/agreeableness-mid,zh,big_five_detail,/zh/personality/big-five/agreeableness-mid,live_sitemap|backend_sitemap_source,200,RENDERED,"index, follow",indexable_observed,true,true,backend_sitemap_source,2026-08-10T04:37:32.642Z,
https://fermatmind.com/zh/personality/big-five/conscientiousness,https://fermatmind.com/zh/personality/big-five/conscientiousness,zh,big_five_detail,/zh/personality/big-five/conscientiousness,live_sitemap|backend_sitemap_source,200,RENDERED,"index, follow",indexable_observed,true,true,backend_sitemap_source,2026-08-10T04:37:37.626Z,
https://fermatmind.com/zh/personality/big-five/conscientiousness-high,https://fermatmind.com/zh/personality/big-five/conscientiousness-high,zh,big_five_detail,/zh/personality/big-five/conscientiousness-high,live_sitemap|backend_sitemap_source,200,RENDERED,"index, follow",indexable_observed,true,true,backend_sitemap_source,2026-08-10T04:37:38.179Z,
https://fermatmind.com/zh/personality/big-five/conscientiousness-low,https://fermatmind.com/zh/personality/big-five/conscientiousness-low,zh,big_five_detail,/zh/personality/big-five/conscientiousness-low,live_sitemap|backend_sitemap_source,200,RENDERED,"index, follow",indexable_observed,true,true,backend_sitemap_source,2026-08-10T04:37:42.495Z,
https://fermatmind.com/zh/personality/big-five/conscientiousness-mid,https://fermatmind.com/zh/personality/big-five/conscientiousness-mid,zh,big_five_detail,/zh/personality/big-five/conscientiousness-mid,live_sitemap|backend_sitemap_source,200,RENDERED,"index, follow",indexable_observed,true,true,backend_sitemap_source,2026-08-10T04:37:43.156Z,
https://fermatmind.com/zh/personality/big-five/extraversion,https://fermatmind.com/zh/personality/big-five/extraversion,zh,big_five_detail,/zh/personality/big-five/extraversion,live_sitemap|backend_sitemap_source,200,RENDERED,"index, follow",indexable_observed,true,true,backend_sitemap_source,2026-08-10T04:37:48.047Z,
https://fermatmind.com/zh/personality/big-five/extraversion-high,https://fermatmind.com/zh/personality/big-five/extraversion-high,zh,big_five_detail,/zh/personality/big-five/extraversion-high,live_sitemap|backend_sitemap_source,200,RENDERED,"index, follow",indexable_observed,true,true,backend_sitemap_source,2026-08-10T04:37:48.566Z,
https://fermatmind.com/zh/personality/big-five/extraversion-low,https://fermatmind.com/zh/personality/big-five/extraversion-low,zh,big_five_detail,/zh/personality/big-five/extraversion-low,live_sitemap|backend_sitemap_source,200,RENDERED,"index, follow",indexable_observed,true,true,backend_sitemap_source,2026-08-10T04:37:53.256Z,
https://fermatmind.com/zh/personality/big-five/extraversion-mid,https://fermatmind.com/zh/personality/big-five/extraversion-mid,zh,big_five_detail,/zh/personality/big-five/extraversion-mid,live_sitemap|backend_sitemap_source,200,RENDERED,"index, follow",indexable_observed,true,true,backend_sitemap_source,2026-08-10T04:37:53.878Z,
https://fermatmind.com/zh/personality/big-five/facets,https://fermatmind.com/zh/personality/big-five/facets,zh,big_five_detail,/zh/personality/big-five/facets,live_sitemap|backend_sitemap_source,200,RENDERED,"index, follow",indexable_observed,true,true,backend_sitemap_source,2026-08-10T04:37:58.274Z,
https://fermatmind.com/zh/personality/big-five/facets/achievement-striving,https://fermatmind.com/zh/personality/big-five/facets/achievement-striving,zh,big_five_detail,/zh/personality/big-five/facets/achievement-striving,live_sitemap|backend_sitemap_source,200,RENDERED,"index, follow",indexable_observed,true,true,backend_sitemap_source,2026-08-10T04:37:59.055Z,
https://fermatmind.com/zh/personality/big-five/facets/actions,https://fermatmind.com/zh/personality/big-five/facets/actions,zh,big_five_detail,/zh/personality/big-five/facets/actions,live_sitemap|backend_sitemap_source,200,RENDERED,"index, follow",indexable_observed,true,true,backend_sitemap_source,2026-08-10T04:38:03.743Z,
https://fermatmind.com/zh/personality/big-five/facets/activity,https://fermatmind.com/zh/personality/big-five/facets/activity,zh,big_five_detail,/zh/personality/big-five/facets/activity,live_sitemap|backend_sitemap_source,200,RENDERED,"index, follow",indexable_observed,true,true,backend_sitemap_source,2026-08-10T04:38:04.489Z,
https://fermatmind.com/zh/personality/big-five/facets/aesthetics,https://fermatmind.com/zh/personality/big-five/facets/aesthetics,zh,big_five_detail,/zh/personality/big-five/facets/aesthetics,live_sitemap|backend_sitemap_source,200,RENDERED,"index, follow",indexable_observed,true,true,backend_sitemap_source,2026-08-10T04:38:09.431Z,
https://fermatmind.com/zh/personality/big-five/facets/altruism,https://fermatmind.com/zh/personality/big-five/facets/altruism,zh,big_five_detail,/zh/personality/big-five/facets/altruism,live_sitemap|backend_sitemap_source,200,RENDERED,"index, follow",indexable_observed,true,true,backend_sitemap_source,2026-08-10T04:38:10.102Z,
https://fermatmind.com/zh/personality/big-five/facets/anger,https://fermatmind.com/zh/personality/big-five/facets/anger,zh,big_five_detail,/zh/personality/big-five/facets/anger,live_sitemap|backend_sitemap_source,200,RENDERED,"index, follow",indexable_observed,true,true,backend_sitemap_source,2026-08-10T04:38:14.747Z,
https://fermatmind.com/zh/personality/big-five/facets/anxiety,https://fermatmind.com/zh/personality/big-five/facets/anxiety,zh,big_five_detail,/zh/personality/big-five/facets/anxiety,live_sitemap|backend_sitemap_source,200,RENDERED,"index, follow",indexable_observed,true,true,backend_sitemap_source,2026-08-10T04:38:15.304Z,
https://fermatmind.com/zh/personality/big-five/facets/assertiveness,https://fermatmind.com/zh/personality/big-five/facets/assertiveness,zh,big_five_detail,/zh/personality/big-five/facets/assertiveness,live_sitemap|backend_sitemap_source,200,RENDERED,"index, follow",indexable_observed,true,true,backend_sitemap_source,2026-08-10T04:38:19.712Z,
https://fermatmind.com/zh/personality/big-five/facets/competence,https://fermatmind.com/zh/personality/big-five/facets/competence,zh,big_five_detail,/zh/personality/big-five/facets/competence,live_sitemap|backend_sitemap_source,200,RENDERED,"index, follow",indexable_observed,true,true,backend_sitemap_source,2026-08-10T04:38:20.579Z,
https://fermatmind.com/zh/personality/big-five/facets/compliance,https://fermatmind.com/zh/personality/big-five/facets/compliance,zh,big_five_detail,/zh/personality/big-five/facets/compliance,live_sitemap|backend_sitemap_source,200,RENDERED,"index, follow",indexable_observed,true,true,backend_sitemap_source,2026-08-10T04:38:25.892Z,
https://fermatmind.com/zh/personality/big-five/facets/deliberation,https://fermatmind.com/zh/personality/big-five/facets/deliberation,zh,big_five_detail,/zh/personality/big-five/facets/deliberation,live_sitemap|backend_sitemap_source,200,RENDERED,"index, follow",indexable_observed,true,true,backend_sitemap_source,2026-08-10T04:38:26.669Z,
https://fermatmind.com/zh/personality/big-five/facets/depression,https://fermatmind.com/zh/personality/big-five/facets/depression,zh,big_five_detail,/zh/personality/big-five/facets/depression,live_sitemap|backend_sitemap_source,200,RENDERED,"index, follow",indexable_observed,true,true,backend_sitemap_source,2026-08-10T04:38:31.029Z,
https://fermatmind.com/zh/personality/big-five/facets/dutifulness,https://fermatmind.com/zh/personality/big-five/facets/dutifulness,zh,big_five_detail,/zh/personality/big-five/facets/dutifulness,live_sitemap|backend_sitemap_source,200,RENDERED,"index, follow",indexable_observed,true,true,backend_sitemap_source,2026-08-10T04:38:31.879Z,
https://fermatmind.com/zh/personality/big-five/facets/excitement-seeking,https://fermatmind.com/zh/personality/big-five/facets/excitement-seeking,zh,big_five_detail,/zh/personality/big-five/facets/excitement-seeking,live_sitemap|backend_sitemap_source,200,RENDERED,"index, follow",indexable_observed,true,true,backend_sitemap_source,2026-08-10T04:38:35.510Z,
https://fermatmind.com/zh/personality/big-five/facets/feelings,https://fermatmind.com/zh/personality/big-five/facets/feelings,zh,big_five_detail,/zh/personality/big-five/facets/feelings,live_sitemap|backend_sitemap_source,200,RENDERED,"index, follow",indexable_observed,true,true,backend_sitemap_source,2026-08-10T04:38:35.949Z,
https://fermatmind.com/zh/personality/big-five/facets/gregariousness,https://fermatmind.com/zh/personality/big-five/facets/gregariousness,zh,big_five_detail,/zh/personality/big-five/facets/gregariousness,live_sitemap|backend_sitemap_source,200,RENDERED,"index, follow",indexable_observed,true,true,backend_sitemap_source,2026-08-10T04:38:41.633Z,
https://fermatmind.com/zh/personality/big-five/facets/ideas,https://fermatmind.com/zh/personality/big-five/facets/ideas,zh,big_five_detail,/zh/personality/big-five/facets/ideas,live_sitemap|backend_sitemap_source,200,RENDERED,"index, follow",indexable_observed,true,true,backend_sitemap_source,2026-08-10T04:38:42.011Z,
https://fermatmind.com/zh/personality/big-five/facets/imagination,https://fermatmind.com/zh/personality/big-five/facets/imagination,zh,big_five_detail,/zh/personality/big-five/facets/imagination,live_sitemap|backend_sitemap_source,200,RENDERED,"index, follow",indexable_observed,true,true,backend_sitemap_source,2026-08-10T04:38:46.822Z,
https://fermatmind.com/zh/personality/big-five/facets/impulsiveness,https://fermatmind.com/zh/personality/big-five/facets/impulsiveness,zh,big_five_detail,/zh/personality/big-five/facets/impulsiveness,live_sitemap|backend_sitemap_source,200,RENDERED,"index, follow",indexable_observed,true,true,backend_sitemap_source,2026-08-10T04:38:47.458Z,
https://fermatmind.com/zh/personality/big-five/facets/modesty,https://fermatmind.com/zh/personality/big-five/facets/modesty,zh,big_five_detail,/zh/personality/big-five/facets/modesty,live_sitemap|backend_sitemap_source,200,RENDERED,"index, follow",indexable_observed,true,true,backend_sitemap_source,2026-08-10T04:38:51.967Z,
https://fermatmind.com/zh/personality/big-five/facets/order,https://fermatmind.com/zh/personality/big-five/facets/order,zh,big_five_detail,/zh/personality/big-five/facets/order,live_sitemap|backend_sitemap_source,200,RENDERED,"index, follow",indexable_observed,true,true,backend_sitemap_source,2026-08-10T04:47:43.792Z,
https://fermatmind.com/zh/personality/big-five/facets/positive-emotions,https://fermatmind.com/zh/personality/big-five/facets/positive-emotions,zh,big_five_detail,/zh/personality/big-five/facets/positive-emotions,live_sitemap|backend_sitemap_source,200,RENDERED,"index, follow",indexable_observed,true,true,backend_sitemap_source,2026-08-10T04:38:52.883Z,
https://fermatmind.com/zh/personality/big-five/facets/self-consciousness,https://fermatmind.com/zh/personality/big-five/facets/self-consciousness,zh,big_five_detail,/zh/personality/big-five/facets/self-consciousness,live_sitemap|backend_sitemap_source,200,RENDERED,"index, follow",indexable_observed,true,true,backend_sitemap_source,2026-08-10T04:38:57.737Z,
https://fermatmind.com/zh/personality/big-five/facets/self-discipline,https://fermatmind.com/zh/personality/big-five/facets/self-discipline,zh,big_five_detail,/zh/personality/big-five/facets/self-discipline,live_sitemap|backend_sitemap_source,200,RENDERED,"index, follow",indexable_observed,true,true,backend_sitemap_source,2026-08-10T04:38:58.953Z,
https://fermatmind.com/zh/personality/big-five/facets/straightforwardness,https://fermatmind.com/zh/personality/big-five/facets/straightforwardness,zh,big_five_detail,/zh/personality/big-five/facets/straightforwardness,live_sitemap|backend_sitemap_source,200,RENDERED,"index, follow",indexable_observed,true,true,backend_sitemap_source,2026-08-10T04:39:02.896Z,
https://fermatmind.com/zh/personality/big-five/facets/tender-mindedness,https://fermatmind.com/zh/personality/big-five/facets/tender-mindedness,zh,big_five_detail,/zh/personality/big-five/facets/tender-mindedness,live_sitemap|backend_sitemap_source,200,RENDERED,"index, follow",indexable_observed,true,true,backend_sitemap_source,2026-08-10T04:39:04.129Z,
https://fermatmind.com/zh/personality/big-five/facets/trust,https://fermatmind.com/zh/personality/big-five/facets/trust,zh,big_five_detail,/zh/personality/big-five/facets/trust,live_sitemap|backend_sitemap_source,200,RENDERED,"index, follow",indexable_observed,true,true,backend_sitemap_source,2026-08-10T04:39:10.952Z,
https://fermatmind.com/zh/personality/big-five/facets/values,https://fermatmind.com/zh/personality/big-five/facets/values,zh,big_five_detail,/zh/personality/big-five/facets/values,live_sitemap|backend_sitemap_source,200,RENDERED,"index, follow",indexable_observed,true,true,backend_sitemap_source,2026-08-10T04:39:11.628Z,
https://fermatmind.com/zh/personality/big-five/facets/vulnerability,https://fermatmind.com/zh/personality/big-five/facets/vulnerability,zh,big_five_detail,/zh/personality/big-five/facets/vulnerability,live_sitemap|backend_sitemap_source,200,RENDERED,"index, follow",indexable_observed,true,true,backend_sitemap_source,2026-08-10T04:39:15.816Z,
https://fermatmind.com/zh/personality/big-five/facets/warmth,https://fermatmind.com/zh/personality/big-five/facets/warmth,zh,big_five_detail,/zh/personality/big-five/facets/warmth,live_sitemap|backend_sitemap_source,200,RENDERED,"index, follow",indexable_observed,true,true,backend_sitemap_source,2026-08-10T04:39:16.791Z,
https://fermatmind.com/zh/personality/big-five/neuroticism,https://fermatmind.com/zh/personality/big-five/neuroticism,zh,big_five_detail,/zh/personality/big-five/neuroticism,live_sitemap|backend_sitemap_source,200,RENDERED,"index, follow",indexable_observed,true,true,backend_sitemap_source,2026-08-10T04:39:20.880Z,
https://fermatmind.com/zh/personality/big-five/neuroticism-high,https://fermatmind.com/zh/personality/big-five/neuroticism-high,zh,big_five_detail,/zh/personality/big-five/neuroticism-high,live_sitemap|backend_sitemap_source,200,RENDERED,"index, follow",indexable_observed,true,true,backend_sitemap_source,2026-08-10T04:39:21.543Z,
https://fermatmind.com/zh/personality/big-five/neuroticism-low,https://fermatmind.com/zh/personality/big-five/neuroticism-low,zh,big_five_detail,/zh/personality/big-five/neuroticism-low,live_sitemap|backend_sitemap_source,200,RENDERED,"index, follow",indexable_observed,true,true,backend_sitemap_source,2026-08-10T04:39:28.225Z,
https://fermatmind.com/zh/personality/big-five/neuroticism-mid,https://fermatmind.com/zh/personality/big-five/neuroticism-mid,zh,big_five_detail,/zh/personality/big-five/neuroticism-mid,live_sitemap|backend_sitemap_source,200,RENDERED,"index, follow",indexable_observed,true,true,backend_sitemap_source,2026-08-10T04:39:29.422Z,
https://fermatmind.com/zh/personality/big-five/openness,https://fermatmind.com/zh/personality/big-five/openness,zh,big_five_detail,/zh/personality/big-five/openness,live_sitemap|backend_sitemap_source,200,RENDERED,"index, follow",indexable_observed,true,true,backend_sitemap_source,2026-08-10T04:39:33.650Z,
https://fermatmind.com/zh/personality/big-five/openness-high,https://fermatmind.com/zh/personality/big-five/openness-high,zh,big_five_detail,/zh/personality/big-five/openness-high,live_sitemap|backend_sitemap_source,200,RENDERED,"index, follow",indexable_observed,true,true,backend_sitemap_source,2026-08-10T04:39:34.315Z,
https://fermatmind.com/zh/personality/big-five/openness-low,https://fermatmind.com/zh/personality/big-five/openness-low,zh,big_five_detail,/zh/personality/big-five/openness-low,live_sitemap|backend_sitemap_source,200,RENDERED,"index, follow",indexable_observed,true,true,backend_sitemap_source,2026-08-10T04:39:38.883Z,
https://fermatmind.com/zh/personality/big-five/openness-mid,https://fermatmind.com/zh/personality/big-five/openness-mid,zh,big_five_detail,/zh/personality/big-five/openness-mid,live_sitemap|backend_sitemap_source,200,RENDERED,"index, follow",indexable_observed,true,true,backend_sitemap_source,2026-08-10T04:39:39.371Z,
https://fermatmind.com/zh/personality/enfj,https://fermatmind.com/zh/personality/enfj,zh,mbti_personality_detail,/zh/personality/enfj,live_sitemap|backend_sitemap_source,200,RENDERED,"index, follow",indexable_observed,true,false,backend_sitemap_source,2026-08-10T04:39:44.014Z,
https://fermatmind.com/zh/personality/enfj-a,https://fermatmind.com/zh/personality/enfj-a,zh,mbti_personality_detail,/zh/personality/enfj-a,live_sitemap|backend_sitemap_source,200,RENDERED,"index, follow",indexable_observed,true,true,backend_sitemap_source,2026-08-10T04:39:44.615Z,
https://fermatmind.com/zh/personality/enfj-a-vs-enfj-t,https://fermatmind.com/zh/personality/enfj-a-vs-enfj-t,zh,mbti_personality_detail,/zh/personality/enfj-a-vs-enfj-t,live_sitemap|backend_sitemap_source,200,RENDERED,"index, follow",indexable_observed,true,true,backend_sitemap_source,2026-08-10T04:39:50.508Z,
https://fermatmind.com/zh/personality/enfj-t,https://fermatmind.com/zh/personality/enfj-t,zh,mbti_personality_detail,/zh/personality/enfj-t,live_sitemap|backend_sitemap_source,200,RENDERED,"index, follow",indexable_observed,true,true,backend_sitemap_source,2026-08-10T04:39:51.645Z,
https://fermatmind.com/zh/personality/enfp,https://fermatmind.com/zh/personality/enfp,zh,mbti_personality_detail,/zh/personality/enfp,live_sitemap|backend_sitemap_source,200,RENDERED,"index, follow",indexable_observed,true,false,backend_sitemap_source,2026-08-10T04:39:55.632Z,
https://fermatmind.com/zh/personality/enfp-a,https://fermatmind.com/zh/personality/enfp-a,zh,mbti_personality_detail,/zh/personality/enfp-a,live_sitemap|backend_sitemap_source,200,RENDERED,"index, follow",indexable_observed,true,true,backend_sitemap_source,2026-08-10T04:39:58.705Z,
https://fermatmind.com/zh/personality/enfp-a-vs-enfp-t,https://fermatmind.com/zh/personality/enfp-a-vs-enfp-t,zh,mbti_personality_detail,/zh/personality/enfp-a-vs-enfp-t,live_sitemap|backend_sitemap_source,200,RENDERED,"index, follow",indexable_observed,true,true,backend_sitemap_source,2026-08-10T04:40:01.119Z,
https://fermatmind.com/zh/personality/enfp-t,https://fermatmind.com/zh/personality/enfp-t,zh,mbti_personality_detail,/zh/personality/enfp-t,live_sitemap|backend_sitemap_source,200,RENDERED,"index, follow",indexable_observed,true,true,backend_sitemap_source,2026-08-10T04:40:04.955Z,
https://fermatmind.com/zh/personality/enfp-vs-entp,https://fermatmind.com/zh/personality/enfp-vs-entp,zh,mbti_personality_detail,/zh/personality/enfp-vs-entp,live_sitemap|backend_sitemap_source,200,RENDERED,"index, follow",indexable_observed,true,true,backend_sitemap_source,2026-08-10T04:40:06.458Z,
https://fermatmind.com/zh/personality/enneagram,https://fermatmind.com/zh/personality/enneagram,zh,enneagram_hub,/zh/personality/enneagram,live_sitemap|backend_sitemap_source,200,RENDERED,"index, follow",indexable_observed,true,true,backend_sitemap_source,2026-08-10T04:40:12.067Z,
https://fermatmind.com/zh/personality/enneagram/centers/gut,https://fermatmind.com/zh/personality/enneagram/centers/gut,zh,enneagram_detail,/zh/personality/enneagram/centers/gut,live_sitemap|backend_sitemap_source,200,RENDERED,"index, follow",indexable_observed,true,true,backend_sitemap_source,2026-08-10T04:40:12.742Z,
https://fermatmind.com/zh/personality/enneagram/centers/head,https://fermatmind.com/zh/personality/enneagram/centers/head,zh,enneagram_detail,/zh/personality/enneagram/centers/head,live_sitemap|backend_sitemap_source,200,RENDERED,"index, follow",indexable_observed,true,true,backend_sitemap_source,2026-08-10T04:40:18.874Z,
https://fermatmind.com/zh/personality/enneagram/centers/heart,https://fermatmind.com/zh/personality/enneagram/centers/heart,zh,enneagram_detail,/zh/personality/enneagram/centers/heart,live_sitemap|backend_sitemap_source,200,RENDERED,"index, follow",indexable_observed,true,true,backend_sitemap_source,2026-08-10T04:40:20.331Z,
https://fermatmind.com/zh/personality/enneagram/type-1,https://fermatmind.com/zh/personality/enneagram/type-1,zh,enneagram_detail,/zh/personality/enneagram/type-1,live_sitemap|backend_sitemap_source,200,RENDERED,"index, follow",indexable_observed,true,true,backend_sitemap_source,2026-08-10T04:40:25.812Z,
https://fermatmind.com/zh/personality/enneagram/type-1/instincts/one-to-one,https://fermatmind.com/zh/personality/enneagram/type-1/instincts/one-to-one,zh,enneagram_detail,/zh/personality/enneagram/type-1/instincts/one-to-one,live_sitemap|backend_sitemap_source,200,RENDERED,"index, follow",indexable_observed,true,true,backend_sitemap_source,2026-08-10T04:40:28.559Z,
https://fermatmind.com/zh/personality/enneagram/type-1/instincts/self-preservation,https://fermatmind.com/zh/personality/enneagram/type-1/instincts/self-preservation,zh,enneagram_detail,/zh/personality/enneagram/type-1/instincts/self-preservation,live_sitemap|backend_sitemap_source,200,RENDERED,"index, follow",indexable_observed,true,true,backend_sitemap_source,2026-08-10T04:40:33.134Z,
https://fermatmind.com/zh/personality/enneagram/type-1/instincts/social,https://fermatmind.com/zh/personality/enneagram/type-1/instincts/social,zh,enneagram_detail,/zh/personality/enneagram/type-1/instincts/social,live_sitemap|backend_sitemap_source,200,RENDERED,"index, follow",indexable_observed,true,true,backend_sitemap_source,2026-08-10T04:40:36.173Z,
https://fermatmind.com/zh/personality/enneagram/type-2,https://fermatmind.com/zh/personality/enneagram/type-2,zh,enneagram_detail,/zh/personality/enneagram/type-2,live_sitemap|backend_sitemap_source,200,RENDERED,"index, follow",indexable_observed,true,true,backend_sitemap_source,2026-08-10T04:40:38.957Z,
https://fermatmind.com/zh/personality/enneagram/type-2/instincts/one-to-one,https://fermatmind.com/zh/personality/enneagram/type-2/instincts/one-to-one,zh,enneagram_detail,/zh/personality/enneagram/type-2/instincts/one-to-one,live_sitemap|backend_sitemap_source,200,RENDERED,"index, follow",indexable_observed,true,true,backend_sitemap_source,2026-08-10T04:40:42.063Z,
https://fermatmind.com/zh/personality/enneagram/type-2/instincts/self-preservation,https://fermatmind.com/zh/personality/enneagram/type-2/instincts/self-preservation,zh,enneagram_detail,/zh/personality/enneagram/type-2/instincts/self-preservation,live_sitemap|backend_sitemap_source,200,RENDERED,"index, follow",indexable_observed,true,true,backend_sitemap_source,2026-08-10T04:40:45.493Z,
https://fermatmind.com/zh/personality/enneagram/type-2/instincts/social,https://fermatmind.com/zh/personality/enneagram/type-2/instincts/social,zh,enneagram_detail,/zh/personality/enneagram/type-2/instincts/social,live_sitemap|backend_sitemap_source,200,RENDERED,"index, follow",indexable_observed,true,true,backend_sitemap_source,2026-08-10T04:40:47.590Z,
https://fermatmind.com/zh/personality/enneagram/type-3,https://fermatmind.com/zh/personality/enneagram/type-3,zh,enneagram_detail,/zh/personality/enneagram/type-3,live_sitemap|backend_sitemap_source,200,RENDERED,"index, follow",indexable_observed,true,true,backend_sitemap_source,2026-08-10T04:40:50.947Z,
https://fermatmind.com/zh/personality/enneagram/type-3/instincts/one-to-one,https://fermatmind.com/zh/personality/enneagram/type-3/instincts/one-to-one,zh,enneagram_detail,/zh/personality/enneagram/type-3/instincts/one-to-one,live_sitemap|backend_sitemap_source,200,RENDERED,"index, follow",indexable_observed,true,true,backend_sitemap_source,2026-08-10T04:40:53.171Z,
https://fermatmind.com/zh/personality/enneagram/type-3/instincts/self-preservation,https://fermatmind.com/zh/personality/enneagram/type-3/instincts/self-preservation,zh,enneagram_detail,/zh/personality/enneagram/type-3/instincts/self-preservation,live_sitemap|backend_sitemap_source,200,RENDERED,"index, follow",indexable_observed,true,true,backend_sitemap_source,2026-08-10T04:40:55.316Z,
https://fermatmind.com/zh/personality/enneagram/type-3/instincts/social,https://fermatmind.com/zh/personality/enneagram/type-3/instincts/social,zh,enneagram_detail,/zh/personality/enneagram/type-3/instincts/social,live_sitemap|backend_sitemap_source,200,RENDERED,"index, follow",indexable_observed,true,true,backend_sitemap_source,2026-08-10T04:40:57.560Z,
https://fermatmind.com/zh/personality/enneagram/type-4,https://fermatmind.com/zh/personality/enneagram/type-4,zh,enneagram_detail,/zh/personality/enneagram/type-4,live_sitemap|backend_sitemap_source,200,RENDERED,"index, follow",indexable_observed,true,true,backend_sitemap_source,2026-08-10T04:40:59.467Z,
https://fermatmind.com/zh/personality/enneagram/type-4/instincts/one-to-one,https://fermatmind.com/zh/personality/enneagram/type-4/instincts/one-to-one,zh,enneagram_detail,/zh/personality/enneagram/type-4/instincts/one-to-one,live_sitemap|backend_sitemap_source,200,RENDERED,"index, follow",indexable_observed,true,true,backend_sitemap_source,2026-08-10T04:41:03.711Z,
https://fermatmind.com/zh/personality/enneagram/type-4/instincts/self-preservation,https://fermatmind.com/zh/personality/enneagram/type-4/instincts/self-preservation,zh,enneagram_detail,/zh/personality/enneagram/type-4/instincts/self-preservation,live_sitemap|backend_sitemap_source,200,RENDERED,"index, follow",indexable_observed,true,true,backend_sitemap_source,2026-08-10T04:41:05.404Z,
https://fermatmind.com/zh/personality/enneagram/type-4/instincts/social,https://fermatmind.com/zh/personality/enneagram/type-4/instincts/social,zh,enneagram_detail,/zh/personality/enneagram/type-4/instincts/social,live_sitemap|backend_sitemap_source,200,RENDERED,"index, follow",indexable_observed,true,true,backend_sitemap_source,2026-08-10T04:41:11.651Z,
https://fermatmind.com/zh/personality/enneagram/type-5,https://fermatmind.com/zh/personality/enneagram/type-5,zh,enneagram_detail,/zh/personality/enneagram/type-5,live_sitemap|backend_sitemap_source,200,RENDERED,"index, follow",indexable_observed,true,true,backend_sitemap_source,2026-08-10T04:41:13.141Z,
https://fermatmind.com/zh/personality/enneagram/type-5/instincts/one-to-one,https://fermatmind.com/zh/personality/enneagram/type-5/instincts/one-to-one,zh,enneagram_detail,/zh/personality/enneagram/type-5/instincts/one-to-one,live_sitemap|backend_sitemap_source,200,RENDERED,"index, follow",indexable_observed,true,true,backend_sitemap_source,2026-08-10T04:41:17.021Z,
https://fermatmind.com/zh/personality/enneagram/type-5/instincts/self-preservation,https://fermatmind.com/zh/personality/enneagram/type-5/instincts/self-preservation,zh,enneagram_detail,/zh/personality/enneagram/type-5/instincts/self-preservation,live_sitemap|backend_sitemap_source,200,RENDERED,"index, follow",indexable_observed,true,true,backend_sitemap_source,2026-08-10T04:41:17.748Z,
https://fermatmind.com/zh/personality/enneagram/type-5/instincts/social,https://fermatmind.com/zh/personality/enneagram/type-5/instincts/social,zh,enneagram_detail,/zh/personality/enneagram/type-5/instincts/social,live_sitemap|backend_sitemap_source,200,RENDERED,"index, follow",indexable_observed,true,true,backend_sitemap_source,2026-08-10T04:41:21.910Z,
https://fermatmind.com/zh/personality/enneagram/type-6,https://fermatmind.com/zh/personality/enneagram/type-6,zh,enneagram_detail,/zh/personality/enneagram/type-6,live_sitemap|backend_sitemap_source,200,RENDERED,"index, follow",indexable_observed,true,true,backend_sitemap_source,2026-08-10T04:41:23.497Z,
https://fermatmind.com/zh/personality/enneagram/type-6/instincts/one-to-one,https://fermatmind.com/zh/personality/enneagram/type-6/instincts/one-to-one,zh,enneagram_detail,/zh/personality/enneagram/type-6/instincts/one-to-one,live_sitemap|backend_sitemap_source,200,RENDERED,"index, follow",indexable_observed,true,true,backend_sitemap_source,2026-08-10T04:41:27.381Z,
https://fermatmind.com/zh/personality/enneagram/type-6/instincts/self-preservation,https://fermatmind.com/zh/personality/enneagram/type-6/instincts/self-preservation,zh,enneagram_detail,/zh/personality/enneagram/type-6/instincts/self-preservation,live_sitemap|backend_sitemap_source,200,RENDERED,"index, follow",indexable_observed,true,true,backend_sitemap_source,2026-08-10T04:41:29.358Z,
https://fermatmind.com/zh/personality/enneagram/type-6/instincts/social,https://fermatmind.com/zh/personality/enneagram/type-6/instincts/social,zh,enneagram_detail,/zh/personality/enneagram/type-6/instincts/social,live_sitemap|backend_sitemap_source,200,RENDERED,"index, follow",indexable_observed,true,true,backend_sitemap_source,2026-08-10T04:41:33.629Z,
https://fermatmind.com/zh/personality/enneagram/type-7,https://fermatmind.com/zh/personality/enneagram/type-7,zh,enneagram_detail,/zh/personality/enneagram/type-7,live_sitemap|backend_sitemap_source,200,RENDERED,"index, follow",indexable_observed,true,true,backend_sitemap_source,2026-08-10T04:41:35.247Z,
https://fermatmind.com/zh/personality/enneagram/type-7/instincts/one-to-one,https://fermatmind.com/zh/personality/enneagram/type-7/instincts/one-to-one,zh,enneagram_detail,/zh/personality/enneagram/type-7/instincts/one-to-one,live_sitemap|backend_sitemap_source,200,RENDERED,"index, follow",indexable_observed,true,true,backend_sitemap_source,2026-08-10T04:41:40.886Z,
https://fermatmind.com/zh/personality/enneagram/type-7/instincts/self-preservation,https://fermatmind.com/zh/personality/enneagram/type-7/instincts/self-preservation,zh,enneagram_detail,/zh/personality/enneagram/type-7/instincts/self-preservation,live_sitemap|backend_sitemap_source,200,RENDERED,"index, follow",indexable_observed,true,true,backend_sitemap_source,2026-08-10T04:41:42.170Z,
https://fermatmind.com/zh/personality/enneagram/type-7/instincts/social,https://fermatmind.com/zh/personality/enneagram/type-7/instincts/social,zh,enneagram_detail,/zh/personality/enneagram/type-7/instincts/social,live_sitemap|backend_sitemap_source,200,RENDERED,"index, follow",indexable_observed,true,true,backend_sitemap_source,2026-08-10T04:41:46.350Z,
https://fermatmind.com/zh/personality/enneagram/type-8,https://fermatmind.com/zh/personality/enneagram/type-8,zh,enneagram_detail,/zh/personality/enneagram/type-8,live_sitemap|backend_sitemap_source,200,RENDERED,"index, follow",indexable_observed,true,true,backend_sitemap_source,2026-08-10T04:41:47.293Z,
https://fermatmind.com/zh/personality/enneagram/type-8/instincts/one-to-one,https://fermatmind.com/zh/personality/enneagram/type-8/instincts/one-to-one,zh,enneagram_detail,/zh/personality/enneagram/type-8/instincts/one-to-one,live_sitemap|backend_sitemap_source,200,RENDERED,"index, follow",indexable_observed,true,true,backend_sitemap_source,2026-08-10T04:41:49.766Z,
https://fermatmind.com/zh/personality/enneagram/type-8/instincts/self-preservation,https://fermatmind.com/zh/personality/enneagram/type-8/instincts/self-preservation,zh,enneagram_detail,/zh/personality/enneagram/type-8/instincts/self-preservation,live_sitemap|backend_sitemap_source,200,RENDERED,"index, follow",indexable_observed,true,true,backend_sitemap_source,2026-08-10T04:41:51.826Z,
https://fermatmind.com/zh/personality/enneagram/type-8/instincts/social,https://fermatmind.com/zh/personality/enneagram/type-8/instincts/social,zh,enneagram_detail,/zh/personality/enneagram/type-8/instincts/social,live_sitemap|backend_sitemap_source,200,RENDERED,"index, follow",indexable_observed,true,true,backend_sitemap_source,2026-08-10T04:41:53.891Z,
https://fermatmind.com/zh/personality/enneagram/type-9,https://fermatmind.com/zh/personality/enneagram/type-9,zh,enneagram_detail,/zh/personality/enneagram/type-9,live_sitemap|backend_sitemap_source,200,RENDERED,"index, follow",indexable_observed,true,true,backend_sitemap_source,2026-08-10T04:41:55.987Z,
https://fermatmind.com/zh/personality/enneagram/type-9/instincts/one-to-one,https://fermatmind.com/zh/personality/enneagram/type-9/instincts/one-to-one,zh,enneagram_detail,/zh/personality/enneagram/type-9/instincts/one-to-one,live_sitemap|backend_sitemap_source,200,RENDERED,"index, follow",indexable_observed,true,true,backend_sitemap_source,2026-08-10T04:41:57.531Z,
https://fermatmind.com/zh/personality/enneagram/type-9/instincts/self-preservation,https://fermatmind.com/zh/personality/enneagram/type-9/instincts/self-preservation,zh,enneagram_detail,/zh/personality/enneagram/type-9/instincts/self-preservation,live_sitemap|backend_sitemap_source,200,RENDERED,"index, follow",indexable_observed,true,true,backend_sitemap_source,2026-08-10T04:41:58.605Z,
https://fermatmind.com/zh/personality/enneagram/type-9/instincts/social,https://fermatmind.com/zh/personality/enneagram/type-9/instincts/social,zh,enneagram_detail,/zh/personality/enneagram/type-9/instincts/social,live_sitemap|backend_sitemap_source,200,RENDERED,"index, follow",indexable_observed,true,true,backend_sitemap_source,2026-08-10T04:42:00.509Z,
https://fermatmind.com/zh/personality/enneagram/wings/1w2,https://fermatmind.com/zh/personality/enneagram/wings/1w2,zh,enneagram_detail,/zh/personality/enneagram/wings/1w2,live_sitemap|backend_sitemap_source,200,RENDERED,"index, follow",indexable_observed,true,true,backend_sitemap_source,2026-08-10T04:42:01.789Z,
https://fermatmind.com/zh/personality/enneagram/wings/1w9,https://fermatmind.com/zh/personality/enneagram/wings/1w9,zh,enneagram_detail,/zh/personality/enneagram/wings/1w9,live_sitemap|backend_sitemap_source,200,RENDERED,"index, follow",indexable_observed,true,true,backend_sitemap_source,2026-08-10T04:42:04.139Z,
https://fermatmind.com/zh/personality/enneagram/wings/2w1,https://fermatmind.com/zh/personality/enneagram/wings/2w1,zh,enneagram_detail,/zh/personality/enneagram/wings/2w1,live_sitemap|backend_sitemap_source,200,RENDERED,"index, follow",indexable_observed,true,true,backend_sitemap_source,2026-08-10T04:42:04.448Z,
https://fermatmind.com/zh/personality/enneagram/wings/2w3,https://fermatmind.com/zh/personality/enneagram/wings/2w3,zh,enneagram_detail,/zh/personality/enneagram/wings/2w3,live_sitemap|backend_sitemap_source,200,RENDERED,"index, follow",indexable_observed,true,true,backend_sitemap_source,2026-08-10T04:42:06.975Z,
https://fermatmind.com/zh/personality/enneagram/wings/3w2,https://fermatmind.com/zh/personality/enneagram/wings/3w2,zh,enneagram_detail,/zh/personality/enneagram/wings/3w2,live_sitemap|backend_sitemap_source,200,RENDERED,"index, follow",indexable_observed,true,true,backend_sitemap_source,2026-08-10T04:42:07.339Z,
https://fermatmind.com/zh/personality/enneagram/wings/3w4,https://fermatmind.com/zh/personality/enneagram/wings/3w4,zh,enneagram_detail,/zh/personality/enneagram/wings/3w4,live_sitemap|backend_sitemap_source,200,RENDERED,"index, follow",indexable_observed,true,true,backend_sitemap_source,2026-08-10T04:42:11.190Z,
https://fermatmind.com/zh/personality/enneagram/wings/4w3,https://fermatmind.com/zh/personality/enneagram/wings/4w3,zh,enneagram_detail,/zh/personality/enneagram/wings/4w3,live_sitemap|backend_sitemap_source,200,RENDERED,"index, follow",indexable_observed,true,true,backend_sitemap_source,2026-08-10T04:42:11.570Z,
https://fermatmind.com/zh/personality/enneagram/wings/4w5,https://fermatmind.com/zh/personality/enneagram/wings/4w5,zh,enneagram_detail,/zh/personality/enneagram/wings/4w5,live_sitemap|backend_sitemap_source,200,RENDERED,"index, follow",indexable_observed,true,true,backend_sitemap_source,2026-08-10T04:42:15.290Z,
https://fermatmind.com/zh/personality/enneagram/wings/5w4,https://fermatmind.com/zh/personality/enneagram/wings/5w4,zh,enneagram_detail,/zh/personality/enneagram/wings/5w4,live_sitemap|backend_sitemap_source,200,RENDERED,"index, follow",indexable_observed,true,true,backend_sitemap_source,2026-08-10T04:42:15.701Z,
https://fermatmind.com/zh/personality/enneagram/wings/5w6,https://fermatmind.com/zh/personality/enneagram/wings/5w6,zh,enneagram_detail,/zh/personality/enneagram/wings/5w6,live_sitemap|backend_sitemap_source,200,RENDERED,"index, follow",indexable_observed,true,true,backend_sitemap_source,2026-08-10T04:42:19.316Z,
https://fermatmind.com/zh/personality/enneagram/wings/6w5,https://fermatmind.com/zh/personality/enneagram/wings/6w5,zh,enneagram_detail,/zh/personality/enneagram/wings/6w5,live_sitemap|backend_sitemap_source,200,RENDERED,"index, follow",indexable_observed,true,true,backend_sitemap_source,2026-08-10T04:42:19.924Z,
https://fermatmind.com/zh/personality/enneagram/wings/6w7,https://fermatmind.com/zh/personality/enneagram/wings/6w7,zh,enneagram_detail,/zh/personality/enneagram/wings/6w7,live_sitemap|backend_sitemap_source,200,RENDERED,"index, follow",indexable_observed,true,true,backend_sitemap_source,2026-08-10T04:42:23.409Z,
https://fermatmind.com/zh/personality/enneagram/wings/7w6,https://fermatmind.com/zh/personality/enneagram/wings/7w6,zh,enneagram_detail,/zh/personality/enneagram/wings/7w6,live_sitemap|backend_sitemap_source,200,RENDERED,"index, follow",indexable_observed,true,true,backend_sitemap_source,2026-08-10T04:42:24.039Z,
https://fermatmind.com/zh/personality/enneagram/wings/7w8,https://fermatmind.com/zh/personality/enneagram/wings/7w8,zh,enneagram_detail,/zh/personality/enneagram/wings/7w8,live_sitemap|backend_sitemap_source,200,RENDERED,"index, follow",indexable_observed,true,true,backend_sitemap_source,2026-08-10T04:42:27.592Z,
https://fermatmind.com/zh/personality/enneagram/wings/8w7,https://fermatmind.com/zh/personality/enneagram/wings/8w7,zh,enneagram_detail,/zh/personality/enneagram/wings/8w7,live_sitemap|backend_sitemap_source,200,RENDERED,"index, follow",indexable_observed,true,true,backend_sitemap_source,2026-08-10T04:42:28.325Z,
https://fermatmind.com/zh/personality/enneagram/wings/8w9,https://fermatmind.com/zh/personality/enneagram/wings/8w9,zh,enneagram_detail,/zh/personality/enneagram/wings/8w9,live_sitemap|backend_sitemap_source,200,RENDERED,"index, follow",indexable_observed,true,true,backend_sitemap_source,2026-08-10T04:42:31.948Z,
https://fermatmind.com/zh/personality/enneagram/wings/9w1,https://fermatmind.com/zh/personality/enneagram/wings/9w1,zh,enneagram_detail,/zh/personality/enneagram/wings/9w1,live_sitemap|backend_sitemap_source,200,RENDERED,"index, follow",indexable_observed,true,true,backend_sitemap_source,2026-08-10T04:42:32.320Z,
https://fermatmind.com/zh/personality/enneagram/wings/9w8,https://fermatmind.com/zh/personality/enneagram/wings/9w8,zh,enneagram_detail,/zh/personality/enneagram/wings/9w8,live_sitemap|backend_sitemap_source,200,RENDERED,"index, follow",indexable_observed,true,true,backend_sitemap_source,2026-08-10T04:42:36.298Z,
https://fermatmind.com/zh/personality/entj,https://fermatmind.com/zh/personality/entj,zh,mbti_personality_detail,/zh/personality/entj,live_sitemap|backend_sitemap_source,200,RENDERED,"index, follow",indexable_observed,true,false,backend_sitemap_source,2026-08-10T04:42:36.578Z,
https://fermatmind.com/zh/personality/entj-a,https://fermatmind.com/zh/personality/entj-a,zh,mbti_personality_detail,/zh/personality/entj-a,live_sitemap|backend_sitemap_source,200,RENDERED,"index, follow",indexable_observed,true,true,backend_sitemap_source,2026-08-10T04:42:40.141Z,
https://fermatmind.com/zh/personality/entj-a-vs-entj-t,https://fermatmind.com/zh/personality/entj-a-vs-entj-t,zh,mbti_personality_detail,/zh/personality/entj-a-vs-entj-t,live_sitemap|backend_sitemap_source,200,RENDERED,"index, follow",indexable_observed,true,true,backend_sitemap_source,2026-08-10T04:42:40.692Z,
https://fermatmind.com/zh/personality/entj-t,https://fermatmind.com/zh/personality/entj-t,zh,mbti_personality_detail,/zh/personality/entj-t,live_sitemap|backend_sitemap_source,200,RENDERED,"index, follow",indexable_observed,true,true,backend_sitemap_source,2026-08-10T04:42:44.912Z,
https://fermatmind.com/zh/personality/entj-vs-intj,https://fermatmind.com/zh/personality/entj-vs-intj,zh,mbti_personality_detail,/zh/personality/entj-vs-intj,live_sitemap|backend_sitemap_source,200,RENDERED,"index, follow",indexable_observed,true,true,backend_sitemap_source,2026-08-10T04:42:45.759Z,
https://fermatmind.com/zh/personality/entp,https://fermatmind.com/zh/personality/entp,zh,mbti_personality_detail,/zh/personality/entp,live_sitemap|backend_sitemap_source,200,RENDERED,"index, follow",indexable_observed,true,false,backend_sitemap_source,2026-08-10T04:42:55.308Z,
https://fermatmind.com/zh/personality/entp-a,https://fermatmind.com/zh/personality/entp-a,zh,mbti_personality_detail,/zh/personality/entp-a,live_sitemap|backend_sitemap_source,200,RENDERED,"index, follow",indexable_observed,true,true,backend_sitemap_source,2026-08-10T04:42:55.860Z,
https://fermatmind.com/zh/personality/entp-a-vs-entp-t,https://fermatmind.com/zh/personality/entp-a-vs-entp-t,zh,mbti_personality_detail,/zh/personality/entp-a-vs-entp-t,live_sitemap|backend_sitemap_source,200,RENDERED,"index, follow",indexable_observed,true,true,backend_sitemap_source,2026-08-10T04:43:01.331Z,
https://fermatmind.com/zh/personality/entp-t,https://fermatmind.com/zh/personality/entp-t,zh,mbti_personality_detail,/zh/personality/entp-t,live_sitemap|backend_sitemap_source,200,RENDERED,"index, follow",indexable_observed,true,true,backend_sitemap_source,2026-08-10T04:43:01.681Z,
https://fermatmind.com/zh/personality/esfj,https://fermatmind.com/zh/personality/esfj,zh,mbti_personality_detail,/zh/personality/esfj,live_sitemap|backend_sitemap_source,200,RENDERED,"index, follow",indexable_observed,true,false,backend_sitemap_source,2026-08-10T04:43:06.646Z,
https://fermatmind.com/zh/personality/esfj-a,https://fermatmind.com/zh/personality/esfj-a,zh,mbti_personality_detail,/zh/personality/esfj-a,live_sitemap|backend_sitemap_source,200,RENDERED,"index, follow",indexable_observed,true,true,backend_sitemap_source,2026-08-10T04:43:06.733Z,
https://fermatmind.com/zh/personality/esfj-a-vs-esfj-t,https://fermatmind.com/zh/personality/esfj-a-vs-esfj-t,zh,mbti_personality_detail,/zh/personality/esfj-a-vs-esfj-t,live_sitemap|backend_sitemap_source,200,RENDERED,"index, follow",indexable_observed,true,true,backend_sitemap_source,2026-08-10T04:43:11.556Z,
https://fermatmind.com/zh/personality/esfj-t,https://fermatmind.com/zh/personality/esfj-t,zh,mbti_personality_detail,/zh/personality/esfj-t,live_sitemap|backend_sitemap_source,200,RENDERED,"index, follow",indexable_observed,true,true,backend_sitemap_source,2026-08-10T04:43:12.279Z,
https://fermatmind.com/zh/personality/esfp,https://fermatmind.com/zh/personality/esfp,zh,mbti_personality_detail,/zh/personality/esfp,live_sitemap|backend_sitemap_source,200,RENDERED,"index, follow",indexable_observed,true,false,backend_sitemap_source,2026-08-10T04:43:17.510Z,
https://fermatmind.com/zh/personality/esfp-a,https://fermatmind.com/zh/personality/esfp-a,zh,mbti_personality_detail,/zh/personality/esfp-a,live_sitemap|backend_sitemap_source,200,RENDERED,"index, follow",indexable_observed,true,true,backend_sitemap_source,2026-08-10T04:43:17.885Z,
https://fermatmind.com/zh/personality/esfp-a-vs-esfp-t,https://fermatmind.com/zh/personality/esfp-a-vs-esfp-t,zh,mbti_personality_detail,/zh/personality/esfp-a-vs-esfp-t,live_sitemap|backend_sitemap_source,200,RENDERED,"index, follow",indexable_observed,true,true,backend_sitemap_source,2026-08-10T04:43:23.093Z,
https://fermatmind.com/zh/personality/esfp-t,https://fermatmind.com/zh/personality/esfp-t,zh,mbti_personality_detail,/zh/personality/esfp-t,live_sitemap|backend_sitemap_source,200,RENDERED,"index, follow",indexable_observed,true,true,backend_sitemap_source,2026-08-10T04:43:23.838Z,
https://fermatmind.com/zh/personality/estj,https://fermatmind.com/zh/personality/estj,zh,mbti_personality_detail,/zh/personality/estj,live_sitemap|backend_sitemap_source,200,RENDERED,"index, follow",indexable_observed,true,false,backend_sitemap_source,2026-08-10T04:43:28.449Z,
https://fermatmind.com/zh/personality/estj-a,https://fermatmind.com/zh/personality/estj-a,zh,mbti_personality_detail,/zh/personality/estj-a,live_sitemap|backend_sitemap_source,200,RENDERED,"index, follow",indexable_observed,true,true,backend_sitemap_source,2026-08-10T04:43:29.462Z,
https://fermatmind.com/zh/personality/estj-a-vs-estj-t,https://fermatmind.com/zh/personality/estj-a-vs-estj-t,zh,mbti_personality_detail,/zh/personality/estj-a-vs-estj-t,live_sitemap|backend_sitemap_source,200,RENDERED,"index, follow",indexable_observed,true,true,backend_sitemap_source,2026-08-10T04:43:34.319Z,
https://fermatmind.com/zh/personality/estj-t,https://fermatmind.com/zh/personality/estj-t,zh,mbti_personality_detail,/zh/personality/estj-t,live_sitemap|backend_sitemap_source,200,RENDERED,"index, follow",indexable_observed,true,true,backend_sitemap_source,2026-08-10T04:43:36.120Z,
https://fermatmind.com/zh/personality/estj-vs-entj,https://fermatmind.com/zh/personality/estj-vs-entj,zh,mbti_personality_detail,/zh/personality/estj-vs-entj,live_sitemap|backend_sitemap_source,200,RENDERED,"index, follow",indexable_observed,true,true,backend_sitemap_source,2026-08-10T04:43:39.007Z,
https://fermatmind.com/zh/personality/estp,https://fermatmind.com/zh/personality/estp,zh,mbti_personality_detail,/zh/personality/estp,live_sitemap|backend_sitemap_source,200,RENDERED,"index, follow",indexable_observed,true,false,backend_sitemap_source,2026-08-10T04:43:41.139Z,
https://fermatmind.com/zh/personality/estp-a,https://fermatmind.com/zh/personality/estp-a,zh,mbti_personality_detail,/zh/personality/estp-a,live_sitemap|backend_sitemap_source,200,RENDERED,"index, follow",indexable_observed,true,true,backend_sitemap_source,2026-08-10T04:43:43.550Z,
https://fermatmind.com/zh/personality/estp-a-vs-estp-t,https://fermatmind.com/zh/personality/estp-a-vs-estp-t,zh,mbti_personality_detail,/zh/personality/estp-a-vs-estp-t,live_sitemap|backend_sitemap_source,200,RENDERED,"index, follow",indexable_observed,true,true,backend_sitemap_source,2026-08-10T04:43:45.711Z,
https://fermatmind.com/zh/personality/estp-t,https://fermatmind.com/zh/personality/estp-t,zh,mbti_personality_detail,/zh/personality/estp-t,live_sitemap|backend_sitemap_source,200,RENDERED,"index, follow",indexable_observed,true,true,backend_sitemap_source,2026-08-10T04:43:49.839Z,
https://fermatmind.com/zh/personality/infj,https://fermatmind.com/zh/personality/infj,zh,mbti_personality_detail,/zh/personality/infj,live_sitemap|backend_sitemap_source,200,RENDERED,"index, follow",indexable_observed,true,false,backend_sitemap_source,2026-08-10T04:43:52.902Z,
https://fermatmind.com/zh/personality/infj-a,https://fermatmind.com/zh/personality/infj-a,zh,mbti_personality_detail,/zh/personality/infj-a,live_sitemap|backend_sitemap_source,200,RENDERED,"index, follow",indexable_observed,true,true,backend_sitemap_source,2026-08-10T04:43:59.737Z,
https://fermatmind.com/zh/personality/infj-a-vs-infj-t,https://fermatmind.com/zh/personality/infj-a-vs-infj-t,zh,mbti_personality_detail,/zh/personality/infj-a-vs-infj-t,live_sitemap|backend_sitemap_source,200,RENDERED,"index, follow",indexable_observed,true,true,backend_sitemap_source,2026-08-10T04:44:00.398Z,
https://fermatmind.com/zh/personality/infj-t,https://fermatmind.com/zh/personality/infj-t,zh,mbti_personality_detail,/zh/personality/infj-t,live_sitemap|backend_sitemap_source,200,RENDERED,"index, follow",indexable_observed,true,true,backend_sitemap_source,2026-08-10T04:44:06.509Z,
https://fermatmind.com/zh/personality/infj-vs-infp,https://fermatmind.com/zh/personality/infj-vs-infp,zh,mbti_personality_detail,/zh/personality/infj-vs-infp,live_sitemap|backend_sitemap_source,200,RENDERED,"index, follow",indexable_observed,true,true,backend_sitemap_source,2026-08-10T04:44:07.280Z,
https://fermatmind.com/zh/personality/infp,https://fermatmind.com/zh/personality/infp,zh,mbti_personality_detail,/zh/personality/infp,live_sitemap|backend_sitemap_source,200,RENDERED,"index, follow",indexable_observed,true,false,backend_sitemap_source,2026-08-10T04:44:11.516Z,
https://fermatmind.com/zh/personality/infp-a,https://fermatmind.com/zh/personality/infp-a,zh,mbti_personality_detail,/zh/personality/infp-a,live_sitemap|backend_sitemap_source,200,RENDERED,"index, follow",indexable_observed,true,true,backend_sitemap_source,2026-08-10T04:44:12.091Z,
https://fermatmind.com/zh/personality/infp-a-vs-infp-t,https://fermatmind.com/zh/personality/infp-a-vs-infp-t,zh,mbti_personality_detail,/zh/personality/infp-a-vs-infp-t,live_sitemap|backend_sitemap_source,200,RENDERED,"index, follow",indexable_observed,true,true,backend_sitemap_source,2026-08-10T04:44:16.608Z,
https://fermatmind.com/zh/personality/infp-t,https://fermatmind.com/zh/personality/infp-t,zh,mbti_personality_detail,/zh/personality/infp-t,live_sitemap|backend_sitemap_source,200,RENDERED,"index, follow",indexable_observed,true,true,backend_sitemap_source,2026-08-10T04:44:17.202Z,
https://fermatmind.com/zh/personality/intj,https://fermatmind.com/zh/personality/intj,zh,mbti_personality_detail,/zh/personality/intj,live_sitemap|backend_sitemap_source,200,RENDERED,"index, follow",indexable_observed,true,false,backend_sitemap_source,2026-08-10T04:44:21.772Z,
https://fermatmind.com/zh/personality/intj-a,https://fermatmind.com/zh/personality/intj-a,zh,mbti_personality_detail,/zh/personality/intj-a,live_sitemap|backend_sitemap_source,200,RENDERED,"index, follow",indexable_observed,true,true,backend_sitemap_source,2026-08-10T04:44:21.982Z,
https://fermatmind.com/zh/personality/intj-a-vs-intj-t,https://fermatmind.com/zh/personality/intj-a-vs-intj-t,zh,mbti_personality_detail,/zh/personality/intj-a-vs-intj-t,live_sitemap|backend_sitemap_source,200,RENDERED,"index, follow",indexable_observed,true,true,backend_sitemap_source,2026-08-10T04:44:26.456Z,
https://fermatmind.com/zh/personality/intj-t,https://fermatmind.com/zh/personality/intj-t,zh,mbti_personality_detail,/zh/personality/intj-t,live_sitemap|backend_sitemap_source,200,RENDERED,"index, follow",indexable_observed,true,true,backend_sitemap_source,2026-08-10T04:44:27.055Z,
https://fermatmind.com/zh/personality/intj-vs-intp,https://fermatmind.com/zh/personality/intj-vs-intp,zh,mbti_personality_detail,/zh/personality/intj-vs-intp,live_sitemap|backend_sitemap_source,200,RENDERED,"index, follow",indexable_observed,true,true,backend_sitemap_source,2026-08-10T04:44:31.660Z,
https://fermatmind.com/zh/personality/intp,https://fermatmind.com/zh/personality/intp,zh,mbti_personality_detail,/zh/personality/intp,live_sitemap|backend_sitemap_source,200,RENDERED,"index, follow",indexable_observed,true,false,backend_sitemap_source,2026-08-10T04:44:32.323Z,
https://fermatmind.com/zh/personality/intp-a,https://fermatmind.com/zh/personality/intp-a,zh,mbti_personality_detail,/zh/personality/intp-a,live_sitemap|backend_sitemap_source,200,RENDERED,"index, follow",indexable_observed,true,true,backend_sitemap_source,2026-08-10T04:44:35.589Z,
https://fermatmind.com/zh/personality/intp-a-vs-intp-t,https://fermatmind.com/zh/personality/intp-a-vs-intp-t,zh,mbti_personality_detail,/zh/personality/intp-a-vs-intp-t,live_sitemap|backend_sitemap_source,200,RENDERED,"index, follow",indexable_observed,true,true,backend_sitemap_source,2026-08-10T04:44:36.186Z,
https://fermatmind.com/zh/personality/intp-t,https://fermatmind.com/zh/personality/intp-t,zh,mbti_personality_detail,/zh/personality/intp-t,live_sitemap|backend_sitemap_source,200,RENDERED,"index, follow",indexable_observed,true,true,backend_sitemap_source,2026-08-10T04:44:40.661Z,
https://fermatmind.com/zh/personality/isfj,https://fermatmind.com/zh/personality/isfj,zh,mbti_personality_detail,/zh/personality/isfj,live_sitemap|backend_sitemap_source,200,RENDERED,"index, follow",indexable_observed,true,false,backend_sitemap_source,2026-08-10T04:44:41.209Z,
https://fermatmind.com/zh/personality/isfj-a,https://fermatmind.com/zh/personality/isfj-a,zh,mbti_personality_detail,/zh/personality/isfj-a,live_sitemap|backend_sitemap_source,200,RENDERED,"index, follow",indexable_observed,true,true,backend_sitemap_source,2026-08-10T04:44:45.961Z,
https://fermatmind.com/zh/personality/isfj-a-vs-isfj-t,https://fermatmind.com/zh/personality/isfj-a-vs-isfj-t,zh,mbti_personality_detail,/zh/personality/isfj-a-vs-isfj-t,live_sitemap|backend_sitemap_source,200,RENDERED,"index, follow",indexable_observed,true,true,backend_sitemap_source,2026-08-10T04:44:46.485Z,
https://fermatmind.com/zh/personality/isfj-t,https://fermatmind.com/zh/personality/isfj-t,zh,mbti_personality_detail,/zh/personality/isfj-t,live_sitemap|backend_sitemap_source,200,RENDERED,"index, follow",indexable_observed,true,true,backend_sitemap_source,2026-08-10T04:44:51.304Z,
https://fermatmind.com/zh/personality/isfp,https://fermatmind.com/zh/personality/isfp,zh,mbti_personality_detail,/zh/personality/isfp,live_sitemap|backend_sitemap_source,200,RENDERED,"index, follow",indexable_observed,true,false,backend_sitemap_source,2026-08-10T04:44:51.721Z,
https://fermatmind.com/zh/personality/isfp-a,https://fermatmind.com/zh/personality/isfp-a,zh,mbti_personality_detail,/zh/personality/isfp-a,live_sitemap|backend_sitemap_source,200,RENDERED,"index, follow",indexable_observed,true,true,backend_sitemap_source,2026-08-10T04:44:56.854Z,
https://fermatmind.com/zh/personality/isfp-a-vs-isfp-t,https://fermatmind.com/zh/personality/isfp-a-vs-isfp-t,zh,mbti_personality_detail,/zh/personality/isfp-a-vs-isfp-t,live_sitemap|backend_sitemap_source,200,RENDERED,"index, follow",indexable_observed,true,true,backend_sitemap_source,2026-08-10T04:44:56.979Z,
https://fermatmind.com/zh/personality/isfp-t,https://fermatmind.com/zh/personality/isfp-t,zh,mbti_personality_detail,/zh/personality/isfp-t,live_sitemap|backend_sitemap_source,200,RENDERED,"index, follow",indexable_observed,true,true,backend_sitemap_source,2026-08-10T04:45:01.799Z,
https://fermatmind.com/zh/personality/isfp-vs-infp,https://fermatmind.com/zh/personality/isfp-vs-infp,zh,mbti_personality_detail,/zh/personality/isfp-vs-infp,live_sitemap|backend_sitemap_source,200,RENDERED,"index, follow",indexable_observed,true,true,backend_sitemap_source,2026-08-10T04:45:02.250Z,
https://fermatmind.com/zh/personality/istj,https://fermatmind.com/zh/personality/istj,zh,mbti_personality_detail,/zh/personality/istj,live_sitemap|backend_sitemap_source,200,RENDERED,"index, follow",indexable_observed,true,false,backend_sitemap_source,2026-08-10T04:45:06.618Z,
https://fermatmind.com/zh/personality/istj-a,https://fermatmind.com/zh/personality/istj-a,zh,mbti_personality_detail,/zh/personality/istj-a,live_sitemap|backend_sitemap_source,200,RENDERED,"index, follow",indexable_observed,true,true,backend_sitemap_source,2026-08-10T04:45:07.018Z,
https://fermatmind.com/zh/personality/istj-a-vs-istj-t,https://fermatmind.com/zh/personality/istj-a-vs-istj-t,zh,mbti_personality_detail,/zh/personality/istj-a-vs-istj-t,live_sitemap|backend_sitemap_source,200,RENDERED,"index, follow",indexable_observed,true,true,backend_sitemap_source,2026-08-10T04:45:18.540Z,
https://fermatmind.com/zh/personality/istj-t,https://fermatmind.com/zh/personality/istj-t,zh,mbti_personality_detail,/zh/personality/istj-t,live_sitemap|backend_sitemap_source,200,RENDERED,"index, follow",indexable_observed,true,true,backend_sitemap_source,2026-08-10T04:45:19.900Z,
https://fermatmind.com/zh/personality/istj-vs-isfj,https://fermatmind.com/zh/personality/istj-vs-isfj,zh,mbti_personality_detail,/zh/personality/istj-vs-isfj,live_sitemap|backend_sitemap_source,200,RENDERED,"index, follow",indexable_observed,true,true,backend_sitemap_source,2026-08-10T04:45:25.276Z,
https://fermatmind.com/zh/personality/istp,https://fermatmind.com/zh/personality/istp,zh,mbti_personality_detail,/zh/personality/istp,live_sitemap|backend_sitemap_source,200,RENDERED,"index, follow",indexable_observed,true,false,backend_sitemap_source,2026-08-10T04:45:26.087Z,
https://fermatmind.com/zh/personality/istp-a,https://fermatmind.com/zh/personality/istp-a,zh,mbti_personality_detail,/zh/personality/istp-a,live_sitemap|backend_sitemap_source,200,RENDERED,"index, follow",indexable_observed,true,true,backend_sitemap_source,2026-08-10T04:45:30.765Z,
https://fermatmind.com/zh/personality/istp-a-vs-istp-t,https://fermatmind.com/zh/personality/istp-a-vs-istp-t,zh,mbti_personality_detail,/zh/personality/istp-a-vs-istp-t,live_sitemap|backend_sitemap_source,200,RENDERED,"index, follow",indexable_observed,true,true,backend_sitemap_source,2026-08-10T04:45:31.426Z,
https://fermatmind.com/zh/personality/istp-t,https://fermatmind.com/zh/personality/istp-t,zh,mbti_personality_detail,/zh/personality/istp-t,live_sitemap|backend_sitemap_source,200,RENDERED,"index, follow",indexable_observed,true,true,backend_sitemap_source,2026-08-10T04:45:37.338Z,
https://fermatmind.com/zh/policies,https://fermatmind.com/zh/policies,zh,content_page,/zh/policies,live_sitemap|backend_sitemap_source,200,RENDERED,"index, follow",indexable_observed,true,true,backend_sitemap_source,2026-08-10T04:45:38.803Z,
https://fermatmind.com/zh/privacy,https://fermatmind.com/zh/privacy,zh,content_page,/zh/privacy,live_sitemap|backend_sitemap_source,200,RENDERED,"index, follow",indexable_observed,true,true,backend_sitemap_source,2026-08-10T04:45:46.250Z,
https://fermatmind.com/zh/support,https://fermatmind.com/zh/support,zh,content_page,/zh/support,live_sitemap|backend_sitemap_source,200,RENDERED,"index, follow",indexable_observed,true,false,backend_sitemap_source,2026-08-10T04:45:46.739Z,
https://fermatmind.com/zh/terms,https://fermatmind.com/zh/terms,zh,content_page,/zh/terms,live_sitemap|backend_sitemap_source,200,RENDERED,"index, follow",indexable_observed,true,true,backend_sitemap_source,2026-08-10T04:45:54.292Z,
https://fermatmind.com/zh/tests,https://fermatmind.com/zh/tests,zh,assessment_hub,/zh/tests,live_sitemap|backend_sitemap_source,200,RENDERED,"index, follow",indexable_observed,true,false,backend_sitemap_source,2026-08-10T04:45:55.043Z,
https://fermatmind.com/zh/tests/big-five-personality-test-ocean-model,https://fermatmind.com/zh/tests/big-five-personality-test-ocean-model,zh,assessment_landing,/zh/tests/big-five-personality-test-ocean-model,live_sitemap|backend_sitemap_source,200,RENDERED,"index, follow",indexable_observed,true,true,backend_sitemap_source,2026-08-10T04:46:00.823Z,
https://fermatmind.com/zh/tests/category/career,https://fermatmind.com/zh/tests/category/career,zh,assessment_landing,/zh/tests/category/career,live_sitemap|backend_sitemap_source,200,RENDERED,"index, follow",indexable_observed,true,false,backend_sitemap_source,2026-08-10T04:46:01.655Z,
https://fermatmind.com/zh/tests/category/personality,https://fermatmind.com/zh/tests/category/personality,zh,assessment_landing,/zh/tests/category/personality,live_sitemap|backend_sitemap_source,200,RENDERED,"index, follow",indexable_observed,true,false,backend_sitemap_source,2026-08-10T04:46:08.938Z,
https://fermatmind.com/zh/tests/enneagram-personality-test-nine-types,https://fermatmind.com/zh/tests/enneagram-personality-test-nine-types,zh,assessment_landing,/zh/tests/enneagram-personality-test-nine-types,live_sitemap|backend_sitemap_source,200,RENDERED,"index, follow",indexable_observed,true,true,backend_sitemap_source,2026-08-10T04:46:09.605Z,
https://fermatmind.com/zh/tests/eq-test-emotional-intelligence-assessment,https://fermatmind.com/zh/tests/eq-test-emotional-intelligence-assessment,zh,assessment_landing,/zh/tests/eq-test-emotional-intelligence-assessment,live_sitemap|backend_sitemap_source,200,RENDERED,unspecified,indexable_observed,true,true,backend_sitemap_source,2026-08-10T04:46:13.474Z,
https://fermatmind.com/zh/tests/holland-career-interest-test-riasec,https://fermatmind.com/zh/tests/holland-career-interest-test-riasec,zh,assessment_landing,/zh/tests/holland-career-interest-test-riasec,live_sitemap|backend_sitemap_source,200,RENDERED,"index, follow",indexable_observed,true,true,backend_sitemap_source,2026-08-10T04:46:14.033Z,
https://fermatmind.com/zh/tests/iq-test-intelligence-quotient-assessment,https://fermatmind.com/zh/tests/iq-test-intelligence-quotient-assessment,zh,assessment_landing,/zh/tests/iq-test-intelligence-quotient-assessment,live_sitemap|backend_sitemap_source,200,RENDERED,unspecified,indexable_observed,true,true,backend_sitemap_source,2026-08-10T04:46:17.464Z,
https://fermatmind.com/zh/tests/mbti-personality-test-16-personality-types,https://fermatmind.com/zh/tests/mbti-personality-test-16-personality-types,zh,assessment_landing,/zh/tests/mbti-personality-test-16-personality-types,live_sitemap|backend_sitemap_source,200,RENDERED,"index, follow",indexable_observed,true,true,backend_sitemap_source,2026-08-10T04:46:18.166Z,
https://fermatmind.com/zh/topics,https://fermatmind.com/zh/topics,zh,topic_hub,/zh/topics,live_sitemap|backend_sitemap_source,200,RENDERED,"index, follow",indexable_observed,true,true,backend_sitemap_source,2026-08-10T04:46:21.822Z,
https://fermatmind.com/zh/topics/big-five,https://fermatmind.com/zh/topics/big-five,zh,topic_detail,/zh/topics/big-five,live_sitemap|backend_sitemap_source,200,RENDERED,"index, follow",indexable_observed,true,true,backend_sitemap_source,2026-08-10T04:46:22.373Z,
https://fermatmind.com/zh/topics/iq-eq,https://fermatmind.com/zh/topics/iq-eq,zh,topic_detail,/zh/topics/iq-eq,live_sitemap|backend_sitemap_source,200,RENDERED,"index, follow",indexable_observed,true,true,backend_sitemap_source,2026-08-10T04:46:26.476Z,
https://fermatmind.com/zh/topics/mbti,https://fermatmind.com/zh/topics/mbti,zh,topic_detail,/zh/topics/mbti,live_sitemap|backend_sitemap_source,200,RENDERED,"index, follow",indexable_observed,true,true,backend_sitemap_source,2026-08-10T04:46:27.420Z,
