framework,entity_type,entity_code,locale,slug,url,canonical,hreflang_en,hreflang_zh,robots,http_status,redirect_target,sitemap_eligible,sitemap_current,llms_eligible,llms_current,llms_full_current,launch_state,backend_authority_source,public_api_identity,title,description,h1,visible_word_count,template_content_fingerprint,inbound_links,outbound_links,gsc_clicks_28d,gsc_impressions_28d,gsc_ctr_28d,gsc_position_28d,gsc_clicks_prev28,gsc_impressions_prev28,gsc_ctr_prev28,gsc_position_prev28,gsc_clicks_90d,gsc_impressions_90d,gsc_ctr_90d,gsc_position_90d,page_indexing_state,last_modified_reviewed,evidence_status,limitation
cross_framework,hub,personality,en,personality,https://fermatmind.com/en/personality,https://fermatmind.com/en/personality,https://fermatmind.com/en/personality,https://fermatmind.com/zh/personality,"index, follow",200,,true,true,true,true,true,published,fap-api:landing_surface_v1,personality:en:hub,MBTI personalities and 16 personality types | FermatMind,"Browse MBTI 16 personality types, 32 A/T variants, popular comparisons, and the free MBTI test entry.",Explore MBTI 16 personality types,836,27b0600b6476668d790635bd9244ccaa1d7193773961ae507857750aabcf2a78,13,86,NOT_RETURNED,NOT_RETURNED,NOT_RETURNED,NOT_RETURNED,NOT_RETURNED,NOT_RETURNED,NOT_RETURNED,NOT_RETURNED,NOT_RETURNED,NOT_RETURNED,NOT_RETURNED,NOT_RETURNED,UNKNOWN_PAGE_LEVEL,2026-03-18T05:20:11.000Z,VERIFIED_PUBLIC_AUTHORITY_M01_NOT_RETURNED,M01 Search Analytics top-row aggregate; NOT_RETURNED is not zero; route locale is not a GSC language dimension; page-level indexing unavailable
big_five,hub,big-five,en,big-five,https://fermatmind.com/en/personality/big-five,https://fermatmind.com/en/personality/big-five,https://fermatmind.com/en/personality/big-five,https://fermatmind.com/zh/personality/big-five,"index, follow",200,,true,true,true,true,true,published,fap-api:personality_public_content_assets,big_five:en:hub:big-five,The Big Five Personality Model: A Practical Guide to the OCEAN Traits | FermatMind,"The Big Five describes individual differences across five continuous dimensions. It offers working hypotheses about tendencies, not a fixed personality type or a verdict about ability.",The Big Five Personality Model: A Practical Guide to the OCEAN Traits,3491,f65ff7460f35f4a32893ae172a5aba17030ea1eb3a19c3a982cb9816d3cbdcbf,6,36,NOT_RETURNED,NOT_RETURNED,NOT_RETURNED,NOT_RETURNED,NOT_RETURNED,NOT_RETURNED,NOT_RETURNED,NOT_RETURNED,NOT_RETURNED,NOT_RETURNED,NOT_RETURNED,NOT_RETURNED,UNKNOWN_PAGE_LEVEL,2026-07-19T00:00:00.000000Z,VERIFIED_PUBLIC_AUTHORITY_M01_NOT_RETURNED,M01 Search Analytics top-row aggregate; NOT_RETURNED is not zero; route locale is not a GSC language dimension; page-level indexing unavailable
big_five,domain,agreeableness,en,big-five/agreeableness,https://fermatmind.com/en/personality/big-five/agreeableness,https://fermatmind.com/en/personality/big-five/agreeableness,https://fermatmind.com/en/personality/big-five/agreeableness,https://fermatmind.com/zh/personality/big-five/agreeableness,"index, follow",200,,true,true,true,true,true,published,fap-api:personality_public_content_assets,big_five:en:domain:agreeableness,"Agreeableness: Cooperation, Trust, and Interpersonal Concern","Agreeableness describes tendencies around trust, directness, helping, conflict response, modesty, and humane concern. It does not measure whether someone is good or bad.","Agreeableness: Cooperation, Trust, and Interpersonal Concern",1701,d395c47896d0f543e666b8e579501c2c99c0c1d049f236fc29ede773ec119f40,13,13,0,3,0,28.666667,NOT_RETURNED,NOT_RETURNED,NOT_RETURNED,NOT_RETURNED,0,3,0,28.666667,UNKNOWN_PAGE_LEVEL,2026-07-19T00:00:00.000000Z,VERIFIED_PUBLIC_AUTHORITY_M01_GSC,M01 Search Analytics top-row aggregate; NOT_RETURNED is not zero; route locale is not a GSC language dimension; page-level indexing unavailable
big_five,polarity,agreeableness-high,en,big-five/agreeableness-high,https://fermatmind.com/en/personality/big-five/agreeableness-high,https://fermatmind.com/en/personality/big-five/agreeableness-high,https://fermatmind.com/en/personality/big-five/agreeableness-high,https://fermatmind.com/zh/personality/big-five/agreeableness-high,"index, follow",200,,true,true,true,true,true,published,fap-api:personality_public_content_assets,big_five:en:polarity:agreeableness-high,High Agreeableness: Cooperation With Boundaries,"High Agreeableness may suggest trust, cooperation, and attention to interpersonal harmony. It does not mean moral superiority, obedience, or accepting harm.",High Agreeableness: Cooperation With Boundaries,856,e2b559c0c887ffcefcdfd930c42f9a2a47aa7fc7eca82e3e707d7a2ea36391a0,5,6,0,2,0,6,NOT_RETURNED,NOT_RETURNED,NOT_RETURNED,NOT_RETURNED,0,2,0,6,UNKNOWN_PAGE_LEVEL,2026-07-19T00:00:00.000000Z,VERIFIED_PUBLIC_AUTHORITY_M01_GSC,M01 Search Analytics top-row aggregate; NOT_RETURNED is not zero; route locale is not a GSC language dimension; page-level indexing unavailable
big_five,polarity,agreeableness-low,en,big-five/agreeableness-low,https://fermatmind.com/en/personality/big-five/agreeableness-low,https://fermatmind.com/en/personality/big-five/agreeableness-low,https://fermatmind.com/en/personality/big-five/agreeableness-low,https://fermatmind.com/zh/personality/big-five/agreeableness-low,"index, follow",200,,true,true,true,true,true,published,fap-api:personality_public_content_assets,big_five:en:polarity:agreeableness-low,Low Agreeableness: Direct Challenge and Strong Boundaries,"Low Agreeableness may suggest direct expression, stronger skepticism, and priority for self-interest or contest. It does not mean being bad, cruel, dishonest, or unable to cooperate.",Low Agreeableness: Direct Challenge and Strong Boundaries,914,48a7b3afe79f370d3f95837846b3f0e4ecdcfa491db35743bf255bad8a8b1ee9,5,6,NOT_RETURNED,NOT_RETURNED,NOT_RETURNED,NOT_RETURNED,NOT_RETURNED,NOT_RETURNED,NOT_RETURNED,NOT_RETURNED,NOT_RETURNED,NOT_RETURNED,NOT_RETURNED,NOT_RETURNED,UNKNOWN_PAGE_LEVEL,2026-07-19T00:00:00.000000Z,VERIFIED_PUBLIC_AUTHORITY_M01_NOT_RETURNED,M01 Search Analytics top-row aggregate; NOT_RETURNED is not zero; route locale is not a GSC language dimension; page-level indexing unavailable
big_five,polarity,agreeableness-mid,en,big-five/agreeableness-mid,https://fermatmind.com/en/personality/big-five/agreeableness-mid,https://fermatmind.com/en/personality/big-five/agreeableness-mid,https://fermatmind.com/en/personality/big-five/agreeableness-mid,https://fermatmind.com/zh/personality/big-five/agreeableness-mid,"index, follow",200,,true,true,true,true,true,published,fap-api:personality_public_content_assets,big_five:en:polarity:agreeableness-mid,Mid-Range Agreeableness: Cooperation and Self-Advocacy,"Mid-range Agreeableness may suggest flexible balance between cooperation and self-advocacy. It is not opportunism, indecision, or an absence of interpersonal values.",Mid-Range Agreeableness: Cooperation and Self-Advocacy,875,ae722fa87bc41c17a4e722ddbaceea6919f0fd2024aab85fbf4ad8d273e3b18c,5,6,NOT_RETURNED,NOT_RETURNED,NOT_RETURNED,NOT_RETURNED,NOT_RETURNED,NOT_RETURNED,NOT_RETURNED,NOT_RETURNED,NOT_RETURNED,NOT_RETURNED,NOT_RETURNED,NOT_RETURNED,UNKNOWN_PAGE_LEVEL,2026-07-19T00:00:00.000000Z,VERIFIED_PUBLIC_AUTHORITY_M01_NOT_RETURNED,M01 Search Analytics top-row aggregate; NOT_RETURNED is not zero; route locale is not a GSC language dimension; page-level indexing unavailable
big_five,domain,conscientiousness,en,big-five/conscientiousness,https://fermatmind.com/en/personality/big-five/conscientiousness,https://fermatmind.com/en/personality/big-five/conscientiousness,https://fermatmind.com/en/personality/big-five/conscientiousness,https://fermatmind.com/zh/personality/big-five/conscientiousness,"index, follow",200,,true,true,true,true,true,published,fap-api:personality_public_content_assets,big_five:en:domain:conscientiousness,"Conscientiousness: Organization, Follow-Through, and Deliberation","Conscientiousness describes tendencies around organization, obligations, goal pursuit, follow-through, and deliberation. It is not a measure of ability, virtue, or guaranteed success.","Conscientiousness: Organization, Follow-Through, and Deliberation",1942,9a33f33f594006bc36b1e4bb276779239b9add7ce3259133dd32b76d8c7b9c0c,13,13,NOT_RETURNED,NOT_RETURNED,NOT_RETURNED,NOT_RETURNED,NOT_RETURNED,NOT_RETURNED,NOT_RETURNED,NOT_RETURNED,NOT_RETURNED,NOT_RETURNED,NOT_RETURNED,NOT_RETURNED,UNKNOWN_PAGE_LEVEL,2026-07-19T00:00:00.000000Z,VERIFIED_PUBLIC_AUTHORITY_M01_NOT_RETURNED,M01 Search Analytics top-row aggregate; NOT_RETURNED is not zero; route locale is not a GSC language dimension; page-level indexing unavailable
big_five,polarity,conscientiousness-high,en,big-five/conscientiousness-high,https://fermatmind.com/en/personality/big-five/conscientiousness-high,https://fermatmind.com/en/personality/big-five/conscientiousness-high,https://fermatmind.com/en/personality/big-five/conscientiousness-high,https://fermatmind.com/zh/personality/big-five/conscientiousness-high,"index, follow",200,,true,true,true,true,true,published,fap-api:personality_public_content_assets,big_five:en:polarity:conscientiousness-high,High Conscientiousness: Planning and Sustained Execution,"High Conscientiousness may suggest advance planning, sustained execution, and preference for order. It is not perfectionism, ability, virtue, or guaranteed success.",High Conscientiousness: Planning and Sustained Execution,936,c2ed1b88aa8a7acedaa5195ee4b719d2a25af55b75c25881c9e6893c3a082369,5,6,NOT_RETURNED,NOT_RETURNED,NOT_RETURNED,NOT_RETURNED,NOT_RETURNED,NOT_RETURNED,NOT_RETURNED,NOT_RETURNED,NOT_RETURNED,NOT_RETURNED,NOT_RETURNED,NOT_RETURNED,UNKNOWN_PAGE_LEVEL,2026-07-19T00:00:00.000000Z,VERIFIED_PUBLIC_AUTHORITY_M01_NOT_RETURNED,M01 Search Analytics top-row aggregate; NOT_RETURNED is not zero; route locale is not a GSC language dimension; page-level indexing unavailable
big_five,polarity,conscientiousness-low,en,big-five/conscientiousness-low,https://fermatmind.com/en/personality/big-five/conscientiousness-low,https://fermatmind.com/en/personality/big-five/conscientiousness-low,https://fermatmind.com/en/personality/big-five/conscientiousness-low,https://fermatmind.com/zh/personality/big-five/conscientiousness-low,"index, follow",200,,true,true,true,true,true,published,fap-api:personality_public_content_assets,big_five:en:polarity:conscientiousness-low,Low Conscientiousness: Flexibility and an Improvised Rhythm,"Low Conscientiousness may suggest flexibility, improvisation, and preference for a freer rhythm. It does not mean laziness, incompetence, or poor career prospects.",Low Conscientiousness: Flexibility and an Improvised Rhythm,919,3df8edda0f451fd4c5a5d66f39cc0079db7c63a7a6f97619816e82dc9dbbdc5c,5,6,NOT_RETURNED,NOT_RETURNED,NOT_RETURNED,NOT_RETURNED,NOT_RETURNED,NOT_RETURNED,NOT_RETURNED,NOT_RETURNED,NOT_RETURNED,NOT_RETURNED,NOT_RETURNED,NOT_RETURNED,UNKNOWN_PAGE_LEVEL,2026-07-19T00:00:00.000000Z,VERIFIED_PUBLIC_AUTHORITY_M01_NOT_RETURNED,M01 Search Analytics top-row aggregate; NOT_RETURNED is not zero; route locale is not a GSC language dimension; page-level indexing unavailable
big_five,polarity,conscientiousness-mid,en,big-five/conscientiousness-mid,https://fermatmind.com/en/personality/big-five/conscientiousness-mid,https://fermatmind.com/en/personality/big-five/conscientiousness-mid,https://fermatmind.com/en/personality/big-five/conscientiousness-mid,https://fermatmind.com/zh/personality/big-five/conscientiousness-mid,"index, follow",200,,true,true,true,true,true,published,fap-api:personality_public_content_assets,big_five:en:polarity:conscientiousness-mid,Mid-Range Conscientiousness: Structure When It Matters,Mid-range Conscientiousness may suggest a personal rhythm between order and flexibility. It is not weak self-discipline or an absence of reliable tendencies.,Mid-Range Conscientiousness: Structure When It Matters,911,3837e4f81dba088aa1d2d69d27a47f156acd7a197007dc8a8d20bb5734497b1d,5,6,NOT_RETURNED,NOT_RETURNED,NOT_RETURNED,NOT_RETURNED,NOT_RETURNED,NOT_RETURNED,NOT_RETURNED,NOT_RETURNED,NOT_RETURNED,NOT_RETURNED,NOT_RETURNED,NOT_RETURNED,UNKNOWN_PAGE_LEVEL,2026-07-19T00:00:00.000000Z,VERIFIED_PUBLIC_AUTHORITY_M01_NOT_RETURNED,M01 Search Analytics top-row aggregate; NOT_RETURNED is not zero; route locale is not a GSC language dimension; page-level indexing unavailable
big_five,domain,extraversion,en,big-five/extraversion,https://fermatmind.com/en/personality/big-five/extraversion,https://fermatmind.com/en/personality/big-five/extraversion,https://fermatmind.com/en/personality/big-five/extraversion,https://fermatmind.com/zh/personality/big-five/extraversion,"index, follow",200,,true,true,true,true,true,published,fap-api:personality_public_content_assets,big_five:en:domain:extraversion,"Extraversion: Social Engagement, Assertiveness, and Positive Emotion","Extraversion describes tendencies around social engagement, assertiveness, activity, stimulation, and positive emotion. Lower Extraversion is not a social defect or diagnosis.","Extraversion: Social Engagement, Assertiveness, and Positive Emotion",1815,bcd476695c5ac618729bedce7171c8e23f3102075cf522414057185fce30cf67,13,13,NOT_RETURNED,NOT_RETURNED,NOT_RETURNED,NOT_RETURNED,NOT_RETURNED,NOT_RETURNED,NOT_RETURNED,NOT_RETURNED,NOT_RETURNED,NOT_RETURNED,NOT_RETURNED,NOT_RETURNED,UNKNOWN_PAGE_LEVEL,2026-07-19T00:00:00.000000Z,VERIFIED_PUBLIC_AUTHORITY_M01_NOT_RETURNED,M01 Search Analytics top-row aggregate; NOT_RETURNED is not zero; route locale is not a GSC language dimension; page-level indexing unavailable
big_five,polarity,extraversion-high,en,big-five/extraversion-high,https://fermatmind.com/en/personality/big-five/extraversion-high,https://fermatmind.com/en/personality/big-five/extraversion-high,https://fermatmind.com/en/personality/big-five/extraversion-high,https://fermatmind.com/zh/personality/big-five/extraversion-high,"index, follow",200,,true,true,true,true,true,published,fap-api:personality_public_content_assets,big_five:en:polarity:extraversion-high,High Extraversion: Social Initiative and Stimulation,"High Extraversion may suggest social initiative, visible expression, and appetite for stimulation. It does not mean constant happiness, impulsivity, or inability to work alone.",High Extraversion: Social Initiative and Stimulation,921,9c76dc175c760b414199de180f36c44f0a3107e16326f07240ca9deb31b028d6,5,6,0,10,0,7.9,0,4,0,10,0,14,0,8.5,UNKNOWN_PAGE_LEVEL,2026-07-19T00:00:00.000000Z,VERIFIED_PUBLIC_AUTHORITY_M01_GSC,M01 Search Analytics top-row aggregate; NOT_RETURNED is not zero; route locale is not a GSC language dimension; page-level indexing unavailable
big_five,polarity,extraversion-low,en,big-five/extraversion-low,https://fermatmind.com/en/personality/big-five/extraversion-low,https://fermatmind.com/en/personality/big-five/extraversion-low,https://fermatmind.com/en/personality/big-five/extraversion-low,https://fermatmind.com/zh/personality/big-five/extraversion-low,"index, follow",200,,true,true,true,true,true,published,fap-api:personality_public_content_assets,big_five:en:polarity:extraversion-low,Low Extraversion: Quiet Focus and Deeper Interaction,"Low Extraversion may suggest preference for quiet settings, deeper one-to-one interaction, and inward focus. It is not shyness, social anxiety, loneliness, or poor skill.",Low Extraversion: Quiet Focus and Deeper Interaction,906,aed95b92f85ab89efa6b78caffb849d3bfae89148886266880fb992ce9643169,5,6,NOT_RETURNED,NOT_RETURNED,NOT_RETURNED,NOT_RETURNED,0,1,0,4,0,1,0,4,UNKNOWN_PAGE_LEVEL,2026-07-19T00:00:00.000000Z,VERIFIED_PUBLIC_AUTHORITY_M01_GSC,M01 Search Analytics top-row aggregate; NOT_RETURNED is not zero; route locale is not a GSC language dimension; page-level indexing unavailable
big_five,polarity,extraversion-mid,en,big-five/extraversion-mid,https://fermatmind.com/en/personality/big-five/extraversion-mid,https://fermatmind.com/en/personality/big-five/extraversion-mid,https://fermatmind.com/en/personality/big-five/extraversion-mid,https://fermatmind.com/zh/personality/big-five/extraversion-mid,"index, follow",200,,true,true,true,true,true,published,fap-api:personality_public_content_assets,big_five:en:polarity:extraversion-mid,Mid-Range Extraversion: Flexible Social Engagement,"Mid-range Extraversion may suggest flexible social engagement that shifts with audience, role, and stimulation. It is not a lack of personality or a half-introvert type.",Mid-Range Extraversion: Flexible Social Engagement,892,c10d44edc60590b320c56f9a963f6592b9352877179668469cefacd36fea962d,5,6,NOT_RETURNED,NOT_RETURNED,NOT_RETURNED,NOT_RETURNED,NOT_RETURNED,NOT_RETURNED,NOT_RETURNED,NOT_RETURNED,NOT_RETURNED,NOT_RETURNED,NOT_RETURNED,NOT_RETURNED,UNKNOWN_PAGE_LEVEL,2026-07-19T00:00:00.000000Z,VERIFIED_PUBLIC_AUTHORITY_M01_NOT_RETURNED,M01 Search Analytics top-row aggregate; NOT_RETURNED is not zero; route locale is not a GSC language dimension; page-level indexing unavailable
big_five,facet_hub,facets,en,big-five/facets,https://fermatmind.com/en/personality/big-five/facets,https://fermatmind.com/en/personality/big-five/facets,https://fermatmind.com/en/personality/big-five/facets,https://fermatmind.com/zh/personality/big-five/facets,"index, follow",200,,true,true,true,true,true,published,fap-api:personality_public_content_assets,big_five:en:facet_hub:facets,The 30 Big Five Facets: A Guide to More Specific Personality Tendencies,Facets are narrower tendencies within the five Big Five domains. They help explain why two people with similar domain scores may show that domain in very different ways.,The 30 Big Five Facets: A Guide to More Specific Personality Tendencies,2422,a324a189d19ebeb52aa9631f05f3dc2e4465f1034c64c8126a48e329e260d3c7,53,38,NOT_RETURNED,NOT_RETURNED,NOT_RETURNED,NOT_RETURNED,NOT_RETURNED,NOT_RETURNED,NOT_RETURNED,NOT_RETURNED,NOT_RETURNED,NOT_RETURNED,NOT_RETURNED,NOT_RETURNED,UNKNOWN_PAGE_LEVEL,2026-07-19T00:00:00.000000Z,VERIFIED_PUBLIC_AUTHORITY_M01_NOT_RETURNED,M01 Search Analytics top-row aggregate; NOT_RETURNED is not zero; route locale is not a GSC language dimension; page-level indexing unavailable
big_five,facet_detail,achievement-striving,en,big-five/facets/achievement-striving,https://fermatmind.com/en/personality/big-five/facets/achievement-striving,https://fermatmind.com/en/personality/big-five/facets/achievement-striving,https://fermatmind.com/en/personality/big-five/facets/achievement-striving,https://fermatmind.com/zh/personality/big-five/facets/achievement-striving,"index, follow",200,,true,true,true,true,true,published,fap-api:personality_public_content_assets,big_five:en:facet_detail:achievement-striving,Achievement Striving: Drive Toward Demanding Goals,"Achievement Striving concerns attraction to demanding goals and high standards. It is not guaranteed success, personal worth, perfectionism, or evidence that every goal is valuable.",Achievement Striving: Drive Toward Demanding Goals,966,999f16764d9b6cd73e8d30cc7d753c8d3a44c967edd0d60cb75f3b7c808c2c40,9,9,0,1,0,6,NOT_RETURNED,NOT_RETURNED,NOT_RETURNED,NOT_RETURNED,0,1,0,6,UNKNOWN_PAGE_LEVEL,2026-07-19T00:00:00.000000Z,VERIFIED_PUBLIC_AUTHORITY_M01_GSC,M01 Search Analytics top-row aggregate; NOT_RETURNED is not zero; route locale is not a GSC language dimension; page-level indexing unavailable
big_five,facet_detail,actions,en,big-five/facets/actions,https://fermatmind.com/en/personality/big-five/facets/actions,https://fermatmind.com/en/personality/big-five/facets/actions,https://fermatmind.com/en/personality/big-five/facets/actions,https://fermatmind.com/zh/personality/big-five/facets/actions,"index, follow",200,,true,true,true,true,true,published,fap-api:personality_public_content_assets,big_five:en:facet_detail:actions,Actions: Willingness to Try Unfamiliar Activities,"Actions concerns voluntary exploration of unfamiliar activities, places, and everyday experiences. It is not impulsivity, risk taking, restlessness, or proof of an adventurous life.",Actions: Willingness to Try Unfamiliar Activities,1102,2a71869980d3d0e54684b7e0eeb7d57e75db5d93e16db7cb911deeaef775d120,9,9,NOT_RETURNED,NOT_RETURNED,NOT_RETURNED,NOT_RETURNED,NOT_RETURNED,NOT_RETURNED,NOT_RETURNED,NOT_RETURNED,NOT_RETURNED,NOT_RETURNED,NOT_RETURNED,NOT_RETURNED,UNKNOWN_PAGE_LEVEL,2026-07-19T00:00:00.000000Z,VERIFIED_PUBLIC_AUTHORITY_M01_NOT_RETURNED,M01 Search Analytics top-row aggregate; NOT_RETURNED is not zero; route locale is not a GSC language dimension; page-level indexing unavailable
big_five,facet_detail,activity,en,big-five/facets/activity,https://fermatmind.com/en/personality/big-five/facets/activity,https://fermatmind.com/en/personality/big-five/facets/activity,https://fermatmind.com/en/personality/big-five/facets/activity,https://fermatmind.com/zh/personality/big-five/facets/activity,"index, follow",200,,true,true,true,true,true,published,fap-api:personality_public_content_assets,big_five:en:facet_detail:activity,Activity: Preference for a Fast and Busy Pace,"Activity concerns preference for a fast pace, movement, and having things underway. It is not health, fitness, productivity, worth, or a clinical mood indicator.",Activity: Preference for a Fast and Busy Pace,895,6cf36dea7b02940ef7d361ff3ba8697fbe2750a8d1393e4ca40168dbb0270470,9,9,NOT_RETURNED,NOT_RETURNED,NOT_RETURNED,NOT_RETURNED,NOT_RETURNED,NOT_RETURNED,NOT_RETURNED,NOT_RETURNED,NOT_RETURNED,NOT_RETURNED,NOT_RETURNED,NOT_RETURNED,UNKNOWN_PAGE_LEVEL,2026-07-19T00:00:00.000000Z,VERIFIED_PUBLIC_AUTHORITY_M01_NOT_RETURNED,M01 Search Analytics top-row aggregate; NOT_RETURNED is not zero; route locale is not a GSC language dimension; page-level indexing unavailable
big_five,facet_detail,aesthetics,en,big-five/facets/aesthetics,https://fermatmind.com/en/personality/big-five/facets/aesthetics,https://fermatmind.com/en/personality/big-five/facets/aesthetics,https://fermatmind.com/en/personality/big-five/facets/aesthetics,https://fermatmind.com/zh/personality/big-five/facets/aesthetics,"index, follow",200,,true,true,true,true,true,published,fap-api:personality_public_content_assets,big_five:en:facet_detail:aesthetics,Aesthetics: Sensitivity to Art and Beauty,"Aesthetics concerns sensitivity and interest in beauty across art, music, nature, language, and form. It is not taste, status, artistic talent, or moral refinement.",Aesthetics: Sensitivity to Art and Beauty,1194,69024e2d5ee534cdd5ce30a491bdd6db70a6436559dafe37587e95de42894d4b,9,9,NOT_RETURNED,NOT_RETURNED,NOT_RETURNED,NOT_RETURNED,NOT_RETURNED,NOT_RETURNED,NOT_RETURNED,NOT_RETURNED,NOT_RETURNED,NOT_RETURNED,NOT_RETURNED,NOT_RETURNED,UNKNOWN_PAGE_LEVEL,2026-07-19T00:00:00.000000Z,VERIFIED_PUBLIC_AUTHORITY_M01_NOT_RETURNED,M01 Search Analytics top-row aggregate; NOT_RETURNED is not zero; route locale is not a GSC language dimension; page-level indexing unavailable
big_five,facet_detail,altruism,en,big-five/facets/altruism,https://fermatmind.com/en/personality/big-five/facets/altruism,https://fermatmind.com/en/personality/big-five/facets/altruism,https://fermatmind.com/en/personality/big-five/facets/altruism,https://fermatmind.com/zh/personality/big-five/facets/altruism,"index, follow",200,,true,true,true,true,true,published,fap-api:personality_public_content_assets,big_five:en:facet_detail:altruism,Altruism: Readiness to Help Others,"Altruism concerns readiness to help and contribute to others’ needs. It is not moral proof, unlimited self-sacrifice, people pleasing, or a guarantee that help will be useful.",Altruism: Readiness to Help Others,879,5d6bf268834b491265bda169809d9b3c0af9565bc1fba45946baadf0ad1c8cf3,9,9,NOT_RETURNED,NOT_RETURNED,NOT_RETURNED,NOT_RETURNED,NOT_RETURNED,NOT_RETURNED,NOT_RETURNED,NOT_RETURNED,NOT_RETURNED,NOT_RETURNED,NOT_RETURNED,NOT_RETURNED,UNKNOWN_PAGE_LEVEL,2026-07-19T00:00:00.000000Z,VERIFIED_PUBLIC_AUTHORITY_M01_NOT_RETURNED,M01 Search Analytics top-row aggregate; NOT_RETURNED is not zero; route locale is not a GSC language dimension; page-level indexing unavailable
big_five,facet_detail,anger,en,big-five/facets/anger,https://fermatmind.com/en/personality/big-five/facets/anger,https://fermatmind.com/en/personality/big-five/facets/anger,https://fermatmind.com/en/personality/big-five/facets/anger,https://fermatmind.com/zh/personality/big-five/facets/anger,"index, follow",200,,true,true,true,true,true,published,fap-api:personality_public_content_assets,big_five:en:facet_detail:anger,Anger Facet: Tendency to Experience Frustration and Irritation,"The Anger facet concerns how readily frustration, irritation, or resentment is experienced. It does not establish aggression, violence, or a mental disorder.",Anger Facet: Tendency to Experience Frustration and Irritation,1010,3442406c6a61eb3f52731b075b4b1f501195898347cd05c3d9d7dacadd5f23e2,9,9,NOT_RETURNED,NOT_RETURNED,NOT_RETURNED,NOT_RETURNED,NOT_RETURNED,NOT_RETURNED,NOT_RETURNED,NOT_RETURNED,NOT_RETURNED,NOT_RETURNED,NOT_RETURNED,NOT_RETURNED,UNKNOWN_PAGE_LEVEL,2026-07-19T00:00:00.000000Z,VERIFIED_PUBLIC_AUTHORITY_M01_NOT_RETURNED,M01 Search Analytics top-row aggregate; NOT_RETURNED is not zero; route locale is not a GSC language dimension; page-level indexing unavailable
big_five,facet_detail,anxiety,en,big-five/facets/anxiety,https://fermatmind.com/en/personality/big-five/facets/anxiety,https://fermatmind.com/en/personality/big-five/facets/anxiety,https://fermatmind.com/en/personality/big-five/facets/anxiety,https://fermatmind.com/zh/personality/big-five/facets/anxiety,"index, follow",200,,true,true,true,true,true,published,fap-api:personality_public_content_assets,big_five:en:facet_detail:anxiety,Anxiety Facet: Tendency Toward Tension and Worry,"The Anxiety facet describes a tendency to experience tension, worry, and fear. It is a technical personality label, not an anxiety-disorder diagnosis.",Anxiety Facet: Tendency Toward Tension and Worry,1045,0f10be5385da4cf99d2c6f016ee08cc3fb134c6b5a24b36dc84bebeb9220d20f,9,9,NOT_RETURNED,NOT_RETURNED,NOT_RETURNED,NOT_RETURNED,NOT_RETURNED,NOT_RETURNED,NOT_RETURNED,NOT_RETURNED,NOT_RETURNED,NOT_RETURNED,NOT_RETURNED,NOT_RETURNED,UNKNOWN_PAGE_LEVEL,2026-07-19T00:00:00.000000Z,VERIFIED_PUBLIC_AUTHORITY_M01_NOT_RETURNED,M01 Search Analytics top-row aggregate; NOT_RETURNED is not zero; route locale is not a GSC language dimension; page-level indexing unavailable
big_five,facet_detail,assertiveness,en,big-five/facets/assertiveness,https://fermatmind.com/en/personality/big-five/facets/assertiveness,https://fermatmind.com/en/personality/big-five/facets/assertiveness,https://fermatmind.com/en/personality/big-five/facets/assertiveness,https://fermatmind.com/zh/personality/big-five/facets/assertiveness,"index, follow",200,,true,true,true,true,true,published,fap-api:personality_public_content_assets,big_five:en:facet_detail:assertiveness,Assertiveness: Readiness to Speak and Direct,"Assertiveness concerns readiness to speak, influence direction, and take the floor. It is not aggression, competence, leadership, dominance, or permission to disregard others.",Assertiveness: Readiness to Speak and Direct,904,79f0507176a21c3ebeb156d93add0ef303159984d5c865654c6126df227ffb9d,9,9,NOT_RETURNED,NOT_RETURNED,NOT_RETURNED,NOT_RETURNED,NOT_RETURNED,NOT_RETURNED,NOT_RETURNED,NOT_RETURNED,NOT_RETURNED,NOT_RETURNED,NOT_RETURNED,NOT_RETURNED,UNKNOWN_PAGE_LEVEL,2026-07-19T00:00:00.000000Z,VERIFIED_PUBLIC_AUTHORITY_M01_NOT_RETURNED,M01 Search Analytics top-row aggregate; NOT_RETURNED is not zero; route locale is not a GSC language dimension; page-level indexing unavailable
big_five,facet_detail,competence,en,big-five/facets/competence,https://fermatmind.com/en/personality/big-five/facets/competence,https://fermatmind.com/en/personality/big-five/facets/competence,https://fermatmind.com/en/personality/big-five/facets/competence,https://fermatmind.com/zh/personality/big-five/facets/competence,"index, follow",200,,true,true,true,true,true,published,fap-api:personality_public_content_assets,big_five:en:facet_detail:competence,Competence: Confidence in Handling Tasks,"Competence concerns a general expectation that one can handle tasks and solve everyday problems. It is not a direct measure of skill, intelligence, or future performance.",Competence: Confidence in Handling Tasks,1021,7a09fe197e2b172b580b9fa7a4f5f6cf20ece00f2df4de2b74b4932155767d7a,9,9,NOT_RETURNED,NOT_RETURNED,NOT_RETURNED,NOT_RETURNED,NOT_RETURNED,NOT_RETURNED,NOT_RETURNED,NOT_RETURNED,NOT_RETURNED,NOT_RETURNED,NOT_RETURNED,NOT_RETURNED,UNKNOWN_PAGE_LEVEL,2026-07-19T00:00:00.000000Z,VERIFIED_PUBLIC_AUTHORITY_M01_NOT_RETURNED,M01 Search Analytics top-row aggregate; NOT_RETURNED is not zero; route locale is not a GSC language dimension; page-level indexing unavailable
big_five,facet_detail,compliance,en,big-five/facets/compliance,https://fermatmind.com/en/personality/big-five/facets/compliance,https://fermatmind.com/en/personality/big-five/facets/compliance,https://fermatmind.com/en/personality/big-five/facets/compliance,https://fermatmind.com/zh/personality/big-five/facets/compliance,"index, follow",200,,true,true,true,true,true,published,fap-api:personality_public_content_assets,big_five:en:facet_detail:compliance,Compliance: Willingness to De-Escalate Conflict,"Compliance concerns willingness to yield, compromise, or de-escalate during conflict. It is not obedience, weakness, fear, cooperation, or a requirement to accept harm.",Compliance: Willingness to De-Escalate Conflict,880,a999d5c4794d934bce760f393bebcd814513544a06779f7efbb7de980c6fa244,9,9,0,2,0,6.5,NOT_RETURNED,NOT_RETURNED,NOT_RETURNED,NOT_RETURNED,0,2,0,6.5,UNKNOWN_PAGE_LEVEL,2026-07-19T00:00:00.000000Z,VERIFIED_PUBLIC_AUTHORITY_M01_GSC,M01 Search Analytics top-row aggregate; NOT_RETURNED is not zero; route locale is not a GSC language dimension; page-level indexing unavailable
big_five,facet_detail,deliberation,en,big-five/facets/deliberation,https://fermatmind.com/en/personality/big-five/facets/deliberation,https://fermatmind.com/en/personality/big-five/facets/deliberation,https://fermatmind.com/en/personality/big-five/facets/deliberation,https://fermatmind.com/zh/personality/big-five/facets/deliberation,"index, follow",200,,true,true,true,true,true,published,fap-api:personality_public_content_assets,big_five:en:facet_detail:deliberation,Deliberation: Considering Consequences Before Acting,"Deliberation concerns pausing to consider consequences before acting. It is not indecision, anxiety, superior judgment, intelligence, or a guarantee of safe choices.",Deliberation: Considering Consequences Before Acting,924,bdd0b5e57cb2a21b55d7348677c6bb43415e312f40e7a131cae94767bb49432a,9,9,NOT_RETURNED,NOT_RETURNED,NOT_RETURNED,NOT_RETURNED,NOT_RETURNED,NOT_RETURNED,NOT_RETURNED,NOT_RETURNED,NOT_RETURNED,NOT_RETURNED,NOT_RETURNED,NOT_RETURNED,UNKNOWN_PAGE_LEVEL,2026-07-19T00:00:00.000000Z,VERIFIED_PUBLIC_AUTHORITY_M01_NOT_RETURNED,M01 Search Analytics top-row aggregate; NOT_RETURNED is not zero; route locale is not a GSC language dimension; page-level indexing unavailable
big_five,facet_detail,depression,en,big-five/facets/depression,https://fermatmind.com/en/personality/big-five/facets/depression,https://fermatmind.com/en/personality/big-five/facets/depression,https://fermatmind.com/en/personality/big-five/facets/depression,https://fermatmind.com/zh/personality/big-five/facets/depression,"index, follow",200,,true,true,true,true,true,published,fap-api:personality_public_content_assets,big_five:en:facet_detail:depression,Depression Facet: Tendency Toward Sadness and Discouragement,"The Depression facet describes proneness to sadness, discouragement, and low mood. Despite its technical name, it does not diagnose depressive disorder.",Depression Facet: Tendency Toward Sadness and Discouragement,1045,77da8fea8ef0529c96c8f34c0c11d98165cb95b1f0b9a72806a2e1bc186865e6,9,9,NOT_RETURNED,NOT_RETURNED,NOT_RETURNED,NOT_RETURNED,NOT_RETURNED,NOT_RETURNED,NOT_RETURNED,NOT_RETURNED,NOT_RETURNED,NOT_RETURNED,NOT_RETURNED,NOT_RETURNED,UNKNOWN_PAGE_LEVEL,2026-07-19T00:00:00.000000Z,VERIFIED_PUBLIC_AUTHORITY_M01_NOT_RETURNED,M01 Search Analytics top-row aggregate; NOT_RETURNED is not zero; route locale is not a GSC language dimension; page-level indexing unavailable
big_five,facet_detail,dutifulness,en,big-five/facets/dutifulness,https://fermatmind.com/en/personality/big-five/facets/dutifulness,https://fermatmind.com/en/personality/big-five/facets/dutifulness,https://fermatmind.com/en/personality/big-five/facets/dutifulness,https://fermatmind.com/zh/personality/big-five/facets/dutifulness,"index, follow",200,,true,true,true,true,true,published,fap-api:personality_public_content_assets,big_five:en:facet_detail:dutifulness,Dutifulness: Commitment to Obligations,"Dutifulness concerns how strongly promises, rules, and obligations guide action. It is not a measure of morality, obedience, kindness, or whether someone deserves trust.",Dutifulness: Commitment to Obligations,965,d60f658ba2880a860bba6ef192c1a3b4bbf7d1552ac0baa4385f7c99e9e3710b,9,9,0,47,0,6.87234,0,4,0,9.5,0,51,0,7.078431,UNKNOWN_PAGE_LEVEL,2026-07-19T00:00:00.000000Z,VERIFIED_PUBLIC_AUTHORITY_M01_GSC,M01 Search Analytics top-row aggregate; NOT_RETURNED is not zero; route locale is not a GSC language dimension; page-level indexing unavailable
big_five,facet_detail,excitement-seeking,en,big-five/facets/excitement-seeking,https://fermatmind.com/en/personality/big-five/facets/excitement-seeking,https://fermatmind.com/en/personality/big-five/facets/excitement-seeking,https://fermatmind.com/en/personality/big-five/facets/excitement-seeking,https://fermatmind.com/zh/personality/big-five/facets/excitement-seeking,"index, follow",200,,true,true,true,true,true,published,fap-api:personality_public_content_assets,big_five:en:facet_detail:excitement-seeking,Excitement Seeking: Preference for Intense Stimulation,"Excitement Seeking concerns preference for intense, vivid, or high-arousal stimulation. It is not recklessness, substance use, courage, impulsivity, or guaranteed risk taking.",Excitement Seeking: Preference for Intense Stimulation,933,d7abbdc1c606ffedd4bd528695fa07dd1ca6cad0fbce7dbf11eec9900dbec63c,9,9,0,8,0,9.375,NOT_RETURNED,NOT_RETURNED,NOT_RETURNED,NOT_RETURNED,0,8,0,9.375,UNKNOWN_PAGE_LEVEL,2026-07-19T00:00:00.000000Z,VERIFIED_PUBLIC_AUTHORITY_M01_GSC,M01 Search Analytics top-row aggregate; NOT_RETURNED is not zero; route locale is not a GSC language dimension; page-level indexing unavailable
big_five,facet_detail,feelings,en,big-five/facets/feelings,https://fermatmind.com/en/personality/big-five/facets/feelings,https://fermatmind.com/en/personality/big-five/facets/feelings,https://fermatmind.com/en/personality/big-five/facets/feelings,https://fermatmind.com/zh/personality/big-five/facets/feelings,"index, follow",200,,true,true,true,true,true,published,fap-api:personality_public_content_assets,big_five:en:facet_detail:feelings,Feelings: Attention to Inner Emotional Experience,"Feelings concerns attention to, differentiation of, and interest in one’s internal emotional experience. It is not emotional instability, empathy, or a mental-health indicator.",Feelings: Attention to Inner Emotional Experience,1174,827f3595cd579fc7d8ee90a87f6f221bf84ff628cb55ba5d9d8ba1e96b973fcd,9,10,NOT_RETURNED,NOT_RETURNED,NOT_RETURNED,NOT_RETURNED,NOT_RETURNED,NOT_RETURNED,NOT_RETURNED,NOT_RETURNED,NOT_RETURNED,NOT_RETURNED,NOT_RETURNED,NOT_RETURNED,UNKNOWN_PAGE_LEVEL,2026-07-19T00:00:00.000000Z,VERIFIED_PUBLIC_AUTHORITY_M01_NOT_RETURNED,M01 Search Analytics top-row aggregate; NOT_RETURNED is not zero; route locale is not a GSC language dimension; page-level indexing unavailable
big_five,facet_detail,gregariousness,en,big-five/facets/gregariousness,https://fermatmind.com/en/personality/big-five/facets/gregariousness,https://fermatmind.com/en/personality/big-five/facets/gregariousness,https://fermatmind.com/en/personality/big-five/facets/gregariousness,https://fermatmind.com/zh/personality/big-five/facets/gregariousness,"index, follow",200,,true,true,true,true,true,published,fap-api:personality_public_content_assets,big_five:en:facet_detail:gregariousness,Gregariousness: Preference for Group Company,"Gregariousness concerns preference for being with groups and frequent company. It is not social skill, popularity, social anxiety, loneliness, or inability to be alone.",Gregariousness: Preference for Group Company,884,060ba2d9e78c371a935c137e9ffaf761d75fc187a7b8f4bd960e53113805aff8,9,9,0,14,0,4.071429,NOT_RETURNED,NOT_RETURNED,NOT_RETURNED,NOT_RETURNED,0,14,0,4.071429,UNKNOWN_PAGE_LEVEL,2026-07-19T00:00:00.000000Z,VERIFIED_PUBLIC_AUTHORITY_M01_GSC,M01 Search Analytics top-row aggregate; NOT_RETURNED is not zero; route locale is not a GSC language dimension; page-level indexing unavailable
big_five,facet_detail,ideas,en,big-five/facets/ideas,https://fermatmind.com/en/personality/big-five/facets/ideas,https://fermatmind.com/en/personality/big-five/facets/ideas,https://fermatmind.com/en/personality/big-five/facets/ideas,https://fermatmind.com/zh/personality/big-five/facets/ideas,"index, follow",200,,true,true,true,true,true,published,fap-api:personality_public_content_assets,big_five:en:facet_detail:ideas,Ideas: Interest in Concepts and Knowledge,"Ideas concerns intrinsic interest in concepts, theories, questions, and knowledge exploration. It is not intelligence, education level, expertise, or proof of sound reasoning.",Ideas: Interest in Concepts and Knowledge,1093,ee7379b17385d9d27c386d5cc6e4ba8ed73329f33c886ddcd03e459d799d048e,9,9,NOT_RETURNED,NOT_RETURNED,NOT_RETURNED,NOT_RETURNED,NOT_RETURNED,NOT_RETURNED,NOT_RETURNED,NOT_RETURNED,NOT_RETURNED,NOT_RETURNED,NOT_RETURNED,NOT_RETURNED,UNKNOWN_PAGE_LEVEL,2026-07-19T00:00:00.000000Z,VERIFIED_PUBLIC_AUTHORITY_M01_NOT_RETURNED,M01 Search Analytics top-row aggregate; NOT_RETURNED is not zero; route locale is not a GSC language dimension; page-level indexing unavailable
big_five,facet_detail,imagination,en,big-five/facets/imagination,https://fermatmind.com/en/personality/big-five/facets/imagination,https://fermatmind.com/en/personality/big-five/facets/imagination,https://fermatmind.com/en/personality/big-five/facets/imagination,https://fermatmind.com/zh/personality/big-five/facets/imagination,"index, follow",200,,true,true,true,true,true,published,fap-api:personality_public_content_assets,big_five:en:facet_detail:imagination,Imagination: An Active Inner World,"Imagination concerns how readily the mind generates images, scenes, stories, and alternative possibilities. It is not creativity, artistic skill, or loss of contact with reality.",Imagination: An Active Inner World,1217,7d95f83c5354debf38d4f1e8b138317e41bf33a1174fb429ae4e1f07930e1061,9,9,NOT_RETURNED,NOT_RETURNED,NOT_RETURNED,NOT_RETURNED,NOT_RETURNED,NOT_RETURNED,NOT_RETURNED,NOT_RETURNED,NOT_RETURNED,NOT_RETURNED,NOT_RETURNED,NOT_RETURNED,UNKNOWN_PAGE_LEVEL,2026-07-19T00:00:00.000000Z,VERIFIED_PUBLIC_AUTHORITY_M01_NOT_RETURNED,M01 Search Analytics top-row aggregate; NOT_RETURNED is not zero; route locale is not a GSC language dimension; page-level indexing unavailable
big_five,facet_detail,impulsiveness,en,big-five/facets/impulsiveness,https://fermatmind.com/en/personality/big-five/facets/impulsiveness,https://fermatmind.com/en/personality/big-five/facets/impulsiveness,https://fermatmind.com/en/personality/big-five/facets/impulsiveness,https://fermatmind.com/zh/personality/big-five/facets/impulsiveness,"index, follow",200,,true,true,true,true,true,published,fap-api:personality_public_content_assets,big_five:en:facet_detail:impulsiveness,Impulsiveness Facet: Difficulty Resisting Urges,"Impulsiveness concerns difficulty resisting urges or delaying gratification. It does not diagnose ADHD, addiction, or another clinical condition.",Impulsiveness Facet: Difficulty Resisting Urges,980,5464e104b1c0914d0bcde8f5893ab338aa99f08de9d71121729cf26abaaf66b1,9,9,NOT_RETURNED,NOT_RETURNED,NOT_RETURNED,NOT_RETURNED,NOT_RETURNED,NOT_RETURNED,NOT_RETURNED,NOT_RETURNED,NOT_RETURNED,NOT_RETURNED,NOT_RETURNED,NOT_RETURNED,UNKNOWN_PAGE_LEVEL,2026-07-19T00:00:00.000000Z,VERIFIED_PUBLIC_AUTHORITY_M01_NOT_RETURNED,M01 Search Analytics top-row aggregate; NOT_RETURNED is not zero; route locale is not a GSC language dimension; page-level indexing unavailable
big_five,facet_detail,modesty,en,big-five/facets/modesty,https://fermatmind.com/en/personality/big-five/facets/modesty,https://fermatmind.com/en/personality/big-five/facets/modesty,https://fermatmind.com/en/personality/big-five/facets/modesty,https://fermatmind.com/zh/personality/big-five/facets/modesty,"index, follow",200,,true,true,true,true,true,published,fap-api:personality_public_content_assets,big_five:en:facet_detail:modesty,Modesty: Restraint in Self-Presentation,"Modesty concerns restraint in claiming status, importance, or special credit. It is not low self-esteem, low ability, lack of ambition, or a moral certificate.",Modesty: Restraint in Self-Presentation,833,faeb4d428eb08bc9d9e685ceb7970db4cbc3c9a0a708a9cf958aa2867594315e,9,9,0,1,0,10,NOT_RETURNED,NOT_RETURNED,NOT_RETURNED,NOT_RETURNED,0,1,0,10,UNKNOWN_PAGE_LEVEL,2026-07-19T00:00:00.000000Z,VERIFIED_PUBLIC_AUTHORITY_M01_GSC,M01 Search Analytics top-row aggregate; NOT_RETURNED is not zero; route locale is not a GSC language dimension; page-level indexing unavailable
big_five,facet_detail,order,en,big-five/facets/order,https://fermatmind.com/en/personality/big-five/facets/order,https://fermatmind.com/en/personality/big-five/facets/order,https://fermatmind.com/en/personality/big-five/facets/order,https://fermatmind.com/zh/personality/big-five/facets/order,"index, follow",200,,true,true,true,true,true,published,fap-api:personality_public_content_assets,big_five:en:facet_detail:order,Order: Preference for Structure and Organization,"Order concerns preference for organization, predictable placement, and structured routines. It is not obsessive-compulsive disorder, responsibility, cleanliness, or moral superiority.",Order: Preference for Structure and Organization,981,8602c84bce32e008bed3cc04fd4c760a52535accc5f8e68088ffa0f9854463da,9,9,NOT_RETURNED,NOT_RETURNED,NOT_RETURNED,NOT_RETURNED,NOT_RETURNED,NOT_RETURNED,NOT_RETURNED,NOT_RETURNED,NOT_RETURNED,NOT_RETURNED,NOT_RETURNED,NOT_RETURNED,UNKNOWN_PAGE_LEVEL,2026-07-19T00:00:00.000000Z,VERIFIED_PUBLIC_AUTHORITY_M01_NOT_RETURNED,M01 Search Analytics top-row aggregate; NOT_RETURNED is not zero; route locale is not a GSC language dimension; page-level indexing unavailable
big_five,facet_detail,positive-emotions,en,big-five/facets/positive-emotions,https://fermatmind.com/en/personality/big-five/facets/positive-emotions,https://fermatmind.com/en/personality/big-five/facets/positive-emotions,https://fermatmind.com/en/personality/big-five/facets/positive-emotions,https://fermatmind.com/zh/personality/big-five/facets/positive-emotions,"index, follow",200,,true,true,true,true,true,published,fap-api:personality_public_content_assets,big_five:en:facet_detail:positive-emotions,Positive Emotions: Readiness to Experience and Express Joy,"Positive Emotions concerns readiness to experience and express joy, enthusiasm, and amusement. It is not a happiness score, optimism, mental health, or emotional stability.",Positive Emotions: Readiness to Experience and Express Joy,954,ed471c543063d6fb6641238baf9a946c0183eb6647e42f11410fcc95280937ea,9,9,0,4,0,7.25,NOT_RETURNED,NOT_RETURNED,NOT_RETURNED,NOT_RETURNED,0,4,0,7.25,UNKNOWN_PAGE_LEVEL,2026-07-19T00:00:00.000000Z,VERIFIED_PUBLIC_AUTHORITY_M01_GSC,M01 Search Analytics top-row aggregate; NOT_RETURNED is not zero; route locale is not a GSC language dimension; page-level indexing unavailable
big_five,facet_detail,self-consciousness,en,big-five/facets/self-consciousness,https://fermatmind.com/en/personality/big-five/facets/self-consciousness,https://fermatmind.com/en/personality/big-five/facets/self-consciousness,https://fermatmind.com/en/personality/big-five/facets/self-consciousness,https://fermatmind.com/zh/personality/big-five/facets/self-consciousness,"index, follow",200,,true,true,true,true,true,published,fap-api:personality_public_content_assets,big_five:en:facet_detail:self-consciousness,Self-Consciousness Facet: Sensitivity to Embarrassment and Evaluation,"Self-Consciousness concerns sensitivity to embarrassment, scrutiny, and social evaluation. It is not the same as reflective self-awareness or a diagnosis.",Self-Consciousness Facet: Sensitivity to Embarrassment and Evaluation,1002,a588c318a2b4fc9ec8ae4b9044f918f7f66fb7530c900e3a90771d60c8f3f2a3,9,9,NOT_RETURNED,NOT_RETURNED,NOT_RETURNED,NOT_RETURNED,NOT_RETURNED,NOT_RETURNED,NOT_RETURNED,NOT_RETURNED,NOT_RETURNED,NOT_RETURNED,NOT_RETURNED,NOT_RETURNED,UNKNOWN_PAGE_LEVEL,2026-07-19T00:00:00.000000Z,VERIFIED_PUBLIC_AUTHORITY_M01_NOT_RETURNED,M01 Search Analytics top-row aggregate; NOT_RETURNED is not zero; route locale is not a GSC language dimension; page-level indexing unavailable
big_five,facet_detail,self-discipline,en,big-five/facets/self-discipline,https://fermatmind.com/en/personality/big-five/facets/self-discipline,https://fermatmind.com/en/personality/big-five/facets/self-discipline,https://fermatmind.com/en/personality/big-five/facets/self-discipline,https://fermatmind.com/zh/personality/big-five/facets/self-discipline,"index, follow",200,,true,true,true,true,true,published,fap-api:personality_public_content_assets,big_five:en:facet_detail:self-discipline,Self-Discipline: Starting and Persisting Through Friction,"Self-Discipline concerns starting intended tasks and continuing when they become effortful or dull. It is not a moral measure, proof of willpower, or a diagnosis of laziness.",Self-Discipline: Starting and Persisting Through Friction,971,acede8fe69c139bbcd727d558d9559aa9f5b05bd2f22160b5d471ab7bbe641dd,9,9,NOT_RETURNED,NOT_RETURNED,NOT_RETURNED,NOT_RETURNED,NOT_RETURNED,NOT_RETURNED,NOT_RETURNED,NOT_RETURNED,NOT_RETURNED,NOT_RETURNED,NOT_RETURNED,NOT_RETURNED,UNKNOWN_PAGE_LEVEL,2026-07-19T00:00:00.000000Z,VERIFIED_PUBLIC_AUTHORITY_M01_NOT_RETURNED,M01 Search Analytics top-row aggregate; NOT_RETURNED is not zero; route locale is not a GSC language dimension; page-level indexing unavailable
big_five,facet_detail,straightforwardness,en,big-five/facets/straightforwardness,https://fermatmind.com/en/personality/big-five/facets/straightforwardness,https://fermatmind.com/en/personality/big-five/facets/straightforwardness,https://fermatmind.com/en/personality/big-five/facets/straightforwardness,https://fermatmind.com/zh/personality/big-five/facets/straightforwardness,"index, follow",200,,true,true,true,true,true,published,fap-api:personality_public_content_assets,big_five:en:facet_detail:straightforwardness,Straightforwardness: Directness About Intentions,"Straightforwardness concerns preference for direct rather than strategically managed presentation of intentions. It is not an honesty certificate, bluntness, or total disclosure.",Straightforwardness: Directness About Intentions,853,df3dee8ec5d471f9ad06e732cbf3142cb46e7656db5060e5f9a13956da36c672,9,9,0,3,0,9,NOT_RETURNED,NOT_RETURNED,NOT_RETURNED,NOT_RETURNED,0,3,0,9,UNKNOWN_PAGE_LEVEL,2026-07-19T00:00:00.000000Z,VERIFIED_PUBLIC_AUTHORITY_M01_GSC,M01 Search Analytics top-row aggregate; NOT_RETURNED is not zero; route locale is not a GSC language dimension; page-level indexing unavailable
big_five,facet_detail,tender-mindedness,en,big-five/facets/tender-mindedness,https://fermatmind.com/en/personality/big-five/facets/tender-mindedness,https://fermatmind.com/en/personality/big-five/facets/tender-mindedness,https://fermatmind.com/en/personality/big-five/facets/tender-mindedness,https://fermatmind.com/zh/personality/big-five/facets/tender-mindedness,"index, follow",200,,true,true,true,true,true,published,fap-api:personality_public_content_assets,big_five:en:facet_detail:tender-mindedness,Tender-Mindedness: Sympathetic Concern for Others,"Tender-Mindedness concerns how readily sympathetic concern enters attention and judgment. It is not weakness, empathy skill, pity, or proof that a decision is correct.",Tender-Mindedness: Sympathetic Concern for Others,893,714ed5828fa59ce7e50385539e6ac84bb10e866c2d8b01af89664e240b97448d,9,9,0,8,0,6.625,NOT_RETURNED,NOT_RETURNED,NOT_RETURNED,NOT_RETURNED,0,8,0,6.625,UNKNOWN_PAGE_LEVEL,2026-07-19T00:00:00.000000Z,VERIFIED_PUBLIC_AUTHORITY_M01_GSC,M01 Search Analytics top-row aggregate; NOT_RETURNED is not zero; route locale is not a GSC language dimension; page-level indexing unavailable
big_five,facet_detail,trust,en,big-five/facets/trust,https://fermatmind.com/en/personality/big-five/facets/trust,https://fermatmind.com/en/personality/big-five/facets/trust,https://fermatmind.com/en/personality/big-five/facets/trust,https://fermatmind.com/zh/personality/big-five/facets/trust,"index, follow",200,,true,true,true,true,true,published,fap-api:personality_public_content_assets,big_five:en:facet_detail:trust,Trust: Expectations About Others’ Intentions,"Trust concerns the initial expectation that others are generally honest and well-intentioned. It is not morality, gullibility, certainty, or proof that a specific person is safe.",Trust: Expectations About Others’ Intentions,903,9ceace44d801bf150607d52109b0ccad1cab56df9948a807f1d33e9fbdc8a0e5,9,9,NOT_RETURNED,NOT_RETURNED,NOT_RETURNED,NOT_RETURNED,NOT_RETURNED,NOT_RETURNED,NOT_RETURNED,NOT_RETURNED,NOT_RETURNED,NOT_RETURNED,NOT_RETURNED,NOT_RETURNED,UNKNOWN_PAGE_LEVEL,2026-07-19T00:00:00.000000Z,VERIFIED_PUBLIC_AUTHORITY_M01_NOT_RETURNED,M01 Search Analytics top-row aggregate; NOT_RETURNED is not zero; route locale is not a GSC language dimension; page-level indexing unavailable
big_five,facet_detail,values,en,big-five/facets/values,https://fermatmind.com/en/personality/big-five/facets/values,https://fermatmind.com/en/personality/big-five/facets/values,https://fermatmind.com/en/personality/big-five/facets/values,https://fermatmind.com/zh/personality/big-five/facets/values,"index, follow",200,,true,true,true,true,true,published,fap-api:personality_public_content_assets,big_five:en:facet_detail:values,Values: Willingness to Reexamine Established Beliefs,"Values concerns willingness to examine and reevaluate established beliefs, traditions, and social norms. It is not a political label, moral rank, rebellion, or absence of principles.",Values: Willingness to Reexamine Established Beliefs,1140,7ab8d0b346b2e7c35a48202f103a3b604ec49b32e5b14c2630f43c325a5dcc0f,9,9,NOT_RETURNED,NOT_RETURNED,NOT_RETURNED,NOT_RETURNED,NOT_RETURNED,NOT_RETURNED,NOT_RETURNED,NOT_RETURNED,NOT_RETURNED,NOT_RETURNED,NOT_RETURNED,NOT_RETURNED,UNKNOWN_PAGE_LEVEL,2026-07-19T00:00:00.000000Z,VERIFIED_PUBLIC_AUTHORITY_M01_NOT_RETURNED,M01 Search Analytics top-row aggregate; NOT_RETURNED is not zero; route locale is not a GSC language dimension; page-level indexing unavailable
big_five,facet_detail,vulnerability,en,big-five/facets/vulnerability,https://fermatmind.com/en/personality/big-five/facets/vulnerability,https://fermatmind.com/en/personality/big-five/facets/vulnerability,https://fermatmind.com/en/personality/big-five/facets/vulnerability,https://fermatmind.com/zh/personality/big-five/facets/vulnerability,"index, follow",200,,true,true,true,true,true,published,fap-api:personality_public_content_assets,big_five:en:facet_detail:vulnerability,Vulnerability Facet: Difficulty Coping Under Stress,"Vulnerability concerns feeling overwhelmed or unable to cope under pressure. It is a neutral personality-facet label, not a judgment of strength or a diagnosis.",Vulnerability Facet: Difficulty Coping Under Stress,1016,94e31120461812aced4ed5d0170987b457687b15496f773d4c1972929589db37,9,9,0,1,0,55,NOT_RETURNED,NOT_RETURNED,NOT_RETURNED,NOT_RETURNED,0,1,0,55,UNKNOWN_PAGE_LEVEL,2026-07-19T00:00:00.000000Z,VERIFIED_PUBLIC_AUTHORITY_M01_GSC,M01 Search Analytics top-row aggregate; NOT_RETURNED is not zero; route locale is not a GSC language dimension; page-level indexing unavailable
big_five,facet_detail,warmth,en,big-five/facets/warmth,https://fermatmind.com/en/personality/big-five/facets/warmth,https://fermatmind.com/en/personality/big-five/facets/warmth,https://fermatmind.com/en/personality/big-five/facets/warmth,https://fermatmind.com/zh/personality/big-five/facets/warmth,"index, follow",200,,true,true,true,true,true,published,fap-api:personality_public_content_assets,big_five:en:facet_detail:warmth,Warmth: Readiness for Friendly Connection,"Warmth concerns readiness to approach others with visible friendliness and connection. It is not kindness, morality, people pleasing, trust, or proof of relationship quality.",Warmth: Readiness for Friendly Connection,949,ad0321af04006bafac03fe62bf439f2b55eafe2346f62463bbde25dd8c53cbc9,9,9,0,12,0,11.5,NOT_RETURNED,NOT_RETURNED,NOT_RETURNED,NOT_RETURNED,0,12,0,11.5,UNKNOWN_PAGE_LEVEL,2026-07-19T00:00:00.000000Z,VERIFIED_PUBLIC_AUTHORITY_M01_GSC,M01 Search Analytics top-row aggregate; NOT_RETURNED is not zero; route locale is not a GSC language dimension; page-level indexing unavailable
big_five,domain,neuroticism,en,big-five/neuroticism,https://fermatmind.com/en/personality/big-five/neuroticism,https://fermatmind.com/en/personality/big-five/neuroticism,https://fermatmind.com/en/personality/big-five/neuroticism,https://fermatmind.com/zh/personality/big-five/neuroticism,"index, follow",200,,true,true,true,true,true,published,fap-api:personality_public_content_assets,big_five:en:domain:neuroticism,Neuroticism: Emotional Sensitivity and Stress Response,"Neuroticism describes tendencies in emotional sensitivity, threat attention, and stress response. It is a historical personality label, not a diagnosis or a verdict about stability.",Neuroticism: Emotional Sensitivity and Stress Response,1838,88867738afd3a985aa348159d57ac03c18b225245e072364e3c509ea4c364ad2,14,13,NOT_RETURNED,NOT_RETURNED,NOT_RETURNED,NOT_RETURNED,NOT_RETURNED,NOT_RETURNED,NOT_RETURNED,NOT_RETURNED,NOT_RETURNED,NOT_RETURNED,NOT_RETURNED,NOT_RETURNED,UNKNOWN_PAGE_LEVEL,2026-07-19T00:00:00.000000Z,VERIFIED_PUBLIC_AUTHORITY_M01_NOT_RETURNED,M01 Search Analytics top-row aggregate; NOT_RETURNED is not zero; route locale is not a GSC language dimension; page-level indexing unavailable
big_five,polarity,neuroticism-high,en,big-five/neuroticism-high,https://fermatmind.com/en/personality/big-five/neuroticism-high,https://fermatmind.com/en/personality/big-five/neuroticism-high,https://fermatmind.com/en/personality/big-five/neuroticism-high,https://fermatmind.com/zh/personality/big-five/neuroticism-high,"index, follow",200,,true,true,true,true,true,published,fap-api:personality_public_content_assets,big_five:en:polarity:neuroticism-high,High Neuroticism: Emotional Sensitivity and Risk Vigilance,"High Neuroticism may suggest stronger emotional sensitivity, slower recovery, and vigilance for risk. It is not an anxiety disorder, weakness, or a diagnosis.",High Neuroticism: Emotional Sensitivity and Risk Vigilance,927,ae83c6ac6487ef90ee4e821cfe6148423304ba5764538bc85da60bafe68724ec,5,6,0,3,0,50.666667,0,2,0,59,0,5,0,54,UNKNOWN_PAGE_LEVEL,2026-07-19T00:00:00.000000Z,VERIFIED_PUBLIC_AUTHORITY_M01_GSC,M01 Search Analytics top-row aggregate; NOT_RETURNED is not zero; route locale is not a GSC language dimension; page-level indexing unavailable
big_five,polarity,neuroticism-low,en,big-five/neuroticism-low,https://fermatmind.com/en/personality/big-five/neuroticism-low,https://fermatmind.com/en/personality/big-five/neuroticism-low,https://fermatmind.com/en/personality/big-five/neuroticism-low,https://fermatmind.com/zh/personality/big-five/neuroticism-low,"index, follow",200,,true,true,true,true,true,published,fap-api:personality_public_content_assets,big_five:en:polarity:neuroticism-low,Low Neuroticism: Calm and Faster Recovery,"Low Neuroticism may suggest calm, faster recovery, and lower stress reactivity. It does not mean having no emotions, superior resilience, or protection from mental illness.",Low Neuroticism: Calm and Faster Recovery,933,ca22011a6c4528d39f14571217ad54f43e369f77c4458f701264c6fb40e9c608,5,6,0,42,0,12.095238,0,6,0,12.833333,0,48,0,12.1875,UNKNOWN_PAGE_LEVEL,2026-07-19T00:00:00.000000Z,VERIFIED_PUBLIC_AUTHORITY_M01_GSC,M01 Search Analytics top-row aggregate; NOT_RETURNED is not zero; route locale is not a GSC language dimension; page-level indexing unavailable
big_five,polarity,neuroticism-mid,en,big-five/neuroticism-mid,https://fermatmind.com/en/personality/big-five/neuroticism-mid,https://fermatmind.com/en/personality/big-five/neuroticism-mid,https://fermatmind.com/en/personality/big-five/neuroticism-mid,https://fermatmind.com/zh/personality/big-five/neuroticism-mid,"index, follow",200,,true,true,true,true,true,published,fap-api:personality_public_content_assets,big_five:en:polarity:neuroticism-mid,Mid-Range Neuroticism: Context-Sensitive Emotional Response,"Mid-range Neuroticism may suggest context-sensitive emotional response near the middle of one instrument. It is not the normal level, a diagnostic band, or an absence of sensitivity.",Mid-Range Neuroticism: Context-Sensitive Emotional Response,905,b3a371809094fa98bd8f615dfbeeaed5d2b84ccef8127d3bac1fa653e63de3fb,5,6,NOT_RETURNED,NOT_RETURNED,NOT_RETURNED,NOT_RETURNED,NOT_RETURNED,NOT_RETURNED,NOT_RETURNED,NOT_RETURNED,NOT_RETURNED,NOT_RETURNED,NOT_RETURNED,NOT_RETURNED,UNKNOWN_PAGE_LEVEL,2026-07-19T00:00:00.000000Z,VERIFIED_PUBLIC_AUTHORITY_M01_NOT_RETURNED,M01 Search Analytics top-row aggregate; NOT_RETURNED is not zero; route locale is not a GSC language dimension; page-level indexing unavailable
big_five,domain,openness,en,big-five/openness,https://fermatmind.com/en/personality/big-five/openness,https://fermatmind.com/en/personality/big-five/openness,https://fermatmind.com/en/personality/big-five/openness,https://fermatmind.com/zh/personality/big-five/openness,"index, follow",200,,true,true,true,true,true,published,fap-api:personality_public_content_assets,big_five:en:domain:openness,"Openness to Experience: Curiosity, Imagination, and Flexibility","Openness to Experience describes tendencies toward imagination, ideas, aesthetics, emotional awareness, novelty, and reconsidering assumptions. It is a continuum, not a measure of intelligence or value.","Openness to Experience: Curiosity, Imagination, and Flexibility",2072,bae0e6e34ba7689c241bb0c6d385badde7112ced5d35f846c45494de48cc0655,13,13,NOT_RETURNED,NOT_RETURNED,NOT_RETURNED,NOT_RETURNED,NOT_RETURNED,NOT_RETURNED,NOT_RETURNED,NOT_RETURNED,NOT_RETURNED,NOT_RETURNED,NOT_RETURNED,NOT_RETURNED,UNKNOWN_PAGE_LEVEL,2026-07-19T00:00:00.000000Z,VERIFIED_PUBLIC_AUTHORITY_M01_NOT_RETURNED,M01 Search Analytics top-row aggregate; NOT_RETURNED is not zero; route locale is not a GSC language dimension; page-level indexing unavailable
big_five,polarity,openness-high,en,big-five/openness-high,https://fermatmind.com/en/personality/big-five/openness-high,https://fermatmind.com/en/personality/big-five/openness-high,https://fermatmind.com/en/personality/big-five/openness-high,https://fermatmind.com/zh/personality/big-five/openness-high,"index, follow",200,,true,true,true,true,true,published,fap-api:personality_public_content_assets,big_five:en:polarity:openness-high,High Openness to Experience: Curiosity and Active Exploration,"A high Openness range may suggest active approach toward unfamiliar ideas and experiences. It is not intelligence, ability, a creative guarantee, or a fixed personality type.",High Openness to Experience: Curiosity and Active Exploration,1110,6422ed66051f2b67ba06d7df38525391c4a1f73b7878e66f995137258313988a,5,6,NOT_RETURNED,NOT_RETURNED,NOT_RETURNED,NOT_RETURNED,NOT_RETURNED,NOT_RETURNED,NOT_RETURNED,NOT_RETURNED,NOT_RETURNED,NOT_RETURNED,NOT_RETURNED,NOT_RETURNED,UNKNOWN_PAGE_LEVEL,2026-07-19T00:00:00.000000Z,VERIFIED_PUBLIC_AUTHORITY_M01_NOT_RETURNED,M01 Search Analytics top-row aggregate; NOT_RETURNED is not zero; route locale is not a GSC language dimension; page-level indexing unavailable
big_five,polarity,openness-low,en,big-five/openness-low,https://fermatmind.com/en/personality/big-five/openness-low,https://fermatmind.com/en/personality/big-five/openness-low,https://fermatmind.com/en/personality/big-five/openness-low,https://fermatmind.com/zh/personality/big-five/openness-low,"index, follow",200,,true,true,true,true,true,published,fap-api:personality_public_content_assets,big_five:en:polarity:openness-low,Low Openness to Experience: Familiarity and Practical Depth,"A low Openness range may suggest preference for familiar frameworks, concrete evidence, and depth within known territory. It is not rigid thinking, low intelligence, or inability to innovate.",Low Openness to Experience: Familiarity and Practical Depth,993,30d383dd81f0b3f982d610720d1aa9fc0580dc0765e2c5df7b892e572727d28a,5,6,0,7,0,6.428571,NOT_RETURNED,NOT_RETURNED,NOT_RETURNED,NOT_RETURNED,0,7,0,6.428571,UNKNOWN_PAGE_LEVEL,2026-07-19T00:00:00.000000Z,VERIFIED_PUBLIC_AUTHORITY_M01_GSC,M01 Search Analytics top-row aggregate; NOT_RETURNED is not zero; route locale is not a GSC language dimension; page-level indexing unavailable
big_five,polarity,openness-mid,en,big-five/openness-mid,https://fermatmind.com/en/personality/big-five/openness-mid,https://fermatmind.com/en/personality/big-five/openness-mid,https://fermatmind.com/en/personality/big-five/openness-mid,https://fermatmind.com/zh/personality/big-five/openness-mid,"index, follow",200,,true,true,true,true,true,published,fap-api:personality_public_content_assets,big_five:en:polarity:openness-mid,Mid-Range Openness to Experience: Selective Exploration,"Mid-range Openness may suggest selective exploration: novelty in some contexts and preference for familiarity in others. It is an active pattern, not an absence of personality.",Mid-Range Openness to Experience: Selective Exploration,1072,3dfd1753c4e1ecf90b8a3598de8ba8ac70a0762cdf1bbadff557f958f47e8a87,5,6,NOT_RETURNED,NOT_RETURNED,NOT_RETURNED,NOT_RETURNED,NOT_RETURNED,NOT_RETURNED,NOT_RETURNED,NOT_RETURNED,NOT_RETURNED,NOT_RETURNED,NOT_RETURNED,NOT_RETURNED,UNKNOWN_PAGE_LEVEL,2026-07-19T00:00:00.000000Z,VERIFIED_PUBLIC_AUTHORITY_M01_NOT_RETURNED,M01 Search Analytics top-row aggregate; NOT_RETURNED is not zero; route locale is not a GSC language dimension; page-level indexing unavailable
mbti,base_type,ENFJ,en,enfj,https://fermatmind.com/en/personality/enfj,https://fermatmind.com/en/personality/enfj,https://fermatmind.com/en/personality/enfj,https://fermatmind.com/zh/personality/enfj,"index, follow",200,,true,true,false,false,false,published,fap-api:personality_profiles,MBTI:en:base:ENFJ,ENFJ Personality Guide,"Discover strengths, weaknesses, relationship patterns, and career direction for the ENFJ personality type.",ENFJ - Protagonist,14,b0ff306adcbcf4f0a8f5bdcadebcc03e52c3c990bb356047d70914d230ec23d6,0,0,NOT_RETURNED,NOT_RETURNED,NOT_RETURNED,NOT_RETURNED,NOT_RETURNED,NOT_RETURNED,NOT_RETURNED,NOT_RETURNED,NOT_RETURNED,NOT_RETURNED,NOT_RETURNED,NOT_RETURNED,UNKNOWN_PAGE_LEVEL,2026-03-18T05:20:05.000000Z,VERIFIED_PUBLIC_AUTHORITY_M01_NOT_RETURNED,M01 Search Analytics top-row aggregate; NOT_RETURNED is not zero; route locale is not a GSC language dimension; page-level indexing unavailable
mbti,variant,ENFJ-A,en,enfj-a,https://fermatmind.com/en/personality/enfj-a,https://fermatmind.com/en/personality/enfj-a,https://fermatmind.com/en/personality/enfj-a,https://fermatmind.com/zh/personality/enfj-a,"index, follow",200,,true,true,true,true,true,published,fap-api:personality_profile_variants,MBTI:en:variant:ENFJ-A,"ENFJ-A Personality: Traits, Assertive Pattern, Work and Relationships","Understand ENFJ-A: core traits, Assertive stress pattern, work style, relationships, common misreads, strengths, watch-outs, and safe self-understanding boundaries.",ENFJ - Protagonist,14,b0ff306adcbcf4f0a8f5bdcadebcc03e52c3c990bb356047d70914d230ec23d6,2,0,0,7,0,10.142857,0,5,0,8.6,0,16,0,9.3125,UNKNOWN_PAGE_LEVEL,2026-03-18T05:20:05.000000Z,VERIFIED_PUBLIC_AUTHORITY_M01_GSC,M01 Search Analytics top-row aggregate; NOT_RETURNED is not zero; route locale is not a GSC language dimension; page-level indexing unavailable
mbti,at_comparison,enfj-a-vs-enfj-t,en,enfj-a-vs-enfj-t,https://fermatmind.com/en/personality/enfj-a-vs-enfj-t,https://fermatmind.com/en/personality/enfj-a-vs-enfj-t,https://fermatmind.com/en/personality/enfj-a-vs-enfj-t,https://fermatmind.com/zh/personality/enfj-a-vs-enfj-t,"index, follow",200,,true,true,true,true,true,published,fap-api:personality_profiles,MBTI:en:at_comparison:enfj-a-vs-enfj-t,"ENFJ-A vs ENFJ-T: Confidence, Stress and Work Style | FermatMind","Compare ENFJ-A and ENFJ-T through people leadership, encouragement and shared direction, confidence, stress recovery, feedback style, work rhythm and relationships.",ENFJ-A vs ENFJ-T: Key Differences,498,8f8ec0651c74d462eb6e1bb0805dd7b382d8ca4724384f4c3d0028e7363fa8f7,1,32,0,11,0,10,NOT_RETURNED,NOT_RETURNED,NOT_RETURNED,NOT_RETURNED,0,11,0,10,UNKNOWN_PAGE_LEVEL,2026-03-18T05:20:05.000Z,VERIFIED_PUBLIC_AUTHORITY_M01_GSC,M01 Search Analytics top-row aggregate; NOT_RETURNED is not zero; route locale is not a GSC language dimension; page-level indexing unavailable
mbti,variant,ENFJ-T,en,enfj-t,https://fermatmind.com/en/personality/enfj-t,https://fermatmind.com/en/personality/enfj-t,https://fermatmind.com/en/personality/enfj-t,https://fermatmind.com/zh/personality/enfj-t,"index, follow",200,,true,true,true,true,true,published,fap-api:personality_profile_variants,MBTI:en:variant:ENFJ-T,"ENFJ-T Personality: Traits, Turbulent Pattern, Work and Relationships","Understand ENFJ-T: core traits, Turbulent stress pattern, work style, relationships, common misreads, strengths, watch-outs, and safe self-understanding boundaries.",ENFJ - Protagonist,14,b0ff306adcbcf4f0a8f5bdcadebcc03e52c3c990bb356047d70914d230ec23d6,2,0,NOT_RETURNED,NOT_RETURNED,NOT_RETURNED,NOT_RETURNED,NOT_RETURNED,NOT_RETURNED,NOT_RETURNED,NOT_RETURNED,NOT_RETURNED,NOT_RETURNED,NOT_RETURNED,NOT_RETURNED,UNKNOWN_PAGE_LEVEL,2026-03-18T05:20:05.000000Z,VERIFIED_PUBLIC_AUTHORITY_M01_NOT_RETURNED,M01 Search Analytics top-row aggregate; NOT_RETURNED is not zero; route locale is not a GSC language dimension; page-level indexing unavailable
mbti,base_type,ENFP,en,enfp,https://fermatmind.com/en/personality/enfp,https://fermatmind.com/en/personality/enfp,https://fermatmind.com/en/personality/enfp,https://fermatmind.com/zh/personality/enfp,"index, follow",200,,true,true,false,false,false,published,fap-api:personality_profiles,MBTI:en:base:ENFP,ENFP Personality Guide,"Discover strengths, weaknesses, relationship patterns, and career direction for the ENFP personality type.",ENFP - Campaigner,14,3cf87052775e649edeb3023d46f417acbaf8d2d5797df50086e6a3fb77b90988,0,0,NOT_RETURNED,NOT_RETURNED,NOT_RETURNED,NOT_RETURNED,NOT_RETURNED,NOT_RETURNED,NOT_RETURNED,NOT_RETURNED,NOT_RETURNED,NOT_RETURNED,NOT_RETURNED,NOT_RETURNED,UNKNOWN_PAGE_LEVEL,2026-03-18T05:20:05.000000Z,VERIFIED_PUBLIC_AUTHORITY_M01_NOT_RETURNED,M01 Search Analytics top-row aggregate; NOT_RETURNED is not zero; route locale is not a GSC language dimension; page-level indexing unavailable
mbti,variant,ENFP-A,en,enfp-a,https://fermatmind.com/en/personality/enfp-a,https://fermatmind.com/en/personality/enfp-a,https://fermatmind.com/en/personality/enfp-a,https://fermatmind.com/zh/personality/enfp-a,"index, follow",200,,true,true,true,true,true,published,fap-api:personality_profile_variants,MBTI:en:variant:ENFP-A,"ENFP-A Personality: Traits, Assertive Pattern, Work and Relationships","Understand ENFP-A: core traits, Assertive stress pattern, work style, relationships, common misreads, strengths, watch-outs, and safe self-understanding boundaries.",ENFP - Campaigner,14,3cf87052775e649edeb3023d46f417acbaf8d2d5797df50086e6a3fb77b90988,1,0,0,4,0,10,0,4,0,10,0,16,0,9.0625,UNKNOWN_PAGE_LEVEL,2026-03-18T05:20:05.000000Z,VERIFIED_PUBLIC_AUTHORITY_M01_GSC,M01 Search Analytics top-row aggregate; NOT_RETURNED is not zero; route locale is not a GSC language dimension; page-level indexing unavailable
mbti,at_comparison,enfp-a-vs-enfp-t,en,enfp-a-vs-enfp-t,https://fermatmind.com/en/personality/enfp-a-vs-enfp-t,https://fermatmind.com/en/personality/enfp-a-vs-enfp-t,https://fermatmind.com/en/personality/enfp-a-vs-enfp-t,https://fermatmind.com/zh/personality/enfp-a-vs-enfp-t,"index, follow",200,,true,true,true,true,true,published,fap-api:personality_profiles,MBTI:en:at_comparison:enfp-a-vs-enfp-t,"ENFP-A vs ENFP-T: Confidence, Stress and Work Style | FermatMind",UNKNOWN,"ENFP-A vs ENFP-T: Confidence, Stress and Work Style | FermatMind",12,a8dbfdb7f88122a226561f24f454a617088d2b82c5dec5ceea825fe5007ee549,1,0,NOT_RETURNED,NOT_RETURNED,NOT_RETURNED,NOT_RETURNED,NOT_RETURNED,NOT_RETURNED,NOT_RETURNED,NOT_RETURNED,NOT_RETURNED,NOT_RETURNED,NOT_RETURNED,NOT_RETURNED,UNKNOWN_PAGE_LEVEL,2026-03-18T05:20:05.000Z,VERIFIED_PUBLIC_AUTHORITY_M01_NOT_RETURNED,M01 Search Analytics top-row aggregate; NOT_RETURNED is not zero; route locale is not a GSC language dimension; page-level indexing unavailable
mbti,variant,ENFP-T,en,enfp-t,https://fermatmind.com/en/personality/enfp-t,https://fermatmind.com/en/personality/enfp-t,https://fermatmind.com/en/personality/enfp-t,https://fermatmind.com/zh/personality/enfp-t,"index, follow",200,,true,true,true,true,true,published,fap-api:personality_profile_variants,MBTI:en:variant:ENFP-T,"ENFP-T Personality: Traits, Turbulent Pattern, Work and Relationships","Understand ENFP-T: core traits, Turbulent stress pattern, work style, relationships, common misreads, strengths, watch-outs, and safe self-understanding boundaries.",ENFP - Campaigner,14,3cf87052775e649edeb3023d46f417acbaf8d2d5797df50086e6a3fb77b90988,1,0,NOT_RETURNED,NOT_RETURNED,NOT_RETURNED,NOT_RETURNED,NOT_RETURNED,NOT_RETURNED,NOT_RETURNED,NOT_RETURNED,NOT_RETURNED,NOT_RETURNED,NOT_RETURNED,NOT_RETURNED,UNKNOWN_PAGE_LEVEL,2026-03-18T05:20:05.000000Z,VERIFIED_PUBLIC_AUTHORITY_M01_NOT_RETURNED,M01 Search Analytics top-row aggregate; NOT_RETURNED is not zero; route locale is not a GSC language dimension; page-level indexing unavailable
enneagram,hub,enneagram,en,enneagram,https://fermatmind.com/en/personality/enneagram,https://fermatmind.com/en/personality/enneagram,https://fermatmind.com/en/personality/enneagram,https://fermatmind.com/zh/personality/enneagram,"index, follow",200,,true,true,true,true,true,published,fap-api:personality_public_content_assets,enneagram:en:hub:enneagram,Enneagram overview: a nine-pattern observation map | FermatMind,"This Enneagram overview presents nine patterns as a traditional map for noticing recurring attention, interpretation, and response. It also introduces three centers as interpretive labels for comparing patterns, while keeping any conclusion provisional and open to context, counterexamples, and other explanations.",Enneagram overview: a nine-pattern observation map,950,e630ee2523f841a60ec2d4826af1b90811fdbea130f26264e4f86fdb664611a5,57,42,NOT_RETURNED,NOT_RETURNED,NOT_RETURNED,NOT_RETURNED,NOT_RETURNED,NOT_RETURNED,NOT_RETURNED,NOT_RETURNED,NOT_RETURNED,NOT_RETURNED,NOT_RETURNED,NOT_RETURNED,UNKNOWN_PAGE_LEVEL,2026-07-27T23:37:56.000000Z,VERIFIED_PUBLIC_AUTHORITY_M01_NOT_RETURNED,M01 Search Analytics top-row aggregate; NOT_RETURNED is not zero; route locale is not a GSC language dimension; page-level indexing unavailable
enneagram,center,gut,en,enneagram/centers/gut,https://fermatmind.com/en/personality/enneagram/centers/gut,https://fermatmind.com/en/personality/enneagram/centers/gut,https://fermatmind.com/en/personality/enneagram/centers/gut,https://fermatmind.com/zh/personality/enneagram/centers/gut,"index, follow",200,,true,true,true,true,true,published,fap-api:personality_public_content_assets,enneagram:en:center:gut,Gut center: observe how action meets pressure,"The gut center is a traditional Enneagram grouping for Types Eight, Nine, and One. A gut-center observation asks what happens when pressure calls for action, resistance, restraint, or correction; it does not mean that bodily instinct controls every choice, and the three types can respond quite differently.",Gut center: observe how action meets pressure,647,06da827bcfe05ac115f3389f4e7fceee2f5a8e29e47c0f40a8f5515df1e94317,6,6,NOT_RETURNED,NOT_RETURNED,NOT_RETURNED,NOT_RETURNED,NOT_RETURNED,NOT_RETURNED,NOT_RETURNED,NOT_RETURNED,NOT_RETURNED,NOT_RETURNED,NOT_RETURNED,NOT_RETURNED,UNKNOWN_PAGE_LEVEL,2026-07-27T23:37:56.000000Z,VERIFIED_PUBLIC_AUTHORITY_M01_NOT_RETURNED,M01 Search Analytics top-row aggregate; NOT_RETURNED is not zero; route locale is not a GSC language dimension; page-level indexing unavailable
enneagram,center,head,en,enneagram/centers/head,https://fermatmind.com/en/personality/enneagram/centers/head,https://fermatmind.com/en/personality/enneagram/centers/head,https://fermatmind.com/en/personality/enneagram/centers/head,https://fermatmind.com/zh/personality/enneagram/centers/head,"index, follow",200,,true,true,true,true,true,published,fap-api:personality_public_content_assets,enneagram:en:center:head,Head center: track how uncertainty is handled,"The head center is the traditional grouping for Types Five, Six, and Seven. A head-center observation follows how someone gathers information, checks support, or opens options when uncertainty matters; it does not claim that thinking replaces emotion or action, and Five, Six, and Seven can manage the same unknown in contrasting ways.",Head center: track how uncertainty is handled,634,3a93e2988e1dac059d362b3852d8d1f0cb25db1c6133a5e4ca849c6df899aaad,6,6,NOT_RETURNED,NOT_RETURNED,NOT_RETURNED,NOT_RETURNED,NOT_RETURNED,NOT_RETURNED,NOT_RETURNED,NOT_RETURNED,NOT_RETURNED,NOT_RETURNED,NOT_RETURNED,NOT_RETURNED,UNKNOWN_PAGE_LEVEL,2026-07-27T23:37:56.000000Z,VERIFIED_PUBLIC_AUTHORITY_M01_NOT_RETURNED,M01 Search Analytics top-row aggregate; NOT_RETURNED is not zero; route locale is not a GSC language dimension; page-level indexing unavailable
enneagram,center,heart,en,enneagram/centers/heart,https://fermatmind.com/en/personality/enneagram/centers/heart,https://fermatmind.com/en/personality/enneagram/centers/heart,https://fermatmind.com/en/personality/enneagram/centers/heart,https://fermatmind.com/zh/personality/enneagram/centers/heart,"index, follow",200,,true,true,true,true,true,published,fap-api:personality_public_content_assets,enneagram:en:center:heart,Heart center: examine connection and self-presentation,"The heart center traditionally groups Types Two, Three, and Four. A heart-center observation compares how connection, recognition, and self-presentation become relevant in a social moment; it does not imply that emotion overrides thinking or action, and Two, Three, and Four may organize the same interaction in distinct ways.",Heart center: examine connection and self-presentation,616,fefe801f22245687bf2f006a4d394d06ef0820fc38ac6fe069072b9fdfd703a8,6,6,0,13,0,22.769231,NOT_RETURNED,NOT_RETURNED,NOT_RETURNED,NOT_RETURNED,0,13,0,22.769231,UNKNOWN_PAGE_LEVEL,2026-07-27T23:37:56.000000Z,VERIFIED_PUBLIC_AUTHORITY_M01_GSC,M01 Search Analytics top-row aggregate; NOT_RETURNED is not zero; route locale is not a GSC language dimension; page-level indexing unavailable
enneagram,core_type,type-1,en,enneagram/type-1,https://fermatmind.com/en/personality/enneagram/type-1,https://fermatmind.com/en/personality/enneagram/type-1,https://fermatmind.com/en/personality/enneagram/type-1,https://fermatmind.com/zh/personality/enneagram/type-1,"index, follow",200,,true,true,true,true,true,published,fap-api:personality_public_content_assets,enneagram:en:core_type:type-1,"Type One: standards, correction, and a revisable attention hypothesis","Type One is a traditional Enneagram hypothesis about attention returning to standards, discrepancies, and responsible correction. Observing Type One attention means comparing what a person notices, what they actually revise, and whether the same pattern survives different roles; it does not turn conscientious behavior into proof of a fixed type.","Type One: standards, correction, and a revisable attention hypothesis",886,e9d1050dc17554588a1a9fc0f26ec33e8408ba94844354b6ccba9c29c5a70666,11,9,0,14,0,18.428571,0,1,0,29,0,15,0,19.133333,UNKNOWN_PAGE_LEVEL,2026-07-27T23:37:56.000000Z,VERIFIED_PUBLIC_AUTHORITY_M01_GSC,M01 Search Analytics top-row aggregate; NOT_RETURNED is not zero; route locale is not a GSC language dimension; page-level indexing unavailable
enneagram,instinctual_subtype,type-1/one-to-one,en,enneagram/type-1/instincts/one-to-one,https://fermatmind.com/en/personality/enneagram/type-1/instincts/one-to-one,https://fermatmind.com/en/personality/enneagram/type-1/instincts/one-to-one,https://fermatmind.com/en/personality/enneagram/type-1/instincts/one-to-one,https://fermatmind.com/zh/personality/enneagram/type-1/instincts/one-to-one,"index, follow",200,,true,true,true,true,true,published,fap-api:personality_public_content_assets,enneagram:en:instinctual_subtype:type-1/one-to-one,One-to-one Type One: focused reform as a traditional hypothesis,"One-to-one Type One is a traditional type-by-instinct hypothesis in which One attention to correction may become especially concentrated in a particular relationship, commitment, or person's change. One focused reform is observable, but it is not proof of biological intensity, compatibility, or a universal subtype.",One-to-one Type One: focused reform as a traditional hypothesis,753,9df366b2a8775382406a09d7ff6e336d981148de1139b2c7199f604794285976,5,6,NOT_RETURNED,NOT_RETURNED,NOT_RETURNED,NOT_RETURNED,NOT_RETURNED,NOT_RETURNED,NOT_RETURNED,NOT_RETURNED,NOT_RETURNED,NOT_RETURNED,NOT_RETURNED,NOT_RETURNED,UNKNOWN_PAGE_LEVEL,2026-07-27T23:37:56.000000Z,VERIFIED_PUBLIC_AUTHORITY_M01_NOT_RETURNED,M01 Search Analytics top-row aggregate; NOT_RETURNED is not zero; route locale is not a GSC language dimension; page-level indexing unavailable
enneagram,instinctual_subtype,type-1/self-preservation,en,enneagram/type-1/instincts/self-preservation,https://fermatmind.com/en/personality/enneagram/type-1/instincts/self-preservation,https://fermatmind.com/en/personality/enneagram/type-1/instincts/self-preservation,https://fermatmind.com/en/personality/enneagram/type-1/instincts/self-preservation,https://fermatmind.com/zh/personality/enneagram/type-1/instincts/self-preservation,"index, follow",200,,true,true,true,true,true,published,fap-api:personality_public_content_assets,enneagram:en:instinctual_subtype:type-1/self-preservation,Self-preservation Type One: preparation under an evidence limit,"Self-preservation Type One is a traditional type-by-instinct hypothesis in which One attention to standards may become especially visible in preparation, maintenance, error prevention, and resource stewardship. One preparation is an observation target, not proof of a biological drive or a universal subtype.",Self-preservation Type One: preparation under an evidence limit,770,26e7c1674de1f81212d76049d4c691f811d896bf58ec5893047ab7a85133f5d2,5,6,0,26,0,15.230769,NOT_RETURNED,NOT_RETURNED,NOT_RETURNED,NOT_RETURNED,0,26,0,15.230769,UNKNOWN_PAGE_LEVEL,2026-07-27T23:37:56.000000Z,VERIFIED_PUBLIC_AUTHORITY_M01_GSC,M01 Search Analytics top-row aggregate; NOT_RETURNED is not zero; route locale is not a GSC language dimension; page-level indexing unavailable
enneagram,instinctual_subtype,type-1/social,en,enneagram/type-1/instincts/social,https://fermatmind.com/en/personality/enneagram/type-1/instincts/social,https://fermatmind.com/en/personality/enneagram/type-1/instincts/social,https://fermatmind.com/en/personality/enneagram/type-1/instincts/social,https://fermatmind.com/zh/personality/enneagram/type-1/instincts/social,"index, follow",200,,true,true,true,true,true,published,fap-api:personality_public_content_assets,enneagram:en:instinctual_subtype:type-1/social,Social Type One: shared standards as a provisional subtype hypothesis,"Social Type One is a traditional type-by-instinct hypothesis in which One attention to correction may be especially visible through shared standards, exemplary conduct, teaching, and responsibility to a group. One shared standards behavior is not proof of a biological social drive or a universal subtype.",Social Type One: shared standards as a provisional subtype hypothesis,764,d4c3fc4e17e240359c168baadbfb7b6367307f5af4f410e40e70dd74c3a71f7c,5,6,NOT_RETURNED,NOT_RETURNED,NOT_RETURNED,NOT_RETURNED,NOT_RETURNED,NOT_RETURNED,NOT_RETURNED,NOT_RETURNED,NOT_RETURNED,NOT_RETURNED,NOT_RETURNED,NOT_RETURNED,UNKNOWN_PAGE_LEVEL,2026-07-27T23:37:56.000000Z,VERIFIED_PUBLIC_AUTHORITY_M01_NOT_RETURNED,M01 Search Analytics top-row aggregate; NOT_RETURNED is not zero; route locale is not a GSC language dimension; page-level indexing unavailable
enneagram,core_type,type-2,en,enneagram/type-2,https://fermatmind.com/en/personality/enneagram/type-2,https://fermatmind.com/en/personality/enneagram/type-2,https://fermatmind.com/en/personality/enneagram/type-2,https://fermatmind.com/zh/personality/enneagram/type-2,"index, follow",200,,true,true,true,true,true,published,fap-api:personality_public_content_assets,enneagram:en:core_type:type-2,"Type Two: needs, connection, and a revisable helping hypothesis","Type Two is a traditional Enneagram hypothesis about attention returning to other people's needs, connection, and opportunities to be useful. Type Two needs attention appears in what is noticed, offered, and expected in return; helpful behavior alone cannot establish motive or a fixed identity.","Type Two: needs, connection, and a revisable helping hypothesis",854,da0e17da29cff4d9a1b704ae88fc46ba54436986fe7d92e7990e680de7955651,11,9,0,11,0,41.818182,0,1,0,23,0,12,0,40.25,UNKNOWN_PAGE_LEVEL,2026-07-27T23:37:56.000000Z,VERIFIED_PUBLIC_AUTHORITY_M01_GSC,M01 Search Analytics top-row aggregate; NOT_RETURNED is not zero; route locale is not a GSC language dimension; page-level indexing unavailable
enneagram,instinctual_subtype,type-2/one-to-one,en,enneagram/type-2/instincts/one-to-one,https://fermatmind.com/en/personality/enneagram/type-2/instincts/one-to-one,https://fermatmind.com/en/personality/enneagram/type-2/instincts/one-to-one,https://fermatmind.com/en/personality/enneagram/type-2/instincts/one-to-one,https://fermatmind.com/zh/personality/enneagram/type-2/instincts/one-to-one,"index, follow",200,,true,true,true,true,true,published,fap-api:personality_public_content_assets,enneagram:en:instinctual_subtype:type-2/one-to-one,One-to-one Type Two: focused attunement as a traditional hypothesis,"One-to-one Type Two is a traditional type-by-instinct hypothesis in which Two attention to needs and connection may become concentrated in one bond through focused attunement, availability, and involvement. Two focused attunement is observable, but it does not establish attraction, consent, compatibility, or a universal subtype.",One-to-one Type Two: focused attunement as a traditional hypothesis,675,56d93f842cff8258b819521e9fb41905862c659761f64f8dff0a9892f1ca0466,5,6,NOT_RETURNED,NOT_RETURNED,NOT_RETURNED,NOT_RETURNED,NOT_RETURNED,NOT_RETURNED,NOT_RETURNED,NOT_RETURNED,NOT_RETURNED,NOT_RETURNED,NOT_RETURNED,NOT_RETURNED,UNKNOWN_PAGE_LEVEL,2026-07-27T23:37:56.000000Z,VERIFIED_PUBLIC_AUTHORITY_M01_NOT_RETURNED,M01 Search Analytics top-row aggregate; NOT_RETURNED is not zero; route locale is not a GSC language dimension; page-level indexing unavailable
enneagram,instinctual_subtype,type-2/self-preservation,en,enneagram/type-2/instincts/self-preservation,https://fermatmind.com/en/personality/enneagram/type-2/instincts/self-preservation,https://fermatmind.com/en/personality/enneagram/type-2/instincts/self-preservation,https://fermatmind.com/en/personality/enneagram/type-2/instincts/self-preservation,https://fermatmind.com/zh/personality/enneagram/type-2/instincts/self-preservation,"index, follow",200,,true,true,true,true,true,published,fap-api:personality_public_content_assets,enneagram:en:instinctual_subtype:type-2/self-preservation,Self-preservation Type Two: receiving care as a traditional hypothesis,"Self-preservation Type Two is a traditional type-by-instinct hypothesis in which Two attention to connection may appear through comfort, practical support, resource exchange, and indirect ways of receiving care. Two receiving care is an observation target, not evidence about bodily mechanisms or a universal subtype.",Self-preservation Type Two: receiving care as a traditional hypothesis,691,7eb2664f7cd12605656cde5b57b2ee3c6aa000acb1c63db72e43c869c56418f1,5,6,NOT_RETURNED,NOT_RETURNED,NOT_RETURNED,NOT_RETURNED,NOT_RETURNED,NOT_RETURNED,NOT_RETURNED,NOT_RETURNED,NOT_RETURNED,NOT_RETURNED,NOT_RETURNED,NOT_RETURNED,UNKNOWN_PAGE_LEVEL,2026-07-27T23:37:56.000000Z,VERIFIED_PUBLIC_AUTHORITY_M01_NOT_RETURNED,M01 Search Analytics top-row aggregate; NOT_RETURNED is not zero; route locale is not a GSC language dimension; page-level indexing unavailable
enneagram,instinctual_subtype,type-2/social,en,enneagram/type-2/instincts/social,https://fermatmind.com/en/personality/enneagram/type-2/instincts/social,https://fermatmind.com/en/personality/enneagram/type-2/instincts/social,https://fermatmind.com/en/personality/enneagram/type-2/instincts/social,https://fermatmind.com/zh/personality/enneagram/type-2/instincts/social,"index, follow",200,,true,true,true,true,true,published,fap-api:personality_public_content_assets,enneagram:en:instinctual_subtype:type-2/social,Social Type Two: group usefulness as a provisional subtype hypothesis,"Social Type Two is a traditional type-by-instinct hypothesis in which Two attention to needs and connection may appear through group roles, networks, contribution, and being useful to a wider circle. Two group usefulness is observable, but position, leadership duty, or community incentives may explain it.",Social Type Two: group usefulness as a provisional subtype hypothesis,695,9c78cfc28753e18703d5e0149bfc58299101fc5c364f6d28becd7901a6cbbb4a,5,6,0,10,0,10.4,NOT_RETURNED,NOT_RETURNED,NOT_RETURNED,NOT_RETURNED,0,10,0,10.4,UNKNOWN_PAGE_LEVEL,2026-07-27T23:37:56.000000Z,VERIFIED_PUBLIC_AUTHORITY_M01_GSC,M01 Search Analytics top-row aggregate; NOT_RETURNED is not zero; route locale is not a GSC language dimension; page-level indexing unavailable
enneagram,core_type,type-3,en,enneagram/type-3,https://fermatmind.com/en/personality/enneagram/type-3,https://fermatmind.com/en/personality/enneagram/type-3,https://fermatmind.com/en/personality/enneagram/type-3,https://fermatmind.com/zh/personality/enneagram/type-3,"index, follow",200,,true,true,true,true,true,published,fap-api:personality_public_content_assets,enneagram:en:core_type:type-3,"Type Three: achievement, value, and a revisable adaptation hypothesis","Type Three is a traditional Enneagram hypothesis about attention returning to valued results, credible performance, and adapting presentation to what a setting rewards. Visible achievement cannot establish motive: targets, livelihood, competition, training, and assigned accountability can produce the same behavior.","Type Three: achievement, value, and a revisable adaptation hypothesis",769,ff8a6e653607e4537cc76231c744ff66f7b2a9d21740fa4e75b2c0451e38b380,11,9,0,6,0,55.666667,0,4,0,63.25,0,10,0,58.7,UNKNOWN_PAGE_LEVEL,2026-07-27T23:37:56.000000Z,VERIFIED_PUBLIC_AUTHORITY_M01_GSC,M01 Search Analytics top-row aggregate; NOT_RETURNED is not zero; route locale is not a GSC language dimension; page-level indexing unavailable
enneagram,instinctual_subtype,type-3/one-to-one,en,enneagram/type-3/instincts/one-to-one,https://fermatmind.com/en/personality/enneagram/type-3/instincts/one-to-one,https://fermatmind.com/en/personality/enneagram/type-3/instincts/one-to-one,https://fermatmind.com/en/personality/enneagram/type-3/instincts/one-to-one,https://fermatmind.com/zh/personality/enneagram/type-3/instincts/one-to-one,"index, follow",200,,true,true,true,true,true,published,fap-api:personality_public_content_assets,enneagram:en:instinctual_subtype:type-3/one-to-one,One-to-one Type Three: persuasive appeal as a matched-comparison hypothesis,"One-to-one Type Three is a traditional, evidence-limited hypothesis that achievement attention may be expressed through persuasive appeal, admired partnership, or becoming compelling to a specific person. Charisma or appearance cannot establish subtype because sales roles, attraction norms, performance training, and unequal stakes can look the same.",One-to-one Type Three: persuasive appeal as a matched-comparison hypothesis,629,edeeec7db242220800f6f94663f43abb1ae4a8580236566ad70bf31d157b0fa8,5,6,NOT_RETURNED,NOT_RETURNED,NOT_RETURNED,NOT_RETURNED,NOT_RETURNED,NOT_RETURNED,NOT_RETURNED,NOT_RETURNED,NOT_RETURNED,NOT_RETURNED,NOT_RETURNED,NOT_RETURNED,UNKNOWN_PAGE_LEVEL,2026-07-27T23:37:56.000000Z,VERIFIED_PUBLIC_AUTHORITY_M01_NOT_RETURNED,M01 Search Analytics top-row aggregate; NOT_RETURNED is not zero; route locale is not a GSC language dimension; page-level indexing unavailable
enneagram,instinctual_subtype,type-3/self-preservation,en,enneagram/type-3/instincts/self-preservation,https://fermatmind.com/en/personality/enneagram/type-3/instincts/self-preservation,https://fermatmind.com/en/personality/enneagram/type-3/instincts/self-preservation,https://fermatmind.com/en/personality/enneagram/type-3/instincts/self-preservation,https://fermatmind.com/zh/personality/enneagram/type-3/instincts/self-preservation,"index, follow",200,,true,true,true,true,true,published,fap-api:personality_public_content_assets,enneagram:en:instinctual_subtype:type-3/self-preservation,Self-preservation Type Three: reliable output as a matched-comparison hypothesis,"Self-preservation Type Three is a traditional, evidence-limited hypothesis that achievement attention may appear through dependable output, material continuity, and reduced emphasis on public display. Reliability cannot establish subtype because workload, financial risk, caregiving, and operational roles can require the same pattern.",Self-preservation Type Three: reliable output as a matched-comparison hypothesis,624,d1f0521383bce211982c430aad0f616b5b5a52e3782bf41fc8e63bb46b1cc0f8,5,6,NOT_RETURNED,NOT_RETURNED,NOT_RETURNED,NOT_RETURNED,NOT_RETURNED,NOT_RETURNED,NOT_RETURNED,NOT_RETURNED,NOT_RETURNED,NOT_RETURNED,NOT_RETURNED,NOT_RETURNED,UNKNOWN_PAGE_LEVEL,2026-07-27T23:37:56.000000Z,VERIFIED_PUBLIC_AUTHORITY_M01_NOT_RETURNED,M01 Search Analytics top-row aggregate; NOT_RETURNED is not zero; route locale is not a GSC language dimension; page-level indexing unavailable
enneagram,instinctual_subtype,type-3/social,en,enneagram/type-3/instincts/social,https://fermatmind.com/en/personality/enneagram/type-3/instincts/social,https://fermatmind.com/en/personality/enneagram/type-3/instincts/social,https://fermatmind.com/en/personality/enneagram/type-3/instincts/social,https://fermatmind.com/zh/personality/enneagram/type-3/instincts/social,"index, follow",200,,true,true,true,true,true,published,fap-api:personality_public_content_assets,enneagram:en:instinctual_subtype:type-3/social,Social Type Three: rank and group standards as a matched-comparison hypothesis,"Social Type Three is a traditional, evidence-limited hypothesis that achievement attention may be expressed through rank, recognized contribution, and the standards of a valued group. Public leadership cannot establish subtype because hierarchy, promotion rules, representation duties, and unequal power can produce the same behavior.",Social Type Three: rank and group standards as a matched-comparison hypothesis,605,1cadad76b48af8002d0b9095812fb303295543c539498e814c08890bcc89ef2b,5,6,NOT_RETURNED,NOT_RETURNED,NOT_RETURNED,NOT_RETURNED,NOT_RETURNED,NOT_RETURNED,NOT_RETURNED,NOT_RETURNED,NOT_RETURNED,NOT_RETURNED,NOT_RETURNED,NOT_RETURNED,UNKNOWN_PAGE_LEVEL,2026-07-27T23:37:56.000000Z,VERIFIED_PUBLIC_AUTHORITY_M01_NOT_RETURNED,M01 Search Analytics top-row aggregate; NOT_RETURNED is not zero; route locale is not a GSC language dimension; page-level indexing unavailable
enneagram,core_type,type-4,en,enneagram/type-4,https://fermatmind.com/en/personality/enneagram/type-4,https://fermatmind.com/en/personality/enneagram/type-4,https://fermatmind.com/en/personality/enneagram/type-4,https://fermatmind.com/zh/personality/enneagram/type-4,"index, follow",200,,true,true,true,true,true,published,fap-api:personality_public_content_assets,enneagram:en:core_type:type-4,"Type Four: identity, meaning, and a revisable difference hypothesis","Type Four is a traditional Enneagram hypothesis about attention returning to identity, personal meaning, perceived difference, and what seems absent or longed for. Creative expression, sadness, unusual taste, or emotional language cannot establish motive because culture, craft, grief, exclusion, and current circumstances can look similar.","Type Four: identity, meaning, and a revisable difference hypothesis",715,0b475cf590ecd3dcd4c9a8c97e1ca1193fc1fa12385f3e199b44f3b492f35b25,11,9,0,5,0,38,0,3,0,47.666667,0,8,0,41.625,UNKNOWN_PAGE_LEVEL,2026-07-27T23:37:56.000000Z,VERIFIED_PUBLIC_AUTHORITY_M01_GSC,M01 Search Analytics top-row aggregate; NOT_RETURNED is not zero; route locale is not a GSC language dimension; page-level indexing unavailable
enneagram,instinctual_subtype,type-4/one-to-one,en,enneagram/type-4/instincts/one-to-one,https://fermatmind.com/en/personality/enneagram/type-4/instincts/one-to-one,https://fermatmind.com/en/personality/enneagram/type-4/instincts/one-to-one,https://fermatmind.com/en/personality/enneagram/type-4/instincts/one-to-one,https://fermatmind.com/zh/personality/enneagram/type-4/instincts/one-to-one,"index, follow",200,,true,true,true,true,true,published,fap-api:personality_public_content_assets,enneagram:en:instinctual_subtype:type-4/one-to-one,One-to-one Type Four: focal intensity as a matched-comparison hypothesis,"One-to-one Type Four is a traditional, evidence-limited hypothesis that identity-and-meaning attention may appear through focal comparison, intensity, and testing whether a specific relationship can hold difference. Intense expression cannot establish subtype because conflict, attraction norms, trauma history, competition, and unequal power can look similar.",One-to-one Type Four: focal intensity as a matched-comparison hypothesis,575,7a4a1870c8a6a8af05acbaa01068da3d56c4bc9b79dc1a2bd72cbc629c3a25d4,5,6,NOT_RETURNED,NOT_RETURNED,NOT_RETURNED,NOT_RETURNED,NOT_RETURNED,NOT_RETURNED,NOT_RETURNED,NOT_RETURNED,NOT_RETURNED,NOT_RETURNED,NOT_RETURNED,NOT_RETURNED,UNKNOWN_PAGE_LEVEL,2026-07-27T23:37:56.000000Z,VERIFIED_PUBLIC_AUTHORITY_M01_NOT_RETURNED,M01 Search Analytics top-row aggregate; NOT_RETURNED is not zero; route locale is not a GSC language dimension; page-level indexing unavailable
enneagram,instinctual_subtype,type-4/self-preservation,en,enneagram/type-4/instincts/self-preservation,https://fermatmind.com/en/personality/enneagram/type-4/instincts/self-preservation,https://fermatmind.com/en/personality/enneagram/type-4/instincts/self-preservation,https://fermatmind.com/en/personality/enneagram/type-4/instincts/self-preservation,https://fermatmind.com/zh/personality/enneagram/type-4/instincts/self-preservation,"index, follow",200,,true,true,true,true,true,published,fap-api:personality_public_content_assets,enneagram:en:instinctual_subtype:type-4/self-preservation,Self-preservation Type Four: contained meaning under strain as a matched-comparison hypothesis,"Self-preservation Type Four is a traditional, evidence-limited hypothesis that identity-and-meaning attention may appear through contained expression, endurance, and personally significant effort under practical strain. Endurance cannot establish subtype because caregiving, unsafe settings, financial limits, and role duty can require the same restraint.",Self-preservation Type Four: contained meaning under strain as a matched-comparison hypothesis,593,678eab6ed0b9e6fc3582b46bbf07d1fdb193d890a5393ccf529a82c3b5624b59,5,6,NOT_RETURNED,NOT_RETURNED,NOT_RETURNED,NOT_RETURNED,NOT_RETURNED,NOT_RETURNED,NOT_RETURNED,NOT_RETURNED,NOT_RETURNED,NOT_RETURNED,NOT_RETURNED,NOT_RETURNED,UNKNOWN_PAGE_LEVEL,2026-07-27T23:37:56.000000Z,VERIFIED_PUBLIC_AUTHORITY_M01_NOT_RETURNED,M01 Search Analytics top-row aggregate; NOT_RETURNED is not zero; route locale is not a GSC language dimension; page-level indexing unavailable
enneagram,instinctual_subtype,type-4/social,en,enneagram/type-4/instincts/social,https://fermatmind.com/en/personality/enneagram/type-4/instincts/social,https://fermatmind.com/en/personality/enneagram/type-4/instincts/social,https://fermatmind.com/en/personality/enneagram/type-4/instincts/social,https://fermatmind.com/zh/personality/enneagram/type-4/instincts/social,"index, follow",200,,true,true,true,true,true,published,fap-api:personality_public_content_assets,enneagram:en:instinctual_subtype:type-4/social,Social Type Four: belonging comparison as a matched-comparison hypothesis,"Social Type Four is a traditional, evidence-limited hypothesis that identity-and-meaning attention may appear through comparison, belonging, and sensitivity to what a valued group seems to possess. Group discomfort cannot establish subtype because exclusion, discrimination, status rules, relocation, and unequal access can create the same experience.",Social Type Four: belonging comparison as a matched-comparison hypothesis,578,ff2c4b0b50ecff879c573f896d25b21ee8c378fe4931001e9482172819c5e33b,5,6,NOT_RETURNED,NOT_RETURNED,NOT_RETURNED,NOT_RETURNED,NOT_RETURNED,NOT_RETURNED,NOT_RETURNED,NOT_RETURNED,NOT_RETURNED,NOT_RETURNED,NOT_RETURNED,NOT_RETURNED,UNKNOWN_PAGE_LEVEL,2026-07-27T23:37:56.000000Z,VERIFIED_PUBLIC_AUTHORITY_M01_NOT_RETURNED,M01 Search Analytics top-row aggregate; NOT_RETURNED is not zero; route locale is not a GSC language dimension; page-level indexing unavailable
enneagram,core_type,type-5,en,enneagram/type-5,https://fermatmind.com/en/personality/enneagram/type-5,https://fermatmind.com/en/personality/enneagram/type-5,https://fermatmind.com/en/personality/enneagram/type-5,https://fermatmind.com/zh/personality/enneagram/type-5,"index, follow",200,,true,true,true,true,true,published,fap-api:personality_public_content_assets,enneagram:en:core_type:type-5,"Type Five: knowledge, capacity, and a revisable preparation hypothesis","Type Five is a traditional Enneagram hypothesis about attention returning to knowledge, competence, preparation, privacy, and available capacity. Research, quiet work, or limited disclosure cannot establish motive because expertise, workload, disability access, confidentiality, remote work, culture, and safety may produce the same behavior.","Type Five: knowledge, capacity, and a revisable preparation hypothesis",734,315fd670b879c77bef443343577381bdb649bf06d20ec30b68d07e88df251e35,11,9,0,6,0,53.333333,0,1,0,43,0,7,0,51.857143,UNKNOWN_PAGE_LEVEL,2026-07-27T23:37:56.000000Z,VERIFIED_PUBLIC_AUTHORITY_M01_GSC,M01 Search Analytics top-row aggregate; NOT_RETURNED is not zero; route locale is not a GSC language dimension; page-level indexing unavailable
enneagram,instinctual_subtype,type-5/one-to-one,en,enneagram/type-5/instincts/one-to-one,https://fermatmind.com/en/personality/enneagram/type-5/instincts/one-to-one,https://fermatmind.com/en/personality/enneagram/type-5/instincts/one-to-one,https://fermatmind.com/en/personality/enneagram/type-5/instincts/one-to-one,https://fermatmind.com/zh/personality/enneagram/type-5/instincts/one-to-one,"index, follow",200,,true,true,true,true,true,published,fap-api:personality_public_content_assets,enneagram:en:instinctual_subtype:type-5/one-to-one,Type Five one-to-one: a selective depth and trusted disclosure hypothesis,"Type Five one-to-one is a traditional subtype hypothesis about selective deep disclosure, focused trust, and exchanging an inner world with a particular person. Intense conversation, mentorship, confidentiality, or a small circle does not establish subtype because safety, attachment norms, role boundaries, consent, power, and shared expertise may shape the same pattern.",Type Five one-to-one: a selective depth and trusted disclosure hypothesis,654,3def6b5238b027896d734f533f1296c19bef3c05a6559bdebf07746fc4c3157e,5,6,0,1,0,3,NOT_RETURNED,NOT_RETURNED,NOT_RETURNED,NOT_RETURNED,0,1,0,3,UNKNOWN_PAGE_LEVEL,2026-07-27T23:37:56.000000Z,VERIFIED_PUBLIC_AUTHORITY_M01_GSC,M01 Search Analytics top-row aggregate; NOT_RETURNED is not zero; route locale is not a GSC language dimension; page-level indexing unavailable
enneagram,instinctual_subtype,type-5/self-preservation,en,enneagram/type-5/instincts/self-preservation,https://fermatmind.com/en/personality/enneagram/type-5/instincts/self-preservation,https://fermatmind.com/en/personality/enneagram/type-5/instincts/self-preservation,https://fermatmind.com/en/personality/enneagram/type-5/instincts/self-preservation,https://fermatmind.com/zh/personality/enneagram/type-5/instincts/self-preservation,"index, follow",200,,true,true,true,true,true,published,fap-api:personality_public_content_assets,enneagram:en:instinctual_subtype:type-5/self-preservation,Type Five self-preservation: a space and resource boundary hypothesis,"Type Five self-preservation is a traditional subtype hypothesis about attention to space, resources, low-demand arrangements, and protecting usable capacity. A private room, stocked supplies, or reduced contact does not establish subtype because scarcity, housing, disability access, caregiving, remote work, confidentiality, and safety may explain the same choices.",Type Five self-preservation: a space and resource boundary hypothesis,629,0142dacfb222d2f3e0e81d108d6cf1ff2693dd07182d1d669176b7485049c071,5,6,1,14,7.142857,9,NOT_RETURNED,NOT_RETURNED,NOT_RETURNED,NOT_RETURNED,1,14,7.142857,9,UNKNOWN_PAGE_LEVEL,2026-07-27T23:37:56.000000Z,VERIFIED_PUBLIC_AUTHORITY_M01_GSC,M01 Search Analytics top-row aggregate; NOT_RETURNED is not zero; route locale is not a GSC language dimension; page-level indexing unavailable
enneagram,instinctual_subtype,type-5/social,en,enneagram/type-5/instincts/social,https://fermatmind.com/en/personality/enneagram/type-5/instincts/social,https://fermatmind.com/en/personality/enneagram/type-5/instincts/social,https://fermatmind.com/en/personality/enneagram/type-5/instincts/social,https://fermatmind.com/zh/personality/enneagram/type-5/instincts/social,"index, follow",200,,true,true,true,true,true,published,fap-api:personality_public_content_assets,enneagram:en:instinctual_subtype:type-5/social,Type Five social: a knowledge-role and group expertise hypothesis,"Type Five social is a traditional subtype hypothesis about attention to a knowledge role, valued expertise, and how understanding is exchanged within a group. Teaching, credentials, specialized language, or selective participation does not establish subtype because academic hierarchy, professional duties, credentialing, unequal access, status rules, and community norms may produce the same pattern.",Type Five social: a knowledge-role and group expertise hypothesis,632,c93be355d00e0eb4fcdcfb3718d741507e7a479661c9e49c84ca9f301210e7ce,5,6,NOT_RETURNED,NOT_RETURNED,NOT_RETURNED,NOT_RETURNED,NOT_RETURNED,NOT_RETURNED,NOT_RETURNED,NOT_RETURNED,NOT_RETURNED,NOT_RETURNED,NOT_RETURNED,NOT_RETURNED,UNKNOWN_PAGE_LEVEL,2026-07-27T23:37:56.000000Z,VERIFIED_PUBLIC_AUTHORITY_M01_NOT_RETURNED,M01 Search Analytics top-row aggregate; NOT_RETURNED is not zero; route locale is not a GSC language dimension; page-level indexing unavailable
enneagram,core_type,type-6,en,enneagram/type-6,https://fermatmind.com/en/personality/enneagram/type-6,https://fermatmind.com/en/personality/enneagram/type-6,https://fermatmind.com/en/personality/enneagram/type-6,https://fermatmind.com/zh/personality/enneagram/type-6,"index, follow",200,,true,true,true,true,true,published,fap-api:personality_public_content_assets,enneagram:en:core_type:type-6,"Type Six: uncertainty, support, and a revisable trust hypothesis","Type Six is a traditional Enneagram hypothesis about attention returning to uncertainty, trusted support, possible problems, and workable contingency plans. Questions, caution, loyalty, or doubt cannot establish motive because real risk, governance duties, discrimination, trauma-related safety, resource precarity, and recent failures can create the same behavior.","Type Six: uncertainty, support, and a revisable trust hypothesis",716,f366dc21c095bca858972b85394c15deadc1ea94bbe449bc7309b23d8b140241,11,9,0,12,0,32.75,0,2,0,48.5,0,14,0,35,UNKNOWN_PAGE_LEVEL,2026-07-27T23:37:56.000000Z,VERIFIED_PUBLIC_AUTHORITY_M01_GSC,M01 Search Analytics top-row aggregate; NOT_RETURNED is not zero; route locale is not a GSC language dimension; page-level indexing unavailable
enneagram,instinctual_subtype,type-6/one-to-one,en,enneagram/type-6/instincts/one-to-one,https://fermatmind.com/en/personality/enneagram/type-6/instincts/one-to-one,https://fermatmind.com/en/personality/enneagram/type-6/instincts/one-to-one,https://fermatmind.com/en/personality/enneagram/type-6/instincts/one-to-one,https://fermatmind.com/zh/personality/enneagram/type-6/instincts/one-to-one,"index, follow",200,,true,true,true,true,true,published,fap-api:personality_public_content_assets,enneagram:en:instinctual_subtype:type-6/one-to-one,"Type Six one-to-one: a direct challenge, courage displays, and testing a perceived threat hypothesis","Type Six one-to-one is a traditional subtype hypothesis about attention to direct challenge, courage displays, and testing a perceived threat. This pattern does not establish subtype because actual danger, self-defense training, discrimination, harassment, competition rules, trauma safety, and power imbalance may shape the same behavior. Matched danger, exit access, explicit consent, and interpersonal power guide this comparison.","Type Six one-to-one: a direct challenge, courage displays, and testing a perceived threat hypothesis",709,05e5a78c805e1347830c55ec5e6e8caa268750e5d58d4d52592ef04f0d4c5ea2,5,6,NOT_RETURNED,NOT_RETURNED,NOT_RETURNED,NOT_RETURNED,NOT_RETURNED,NOT_RETURNED,NOT_RETURNED,NOT_RETURNED,NOT_RETURNED,NOT_RETURNED,NOT_RETURNED,NOT_RETURNED,UNKNOWN_PAGE_LEVEL,2026-07-27T23:37:56.000000Z,VERIFIED_PUBLIC_AUTHORITY_M01_NOT_RETURNED,M01 Search Analytics top-row aggregate; NOT_RETURNED is not zero; route locale is not a GSC language dimension; page-level indexing unavailable
enneagram,instinctual_subtype,type-6/self-preservation,en,enneagram/type-6/instincts/self-preservation,https://fermatmind.com/en/personality/enneagram/type-6/instincts/self-preservation,https://fermatmind.com/en/personality/enneagram/type-6/instincts/self-preservation,https://fermatmind.com/en/personality/enneagram/type-6/instincts/self-preservation,https://fermatmind.com/zh/personality/enneagram/type-6/instincts/self-preservation,"index, follow",200,,true,true,true,true,true,published,fap-api:personality_public_content_assets,enneagram:en:instinctual_subtype:type-6/self-preservation,"Type Six self-preservation: a practical safety, warm alliances, and resource continuity hypothesis","Type Six self-preservation is a traditional subtype hypothesis about attention to practical safety, warm alliances, and resource continuity. This pattern does not establish subtype because scarcity, housing insecurity, disability access, caregiving, unsafe work, and mutual-aid needs may shape the same behavior. Matched resource access, practical stakes, consent, and household power guide this comparison.","Type Six self-preservation: a practical safety, warm alliances, and resource continuity hypothesis",680,cc2593841a5d04edf252b79cad36c402e770ce61c5f1ce92e946126628c5a930,5,6,0,16,0,17.75,NOT_RETURNED,NOT_RETURNED,NOT_RETURNED,NOT_RETURNED,0,16,0,17.75,UNKNOWN_PAGE_LEVEL,2026-07-27T23:37:56.000000Z,VERIFIED_PUBLIC_AUTHORITY_M01_GSC,M01 Search Analytics top-row aggregate; NOT_RETURNED is not zero; route locale is not a GSC language dimension; page-level indexing unavailable
enneagram,instinctual_subtype,type-6/social,en,enneagram/type-6/instincts/social,https://fermatmind.com/en/personality/enneagram/type-6/instincts/social,https://fermatmind.com/en/personality/enneagram/type-6/instincts/social,https://fermatmind.com/en/personality/enneagram/type-6/instincts/social,https://fermatmind.com/zh/personality/enneagram/type-6/instincts/social,"index, follow",200,,true,true,true,true,true,published,fap-api:personality_public_content_assets,enneagram:en:instinctual_subtype:type-6/social,"Type Six social: a duty, rules, authority, and role clarity hypothesis","Type Six social is a traditional subtype hypothesis about attention to duty, rules, authority, and role clarity. This pattern does not establish subtype because legal requirements, professional hierarchy, institutional risk, unequal accountability, discrimination, and public responsibility may shape the same behavior. Matched institutional stakes, speaking access, consent, and decision power guide this comparison.","Type Six social: a duty, rules, authority, and role clarity hypothesis",689,722e652cff19330485b2dbe446dc9aa578f2bb60295bf44bfe01b2eeb2cc40e0,5,6,NOT_RETURNED,NOT_RETURNED,NOT_RETURNED,NOT_RETURNED,NOT_RETURNED,NOT_RETURNED,NOT_RETURNED,NOT_RETURNED,NOT_RETURNED,NOT_RETURNED,NOT_RETURNED,NOT_RETURNED,UNKNOWN_PAGE_LEVEL,2026-07-27T23:37:56.000000Z,VERIFIED_PUBLIC_AUTHORITY_M01_NOT_RETURNED,M01 Search Analytics top-row aggregate; NOT_RETURNED is not zero; route locale is not a GSC language dimension; page-level indexing unavailable
enneagram,core_type,type-7,en,enneagram/type-7,https://fermatmind.com/en/personality/enneagram/type-7,https://fermatmind.com/en/personality/enneagram/type-7,https://fermatmind.com/en/personality/enneagram/type-7,https://fermatmind.com/zh/personality/enneagram/type-7,"index, follow",200,,true,true,true,true,true,published,fap-api:personality_public_content_assets,enneagram:en:core_type:type-7,"Type Seven: possibility, freedom, and a revisable option-keeping hypothesis","Type Seven is a traditional Enneagram hypothesis about attention returning to possibility, freedom, and open options, sometimes through reframing discomfort and future planning. Rapid ideas, travel, optimism, or varied interests do not establish motive because creativity, attention differences, entrepreneurship, migration, workload, privilege, and real constraints can produce similar behavior.","Type Seven: possibility, freedom, and a revisable option-keeping hypothesis",779,55021108d721c4a5fcb1a5c73e2c13d2429fad8e22ed259f2ae7688c66d12b9a,11,9,0,1,0,10,NOT_RETURNED,NOT_RETURNED,NOT_RETURNED,NOT_RETURNED,0,1,0,10,UNKNOWN_PAGE_LEVEL,2026-07-27T23:37:56.000000Z,VERIFIED_PUBLIC_AUTHORITY_M01_GSC,M01 Search Analytics top-row aggregate; NOT_RETURNED is not zero; route locale is not a GSC language dimension; page-level indexing unavailable
enneagram,instinctual_subtype,type-7/one-to-one,en,enneagram/type-7/instincts/one-to-one,https://fermatmind.com/en/personality/enneagram/type-7/instincts/one-to-one,https://fermatmind.com/en/personality/enneagram/type-7/instincts/one-to-one,https://fermatmind.com/en/personality/enneagram/type-7/instincts/one-to-one,https://fermatmind.com/zh/personality/enneagram/type-7/instincts/one-to-one,"index, follow",200,,true,true,true,true,true,published,fap-api:personality_public_content_assets,enneagram:en:instinctual_subtype:type-7/one-to-one,"Type Seven one-to-one: a fascination, idealized possibility, and intensity hypothesis","Type Seven one-to-one is a traditional, evidence-limited hypothesis combining Type Seven possibility with fascination, idealized possibility, intensity, and projection toward a person or experience. Excitement does not establish subtype because novelty, attraction, creative immersion, manipulation, unequal power, unmet needs, and ordinary early-stage enthusiasm can look similar.","Type Seven one-to-one: a fascination, idealized possibility, and intensity hypothesis",684,e8e4acfa21a7187a6318026ba93bea0665b0be4048c216a17e0955054d3e2f8d,5,6,NOT_RETURNED,NOT_RETURNED,NOT_RETURNED,NOT_RETURNED,NOT_RETURNED,NOT_RETURNED,NOT_RETURNED,NOT_RETURNED,NOT_RETURNED,NOT_RETURNED,NOT_RETURNED,NOT_RETURNED,UNKNOWN_PAGE_LEVEL,2026-07-27T23:37:56.000000Z,VERIFIED_PUBLIC_AUTHORITY_M01_NOT_RETURNED,M01 Search Analytics top-row aggregate; NOT_RETURNED is not zero; route locale is not a GSC language dimension; page-level indexing unavailable
enneagram,instinctual_subtype,type-7/self-preservation,en,enneagram/type-7/instincts/self-preservation,https://fermatmind.com/en/personality/enneagram/type-7/instincts/self-preservation,https://fermatmind.com/en/personality/enneagram/type-7/instincts/self-preservation,https://fermatmind.com/en/personality/enneagram/type-7/instincts/self-preservation,https://fermatmind.com/zh/personality/enneagram/type-7/instincts/self-preservation,"index, follow",200,,true,true,true,true,true,published,fap-api:personality_public_content_assets,enneagram:en:instinctual_subtype:type-7/self-preservation,"Type Seven self-preservation: a practical options, resources, and reciprocal alliance hypothesis","Type Seven self-preservation is a traditional, evidence-limited hypothesis combining Type Seven possibility with practical options, resources, comfort access, and reciprocal alliances. Networking or provisioning does not establish subtype because scarcity, caregiving, housing security, disability access, migration, and ordinary mutual aid can produce the same behavior.","Type Seven self-preservation: a practical options, resources, and reciprocal alliance hypothesis",675,6257c3e2e4674ba86998a8385e6956275a64f7a913bd6f397a630adaf7e73d8e,5,6,0,18,0,7.555556,0,3,0,8.666667,0,21,0,7.714286,UNKNOWN_PAGE_LEVEL,2026-07-27T23:37:56.000000Z,VERIFIED_PUBLIC_AUTHORITY_M01_GSC,M01 Search Analytics top-row aggregate; NOT_RETURNED is not zero; route locale is not a GSC language dimension; page-level indexing unavailable
enneagram,instinctual_subtype,type-7/social,en,enneagram/type-7/instincts/social,https://fermatmind.com/en/personality/enneagram/type-7/instincts/social,https://fermatmind.com/en/personality/enneagram/type-7/instincts/social,https://fermatmind.com/en/personality/enneagram/type-7/instincts/social,https://fermatmind.com/zh/personality/enneagram/type-7/instincts/social,"index, follow",200,,true,true,true,true,true,published,fap-api:personality_public_content_assets,enneagram:en:instinctual_subtype:type-7/social,"Type Seven social: a contribution, shared possibility, and recognition tension hypothesis","Type Seven social is a traditional, evidence-limited hypothesis combining Type Seven possibility with contribution, shared possibility, group ideals, and tension around recognition. Service or sacrifice does not establish subtype because unpaid labor, professional duty, community survival, status incentives, discrimination, and role expectations can create similar behavior.","Type Seven social: a contribution, shared possibility, and recognition tension hypothesis",664,42252bde701d3313883a2e1c72321291820e034344cee8dd181b6d905856da43,5,6,0,2,0,8,NOT_RETURNED,NOT_RETURNED,NOT_RETURNED,NOT_RETURNED,0,2,0,8,UNKNOWN_PAGE_LEVEL,2026-07-27T23:37:56.000000Z,VERIFIED_PUBLIC_AUTHORITY_M01_GSC,M01 Search Analytics top-row aggregate; NOT_RETURNED is not zero; route locale is not a GSC language dimension; page-level indexing unavailable
enneagram,core_type,type-8,en,enneagram/type-8,https://fermatmind.com/en/personality/enneagram/type-8,https://fermatmind.com/en/personality/enneagram/type-8,https://fermatmind.com/en/personality/enneagram/type-8,https://fermatmind.com/zh/personality/enneagram/type-8,"index, follow",200,,true,true,true,true,true,published,fap-api:personality_public_content_assets,enneagram:en:core_type:type-8,"Type Eight: autonomy, direct impact, and a revisable protection hypothesis","Type Eight is a traditional Enneagram hypothesis about attention returning to autonomy, direct impact, protection, control, vulnerability, and clear boundaries. Assertiveness or leadership does not establish motive because authority, crisis duty, advocacy, real danger, discrimination, culture, training, and unequal access to power may require similar behavior.","Type Eight: autonomy, direct impact, and a revisable protection hypothesis",749,36fb6e3f87fac672d53e2db5c07c590b2bdf30c152f330fb48745a9e68445bc8,11,9,NOT_RETURNED,NOT_RETURNED,NOT_RETURNED,NOT_RETURNED,NOT_RETURNED,NOT_RETURNED,NOT_RETURNED,NOT_RETURNED,NOT_RETURNED,NOT_RETURNED,NOT_RETURNED,NOT_RETURNED,UNKNOWN_PAGE_LEVEL,2026-07-27T23:37:56.000000Z,VERIFIED_PUBLIC_AUTHORITY_M01_NOT_RETURNED,M01 Search Analytics top-row aggregate; NOT_RETURNED is not zero; route locale is not a GSC language dimension; page-level indexing unavailable
enneagram,instinctual_subtype,type-8/one-to-one,en,enneagram/type-8/instincts/one-to-one,https://fermatmind.com/en/personality/enneagram/type-8/instincts/one-to-one,https://fermatmind.com/en/personality/enneagram/type-8/instincts/one-to-one,https://fermatmind.com/en/personality/enneagram/type-8/instincts/one-to-one,https://fermatmind.com/zh/personality/enneagram/type-8/instincts/one-to-one,"index, follow",200,,true,true,true,true,true,published,fap-api:personality_public_content_assets,enneagram:en:instinctual_subtype:type-8/one-to-one,"Type Eight one-to-one: an intensity, possession, and mutual-influence hypothesis","Type Eight one-to-one is a traditional, evidence-limited hypothesis combining Type Eight autonomy with intensity, possession, mutual influence, consent, refusal, and equal power. Confrontation or strong bonding does not establish subtype because coercion, trauma safety, unequal dependence, cultural norms, relationship agreements, harassment, and real danger can produce similar behavior.","Type Eight one-to-one: an intensity, possession, and mutual-influence hypothesis",638,0489155081ba79959a5848e91e899b37cbd50931aeca0f2ee1cf138e8676e83e,5,6,0,1,0,52,NOT_RETURNED,NOT_RETURNED,NOT_RETURNED,NOT_RETURNED,0,1,0,52,UNKNOWN_PAGE_LEVEL,2026-07-27T23:37:56.000000Z,VERIFIED_PUBLIC_AUTHORITY_M01_GSC,M01 Search Analytics top-row aggregate; NOT_RETURNED is not zero; route locale is not a GSC language dimension; page-level indexing unavailable
enneagram,instinctual_subtype,type-8/self-preservation,en,enneagram/type-8/instincts/self-preservation,https://fermatmind.com/en/personality/enneagram/type-8/instincts/self-preservation,https://fermatmind.com/en/personality/enneagram/type-8/instincts/self-preservation,https://fermatmind.com/en/personality/enneagram/type-8/instincts/self-preservation,https://fermatmind.com/zh/personality/enneagram/type-8/instincts/self-preservation,"index, follow",200,,true,true,true,true,true,published,fap-api:personality_public_content_assets,enneagram:en:instinctual_subtype:type-8/self-preservation,"Type Eight self-preservation: a material control, territory, and direct-needs hypothesis","Type Eight self-preservation is a traditional, evidence-limited hypothesis combining Type Eight autonomy with material control, territory, direct needs, resource access, survival, and practical autonomy. Provisioning or guarding does not establish subtype because scarcity, housing risk, disability access, caregiving, dangerous work, property duty, and prior theft may require the same behavior.","Type Eight self-preservation: a material control, territory, and direct-needs hypothesis",633,05d4c9cc062280dc2243262583f3231fcf7245fc159c8ce25f98a3c59b771bb1,5,6,0,7,0,12.571429,NOT_RETURNED,NOT_RETURNED,NOT_RETURNED,NOT_RETURNED,0,7,0,12.571429,UNKNOWN_PAGE_LEVEL,2026-07-27T23:37:56.000000Z,VERIFIED_PUBLIC_AUTHORITY_M01_GSC,M01 Search Analytics top-row aggregate; NOT_RETURNED is not zero; route locale is not a GSC language dimension; page-level indexing unavailable
enneagram,instinctual_subtype,type-8/social,en,enneagram/type-8/instincts/social,https://fermatmind.com/en/personality/enneagram/type-8/instincts/social,https://fermatmind.com/en/personality/enneagram/type-8/instincts/social,https://fermatmind.com/en/personality/enneagram/type-8/instincts/social,https://fermatmind.com/zh/personality/enneagram/type-8/instincts/social,"index, follow",200,,true,true,true,true,true,published,fap-api:personality_public_content_assets,enneagram:en:instinctual_subtype:type-8/social,"Type Eight social: a solidarity, protection, and group-power hypothesis","Type Eight social is a traditional, evidence-limited hypothesis combining Type Eight autonomy with solidarity, protection, group power, justice, loyalty, and collective action. Advocacy does not establish subtype because professional duty, discrimination, union roles, community defense, institutional failure, political conditions, and direct requests from affected people can produce similar behavior.","Type Eight social: a solidarity, protection, and group-power hypothesis",634,52eedb49364d13be4c314e1070e135194bc51046abae9de2fd2c95f78717dff2,5,6,NOT_RETURNED,NOT_RETURNED,NOT_RETURNED,NOT_RETURNED,NOT_RETURNED,NOT_RETURNED,NOT_RETURNED,NOT_RETURNED,NOT_RETURNED,NOT_RETURNED,NOT_RETURNED,NOT_RETURNED,UNKNOWN_PAGE_LEVEL,2026-07-27T23:37:56.000000Z,VERIFIED_PUBLIC_AUTHORITY_M01_NOT_RETURNED,M01 Search Analytics top-row aggregate; NOT_RETURNED is not zero; route locale is not a GSC language dimension; page-level indexing unavailable
enneagram,core_type,type-9,en,enneagram/type-9,https://fermatmind.com/en/personality/enneagram/type-9,https://fermatmind.com/en/personality/enneagram/type-9,https://fermatmind.com/en/personality/enneagram/type-9,https://fermatmind.com/zh/personality/enneagram/type-9,"index, follow",200,,true,true,true,true,true,published,fap-api:personality_public_content_assets,enneagram:en:core_type:type-9,"Type Nine: stability, priority, and a revisable conflict-delay hypothesis","Type Nine is a traditional Enneagram hypothesis about attention returning to stability, connection, competing priorities, conflict delay, and the cost of losing contact with one’s own agenda. Calm behavior alone does not establish motive: mediation duty, low authority, cultural restraint, fatigue, disability, trauma safety, or actual danger can produce similar choices, so alternative explanations need explicit checking.","Type Nine: stability, priority, and a revisable conflict-delay hypothesis",749,17303ee92b77f7cedbfa467130204c40938a67baba943877d70e82cd4f628c92,11,9,0,11,0,67.636364,NOT_RETURNED,NOT_RETURNED,NOT_RETURNED,NOT_RETURNED,0,11,0,67.636364,UNKNOWN_PAGE_LEVEL,2026-07-27T23:37:56.000000Z,VERIFIED_PUBLIC_AUTHORITY_M01_GSC,M01 Search Analytics top-row aggregate; NOT_RETURNED is not zero; route locale is not a GSC language dimension; page-level indexing unavailable
enneagram,instinctual_subtype,type-9/one-to-one,en,enneagram/type-9/instincts/one-to-one,https://fermatmind.com/en/personality/enneagram/type-9/instincts/one-to-one,https://fermatmind.com/en/personality/enneagram/type-9/instincts/one-to-one,https://fermatmind.com/en/personality/enneagram/type-9/instincts/one-to-one,https://fermatmind.com/zh/personality/enneagram/type-9/instincts/one-to-one,"index, follow",200,,true,true,true,true,true,published,fap-api:personality_public_content_assets,enneagram:en:instinctual_subtype:type-9/one-to-one,Type Nine one-to-one: attunement and preference merging as a secondary hypothesis,"Type Nine one-to-one is a traditional secondary hypothesis linking a core-Nine stability pattern with attunement, shared identity, intense connection, and difficulty locating a separate preference. It does not describe bodily mechanisms. Similar agreement can arise from care, language brokerage, disability support, financial dependence, coercion, or a realistic need for safety.",Type Nine one-to-one: attunement and preference merging as a secondary hypothesis,656,e2b4be580bfe0084be75438efb67b948589ec75462fe36215c4a5e59ece49b9f,5,6,NOT_RETURNED,NOT_RETURNED,NOT_RETURNED,NOT_RETURNED,NOT_RETURNED,NOT_RETURNED,NOT_RETURNED,NOT_RETURNED,NOT_RETURNED,NOT_RETURNED,NOT_RETURNED,NOT_RETURNED,UNKNOWN_PAGE_LEVEL,2026-07-27T23:37:56.000000Z,VERIFIED_PUBLIC_AUTHORITY_M01_NOT_RETURNED,M01 Search Analytics top-row aggregate; NOT_RETURNED is not zero; route locale is not a GSC language dimension; page-level indexing unavailable
enneagram,instinctual_subtype,type-9/self-preservation,en,enneagram/type-9/instincts/self-preservation,https://fermatmind.com/en/personality/enneagram/type-9/instincts/self-preservation,https://fermatmind.com/en/personality/enneagram/type-9/instincts/self-preservation,https://fermatmind.com/en/personality/enneagram/type-9/instincts/self-preservation,https://fermatmind.com/zh/personality/enneagram/type-9/instincts/self-preservation,"index, follow",200,,true,true,true,true,true,published,fap-api:personality_public_content_assets,enneagram:en:instinctual_subtype:type-9/self-preservation,Type Nine self-preservation: routine comfort as a secondary hypothesis,"Type Nine self-preservation is a traditional secondary hypothesis linking a core-Nine stability pattern with attention to routine, comfort, familiar activity, maintenance, and material continuity. It does not describe bodily mechanisms. Repetition may instead reflect poverty, disability, chronic workload, caregiving, recovery, sensory needs, or a rational need for predictable access.",Type Nine self-preservation: routine comfort as a secondary hypothesis,694,ff4caa7c7a5906b4b263ed05c93d6431de6628b0c961723c5777a4b9ed11ca87,5,6,NOT_RETURNED,NOT_RETURNED,NOT_RETURNED,NOT_RETURNED,NOT_RETURNED,NOT_RETURNED,NOT_RETURNED,NOT_RETURNED,NOT_RETURNED,NOT_RETURNED,NOT_RETURNED,NOT_RETURNED,UNKNOWN_PAGE_LEVEL,2026-07-27T23:37:56.000000Z,VERIFIED_PUBLIC_AUTHORITY_M01_NOT_RETURNED,M01 Search Analytics top-row aggregate; NOT_RETURNED is not zero; route locale is not a GSC language dimension; page-level indexing unavailable
enneagram,instinctual_subtype,type-9/social,en,enneagram/type-9/instincts/social,https://fermatmind.com/en/personality/enneagram/type-9/instincts/social,https://fermatmind.com/en/personality/enneagram/type-9/instincts/social,https://fermatmind.com/en/personality/enneagram/type-9/instincts/social,https://fermatmind.com/zh/personality/enneagram/type-9/instincts/social,"index, follow",200,,true,true,true,true,true,published,fap-api:personality_public_content_assets,enneagram:en:instinctual_subtype:type-9/social,Type Nine social: belonging through participation as a secondary hypothesis,"Type Nine social is a traditional secondary hypothesis linking a core-Nine stability pattern with participation, shared workload, group rhythm, belonging, and the risk of muting a personal agenda. It does not describe bodily mechanisms. Service may instead reflect job duty, collective culture, mutual aid, exclusion risk, minority stress, or unequal access to voice.",Type Nine social: belonging through participation as a secondary hypothesis,670,36ffd3c84502dd5456e0abab1be59476fa5ab707f98e74c827440804a3bfb9a3,5,6,NOT_RETURNED,NOT_RETURNED,NOT_RETURNED,NOT_RETURNED,NOT_RETURNED,NOT_RETURNED,NOT_RETURNED,NOT_RETURNED,NOT_RETURNED,NOT_RETURNED,NOT_RETURNED,NOT_RETURNED,UNKNOWN_PAGE_LEVEL,2026-07-27T23:37:56.000000Z,VERIFIED_PUBLIC_AUTHORITY_M01_NOT_RETURNED,M01 Search Analytics top-row aggregate; NOT_RETURNED is not zero; route locale is not a GSC language dimension; page-level indexing unavailable
enneagram,wing,1w2,en,enneagram/wings/1w2,https://fermatmind.com/en/personality/enneagram/wings/1w2,https://fermatmind.com/en/personality/enneagram/wings/1w2,https://fermatmind.com/en/personality/enneagram/wings/1w2,https://fermatmind.com/zh/personality/enneagram/wings/1w2,"index, follow",200,,true,true,true,true,true,published,fap-api:personality_public_content_assets,enneagram:en:wing:1w2,1w2: a core-first hypothesis about involved improvement,"The 1w2 wing is a core-first, evidence-limited hypothesis in which Type One attention to standards may be modified by a Two-adjacent pull toward direct involvement, practical help, and relational repair. It is not an independent category, and helpful correction may arise from role duty or learned service rather than a wing.",1w2: a core-first hypothesis about involved improvement,756,20a4f8eb388e274aa7af5b8d7702e8b4ee947208d542bfca41f1aa4091f9f345,4,6,0,14,0,12.714286,NOT_RETURNED,NOT_RETURNED,NOT_RETURNED,NOT_RETURNED,0,14,0,12.714286,UNKNOWN_PAGE_LEVEL,2026-07-27T23:37:56.000000Z,VERIFIED_PUBLIC_AUTHORITY_M01_GSC,M01 Search Analytics top-row aggregate; NOT_RETURNED is not zero; route locale is not a GSC language dimension; page-level indexing unavailable
enneagram,wing,1w9,en,enneagram/wings/1w9,https://fermatmind.com/en/personality/enneagram/wings/1w9,https://fermatmind.com/en/personality/enneagram/wings/1w9,https://fermatmind.com/en/personality/enneagram/wings/1w9,https://fermatmind.com/zh/personality/enneagram/wings/1w9,"index, follow",200,,true,true,true,true,true,published,fap-api:personality_public_content_assets,enneagram:en:wing:1w9,1w9: a core-first hypothesis about quiet correction,"The 1w9 wing is a core-first, evidence-limited hypothesis: Type One attention to standards may be modified by Nine-adjacent restraint, steadier pacing, lower visible friction, and time to settle before correction. This does not create an independent category or prove that calm behavior comes from a wing.",1w9: a core-first hypothesis about quiet correction,759,7badd9126020abf3df6136df819412e1a7f02fbb627c0ab1be47a536078141c5,4,6,NOT_RETURNED,NOT_RETURNED,NOT_RETURNED,NOT_RETURNED,NOT_RETURNED,NOT_RETURNED,NOT_RETURNED,NOT_RETURNED,NOT_RETURNED,NOT_RETURNED,NOT_RETURNED,NOT_RETURNED,UNKNOWN_PAGE_LEVEL,2026-07-27T23:37:56.000000Z,VERIFIED_PUBLIC_AUTHORITY_M01_NOT_RETURNED,M01 Search Analytics top-row aggregate; NOT_RETURNED is not zero; route locale is not a GSC language dimension; page-level indexing unavailable
enneagram,wing,2w1,en,enneagram/wings/2w1,https://fermatmind.com/en/personality/enneagram/wings/2w1,https://fermatmind.com/en/personality/enneagram/wings/2w1,https://fermatmind.com/en/personality/enneagram/wings/2w1,https://fermatmind.com/zh/personality/enneagram/wings/2w1,"index, follow",200,,true,true,true,true,true,published,fap-api:personality_public_content_assets,enneagram:en:wing:2w1,2w1: responsible service as a core-first wing hypothesis,"The 2w1 wing is a core-first, evidence-limited hypothesis: Type Two attention to needs and connection may be modified by One-adjacent standards, restraint, and responsible service. Responsible service is observable, but duty, ethics training, or formal care roles can produce the same pattern.",2w1: responsible service as a core-first wing hypothesis,690,91c5caf5cf529586737bbd6ba7ad9a15348f3f1d83ca23d9b66d19fa741d99d4,4,6,0,7,0,23.428571,NOT_RETURNED,NOT_RETURNED,NOT_RETURNED,NOT_RETURNED,0,7,0,23.428571,UNKNOWN_PAGE_LEVEL,2026-07-27T23:37:56.000000Z,VERIFIED_PUBLIC_AUTHORITY_M01_GSC,M01 Search Analytics top-row aggregate; NOT_RETURNED is not zero; route locale is not a GSC language dimension; page-level indexing unavailable
enneagram,wing,2w3,en,enneagram/wings/2w3,https://fermatmind.com/en/personality/enneagram/wings/2w3,https://fermatmind.com/en/personality/enneagram/wings/2w3,https://fermatmind.com/en/personality/enneagram/wings/2w3,https://fermatmind.com/zh/personality/enneagram/wings/2w3,"index, follow",200,,true,true,true,true,true,published,fap-api:personality_public_content_assets,enneagram:en:wing:2w3,2w3: visible effectiveness as a core-first wing hypothesis,"The 2w3 wing is a core-first, evidence-limited hypothesis: Type Two attention to needs and connection may be modified by Three-adjacent adaptability, presentation, and visible effectiveness. Effective help can also reflect sales, leadership, hospitality, or performance incentives rather than a wing.",2w3: visible effectiveness as a core-first wing hypothesis,654,67cf9551d573315d20e6b2d8d9b13218039783113ff64b940606bc52ece154a2,4,6,NOT_RETURNED,NOT_RETURNED,NOT_RETURNED,NOT_RETURNED,NOT_RETURNED,NOT_RETURNED,NOT_RETURNED,NOT_RETURNED,NOT_RETURNED,NOT_RETURNED,NOT_RETURNED,NOT_RETURNED,UNKNOWN_PAGE_LEVEL,2026-07-27T23:37:56.000000Z,VERIFIED_PUBLIC_AUTHORITY_M01_NOT_RETURNED,M01 Search Analytics top-row aggregate; NOT_RETURNED is not zero; route locale is not a GSC language dimension; page-level indexing unavailable
enneagram,wing,3w2,en,enneagram/wings/3w2,https://fermatmind.com/en/personality/enneagram/wings/3w2,https://fermatmind.com/en/personality/enneagram/wings/3w2,https://fermatmind.com/en/personality/enneagram/wings/3w2,https://fermatmind.com/zh/personality/enneagram/wings/3w2,"index, follow",200,,true,true,true,true,true,published,fap-api:personality_public_content_assets,enneagram:en:wing:3w2,3w2: relational visibility as a core-first wing hypothesis,"The 3w2 wing is a core-first, evidence-limited hypothesis: Type Three attention to valued results may be modified by Two-adjacent connection, usefulness, and audience response. Warm presentation or networking cannot establish a wing because service roles, sales incentives, and collaboration norms can look the same.",3w2: relational visibility as a core-first wing hypothesis,609,0b836bf16fdffd32ac02da34edae5daf00eb70a07d28c93fbe5d3a22bee61b6e,4,6,0,117,0,9.905983,NOT_RETURNED,NOT_RETURNED,NOT_RETURNED,NOT_RETURNED,0,117,0,9.905983,UNKNOWN_PAGE_LEVEL,2026-07-27T23:37:56.000000Z,VERIFIED_PUBLIC_AUTHORITY_M01_GSC,M01 Search Analytics top-row aggregate; NOT_RETURNED is not zero; route locale is not a GSC language dimension; page-level indexing unavailable
enneagram,wing,3w4,en,enneagram/wings/3w4,https://fermatmind.com/en/personality/enneagram/wings/3w4,https://fermatmind.com/en/personality/enneagram/wings/3w4,https://fermatmind.com/en/personality/enneagram/wings/3w4,https://fermatmind.com/zh/personality/enneagram/wings/3w4,"index, follow",200,,true,true,true,true,true,published,fap-api:personality_public_content_assets,enneagram:en:wing:3w4,3w4: distinctive craft as a core-first wing hypothesis,"The 3w4 wing is a core-first, evidence-limited hypothesis: Type Three attention to valued results may be modified by Four-adjacent distinctiveness, personal expression, and comparison with an ideal. A polished signature style cannot establish a wing because specialization, portfolio demands, and aesthetic training can produce it.",3w4: distinctive craft as a core-first wing hypothesis,588,e8899dd077528ce42c70b55abf0229d7a85446493eef58040463e8d33a0a864d,4,6,0,13,0,15.076923,0,1,0,1,0,14,0,14.071429,UNKNOWN_PAGE_LEVEL,2026-07-27T23:37:56.000000Z,VERIFIED_PUBLIC_AUTHORITY_M01_GSC,M01 Search Analytics top-row aggregate; NOT_RETURNED is not zero; route locale is not a GSC language dimension; page-level indexing unavailable
enneagram,wing,4w3,en,enneagram/wings/4w3,https://fermatmind.com/en/personality/enneagram/wings/4w3,https://fermatmind.com/en/personality/enneagram/wings/4w3,https://fermatmind.com/en/personality/enneagram/wings/4w3,https://fermatmind.com/zh/personality/enneagram/wings/4w3,"index, follow",200,,true,true,true,true,true,published,fap-api:personality_public_content_assets,enneagram:en:wing:4w3,4w3: visible expression as a core-first wing hypothesis,"The 4w3 wing is a core-first, evidence-limited hypothesis: Type Four attention to identity and meaning may be modified by Three-adjacent visible delivery, audience recognition, and adaptation. A polished personal brand cannot establish a wing because portfolio rules, promotion incentives, and communication training can look the same.",4w3: visible expression as a core-first wing hypothesis,560,28d09409aaa631cbbb4df0b0d835b9a495b01c933d6fa569735f72e004c8f83d,4,6,0,9,0,17.444444,0,2,0,30,0,11,0,19.727273,UNKNOWN_PAGE_LEVEL,2026-07-27T23:37:56.000000Z,VERIFIED_PUBLIC_AUTHORITY_M01_GSC,M01 Search Analytics top-row aggregate; NOT_RETURNED is not zero; route locale is not a GSC language dimension; page-level indexing unavailable
enneagram,wing,4w5,en,enneagram/wings/4w5,https://fermatmind.com/en/personality/enneagram/wings/4w5,https://fermatmind.com/en/personality/enneagram/wings/4w5,https://fermatmind.com/en/personality/enneagram/wings/4w5,https://fermatmind.com/zh/personality/enneagram/wings/4w5,"index, follow",200,,true,true,true,true,true,published,fap-api:personality_public_content_assets,enneagram:en:wing:4w5,4w5: private depth as a core-first wing hypothesis,"The 4w5 wing is a core-first, evidence-limited hypothesis: Type Four attention to identity and meaning may be modified by Five-adjacent privacy, conceptual depth, and selective disclosure. Solitary research or restrained expression cannot establish a wing because expertise, confidentiality, access needs, and work design can look the same.",4w5: private depth as a core-first wing hypothesis,569,750e3ce873db117d52e2cb6c9fca194bd8bffe7195b9b3e8728b3636ef759f70,4,6,0,3,0,10.666667,NOT_RETURNED,NOT_RETURNED,NOT_RETURNED,NOT_RETURNED,0,3,0,10.666667,UNKNOWN_PAGE_LEVEL,2026-07-27T23:37:56.000000Z,VERIFIED_PUBLIC_AUTHORITY_M01_GSC,M01 Search Analytics top-row aggregate; NOT_RETURNED is not zero; route locale is not a GSC language dimension; page-level indexing unavailable
enneagram,wing,5w4,en,enneagram/wings/5w4,https://fermatmind.com/en/personality/enneagram/wings/5w4,https://fermatmind.com/en/personality/enneagram/wings/5w4,https://fermatmind.com/en/personality/enneagram/wings/5w4,https://fermatmind.com/zh/personality/enneagram/wings/5w4,"index, follow",200,,true,true,true,true,true,published,fap-api:personality_public_content_assets,enneagram:en:wing:5w4,5w4: a core-first hypothesis about personal synthesis and meaning,"5w4 is an evidence-limited wing hypothesis: Type Five knowledge, competence, privacy, and capacity concerns remain primary, while Four may modify how ideas receive personal synthesis, meaning, and originality. Distinctive work does not establish 5w4 because creative training, specialization, culture, audience, and project ownership can look similar.",5w4: a core-first hypothesis about personal synthesis and meaning,606,511d51bede891e0ee7eccc2d77be47e54ea4eb1e469080ae90ad1b9dd4215948,4,6,0,61,0,13.983607,NOT_RETURNED,NOT_RETURNED,NOT_RETURNED,NOT_RETURNED,0,61,0,13.983607,UNKNOWN_PAGE_LEVEL,2026-07-27T23:37:56.000000Z,VERIFIED_PUBLIC_AUTHORITY_M01_GSC,M01 Search Analytics top-row aggregate; NOT_RETURNED is not zero; route locale is not a GSC language dimension; page-level indexing unavailable
enneagram,wing,5w6,en,enneagram/wings/5w6,https://fermatmind.com/en/personality/enneagram/wings/5w6,https://fermatmind.com/en/personality/enneagram/wings/5w6,https://fermatmind.com/en/personality/enneagram/wings/5w6,https://fermatmind.com/zh/personality/enneagram/wings/5w6,"index, follow",200,,true,true,true,true,true,published,fap-api:personality_public_content_assets,enneagram:en:wing:5w6,5w6: a core-first hypothesis about verification and reliable method,"5w6 is an evidence-limited wing hypothesis: Type Five knowledge, competence, privacy, and capacity concerns remain primary, while Six may modify how information is checked for verification, reliability, and risk. Careful procedure does not establish 5w6 because regulated work, quality assurance, security roles, team norms, and accountability can require the same behavior.",5w6: a core-first hypothesis about verification and reliable method,612,40414bf3e447f3b361847bfee22c16f9722f6a5819e1034399e5c1cb5b3988c3,4,6,0,15,0,35.333333,NOT_RETURNED,NOT_RETURNED,NOT_RETURNED,NOT_RETURNED,0,15,0,35.333333,UNKNOWN_PAGE_LEVEL,2026-07-27T23:37:56.000000Z,VERIFIED_PUBLIC_AUTHORITY_M01_GSC,M01 Search Analytics top-row aggregate; NOT_RETURNED is not zero; route locale is not a GSC language dimension; page-level indexing unavailable
enneagram,wing,6w5,en,enneagram/wings/6w5,https://fermatmind.com/en/personality/enneagram/wings/6w5,https://fermatmind.com/en/personality/enneagram/wings/6w5,https://fermatmind.com/en/personality/enneagram/wings/6w5,https://fermatmind.com/zh/personality/enneagram/wings/6w5,"index, follow",200,,true,true,true,true,true,published,fap-api:personality_public_content_assets,enneagram:en:wing:6w5,"6w5: a core-first hypothesis about evidence, analysis, and private preparation","6w5 is an evidence-limited wing hypothesis: Type Six uncertainty, support, trust, and contingency concerns remain primary, while the adjacent type may modify attention toward evidence, analysis, and private preparation. The pattern does not establish 6w5 because research training, technical review, confidentiality, regulated analysis, and specialist roles can require the same behavior.","6w5: a core-first hypothesis about evidence, analysis, and private preparation",712,877f5868f177a28ad3cd30ca5c61d83c76123bc34f40c687b410fa907a2260ed,4,6,0,7,0,10.714286,NOT_RETURNED,NOT_RETURNED,NOT_RETURNED,NOT_RETURNED,0,7,0,10.714286,UNKNOWN_PAGE_LEVEL,2026-07-27T23:37:56.000000Z,VERIFIED_PUBLIC_AUTHORITY_M01_GSC,M01 Search Analytics top-row aggregate; NOT_RETURNED is not zero; route locale is not a GSC language dimension; page-level indexing unavailable
enneagram,wing,6w7,en,enneagram/wings/6w7,https://fermatmind.com/en/personality/enneagram/wings/6w7,https://fermatmind.com/en/personality/enneagram/wings/6w7,https://fermatmind.com/en/personality/enneagram/wings/6w7,https://fermatmind.com/zh/personality/enneagram/wings/6w7,"index, follow",200,,true,true,true,true,true,published,fap-api:personality_public_content_assets,enneagram:en:wing:6w7,"6w7: a core-first hypothesis about options, social coordination, and active experiments","6w7 is an evidence-limited wing hypothesis: Type Six uncertainty, support, trust, and contingency concerns remain primary, while the adjacent type may modify attention toward options, social coordination, and active experiments. The pattern does not establish 6w7 because facilitation duties, incident response, sales work, community organizing, and time pressure can require the same behavior.","6w7: a core-first hypothesis about options, social coordination, and active experiments",693,17929b22387b05210fe2c748dbcf390e10649ee7ffdf94e4b018d88197416dad,4,6,0,4,0,12.75,NOT_RETURNED,NOT_RETURNED,NOT_RETURNED,NOT_RETURNED,0,4,0,12.75,UNKNOWN_PAGE_LEVEL,2026-07-27T23:37:56.000000Z,VERIFIED_PUBLIC_AUTHORITY_M01_GSC,M01 Search Analytics top-row aggregate; NOT_RETURNED is not zero; route locale is not a GSC language dimension; page-level indexing unavailable
enneagram,wing,7w6,en,enneagram/wings/7w6,https://fermatmind.com/en/personality/enneagram/wings/7w6,https://fermatmind.com/en/personality/enneagram/wings/7w6,https://fermatmind.com/en/personality/enneagram/wings/7w6,https://fermatmind.com/zh/personality/enneagram/wings/7w6,"index, follow",200,,true,true,true,true,true,published,fap-api:personality_public_content_assets,enneagram:en:wing:7w6,"7w6: a core-first hypothesis about options, consultation, and contingency","7w6 is an evidence-limited wing hypothesis in which Type Seven options and possibility remain primary while Six may add consultation, contingency, reassurance, and shared planning. Sociability or backup plans do not establish 7w6 because facilitation, incident response, team norms, precarious resources, and accountable coordination can require the same behavior.","7w6: a core-first hypothesis about options, consultation, and contingency",636,bbd78313b3d0ed422b953696bdb73053fdf5a50912c2acd6f00dec1df892dc48,4,6,0,7,0,8.714286,NOT_RETURNED,NOT_RETURNED,NOT_RETURNED,NOT_RETURNED,0,7,0,8.714286,UNKNOWN_PAGE_LEVEL,2026-07-27T23:37:56.000000Z,VERIFIED_PUBLIC_AUTHORITY_M01_GSC,M01 Search Analytics top-row aggregate; NOT_RETURNED is not zero; route locale is not a GSC language dimension; page-level indexing unavailable
enneagram,wing,7w8,en,enneagram/wings/7w8,https://fermatmind.com/en/personality/enneagram/wings/7w8,https://fermatmind.com/en/personality/enneagram/wings/7w8,https://fermatmind.com/en/personality/enneagram/wings/7w8,https://fermatmind.com/zh/personality/enneagram/wings/7w8,"index, follow",200,,true,true,true,true,true,published,fap-api:personality_public_content_assets,enneagram:en:wing:7w8,"7w8: a core-first hypothesis about options, leverage, and direct pursuit","7w8 is an evidence-limited wing hypothesis in which Type Seven possibility stays primary while Eight may add leverage, autonomy, direct pursuit, and decisive action. Speed or assertiveness does not establish 7w8 because leadership, ownership, crisis authority, negotiation training, privilege, and unequal power can produce the same surface pattern.","7w8: a core-first hypothesis about options, leverage, and direct pursuit",649,40d94e0e0f3d918ad8836f15e9cef8e46400eae38f796e8786805dc881fef0f6,4,6,0,12,0,14.75,NOT_RETURNED,NOT_RETURNED,NOT_RETURNED,NOT_RETURNED,0,12,0,14.75,UNKNOWN_PAGE_LEVEL,2026-07-27T23:37:56.000000Z,VERIFIED_PUBLIC_AUTHORITY_M01_GSC,M01 Search Analytics top-row aggregate; NOT_RETURNED is not zero; route locale is not a GSC language dimension; page-level indexing unavailable
enneagram,wing,8w7,en,enneagram/wings/8w7,https://fermatmind.com/en/personality/enneagram/wings/8w7,https://fermatmind.com/en/personality/enneagram/wings/8w7,https://fermatmind.com/en/personality/enneagram/wings/8w7,https://fermatmind.com/zh/personality/enneagram/wings/8w7,"index, follow",200,,true,true,true,true,true,published,fap-api:personality_public_content_assets,enneagram:en:wing:8w7,"8w7: a core-first hypothesis about momentum, options, and expansive action","8w7 is an evidence-limited wing hypothesis in which Type Eight autonomy remains primary while Seven may add momentum, options, appetite, and expansive action. Fast growth or high energy does not establish 8w7 because founder incentives, crisis tempo, sales targets, abundant resources, unstable markets, and job authority can produce the same pattern.","8w7: a core-first hypothesis about momentum, options, and expansive action",628,28c02ae727563430cc6614849d5d4c68370e5e1aa7d3ea30e781952f88c875c0,4,6,0,5,0,9.8,NOT_RETURNED,NOT_RETURNED,NOT_RETURNED,NOT_RETURNED,0,5,0,9.8,UNKNOWN_PAGE_LEVEL,2026-07-27T23:37:56.000000Z,VERIFIED_PUBLIC_AUTHORITY_M01_GSC,M01 Search Analytics top-row aggregate; NOT_RETURNED is not zero; route locale is not a GSC language dimension; page-level indexing unavailable
enneagram,wing,8w9,en,enneagram/wings/8w9,https://fermatmind.com/en/personality/enneagram/wings/8w9,https://fermatmind.com/en/personality/enneagram/wings/8w9,https://fermatmind.com/en/personality/enneagram/wings/8w9,https://fermatmind.com/zh/personality/enneagram/wings/8w9,"index, follow",200,,true,true,true,true,true,published,fap-api:personality_public_content_assets,enneagram:en:wing:8w9,"8w9: a core-first hypothesis about steady force, territory, and delayed response","8w9 is an evidence-limited wing hypothesis in which Type Eight autonomy stays primary while Nine may add steady force, territory, endurance, and delayed response. Calm authority or physical presence does not establish 8w9 because property duty, cultural restraint, recovery needs, seniority, security work, and slow institutional processes can look similar.","8w9: a core-first hypothesis about steady force, territory, and delayed response",614,01ed22a92579e7428fb9d4d5879e42c0f0873dfa91000faed78fe24555d687aa,4,6,0,5,0,12,NOT_RETURNED,NOT_RETURNED,NOT_RETURNED,NOT_RETURNED,0,5,0,12,UNKNOWN_PAGE_LEVEL,2026-07-27T23:37:56.000000Z,VERIFIED_PUBLIC_AUTHORITY_M01_GSC,M01 Search Analytics top-row aggregate; NOT_RETURNED is not zero; route locale is not a GSC language dimension; page-level indexing unavailable
enneagram,wing,9w1,en,enneagram/wings/9w1,https://fermatmind.com/en/personality/enneagram/wings/9w1,https://fermatmind.com/en/personality/enneagram/wings/9w1,https://fermatmind.com/en/personality/enneagram/wings/9w1,https://fermatmind.com/zh/personality/enneagram/wings/9w1,"index, follow",200,,true,true,true,true,true,published,fap-api:personality_public_content_assets,enneagram:en:wing:9w1,9w1: a core-Nine hypothesis modified by orderly standards,"9w1 is an evidence-limited wing hypothesis that keeps Type Nine’s stability and connection pattern primary while using One-like order, fairness standards, restraint, and quiet correction as possible modifiers. Courtesy, conscientiousness, or procedural care does not establish 9w1 because role expectations, culture, perfectionism, compliance risk, or fear of retaliation may look similar.",9w1: a core-Nine hypothesis modified by orderly standards,638,ca1f5f1bdc3dccf6ffac2ae3ba94a1abe52e73757ea6402492f179e352f67646,4,6,0,6,0,34.833333,NOT_RETURNED,NOT_RETURNED,NOT_RETURNED,NOT_RETURNED,0,6,0,34.833333,UNKNOWN_PAGE_LEVEL,2026-07-27T23:37:56.000000Z,VERIFIED_PUBLIC_AUTHORITY_M01_GSC,M01 Search Analytics top-row aggregate; NOT_RETURNED is not zero; route locale is not a GSC language dimension; page-level indexing unavailable
enneagram,wing,9w8,en,enneagram/wings/9w8,https://fermatmind.com/en/personality/enneagram/wings/9w8,https://fermatmind.com/en/personality/enneagram/wings/9w8,https://fermatmind.com/en/personality/enneagram/wings/9w8,https://fermatmind.com/zh/personality/enneagram/wings/9w8,"index, follow",200,,true,true,true,true,true,published,fap-api:personality_public_content_assets,enneagram:en:wing:9w8,9w8: a core-Nine hypothesis modified by grounded boundary force,"9w8 is an evidence-limited wing hypothesis that keeps Type Nine’s attention to stability and connection primary while using Eight-like grounded resistance, boundary force, and protection as possible modifiers. A quiet person who becomes firm is not therefore 9w8; role authority, property responsibility, danger, training, or unequal power may explain the same sequence.",9w8: a core-Nine hypothesis modified by grounded boundary force,661,f0250104f0b025e0aac29c7cfce3d7d125e3e57a4dd1d64d283197dcd89d0ca1,4,6,0,10,0,15.2,NOT_RETURNED,NOT_RETURNED,NOT_RETURNED,NOT_RETURNED,0,10,0,15.2,UNKNOWN_PAGE_LEVEL,2026-07-27T23:37:56.000000Z,VERIFIED_PUBLIC_AUTHORITY_M01_GSC,M01 Search Analytics top-row aggregate; NOT_RETURNED is not zero; route locale is not a GSC language dimension; page-level indexing unavailable
mbti,base_type,ENTJ,en,entj,https://fermatmind.com/en/personality/entj,https://fermatmind.com/en/personality/entj,https://fermatmind.com/en/personality/entj,https://fermatmind.com/zh/personality/entj,"index, follow",200,,true,true,false,false,false,published,fap-api:personality_profiles,MBTI:en:base:ENTJ,ENTJ Personality Guide,"Discover strengths, weaknesses, relationship patterns, and career direction for the ENTJ personality type.",ENTJ - Commander,14,46136bfb9a942f90b7844f522d93e2b9a0724c06d49bc7002c9a91d5cfd22e62,0,0,NOT_RETURNED,NOT_RETURNED,NOT_RETURNED,NOT_RETURNED,NOT_RETURNED,NOT_RETURNED,NOT_RETURNED,NOT_RETURNED,NOT_RETURNED,NOT_RETURNED,NOT_RETURNED,NOT_RETURNED,UNKNOWN_PAGE_LEVEL,2026-03-18T05:20:05.000000Z,VERIFIED_PUBLIC_AUTHORITY_M01_NOT_RETURNED,M01 Search Analytics top-row aggregate; NOT_RETURNED is not zero; route locale is not a GSC language dimension; page-level indexing unavailable
mbti,variant,ENTJ-A,en,entj-a,https://fermatmind.com/en/personality/entj-a,https://fermatmind.com/en/personality/entj-a,https://fermatmind.com/en/personality/entj-a,https://fermatmind.com/zh/personality/entj-a,"index, follow",200,,true,true,true,true,true,published,fap-api:personality_profile_variants,MBTI:en:variant:ENTJ-A,"ENTJ-A Personality: Traits, Assertive Pattern, Work and Relationships | FermatMind","Understand ENTJ-A: core traits, Assertive stress pattern, work style, relationships, common misreads, strengths, watch-outs, and safe self-understanding boundaries.",ENTJ-A Personality,10418,e8839dfb1e35bdd3eab2634a921de16c29149a896107e4fd67315461651a1d62,2,37,NOT_RETURNED,NOT_RETURNED,NOT_RETURNED,NOT_RETURNED,NOT_RETURNED,NOT_RETURNED,NOT_RETURNED,NOT_RETURNED,NOT_RETURNED,NOT_RETURNED,NOT_RETURNED,NOT_RETURNED,UNKNOWN_PAGE_LEVEL,2026-03-18T05:20:06.000000Z,VERIFIED_PUBLIC_AUTHORITY_M01_NOT_RETURNED,M01 Search Analytics top-row aggregate; NOT_RETURNED is not zero; route locale is not a GSC language dimension; page-level indexing unavailable
mbti,at_comparison,entj-a-vs-entj-t,en,entj-a-vs-entj-t,https://fermatmind.com/en/personality/entj-a-vs-entj-t,https://fermatmind.com/en/personality/entj-a-vs-entj-t,https://fermatmind.com/en/personality/entj-a-vs-entj-t,https://fermatmind.com/zh/personality/entj-a-vs-entj-t,"index, follow",200,,true,true,true,true,true,published,fap-api:personality_profiles,MBTI:en:at_comparison:entj-a-vs-entj-t,"ENTJ-A vs ENTJ-T: Confidence, Stress and Work Style | FermatMind",UNKNOWN,"ENTJ-A vs ENTJ-T: Confidence, Stress and Work Style | FermatMind",12,acaeb10f3b1b1ed4b801bc447cf9ea298d0f216d0d31eb1b07cfe921fd0af25e,2,0,NOT_RETURNED,NOT_RETURNED,NOT_RETURNED,NOT_RETURNED,NOT_RETURNED,NOT_RETURNED,NOT_RETURNED,NOT_RETURNED,NOT_RETURNED,NOT_RETURNED,NOT_RETURNED,NOT_RETURNED,UNKNOWN_PAGE_LEVEL,2026-03-18T05:20:06.000Z,VERIFIED_PUBLIC_AUTHORITY_M01_NOT_RETURNED,M01 Search Analytics top-row aggregate; NOT_RETURNED is not zero; route locale is not a GSC language dimension; page-level indexing unavailable
mbti,variant,ENTJ-T,en,entj-t,https://fermatmind.com/en/personality/entj-t,https://fermatmind.com/en/personality/entj-t,https://fermatmind.com/en/personality/entj-t,https://fermatmind.com/zh/personality/entj-t,"index, follow",200,,true,true,true,true,true,published,fap-api:personality_profile_variants,MBTI:en:variant:ENTJ-T,"ENTJ-T Personality: Traits, Turbulent Pattern, Work and Relationships","Understand ENTJ-T: core traits, Turbulent stress pattern, work style, relationships, common misreads, strengths, watch-outs, and safe self-understanding boundaries.",ENTJ - Commander,14,46136bfb9a942f90b7844f522d93e2b9a0724c06d49bc7002c9a91d5cfd22e62,2,0,NOT_RETURNED,NOT_RETURNED,NOT_RETURNED,NOT_RETURNED,NOT_RETURNED,NOT_RETURNED,NOT_RETURNED,NOT_RETURNED,NOT_RETURNED,NOT_RETURNED,NOT_RETURNED,NOT_RETURNED,UNKNOWN_PAGE_LEVEL,2026-03-18T05:20:06.000000Z,VERIFIED_PUBLIC_AUTHORITY_M01_NOT_RETURNED,M01 Search Analytics top-row aggregate; NOT_RETURNED is not zero; route locale is not a GSC language dimension; page-level indexing unavailable
mbti,base_type,ENTP,en,entp,https://fermatmind.com/en/personality/entp,https://fermatmind.com/en/personality/entp,https://fermatmind.com/en/personality/entp,https://fermatmind.com/zh/personality/entp,"index, follow",200,,true,true,false,false,false,published,fap-api:personality_profiles,MBTI:en:base:ENTP,ENTP Personality Guide,"Discover strengths, weaknesses, relationship patterns, and career direction for the ENTP personality type.",ENTP - Debater,14,7faa50efefe8b685b4568cf2efabaf362b435bded6b91d806b7f34dd405d5471,0,0,NOT_RETURNED,NOT_RETURNED,NOT_RETURNED,NOT_RETURNED,NOT_RETURNED,NOT_RETURNED,NOT_RETURNED,NOT_RETURNED,NOT_RETURNED,NOT_RETURNED,NOT_RETURNED,NOT_RETURNED,UNKNOWN_PAGE_LEVEL,2026-03-18T05:20:06.000000Z,VERIFIED_PUBLIC_AUTHORITY_M01_NOT_RETURNED,M01 Search Analytics top-row aggregate; NOT_RETURNED is not zero; route locale is not a GSC language dimension; page-level indexing unavailable
mbti,variant,ENTP-A,en,entp-a,https://fermatmind.com/en/personality/entp-a,https://fermatmind.com/en/personality/entp-a,https://fermatmind.com/en/personality/entp-a,https://fermatmind.com/zh/personality/entp-a,"index, follow",200,,true,true,true,true,true,published,fap-api:personality_profile_variants,MBTI:en:variant:ENTP-A,"ENTP-A Personality: Traits, Assertive Pattern, Work and Relationships","Understand ENTP-A: core traits, Assertive stress pattern, work style, relationships, common misreads, strengths, watch-outs, and safe self-understanding boundaries.",ENTP - Debater,14,7faa50efefe8b685b4568cf2efabaf362b435bded6b91d806b7f34dd405d5471,1,0,NOT_RETURNED,NOT_RETURNED,NOT_RETURNED,NOT_RETURNED,NOT_RETURNED,NOT_RETURNED,NOT_RETURNED,NOT_RETURNED,NOT_RETURNED,NOT_RETURNED,NOT_RETURNED,NOT_RETURNED,UNKNOWN_PAGE_LEVEL,2026-03-18T05:20:06.000000Z,VERIFIED_PUBLIC_AUTHORITY_M01_NOT_RETURNED,M01 Search Analytics top-row aggregate; NOT_RETURNED is not zero; route locale is not a GSC language dimension; page-level indexing unavailable
mbti,at_comparison,entp-a-vs-entp-t,en,entp-a-vs-entp-t,https://fermatmind.com/en/personality/entp-a-vs-entp-t,https://fermatmind.com/en/personality/entp-a-vs-entp-t,https://fermatmind.com/en/personality/entp-a-vs-entp-t,https://fermatmind.com/zh/personality/entp-a-vs-entp-t,"index, follow",200,,true,true,true,true,true,published,fap-api:personality_profiles,MBTI:en:at_comparison:entp-a-vs-entp-t,"ENTP-A vs ENTP-T: Confidence, Stress and Work Style | FermatMind",UNKNOWN,"ENTP-A vs ENTP-T: Confidence, Stress and Work Style | FermatMind",12,dc6b9afa0fc7799988e473e93e4dfbe4de7def1b077ef23894105a74a4b3118c,1,0,NOT_RETURNED,NOT_RETURNED,NOT_RETURNED,NOT_RETURNED,NOT_RETURNED,NOT_RETURNED,NOT_RETURNED,NOT_RETURNED,NOT_RETURNED,NOT_RETURNED,NOT_RETURNED,NOT_RETURNED,UNKNOWN_PAGE_LEVEL,2026-03-18T05:20:06.000Z,VERIFIED_PUBLIC_AUTHORITY_M01_NOT_RETURNED,M01 Search Analytics top-row aggregate; NOT_RETURNED is not zero; route locale is not a GSC language dimension; page-level indexing unavailable
mbti,variant,ENTP-T,en,entp-t,https://fermatmind.com/en/personality/entp-t,https://fermatmind.com/en/personality/entp-t,https://fermatmind.com/en/personality/entp-t,https://fermatmind.com/zh/personality/entp-t,"index, follow",200,,true,true,true,true,true,published,fap-api:personality_profile_variants,MBTI:en:variant:ENTP-T,"ENTP-T Personality: Traits, Turbulent Pattern, Work and Relationships","Understand ENTP-T: core traits, Turbulent stress pattern, work style, relationships, common misreads, strengths, watch-outs, and safe self-understanding boundaries.",ENTP - Debater,14,7faa50efefe8b685b4568cf2efabaf362b435bded6b91d806b7f34dd405d5471,1,0,NOT_RETURNED,NOT_RETURNED,NOT_RETURNED,NOT_RETURNED,NOT_RETURNED,NOT_RETURNED,NOT_RETURNED,NOT_RETURNED,NOT_RETURNED,NOT_RETURNED,NOT_RETURNED,NOT_RETURNED,UNKNOWN_PAGE_LEVEL,2026-03-18T05:20:06.000000Z,VERIFIED_PUBLIC_AUTHORITY_M01_NOT_RETURNED,M01 Search Analytics top-row aggregate; NOT_RETURNED is not zero; route locale is not a GSC language dimension; page-level indexing unavailable
mbti,base_type,ESFJ,en,esfj,https://fermatmind.com/en/personality/esfj,https://fermatmind.com/en/personality/esfj,https://fermatmind.com/en/personality/esfj,https://fermatmind.com/zh/personality/esfj,"index, follow",200,,true,true,false,false,false,published,fap-api:personality_profiles,MBTI:en:base:ESFJ,ESFJ Personality Guide,"Discover strengths, weaknesses, relationship patterns, and career direction for the ESFJ personality type.",ESFJ - Consul,14,bddf5daed8f531e29c30faf1d4a01a516f071a7adb23f564119a113f10652e9d,0,0,0,35,0,40.514286,NOT_RETURNED,NOT_RETURNED,NOT_RETURNED,NOT_RETURNED,0,35,0,40.514286,UNKNOWN_PAGE_LEVEL,2026-03-18T05:20:06.000000Z,VERIFIED_PUBLIC_AUTHORITY_M01_GSC,M01 Search Analytics top-row aggregate; NOT_RETURNED is not zero; route locale is not a GSC language dimension; page-level indexing unavailable
mbti,variant,ESFJ-A,en,esfj-a,https://fermatmind.com/en/personality/esfj-a,https://fermatmind.com/en/personality/esfj-a,https://fermatmind.com/en/personality/esfj-a,https://fermatmind.com/zh/personality/esfj-a,"index, follow",200,,true,true,true,true,true,published,fap-api:personality_profile_variants,MBTI:en:variant:ESFJ-A,"ESFJ-A Personality: Traits, Assertive Pattern, Work and Relationships | FermatMind","Understand ESFJ-A: core traits, Assertive stress pattern, work style, relationships, common misreads, strengths, watch-outs, and safe self-understanding boundaries.",ESFJ-A Personality,10448,9fa30c8a64e5bf93e3ce93851489a28f0183bf4e2b685b4e508e6c353496916f,3,37,NOT_RETURNED,NOT_RETURNED,NOT_RETURNED,NOT_RETURNED,0,3,0,7.666667,0,3,0,7.666667,UNKNOWN_PAGE_LEVEL,2026-03-18T05:20:06.000000Z,VERIFIED_PUBLIC_AUTHORITY_M01_GSC,M01 Search Analytics top-row aggregate; NOT_RETURNED is not zero; route locale is not a GSC language dimension; page-level indexing unavailable
mbti,at_comparison,esfj-a-vs-esfj-t,en,esfj-a-vs-esfj-t,https://fermatmind.com/en/personality/esfj-a-vs-esfj-t,https://fermatmind.com/en/personality/esfj-a-vs-esfj-t,https://fermatmind.com/en/personality/esfj-a-vs-esfj-t,https://fermatmind.com/zh/personality/esfj-a-vs-esfj-t,"index, follow",200,,true,true,true,true,true,published,fap-api:personality_profiles,MBTI:en:at_comparison:esfj-a-vs-esfj-t,"ESFJ-A vs ESFJ-T: Confidence, Stress and Work Style | FermatMind",UNKNOWN,"ESFJ-A vs ESFJ-T: Confidence, Stress and Work Style | FermatMind",12,106a824d405910fa5eba897ec9b3d3e35526cbe81e0b1b539b0083e06f245f42,3,0,NOT_RETURNED,NOT_RETURNED,NOT_RETURNED,NOT_RETURNED,NOT_RETURNED,NOT_RETURNED,NOT_RETURNED,NOT_RETURNED,NOT_RETURNED,NOT_RETURNED,NOT_RETURNED,NOT_RETURNED,UNKNOWN_PAGE_LEVEL,2026-03-18T05:20:06.000Z,VERIFIED_PUBLIC_AUTHORITY_M01_NOT_RETURNED,M01 Search Analytics top-row aggregate; NOT_RETURNED is not zero; route locale is not a GSC language dimension; page-level indexing unavailable
mbti,variant,ESFJ-T,en,esfj-t,https://fermatmind.com/en/personality/esfj-t,https://fermatmind.com/en/personality/esfj-t,https://fermatmind.com/en/personality/esfj-t,https://fermatmind.com/zh/personality/esfj-t,"index, follow",200,,true,true,true,true,true,published,fap-api:personality_profile_variants,MBTI:en:variant:ESFJ-T,"ESFJ-T Personality: Traits, Turbulent Pattern, Work and Relationships | FermatMind","Understand ESFJ-T: core traits, Turbulent stress pattern, work style, relationships, common misreads, strengths, watch-outs, and safe self-understanding boundaries.",ESFJ-T Personality,10501,4c095e8de8e6004c8d5a9c25c5a9250fcd990be13d01e63ee1a270301f427d18,3,37,0,18,0,5.555556,0,4,0,4.75,0,39,0,6.923077,UNKNOWN_PAGE_LEVEL,2026-03-18T05:20:06.000000Z,VERIFIED_PUBLIC_AUTHORITY_M01_GSC,M01 Search Analytics top-row aggregate; NOT_RETURNED is not zero; route locale is not a GSC language dimension; page-level indexing unavailable
mbti,base_type,ESFP,en,esfp,https://fermatmind.com/en/personality/esfp,https://fermatmind.com/en/personality/esfp,https://fermatmind.com/en/personality/esfp,https://fermatmind.com/zh/personality/esfp,"index, follow",200,,true,true,false,false,false,published,fap-api:personality_profiles,MBTI:en:base:ESFP,ESFP Personality Guide,"Discover strengths, weaknesses, relationship patterns, and career direction for the ESFP personality type.",ESFP - Entertainer,14,802bd046edde8253aecd7a389eaed6719ec0d73f2c1fe31772e29ee211fa3386,0,0,0,5,0,32.4,NOT_RETURNED,NOT_RETURNED,NOT_RETURNED,NOT_RETURNED,0,5,0,32.4,UNKNOWN_PAGE_LEVEL,2026-03-18T05:20:07.000000Z,VERIFIED_PUBLIC_AUTHORITY_M01_GSC,M01 Search Analytics top-row aggregate; NOT_RETURNED is not zero; route locale is not a GSC language dimension; page-level indexing unavailable
mbti,variant,ESFP-A,en,esfp-a,https://fermatmind.com/en/personality/esfp-a,https://fermatmind.com/en/personality/esfp-a,https://fermatmind.com/en/personality/esfp-a,https://fermatmind.com/zh/personality/esfp-a,"index, follow",200,,true,true,true,true,true,published,fap-api:personality_profile_variants,MBTI:en:variant:ESFP-A,"ESFP-A Personality: Traits, Assertive Pattern, Work and Relationships","Understand ESFP-A: core traits, Assertive stress pattern, work style, relationships, common misreads, strengths, watch-outs, and safe self-understanding boundaries.",ESFP - Entertainer,14,802bd046edde8253aecd7a389eaed6719ec0d73f2c1fe31772e29ee211fa3386,1,0,NOT_RETURNED,NOT_RETURNED,NOT_RETURNED,NOT_RETURNED,NOT_RETURNED,NOT_RETURNED,NOT_RETURNED,NOT_RETURNED,NOT_RETURNED,NOT_RETURNED,NOT_RETURNED,NOT_RETURNED,UNKNOWN_PAGE_LEVEL,2026-03-18T05:20:07.000000Z,VERIFIED_PUBLIC_AUTHORITY_M01_NOT_RETURNED,M01 Search Analytics top-row aggregate; NOT_RETURNED is not zero; route locale is not a GSC language dimension; page-level indexing unavailable
mbti,at_comparison,esfp-a-vs-esfp-t,en,esfp-a-vs-esfp-t,https://fermatmind.com/en/personality/esfp-a-vs-esfp-t,https://fermatmind.com/en/personality/esfp-a-vs-esfp-t,https://fermatmind.com/en/personality/esfp-a-vs-esfp-t,https://fermatmind.com/zh/personality/esfp-a-vs-esfp-t,"index, follow",200,,true,true,true,true,true,published,fap-api:personality_profiles,MBTI:en:at_comparison:esfp-a-vs-esfp-t,"ESFP-A vs ESFP-T: Confidence, Stress and Work Style | FermatMind",UNKNOWN,"ESFP-A vs ESFP-T: Confidence, Stress and Work Style | FermatMind",12,5f1a11159352c67e6e5b72a55e7a8103ee8b240d45170d48608bc3e3b4a3fc76,1,0,NOT_RETURNED,NOT_RETURNED,NOT_RETURNED,NOT_RETURNED,NOT_RETURNED,NOT_RETURNED,NOT_RETURNED,NOT_RETURNED,NOT_RETURNED,NOT_RETURNED,NOT_RETURNED,NOT_RETURNED,UNKNOWN_PAGE_LEVEL,2026-03-18T05:20:07.000Z,VERIFIED_PUBLIC_AUTHORITY_M01_NOT_RETURNED,M01 Search Analytics top-row aggregate; NOT_RETURNED is not zero; route locale is not a GSC language dimension; page-level indexing unavailable
mbti,variant,ESFP-T,en,esfp-t,https://fermatmind.com/en/personality/esfp-t,https://fermatmind.com/en/personality/esfp-t,https://fermatmind.com/en/personality/esfp-t,https://fermatmind.com/zh/personality/esfp-t,"index, follow",200,,true,true,true,true,true,published,fap-api:personality_profile_variants,MBTI:en:variant:ESFP-T,"ESFP-T Personality: Traits, Turbulent Pattern, Work and Relationships","Understand ESFP-T: core traits, Turbulent stress pattern, work style, relationships, common misreads, strengths, watch-outs, and safe self-understanding boundaries.",ESFP - Entertainer,14,802bd046edde8253aecd7a389eaed6719ec0d73f2c1fe31772e29ee211fa3386,1,0,0,1,0,4,NOT_RETURNED,NOT_RETURNED,NOT_RETURNED,NOT_RETURNED,0,1,0,4,UNKNOWN_PAGE_LEVEL,2026-03-18T05:20:07.000000Z,VERIFIED_PUBLIC_AUTHORITY_M01_GSC,M01 Search Analytics top-row aggregate; NOT_RETURNED is not zero; route locale is not a GSC language dimension; page-level indexing unavailable
mbti,base_type,ESTJ,en,estj,https://fermatmind.com/en/personality/estj,https://fermatmind.com/en/personality/estj,https://fermatmind.com/en/personality/estj,https://fermatmind.com/zh/personality/estj,"index, follow",200,,true,true,false,false,false,published,fap-api:personality_profiles,MBTI:en:base:ESTJ,ESTJ Personality Guide,"Discover strengths, weaknesses, relationship patterns, and career direction for the ESTJ personality type.",ESTJ - Executive,14,f4b61130b11107785b271d7e8c95d492f1431186bf90a356c9f0131bf62b22a6,0,0,NOT_RETURNED,NOT_RETURNED,NOT_RETURNED,NOT_RETURNED,NOT_RETURNED,NOT_RETURNED,NOT_RETURNED,NOT_RETURNED,NOT_RETURNED,NOT_RETURNED,NOT_RETURNED,NOT_RETURNED,UNKNOWN_PAGE_LEVEL,2026-03-18T05:20:07.000000Z,VERIFIED_PUBLIC_AUTHORITY_M01_NOT_RETURNED,M01 Search Analytics top-row aggregate; NOT_RETURNED is not zero; route locale is not a GSC language dimension; page-level indexing unavailable
mbti,variant,ESTJ-A,en,estj-a,https://fermatmind.com/en/personality/estj-a,https://fermatmind.com/en/personality/estj-a,https://fermatmind.com/en/personality/estj-a,https://fermatmind.com/zh/personality/estj-a,"index, follow",200,,true,true,true,true,true,published,fap-api:personality_profile_variants,MBTI:en:variant:ESTJ-A,"ESTJ-A Personality: Traits, Assertive Pattern, Work and Relationships","Understand ESTJ-A: core traits, Assertive stress pattern, work style, relationships, common misreads, strengths, watch-outs, and safe self-understanding boundaries.",ESTJ - Executive,14,f4b61130b11107785b271d7e8c95d492f1431186bf90a356c9f0131bf62b22a6,1,0,NOT_RETURNED,NOT_RETURNED,NOT_RETURNED,NOT_RETURNED,NOT_RETURNED,NOT_RETURNED,NOT_RETURNED,NOT_RETURNED,NOT_RETURNED,NOT_RETURNED,NOT_RETURNED,NOT_RETURNED,UNKNOWN_PAGE_LEVEL,2026-03-18T05:20:07.000000Z,VERIFIED_PUBLIC_AUTHORITY_M01_NOT_RETURNED,M01 Search Analytics top-row aggregate; NOT_RETURNED is not zero; route locale is not a GSC language dimension; page-level indexing unavailable
mbti,at_comparison,estj-a-vs-estj-t,en,estj-a-vs-estj-t,https://fermatmind.com/en/personality/estj-a-vs-estj-t,https://fermatmind.com/en/personality/estj-a-vs-estj-t,https://fermatmind.com/en/personality/estj-a-vs-estj-t,https://fermatmind.com/zh/personality/estj-a-vs-estj-t,"index, follow",200,,true,true,true,true,true,published,fap-api:personality_profiles,MBTI:en:at_comparison:estj-a-vs-estj-t,"ESTJ-A vs ESTJ-T: Confidence, Stress and Work Style | FermatMind",UNKNOWN,"ESTJ-A vs ESTJ-T: Confidence, Stress and Work Style | FermatMind",12,a005f8d71a7635ccb9e224a6dd7dd521a021c59ec4117f14ed5abd394c54c66d,1,0,NOT_RETURNED,NOT_RETURNED,NOT_RETURNED,NOT_RETURNED,NOT_RETURNED,NOT_RETURNED,NOT_RETURNED,NOT_RETURNED,NOT_RETURNED,NOT_RETURNED,NOT_RETURNED,NOT_RETURNED,UNKNOWN_PAGE_LEVEL,2026-03-18T05:20:07.000Z,VERIFIED_PUBLIC_AUTHORITY_M01_NOT_RETURNED,M01 Search Analytics top-row aggregate; NOT_RETURNED is not zero; route locale is not a GSC language dimension; page-level indexing unavailable
mbti,variant,ESTJ-T,en,estj-t,https://fermatmind.com/en/personality/estj-t,https://fermatmind.com/en/personality/estj-t,https://fermatmind.com/en/personality/estj-t,https://fermatmind.com/zh/personality/estj-t,"index, follow",200,,true,true,true,true,true,published,fap-api:personality_profile_variants,MBTI:en:variant:ESTJ-T,"ESTJ-T Personality: Traits, Turbulent Pattern, Work and Relationships","Understand ESTJ-T: core traits, Turbulent stress pattern, work style, relationships, common misreads, strengths, watch-outs, and safe self-understanding boundaries.",ESTJ - Executive,14,f4b61130b11107785b271d7e8c95d492f1431186bf90a356c9f0131bf62b22a6,1,0,NOT_RETURNED,NOT_RETURNED,NOT_RETURNED,NOT_RETURNED,NOT_RETURNED,NOT_RETURNED,NOT_RETURNED,NOT_RETURNED,NOT_RETURNED,NOT_RETURNED,NOT_RETURNED,NOT_RETURNED,UNKNOWN_PAGE_LEVEL,2026-03-18T05:20:07.000000Z,VERIFIED_PUBLIC_AUTHORITY_M01_NOT_RETURNED,M01 Search Analytics top-row aggregate; NOT_RETURNED is not zero; route locale is not a GSC language dimension; page-level indexing unavailable
mbti,base_type,ESTP,en,estp,https://fermatmind.com/en/personality/estp,https://fermatmind.com/en/personality/estp,https://fermatmind.com/en/personality/estp,https://fermatmind.com/zh/personality/estp,"index, follow",200,,true,true,false,false,false,published,fap-api:personality_profiles,MBTI:en:base:ESTP,ESTP Personality Guide,"Discover strengths, weaknesses, relationship patterns, and career direction for the ESTP personality type.",ESTP - Entrepreneur,14,57ac9c885ccb74014c5302644e7e0060f13c9e529a202f2f026f378d6fe7c1b7,0,0,NOT_RETURNED,NOT_RETURNED,NOT_RETURNED,NOT_RETURNED,NOT_RETURNED,NOT_RETURNED,NOT_RETURNED,NOT_RETURNED,NOT_RETURNED,NOT_RETURNED,NOT_RETURNED,NOT_RETURNED,UNKNOWN_PAGE_LEVEL,2026-03-18T05:20:07.000000Z,VERIFIED_PUBLIC_AUTHORITY_M01_NOT_RETURNED,M01 Search Analytics top-row aggregate; NOT_RETURNED is not zero; route locale is not a GSC language dimension; page-level indexing unavailable
mbti,variant,ESTP-A,en,estp-a,https://fermatmind.com/en/personality/estp-a,https://fermatmind.com/en/personality/estp-a,https://fermatmind.com/en/personality/estp-a,https://fermatmind.com/zh/personality/estp-a,"index, follow",200,,true,true,true,true,true,published,fap-api:personality_profile_variants,MBTI:en:variant:ESTP-A,"ESTP-A Personality: Traits, Assertive Pattern, Work and Relationships","Understand ESTP-A: core traits, Assertive stress pattern, work style, relationships, common misreads, strengths, watch-outs, and safe self-understanding boundaries.",ESTP - Entrepreneur,14,57ac9c885ccb74014c5302644e7e0060f13c9e529a202f2f026f378d6fe7c1b7,2,0,NOT_RETURNED,NOT_RETURNED,NOT_RETURNED,NOT_RETURNED,NOT_RETURNED,NOT_RETURNED,NOT_RETURNED,NOT_RETURNED,NOT_RETURNED,NOT_RETURNED,NOT_RETURNED,NOT_RETURNED,UNKNOWN_PAGE_LEVEL,2026-03-18T05:20:08.000000Z,VERIFIED_PUBLIC_AUTHORITY_M01_NOT_RETURNED,M01 Search Analytics top-row aggregate; NOT_RETURNED is not zero; route locale is not a GSC language dimension; page-level indexing unavailable
mbti,at_comparison,estp-a-vs-estp-t,en,estp-a-vs-estp-t,https://fermatmind.com/en/personality/estp-a-vs-estp-t,https://fermatmind.com/en/personality/estp-a-vs-estp-t,https://fermatmind.com/en/personality/estp-a-vs-estp-t,https://fermatmind.com/zh/personality/estp-a-vs-estp-t,"index, follow",200,,true,true,true,true,true,published,fap-api:personality_profiles,MBTI:en:at_comparison:estp-a-vs-estp-t,"ESTP-A vs ESTP-T: Confidence, Stress and Work Style | FermatMind",UNKNOWN,"ESTP-A vs ESTP-T: Confidence, Stress and Work Style | FermatMind",12,5b8a82b4e019215d019980fc10db1564faf12a9541b12f2cb750bb47c8de385a,2,0,NOT_RETURNED,NOT_RETURNED,NOT_RETURNED,NOT_RETURNED,NOT_RETURNED,NOT_RETURNED,NOT_RETURNED,NOT_RETURNED,NOT_RETURNED,NOT_RETURNED,NOT_RETURNED,NOT_RETURNED,UNKNOWN_PAGE_LEVEL,2026-03-18T05:20:08.000Z,VERIFIED_PUBLIC_AUTHORITY_M01_NOT_RETURNED,M01 Search Analytics top-row aggregate; NOT_RETURNED is not zero; route locale is not a GSC language dimension; page-level indexing unavailable
mbti,variant,ESTP-T,en,estp-t,https://fermatmind.com/en/personality/estp-t,https://fermatmind.com/en/personality/estp-t,https://fermatmind.com/en/personality/estp-t,https://fermatmind.com/zh/personality/estp-t,"index, follow",200,,true,true,true,true,true,published,fap-api:personality_profile_variants,MBTI:en:variant:ESTP-T,"ESTP-T Personality: Traits, Turbulent Pattern, Work and Relationships | FermatMind","Understand ESTP-T: core traits, Turbulent stress pattern, work style, relationships, common misreads, strengths, watch-outs, and safe self-understanding boundaries.",ESTP-T Personality,10606,a36f4e2b99a840fd5601b703c16b06fdb9f086dbda0272976ffc741782dc3fc4,2,37,0,1,0,9,0,2,0,7,0,8,0,11.875,UNKNOWN_PAGE_LEVEL,2026-03-18T05:20:08.000000Z,VERIFIED_PUBLIC_AUTHORITY_M01_GSC,M01 Search Analytics top-row aggregate; NOT_RETURNED is not zero; route locale is not a GSC language dimension; page-level indexing unavailable
mbti,base_type,INFJ,en,infj,https://fermatmind.com/en/personality/infj,https://fermatmind.com/en/personality/infj,https://fermatmind.com/en/personality/infj,https://fermatmind.com/zh/personality/infj,"index, follow",200,,true,true,false,false,false,published,fap-api:personality_profiles,MBTI:en:base:INFJ,INFJ Personality Guide,"Discover strengths, weaknesses, relationship patterns, and career direction for the INFJ personality type.",INFJ - Advocate,14,15809008bb91144ceefa2dbb613e2141be1e259556bf8599412e18569bc11b2a,0,0,NOT_RETURNED,NOT_RETURNED,NOT_RETURNED,NOT_RETURNED,NOT_RETURNED,NOT_RETURNED,NOT_RETURNED,NOT_RETURNED,NOT_RETURNED,NOT_RETURNED,NOT_RETURNED,NOT_RETURNED,UNKNOWN_PAGE_LEVEL,2026-03-18T05:20:08.000000Z,VERIFIED_PUBLIC_AUTHORITY_M01_NOT_RETURNED,M01 Search Analytics top-row aggregate; NOT_RETURNED is not zero; route locale is not a GSC language dimension; page-level indexing unavailable
mbti,variant,INFJ-A,en,infj-a,https://fermatmind.com/en/personality/infj-a,https://fermatmind.com/en/personality/infj-a,https://fermatmind.com/en/personality/infj-a,https://fermatmind.com/zh/personality/infj-a,"index, follow",200,,true,true,true,true,true,published,fap-api:personality_profile_variants,MBTI:en:variant:INFJ-A,"INFJ-A Personality: Traits, Assertive Pattern, Work and Relationships","Understand INFJ-A: core traits, Assertive stress pattern, work style, relationships, common misreads, strengths, watch-outs, and safe self-understanding boundaries.",INFJ - Advocate,14,15809008bb91144ceefa2dbb613e2141be1e259556bf8599412e18569bc11b2a,1,0,NOT_RETURNED,NOT_RETURNED,NOT_RETURNED,NOT_RETURNED,NOT_RETURNED,NOT_RETURNED,NOT_RETURNED,NOT_RETURNED,NOT_RETURNED,NOT_RETURNED,NOT_RETURNED,NOT_RETURNED,UNKNOWN_PAGE_LEVEL,2026-03-18T05:20:08.000000Z,VERIFIED_PUBLIC_AUTHORITY_M01_NOT_RETURNED,M01 Search Analytics top-row aggregate; NOT_RETURNED is not zero; route locale is not a GSC language dimension; page-level indexing unavailable
mbti,at_comparison,infj-a-vs-infj-t,en,infj-a-vs-infj-t,https://fermatmind.com/en/personality/infj-a-vs-infj-t,https://fermatmind.com/en/personality/infj-a-vs-infj-t,https://fermatmind.com/en/personality/infj-a-vs-infj-t,https://fermatmind.com/zh/personality/infj-a-vs-infj-t,"index, follow",200,,true,true,true,true,true,published,fap-api:personality_profiles,MBTI:en:at_comparison:infj-a-vs-infj-t,"INFJ-A vs INFJ-T: Confidence, Stress and Work Style | FermatMind",UNKNOWN,"INFJ-A vs INFJ-T: Confidence, Stress and Work Style | FermatMind",12,05f4524dcdc06812cae2988e5c007f65048046aaf90b993de55dfca8200d0e55,1,0,NOT_RETURNED,NOT_RETURNED,NOT_RETURNED,NOT_RETURNED,NOT_RETURNED,NOT_RETURNED,NOT_RETURNED,NOT_RETURNED,NOT_RETURNED,NOT_RETURNED,NOT_RETURNED,NOT_RETURNED,UNKNOWN_PAGE_LEVEL,2026-03-18T05:20:08.000Z,VERIFIED_PUBLIC_AUTHORITY_M01_NOT_RETURNED,M01 Search Analytics top-row aggregate; NOT_RETURNED is not zero; route locale is not a GSC language dimension; page-level indexing unavailable
mbti,variant,INFJ-T,en,infj-t,https://fermatmind.com/en/personality/infj-t,https://fermatmind.com/en/personality/infj-t,https://fermatmind.com/en/personality/infj-t,https://fermatmind.com/zh/personality/infj-t,"index, follow",200,,true,true,true,true,true,published,fap-api:personality_profile_variants,MBTI:en:variant:INFJ-T,"INFJ-T Personality: Traits, Turbulent Pattern, Work and Relationships","Understand INFJ-T: core traits, Turbulent stress pattern, work style, relationships, common misreads, strengths, watch-outs, and safe self-understanding boundaries.",INFJ - Advocate,14,15809008bb91144ceefa2dbb613e2141be1e259556bf8599412e18569bc11b2a,1,0,NOT_RETURNED,NOT_RETURNED,NOT_RETURNED,NOT_RETURNED,NOT_RETURNED,NOT_RETURNED,NOT_RETURNED,NOT_RETURNED,NOT_RETURNED,NOT_RETURNED,NOT_RETURNED,NOT_RETURNED,UNKNOWN_PAGE_LEVEL,2026-03-18T05:20:08.000000Z,VERIFIED_PUBLIC_AUTHORITY_M01_NOT_RETURNED,M01 Search Analytics top-row aggregate; NOT_RETURNED is not zero; route locale is not a GSC language dimension; page-level indexing unavailable
mbti,base_type,INFP,en,infp,https://fermatmind.com/en/personality/infp,https://fermatmind.com/en/personality/infp,https://fermatmind.com/en/personality/infp,https://fermatmind.com/zh/personality/infp,"index, follow",200,,true,true,false,false,false,published,fap-api:personality_profiles,MBTI:en:base:INFP,INFP Personality Guide,"Discover strengths, weaknesses, relationship patterns, and career direction for the INFP personality type.",INFP - Mediator,14,ceed1d8e4fde7069c786f31b02f7d351b5af4206921bbe7d226984313d045035,0,0,NOT_RETURNED,NOT_RETURNED,NOT_RETURNED,NOT_RETURNED,NOT_RETURNED,NOT_RETURNED,NOT_RETURNED,NOT_RETURNED,NOT_RETURNED,NOT_RETURNED,NOT_RETURNED,NOT_RETURNED,UNKNOWN_PAGE_LEVEL,2026-03-18T05:20:08.000000Z,VERIFIED_PUBLIC_AUTHORITY_M01_NOT_RETURNED,M01 Search Analytics top-row aggregate; NOT_RETURNED is not zero; route locale is not a GSC language dimension; page-level indexing unavailable
mbti,variant,INFP-A,en,infp-a,https://fermatmind.com/en/personality/infp-a,https://fermatmind.com/en/personality/infp-a,https://fermatmind.com/en/personality/infp-a,https://fermatmind.com/zh/personality/infp-a,"index, follow",200,,true,true,true,true,true,published,fap-api:personality_profile_variants,MBTI:en:variant:INFP-A,"INFP-A Personality: Traits, Assertive Pattern, Work and Relationships","Understand INFP-A: core traits, Assertive stress pattern, work style, relationships, common misreads, strengths, watch-outs, and safe self-understanding boundaries.",INFP - Mediator,14,ceed1d8e4fde7069c786f31b02f7d351b5af4206921bbe7d226984313d045035,2,0,NOT_RETURNED,NOT_RETURNED,NOT_RETURNED,NOT_RETURNED,NOT_RETURNED,NOT_RETURNED,NOT_RETURNED,NOT_RETURNED,NOT_RETURNED,NOT_RETURNED,NOT_RETURNED,NOT_RETURNED,UNKNOWN_PAGE_LEVEL,2026-03-18T05:20:08.000000Z,VERIFIED_PUBLIC_AUTHORITY_M01_NOT_RETURNED,M01 Search Analytics top-row aggregate; NOT_RETURNED is not zero; route locale is not a GSC language dimension; page-level indexing unavailable
mbti,at_comparison,infp-a-vs-infp-t,en,infp-a-vs-infp-t,https://fermatmind.com/en/personality/infp-a-vs-infp-t,https://fermatmind.com/en/personality/infp-a-vs-infp-t,https://fermatmind.com/en/personality/infp-a-vs-infp-t,https://fermatmind.com/zh/personality/infp-a-vs-infp-t,"index, follow",200,,true,true,true,true,true,published,fap-api:personality_profiles,MBTI:en:at_comparison:infp-a-vs-infp-t,"INFP-A vs INFP-T: Confidence, Stress and Work Style | FermatMind",UNKNOWN,"INFP-A vs INFP-T: Confidence, Stress and Work Style | FermatMind",12,40fe32311e3ba0ec574528439fda63d927dae0faa38d6985a7c81fcfd60ef2af,2,0,NOT_RETURNED,NOT_RETURNED,NOT_RETURNED,NOT_RETURNED,NOT_RETURNED,NOT_RETURNED,NOT_RETURNED,NOT_RETURNED,NOT_RETURNED,NOT_RETURNED,NOT_RETURNED,NOT_RETURNED,UNKNOWN_PAGE_LEVEL,2026-03-18T05:20:08.000Z,VERIFIED_PUBLIC_AUTHORITY_M01_NOT_RETURNED,M01 Search Analytics top-row aggregate; NOT_RETURNED is not zero; route locale is not a GSC language dimension; page-level indexing unavailable
mbti,variant,INFP-T,en,infp-t,https://fermatmind.com/en/personality/infp-t,https://fermatmind.com/en/personality/infp-t,https://fermatmind.com/en/personality/infp-t,https://fermatmind.com/zh/personality/infp-t,"index, follow",200,,true,true,true,true,true,published,fap-api:personality_profile_variants,MBTI:en:variant:INFP-T,"INFP-T Personality: Traits, Turbulent Pattern, Work and Relationships | FermatMind","Understand INFP-T: core traits, Turbulent stress pattern, work style, relationships, common misreads, strengths, watch-outs, and safe self-understanding boundaries.",INFP-T Personality,10383,78f063c99200d265c842f4c29bed01d53dde93d682b50c85116dd6ea5e5b356d,2,37,1,10,10,7.2,0,6,0,6.666667,1,16,6.25,7,UNKNOWN_PAGE_LEVEL,2026-03-18T05:20:08.000000Z,VERIFIED_PUBLIC_AUTHORITY_M01_GSC,M01 Search Analytics top-row aggregate; NOT_RETURNED is not zero; route locale is not a GSC language dimension; page-level indexing unavailable
mbti,base_type,INTJ,en,intj,https://fermatmind.com/en/personality/intj,https://fermatmind.com/en/personality/intj,https://fermatmind.com/en/personality/intj,https://fermatmind.com/zh/personality/intj,"index, follow",200,,true,true,false,false,false,published,fap-api:personality_profiles,MBTI:en:base:INTJ,INTJ Personality Guide,"Discover strengths, weaknesses, relationship patterns, and career direction for the INTJ personality type.",INTJ - Architect,14,75cb20667cac738642789e2c70d3e41d3f563aa5b5d2c9ee5e66b6672edbbb35,0,0,NOT_RETURNED,NOT_RETURNED,NOT_RETURNED,NOT_RETURNED,NOT_RETURNED,NOT_RETURNED,NOT_RETURNED,NOT_RETURNED,NOT_RETURNED,NOT_RETURNED,NOT_RETURNED,NOT_RETURNED,UNKNOWN_PAGE_LEVEL,2026-03-18T05:19:49.000000Z,VERIFIED_PUBLIC_AUTHORITY_M01_NOT_RETURNED,M01 Search Analytics top-row aggregate; NOT_RETURNED is not zero; route locale is not a GSC language dimension; page-level indexing unavailable
mbti,variant,INTJ-A,en,intj-a,https://fermatmind.com/en/personality/intj-a,https://fermatmind.com/en/personality/intj-a,https://fermatmind.com/en/personality/intj-a,https://fermatmind.com/zh/personality/intj-a,"index, follow",200,,true,true,true,true,true,published,fap-api:personality_profile_variants,MBTI:en:variant:INTJ-A,"INTJ-A Personality: Traits, Assertive Pattern, Work and Relationships","Understand INTJ-A: core traits, Assertive stress pattern, work style, relationships, common misreads, strengths, watch-outs, and safe self-understanding boundaries.",INTJ - Architect,14,75cb20667cac738642789e2c70d3e41d3f563aa5b5d2c9ee5e66b6672edbbb35,2,0,NOT_RETURNED,NOT_RETURNED,NOT_RETURNED,NOT_RETURNED,NOT_RETURNED,NOT_RETURNED,NOT_RETURNED,NOT_RETURNED,NOT_RETURNED,NOT_RETURNED,NOT_RETURNED,NOT_RETURNED,UNKNOWN_PAGE_LEVEL,2026-03-18T05:19:49.000000Z,VERIFIED_PUBLIC_AUTHORITY_M01_NOT_RETURNED,M01 Search Analytics top-row aggregate; NOT_RETURNED is not zero; route locale is not a GSC language dimension; page-level indexing unavailable
mbti,at_comparison,intj-a-vs-intj-t,en,intj-a-vs-intj-t,https://fermatmind.com/en/personality/intj-a-vs-intj-t,https://fermatmind.com/en/personality/intj-a-vs-intj-t,https://fermatmind.com/en/personality/intj-a-vs-intj-t,https://fermatmind.com/zh/personality/intj-a-vs-intj-t,"index, follow",200,,true,true,true,true,true,published,fap-api:personality_profiles,MBTI:en:at_comparison:intj-a-vs-intj-t,"INTJ-A vs INTJ-T: Confidence, Stress and Work Style | FermatMind","Compare INTJ-A and INTJ-T by confidence, stress recovery, decision review, relationships, work style and self-check prompts.",INTJ-A vs INTJ-T: Key Differences,2618,e5be12cc5a7ef751f3b5fefc4627590de99d9763d4147fae88310adbdcab9ebc,1,32,0,12,0,8.583333,0,63,0,13.15873,0,75,0,12.426667,UNKNOWN_PAGE_LEVEL,2026-03-18T05:19:49.000Z,VERIFIED_PUBLIC_AUTHORITY_M01_GSC,M01 Search Analytics top-row aggregate; NOT_RETURNED is not zero; route locale is not a GSC language dimension; page-level indexing unavailable
mbti,variant,INTJ-T,en,intj-t,https://fermatmind.com/en/personality/intj-t,https://fermatmind.com/en/personality/intj-t,https://fermatmind.com/en/personality/intj-t,https://fermatmind.com/zh/personality/intj-t,"index, follow",200,,true,true,true,true,true,published,fap-api:personality_profile_variants,MBTI:en:variant:INTJ-T,"INTJ-T Personality: Traits, Turbulent Pattern, Work and Relationships","Understand INTJ-T: core traits, Turbulent stress pattern, work style, relationships, common misreads, strengths, watch-outs, and safe self-understanding boundaries.",INTJ - Architect,14,75cb20667cac738642789e2c70d3e41d3f563aa5b5d2c9ee5e66b6672edbbb35,2,0,NOT_RETURNED,NOT_RETURNED,NOT_RETURNED,NOT_RETURNED,NOT_RETURNED,NOT_RETURNED,NOT_RETURNED,NOT_RETURNED,NOT_RETURNED,NOT_RETURNED,NOT_RETURNED,NOT_RETURNED,UNKNOWN_PAGE_LEVEL,2026-03-18T05:19:49.000000Z,VERIFIED_PUBLIC_AUTHORITY_M01_NOT_RETURNED,M01 Search Analytics top-row aggregate; NOT_RETURNED is not zero; route locale is not a GSC language dimension; page-level indexing unavailable
mbti,base_type,INTP,en,intp,https://fermatmind.com/en/personality/intp,https://fermatmind.com/en/personality/intp,https://fermatmind.com/en/personality/intp,https://fermatmind.com/zh/personality/intp,"index, follow",200,,true,true,false,false,false,published,fap-api:personality_profiles,MBTI:en:base:INTP,INTP Personality Guide,"Discover strengths, weaknesses, relationship patterns, and career direction for the INTP personality type.",INTP - Logician,14,a462bb7bcb947adb12b511b6056c0fe70c1f5c51946509a2786abfd1e6df3d5d,0,0,NOT_RETURNED,NOT_RETURNED,NOT_RETURNED,NOT_RETURNED,NOT_RETURNED,NOT_RETURNED,NOT_RETURNED,NOT_RETURNED,NOT_RETURNED,NOT_RETURNED,NOT_RETURNED,NOT_RETURNED,UNKNOWN_PAGE_LEVEL,2026-03-18T05:20:09.000000Z,VERIFIED_PUBLIC_AUTHORITY_M01_NOT_RETURNED,M01 Search Analytics top-row aggregate; NOT_RETURNED is not zero; route locale is not a GSC language dimension; page-level indexing unavailable
mbti,variant,INTP-A,en,intp-a,https://fermatmind.com/en/personality/intp-a,https://fermatmind.com/en/personality/intp-a,https://fermatmind.com/en/personality/intp-a,https://fermatmind.com/zh/personality/intp-a,"index, follow",200,,true,true,true,true,true,published,fap-api:personality_profile_variants,MBTI:en:variant:INTP-A,"INTP-A Personality: Traits, Assertive Pattern, Work and Relationships | FermatMind","Understand INTP-A: core traits, Assertive stress pattern, work style, relationships, common misreads, strengths, watch-outs, and safe self-understanding boundaries.",INTP-A Personality,10378,b9b39c6c79d23716d954414be9818926520728db9d3b5b284b2f9f7da28e108a,3,37,2,965,0.207254,9.078756,0,111,0,8.630631,2,1082,0.184843,9.040665,UNKNOWN_PAGE_LEVEL,2026-03-18T05:20:09.000000Z,VERIFIED_PUBLIC_AUTHORITY_M01_GSC,M01 Search Analytics top-row aggregate; NOT_RETURNED is not zero; route locale is not a GSC language dimension; page-level indexing unavailable
mbti,at_comparison,intp-a-vs-intp-t,en,intp-a-vs-intp-t,https://fermatmind.com/en/personality/intp-a-vs-intp-t,https://fermatmind.com/en/personality/intp-a-vs-intp-t,https://fermatmind.com/en/personality/intp-a-vs-intp-t,https://fermatmind.com/zh/personality/intp-a-vs-intp-t,"index, follow",200,,true,true,true,true,true,published,fap-api:personality_profiles,MBTI:en:at_comparison:intp-a-vs-intp-t,"INTP-A vs INTP-T: Doubt, Stress and Analysis Style | FermatMind","Compare INTP-A and INTP-T by analysis style, uncertainty tolerance, stress response, relationships, work rhythm and self-check prompts.",INTP-A vs INTP-T: Key Differences,2329,18c3a0e87fea7114d948e739e60147160191dfd25d04bd8c1117c04767b60e6f,2,32,0,4,0,8.5,0,96,0,11.916667,0,100,0,11.78,UNKNOWN_PAGE_LEVEL,2026-03-18T05:20:09.000Z,VERIFIED_PUBLIC_AUTHORITY_M01_GSC,M01 Search Analytics top-row aggregate; NOT_RETURNED is not zero; route locale is not a GSC language dimension; page-level indexing unavailable
mbti,variant,INTP-T,en,intp-t,https://fermatmind.com/en/personality/intp-t,https://fermatmind.com/en/personality/intp-t,https://fermatmind.com/en/personality/intp-t,https://fermatmind.com/zh/personality/intp-t,"index, follow",200,,true,true,true,true,true,published,fap-api:personality_profile_variants,MBTI:en:variant:INTP-T,"INTP-T Personality: Traits, Turbulent Pattern, Work and Relationships","Understand INTP-T: core traits, Turbulent stress pattern, work style, relationships, common misreads, strengths, watch-outs, and safe self-understanding boundaries.",INTP - Logician,14,a462bb7bcb947adb12b511b6056c0fe70c1f5c51946509a2786abfd1e6df3d5d,3,0,NOT_RETURNED,NOT_RETURNED,NOT_RETURNED,NOT_RETURNED,NOT_RETURNED,NOT_RETURNED,NOT_RETURNED,NOT_RETURNED,NOT_RETURNED,NOT_RETURNED,NOT_RETURNED,NOT_RETURNED,UNKNOWN_PAGE_LEVEL,2026-03-18T05:20:09.000000Z,VERIFIED_PUBLIC_AUTHORITY_M01_NOT_RETURNED,M01 Search Analytics top-row aggregate; NOT_RETURNED is not zero; route locale is not a GSC language dimension; page-level indexing unavailable
mbti,base_type,ISFJ,en,isfj,https://fermatmind.com/en/personality/isfj,https://fermatmind.com/en/personality/isfj,https://fermatmind.com/en/personality/isfj,https://fermatmind.com/zh/personality/isfj,"index, follow",200,,true,true,false,false,false,published,fap-api:personality_profiles,MBTI:en:base:ISFJ,ISFJ Personality Guide,"Discover strengths, weaknesses, relationship patterns, and career direction for the ISFJ personality type.",ISFJ - Defender,14,ad07a20ad36b26b989ca01fa63dbcdd13e33d6abe21d8cd852ba13e2ccae91ef,0,0,NOT_RETURNED,NOT_RETURNED,NOT_RETURNED,NOT_RETURNED,NOT_RETURNED,NOT_RETURNED,NOT_RETURNED,NOT_RETURNED,NOT_RETURNED,NOT_RETURNED,NOT_RETURNED,NOT_RETURNED,UNKNOWN_PAGE_LEVEL,2026-03-18T05:20:09.000000Z,VERIFIED_PUBLIC_AUTHORITY_M01_NOT_RETURNED,M01 Search Analytics top-row aggregate; NOT_RETURNED is not zero; route locale is not a GSC language dimension; page-level indexing unavailable
mbti,variant,ISFJ-A,en,isfj-a,https://fermatmind.com/en/personality/isfj-a,https://fermatmind.com/en/personality/isfj-a,https://fermatmind.com/en/personality/isfj-a,https://fermatmind.com/zh/personality/isfj-a,"index, follow",200,,true,true,true,true,true,published,fap-api:personality_profile_variants,MBTI:en:variant:ISFJ-A,"ISFJ-A Personality: Traits, Assertive Pattern, Work and Relationships","Understand ISFJ-A: core traits, Assertive stress pattern, work style, relationships, common misreads, strengths, watch-outs, and safe self-understanding boundaries.",ISFJ - Defender,14,ad07a20ad36b26b989ca01fa63dbcdd13e33d6abe21d8cd852ba13e2ccae91ef,1,0,NOT_RETURNED,NOT_RETURNED,NOT_RETURNED,NOT_RETURNED,NOT_RETURNED,NOT_RETURNED,NOT_RETURNED,NOT_RETURNED,NOT_RETURNED,NOT_RETURNED,NOT_RETURNED,NOT_RETURNED,UNKNOWN_PAGE_LEVEL,2026-03-18T05:20:09.000000Z,VERIFIED_PUBLIC_AUTHORITY_M01_NOT_RETURNED,M01 Search Analytics top-row aggregate; NOT_RETURNED is not zero; route locale is not a GSC language dimension; page-level indexing unavailable
mbti,at_comparison,isfj-a-vs-isfj-t,en,isfj-a-vs-isfj-t,https://fermatmind.com/en/personality/isfj-a-vs-isfj-t,https://fermatmind.com/en/personality/isfj-a-vs-isfj-t,https://fermatmind.com/en/personality/isfj-a-vs-isfj-t,https://fermatmind.com/zh/personality/isfj-a-vs-isfj-t,"index, follow",200,,true,true,true,true,true,published,fap-api:personality_profiles,MBTI:en:at_comparison:isfj-a-vs-isfj-t,"ISFJ-A vs ISFJ-T: Confidence, Stress and Work Style | FermatMind",UNKNOWN,"ISFJ-A vs ISFJ-T: Confidence, Stress and Work Style | FermatMind",12,1dc52c3af106c3f59220a3b50b830b67994b46ef439a4429b289d657f25657e2,1,0,NOT_RETURNED,NOT_RETURNED,NOT_RETURNED,NOT_RETURNED,NOT_RETURNED,NOT_RETURNED,NOT_RETURNED,NOT_RETURNED,NOT_RETURNED,NOT_RETURNED,NOT_RETURNED,NOT_RETURNED,UNKNOWN_PAGE_LEVEL,2026-03-18T05:20:10.000Z,VERIFIED_PUBLIC_AUTHORITY_M01_NOT_RETURNED,M01 Search Analytics top-row aggregate; NOT_RETURNED is not zero; route locale is not a GSC language dimension; page-level indexing unavailable
mbti,variant,ISFJ-T,en,isfj-t,https://fermatmind.com/en/personality/isfj-t,https://fermatmind.com/en/personality/isfj-t,https://fermatmind.com/en/personality/isfj-t,https://fermatmind.com/zh/personality/isfj-t,"index, follow",200,,true,true,true,true,true,published,fap-api:personality_profile_variants,MBTI:en:variant:ISFJ-T,"ISFJ-T Personality: Traits, Turbulent Pattern, Work and Relationships","Understand ISFJ-T: core traits, Turbulent stress pattern, work style, relationships, common misreads, strengths, watch-outs, and safe self-understanding boundaries.",ISFJ - Defender,14,ad07a20ad36b26b989ca01fa63dbcdd13e33d6abe21d8cd852ba13e2ccae91ef,1,0,NOT_RETURNED,NOT_RETURNED,NOT_RETURNED,NOT_RETURNED,NOT_RETURNED,NOT_RETURNED,NOT_RETURNED,NOT_RETURNED,NOT_RETURNED,NOT_RETURNED,NOT_RETURNED,NOT_RETURNED,UNKNOWN_PAGE_LEVEL,2026-03-18T05:20:10.000000Z,VERIFIED_PUBLIC_AUTHORITY_M01_NOT_RETURNED,M01 Search Analytics top-row aggregate; NOT_RETURNED is not zero; route locale is not a GSC language dimension; page-level indexing unavailable
mbti,base_type,ISFP,en,isfp,https://fermatmind.com/en/personality/isfp,https://fermatmind.com/en/personality/isfp,https://fermatmind.com/en/personality/isfp,https://fermatmind.com/zh/personality/isfp,"index, follow",200,,true,true,false,false,false,published,fap-api:personality_profiles,MBTI:en:base:ISFP,ISFP Personality Guide,"Discover strengths, weaknesses, relationship patterns, and career direction for the ISFP personality type.",ISFP - Adventurer,14,60b287da239dbfe7274a83170d873d9ae204d33a8aa95b3a1fa616adf32b9af8,0,0,NOT_RETURNED,NOT_RETURNED,NOT_RETURNED,NOT_RETURNED,NOT_RETURNED,NOT_RETURNED,NOT_RETURNED,NOT_RETURNED,NOT_RETURNED,NOT_RETURNED,NOT_RETURNED,NOT_RETURNED,UNKNOWN_PAGE_LEVEL,2026-03-18T05:20:10.000000Z,VERIFIED_PUBLIC_AUTHORITY_M01_NOT_RETURNED,M01 Search Analytics top-row aggregate; NOT_RETURNED is not zero; route locale is not a GSC language dimension; page-level indexing unavailable
mbti,variant,ISFP-A,en,isfp-a,https://fermatmind.com/en/personality/isfp-a,https://fermatmind.com/en/personality/isfp-a,https://fermatmind.com/en/personality/isfp-a,https://fermatmind.com/zh/personality/isfp-a,"index, follow",200,,true,true,true,true,true,published,fap-api:personality_profile_variants,MBTI:en:variant:ISFP-A,"ISFP-A Personality: Traits, Assertive Pattern, Work and Relationships","Understand ISFP-A: core traits, Assertive stress pattern, work style, relationships, common misreads, strengths, watch-outs, and safe self-understanding boundaries.",ISFP - Adventurer,14,60b287da239dbfe7274a83170d873d9ae204d33a8aa95b3a1fa616adf32b9af8,1,0,NOT_RETURNED,NOT_RETURNED,NOT_RETURNED,NOT_RETURNED,0,4,0,7.5,0,6,0,7.833333,UNKNOWN_PAGE_LEVEL,2026-03-18T05:20:10.000000Z,VERIFIED_PUBLIC_AUTHORITY_M01_GSC,M01 Search Analytics top-row aggregate; NOT_RETURNED is not zero; route locale is not a GSC language dimension; page-level indexing unavailable
mbti,at_comparison,isfp-a-vs-isfp-t,en,isfp-a-vs-isfp-t,https://fermatmind.com/en/personality/isfp-a-vs-isfp-t,https://fermatmind.com/en/personality/isfp-a-vs-isfp-t,https://fermatmind.com/en/personality/isfp-a-vs-isfp-t,https://fermatmind.com/zh/personality/isfp-a-vs-isfp-t,"index, follow",200,,true,true,true,true,true,published,fap-api:personality_profiles,MBTI:en:at_comparison:isfp-a-vs-isfp-t,"ISFP-A vs ISFP-T: Confidence, Stress and Work Style | FermatMind",UNKNOWN,"ISFP-A vs ISFP-T: Confidence, Stress and Work Style | FermatMind",12,7efaa9b7c5bba895d81850ca53186f16f8d1de6103e329ded677d7ea5eb132bc,1,0,0,7,0,38.428571,NOT_RETURNED,NOT_RETURNED,NOT_RETURNED,NOT_RETURNED,0,7,0,38.428571,UNKNOWN_PAGE_LEVEL,2026-03-18T05:20:10.000Z,VERIFIED_PUBLIC_AUTHORITY_M01_GSC,M01 Search Analytics top-row aggregate; NOT_RETURNED is not zero; route locale is not a GSC language dimension; page-level indexing unavailable
mbti,variant,ISFP-T,en,isfp-t,https://fermatmind.com/en/personality/isfp-t,https://fermatmind.com/en/personality/isfp-t,https://fermatmind.com/en/personality/isfp-t,https://fermatmind.com/zh/personality/isfp-t,"index, follow",200,,true,true,true,true,true,published,fap-api:personality_profile_variants,MBTI:en:variant:ISFP-T,"ISFP-T Personality: Traits, Turbulent Pattern, Work and Relationships","Understand ISFP-T: core traits, Turbulent stress pattern, work style, relationships, common misreads, strengths, watch-outs, and safe self-understanding boundaries.",ISFP - Adventurer,14,60b287da239dbfe7274a83170d873d9ae204d33a8aa95b3a1fa616adf32b9af8,1,0,NOT_RETURNED,NOT_RETURNED,NOT_RETURNED,NOT_RETURNED,NOT_RETURNED,NOT_RETURNED,NOT_RETURNED,NOT_RETURNED,NOT_RETURNED,NOT_RETURNED,NOT_RETURNED,NOT_RETURNED,UNKNOWN_PAGE_LEVEL,2026-03-18T05:20:10.000000Z,VERIFIED_PUBLIC_AUTHORITY_M01_NOT_RETURNED,M01 Search Analytics top-row aggregate; NOT_RETURNED is not zero; route locale is not a GSC language dimension; page-level indexing unavailable
mbti,base_type,ISTJ,en,istj,https://fermatmind.com/en/personality/istj,https://fermatmind.com/en/personality/istj,https://fermatmind.com/en/personality/istj,https://fermatmind.com/zh/personality/istj,"index, follow",200,,true,true,false,false,false,published,fap-api:personality_profiles,MBTI:en:base:ISTJ,ISTJ Personality Guide,"Discover strengths, weaknesses, relationship patterns, and career direction for the ISTJ personality type.",ISTJ - Logistician,14,8f8eac28ffbf306cd0ad6f1cc699699bb7d1c2d5bdabc7fb0ace74b11aa58e67,0,0,NOT_RETURNED,NOT_RETURNED,NOT_RETURNED,NOT_RETURNED,NOT_RETURNED,NOT_RETURNED,NOT_RETURNED,NOT_RETURNED,NOT_RETURNED,NOT_RETURNED,NOT_RETURNED,NOT_RETURNED,UNKNOWN_PAGE_LEVEL,2026-03-18T05:20:10.000000Z,VERIFIED_PUBLIC_AUTHORITY_M01_NOT_RETURNED,M01 Search Analytics top-row aggregate; NOT_RETURNED is not zero; route locale is not a GSC language dimension; page-level indexing unavailable
mbti,variant,ISTJ-A,en,istj-a,https://fermatmind.com/en/personality/istj-a,https://fermatmind.com/en/personality/istj-a,https://fermatmind.com/en/personality/istj-a,https://fermatmind.com/zh/personality/istj-a,"index, follow",200,,true,true,true,true,true,published,fap-api:personality_profile_variants,MBTI:en:variant:ISTJ-A,"ISTJ-A Personality: Traits, Assertive Pattern, Work and Relationships","Understand ISTJ-A: core traits, Assertive stress pattern, work style, relationships, common misreads, strengths, watch-outs, and safe self-understanding boundaries.",ISTJ - Logistician,14,8f8eac28ffbf306cd0ad6f1cc699699bb7d1c2d5bdabc7fb0ace74b11aa58e67,1,0,NOT_RETURNED,NOT_RETURNED,NOT_RETURNED,NOT_RETURNED,NOT_RETURNED,NOT_RETURNED,NOT_RETURNED,NOT_RETURNED,NOT_RETURNED,NOT_RETURNED,NOT_RETURNED,NOT_RETURNED,UNKNOWN_PAGE_LEVEL,2026-03-18T05:20:10.000000Z,VERIFIED_PUBLIC_AUTHORITY_M01_NOT_RETURNED,M01 Search Analytics top-row aggregate; NOT_RETURNED is not zero; route locale is not a GSC language dimension; page-level indexing unavailable
mbti,at_comparison,istj-a-vs-istj-t,en,istj-a-vs-istj-t,https://fermatmind.com/en/personality/istj-a-vs-istj-t,https://fermatmind.com/en/personality/istj-a-vs-istj-t,https://fermatmind.com/en/personality/istj-a-vs-istj-t,https://fermatmind.com/zh/personality/istj-a-vs-istj-t,"index, follow",200,,true,true,true,true,true,published,fap-api:personality_profiles,MBTI:en:at_comparison:istj-a-vs-istj-t,"ISTJ-A vs ISTJ-T: Confidence, Stress and Work Style | FermatMind",UNKNOWN,"ISTJ-A vs ISTJ-T: Confidence, Stress and Work Style | FermatMind",12,767f9b4df191c06a3c88d8ec6c8132ba9c41d4c53907dd303e94c862c0a8207b,1,0,NOT_RETURNED,NOT_RETURNED,NOT_RETURNED,NOT_RETURNED,NOT_RETURNED,NOT_RETURNED,NOT_RETURNED,NOT_RETURNED,NOT_RETURNED,NOT_RETURNED,NOT_RETURNED,NOT_RETURNED,UNKNOWN_PAGE_LEVEL,2026-03-18T05:20:10.000Z,VERIFIED_PUBLIC_AUTHORITY_M01_NOT_RETURNED,M01 Search Analytics top-row aggregate; NOT_RETURNED is not zero; route locale is not a GSC language dimension; page-level indexing unavailable
mbti,variant,ISTJ-T,en,istj-t,https://fermatmind.com/en/personality/istj-t,https://fermatmind.com/en/personality/istj-t,https://fermatmind.com/en/personality/istj-t,https://fermatmind.com/zh/personality/istj-t,"index, follow",200,,true,true,true,true,true,published,fap-api:personality_profile_variants,MBTI:en:variant:ISTJ-T,"ISTJ-T Personality: Traits, Turbulent Pattern, Work and Relationships","Understand ISTJ-T: core traits, Turbulent stress pattern, work style, relationships, common misreads, strengths, watch-outs, and safe self-understanding boundaries.",ISTJ - Logistician,14,8f8eac28ffbf306cd0ad6f1cc699699bb7d1c2d5bdabc7fb0ace74b11aa58e67,1,0,NOT_RETURNED,NOT_RETURNED,NOT_RETURNED,NOT_RETURNED,NOT_RETURNED,NOT_RETURNED,NOT_RETURNED,NOT_RETURNED,NOT_RETURNED,NOT_RETURNED,NOT_RETURNED,NOT_RETURNED,UNKNOWN_PAGE_LEVEL,2026-03-18T05:20:10.000000Z,VERIFIED_PUBLIC_AUTHORITY_M01_NOT_RETURNED,M01 Search Analytics top-row aggregate; NOT_RETURNED is not zero; route locale is not a GSC language dimension; page-level indexing unavailable
mbti,base_type,ISTP,en,istp,https://fermatmind.com/en/personality/istp,https://fermatmind.com/en/personality/istp,https://fermatmind.com/en/personality/istp,https://fermatmind.com/zh/personality/istp,"index, follow",200,,true,true,false,false,false,published,fap-api:personality_profiles,MBTI:en:base:ISTP,ISTP Personality Guide,"Discover strengths, weaknesses, relationship patterns, and career direction for the ISTP personality type.",ISTP - Virtuoso,14,e33d084d36ed819e58ac8d617f36b093d0277a0de4f708e5d2fd3a2831124193,0,0,NOT_RETURNED,NOT_RETURNED,NOT_RETURNED,NOT_RETURNED,NOT_RETURNED,NOT_RETURNED,NOT_RETURNED,NOT_RETURNED,NOT_RETURNED,NOT_RETURNED,NOT_RETURNED,NOT_RETURNED,UNKNOWN_PAGE_LEVEL,2026-03-18T05:20:11.000000Z,VERIFIED_PUBLIC_AUTHORITY_M01_NOT_RETURNED,M01 Search Analytics top-row aggregate; NOT_RETURNED is not zero; route locale is not a GSC language dimension; page-level indexing unavailable
mbti,variant,ISTP-A,en,istp-a,https://fermatmind.com/en/personality/istp-a,https://fermatmind.com/en/personality/istp-a,https://fermatmind.com/en/personality/istp-a,https://fermatmind.com/zh/personality/istp-a,"index, follow",200,,true,true,true,true,true,published,fap-api:personality_profile_variants,MBTI:en:variant:ISTP-A,"ISTP-A Personality: Traits, Assertive Pattern, Work and Relationships | FermatMind","Understand ISTP-A: core traits, Assertive stress pattern, work style, relationships, common misreads, strengths, watch-outs, and safe self-understanding boundaries.",ISTP-A Personality,10590,3da11b9e71528304a5635734cb070525f66bb8999f9348409ca5ac4f46845704,2,37,NOT_RETURNED,NOT_RETURNED,NOT_RETURNED,NOT_RETURNED,NOT_RETURNED,NOT_RETURNED,NOT_RETURNED,NOT_RETURNED,0,3,0,9.333333,UNKNOWN_PAGE_LEVEL,2026-03-18T05:20:11.000000Z,VERIFIED_PUBLIC_AUTHORITY_M01_GSC,M01 Search Analytics top-row aggregate; NOT_RETURNED is not zero; route locale is not a GSC language dimension; page-level indexing unavailable
mbti,at_comparison,istp-a-vs-istp-t,en,istp-a-vs-istp-t,https://fermatmind.com/en/personality/istp-a-vs-istp-t,https://fermatmind.com/en/personality/istp-a-vs-istp-t,https://fermatmind.com/en/personality/istp-a-vs-istp-t,https://fermatmind.com/zh/personality/istp-a-vs-istp-t,"index, follow",200,,true,true,true,true,true,published,fap-api:personality_profiles,MBTI:en:at_comparison:istp-a-vs-istp-t,"ISTP-A vs ISTP-T: Confidence, Stress and Work Style | FermatMind",UNKNOWN,"ISTP-A vs ISTP-T: Confidence, Stress and Work Style | FermatMind",12,015182cbeb1bde9e175ca7796b82f52919789e2d8c239714495b622d4805dcd2,2,0,NOT_RETURNED,NOT_RETURNED,NOT_RETURNED,NOT_RETURNED,NOT_RETURNED,NOT_RETURNED,NOT_RETURNED,NOT_RETURNED,NOT_RETURNED,NOT_RETURNED,NOT_RETURNED,NOT_RETURNED,UNKNOWN_PAGE_LEVEL,2026-03-18T05:20:11.000Z,VERIFIED_PUBLIC_AUTHORITY_M01_NOT_RETURNED,M01 Search Analytics top-row aggregate; NOT_RETURNED is not zero; route locale is not a GSC language dimension; page-level indexing unavailable
mbti,variant,ISTP-T,en,istp-t,https://fermatmind.com/en/personality/istp-t,https://fermatmind.com/en/personality/istp-t,https://fermatmind.com/en/personality/istp-t,https://fermatmind.com/zh/personality/istp-t,"index, follow",200,,true,true,true,true,true,published,fap-api:personality_profile_variants,MBTI:en:variant:ISTP-T,"ISTP-T Personality: Traits, Turbulent Pattern, Work and Relationships","Understand ISTP-T: core traits, Turbulent stress pattern, work style, relationships, common misreads, strengths, watch-outs, and safe self-understanding boundaries.",ISTP - Virtuoso,14,e33d084d36ed819e58ac8d617f36b093d0277a0de4f708e5d2fd3a2831124193,2,0,NOT_RETURNED,NOT_RETURNED,NOT_RETURNED,NOT_RETURNED,NOT_RETURNED,NOT_RETURNED,NOT_RETURNED,NOT_RETURNED,NOT_RETURNED,NOT_RETURNED,NOT_RETURNED,NOT_RETURNED,UNKNOWN_PAGE_LEVEL,2026-03-18T05:20:11.000000Z,VERIFIED_PUBLIC_AUTHORITY_M01_NOT_RETURNED,M01 Search Analytics top-row aggregate; NOT_RETURNED is not zero; route locale is not a GSC language dimension; page-level indexing unavailable
cross_framework,hub,personality,zh-CN,personality,https://fermatmind.com/zh/personality,https://fermatmind.com/zh/personality,https://fermatmind.com/en/personality,https://fermatmind.com/zh/personality,"index, follow",200,,true,true,true,true,true,published,fap-api:landing_surface_v1,personality:zh-CN:hub,MBTI人格与16型人格 | FermatMind,浏览 MBTI 16 型人格与 32 个 A/T 人格变体，查看人格解释、热门对比和免费 MBTI 测试入口。,探索MBTI 16型人格,1336,2d7ad74ab40f741724a9e750379d21fc83e3ba82f21b8af325a7bcb9d7c71a38,12,85,0,8,0,13.5,0,7,0,5,0,21,0,10.190476,UNKNOWN_PAGE_LEVEL,2026-03-18T05:20:17.000Z,VERIFIED_PUBLIC_AUTHORITY_M01_GSC,M01 Search Analytics top-row aggregate; NOT_RETURNED is not zero; route locale is not a GSC language dimension; page-level indexing unavailable
big_five,hub,big-five,zh-CN,big-five,https://fermatmind.com/zh/personality/big-five,https://fermatmind.com/zh/personality/big-five,https://fermatmind.com/en/personality/big-five,https://fermatmind.com/zh/personality/big-five,"index, follow",200,,true,true,true,true,true,published,fap-api:personality_public_content_assets,big_five:zh-CN:hub:big-five,大五人格完整指南：用 OCEAN 五维度理解行为倾向 | FermatMind,大五人格是一种维度模型，用五个连续范围描述个体差异。它不把人分入固定类型，而是回答&quot;某种倾向在多大程度上出现&quot;。,大五人格完整指南：用 OCEAN 五维度理解行为倾向,6204,03d3b6e0b319e2ee60de3ad3ccb16121930dfb53f0d2984b715334fb9a2de1a9,6,35,NOT_RETURNED,NOT_RETURNED,NOT_RETURNED,NOT_RETURNED,NOT_RETURNED,NOT_RETURNED,NOT_RETURNED,NOT_RETURNED,NOT_RETURNED,NOT_RETURNED,NOT_RETURNED,NOT_RETURNED,UNKNOWN_PAGE_LEVEL,2026-07-18T00:00:00.000000Z,VERIFIED_PUBLIC_AUTHORITY_M01_NOT_RETURNED,M01 Search Analytics top-row aggregate; NOT_RETURNED is not zero; route locale is not a GSC language dimension; page-level indexing unavailable
big_five,domain,agreeableness,zh-CN,big-five/agreeableness,https://fermatmind.com/zh/personality/big-five/agreeableness,https://fermatmind.com/zh/personality/big-five/agreeableness,https://fermatmind.com/en/personality/big-five/agreeableness,https://fermatmind.com/zh/personality/big-five/agreeableness,"index, follow",200,,true,true,true,true,true,published,fap-api:personality_public_content_assets,big_five:zh-CN:domain:agreeableness,宜人性（Agreeableness）：合作、信任与对他人的体谅,宜人性关注你与他人相处时的合作和体谅倾向。低宜人性不等于恶意——它描述的是倾向，不是品格判断。,宜人性（Agreeableness）：合作、信任与对他人的体谅,5768,64c84acdd581bafce602a02dee2ebe3535055289b9f32850d6da8a5422295fb6,13,13,0,22,0,8.772727,NOT_RETURNED,NOT_RETURNED,NOT_RETURNED,NOT_RETURNED,0,22,0,8.772727,UNKNOWN_PAGE_LEVEL,2026-07-18T00:00:00.000000Z,VERIFIED_PUBLIC_AUTHORITY_M01_GSC,M01 Search Analytics top-row aggregate; NOT_RETURNED is not zero; route locale is not a GSC language dimension; page-level indexing unavailable
big_five,polarity,agreeableness-high,zh-CN,big-five/agreeableness-high,https://fermatmind.com/zh/personality/big-five/agreeableness-high,https://fermatmind.com/zh/personality/big-five/agreeableness-high,https://fermatmind.com/en/personality/big-five/agreeableness-high,https://fermatmind.com/zh/personality/big-five/agreeableness-high,"index, follow",200,,true,true,true,true,true,published,fap-api:personality_public_content_assets,big_five:zh-CN:polarity:agreeableness-high,较高宜人性：人际和谐、信任与合作导向,"宜人性倾向较高的人倾向于优先考虑人际关系中的和谐，信任他人，并积极寻求折中方案。这不等于""好说话""或懦弱——它也可以表现为熟练的冲突化解能力。",较高宜人性：人际和谐、信任与合作导向,3749,84213d80d26ca33a487dc256c77d7ada00b11ebd1e90afe623894243dbb52fd7,5,6,NOT_RETURNED,NOT_RETURNED,NOT_RETURNED,NOT_RETURNED,NOT_RETURNED,NOT_RETURNED,NOT_RETURNED,NOT_RETURNED,NOT_RETURNED,NOT_RETURNED,NOT_RETURNED,NOT_RETURNED,UNKNOWN_PAGE_LEVEL,2026-07-18T00:00:00.000000Z,VERIFIED_PUBLIC_AUTHORITY_M01_NOT_RETURNED,M01 Search Analytics top-row aggregate; NOT_RETURNED is not zero; route locale is not a GSC language dimension; page-level indexing unavailable
big_five,polarity,agreeableness-low,zh-CN,big-five/agreeableness-low,https://fermatmind.com/zh/personality/big-five/agreeableness-low,https://fermatmind.com/zh/personality/big-five/agreeableness-low,https://fermatmind.com/en/personality/big-five/agreeableness-low,https://fermatmind.com/zh/personality/big-five/agreeableness-low,"index, follow",200,,true,true,true,true,true,published,fap-api:personality_public_content_assets,big_five:zh-CN:polarity:agreeableness-low,较低宜人性：直接表达、竞争取向与自我利益优先,宜人性倾向较低的人倾向于优先考虑直接表达、竞争关系和自我利益。这不等于冷漠或冷酷——在竞争激烈或高利害决策场景中，这种倾向可能具有适应价值。,较低宜人性：直接表达、竞争取向与自我利益优先,3899,9304dab4a7a2244b22fba4f7b7ec85ac3ae926918a839b1ad10e44e13690e1b4,5,6,0,17,0,7.352941,0,4,0,4.25,0,21,0,6.761905,UNKNOWN_PAGE_LEVEL,2026-07-18T00:00:00.000000Z,VERIFIED_PUBLIC_AUTHORITY_M01_GSC,M01 Search Analytics top-row aggregate; NOT_RETURNED is not zero; route locale is not a GSC language dimension; page-level indexing unavailable
big_five,polarity,agreeableness-mid,zh-CN,big-five/agreeableness-mid,https://fermatmind.com/zh/personality/big-five/agreeableness-mid,https://fermatmind.com/zh/personality/big-five/agreeableness-mid,https://fermatmind.com/en/personality/big-five/agreeableness-mid,https://fermatmind.com/zh/personality/big-five/agreeableness-mid,"index, follow",200,,true,true,true,true,true,published,fap-api:personality_public_content_assets,big_five:zh-CN:polarity:agreeableness-mid,中位宜人性：在合作与自我主张之间的灵活平衡,宜人性处于中位的人倾向于在不同情境中灵活调配合作与自我主张的策略——在信任值得信任的人时给予合作，在标准需要维护时展现坚持。这不是左右摇摆，而是情境敏感的人际策略。,中位宜人性：在合作与自我主张之间的灵活平衡,3805,41526007c7957a01a1528b7c0cfbba0ac36f22031456b308558ce2363fac697d,5,6,NOT_RETURNED,NOT_RETURNED,NOT_RETURNED,NOT_RETURNED,NOT_RETURNED,NOT_RETURNED,NOT_RETURNED,NOT_RETURNED,NOT_RETURNED,NOT_RETURNED,NOT_RETURNED,NOT_RETURNED,UNKNOWN_PAGE_LEVEL,2026-07-18T00:00:00.000000Z,VERIFIED_PUBLIC_AUTHORITY_M01_NOT_RETURNED,M01 Search Analytics top-row aggregate; NOT_RETURNED is not zero; route locale is not a GSC language dimension; page-level indexing unavailable
big_five,domain,conscientiousness,zh-CN,big-five/conscientiousness,https://fermatmind.com/zh/personality/big-five/conscientiousness,https://fermatmind.com/zh/personality/big-five/conscientiousness,https://fermatmind.com/en/personality/big-five/conscientiousness,https://fermatmind.com/zh/personality/big-five/conscientiousness,"index, follow",200,,true,true,true,true,true,published,fap-api:personality_public_content_assets,big_five:zh-CN:domain:conscientiousness,尽责性（Conscientiousness）：组织、坚持与执行的人格维度,尽责性关注你安排任务、坚持执行和自我约束的倾向。高尽责性不意味着完美主义，低尽责性不意味着懒惰——它们描述的是倾向，不是品格判断。,尽责性（Conscientiousness）：组织、坚持与执行的人格维度,5249,b48e69122d262bbee44b0383af51a5c841918f85663f517ebd7136a2d5e04e47,13,13,NOT_RETURNED,NOT_RETURNED,NOT_RETURNED,NOT_RETURNED,NOT_RETURNED,NOT_RETURNED,NOT_RETURNED,NOT_RETURNED,NOT_RETURNED,NOT_RETURNED,NOT_RETURNED,NOT_RETURNED,UNKNOWN_PAGE_LEVEL,2026-07-18T00:00:00.000000Z,VERIFIED_PUBLIC_AUTHORITY_M01_NOT_RETURNED,M01 Search Analytics top-row aggregate; NOT_RETURNED is not zero; route locale is not a GSC language dimension; page-level indexing unavailable
big_five,polarity,conscientiousness-high,zh-CN,big-five/conscientiousness-high,https://fermatmind.com/zh/personality/big-five/conscientiousness-high,https://fermatmind.com/zh/personality/big-five/conscientiousness-high,https://fermatmind.com/en/personality/big-five/conscientiousness-high,https://fermatmind.com/zh/personality/big-five/conscientiousness-high,"index, follow",200,,true,true,true,true,true,published,fap-api:personality_public_content_assets,big_five:zh-CN:polarity:conscientiousness-high,高尽责性：提前规划、持续执行与对秩序感的偏好,尽责性倾向较高的人通常倾向于提前规划、有条理地执行任务并维持环境的秩序感。这在执行密集型任务中是重要优势，但也可能带来过度准备和灵活应对不足的代价。,高尽责性：提前规划、持续执行与对秩序感的偏好,2748,00dc8df3e18d4fd3b5bdec461a3564702b30c0b37d0e5ecaef5fe09f9926aa51,5,6,0,15,0,8.733333,0,1,0,2,0,16,0,8.3125,UNKNOWN_PAGE_LEVEL,2026-07-18T00:00:00.000000Z,VERIFIED_PUBLIC_AUTHORITY_M01_GSC,M01 Search Analytics top-row aggregate; NOT_RETURNED is not zero; route locale is not a GSC language dimension; page-level indexing unavailable
big_five,polarity,conscientiousness-low,zh-CN,big-five/conscientiousness-low,https://fermatmind.com/zh/personality/big-five/conscientiousness-low,https://fermatmind.com/zh/personality/big-five/conscientiousness-low,https://fermatmind.com/en/personality/big-five/conscientiousness-low,https://fermatmind.com/zh/personality/big-five/conscientiousness-low,"index, follow",200,,true,true,true,true,true,published,fap-api:personality_public_content_assets,big_five:zh-CN:polarity:conscientiousness-low,较低尽责性：灵活、即兴与对自由节奏的偏好,尽责性倾向较低的人通常偏好灵活、即兴的生活方式，在高度结构化的环境中可能感到束缚，但在需要快速适应和即时反应的场景中往往表现出色。,较低尽责性：灵活、即兴与对自由节奏的偏好,2874,9a1c362119e2bed97edc71e66a8cde8192f47d72bce362d5dea78010d03e9c68,5,6,NOT_RETURNED,NOT_RETURNED,NOT_RETURNED,NOT_RETURNED,0,1,0,8,0,1,0,8,UNKNOWN_PAGE_LEVEL,2026-07-18T00:00:00.000000Z,VERIFIED_PUBLIC_AUTHORITY_M01_GSC,M01 Search Analytics top-row aggregate; NOT_RETURNED is not zero; route locale is not a GSC language dimension; page-level indexing unavailable
big_five,polarity,conscientiousness-mid,zh-CN,big-five/conscientiousness-mid,https://fermatmind.com/zh/personality/big-five/conscientiousness-mid,https://fermatmind.com/zh/personality/big-five/conscientiousness-mid,https://fermatmind.com/en/personality/big-five/conscientiousness-mid,https://fermatmind.com/zh/personality/big-five/conscientiousness-mid,"index, follow",200,,true,true,true,true,true,published,fap-api:personality_public_content_assets,big_five:zh-CN:polarity:conscientiousness-mid,中等尽责性：在秩序与灵活之间找到自己的节奏,"尽责性倾向中等的人通常在需要时有条理，在合适时也能灵活。这不是""一半自律一半懒散""——而是一种根据情境调整自我管理力度的适应性模式。",中等尽责性：在秩序与灵活之间找到自己的节奏,2618,aa6aadc8388a8863f8153722ad5bad76ee053452d9e3561f6bfd7b5404094fd6,5,6,NOT_RETURNED,NOT_RETURNED,NOT_RETURNED,NOT_RETURNED,0,1,0,1,0,1,0,1,UNKNOWN_PAGE_LEVEL,2026-07-18T00:00:00.000000Z,VERIFIED_PUBLIC_AUTHORITY_M01_GSC,M01 Search Analytics top-row aggregate; NOT_RETURNED is not zero; route locale is not a GSC language dimension; page-level indexing unavailable
big_five,domain,extraversion,zh-CN,big-five/extraversion,https://fermatmind.com/zh/personality/big-five/extraversion,https://fermatmind.com/zh/personality/big-five/extraversion,https://fermatmind.com/en/personality/big-five/extraversion,https://fermatmind.com/zh/personality/big-five/extraversion,"index, follow",200,,true,true,true,true,true,published,fap-api:personality_public_content_assets,big_five:zh-CN:domain:extraversion,外向性（Extraversion）：社交能量、主动表达与积极情绪的维度,外向性关注你从哪里获得能量、如何表达自己和体验积极情绪。低外向性不等于害羞或社交能力不足——它描述的是倾向，不是能力。,外向性（Extraversion）：社交能量、主动表达与积极情绪的维度,5600,3d4cb7a03664e82b2ee1ef74c22aee4476418c042f24a8216e24b86d93118c16,13,13,NOT_RETURNED,NOT_RETURNED,NOT_RETURNED,NOT_RETURNED,NOT_RETURNED,NOT_RETURNED,NOT_RETURNED,NOT_RETURNED,NOT_RETURNED,NOT_RETURNED,NOT_RETURNED,NOT_RETURNED,UNKNOWN_PAGE_LEVEL,2026-07-18T00:00:00.000000Z,VERIFIED_PUBLIC_AUTHORITY_M01_NOT_RETURNED,M01 Search Analytics top-row aggregate; NOT_RETURNED is not zero; route locale is not a GSC language dimension; page-level indexing unavailable
big_five,polarity,extraversion-high,zh-CN,big-five/extraversion-high,https://fermatmind.com/zh/personality/big-five/extraversion-high,https://fermatmind.com/zh/personality/big-five/extraversion-high,https://fermatmind.com/en/personality/big-five/extraversion-high,https://fermatmind.com/zh/personality/big-five/extraversion-high,"index, follow",200,,true,true,true,true,true,published,fap-api:personality_public_content_assets,big_five:zh-CN:polarity:extraversion-high,高外向性：社交能量、主动表达与对刺激的追求,外向性倾向较高的人倾向于从社交互动中获得能量，喜欢活跃和表达。这不等于吵闹或引人注目——它描述的是能量的来源方向。,高外向性：社交能量、主动表达与对刺激的追求,3437,cc3712a3b2f7dab101256653b87f6715b8a5160c00947a7094a20df34f567c01,5,6,0,1,0,27,NOT_RETURNED,NOT_RETURNED,NOT_RETURNED,NOT_RETURNED,0,1,0,27,UNKNOWN_PAGE_LEVEL,2026-07-18T00:00:00.000000Z,VERIFIED_PUBLIC_AUTHORITY_M01_GSC,M01 Search Analytics top-row aggregate; NOT_RETURNED is not zero; route locale is not a GSC language dimension; page-level indexing unavailable
big_five,polarity,extraversion-low,zh-CN,big-five/extraversion-low,https://fermatmind.com/zh/personality/big-five/extraversion-low,https://fermatmind.com/zh/personality/big-five/extraversion-low,https://fermatmind.com/en/personality/big-five/extraversion-low,https://fermatmind.com/zh/personality/big-five/extraversion-low,"index, follow",200,,true,true,true,true,true,published,fap-api:personality_public_content_assets,big_five:zh-CN:polarity:extraversion-low,较低外向性：安静环境、深层一对一与内心世界的偏好,外向性倾向较低的人倾向于从安静环境和深度一对一互动中获取能量。这不等同于害羞或社交能力欠缺——它描述的是能量的来源方向而非能力水平。,较低外向性：安静环境、深层一对一与内心世界的偏好,3727,bcf1b6115e667f03d6dda82d2262763bb8cc6517e628705f3470ea3a86e7ba2c,5,6,NOT_RETURNED,NOT_RETURNED,NOT_RETURNED,NOT_RETURNED,NOT_RETURNED,NOT_RETURNED,NOT_RETURNED,NOT_RETURNED,NOT_RETURNED,NOT_RETURNED,NOT_RETURNED,NOT_RETURNED,UNKNOWN_PAGE_LEVEL,2026-07-18T00:00:00.000000Z,VERIFIED_PUBLIC_AUTHORITY_M01_NOT_RETURNED,M01 Search Analytics top-row aggregate; NOT_RETURNED is not zero; route locale is not a GSC language dimension; page-level indexing unavailable
big_five,polarity,extraversion-mid,zh-CN,big-five/extraversion-mid,https://fermatmind.com/zh/personality/big-five/extraversion-mid,https://fermatmind.com/zh/personality/big-five/extraversion-mid,https://fermatmind.com/en/personality/big-five/extraversion-mid,https://fermatmind.com/zh/personality/big-five/extraversion-mid,"index, follow",200,,true,true,true,true,true,published,fap-api:personality_public_content_assets,big_five:zh-CN:polarity:extraversion-mid,中位外向性：灵活社交与情境感知能量的偏好,"外向性处于中位的人对社交和独处的需求相对灵活，可以在不同情境中切换能量获取方式。不是""半社交半独处""——而是对情境高度敏感的社会能量模式。",中位外向性：灵活社交与情境感知能量的偏好,3784,7b8f91f8e78dd9cce212a0b5d12b89d1f5717f437adb6c18468816039a14599e,5,6,0,1,0,10,0,1,0,7,0,2,0,8.5,UNKNOWN_PAGE_LEVEL,2026-07-18T00:00:00.000000Z,VERIFIED_PUBLIC_AUTHORITY_M01_GSC,M01 Search Analytics top-row aggregate; NOT_RETURNED is not zero; route locale is not a GSC language dimension; page-level indexing unavailable
big_five,facet_hub,facets,zh-CN,big-five/facets,https://fermatmind.com/zh/personality/big-five/facets,https://fermatmind.com/zh/personality/big-five/facets,https://fermatmind.com/en/personality/big-five/facets,https://fermatmind.com/zh/personality/big-five/facets,"index, follow",200,,true,true,true,true,true,published,fap-api:personality_public_content_assets,big_five:zh-CN:facet_hub:facets,大五人格30个侧面：从宽泛维度到具体倾向,"侧面（Facet）是大五人格五个宽泛维度之下的更具体倾向。两个尽责性总分相同的人，可能一个高在秩序、一个高在自律——侧面分析帮你分辨""究竟是哪一种""。",大五人格30个侧面：从宽泛维度到具体倾向,4330,67fd577e51bdc67f57c2116d3a4a4670af4e2e42f9231d06091560074ab569dc,53,38,NOT_RETURNED,NOT_RETURNED,NOT_RETURNED,NOT_RETURNED,NOT_RETURNED,NOT_RETURNED,NOT_RETURNED,NOT_RETURNED,NOT_RETURNED,NOT_RETURNED,NOT_RETURNED,NOT_RETURNED,UNKNOWN_PAGE_LEVEL,2026-07-18T00:00:00.000000Z,VERIFIED_PUBLIC_AUTHORITY_M01_NOT_RETURNED,M01 Search Analytics top-row aggregate; NOT_RETURNED is not zero; route locale is not a GSC language dimension; page-level indexing unavailable
big_five,facet_detail,achievement-striving,zh-CN,big-five/facets/achievement-striving,https://fermatmind.com/zh/personality/big-five/facets/achievement-striving,https://fermatmind.com/zh/personality/big-five/facets/achievement-striving,https://fermatmind.com/en/personality/big-five/facets/achievement-striving,https://fermatmind.com/zh/personality/big-five/facets/achievement-striving,"index, follow",200,,true,true,true,true,true,published,fap-api:personality_public_content_assets,big_five:zh-CN:facet_detail:achievement-striving,成就追求（尽责性）：设定高目标并为之努力的驱动力,"成就追求反映一个人设定高目标并为之努力的内在驱动力——你是""够了就好""还是""我要做到更好""。",成就追求（尽责性）：设定高目标并为之努力的驱动力,3189,4174fe4176d484ad79a7a3f2f0a6472415e5108652ae55f8360d1a7acc3e5c36,9,9,NOT_RETURNED,NOT_RETURNED,NOT_RETURNED,NOT_RETURNED,NOT_RETURNED,NOT_RETURNED,NOT_RETURNED,NOT_RETURNED,NOT_RETURNED,NOT_RETURNED,NOT_RETURNED,NOT_RETURNED,UNKNOWN_PAGE_LEVEL,2026-07-18T00:00:00.000000Z,VERIFIED_PUBLIC_AUTHORITY_M01_NOT_RETURNED,M01 Search Analytics top-row aggregate; NOT_RETURNED is not zero; route locale is not a GSC language dimension; page-level indexing unavailable
big_five,facet_detail,actions,zh-CN,big-five/facets/actions,https://fermatmind.com/zh/personality/big-five/facets/actions,https://fermatmind.com/zh/personality/big-five/facets/actions,https://fermatmind.com/en/personality/big-five/facets/actions,https://fermatmind.com/zh/personality/big-five/facets/actions,"index, follow",200,,true,true,true,true,true,published,fap-api:personality_public_content_assets,big_five:zh-CN:facet_detail:actions,行动尝试（开放性）：对新鲜活动的主动探索,行动尝试反映一个人愿意尝试新活动、去新地方、做不一样的事的倾向——你有多主动拓展自己的体验范围。,行动尝试（开放性）：对新鲜活动的主动探索,3161,63eb6956d94af92bb0b2b2343b3ac19e90ed2e9206debf4b48702b916ad459ed,9,9,NOT_RETURNED,NOT_RETURNED,NOT_RETURNED,NOT_RETURNED,NOT_RETURNED,NOT_RETURNED,NOT_RETURNED,NOT_RETURNED,NOT_RETURNED,NOT_RETURNED,NOT_RETURNED,NOT_RETURNED,UNKNOWN_PAGE_LEVEL,2026-07-18T00:00:00.000000Z,VERIFIED_PUBLIC_AUTHORITY_M01_NOT_RETURNED,M01 Search Analytics top-row aggregate; NOT_RETURNED is not zero; route locale is not a GSC language dimension; page-level indexing unavailable
big_five,facet_detail,activity,zh-CN,big-five/facets/activity,https://fermatmind.com/zh/personality/big-five/facets/activity,https://fermatmind.com/zh/personality/big-five/facets/activity,https://fermatmind.com/en/personality/big-five/facets/activity,https://fermatmind.com/zh/personality/big-five/facets/activity,"index, follow",200,,true,true,true,true,true,published,fap-api:personality_public_content_assets,big_five:zh-CN:facet_detail:activity,活跃度（外向性）：保持快节奏和充沛精力的倾向,活跃度反映一个人保持忙碌、快节奏和充沛精力的倾向——不等于多动或焦虑驱动的忙碌。,活跃度（外向性）：保持快节奏和充沛精力的倾向,3353,47da5d3a286a5b4f1208b232c78ec0a30e277cf2998d252ae62995fa211b4a20,9,9,0,1,0,137,NOT_RETURNED,NOT_RETURNED,NOT_RETURNED,NOT_RETURNED,0,1,0,137,UNKNOWN_PAGE_LEVEL,2026-07-18T00:00:00.000000Z,VERIFIED_PUBLIC_AUTHORITY_M01_GSC,M01 Search Analytics top-row aggregate; NOT_RETURNED is not zero; route locale is not a GSC language dimension; page-level indexing unavailable
big_five,facet_detail,aesthetics,zh-CN,big-five/facets/aesthetics,https://fermatmind.com/zh/personality/big-five/facets/aesthetics,https://fermatmind.com/zh/personality/big-five/facets/aesthetics,https://fermatmind.com/en/personality/big-five/facets/aesthetics,https://fermatmind.com/zh/personality/big-five/facets/aesthetics,"index, follow",200,,true,true,true,true,true,published,fap-api:personality_public_content_assets,big_five:zh-CN:facet_detail:aesthetics,审美（开放性）：对艺术与美的敏感度,审美反映一个人对艺术、音乐、自然美和形式美感的敏感度和兴趣——你有多容易被美打动。,审美（开放性）：对艺术与美的敏感度,3196,c4c49f3918cdbe40c90c1483fec17fead7dd45a08c580416f9f29388425116cd,9,9,0,24,0,8.25,NOT_RETURNED,NOT_RETURNED,NOT_RETURNED,NOT_RETURNED,0,24,0,8.25,UNKNOWN_PAGE_LEVEL,2026-07-18T00:00:00.000000Z,VERIFIED_PUBLIC_AUTHORITY_M01_GSC,M01 Search Analytics top-row aggregate; NOT_RETURNED is not zero; route locale is not a GSC language dimension; page-level indexing unavailable
big_five,facet_detail,altruism,zh-CN,big-five/facets/altruism,https://fermatmind.com/zh/personality/big-five/facets/altruism,https://fermatmind.com/zh/personality/big-five/facets/altruism,https://fermatmind.com/en/personality/big-five/facets/altruism,https://fermatmind.com/zh/personality/big-five/facets/altruism,"index, follow",200,,true,true,true,true,true,published,fap-api:personality_public_content_assets,big_five:zh-CN:facet_detail:altruism,利他（宜人性）：关心他人福祉并愿意提供帮助,利他反映一个人关心他人福祉并愿意提供帮助的程度——自愿而非被迫的给予。,利他（宜人性）：关心他人福祉并愿意提供帮助,3509,e44d8b9c15f179eb69b5305fa728ec7996067e9550c8aaca2d314a93d4c4287f,9,9,0,4,0,10.25,NOT_RETURNED,NOT_RETURNED,NOT_RETURNED,NOT_RETURNED,0,4,0,10.25,UNKNOWN_PAGE_LEVEL,2026-07-18T00:00:00.000000Z,VERIFIED_PUBLIC_AUTHORITY_M01_GSC,M01 Search Analytics top-row aggregate; NOT_RETURNED is not zero; route locale is not a GSC language dimension; page-level indexing unavailable
big_five,facet_detail,anger,zh-CN,big-five/facets/anger,https://fermatmind.com/zh/personality/big-five/facets/anger,https://fermatmind.com/zh/personality/big-five/facets/anger,https://fermatmind.com/en/personality/big-five/facets/anger,https://fermatmind.com/zh/personality/big-five/facets/anger,"index, follow",200,,true,true,true,true,true,published,fap-api:personality_public_content_assets,big_five:zh-CN:facet_detail:anger,愤怒（神经质/情绪敏感性）：挫折和恼怒的体验倾向,愤怒反映一个人体验挫折、恼怒和烦躁的倾向——这是大五人格中的技术性人格术语，不是临床诊断。,愤怒（神经质/情绪敏感性）：挫折和恼怒的体验倾向,3574,3187703009585def45890bc9aff382708825fc93c0e5fc6579ee3154fcf9ac23,9,9,NOT_RETURNED,NOT_RETURNED,NOT_RETURNED,NOT_RETURNED,NOT_RETURNED,NOT_RETURNED,NOT_RETURNED,NOT_RETURNED,NOT_RETURNED,NOT_RETURNED,NOT_RETURNED,NOT_RETURNED,UNKNOWN_PAGE_LEVEL,2026-07-18T00:00:00.000000Z,VERIFIED_PUBLIC_AUTHORITY_M01_NOT_RETURNED,M01 Search Analytics top-row aggregate; NOT_RETURNED is not zero; route locale is not a GSC language dimension; page-level indexing unavailable
big_five,facet_detail,anxiety,zh-CN,big-five/facets/anxiety,https://fermatmind.com/zh/personality/big-five/facets/anxiety,https://fermatmind.com/zh/personality/big-five/facets/anxiety,https://fermatmind.com/en/personality/big-five/facets/anxiety,https://fermatmind.com/zh/personality/big-five/facets/anxiety,"index, follow",200,,true,true,true,true,true,published,fap-api:personality_public_content_assets,big_five:zh-CN:facet_detail:anxiety,焦虑（神经质/情绪敏感性）：紧张和忧虑的倾向,焦虑反映一个人体验紧张、忧虑和恐惧的倾向——这是大五人格中的技术性人格术语，不是临床诊断。,焦虑（神经质/情绪敏感性）：紧张和忧虑的倾向,3567,afb140ca7ad3aaca19f058cd6ce781e55d458e6467e4787cb667326cf1bbdef2,9,9,0,1,0,133,NOT_RETURNED,NOT_RETURNED,NOT_RETURNED,NOT_RETURNED,0,1,0,133,UNKNOWN_PAGE_LEVEL,2026-07-18T00:00:00.000000Z,VERIFIED_PUBLIC_AUTHORITY_M01_GSC,M01 Search Analytics top-row aggregate; NOT_RETURNED is not zero; route locale is not a GSC language dimension; page-level indexing unavailable
big_five,facet_detail,assertiveness,zh-CN,big-five/facets/assertiveness,https://fermatmind.com/zh/personality/big-five/facets/assertiveness,https://fermatmind.com/zh/personality/big-five/facets/assertiveness,https://fermatmind.com/en/personality/big-five/facets/assertiveness,https://fermatmind.com/zh/personality/big-five/facets/assertiveness,"index, follow",200,,true,true,true,true,true,published,fap-api:personality_public_content_assets,big_five:zh-CN:facet_detail:assertiveness,果断性（外向性）：主动表达和维护立场的倾向,果断性反映一个人主动表达意见、主导局面和维护立场的倾向——不等于攻击性或支配欲。,果断性（外向性）：主动表达和维护立场的倾向,3359,10492b3240542ddd1f6f79b2bf5e1eaba9124545407b1e2ea63efbcf98e2136b,9,9,0,1,0,159,NOT_RETURNED,NOT_RETURNED,NOT_RETURNED,NOT_RETURNED,0,1,0,159,UNKNOWN_PAGE_LEVEL,2026-07-18T00:00:00.000000Z,VERIFIED_PUBLIC_AUTHORITY_M01_GSC,M01 Search Analytics top-row aggregate; NOT_RETURNED is not zero; route locale is not a GSC language dimension; page-level indexing unavailable
big_five,facet_detail,competence,zh-CN,big-five/facets/competence,https://fermatmind.com/zh/personality/big-five/facets/competence,https://fermatmind.com/zh/personality/big-five/facets/competence,https://fermatmind.com/en/personality/big-five/facets/competence,https://fermatmind.com/zh/personality/big-five/facets/competence,"index, follow",200,,true,true,true,true,true,published,fap-api:personality_public_content_assets,big_five:zh-CN:facet_detail:competence,胜任感（尽责性）：对自身能力的信心,"胜任感反映一个人对自己完成任务能力的信心和掌控感——当面对一个任务时，你的内心声音是""我可以""还是""我行吗""。",胜任感（尽责性）：对自身能力的信心,3095,12c4b247fb5b6291dfb5803a53a82e74c018f8784e4fd6f3c618df87f5543df1,9,9,NOT_RETURNED,NOT_RETURNED,NOT_RETURNED,NOT_RETURNED,NOT_RETURNED,NOT_RETURNED,NOT_RETURNED,NOT_RETURNED,NOT_RETURNED,NOT_RETURNED,NOT_RETURNED,NOT_RETURNED,UNKNOWN_PAGE_LEVEL,2026-07-18T00:00:00.000000Z,VERIFIED_PUBLIC_AUTHORITY_M01_NOT_RETURNED,M01 Search Analytics top-row aggregate; NOT_RETURNED is not zero; route locale is not a GSC language dimension; page-level indexing unavailable
big_five,facet_detail,compliance,zh-CN,big-five/facets/compliance,https://fermatmind.com/zh/personality/big-five/facets/compliance,https://fermatmind.com/zh/personality/big-five/facets/compliance,https://fermatmind.com/en/personality/big-five/facets/compliance,https://fermatmind.com/zh/personality/big-five/facets/compliance,"index, follow",200,,true,true,true,true,true,published,fap-api:personality_public_content_assets,big_five:zh-CN:facet_detail:compliance,冲突让步（宜人性）：争执中倾向退让或妥协,冲突让步反映一个人在争执中倾向退让、妥协或降低对抗的程度——不等于服从、软弱或接受伤害。,冲突让步（宜人性）：争执中倾向退让或妥协,3301,3d87db34997aaa9519905c8ec5a7219a72e00821953855fd61b6509b0526c299,9,9,0,2,0,13.5,NOT_RETURNED,NOT_RETURNED,NOT_RETURNED,NOT_RETURNED,0,2,0,13.5,UNKNOWN_PAGE_LEVEL,2026-07-18T00:00:00.000000Z,VERIFIED_PUBLIC_AUTHORITY_M01_GSC,M01 Search Analytics top-row aggregate; NOT_RETURNED is not zero; route locale is not a GSC language dimension; page-level indexing unavailable
big_five,facet_detail,deliberation,zh-CN,big-five/facets/deliberation,https://fermatmind.com/zh/personality/big-five/facets/deliberation,https://fermatmind.com/zh/personality/big-five/facets/deliberation,https://fermatmind.com/en/personality/big-five/facets/deliberation,https://fermatmind.com/zh/personality/big-five/facets/deliberation,"index, follow",200,,true,true,true,true,true,published,fap-api:personality_public_content_assets,big_five:zh-CN:facet_detail:deliberation,审慎（尽责性）：行动前的深思熟虑,"审慎反映一个人行动前仔细考虑后果和备选方案的倾向——你是""想好了再走""还是""走了再说""。",审慎（尽责性）：行动前的深思熟虑,3349,dbd0ce6a0b62a56876ddd21eb2dfb0f119d304c1c9747de3efea2508ad624fc2,9,9,NOT_RETURNED,NOT_RETURNED,NOT_RETURNED,NOT_RETURNED,NOT_RETURNED,NOT_RETURNED,NOT_RETURNED,NOT_RETURNED,NOT_RETURNED,NOT_RETURNED,NOT_RETURNED,NOT_RETURNED,UNKNOWN_PAGE_LEVEL,2026-07-18T00:00:00.000000Z,VERIFIED_PUBLIC_AUTHORITY_M01_NOT_RETURNED,M01 Search Analytics top-row aggregate; NOT_RETURNED is not zero; route locale is not a GSC language dimension; page-level indexing unavailable
big_five,facet_detail,depression,zh-CN,big-five/facets/depression,https://fermatmind.com/zh/personality/big-five/facets/depression,https://fermatmind.com/zh/personality/big-five/facets/depression,https://fermatmind.com/en/personality/big-five/facets/depression,https://fermatmind.com/zh/personality/big-five/facets/depression,"index, follow",200,,true,true,true,true,true,published,fap-api:personality_public_content_assets,big_five:zh-CN:facet_detail:depression,抑郁（神经质/情绪敏感性）：悲伤和丧失兴趣的倾向,抑郁反映一个人体验悲伤、丧失感和兴趣减退的倾向——这是大五人格中的技术性人格术语，不是临床诊断。,抑郁（神经质/情绪敏感性）：悲伤和丧失兴趣的倾向,3419,35b9b757598c80b0817a6613de9a3202be979f5ce1d511056d99a2e4d803f51b,9,9,0,1,0,129,NOT_RETURNED,NOT_RETURNED,NOT_RETURNED,NOT_RETURNED,0,1,0,129,UNKNOWN_PAGE_LEVEL,2026-07-18T00:00:00.000000Z,VERIFIED_PUBLIC_AUTHORITY_M01_GSC,M01 Search Analytics top-row aggregate; NOT_RETURNED is not zero; route locale is not a GSC language dimension; page-level indexing unavailable
big_five,facet_detail,dutifulness,zh-CN,big-five/facets/dutifulness,https://fermatmind.com/zh/personality/big-five/facets/dutifulness,https://fermatmind.com/zh/personality/big-five/facets/dutifulness,https://fermatmind.com/en/personality/big-five/facets/dutifulness,https://fermatmind.com/zh/personality/big-five/facets/dutifulness,"index, follow",200,,true,true,true,true,true,published,fap-api:personality_public_content_assets,big_five:zh-CN:facet_detail:dutifulness,责任感（尽责性）：履行承诺和遵守规则的倾向,"责任感反映一个人履行承诺、遵守规则和道德标准的倾向——你是""答应了就一定要做到""，还是""答应了再说""。",责任感（尽责性）：履行承诺和遵守规则的倾向,3214,75b4a0d309ca941f8e176e4019f14f40b1132e1d4d1fa273cf0aba3fd3dafede,9,9,0,2,0,83.5,NOT_RETURNED,NOT_RETURNED,NOT_RETURNED,NOT_RETURNED,0,2,0,83.5,UNKNOWN_PAGE_LEVEL,2026-07-18T00:00:00.000000Z,VERIFIED_PUBLIC_AUTHORITY_M01_GSC,M01 Search Analytics top-row aggregate; NOT_RETURNED is not zero; route locale is not a GSC language dimension; page-level indexing unavailable
big_five,facet_detail,excitement-seeking,zh-CN,big-five/facets/excitement-seeking,https://fermatmind.com/zh/personality/big-five/facets/excitement-seeking,https://fermatmind.com/zh/personality/big-five/facets/excitement-seeking,https://fermatmind.com/en/personality/big-five/facets/excitement-seeking,https://fermatmind.com/zh/personality/big-five/facets/excitement-seeking,"index, follow",200,,true,true,true,true,true,published,fap-api:personality_public_content_assets,big_five:zh-CN:facet_detail:excitement-seeking,刺激寻求（外向性）：追求兴奋和高强度体验,刺激寻求反映一个人追求兴奋、刺激和高强度体验的倾向——不等于冒险或危险行为。,刺激寻求（外向性）：追求兴奋和高强度体验,3618,682f84db570f1e0d4cf640656362d141f85c742f6de1cedbd1ff9f8370400b2a,9,9,NOT_RETURNED,NOT_RETURNED,NOT_RETURNED,NOT_RETURNED,NOT_RETURNED,NOT_RETURNED,NOT_RETURNED,NOT_RETURNED,NOT_RETURNED,NOT_RETURNED,NOT_RETURNED,NOT_RETURNED,UNKNOWN_PAGE_LEVEL,2026-07-18T00:00:00.000000Z,VERIFIED_PUBLIC_AUTHORITY_M01_NOT_RETURNED,M01 Search Analytics top-row aggregate; NOT_RETURNED is not zero; route locale is not a GSC language dimension; page-level indexing unavailable
big_five,facet_detail,feelings,zh-CN,big-five/facets/feelings,https://fermatmind.com/zh/personality/big-five/facets/feelings,https://fermatmind.com/zh/personality/big-five/facets/feelings,https://fermatmind.com/en/personality/big-five/facets/feelings,https://fermatmind.com/zh/personality/big-five/facets/feelings,"index, follow",200,,true,true,true,true,true,published,fap-api:personality_public_content_assets,big_five:zh-CN:facet_detail:feelings,情感体验（开放性）：对内心情绪的觉察深度,情感体验反映一个人对内心情绪的觉察深度和区分能力——你是否会关注并命名自己的情绪状态。,情感体验（开放性）：对内心情绪的觉察深度,3139,5a254d8044ebfc4a56f2169196b18078f92d86e8a96cb3dba403d03a76670f57,9,9,0,6,0,28.833333,NOT_RETURNED,NOT_RETURNED,NOT_RETURNED,NOT_RETURNED,0,6,0,28.833333,UNKNOWN_PAGE_LEVEL,2026-07-18T00:00:00.000000Z,VERIFIED_PUBLIC_AUTHORITY_M01_GSC,M01 Search Analytics top-row aggregate; NOT_RETURNED is not zero; route locale is not a GSC language dimension; page-level indexing unavailable
big_five,facet_detail,gregariousness,zh-CN,big-five/facets/gregariousness,https://fermatmind.com/zh/personality/big-five/facets/gregariousness,https://fermatmind.com/zh/personality/big-five/facets/gregariousness,https://fermatmind.com/en/personality/big-five/facets/gregariousness,https://fermatmind.com/zh/personality/big-five/facets/gregariousness,"index, follow",200,,true,true,true,true,true,published,fap-api:personality_public_content_assets,big_five:zh-CN:facet_detail:gregariousness,合群性（外向性）：享受与他人共处的程度,合群性反映一个人享受与他人共处、偏好群体活动而非独处的程度——不等于社交技能，你可能合群性低但仍然善于与人打交道。,合群性（外向性）：享受与他人共处的程度,3333,3ee630561aa55b08cefd9148b93ce2885ee0be7393abd5a48854d09d4be7906e,9,9,0,1,0,136,NOT_RETURNED,NOT_RETURNED,NOT_RETURNED,NOT_RETURNED,0,1,0,136,UNKNOWN_PAGE_LEVEL,2026-07-18T00:00:00.000000Z,VERIFIED_PUBLIC_AUTHORITY_M01_GSC,M01 Search Analytics top-row aggregate; NOT_RETURNED is not zero; route locale is not a GSC language dimension; page-level indexing unavailable
big_five,facet_detail,ideas,zh-CN,big-five/facets/ideas,https://fermatmind.com/zh/personality/big-five/facets/ideas,https://fermatmind.com/zh/personality/big-five/facets/ideas,https://fermatmind.com/en/personality/big-five/facets/ideas,https://fermatmind.com/zh/personality/big-five/facets/ideas,"index, follow",200,,true,true,true,true,true,published,fap-api:personality_public_content_assets,big_five:zh-CN:facet_detail:ideas,想法探索（开放性）：对抽象思维和知识探索的兴趣,"想法探索反映一个人对抽象概念、理论问题和新知识的兴趣——你是对""为什么""更感兴趣，还是对""怎么做""。",想法探索（开放性）：对抽象思维和知识探索的兴趣,3299,c04624f62fd25182310d586cc4e8c5209da2d47cb7f3d2e60ec46373c4caf79f,9,9,0,1,0,121,NOT_RETURNED,NOT_RETURNED,NOT_RETURNED,NOT_RETURNED,0,1,0,121,UNKNOWN_PAGE_LEVEL,2026-07-18T00:00:00.000000Z,VERIFIED_PUBLIC_AUTHORITY_M01_GSC,M01 Search Analytics top-row aggregate; NOT_RETURNED is not zero; route locale is not a GSC language dimension; page-level indexing unavailable
big_five,facet_detail,imagination,zh-CN,big-five/facets/imagination,https://fermatmind.com/zh/personality/big-five/facets/imagination,https://fermatmind.com/zh/personality/big-five/facets/imagination,https://fermatmind.com/en/personality/big-five/facets/imagination,https://fermatmind.com/zh/personality/big-five/facets/imagination,"index, follow",200,,true,true,true,true,true,published,fap-api:personality_public_content_assets,big_five:zh-CN:facet_detail:imagination,想象力（开放性）：内心世界的丰富程度,想象力反映内心世界的丰富程度——你有多常做白日梦、构思场景、想象不同的可能性。,想象力（开放性）：内心世界的丰富程度,3325,1d0e4d393b132aa5e0a2cc246fb3f11699da91c5ebfec8422d6aceb4c200331b,9,9,NOT_RETURNED,NOT_RETURNED,NOT_RETURNED,NOT_RETURNED,NOT_RETURNED,NOT_RETURNED,NOT_RETURNED,NOT_RETURNED,NOT_RETURNED,NOT_RETURNED,NOT_RETURNED,NOT_RETURNED,UNKNOWN_PAGE_LEVEL,2026-07-18T00:00:00.000000Z,VERIFIED_PUBLIC_AUTHORITY_M01_NOT_RETURNED,M01 Search Analytics top-row aggregate; NOT_RETURNED is not zero; route locale is not a GSC language dimension; page-level indexing unavailable
big_five,facet_detail,impulsiveness,zh-CN,big-five/facets/impulsiveness,https://fermatmind.com/zh/personality/big-five/facets/impulsiveness,https://fermatmind.com/zh/personality/big-five/facets/impulsiveness,https://fermatmind.com/en/personality/big-five/facets/impulsiveness,https://fermatmind.com/zh/personality/big-five/facets/impulsiveness,"index, follow",200,,true,true,true,true,true,published,fap-api:personality_public_content_assets,big_five:zh-CN:facet_detail:impulsiveness,冲动性（神经质/情绪敏感性）：难以延迟满足的倾向,冲动性反映一个人难以延迟满足、易被短期诱惑带偏的倾向——这是大五人格中的技术性人格术语，不是临床诊断。,冲动性（神经质/情绪敏感性）：难以延迟满足的倾向,3261,aa66071ff60e6972d9a40165c1d0282f0b518ccd343a0bd44c1e7babf233e23a,9,9,0,1,0,16,NOT_RETURNED,NOT_RETURNED,NOT_RETURNED,NOT_RETURNED,0,1,0,16,UNKNOWN_PAGE_LEVEL,2026-07-18T00:00:00.000000Z,VERIFIED_PUBLIC_AUTHORITY_M01_GSC,M01 Search Analytics top-row aggregate; NOT_RETURNED is not zero; route locale is not a GSC language dimension; page-level indexing unavailable
big_five,facet_detail,modesty,zh-CN,big-five/facets/modesty,https://fermatmind.com/zh/personality/big-five/facets/modesty,https://fermatmind.com/zh/personality/big-five/facets/modesty,https://fermatmind.com/en/personality/big-five/facets/modesty,https://fermatmind.com/zh/personality/big-five/facets/modesty,"index, follow",200,,true,true,true,true,true,published,fap-api:personality_public_content_assets,big_five:zh-CN:facet_detail:modesty,谦逊（宜人性）：不过分突出自己的倾向,谦逊反映一个人不过分突出自己的倾向——不是自卑，而是一种把自我放在较为低调位置的偏好。,谦逊（宜人性）：不过分突出自己的倾向,3428,d69d90cb16cafb1438c8afde738461aaf45b860e942bf94c18f0cb612b6dd06a,9,9,0,5,0,35,NOT_RETURNED,NOT_RETURNED,NOT_RETURNED,NOT_RETURNED,0,5,0,35,UNKNOWN_PAGE_LEVEL,2026-07-18T00:00:00.000000Z,VERIFIED_PUBLIC_AUTHORITY_M01_GSC,M01 Search Analytics top-row aggregate; NOT_RETURNED is not zero; route locale is not a GSC language dimension; page-level indexing unavailable
big_five,facet_detail,order,zh-CN,big-five/facets/order,https://fermatmind.com/zh/personality/big-five/facets/order,https://fermatmind.com/zh/personality/big-five/facets/order,https://fermatmind.com/en/personality/big-five/facets/order,https://fermatmind.com/zh/personality/big-five/facets/order,"index, follow",200,,true,true,true,true,true,published,fap-api:personality_public_content_assets,big_five:zh-CN:facet_detail:order,秩序（尽责性）：对条理和有序环境的需求,"秩序反映一个人对整洁、条理和有序环境的需求——你是""每样东西有它的位置""，还是""找不到也没关系""。",秩序（尽责性）：对条理和有序环境的需求,3142,e0262ba7c58c9128e15b00fc1defac248d8f6d7f11af6685191567e32528c4bc,9,9,NOT_RETURNED,NOT_RETURNED,NOT_RETURNED,NOT_RETURNED,NOT_RETURNED,NOT_RETURNED,NOT_RETURNED,NOT_RETURNED,NOT_RETURNED,NOT_RETURNED,NOT_RETURNED,NOT_RETURNED,UNKNOWN_PAGE_LEVEL,2026-07-18T00:00:00.000000Z,VERIFIED_PUBLIC_AUTHORITY_M01_NOT_RETURNED,M01 Search Analytics top-row aggregate; NOT_RETURNED is not zero; route locale is not a GSC language dimension; page-level indexing unavailable
big_five,facet_detail,positive-emotions,zh-CN,big-five/facets/positive-emotions,https://fermatmind.com/zh/personality/big-five/facets/positive-emotions,https://fermatmind.com/zh/personality/big-five/facets/positive-emotions,https://fermatmind.com/en/personality/big-five/facets/positive-emotions,https://fermatmind.com/zh/personality/big-five/facets/positive-emotions,"index, follow",200,,true,true,true,true,true,published,fap-api:personality_public_content_assets,big_five:zh-CN:facet_detail:positive-emotions,积极情绪（外向性）：体验快乐和热情的频率,积极情绪反映一个人体验快乐、热情和乐观等正向情绪的频率和强度——不等于没有负面情绪。,积极情绪（外向性）：体验快乐和热情的频率,3531,c3a167140554db663eeca854c8abd8f9bd388dd2e52514c5749dd9d862d7ccfd,9,9,NOT_RETURNED,NOT_RETURNED,NOT_RETURNED,NOT_RETURNED,NOT_RETURNED,NOT_RETURNED,NOT_RETURNED,NOT_RETURNED,NOT_RETURNED,NOT_RETURNED,NOT_RETURNED,NOT_RETURNED,UNKNOWN_PAGE_LEVEL,2026-07-18T00:00:00.000000Z,VERIFIED_PUBLIC_AUTHORITY_M01_NOT_RETURNED,M01 Search Analytics top-row aggregate; NOT_RETURNED is not zero; route locale is not a GSC language dimension; page-level indexing unavailable
big_five,facet_detail,self-consciousness,zh-CN,big-five/facets/self-consciousness,https://fermatmind.com/zh/personality/big-five/facets/self-consciousness,https://fermatmind.com/zh/personality/big-five/facets/self-consciousness,https://fermatmind.com/en/personality/big-five/facets/self-consciousness,https://fermatmind.com/zh/personality/big-five/facets/self-consciousness,"index, follow",200,,true,true,true,true,true,published,fap-api:personality_public_content_assets,big_five:zh-CN:facet_detail:self-consciousness,自我意识（神经质/情绪敏感性）：社交中的不自在感,自我意识反映一个人在社交中感到不自在和被审视的倾向——这是大五人格中的技术性人格术语，不是临床诊断。,自我意识（神经质/情绪敏感性）：社交中的不自在感,3512,a630675d909daff7804ca96622af361d9743293f021fbb3da6173e0d483dfb3c,9,9,0,1,0,6,NOT_RETURNED,NOT_RETURNED,NOT_RETURNED,NOT_RETURNED,0,1,0,6,UNKNOWN_PAGE_LEVEL,2026-07-18T00:00:00.000000Z,VERIFIED_PUBLIC_AUTHORITY_M01_GSC,M01 Search Analytics top-row aggregate; NOT_RETURNED is not zero; route locale is not a GSC language dimension; page-level indexing unavailable
big_five,facet_detail,self-discipline,zh-CN,big-five/facets/self-discipline,https://fermatmind.com/zh/personality/big-five/facets/self-discipline,https://fermatmind.com/zh/personality/big-five/facets/self-discipline,https://fermatmind.com/en/personality/big-five/facets/self-discipline,https://fermatmind.com/zh/personality/big-five/facets/self-discipline,"index, follow",200,,true,true,true,true,true,published,fap-api:personality_public_content_assets,big_five:zh-CN:facet_detail:self-discipline,自律（尽责性）：坚持完成任务的能力,"自律反映一个人开始任务并坚持完成、抵抗分心的能力——你是""说做就做，一做到底""，还是""开始很难，坚持更难""。",自律（尽责性）：坚持完成任务的能力,3191,aca300d0a892e90e379d5f5e7daa0e9fb2d9afab25314dd6f4ace663874fc4d8,9,9,NOT_RETURNED,NOT_RETURNED,NOT_RETURNED,NOT_RETURNED,NOT_RETURNED,NOT_RETURNED,NOT_RETURNED,NOT_RETURNED,NOT_RETURNED,NOT_RETURNED,NOT_RETURNED,NOT_RETURNED,UNKNOWN_PAGE_LEVEL,2026-07-18T00:00:00.000000Z,VERIFIED_PUBLIC_AUTHORITY_M01_NOT_RETURNED,M01 Search Analytics top-row aggregate; NOT_RETURNED is not zero; route locale is not a GSC language dimension; page-level indexing unavailable
big_five,facet_detail,straightforwardness,zh-CN,big-five/facets/straightforwardness,https://fermatmind.com/zh/personality/big-five/facets/straightforwardness,https://fermatmind.com/zh/personality/big-five/facets/straightforwardness,https://fermatmind.com/en/personality/big-five/facets/straightforwardness,https://fermatmind.com/zh/personality/big-five/facets/straightforwardness,"index, follow",200,,true,true,true,true,true,published,fap-api:personality_public_content_assets,big_five:zh-CN:facet_detail:straightforwardness,坦率（宜人性）：清楚、非操纵地表达,坦率反映一个人倾向清楚、非操纵地表达——不等于说出一切、生硬表达或放弃隐私。,坦率（宜人性）：清楚、非操纵地表达,3353,3e85b2741a7c709dff63ba771a37873909e8600ab0704ed39b327c774bdd9358,9,9,0,35,0,13.114286,NOT_RETURNED,NOT_RETURNED,NOT_RETURNED,NOT_RETURNED,0,35,0,13.114286,UNKNOWN_PAGE_LEVEL,2026-07-18T00:00:00.000000Z,VERIFIED_PUBLIC_AUTHORITY_M01_GSC,M01 Search Analytics top-row aggregate; NOT_RETURNED is not zero; route locale is not a GSC language dimension; page-level indexing unavailable
big_five,facet_detail,tender-mindedness,zh-CN,big-five/facets/tender-mindedness,https://fermatmind.com/zh/personality/big-five/facets/tender-mindedness,https://fermatmind.com/zh/personality/big-five/facets/tender-mindedness,https://fermatmind.com/en/personality/big-five/facets/tender-mindedness,https://fermatmind.com/zh/personality/big-five/facets/tender-mindedness,"index, follow",200,,true,true,true,true,true,published,fap-api:personality_public_content_assets,big_five:zh-CN:facet_detail:tender-mindedness,同情关怀（宜人性）：在判断中纳入人的痛苦,同情关怀反映一个人在判断中纳入痛苦、脆弱处境和人道关切的程度——不等于临床同理、脆弱或总是宽松。,同情关怀（宜人性）：在判断中纳入人的痛苦,3551,bc2148d03e9f1c227dda99e2996f4df47e6f533f7723953d63d80bbf4ca39c7a,9,9,NOT_RETURNED,NOT_RETURNED,NOT_RETURNED,NOT_RETURNED,NOT_RETURNED,NOT_RETURNED,NOT_RETURNED,NOT_RETURNED,NOT_RETURNED,NOT_RETURNED,NOT_RETURNED,NOT_RETURNED,UNKNOWN_PAGE_LEVEL,2026-07-18T00:00:00.000000Z,VERIFIED_PUBLIC_AUTHORITY_M01_NOT_RETURNED,M01 Search Analytics top-row aggregate; NOT_RETURNED is not zero; route locale is not a GSC language dimension; page-level indexing unavailable
big_five,facet_detail,trust,zh-CN,big-five/facets/trust,https://fermatmind.com/zh/personality/big-five/facets/trust,https://fermatmind.com/zh/personality/big-five/facets/trust,https://fermatmind.com/en/personality/big-five/facets/trust,https://fermatmind.com/zh/personality/big-five/facets/trust,"index, follow",200,,true,true,true,true,true,published,fap-api:personality_public_content_assets,big_five:zh-CN:facet_detail:trust,信任（宜人性）：倾向于相信他人意图是善意的,信任反映一个人倾向于相信他人意图是善意的程度——不是轻信，而是一种对他人动机的默认假设。,信任（宜人性）：倾向于相信他人意图是善意的,3322,46c9dd67eccddec393fa26a1377718fb6f6a25705f1d4576da99b61a0e02efe7,9,9,NOT_RETURNED,NOT_RETURNED,NOT_RETURNED,NOT_RETURNED,NOT_RETURNED,NOT_RETURNED,NOT_RETURNED,NOT_RETURNED,NOT_RETURNED,NOT_RETURNED,NOT_RETURNED,NOT_RETURNED,UNKNOWN_PAGE_LEVEL,2026-07-18T00:00:00.000000Z,VERIFIED_PUBLIC_AUTHORITY_M01_NOT_RETURNED,M01 Search Analytics top-row aggregate; NOT_RETURNED is not zero; route locale is not a GSC language dimension; page-level indexing unavailable
big_five,facet_detail,values,zh-CN,big-five/facets/values,https://fermatmind.com/zh/personality/big-five/facets/values,https://fermatmind.com/zh/personality/big-five/facets/values,https://fermatmind.com/en/personality/big-five/facets/values,https://fermatmind.com/zh/personality/big-five/facets/values,"index, follow",200,,true,true,true,true,true,published,fap-api:personality_public_content_assets,big_five:zh-CN:facet_detail:values,价值观开放（开放性）：重新审视既有观念的倾向,"价值观开放反映一个人审视和重新评估既有价值观、社会规范和传统的倾向——你是更倾向于""一直如此所以如此""，还是""一直都是如此，就一定会对吗""。",价值观开放（开放性）：重新审视既有观念的倾向,3519,5751a3f9f0712dddcc8d35700ed1170f6833da4563a462d1aeee9b1691c3ac33,9,9,0,1,0,145,NOT_RETURNED,NOT_RETURNED,NOT_RETURNED,NOT_RETURNED,0,1,0,145,UNKNOWN_PAGE_LEVEL,2026-07-18T00:00:00.000000Z,VERIFIED_PUBLIC_AUTHORITY_M01_GSC,M01 Search Analytics top-row aggregate; NOT_RETURNED is not zero; route locale is not a GSC language dimension; page-level indexing unavailable
big_five,facet_detail,vulnerability,zh-CN,big-five/facets/vulnerability,https://fermatmind.com/zh/personality/big-five/facets/vulnerability,https://fermatmind.com/zh/personality/big-five/facets/vulnerability,https://fermatmind.com/en/personality/big-five/facets/vulnerability,https://fermatmind.com/zh/personality/big-five/facets/vulnerability,"index, follow",200,,true,true,true,true,true,published,fap-api:personality_public_content_assets,big_five:zh-CN:facet_detail:vulnerability,脆弱性（神经质/情绪敏感性）：压力下的应对困难,脆弱性反映一个人在压力下感到无助、难以应对和迅速崩溃的倾向——这是大五人格中的技术性人格术语，不是临床诊断。,脆弱性（神经质/情绪敏感性）：压力下的应对困难,3505,403fcfc9f8304115bdeabc661b606d996b346727356aea55a432f50fd1f6f20f,9,9,0,1,0,22,NOT_RETURNED,NOT_RETURNED,NOT_RETURNED,NOT_RETURNED,0,1,0,22,UNKNOWN_PAGE_LEVEL,2026-07-18T00:00:00.000000Z,VERIFIED_PUBLIC_AUTHORITY_M01_GSC,M01 Search Analytics top-row aggregate; NOT_RETURNED is not zero; route locale is not a GSC language dimension; page-level indexing unavailable
big_five,facet_detail,warmth,zh-CN,big-five/facets/warmth,https://fermatmind.com/zh/personality/big-five/facets/warmth,https://fermatmind.com/zh/personality/big-five/facets/warmth,https://fermatmind.com/en/personality/big-five/facets/warmth,https://fermatmind.com/zh/personality/big-five/facets/warmth,"index, follow",200,,true,true,true,true,true,published,fap-api:personality_public_content_assets,big_five:zh-CN:facet_detail:warmth,热情（外向性）：与他人建立情感连接的倾向,热情反映一个人与他人建立情感连接和表达友善的倾向——初次见面时是否容易展现温暖，是否享受与他人的情感互动。,热情（外向性）：与他人建立情感连接的倾向,3392,45867039ec33e80152eceee5b448957951d13c71e8ee9db33763dca57e7db37d,9,9,0,1,0,126,NOT_RETURNED,NOT_RETURNED,NOT_RETURNED,NOT_RETURNED,0,1,0,126,UNKNOWN_PAGE_LEVEL,2026-07-18T00:00:00.000000Z,VERIFIED_PUBLIC_AUTHORITY_M01_GSC,M01 Search Analytics top-row aggregate; NOT_RETURNED is not zero; route locale is not a GSC language dimension; page-level indexing unavailable
big_five,domain,neuroticism,zh-CN,big-five/neuroticism,https://fermatmind.com/zh/personality/big-five/neuroticism,https://fermatmind.com/zh/personality/big-five/neuroticism,https://fermatmind.com/en/personality/big-five/neuroticism,https://fermatmind.com/zh/personality/big-five/neuroticism,"index, follow",200,,true,true,true,true,true,published,fap-api:personality_public_content_assets,big_five:zh-CN:domain:neuroticism,神经质（Neuroticism）：情绪敏感度与压力反应的维度,神经质描述你对压力和负面情绪的敏感程度。这是人格维度的技术术语，不是心理疾病诊断。高神经质不等于情绪不稳定的人，低神经质也不等于无情。,神经质（Neuroticism）：情绪敏感度与压力反应的维度,5861,e5f6e118a0de842f1e4f16138d32fa0bc8c272deb0b148ef6dea4e832da5e4f9,13,13,0,29,0,13.137931,NOT_RETURNED,NOT_RETURNED,NOT_RETURNED,NOT_RETURNED,0,29,0,13.137931,UNKNOWN_PAGE_LEVEL,2026-07-18T00:00:00.000000Z,VERIFIED_PUBLIC_AUTHORITY_M01_GSC,M01 Search Analytics top-row aggregate; NOT_RETURNED is not zero; route locale is not a GSC language dimension; page-level indexing unavailable
big_five,polarity,neuroticism-high,zh-CN,big-five/neuroticism-high,https://fermatmind.com/zh/personality/big-five/neuroticism-high,https://fermatmind.com/zh/personality/big-five/neuroticism-high,https://fermatmind.com/en/personality/big-five/neuroticism-high,https://fermatmind.com/zh/personality/big-five/neuroticism-high,"index, follow",200,,true,true,true,true,true,published,fap-api:personality_public_content_assets,big_five:zh-CN:polarity:neuroticism-high,较高神经质：情绪敏感性高、恢复较慢与对风险的警觉,神经质倾向较高的人倾向于更强烈地体验负面情绪，并在情绪波动后需要更长的时间恢复。这可能意味着更高的警觉性和风险检测能力——但不是一种障碍或弱点。,较高神经质：情绪敏感性高、恢复较慢与对风险的警觉,4289,619677a67c62489dde6176052567f1517210795aebf67362b3472922a176b853,5,6,NOT_RETURNED,NOT_RETURNED,NOT_RETURNED,NOT_RETURNED,NOT_RETURNED,NOT_RETURNED,NOT_RETURNED,NOT_RETURNED,NOT_RETURNED,NOT_RETURNED,NOT_RETURNED,NOT_RETURNED,UNKNOWN_PAGE_LEVEL,2026-07-18T00:00:00.000000Z,VERIFIED_PUBLIC_AUTHORITY_M01_NOT_RETURNED,M01 Search Analytics top-row aggregate; NOT_RETURNED is not zero; route locale is not a GSC language dimension; page-level indexing unavailable
big_five,polarity,neuroticism-low,zh-CN,big-five/neuroticism-low,https://fermatmind.com/zh/personality/big-five/neuroticism-low,https://fermatmind.com/zh/personality/big-five/neuroticism-low,https://fermatmind.com/en/personality/big-five/neuroticism-low,https://fermatmind.com/zh/personality/big-five/neuroticism-low,"index, follow",200,,true,true,true,true,true,published,fap-api:personality_public_content_assets,big_five:zh-CN:polarity:neuroticism-low,较低神经质：平静状态、快速恢复与对压力的低反应性,较低神经质描述该量表上相对较少或较弱的负面情绪倾向；它不等于冷漠，也不能被解释为健康保护因素、危机能力或个人风险保证。,较低神经质：平静状态、快速恢复与对压力的低反应性,4362,d451ff63024daa2144349f241a4429e871b0111e11c9ee7263ab272210852290,5,6,NOT_RETURNED,NOT_RETURNED,NOT_RETURNED,NOT_RETURNED,NOT_RETURNED,NOT_RETURNED,NOT_RETURNED,NOT_RETURNED,NOT_RETURNED,NOT_RETURNED,NOT_RETURNED,NOT_RETURNED,UNKNOWN_PAGE_LEVEL,2026-07-18T00:00:00.000000Z,VERIFIED_PUBLIC_AUTHORITY_M01_NOT_RETURNED,M01 Search Analytics top-row aggregate; NOT_RETURNED is not zero; route locale is not a GSC language dimension; page-level indexing unavailable
big_five,polarity,neuroticism-mid,zh-CN,big-five/neuroticism-mid,https://fermatmind.com/zh/personality/big-five/neuroticism-mid,https://fermatmind.com/zh/personality/big-five/neuroticism-mid,https://fermatmind.com/en/personality/big-five/neuroticism-mid,https://fermatmind.com/zh/personality/big-five/neuroticism-mid,"index, follow",200,,true,true,true,true,true,published,fap-api:personality_public_content_assets,big_five:zh-CN:polarity:neuroticism-mid,中位神经质：如何解释接近量表中段的情绪敏感倾向,接近量表中段不等于“正常”“情境成比例”或固定恢复速度；它只表示在该工具的计分规则下没有明显靠近任一端。,中位神经质：如何解释接近量表中段的情绪敏感倾向,3915,4219f55ab6f11ddeb9b565af81bec4749a1909aaca24a12f366404ea32e46177,5,6,0,1,0,28,NOT_RETURNED,NOT_RETURNED,NOT_RETURNED,NOT_RETURNED,0,1,0,28,UNKNOWN_PAGE_LEVEL,2026-07-18T00:00:00.000000Z,VERIFIED_PUBLIC_AUTHORITY_M01_GSC,M01 Search Analytics top-row aggregate; NOT_RETURNED is not zero; route locale is not a GSC language dimension; page-level indexing unavailable
big_five,domain,openness,zh-CN,big-five/openness,https://fermatmind.com/zh/personality/big-five/openness,https://fermatmind.com/zh/personality/big-five/openness,https://fermatmind.com/en/personality/big-five/openness,https://fermatmind.com/zh/personality/big-five/openness,"index, follow",200,,true,true,true,true,true,published,fap-api:personality_public_content_assets,big_five:zh-CN:domain:openness,开放性（Openness to Experience）：好奇心、想象力与对新体验的接纳,开放性关注你接触新观念、新体验和新审美的方式。高开放性不意味着聪明，低开放性不意味着保守——它们描述的是倾向，不是能力。,开放性（Openness to Experience）：好奇心、想象力与对新体验的接纳,3980,2e9a2d44de1c1454dcd7e33e88c5ab525e61599e2596ae29d429e48a0dc2c619,13,13,NOT_RETURNED,NOT_RETURNED,NOT_RETURNED,NOT_RETURNED,NOT_RETURNED,NOT_RETURNED,NOT_RETURNED,NOT_RETURNED,NOT_RETURNED,NOT_RETURNED,NOT_RETURNED,NOT_RETURNED,UNKNOWN_PAGE_LEVEL,2026-07-18T00:00:00.000000Z,VERIFIED_PUBLIC_AUTHORITY_M01_NOT_RETURNED,M01 Search Analytics top-row aggregate; NOT_RETURNED is not zero; route locale is not a GSC language dimension; page-level indexing unavailable
big_five,polarity,openness-high,zh-CN,big-five/openness-high,https://fermatmind.com/zh/personality/big-five/openness-high,https://fermatmind.com/zh/personality/big-five/openness-high,https://fermatmind.com/en/personality/big-five/openness-high,https://fermatmind.com/zh/personality/big-five/openness-high,"index, follow",200,,true,true,true,true,true,published,fap-api:personality_public_content_assets,big_five:zh-CN:polarity:openness-high,高开放性：好奇心、探索欲与对新体验的主动接近,开放性倾向较高的人通常对新体验、抽象概念和非常规视角表现出主动的兴趣。这描述的是一种认知与审美的默认取向，而非智力水平或创造力高低。,高开放性：好奇心、探索欲与对新体验的主动接近,3327,c5e64a458de6e8334b5e7c73b4d8da8a4390525a923b9c805f8a8139f16c0394,5,6,0,5,0,16.2,NOT_RETURNED,NOT_RETURNED,NOT_RETURNED,NOT_RETURNED,0,5,0,16.2,UNKNOWN_PAGE_LEVEL,2026-07-18T00:00:00.000000Z,VERIFIED_PUBLIC_AUTHORITY_M01_GSC,M01 Search Analytics top-row aggregate; NOT_RETURNED is not zero; route locale is not a GSC language dimension; page-level indexing unavailable
big_five,polarity,openness-low,zh-CN,big-five/openness-low,https://fermatmind.com/zh/personality/big-five/openness-low,https://fermatmind.com/zh/personality/big-five/openness-low,https://fermatmind.com/en/personality/big-five/openness-low,https://fermatmind.com/zh/personality/big-five/openness-low,"index, follow",200,,true,true,true,true,true,published,fap-api:personality_public_content_assets,big_five:zh-CN:polarity:openness-low,较低开放性：深度、熟悉感与对已有框架的偏好,开放性倾向较低的人通常偏好熟悉的环境、经过验证的方法和具体可感的经验。这不是思想封闭或智力不足——而是一种在深度和稳定中寻找价值的认知取向。,较低开放性：深度、熟悉感与对已有框架的偏好,2846,e5aa8a923fe07419d6ae9bf31ad122a4eddd22c681d82466afd63550ec063bf2,5,6,0,6,0,9.833333,0,1,0,6,0,7,0,9.285714,UNKNOWN_PAGE_LEVEL,2026-07-18T00:00:00.000000Z,VERIFIED_PUBLIC_AUTHORITY_M01_GSC,M01 Search Analytics top-row aggregate; NOT_RETURNED is not zero; route locale is not a GSC language dimension; page-level indexing unavailable
big_five,polarity,openness-mid,zh-CN,big-five/openness-mid,https://fermatmind.com/zh/personality/big-five/openness-mid,https://fermatmind.com/zh/personality/big-five/openness-mid,https://fermatmind.com/en/personality/big-five/openness-mid,https://fermatmind.com/zh/personality/big-five/openness-mid,"index, follow",200,,true,true,true,true,true,published,fap-api:personality_public_content_assets,big_five:zh-CN:polarity:openness-mid,中等开放性：灵活切换，在熟悉与新异之间找到自己的节奏,"开放性倾向中等的人通常在不同场景中表现出灵活的模式：在某些领域主动探索，在另一些领域偏好稳定。这不是""不够有性格""——而是一种适应性强的调节方式。",中等开放性：灵活切换，在熟悉与新异之间找到自己的节奏,3157,8e7487fa653946375d1174ec579e908667188d21c00a4bdf8901b920716505f6,5,6,NOT_RETURNED,NOT_RETURNED,NOT_RETURNED,NOT_RETURNED,0,1,0,3,0,1,0,3,UNKNOWN_PAGE_LEVEL,2026-07-18T00:00:00.000000Z,VERIFIED_PUBLIC_AUTHORITY_M01_GSC,M01 Search Analytics top-row aggregate; NOT_RETURNED is not zero; route locale is not a GSC language dimension; page-level indexing unavailable
mbti,base_type,ENFJ,zh-CN,enfj,https://fermatmind.com/zh/personality/enfj,https://fermatmind.com/zh/personality/enfj,https://fermatmind.com/en/personality/enfj,https://fermatmind.com/zh/personality/enfj,"index, follow",200,,true,true,false,false,false,published,fap-api:personality_profiles,MBTI:zh-CN:base:ENFJ,ENFJ 人格指南,了解 ENFJ 的优势、弱项、人际模式和职业方向。,ENFJ - 主人公,29,17e1f0e645647c9661049f16cfe27127abbb4e0b90ab1198fd890a5c0a69fc5e,0,0,NOT_RETURNED,NOT_RETURNED,NOT_RETURNED,NOT_RETURNED,NOT_RETURNED,NOT_RETURNED,NOT_RETURNED,NOT_RETURNED,NOT_RETURNED,NOT_RETURNED,NOT_RETURNED,NOT_RETURNED,UNKNOWN_PAGE_LEVEL,2026-07-15T08:39:46.000000Z,VERIFIED_PUBLIC_AUTHORITY_M01_NOT_RETURNED,M01 Search Analytics top-row aggregate; NOT_RETURNED is not zero; route locale is not a GSC language dimension; page-level indexing unavailable
mbti,variant,ENFJ-A,zh-CN,enfj-a,https://fermatmind.com/zh/personality/enfj-a,https://fermatmind.com/zh/personality/enfj-a,https://fermatmind.com/en/personality/enfj-a,https://fermatmind.com/zh/personality/enfj-a,"index, follow",200,,true,true,true,true,true,published,fap-api:personality_profile_variants,MBTI:zh-CN:variant:ENFJ-A,ENFJ-A 人格特点：人际带动、共同方向和支持行动 | FermatMind,了解 ENFJ-A 的人际带动、共同方向和支持行动、适合与不适合的场景、A/T 差异、职业、关系、压力应对、常见误解与 FAQ。内容仅用于自我理解和成长复盘。,ENFJ - 主人公,29,17e1f0e645647c9661049f16cfe27127abbb4e0b90ab1198fd890a5c0a69fc5e,1,0,NOT_RETURNED,NOT_RETURNED,NOT_RETURNED,NOT_RETURNED,NOT_RETURNED,NOT_RETURNED,NOT_RETURNED,NOT_RETURNED,NOT_RETURNED,NOT_RETURNED,NOT_RETURNED,NOT_RETURNED,UNKNOWN_PAGE_LEVEL,2026-03-18T05:20:11.000000Z,VERIFIED_PUBLIC_AUTHORITY_M01_NOT_RETURNED,M01 Search Analytics top-row aggregate; NOT_RETURNED is not zero; route locale is not a GSC language dimension; page-level indexing unavailable
mbti,at_comparison,enfj-a-vs-enfj-t,zh-CN,enfj-a-vs-enfj-t,https://fermatmind.com/zh/personality/enfj-a-vs-enfj-t,https://fermatmind.com/zh/personality/enfj-a-vs-enfj-t,https://fermatmind.com/en/personality/enfj-a-vs-enfj-t,https://fermatmind.com/zh/personality/enfj-a-vs-enfj-t,"index, follow",200,,true,true,true,true,true,published,fap-api:personality_profiles,MBTI:zh-CN:at_comparison:enfj-a-vs-enfj-t,ENFJ-A 和 ENFJ-T 的区别：主人公 A/T 对比 | FermatMind,UNKNOWN,ENFJ-A 和 ENFJ-T 的区别：主人公 A/T 对比 | FermatMind,17,2d6d96d1946ff0d010d281fb55a1641a68e87df9b5a8448e6485a952317bf9a1,1,0,1,45,2.222222,4.822222,0,20,0,10.3,1,65,1.538462,6.507692,UNKNOWN_PAGE_LEVEL,2026-07-15T08:39:46.000Z,VERIFIED_PUBLIC_AUTHORITY_M01_GSC,M01 Search Analytics top-row aggregate; NOT_RETURNED is not zero; route locale is not a GSC language dimension; page-level indexing unavailable
mbti,variant,ENFJ-T,zh-CN,enfj-t,https://fermatmind.com/zh/personality/enfj-t,https://fermatmind.com/zh/personality/enfj-t,https://fermatmind.com/en/personality/enfj-t,https://fermatmind.com/zh/personality/enfj-t,"index, follow",200,,true,true,true,true,true,published,fap-api:personality_profile_variants,MBTI:zh-CN:variant:ENFJ-T,ENFJ-T 人格特点：人际带动、共同方向和支持行动 | FermatMind,了解 ENFJ-T 的人际带动、共同方向和支持行动、适合与不适合的场景、A/T 差异、职业、关系、压力应对、常见误解与 FAQ。内容仅用于自我理解和成长复盘。,ENFJ - 主人公,29,17e1f0e645647c9661049f16cfe27127abbb4e0b90ab1198fd890a5c0a69fc5e,1,0,NOT_RETURNED,NOT_RETURNED,NOT_RETURNED,NOT_RETURNED,NOT_RETURNED,NOT_RETURNED,NOT_RETURNED,NOT_RETURNED,NOT_RETURNED,NOT_RETURNED,NOT_RETURNED,NOT_RETURNED,UNKNOWN_PAGE_LEVEL,2026-03-18T05:20:11.000000Z,VERIFIED_PUBLIC_AUTHORITY_M01_NOT_RETURNED,M01 Search Analytics top-row aggregate; NOT_RETURNED is not zero; route locale is not a GSC language dimension; page-level indexing unavailable
mbti,base_type,ENFP,zh-CN,enfp,https://fermatmind.com/zh/personality/enfp,https://fermatmind.com/zh/personality/enfp,https://fermatmind.com/en/personality/enfp,https://fermatmind.com/zh/personality/enfp,"index, follow",200,,true,true,false,false,false,published,fap-api:personality_profiles,MBTI:zh-CN:base:ENFP,ENFP 人格指南,了解 ENFP 的优势、弱项、人际模式和职业方向。,ENFP - 竞选者,29,545fdfd65271efae8a7848ec1170cb97fdd21b9c37d6f59be2f4cb4466678e73,0,0,NOT_RETURNED,NOT_RETURNED,NOT_RETURNED,NOT_RETURNED,NOT_RETURNED,NOT_RETURNED,NOT_RETURNED,NOT_RETURNED,NOT_RETURNED,NOT_RETURNED,NOT_RETURNED,NOT_RETURNED,UNKNOWN_PAGE_LEVEL,2026-07-15T08:39:46.000000Z,VERIFIED_PUBLIC_AUTHORITY_M01_NOT_RETURNED,M01 Search Analytics top-row aggregate; NOT_RETURNED is not zero; route locale is not a GSC language dimension; page-level indexing unavailable
mbti,variant,ENFP-A,zh-CN,enfp-a,https://fermatmind.com/zh/personality/enfp-a,https://fermatmind.com/zh/personality/enfp-a,https://fermatmind.com/en/personality/enfp-a,https://fermatmind.com/zh/personality/enfp-a,"index, follow",200,,true,true,true,true,true,published,fap-api:personality_profile_variants,MBTI:zh-CN:variant:ENFP-A,ENFP-A 人格特点：可能性连接、价值驱动和创意动能 | FermatMind,了解 ENFP-A 的可能性连接、价值驱动和创意动能、适合与不适合的场景、A/T 差异、职业、关系、压力应对、常见误解与 FAQ。内容仅用于自我理解和成长复盘。,ENFP - 竞选者,29,545fdfd65271efae8a7848ec1170cb97fdd21b9c37d6f59be2f4cb4466678e73,1,0,NOT_RETURNED,NOT_RETURNED,NOT_RETURNED,NOT_RETURNED,0,2,0,6,0,6,0,11.666667,UNKNOWN_PAGE_LEVEL,2026-03-18T05:20:11.000000Z,VERIFIED_PUBLIC_AUTHORITY_M01_GSC,M01 Search Analytics top-row aggregate; NOT_RETURNED is not zero; route locale is not a GSC language dimension; page-level indexing unavailable
mbti,at_comparison,enfp-a-vs-enfp-t,zh-CN,enfp-a-vs-enfp-t,https://fermatmind.com/zh/personality/enfp-a-vs-enfp-t,https://fermatmind.com/zh/personality/enfp-a-vs-enfp-t,https://fermatmind.com/en/personality/enfp-a-vs-enfp-t,https://fermatmind.com/zh/personality/enfp-a-vs-enfp-t,"index, follow",200,,true,true,true,true,true,published,fap-api:personality_profiles,MBTI:zh-CN:at_comparison:enfp-a-vs-enfp-t,ENFP-A 和 ENFP-T 的区别：竞选者 A/T 对比 | FermatMind,UNKNOWN,ENFP-A 和 ENFP-T 的区别：竞选者 A/T 对比 | FermatMind,17,ad4d13db3cdf1469c483902e7da3f4e0d25d20e5709259b69289c73789309b1a,1,0,NOT_RETURNED,NOT_RETURNED,NOT_RETURNED,NOT_RETURNED,NOT_RETURNED,NOT_RETURNED,NOT_RETURNED,NOT_RETURNED,NOT_RETURNED,NOT_RETURNED,NOT_RETURNED,NOT_RETURNED,UNKNOWN_PAGE_LEVEL,2026-07-15T08:39:46.000Z,VERIFIED_PUBLIC_AUTHORITY_M01_NOT_RETURNED,M01 Search Analytics top-row aggregate; NOT_RETURNED is not zero; route locale is not a GSC language dimension; page-level indexing unavailable
mbti,variant,ENFP-T,zh-CN,enfp-t,https://fermatmind.com/zh/personality/enfp-t,https://fermatmind.com/zh/personality/enfp-t,https://fermatmind.com/en/personality/enfp-t,https://fermatmind.com/zh/personality/enfp-t,"index, follow",200,,true,true,true,true,true,published,fap-api:personality_profile_variants,MBTI:zh-CN:variant:ENFP-T,ENFP-T 人格特点：可能性连接、价值驱动和创意动能 | FermatMind,了解 ENFP-T 的可能性连接、价值驱动和创意动能、适合与不适合的场景、A/T 差异、职业、关系、压力应对、常见误解与 FAQ。内容仅用于自我理解和成长复盘。,ENFP - 竞选者,29,545fdfd65271efae8a7848ec1170cb97fdd21b9c37d6f59be2f4cb4466678e73,1,0,NOT_RETURNED,NOT_RETURNED,NOT_RETURNED,NOT_RETURNED,NOT_RETURNED,NOT_RETURNED,NOT_RETURNED,NOT_RETURNED,NOT_RETURNED,NOT_RETURNED,NOT_RETURNED,NOT_RETURNED,UNKNOWN_PAGE_LEVEL,2026-03-18T05:20:12.000000Z,VERIFIED_PUBLIC_AUTHORITY_M01_NOT_RETURNED,M01 Search Analytics top-row aggregate; NOT_RETURNED is not zero; route locale is not a GSC language dimension; page-level indexing unavailable
mbti,cross_type_comparison,enfp-vs-entp,zh-CN,enfp-vs-entp,https://fermatmind.com/zh/personality/enfp-vs-entp,https://fermatmind.com/zh/personality/enfp-vs-entp,https://fermatmind.com/en/personality/enfp-vs-entp,https://fermatmind.com/zh/personality/enfp-vs-entp,"index, follow",200,,true,true,true,true,true,published,fap-api:mbti_cross_type_comparison_authority,MBTI:zh-CN:cross_type:enfp-vs-entp,ENFP 和 ENTP 的区别：可能性探索、价值判断与观点挑战,ENFP 与 ENTP 都容易被新想法、新关系和新可能点燃，也都不喜欢被僵化规则过早限制。区别在于，ENFP 更常从人的动机、价值感和情绪连接判断一个方向是否值得投入；ENTP 更常从逻辑结构、机制漏洞和概念实验判断一个想法是否站得住。本文不把两者做高低排序，而是帮助用户在真实场景中区分：自己是在追问“这对人和意义有什么影响”，还是在追问“这个系统还能怎样被拆开、重组和验证”。,ENFP 和 ENTP 的区别：可能性探索、价值判断与观点挑战,180,95a1686bef44ec1262782d100ee181359a0014e11b235939205942ca369f7b1c,1,0,NOT_RETURNED,NOT_RETURNED,NOT_RETURNED,NOT_RETURNED,NOT_RETURNED,NOT_RETURNED,NOT_RETURNED,NOT_RETURNED,NOT_RETURNED,NOT_RETURNED,NOT_RETURNED,NOT_RETURNED,UNKNOWN_PAGE_LEVEL,2026-08-10T04:20:12.000Z,VERIFIED_PUBLIC_AUTHORITY_M01_NOT_RETURNED,M01 Search Analytics top-row aggregate; NOT_RETURNED is not zero; route locale is not a GSC language dimension; page-level indexing unavailable
enneagram,hub,enneagram,zh-CN,enneagram,https://fermatmind.com/zh/personality/enneagram,https://fermatmind.com/zh/personality/enneagram,https://fermatmind.com/en/personality/enneagram,https://fermatmind.com/zh/personality/enneagram,"index, follow",200,,true,true,true,true,true,published,fap-api:personality_public_content_assets,enneagram:zh-CN:hub:enneagram,九型人格总览：从具体情境观察九种模式 | FermatMind,这份九型人格总览把九种模式作为一种传统的观察地图，用来比较人在具体情境中先注意什么、如何解释以及怎样回应。三中心在这里是整理问题的解释性标签，而不是给人定型的结论；任何理解都需要结合反例、角色、文化和当下处境继续修正。,九型人格总览：从具体情境观察九种模式,1589,3b4a061605cdb3ed285fa43a8a10b991085474950a2ea653a05dc9f23cbe9264,57,41,NOT_RETURNED,NOT_RETURNED,NOT_RETURNED,NOT_RETURNED,NOT_RETURNED,NOT_RETURNED,NOT_RETURNED,NOT_RETURNED,NOT_RETURNED,NOT_RETURNED,NOT_RETURNED,NOT_RETURNED,UNKNOWN_PAGE_LEVEL,2026-07-27T23:37:56.000000Z,VERIFIED_PUBLIC_AUTHORITY_M01_NOT_RETURNED,M01 Search Analytics top-row aggregate; NOT_RETURNED is not zero; route locale is not a GSC language dimension; page-level indexing unavailable
enneagram,center,gut,zh-CN,enneagram/centers/gut,https://fermatmind.com/zh/personality/enneagram/centers/gut,https://fermatmind.com/zh/personality/enneagram/centers/gut,https://fermatmind.com/en/personality/enneagram/centers/gut,https://fermatmind.com/zh/personality/enneagram/centers/gut,"index, follow",200,,true,true,true,true,true,published,fap-api:personality_public_content_assets,enneagram:zh-CN:center:gut,腹中心：观察压力出现时怎样进入行动,腹中心是九型人格传统框架中对八号、九号和一号的归组。观察腹中心线索，重点是压力、边界或纠偏要求出现后，行动如何启动、延迟或改变；这并不表示身体本能会控制所有选择，同一中心内部也可能出现很不一样的回应。,腹中心：观察压力出现时怎样进入行动,1182,f4b7476e38194cc34e17a14f231d220bbb7447d3a04563836e9da2e4d38b9c0b,6,6,NOT_RETURNED,NOT_RETURNED,NOT_RETURNED,NOT_RETURNED,NOT_RETURNED,NOT_RETURNED,NOT_RETURNED,NOT_RETURNED,NOT_RETURNED,NOT_RETURNED,NOT_RETURNED,NOT_RETURNED,UNKNOWN_PAGE_LEVEL,2026-07-27T23:37:56.000000Z,VERIFIED_PUBLIC_AUTHORITY_M01_NOT_RETURNED,M01 Search Analytics top-row aggregate; NOT_RETURNED is not zero; route locale is not a GSC language dimension; page-level indexing unavailable
enneagram,center,head,zh-CN,enneagram/centers/head,https://fermatmind.com/zh/personality/enneagram/centers/head,https://fermatmind.com/zh/personality/enneagram/centers/head,https://fermatmind.com/en/personality/enneagram/centers/head,https://fermatmind.com/zh/personality/enneagram/centers/head,"index, follow",200,,true,true,true,true,true,published,fap-api:personality_public_content_assets,enneagram:zh-CN:center:head,脑中心：记录面对不确定时的信息选择,脑中心是传统九型框架中对五号、六号和七号的归组。观察脑中心线索，可以追踪不确定变重要时，人怎样收集信息、核对支持或打开选项；这不表示思考会取代情绪与行动，五号、六号、七号也可能用相反路径处理同一个未知问题。,脑中心：记录面对不确定时的信息选择,1166,573e38a5686651dea744b30c48d4aee7a2f3848271c23eb51ae34cc5bacdbde4,6,6,NOT_RETURNED,NOT_RETURNED,NOT_RETURNED,NOT_RETURNED,NOT_RETURNED,NOT_RETURNED,NOT_RETURNED,NOT_RETURNED,NOT_RETURNED,NOT_RETURNED,NOT_RETURNED,NOT_RETURNED,UNKNOWN_PAGE_LEVEL,2026-07-27T23:37:56.000000Z,VERIFIED_PUBLIC_AUTHORITY_M01_NOT_RETURNED,M01 Search Analytics top-row aggregate; NOT_RETURNED is not zero; route locale is not a GSC language dimension; page-level indexing unavailable
enneagram,center,heart,zh-CN,enneagram/centers/heart,https://fermatmind.com/zh/personality/enneagram/centers/heart,https://fermatmind.com/zh/personality/enneagram/centers/heart,https://fermatmind.com/en/personality/enneagram/centers/heart,https://fermatmind.com/zh/personality/enneagram/centers/heart,"index, follow",200,,true,true,true,true,true,published,fap-api:personality_public_content_assets,enneagram:zh-CN:center:heart,心中心：比较连接、认可与自我呈现,心中心在传统九型框架中归组二号、三号和四号。观察心中心线索，可以比较人在互动中如何回应连接、认可和自我呈现的问题；它并不表示情绪会排除思考或行动，而且二号、三号、四号可能用不同方式组织同一场互动。,心中心：比较连接、认可与自我呈现,1161,632c07965199492a8bfa00d1e2e84edf9ed4810cf1be21e4274212e3f976d9eb,6,6,NOT_RETURNED,NOT_RETURNED,NOT_RETURNED,NOT_RETURNED,NOT_RETURNED,NOT_RETURNED,NOT_RETURNED,NOT_RETURNED,NOT_RETURNED,NOT_RETURNED,NOT_RETURNED,NOT_RETURNED,UNKNOWN_PAGE_LEVEL,2026-07-27T23:37:56.000000Z,VERIFIED_PUBLIC_AUTHORITY_M01_NOT_RETURNED,M01 Search Analytics top-row aggregate; NOT_RETURNED is not zero; route locale is not a GSC language dimension; page-level indexing unavailable
enneagram,core_type,type-1,zh-CN,enneagram/type-1,https://fermatmind.com/zh/personality/enneagram/type-1,https://fermatmind.com/zh/personality/enneagram/type-1,https://fermatmind.com/en/personality/enneagram/type-1,https://fermatmind.com/zh/personality/enneagram/type-1,"index, follow",200,,true,true,true,true,true,published,fap-api:personality_public_content_assets,enneagram:zh-CN:core_type:type-1,一号观察假设：标准、责任与修订节奏,一号是九型人格传统中关于注意力反复落在标准、偏差与负责修订上的观察假设。观察一号标准修订，需要同时记录先看见了什么、实际改了什么、何时愿意停止，以及同样做法能否跨情境出现；认真、守规或挑错本身都不能证明固定类型。,一号观察假设：标准、责任与修订节奏,1629,3b2fd090406232432904a2e5fa5f892dd3a8b89bac713f26a457579f7f5db7bb,11,9,NOT_RETURNED,NOT_RETURNED,NOT_RETURNED,NOT_RETURNED,NOT_RETURNED,NOT_RETURNED,NOT_RETURNED,NOT_RETURNED,NOT_RETURNED,NOT_RETURNED,NOT_RETURNED,NOT_RETURNED,UNKNOWN_PAGE_LEVEL,2026-07-27T23:37:56.000000Z,VERIFIED_PUBLIC_AUTHORITY_M01_NOT_RETURNED,M01 Search Analytics top-row aggregate; NOT_RETURNED is not zero; route locale is not a GSC language dimension; page-level indexing unavailable
enneagram,instinctual_subtype,type-1/one-to-one,zh-CN,enneagram/type-1/instincts/one-to-one,https://fermatmind.com/zh/personality/enneagram/type-1/instincts/one-to-one,https://fermatmind.com/zh/personality/enneagram/type-1/instincts/one-to-one,https://fermatmind.com/en/personality/enneagram/type-1/instincts/one-to-one,https://fermatmind.com/zh/personality/enneagram/type-1/instincts/one-to-one,"index, follow",200,,true,true,true,true,true,published,fap-api:personality_public_content_assets,enneagram:zh-CN:instinctual_subtype:type-1/one-to-one,一号一对一副型：特定关系中的集中改革假设,一号一对一副型是传统的“类型 × 本能”假设，观察一号式纠偏是否特别集中在某段关系、承诺或某个人的改变上。观察一号一对一集中改革，需要记录标准是否互惠、对方能否拒绝，以及同类问题在群体和维护情境中的优先级。,一号一对一副型：特定关系中的集中改革假设,1342,575b23491fb5c1698b9127adc7d0ad64dfb8a13784d5fe1742fd74fa6944ca10,5,6,NOT_RETURNED,NOT_RETURNED,NOT_RETURNED,NOT_RETURNED,NOT_RETURNED,NOT_RETURNED,NOT_RETURNED,NOT_RETURNED,NOT_RETURNED,NOT_RETURNED,NOT_RETURNED,NOT_RETURNED,UNKNOWN_PAGE_LEVEL,2026-07-27T23:37:56.000000Z,VERIFIED_PUBLIC_AUTHORITY_M01_NOT_RETURNED,M01 Search Analytics top-row aggregate; NOT_RETURNED is not zero; route locale is not a GSC language dimension; page-level indexing unavailable
enneagram,instinctual_subtype,type-1/self-preservation,zh-CN,enneagram/type-1/instincts/self-preservation,https://fermatmind.com/zh/personality/enneagram/type-1/instincts/self-preservation,https://fermatmind.com/zh/personality/enneagram/type-1/instincts/self-preservation,https://fermatmind.com/en/personality/enneagram/type-1/instincts/self-preservation,https://fermatmind.com/zh/personality/enneagram/type-1/instincts/self-preservation,"index, follow",200,,true,true,true,true,true,published,fap-api:personality_public_content_assets,enneagram:zh-CN:instinctual_subtype:type-1/self-preservation,一号自保副型：准备、维护与资源条件的观察,一号自保副型是“类型 × 本能”的传统次级假设，用来观察一号式标准关注是否更多出现在准备、维护、防错和资源管理中。观察一号自保准备，必须同时比较物质条件、岗位规范和反例，不能把清单或储备写成生物驱力的确定证据。,一号自保副型：准备、维护与资源条件的观察,1401,961b11551931c4746a31f660264f4d5fe5d37c37c40f4b3641fc79a2f579a984,5,6,NOT_RETURNED,NOT_RETURNED,NOT_RETURNED,NOT_RETURNED,NOT_RETURNED,NOT_RETURNED,NOT_RETURNED,NOT_RETURNED,NOT_RETURNED,NOT_RETURNED,NOT_RETURNED,NOT_RETURNED,UNKNOWN_PAGE_LEVEL,2026-07-27T23:37:56.000000Z,VERIFIED_PUBLIC_AUTHORITY_M01_NOT_RETURNED,M01 Search Analytics top-row aggregate; NOT_RETURNED is not zero; route locale is not a GSC language dimension; page-level indexing unavailable
enneagram,instinctual_subtype,type-1/social,zh-CN,enneagram/type-1/instincts/social,https://fermatmind.com/zh/personality/enneagram/type-1/instincts/social,https://fermatmind.com/zh/personality/enneagram/type-1/instincts/social,https://fermatmind.com/en/personality/enneagram/type-1/instincts/social,https://fermatmind.com/zh/personality/enneagram/type-1/instincts/social,"index, follow",200,,true,true,true,true,true,published,fap-api:personality_public_content_assets,enneagram:zh-CN:instinctual_subtype:type-1/social,一号社群副型：共同标准、示范与制度情境,一号社群副型是传统的“类型 × 本能”假设，关注一号式纠偏是否更多通过共同标准、示范、教学和群体责任表现。观察一号社群共同标准，必须检查规则是否也约束提出者，并与岗位权力、制度要求和声誉激励比较。,一号社群副型：共同标准、示范与制度情境,1389,4718fb15b28fbe0c5434c043f735f9423be96994536fa1b70198b31164ec7e2b,5,6,NOT_RETURNED,NOT_RETURNED,NOT_RETURNED,NOT_RETURNED,NOT_RETURNED,NOT_RETURNED,NOT_RETURNED,NOT_RETURNED,NOT_RETURNED,NOT_RETURNED,NOT_RETURNED,NOT_RETURNED,UNKNOWN_PAGE_LEVEL,2026-07-27T23:37:56.000000Z,VERIFIED_PUBLIC_AUTHORITY_M01_NOT_RETURNED,M01 Search Analytics top-row aggregate; NOT_RETURNED is not zero; route locale is not a GSC language dimension; page-level indexing unavailable
enneagram,core_type,type-2,zh-CN,enneagram/type-2,https://fermatmind.com/zh/personality/enneagram/type-2,https://fermatmind.com/zh/personality/enneagram/type-2,https://fermatmind.com/en/personality/enneagram/type-2,https://fermatmind.com/zh/personality/enneagram/type-2,"index, follow",200,,true,true,true,true,true,published,fap-api:personality_public_content_assets,enneagram:zh-CN:core_type:type-2,二号观察假设：需要、连接与帮助边界,二号是九型人格传统中关于注意力反复落在他人需要、连接和“成为有用的人”上的观察假设。观察二号需要注意，必须区分对方实际提出的请求、自己推测的需要、提供帮助后的期待，以及被拒绝时的反应；热心本身不能证明固定类型。,二号观察假设：需要、连接与帮助边界,1522,d20469cf7d24b34ea04fa4c29576d5feedc94cda42ca5596ffa2fc89eb3643cc,11,9,NOT_RETURNED,NOT_RETURNED,NOT_RETURNED,NOT_RETURNED,NOT_RETURNED,NOT_RETURNED,NOT_RETURNED,NOT_RETURNED,NOT_RETURNED,NOT_RETURNED,NOT_RETURNED,NOT_RETURNED,UNKNOWN_PAGE_LEVEL,2026-07-27T23:37:56.000000Z,VERIFIED_PUBLIC_AUTHORITY_M01_NOT_RETURNED,M01 Search Analytics top-row aggregate; NOT_RETURNED is not zero; route locale is not a GSC language dimension; page-level indexing unavailable
enneagram,instinctual_subtype,type-2/one-to-one,zh-CN,enneagram/type-2/instincts/one-to-one,https://fermatmind.com/zh/personality/enneagram/type-2/instincts/one-to-one,https://fermatmind.com/zh/personality/enneagram/type-2/instincts/one-to-one,https://fermatmind.com/en/personality/enneagram/type-2/instincts/one-to-one,https://fermatmind.com/zh/personality/enneagram/type-2/instincts/one-to-one,"index, follow",200,,true,true,true,true,true,published,fap-api:personality_public_content_assets,enneagram:zh-CN:instinctual_subtype:type-2/one-to-one,二号一对一副型：集中关注、可用性与互惠,二号一对一副型是传统的“类型 × 本能”假设，观察二号式需要与连接是否集中在一段关系，通过专注、可用性和直接参与表现。观察二号一对一集中关注，必须记录同意、拒绝、互惠和其他关系中的可比事件。,二号一对一副型：集中关注、可用性与互惠,1235,b0bb3c26289b82952c23ddeb763916177c7268dc145ca6036a4492d983081417,5,6,NOT_RETURNED,NOT_RETURNED,NOT_RETURNED,NOT_RETURNED,NOT_RETURNED,NOT_RETURNED,NOT_RETURNED,NOT_RETURNED,NOT_RETURNED,NOT_RETURNED,NOT_RETURNED,NOT_RETURNED,UNKNOWN_PAGE_LEVEL,2026-07-27T23:37:56.000000Z,VERIFIED_PUBLIC_AUTHORITY_M01_NOT_RETURNED,M01 Search Analytics top-row aggregate; NOT_RETURNED is not zero; route locale is not a GSC language dimension; page-level indexing unavailable
enneagram,instinctual_subtype,type-2/self-preservation,zh-CN,enneagram/type-2/instincts/self-preservation,https://fermatmind.com/zh/personality/enneagram/type-2/instincts/self-preservation,https://fermatmind.com/zh/personality/enneagram/type-2/instincts/self-preservation,https://fermatmind.com/en/personality/enneagram/type-2/instincts/self-preservation,https://fermatmind.com/zh/personality/enneagram/type-2/instincts/self-preservation,"index, follow",200,,true,true,true,true,true,published,fap-api:personality_public_content_assets,enneagram:zh-CN:instinctual_subtype:type-2/self-preservation,二号自保副型：实际照顾与接受关怀的观察,二号自保副型是传统的“类型 × 本能”假设，观察二号式连接是否更多通过舒适、实际支持、资源交换和间接接受关怀表现。观察二号自保接受关怀，需要记录直接请求、资源限制和环境条件，不能把照顾方式写成生物确定性。,二号自保副型：实际照顾与接受关怀的观察,1264,e4544232f20d346207a24a3bb113ffc851b82c90806abaf2a0fb36caf4c13bd7,5,6,NOT_RETURNED,NOT_RETURNED,NOT_RETURNED,NOT_RETURNED,NOT_RETURNED,NOT_RETURNED,NOT_RETURNED,NOT_RETURNED,NOT_RETURNED,NOT_RETURNED,NOT_RETURNED,NOT_RETURNED,UNKNOWN_PAGE_LEVEL,2026-07-27T23:37:56.000000Z,VERIFIED_PUBLIC_AUTHORITY_M01_NOT_RETURNED,M01 Search Analytics top-row aggregate; NOT_RETURNED is not zero; route locale is not a GSC language dimension; page-level indexing unavailable
enneagram,instinctual_subtype,type-2/social,zh-CN,enneagram/type-2/instincts/social,https://fermatmind.com/zh/personality/enneagram/type-2/instincts/social,https://fermatmind.com/zh/personality/enneagram/type-2/instincts/social,https://fermatmind.com/en/personality/enneagram/type-2/instincts/social,https://fermatmind.com/zh/personality/enneagram/type-2/instincts/social,"index, follow",200,,true,true,true,true,true,published,fap-api:personality_public_content_assets,enneagram:zh-CN:instinctual_subtype:type-2/social,二号社群副型：群体有用位置与网络贡献,二号社群副型是传统的“类型 × 本能”假设，观察二号式需要与连接是否更多通过群体角色、网络、贡献和“在更大范围有用”表现。观察二号社群群体有用，需要比较角色变化、资源分配和公开认可。,二号社群副型：群体有用位置与网络贡献,1251,d6ffbcf42e38eff682e45c37d949ac7eef34b0336d707cbe27e5a5c233d18e2b,5,6,NOT_RETURNED,NOT_RETURNED,NOT_RETURNED,NOT_RETURNED,NOT_RETURNED,NOT_RETURNED,NOT_RETURNED,NOT_RETURNED,NOT_RETURNED,NOT_RETURNED,NOT_RETURNED,NOT_RETURNED,UNKNOWN_PAGE_LEVEL,2026-07-27T23:37:56.000000Z,VERIFIED_PUBLIC_AUTHORITY_M01_NOT_RETURNED,M01 Search Analytics top-row aggregate; NOT_RETURNED is not zero; route locale is not a GSC language dimension; page-level indexing unavailable
enneagram,core_type,type-3,zh-CN,enneagram/type-3,https://fermatmind.com/zh/personality/enneagram/type-3,https://fermatmind.com/zh/personality/enneagram/type-3,https://fermatmind.com/en/personality/enneagram/type-3,https://fermatmind.com/zh/personality/enneagram/type-3,"index, follow",200,,true,true,true,true,true,published,fap-api:personality_public_content_assets,enneagram:zh-CN:core_type:type-3,第三型：从目标、认可与情境适配提出可修正假设,第三型是一种传统九型观察假设：注意力可能反复回到可见成果、被认可的价值，以及如何适配当前情境的评价标准。完成目标本身不能证明动机；岗位责任、生计压力、训练、竞赛和资源限制都可能产生相同行为。,第三型：从目标、认可与情境适配提出可修正假设,1749,d5d0fc2e3ea7ba7c6df6efe645971fb5a32631ec8ae28bcd8c09d3d32429f90d,11,9,0,2,0,58,NOT_RETURNED,NOT_RETURNED,NOT_RETURNED,NOT_RETURNED,0,2,0,58,UNKNOWN_PAGE_LEVEL,2026-07-27T23:37:56.000000Z,VERIFIED_PUBLIC_AUTHORITY_M01_GSC,M01 Search Analytics top-row aggregate; NOT_RETURNED is not zero; route locale is not a GSC language dimension; page-level indexing unavailable
enneagram,instinctual_subtype,type-3/one-to-one,zh-CN,enneagram/type-3/instincts/one-to-one,https://fermatmind.com/zh/personality/enneagram/type-3/instincts/one-to-one,https://fermatmind.com/zh/personality/enneagram/type-3/instincts/one-to-one,https://fermatmind.com/en/personality/enneagram/type-3/instincts/one-to-one,https://fermatmind.com/zh/personality/enneagram/type-3/instincts/one-to-one,"index, follow",200,,true,true,true,true,true,published,fap-api:personality_public_content_assets,enneagram:zh-CN:instinctual_subtype:type-3/one-to-one,第三型一对一副型：以定向吸引力为线索的匹配比较假设,第三型一对一副型是一种传统且证据有限的假设：成就注意力可能通过对特定对象有说服力、理想搭档形象或被某个人欣赏来表达。魅力和外表不能证明副型；销售岗位、吸引力规范、表演训练和不对等评价都可能产生相似表现。,第三型一对一副型：以定向吸引力为线索的匹配比较假设,1486,3c7ff4f9f881c307ce65c59d9fed4e1b70337887cc5d52c81b1b4728326641bb,5,6,NOT_RETURNED,NOT_RETURNED,NOT_RETURNED,NOT_RETURNED,NOT_RETURNED,NOT_RETURNED,NOT_RETURNED,NOT_RETURNED,NOT_RETURNED,NOT_RETURNED,NOT_RETURNED,NOT_RETURNED,UNKNOWN_PAGE_LEVEL,2026-07-27T23:37:56.000000Z,VERIFIED_PUBLIC_AUTHORITY_M01_NOT_RETURNED,M01 Search Analytics top-row aggregate; NOT_RETURNED is not zero; route locale is not a GSC language dimension; page-level indexing unavailable
enneagram,instinctual_subtype,type-3/self-preservation,zh-CN,enneagram/type-3/instincts/self-preservation,https://fermatmind.com/zh/personality/enneagram/type-3/instincts/self-preservation,https://fermatmind.com/zh/personality/enneagram/type-3/instincts/self-preservation,https://fermatmind.com/en/personality/enneagram/type-3/instincts/self-preservation,https://fermatmind.com/zh/personality/enneagram/type-3/instincts/self-preservation,"index, follow",200,,true,true,true,true,true,published,fap-api:personality_public_content_assets,enneagram:zh-CN:instinctual_subtype:type-3/self-preservation,第三型自保副型：以稳定交付为线索的匹配比较假设,第三型自保副型是一种传统且证据有限的假设：成就注意力可能更多通过稳定交付、资源连续性和较少公开展示来表达。可靠不能证明副型；经济风险、照护责任、运维岗位和缺少替补都可能要求相同行为。,第三型自保副型：以稳定交付为线索的匹配比较假设,1505,e4d6748fc9fdc117645402fff2f7c09daa5070a4abfeea5aa07e02616ac174bb,5,6,NOT_RETURNED,NOT_RETURNED,NOT_RETURNED,NOT_RETURNED,NOT_RETURNED,NOT_RETURNED,NOT_RETURNED,NOT_RETURNED,NOT_RETURNED,NOT_RETURNED,NOT_RETURNED,NOT_RETURNED,UNKNOWN_PAGE_LEVEL,2026-07-27T23:37:56.000000Z,VERIFIED_PUBLIC_AUTHORITY_M01_NOT_RETURNED,M01 Search Analytics top-row aggregate; NOT_RETURNED is not zero; route locale is not a GSC language dimension; page-level indexing unavailable
enneagram,instinctual_subtype,type-3/social,zh-CN,enneagram/type-3/instincts/social,https://fermatmind.com/zh/personality/enneagram/type-3/instincts/social,https://fermatmind.com/zh/personality/enneagram/type-3/instincts/social,https://fermatmind.com/en/personality/enneagram/type-3/instincts/social,https://fermatmind.com/zh/personality/enneagram/type-3/instincts/social,"index, follow",200,,true,true,true,true,true,published,fap-api:personality_public_content_assets,enneagram:zh-CN:instinctual_subtype:type-3/social,第三型社交副型：以群体标准与位置为线索的匹配比较假设,第三型社交副型是一种传统且证据有限的假设：成就注意力可能通过群体认可、位置和被看见的贡献表达。公开带队不能证明副型；晋升制度、代表职责、薪酬差异和不平等权力都可能产生相同行为。,第三型社交副型：以群体标准与位置为线索的匹配比较假设,1455,b5abb444fa57a42ab2a8cf1d11292acfa4d89ddc06a1241aa2c7b83b475bc9bf,5,6,NOT_RETURNED,NOT_RETURNED,NOT_RETURNED,NOT_RETURNED,NOT_RETURNED,NOT_RETURNED,NOT_RETURNED,NOT_RETURNED,NOT_RETURNED,NOT_RETURNED,NOT_RETURNED,NOT_RETURNED,UNKNOWN_PAGE_LEVEL,2026-07-27T23:37:56.000000Z,VERIFIED_PUBLIC_AUTHORITY_M01_NOT_RETURNED,M01 Search Analytics top-row aggregate; NOT_RETURNED is not zero; route locale is not a GSC language dimension; page-level indexing unavailable
enneagram,core_type,type-4,zh-CN,enneagram/type-4,https://fermatmind.com/zh/personality/enneagram/type-4,https://fermatmind.com/zh/personality/enneagram/type-4,https://fermatmind.com/en/personality/enneagram/type-4,https://fermatmind.com/zh/personality/enneagram/type-4,"index, follow",200,,true,true,true,true,true,published,fap-api:personality_public_content_assets,enneagram:zh-CN:core_type:type-4,第四型：从身份、意义与差异感提出可修正假设,第四型是一种传统九型观察假设：注意力可能反复回到身份、个人意义、感到不同，以及尚未拥有或正在向往的部分。创作、悲伤、独特审美和情绪语言都不能证明动机；文化表达、专业训练、失去、排斥和当下处境可能产生相似表现。,第四型：从身份、意义与差异感提出可修正假设,1442,bd92d514e523e58e8bad585fa9470214cc9285611dd1e0a57e65d0fc23c279d8,11,9,NOT_RETURNED,NOT_RETURNED,NOT_RETURNED,NOT_RETURNED,NOT_RETURNED,NOT_RETURNED,NOT_RETURNED,NOT_RETURNED,NOT_RETURNED,NOT_RETURNED,NOT_RETURNED,NOT_RETURNED,UNKNOWN_PAGE_LEVEL,2026-07-27T23:37:56.000000Z,VERIFIED_PUBLIC_AUTHORITY_M01_NOT_RETURNED,M01 Search Analytics top-row aggregate; NOT_RETURNED is not zero; route locale is not a GSC language dimension; page-level indexing unavailable
enneagram,instinctual_subtype,type-4/one-to-one,zh-CN,enneagram/type-4/instincts/one-to-one,https://fermatmind.com/zh/personality/enneagram/type-4/instincts/one-to-one,https://fermatmind.com/zh/personality/enneagram/type-4/instincts/one-to-one,https://fermatmind.com/en/personality/enneagram/type-4/instincts/one-to-one,https://fermatmind.com/zh/personality/enneagram/type-4/instincts/one-to-one,"index, follow",200,,true,true,true,true,true,published,fap-api:personality_public_content_assets,enneagram:zh-CN:instinctual_subtype:type-4/one-to-one,第四型一对一副型：围绕焦点强度的匹配观察假设,第四型一对一副型是一种传统且证据有限的假设：身份与意义关注可能通过焦点比较、强度，以及检验某段具体关系能否容纳差异出现。强烈表达不能证明副型；冲突、吸引力规范、创伤经历、竞争和不平等权力都可能形成相似表现。,第四型一对一副型：围绕焦点强度的匹配观察假设,1201,c2048557e73a818012d69ddc424fba94cad9ad25888cb7a4f71094f50156ff74,5,6,NOT_RETURNED,NOT_RETURNED,NOT_RETURNED,NOT_RETURNED,NOT_RETURNED,NOT_RETURNED,NOT_RETURNED,NOT_RETURNED,NOT_RETURNED,NOT_RETURNED,NOT_RETURNED,NOT_RETURNED,UNKNOWN_PAGE_LEVEL,2026-07-27T23:37:56.000000Z,VERIFIED_PUBLIC_AUTHORITY_M01_NOT_RETURNED,M01 Search Analytics top-row aggregate; NOT_RETURNED is not zero; route locale is not a GSC language dimension; page-level indexing unavailable
enneagram,instinctual_subtype,type-4/self-preservation,zh-CN,enneagram/type-4/instincts/self-preservation,https://fermatmind.com/zh/personality/enneagram/type-4/instincts/self-preservation,https://fermatmind.com/zh/personality/enneagram/type-4/instincts/self-preservation,https://fermatmind.com/en/personality/enneagram/type-4/instincts/self-preservation,https://fermatmind.com/zh/personality/enneagram/type-4/instincts/self-preservation,"index, follow",200,,true,true,true,true,true,published,fap-api:personality_public_content_assets,enneagram:zh-CN:instinctual_subtype:type-4/self-preservation,第四型自保副型：在现实压力下观察克制意义的匹配假设,第四型自保副型是一种传统且证据有限的假设：身份与意义关注可能通过克制表达、承受和具有个人意义的努力出现。承受不能证明副型；照护、经济限制、不安全环境、歧视和岗位责任都可能要求相同克制。,第四型自保副型：在现实压力下观察克制意义的匹配假设,1185,2c02428935683a08b369190274d10e1893a16de737b7437bc80252a518444949,5,6,NOT_RETURNED,NOT_RETURNED,NOT_RETURNED,NOT_RETURNED,NOT_RETURNED,NOT_RETURNED,NOT_RETURNED,NOT_RETURNED,NOT_RETURNED,NOT_RETURNED,NOT_RETURNED,NOT_RETURNED,UNKNOWN_PAGE_LEVEL,2026-07-27T23:37:56.000000Z,VERIFIED_PUBLIC_AUTHORITY_M01_NOT_RETURNED,M01 Search Analytics top-row aggregate; NOT_RETURNED is not zero; route locale is not a GSC language dimension; page-level indexing unavailable
enneagram,instinctual_subtype,type-4/social,zh-CN,enneagram/type-4/instincts/social,https://fermatmind.com/zh/personality/enneagram/type-4/instincts/social,https://fermatmind.com/zh/personality/enneagram/type-4/instincts/social,https://fermatmind.com/en/personality/enneagram/type-4/instincts/social,https://fermatmind.com/zh/personality/enneagram/type-4/instincts/social,"index, follow",200,,true,true,true,true,true,published,fap-api:personality_public_content_assets,enneagram:zh-CN:instinctual_subtype:type-4/social,第四型社交副型：围绕归属比较的匹配观察假设,第四型社交副型是一种传统且证据有限的假设：身份与意义关注可能通过比较、归属，以及感到重要群体拥有自己缺少的部分出现。群体不适不能证明副型；排斥、歧视、身份规则、迁移和不平等入口都可能产生相同体验。,第四型社交副型：围绕归属比较的匹配观察假设,1154,09b707531bf5f23009c554e39baa55f727bed1c21603447935a76a69e46bc4d1,5,6,NOT_RETURNED,NOT_RETURNED,NOT_RETURNED,NOT_RETURNED,NOT_RETURNED,NOT_RETURNED,NOT_RETURNED,NOT_RETURNED,NOT_RETURNED,NOT_RETURNED,NOT_RETURNED,NOT_RETURNED,UNKNOWN_PAGE_LEVEL,2026-07-27T23:37:56.000000Z,VERIFIED_PUBLIC_AUTHORITY_M01_NOT_RETURNED,M01 Search Analytics top-row aggregate; NOT_RETURNED is not zero; route locale is not a GSC language dimension; page-level indexing unavailable
enneagram,core_type,type-5,zh-CN,enneagram/type-5,https://fermatmind.com/zh/personality/enneagram/type-5,https://fermatmind.com/zh/personality/enneagram/type-5,https://fermatmind.com/en/personality/enneagram/type-5,https://fermatmind.com/zh/personality/enneagram/type-5,"index, follow",200,,true,true,true,true,true,published,fap-api:personality_public_content_assets,enneagram:zh-CN:core_type:type-5,第五型：知识、胜任准备与精力边界的可修正假设,第五型是九型人格中的传统观察假设，关注点可能反复落在知识、胜任准备、私人空间与可用精力上。查资料、独处或少表达并不能证明动机，因为专业训练、工作负荷、无障碍需求、保密规则、远程协作、文化习惯与安全处境都可能形成相似表现。本页直接说明知识胜任准备如何观察、私人空间可用精力如何比较，以及专业训练工作负荷保密规则如何核对。,第五型：知识、胜任准备与精力边界的可修正假设,1480,a68d81829c34355a01f88e9fe47305ec6ce493e7aa50f2aad07617b2c31124b7,11,9,NOT_RETURNED,NOT_RETURNED,NOT_RETURNED,NOT_RETURNED,NOT_RETURNED,NOT_RETURNED,NOT_RETURNED,NOT_RETURNED,NOT_RETURNED,NOT_RETURNED,NOT_RETURNED,NOT_RETURNED,UNKNOWN_PAGE_LEVEL,2026-07-27T23:37:56.000000Z,VERIFIED_PUBLIC_AUTHORITY_M01_NOT_RETURNED,M01 Search Analytics top-row aggregate; NOT_RETURNED is not zero; route locale is not a GSC language dimension; page-level indexing unavailable
enneagram,instinctual_subtype,type-5/one-to-one,zh-CN,enneagram/type-5/instincts/one-to-one,https://fermatmind.com/zh/personality/enneagram/type-5/instincts/one-to-one,https://fermatmind.com/zh/personality/enneagram/type-5/instincts/one-to-one,https://fermatmind.com/en/personality/enneagram/type-5/instincts/one-to-one,https://fermatmind.com/zh/personality/enneagram/type-5/instincts/one-to-one,"index, follow",200,,true,true,true,true,true,published,fap-api:personality_public_content_assets,enneagram:zh-CN:instinctual_subtype:type-5/one-to-one,第五型一对一副型：选择性深度披露与信任的假设,第五型一对一副型是传统二级假设，关注点可能落在选择性深度披露、聚焦信任与向特定对象交换内在想法。深谈、导师关系、保密场景或小圈子不能证明副型，因为安全条件、依恋规范、角色边界、同意、权力与共同专长都会塑造相似模式。本页直接说明选择深度披露信任如何观察、深谈导师保密场景如何比较，以及安全依恋同意权力如何核对。,第五型一对一副型：选择性深度披露与信任的假设,1342,2c30a6f16f90622e4aa17a0afbb76367411fd940bf3c92a11dc46f3c02595772,5,6,NOT_RETURNED,NOT_RETURNED,NOT_RETURNED,NOT_RETURNED,NOT_RETURNED,NOT_RETURNED,NOT_RETURNED,NOT_RETURNED,NOT_RETURNED,NOT_RETURNED,NOT_RETURNED,NOT_RETURNED,UNKNOWN_PAGE_LEVEL,2026-07-27T23:37:56.000000Z,VERIFIED_PUBLIC_AUTHORITY_M01_NOT_RETURNED,M01 Search Analytics top-row aggregate; NOT_RETURNED is not zero; route locale is not a GSC language dimension; page-level indexing unavailable
enneagram,instinctual_subtype,type-5/self-preservation,zh-CN,enneagram/type-5/instincts/self-preservation,https://fermatmind.com/zh/personality/enneagram/type-5/instincts/self-preservation,https://fermatmind.com/zh/personality/enneagram/type-5/instincts/self-preservation,https://fermatmind.com/en/personality/enneagram/type-5/instincts/self-preservation,https://fermatmind.com/zh/personality/enneagram/type-5/instincts/self-preservation,"index, follow",200,,true,true,true,true,true,published,fap-api:personality_public_content_assets,enneagram:zh-CN:instinctual_subtype:type-5/self-preservation,第五型自保副型：空间、资源与低需求边界的假设,第五型自保副型是传统二级假设，关注点可能落在空间、资源、低需求安排与保护可用精力上。独立房间、储备物品或减少接触不能证明副型，因为资源稀缺、住房条件、无障碍需要、照护责任、远程工作、保密义务与安全处境都可能解释同样选择。本页直接说明空间资源低需求如何观察、资源稀缺住房无障碍如何比较，以及照护远程工作保密义务如何核对。,第五型自保副型：空间、资源与低需求边界的假设,1379,5b63c655998f24d4f7aa042620f4a0880f5266602c5eb5d87e438698f3541dfa,5,6,NOT_RETURNED,NOT_RETURNED,NOT_RETURNED,NOT_RETURNED,NOT_RETURNED,NOT_RETURNED,NOT_RETURNED,NOT_RETURNED,NOT_RETURNED,NOT_RETURNED,NOT_RETURNED,NOT_RETURNED,UNKNOWN_PAGE_LEVEL,2026-07-27T23:37:56.000000Z,VERIFIED_PUBLIC_AUTHORITY_M01_NOT_RETURNED,M01 Search Analytics top-row aggregate; NOT_RETURNED is not zero; route locale is not a GSC language dimension; page-level indexing unavailable
enneagram,instinctual_subtype,type-5/social,zh-CN,enneagram/type-5/instincts/social,https://fermatmind.com/zh/personality/enneagram/type-5/instincts/social,https://fermatmind.com/zh/personality/enneagram/type-5/instincts/social,https://fermatmind.com/en/personality/enneagram/type-5/instincts/social,https://fermatmind.com/zh/personality/enneagram/type-5/instincts/social,"index, follow",200,,true,true,true,true,true,published,fap-api:personality_public_content_assets,enneagram:zh-CN:instinctual_subtype:type-5/social,第五型社群副型：知识角色、专长与群体交换的假设,第五型社群副型是传统二级假设，关注点可能落在知识角色、被认可的专长以及群体中的理解交换。教学、证书、专业术语或选择性参与不能证明副型，因为学术层级、职业职责、资质制度、不平等机会、地位规则与社群规范都会形成相似模式。本页直接说明知识角色认可专长如何观察、教学证书专业术语如何比较，以及学术层级资质机会如何核对。,第五型社群副型：知识角色、专长与群体交换的假设,1281,0356bf611f3089bda31f977059435a27b3323613652573d91462862fddc29ce7,5,6,NOT_RETURNED,NOT_RETURNED,NOT_RETURNED,NOT_RETURNED,NOT_RETURNED,NOT_RETURNED,NOT_RETURNED,NOT_RETURNED,NOT_RETURNED,NOT_RETURNED,NOT_RETURNED,NOT_RETURNED,UNKNOWN_PAGE_LEVEL,2026-07-27T23:37:56.000000Z,VERIFIED_PUBLIC_AUTHORITY_M01_NOT_RETURNED,M01 Search Analytics top-row aggregate; NOT_RETURNED is not zero; route locale is not a GSC language dimension; page-level indexing unavailable
enneagram,core_type,type-6,zh-CN,enneagram/type-6,https://fermatmind.com/zh/personality/enneagram/type-6,https://fermatmind.com/zh/personality/enneagram/type-6,https://fermatmind.com/en/personality/enneagram/type-6,https://fermatmind.com/zh/personality/enneagram/type-6,"index, follow",200,,true,true,true,true,true,published,fap-api:personality_public_content_assets,enneagram:zh-CN:core_type:type-6,第六型：不确定性、支持与信任更新的可修正假设,第六型是九型人格中的传统观察假设，关注点可能反复落在不确定性、可信支持、潜在问题与可执行预案上。提问、谨慎、忠诚或怀疑不能证明动机，因为真实风险、治理职责、歧视处境、创伤安全、资源不稳与近期故障都可能形成相似表现。本页直接说明不确定支持问题如何观察、谨慎忠诚怀疑如何比较，以及真实风险治理歧视如何核对。,第六型：不确定性、支持与信任更新的可修正假设,1373,aa15c6afce1b97dbc343e9b614cc9df4b570b9a588fc2b5326a59192a72db5c9,11,9,NOT_RETURNED,NOT_RETURNED,NOT_RETURNED,NOT_RETURNED,NOT_RETURNED,NOT_RETURNED,NOT_RETURNED,NOT_RETURNED,NOT_RETURNED,NOT_RETURNED,NOT_RETURNED,NOT_RETURNED,UNKNOWN_PAGE_LEVEL,2026-07-27T23:37:56.000000Z,VERIFIED_PUBLIC_AUTHORITY_M01_NOT_RETURNED,M01 Search Analytics top-row aggregate; NOT_RETURNED is not zero; route locale is not a GSC language dimension; page-level indexing unavailable
enneagram,instinctual_subtype,type-6/one-to-one,zh-CN,enneagram/type-6/instincts/one-to-one,https://fermatmind.com/zh/personality/enneagram/type-6/instincts/one-to-one,https://fermatmind.com/zh/personality/enneagram/type-6/instincts/one-to-one,https://fermatmind.com/en/personality/enneagram/type-6/instincts/one-to-one,https://fermatmind.com/zh/personality/enneagram/type-6/instincts/one-to-one,"index, follow",200,,true,true,true,true,true,published,fap-api:personality_public_content_assets,enneagram:zh-CN:instinctual_subtype:type-6/one-to-one,第六型一对一副型：直接挑战、勇气展示与检验威胁的假设,第六型一对一副型是传统二级假设，关注点可能落在直接挑战、勇气展示与检验威胁。这种表现不能证明副型，因为真实危险、自卫训练、歧视、骚扰、竞赛规则、创伤安全与权力不平等都可能塑造相同行为。本页直接说明直接挑战、勇气展示与检验威胁如何观察、真实危险、自卫训练、歧视、骚扰、竞赛规则、创伤安全与权力不平等如何比较，以及危险程度、同意、退出机会与训练如何匹配。,第六型一对一副型：直接挑战、勇气展示与检验威胁的假设,1366,40c122302bd70e97ac8d5ee8199127bab49084a0928070d12ba9a34c46706f44,5,6,NOT_RETURNED,NOT_RETURNED,NOT_RETURNED,NOT_RETURNED,NOT_RETURNED,NOT_RETURNED,NOT_RETURNED,NOT_RETURNED,NOT_RETURNED,NOT_RETURNED,NOT_RETURNED,NOT_RETURNED,UNKNOWN_PAGE_LEVEL,2026-07-27T23:37:56.000000Z,VERIFIED_PUBLIC_AUTHORITY_M01_NOT_RETURNED,M01 Search Analytics top-row aggregate; NOT_RETURNED is not zero; route locale is not a GSC language dimension; page-level indexing unavailable
enneagram,instinctual_subtype,type-6/self-preservation,zh-CN,enneagram/type-6/instincts/self-preservation,https://fermatmind.com/zh/personality/enneagram/type-6/instincts/self-preservation,https://fermatmind.com/zh/personality/enneagram/type-6/instincts/self-preservation,https://fermatmind.com/en/personality/enneagram/type-6/instincts/self-preservation,https://fermatmind.com/zh/personality/enneagram/type-6/instincts/self-preservation,"index, follow",200,,true,true,true,true,true,published,fap-api:personality_public_content_assets,enneagram:zh-CN:instinctual_subtype:type-6/self-preservation,第六型自保副型：实际安全、温暖联盟与资源连续的假设,第六型自保副型是传统二级假设，关注点可能落在实际安全、温暖联盟与资源连续。这种表现不能证明副型，因为资源稀缺、住房不稳、无障碍需要、照护责任、危险工作与互助需要都可能塑造相同行为。本页直接说明实际安全、温暖联盟与资源连续如何观察、资源稀缺、住房不稳、无障碍需要、照护责任、危险工作与互助需要如何比较，以及资源可得性、照护责任与可靠支持如何匹配。,第六型自保副型：实际安全、温暖联盟与资源连续的假设,1359,2066ddd1e548eca58ed533ad0196ae6d3374a16cba4d6890f60e66aaeb860dba,5,6,NOT_RETURNED,NOT_RETURNED,NOT_RETURNED,NOT_RETURNED,NOT_RETURNED,NOT_RETURNED,NOT_RETURNED,NOT_RETURNED,NOT_RETURNED,NOT_RETURNED,NOT_RETURNED,NOT_RETURNED,UNKNOWN_PAGE_LEVEL,2026-07-27T23:37:56.000000Z,VERIFIED_PUBLIC_AUTHORITY_M01_NOT_RETURNED,M01 Search Analytics top-row aggregate; NOT_RETURNED is not zero; route locale is not a GSC language dimension; page-level indexing unavailable
enneagram,instinctual_subtype,type-6/social,zh-CN,enneagram/type-6/instincts/social,https://fermatmind.com/zh/personality/enneagram/type-6/instincts/social,https://fermatmind.com/zh/personality/enneagram/type-6/instincts/social,https://fermatmind.com/en/personality/enneagram/type-6/instincts/social,https://fermatmind.com/zh/personality/enneagram/type-6/instincts/social,"index, follow",200,,true,true,true,true,true,published,fap-api:personality_public_content_assets,enneagram:zh-CN:instinctual_subtype:type-6/social,第六型社群副型：职责、规则、权威与角色清晰的假设,第六型社群副型是传统二级假设，关注点可能落在职责、规则、权威与角色清晰。这种表现不能证明副型，因为法律要求、职业层级、制度风险、不平等问责、歧视与公共责任都可能塑造相同行为。本页直接说明职责、规则、权威与角色清晰如何观察、法律要求、职业层级、制度风险、不平等问责、歧视与公共责任如何比较，以及规则后果、职位权力与拒绝代价如何匹配。,第六型社群副型：职责、规则、权威与角色清晰的假设,1311,6717fc6e22022a9cf49676ed1a3620286f317274bc83ec09506fece983f001b8,5,6,NOT_RETURNED,NOT_RETURNED,NOT_RETURNED,NOT_RETURNED,NOT_RETURNED,NOT_RETURNED,NOT_RETURNED,NOT_RETURNED,NOT_RETURNED,NOT_RETURNED,NOT_RETURNED,NOT_RETURNED,UNKNOWN_PAGE_LEVEL,2026-07-27T23:37:56.000000Z,VERIFIED_PUBLIC_AUTHORITY_M01_NOT_RETURNED,M01 Search Analytics top-row aggregate; NOT_RETURNED is not zero; route locale is not a GSC language dimension; page-level indexing unavailable
enneagram,core_type,type-7,zh-CN,enneagram/type-7,https://fermatmind.com/zh/personality/enneagram/type-7,https://fermatmind.com/zh/personality/enneagram/type-7,https://fermatmind.com/en/personality/enneagram/type-7,https://fermatmind.com/zh/personality/enneagram/type-7,"index, follow",200,,true,true,true,true,true,published,fap-api:personality_public_content_assets,enneagram:zh-CN:core_type:type-7,第七型：可能性、自由与保留选项的可修正观察假设,第七型是一种传统九型人格观察假设，关注注意力是否反复回到可能性、自由与保留选项，并可能借助重构不适与未来规划维持行动感。点子多、乐观、旅行或兴趣广不能证明动机；创意岗位、注意力差异、迁移经历、承诺负荷与现实限制都可能造成相似表现。,第七型：可能性、自由与保留选项的可修正观察假设,1484,ec6cf355254208d5d848b70918cf87e24a9d8c3c7fc49d9d067e5c95953e5cf1,11,9,0,3,0,6.666667,0,1,0,9,0,4,0,7.25,UNKNOWN_PAGE_LEVEL,2026-07-27T23:37:56.000000Z,VERIFIED_PUBLIC_AUTHORITY_M01_GSC,M01 Search Analytics top-row aggregate; NOT_RETURNED is not zero; route locale is not a GSC language dimension; page-level indexing unavailable
enneagram,instinctual_subtype,type-7/one-to-one,zh-CN,enneagram/type-7/instincts/one-to-one,https://fermatmind.com/zh/personality/enneagram/type-7/instincts/one-to-one,https://fermatmind.com/zh/personality/enneagram/type-7/instincts/one-to-one,https://fermatmind.com/en/personality/enneagram/type-7/instincts/one-to-one,https://fermatmind.com/zh/personality/enneagram/type-7/instincts/one-to-one,"index, follow",200,,true,true,true,true,true,published,fap-api:personality_public_content_assets,enneagram:zh-CN:instinctual_subtype:type-7/one-to-one,第七型一对一副型：着迷、理想化可能性与强度的观察假设,第七型一对一副型是传统且证据有限的假设，把第七型可能性与着迷、理想化可能性、强度及对人或体验的投射结合。兴奋不能证明副型；新鲜感、吸引、创作投入、操纵与权力不等、未满足需要与关系初期热情都可能产生相似表现。,第七型一对一副型：着迷、理想化可能性与强度的观察假设,1332,07cc49e4a297a867784bd089ddf8c64539bc19d15cd48d9ea3ee0b490e74ab8b,5,6,0,5,0,7.6,NOT_RETURNED,NOT_RETURNED,NOT_RETURNED,NOT_RETURNED,0,5,0,7.6,UNKNOWN_PAGE_LEVEL,2026-07-27T23:37:56.000000Z,VERIFIED_PUBLIC_AUTHORITY_M01_GSC,M01 Search Analytics top-row aggregate; NOT_RETURNED is not zero; route locale is not a GSC language dimension; page-level indexing unavailable
enneagram,instinctual_subtype,type-7/self-preservation,zh-CN,enneagram/type-7/instincts/self-preservation,https://fermatmind.com/zh/personality/enneagram/type-7/instincts/self-preservation,https://fermatmind.com/zh/personality/enneagram/type-7/instincts/self-preservation,https://fermatmind.com/en/personality/enneagram/type-7/instincts/self-preservation,https://fermatmind.com/zh/personality/enneagram/type-7/instincts/self-preservation,"index, follow",200,,true,true,true,true,true,published,fap-api:personality_public_content_assets,enneagram:zh-CN:instinctual_subtype:type-7/self-preservation,第七型自保副型：实际选项、资源与互惠联盟的观察假设,第七型自保副型是传统且证据有限的假设，把第七型可能性与实际选项、资源、舒适可得性和互惠联盟结合。会找渠道或准备物资不能证明副型；资源稀缺与照护责任、住房安全与无障碍需要、迁移和日常互助都可能造成相同行为。,第七型自保副型：实际选项、资源与互惠联盟的观察假设,1324,b37523ecc1dce3c259dd654e5286002619e899766d18abd0e4417bc816caef5b,5,6,NOT_RETURNED,NOT_RETURNED,NOT_RETURNED,NOT_RETURNED,NOT_RETURNED,NOT_RETURNED,NOT_RETURNED,NOT_RETURNED,NOT_RETURNED,NOT_RETURNED,NOT_RETURNED,NOT_RETURNED,UNKNOWN_PAGE_LEVEL,2026-07-27T23:37:56.000000Z,VERIFIED_PUBLIC_AUTHORITY_M01_NOT_RETURNED,M01 Search Analytics top-row aggregate; NOT_RETURNED is not zero; route locale is not a GSC language dimension; page-level indexing unavailable
enneagram,instinctual_subtype,type-7/social,zh-CN,enneagram/type-7/instincts/social,https://fermatmind.com/zh/personality/enneagram/type-7/instincts/social,https://fermatmind.com/zh/personality/enneagram/type-7/instincts/social,https://fermatmind.com/en/personality/enneagram/type-7/instincts/social,https://fermatmind.com/zh/personality/enneagram/type-7/instincts/social,"index, follow",200,,true,true,true,true,true,published,fap-api:personality_public_content_assets,enneagram:zh-CN:instinctual_subtype:type-7/social,第七型社群副型：贡献、共同可能性与认可张力的观察假设,第七型社群副型是传统且证据有限的假设，把第七型可能性与贡献、共同可能性、群体理想和认可张力结合。服务或牺牲不能证明副型；无偿劳动与职业责任、社群生存、地位激励、歧视与角色期待都可能形成相似行为。,第七型社群副型：贡献、共同可能性与认可张力的观察假设,1292,cf05a538303c2ef9a8fb7487b49ebb03c3a2c742dfa4a3b81ab77216d9009b93,5,6,0,1,0,13,NOT_RETURNED,NOT_RETURNED,NOT_RETURNED,NOT_RETURNED,0,1,0,13,UNKNOWN_PAGE_LEVEL,2026-07-27T23:37:56.000000Z,VERIFIED_PUBLIC_AUTHORITY_M01_GSC,M01 Search Analytics top-row aggregate; NOT_RETURNED is not zero; route locale is not a GSC language dimension; page-level indexing unavailable
enneagram,core_type,type-8,zh-CN,enneagram/type-8,https://fermatmind.com/zh/personality/enneagram/type-8,https://fermatmind.com/zh/personality/enneagram/type-8,https://fermatmind.com/en/personality/enneagram/type-8,https://fermatmind.com/zh/personality/enneagram/type-8,"index, follow",200,,true,true,true,true,true,published,fap-api:personality_public_content_assets,enneagram:zh-CN:core_type:type-8,第八型：自主、直接影响与保护边界的可修正观察假设,第八型是一种传统九型人格观察假设，关注注意力是否反复回到自主、直接影响与保护，以及对控制、脆弱与清楚边界的处理。强势或领导表现不能证明动机；权威、危机职责与真实危险、倡导任务、歧视、文化、训练和权力不等都可能造成相似行为。,第八型：自主、直接影响与保护边界的可修正观察假设,1398,d72c6946d3802e4b7d226ac08582c1e72a9270ee9bd8415aeeca93e8c3fd8207,11,9,NOT_RETURNED,NOT_RETURNED,NOT_RETURNED,NOT_RETURNED,NOT_RETURNED,NOT_RETURNED,NOT_RETURNED,NOT_RETURNED,NOT_RETURNED,NOT_RETURNED,NOT_RETURNED,NOT_RETURNED,UNKNOWN_PAGE_LEVEL,2026-07-27T23:37:56.000000Z,VERIFIED_PUBLIC_AUTHORITY_M01_NOT_RETURNED,M01 Search Analytics top-row aggregate; NOT_RETURNED is not zero; route locale is not a GSC language dimension; page-level indexing unavailable
enneagram,instinctual_subtype,type-8/one-to-one,zh-CN,enneagram/type-8/instincts/one-to-one,https://fermatmind.com/zh/personality/enneagram/type-8/instincts/one-to-one,https://fermatmind.com/zh/personality/enneagram/type-8/instincts/one-to-one,https://fermatmind.com/en/personality/enneagram/type-8/instincts/one-to-one,https://fermatmind.com/zh/personality/enneagram/type-8/instincts/one-to-one,"index, follow",200,,true,true,true,true,true,published,fap-api:personality_public_content_assets,enneagram:zh-CN:instinctual_subtype:type-8/one-to-one,第八型一对一副型：强度、占有与相互影响的观察假设,第八型一对一副型是传统且证据有限的假设，把第八型自主与强度、占有、相互影响，以及同意、拒绝与权力平等结合。对抗或强烈联结不能证明副型；强迫、创伤安全与依赖不等、文化规范、关系约定、骚扰和真实危险都可能形成相似表现。,第八型一对一副型：强度、占有与相互影响的观察假设,1266,2373a9fe2f7a69ae4939f819c83700935fa0c4f8e85f1b00613be6adcb9553e3,5,6,NOT_RETURNED,NOT_RETURNED,NOT_RETURNED,NOT_RETURNED,NOT_RETURNED,NOT_RETURNED,NOT_RETURNED,NOT_RETURNED,NOT_RETURNED,NOT_RETURNED,NOT_RETURNED,NOT_RETURNED,UNKNOWN_PAGE_LEVEL,2026-07-27T23:37:56.000000Z,VERIFIED_PUBLIC_AUTHORITY_M01_NOT_RETURNED,M01 Search Analytics top-row aggregate; NOT_RETURNED is not zero; route locale is not a GSC language dimension; page-level indexing unavailable
enneagram,instinctual_subtype,type-8/self-preservation,zh-CN,enneagram/type-8/instincts/self-preservation,https://fermatmind.com/zh/personality/enneagram/type-8/instincts/self-preservation,https://fermatmind.com/zh/personality/enneagram/type-8/instincts/self-preservation,https://fermatmind.com/en/personality/enneagram/type-8/instincts/self-preservation,https://fermatmind.com/zh/personality/enneagram/type-8/instincts/self-preservation,"index, follow",200,,true,true,true,true,true,published,fap-api:personality_public_content_assets,enneagram:zh-CN:instinctual_subtype:type-8/self-preservation,第八型自保副型：物质控制、领地与直接需要的观察假设,第八型自保副型是传统且证据有限的假设，把第八型自主与物质控制、领地、直接需要，以及资源可得、生存与实际自主结合。准备物资或守护空间不能证明副型；稀缺、住房风险与无障碍需要、照护、危险工作、财产责任和既往失窃都可能要求相同行为。,第八型自保副型：物质控制、领地与直接需要的观察假设,1227,0d54d130d725412172037564ddee49f9579806eddea41e41812248bb9dfd9f09,5,6,NOT_RETURNED,NOT_RETURNED,NOT_RETURNED,NOT_RETURNED,NOT_RETURNED,NOT_RETURNED,NOT_RETURNED,NOT_RETURNED,NOT_RETURNED,NOT_RETURNED,NOT_RETURNED,NOT_RETURNED,UNKNOWN_PAGE_LEVEL,2026-07-27T23:37:56.000000Z,VERIFIED_PUBLIC_AUTHORITY_M01_NOT_RETURNED,M01 Search Analytics top-row aggregate; NOT_RETURNED is not zero; route locale is not a GSC language dimension; page-level indexing unavailable
enneagram,instinctual_subtype,type-8/social,zh-CN,enneagram/type-8/instincts/social,https://fermatmind.com/zh/personality/enneagram/type-8/instincts/social,https://fermatmind.com/zh/personality/enneagram/type-8/instincts/social,https://fermatmind.com/en/personality/enneagram/type-8/instincts/social,https://fermatmind.com/zh/personality/enneagram/type-8/instincts/social,"index, follow",200,,true,true,true,true,true,published,fap-api:personality_public_content_assets,enneagram:zh-CN:instinctual_subtype:type-8/social,第八型社群副型：团结、保护与群体力量的观察假设,第八型社群副型是传统且证据有限的假设，把第八型自主与团结、保护、群体力量，以及公正、忠诚与集体行动结合。倡导不能证明副型；倡导职责、歧视与制度失灵、工会角色、社群防卫、政治条件和当事人直接请求都可能形成相似行为。,第八型社群副型：团结、保护与群体力量的观察假设,1243,debda05ca772998647fe7db04f28844eb66fe8d8242e7c8cb41569638a4c69cd,5,6,NOT_RETURNED,NOT_RETURNED,NOT_RETURNED,NOT_RETURNED,NOT_RETURNED,NOT_RETURNED,NOT_RETURNED,NOT_RETURNED,NOT_RETURNED,NOT_RETURNED,NOT_RETURNED,NOT_RETURNED,UNKNOWN_PAGE_LEVEL,2026-07-27T23:37:56.000000Z,VERIFIED_PUBLIC_AUTHORITY_M01_NOT_RETURNED,M01 Search Analytics top-row aggregate; NOT_RETURNED is not zero; route locale is not a GSC language dimension; page-level indexing unavailable
enneagram,core_type,type-9,zh-CN,enneagram/type-9,https://fermatmind.com/zh/personality/enneagram/type-9,https://fermatmind.com/zh/personality/enneagram/type-9,https://fermatmind.com/en/personality/enneagram/type-9,https://fermatmind.com/zh/personality/enneagram/type-9,"index, follow",200,,true,true,true,true,true,published,fap-api:personality_public_content_assets,enneagram:zh-CN:core_type:type-9,九号核心：从稳定连接到优先级回收的可修正假设,九号是九型人格传统框架中的观察假设，可关注稳定连接、优先级模糊、冲突推迟以及重新接触自身议程的过程。温和或配合本身不能证明动机；调停职责、低权力位置、文化礼仪、疲劳、残障、创伤安全策略或现实危险都可能造成相似表现，替代解释需要核对。,九号核心：从稳定连接到优先级回收的可修正假设,1349,f0d1bd1dd9a87b4741ea5dc70793e64c8f2f7f24e41a2978326df3b658b76e4f,11,9,NOT_RETURNED,NOT_RETURNED,NOT_RETURNED,NOT_RETURNED,NOT_RETURNED,NOT_RETURNED,NOT_RETURNED,NOT_RETURNED,NOT_RETURNED,NOT_RETURNED,NOT_RETURNED,NOT_RETURNED,UNKNOWN_PAGE_LEVEL,2026-07-27T23:37:56.000000Z,VERIFIED_PUBLIC_AUTHORITY_M01_NOT_RETURNED,M01 Search Analytics top-row aggregate; NOT_RETURNED is not zero; route locale is not a GSC language dimension; page-level indexing unavailable
enneagram,instinctual_subtype,type-9/one-to-one,zh-CN,enneagram/type-9/instincts/one-to-one,https://fermatmind.com/zh/personality/enneagram/type-9/instincts/one-to-one,https://fermatmind.com/zh/personality/enneagram/type-9/instincts/one-to-one,https://fermatmind.com/en/personality/enneagram/type-9/instincts/one-to-one,https://fermatmind.com/zh/personality/enneagram/type-9/instincts/one-to-one,"index, follow",200,,true,true,true,true,true,published,fap-api:personality_public_content_assets,enneagram:zh-CN:instinctual_subtype:type-9/one-to-one,九号一对一副型：调谐亲密与独立偏好的次级观察,九号一对一是传统次级观察假设，把九号稳定模式与调谐、共同身份、强连接以及难以定位独立偏好联系起来，但不描述身体机制。相似的一致也可能来自关怀、翻译协助、残障支持、经济依赖、文化妥协、胁迫或现实安全需要。,九号一对一副型：调谐亲密与独立偏好的次级观察,1183,75c62775dbd9d58de01220200c4deaf9d8952ea12a99137b8a6f290578a2e682,5,6,NOT_RETURNED,NOT_RETURNED,NOT_RETURNED,NOT_RETURNED,NOT_RETURNED,NOT_RETURNED,NOT_RETURNED,NOT_RETURNED,NOT_RETURNED,NOT_RETURNED,NOT_RETURNED,NOT_RETURNED,UNKNOWN_PAGE_LEVEL,2026-07-27T23:37:56.000000Z,VERIFIED_PUBLIC_AUTHORITY_M01_NOT_RETURNED,M01 Search Analytics top-row aggregate; NOT_RETURNED is not zero; route locale is not a GSC language dimension; page-level indexing unavailable
enneagram,instinctual_subtype,type-9/self-preservation,zh-CN,enneagram/type-9/instincts/self-preservation,https://fermatmind.com/zh/personality/enneagram/type-9/instincts/self-preservation,https://fermatmind.com/zh/personality/enneagram/type-9/instincts/self-preservation,https://fermatmind.com/en/personality/enneagram/type-9/instincts/self-preservation,https://fermatmind.com/zh/personality/enneagram/type-9/instincts/self-preservation,"index, follow",200,,true,true,true,true,true,published,fap-api:personality_public_content_assets,enneagram:zh-CN:instinctual_subtype:type-9/self-preservation,九号自保副型：日常舒适与优先级的次级观察,九号自保是传统次级观察假设，把九号稳定模式与日常惯例、舒适、熟悉活动、维护事务和物质连续性联系起来，但不描述身体机制。重复行为也可能来自贫困、残障、慢性负荷、照护、恢复、感官需要、轮班工作或对稳定资源的合理需求。,九号自保副型：日常舒适与优先级的次级观察,1226,bb6aca6025f0c962c2153663559d83da8bc59ad6940b415df6db1d883c031bdc,5,6,NOT_RETURNED,NOT_RETURNED,NOT_RETURNED,NOT_RETURNED,NOT_RETURNED,NOT_RETURNED,NOT_RETURNED,NOT_RETURNED,NOT_RETURNED,NOT_RETURNED,NOT_RETURNED,NOT_RETURNED,UNKNOWN_PAGE_LEVEL,2026-07-27T23:37:56.000000Z,VERIFIED_PUBLIC_AUTHORITY_M01_NOT_RETURNED,M01 Search Analytics top-row aggregate; NOT_RETURNED is not zero; route locale is not a GSC language dimension; page-level indexing unavailable
enneagram,instinctual_subtype,type-9/social,zh-CN,enneagram/type-9/instincts/social,https://fermatmind.com/zh/personality/enneagram/type-9/instincts/social,https://fermatmind.com/zh/personality/enneagram/type-9/instincts/social,https://fermatmind.com/en/personality/enneagram/type-9/instincts/social,https://fermatmind.com/zh/personality/enneagram/type-9/instincts/social,"index, follow",200,,true,true,true,true,true,published,fap-api:personality_public_content_assets,enneagram:zh-CN:instinctual_subtype:type-9/social,九号社交副型：参与归属与个人议程的次级假设,九号社交是传统次级观察假设，把九号稳定模式与参与、共同劳动、群体节奏、归属以及个人议程变得不清楚联系起来，但不描述身体机制。服务也可能来自岗位职责、集体文化、互助规范、排斥风险、少数压力、家庭义务或不平等的发言机会。,九号社交副型：参与归属与个人议程的次级假设,1237,410ed686faed5cde7383651dbe108ecb9a6cac26eb258759f5938c828203c2ea,5,6,NOT_RETURNED,NOT_RETURNED,NOT_RETURNED,NOT_RETURNED,NOT_RETURNED,NOT_RETURNED,NOT_RETURNED,NOT_RETURNED,NOT_RETURNED,NOT_RETURNED,NOT_RETURNED,NOT_RETURNED,UNKNOWN_PAGE_LEVEL,2026-07-27T23:37:56.000000Z,VERIFIED_PUBLIC_AUTHORITY_M01_NOT_RETURNED,M01 Search Analytics top-row aggregate; NOT_RETURNED is not zero; route locale is not a GSC language dimension; page-level indexing unavailable
enneagram,wing,1w2,zh-CN,enneagram/wings/1w2,https://fermatmind.com/zh/personality/enneagram/wings/1w2,https://fermatmind.com/zh/personality/enneagram/wings/1w2,https://fermatmind.com/en/personality/enneagram/wings/1w2,https://fermatmind.com/zh/personality/enneagram/wings/1w2,"index, follow",200,,true,true,true,true,true,published,fap-api:personality_public_content_assets,enneagram:zh-CN:wing:1w2,1w2 观察页：直接帮助如何改变修订方式,1w2 是以一号标准与修订关注为核心、用二号相邻特征解释直接参与和关系修复的传统次级假设。观察1w2参与改善，不能只看是否热心，还要记录帮助是否受邀、标准是否清楚，以及被拒绝后能否把决定权交还对方。,1w2 观察页：直接帮助如何改变修订方式,1364,c6cc197e10795d86b753d224fc519dd2a4aa5a179f22aba038a6399cc6c545b2,4,6,1,33,3.030303,6.575758,NOT_RETURNED,NOT_RETURNED,NOT_RETURNED,NOT_RETURNED,1,33,3.030303,6.575758,UNKNOWN_PAGE_LEVEL,2026-07-27T23:37:56.000000Z,VERIFIED_PUBLIC_AUTHORITY_M01_GSC,M01 Search Analytics top-row aggregate; NOT_RETURNED is not zero; route locale is not a GSC language dimension; page-level indexing unavailable
enneagram,wing,1w9,zh-CN,enneagram/wings/1w9,https://fermatmind.com/zh/personality/enneagram/wings/1w9,https://fermatmind.com/zh/personality/enneagram/wings/1w9,https://fermatmind.com/en/personality/enneagram/wings/1w9,https://fermatmind.com/zh/personality/enneagram/wings/1w9,"index, follow",200,,true,true,true,true,true,published,fap-api:personality_public_content_assets,enneagram:zh-CN:wing:1w9,1w9 观察页：克制表达是否服务于实际修正,1w9 是以一号为核心、以九号相邻特征为修饰的传统假设。观察1w9克制修正，要看平缓语气、延后表达或降低冲突是否最终带来具体改动，而不是把安静、随和或慢节奏直接当成独立翼型证据。,1w9 观察页：克制表达是否服务于实际修正,1355,5c70373532b953cc8feb0206c466a3f69752b7eae7ec8f3f1fc44284d8046748,4,6,0,5,0,41.2,NOT_RETURNED,NOT_RETURNED,NOT_RETURNED,NOT_RETURNED,0,5,0,41.2,UNKNOWN_PAGE_LEVEL,2026-07-27T23:37:56.000000Z,VERIFIED_PUBLIC_AUTHORITY_M01_GSC,M01 Search Analytics top-row aggregate; NOT_RETURNED is not zero; route locale is not a GSC language dimension; page-level indexing unavailable
enneagram,wing,2w1,zh-CN,enneagram/wings/2w1,https://fermatmind.com/zh/personality/enneagram/wings/2w1,https://fermatmind.com/zh/personality/enneagram/wings/2w1,https://fermatmind.com/en/personality/enneagram/wings/2w1,https://fermatmind.com/zh/personality/enneagram/wings/2w1,"index, follow",200,,true,true,true,true,true,published,fap-api:personality_public_content_assets,enneagram:zh-CN:wing:2w1,2w1 观察页：原则性服务与同意边界,2w1 是以二号的需要与连接关注为核心、用一号相邻特征解释标准、克制和负责服务的传统次级假设。观察2w1原则服务，应记录标准是否保护同意和质量，而不是把有纪律的照护直接写成翼型证据。,2w1 观察页：原则性服务与同意边界,1205,8c0a9e20bd05487df0023ef7adc6e0329371ad1730561796ab471ce9b6a47d04,4,6,0,24,0,8.583333,NOT_RETURNED,NOT_RETURNED,NOT_RETURNED,NOT_RETURNED,0,24,0,8.583333,UNKNOWN_PAGE_LEVEL,2026-07-27T23:37:56.000000Z,VERIFIED_PUBLIC_AUTHORITY_M01_GSC,M01 Search Analytics top-row aggregate; NOT_RETURNED is not zero; route locale is not a GSC language dimension; page-level indexing unavailable
enneagram,wing,2w3,zh-CN,enneagram/wings/2w3,https://fermatmind.com/zh/personality/enneagram/wings/2w3,https://fermatmind.com/zh/personality/enneagram/wings/2w3,https://fermatmind.com/en/personality/enneagram/wings/2w3,https://fermatmind.com/zh/personality/enneagram/wings/2w3,"index, follow",200,,true,true,true,true,true,published,fap-api:personality_public_content_assets,enneagram:zh-CN:wing:2w3,2w3 观察页：可见成效、适应表达与连接,2w3 是以二号需要与连接关注为核心、用三号相邻特征解释适应表达、呈现和可见成效的传统次级假设。观察2w3可见成效，要比较公开与私下帮助、没有署名时的投入，以及回应变化后如何调整。,2w3 观察页：可见成效、适应表达与连接,1198,7d2c8c3b5d2460617b4ca63a3da161e88dc672bca6901fc0c98bd43460c4b436,4,6,NOT_RETURNED,NOT_RETURNED,NOT_RETURNED,NOT_RETURNED,NOT_RETURNED,NOT_RETURNED,NOT_RETURNED,NOT_RETURNED,NOT_RETURNED,NOT_RETURNED,NOT_RETURNED,NOT_RETURNED,UNKNOWN_PAGE_LEVEL,2026-07-27T23:37:56.000000Z,VERIFIED_PUBLIC_AUTHORITY_M01_NOT_RETURNED,M01 Search Analytics top-row aggregate; NOT_RETURNED is not zero; route locale is not a GSC language dimension; page-level indexing unavailable
enneagram,wing,3w2,zh-CN,enneagram/wings/3w2,https://fermatmind.com/zh/personality/enneagram/wings/3w2,https://fermatmind.com/zh/personality/enneagram/wings/3w2,https://fermatmind.com/en/personality/enneagram/wings/3w2,https://fermatmind.com/zh/personality/enneagram/wings/3w2,"index, follow",200,,true,true,true,true,true,published,fap-api:personality_public_content_assets,enneagram:zh-CN:wing:3w2,3w2：以成果为核心、以关系可见度为修饰的翼型假设,3w2 是证据有限、以第三型为核心的传统翼型假设：对可见成果的关注，可能受到第二型相邻主题中的连接、对他人有用和受众回应所修饰。会经营关系并不能证明翼型，客户岗位、团队奖励和行业礼仪都可能产生相似表现。,3w2：以成果为核心、以关系可见度为修饰的翼型假设,1465,a4733af5eb6ab67c341363411b1dfb6348cc881ad8ef190ee63a17cead72d167,4,6,0,15,0,6.266667,NOT_RETURNED,NOT_RETURNED,NOT_RETURNED,NOT_RETURNED,0,15,0,6.266667,UNKNOWN_PAGE_LEVEL,2026-07-27T23:37:56.000000Z,VERIFIED_PUBLIC_AUTHORITY_M01_GSC,M01 Search Analytics top-row aggregate; NOT_RETURNED is not zero; route locale is not a GSC language dimension; page-level indexing unavailable
enneagram,wing,3w4,zh-CN,enneagram/wings/3w4,https://fermatmind.com/zh/personality/enneagram/wings/3w4,https://fermatmind.com/zh/personality/enneagram/wings/3w4,https://fermatmind.com/en/personality/enneagram/wings/3w4,https://fermatmind.com/zh/personality/enneagram/wings/3w4,"index, follow",200,,true,true,true,true,true,published,fap-api:personality_public_content_assets,enneagram:zh-CN:wing:3w4,3w4：以成果为核心、以独特作品为修饰的翼型假设,3w4 是证据有限、以第三型为核心的传统翼型假设：对可见成果的关注，可能受到第四型相邻主题中的独特性、个人表达和理想比较所修饰。作品有辨识度不能证明翼型，专业分工、作品集要求和审美训练也会产生相似结果。,3w4：以成果为核心、以独特作品为修饰的翼型假设,1450,e631bfe79e5354099990502ee8188ee4c12514d88b9a80ef7de12ddfe90aedac,4,6,0,33,0,10.090909,NOT_RETURNED,NOT_RETURNED,NOT_RETURNED,NOT_RETURNED,0,33,0,10.090909,UNKNOWN_PAGE_LEVEL,2026-07-27T23:37:56.000000Z,VERIFIED_PUBLIC_AUTHORITY_M01_GSC,M01 Search Analytics top-row aggregate; NOT_RETURNED is not zero; route locale is not a GSC language dimension; page-level indexing unavailable
enneagram,wing,4w3,zh-CN,enneagram/wings/4w3,https://fermatmind.com/zh/personality/enneagram/wings/4w3,https://fermatmind.com/zh/personality/enneagram/wings/4w3,https://fermatmind.com/en/personality/enneagram/wings/4w3,https://fermatmind.com/zh/personality/enneagram/wings/4w3,"index, follow",200,,true,true,true,true,true,published,fap-api:personality_public_content_assets,enneagram:zh-CN:wing:4w3,4w3：以意义为核心、以可见表达为修饰的翼型假设,4w3 是证据有限、以第四型为核心的传统翼型假设：对身份和意义的关注，可能受到第三型相邻主题中的可见交付、受众认可与适配所修饰。个人品牌不能证明翼型，作品集规则、晋升激励和表达训练都可能形成相似表现。,4w3：以意义为核心、以可见表达为修饰的翼型假设,1144,ba8dafbc61dd2fa5547a5e8df139144a61f37dd4e5bd64dc51b9a46cf4672bb8,4,6,0,27,0,7.074074,NOT_RETURNED,NOT_RETURNED,NOT_RETURNED,NOT_RETURNED,0,27,0,7.074074,UNKNOWN_PAGE_LEVEL,2026-07-27T23:37:56.000000Z,VERIFIED_PUBLIC_AUTHORITY_M01_GSC,M01 Search Analytics top-row aggregate; NOT_RETURNED is not zero; route locale is not a GSC language dimension; page-level indexing unavailable
enneagram,wing,4w5,zh-CN,enneagram/wings/4w5,https://fermatmind.com/zh/personality/enneagram/wings/4w5,https://fermatmind.com/zh/personality/enneagram/wings/4w5,https://fermatmind.com/en/personality/enneagram/wings/4w5,https://fermatmind.com/zh/personality/enneagram/wings/4w5,"index, follow",200,,true,true,true,true,true,published,fap-api:personality_public_content_assets,enneagram:zh-CN:wing:4w5,4w5：以意义为核心、以私人深度为修饰的翼型假设,4w5 是证据有限、以第四型为核心的传统翼型假设：对身份和意义的关注，可能受到第五型相邻主题中的隐私、概念深度和选择性披露所修饰。独处研究或克制表达不能证明翼型，专业分工、保密、安全和无障碍需要都可能产生相似表现。,4w5：以意义为核心、以私人深度为修饰的翼型假设,1141,3b7cfdcec87948bdea7b1f0f48d2a83bec60dc3649a1d9e40eef03d0284abecd,4,6,0,7,0,6.571429,NOT_RETURNED,NOT_RETURNED,NOT_RETURNED,NOT_RETURNED,0,7,0,6.571429,UNKNOWN_PAGE_LEVEL,2026-07-27T23:37:56.000000Z,VERIFIED_PUBLIC_AUTHORITY_M01_GSC,M01 Search Analytics top-row aggregate; NOT_RETURNED is not zero; route locale is not a GSC language dimension; page-level indexing unavailable
enneagram,wing,5w4,zh-CN,enneagram/wings/5w4,https://fermatmind.com/zh/personality/enneagram/wings/5w4,https://fermatmind.com/zh/personality/enneagram/wings/5w4,https://fermatmind.com/en/personality/enneagram/wings/5w4,https://fermatmind.com/zh/personality/enneagram/wings/5w4,"index, follow",200,,true,true,true,true,true,published,fap-api:personality_public_content_assets,enneagram:zh-CN:wing:5w4,5w4：以第五型为主、关注个人综合与意义的翼型假设,5w4 是证据有限的翼型假设：第五型的知识、胜任准备、隐私与精力边界仍是核心，第四型只可能修饰为个人综合、意义感与原创表达。独特作品不能证明 5w4，因为创意训练、专业细分、文化语境、受众要求与项目署名也会产生相似结果。本页直接比较知识胜任准备隐私如何保持核心、个人综合意义原创如何作为修饰，以及创意训练专业细分文化如何形成替代解释。,5w4：以第五型为主、关注个人综合与意义的翼型假设,1276,eaa0797f9b926f59cff10e3507439bc19b0a2cd25291107ff5f9b145b631c9a0,4,6,0,20,0,6.55,NOT_RETURNED,NOT_RETURNED,NOT_RETURNED,NOT_RETURNED,0,20,0,6.55,UNKNOWN_PAGE_LEVEL,2026-07-27T23:37:56.000000Z,VERIFIED_PUBLIC_AUTHORITY_M01_GSC,M01 Search Analytics top-row aggregate; NOT_RETURNED is not zero; route locale is not a GSC language dimension; page-level indexing unavailable
enneagram,wing,5w6,zh-CN,enneagram/wings/5w6,https://fermatmind.com/zh/personality/enneagram/wings/5w6,https://fermatmind.com/zh/personality/enneagram/wings/5w6,https://fermatmind.com/en/personality/enneagram/wings/5w6,https://fermatmind.com/zh/personality/enneagram/wings/5w6,"index, follow",200,,true,true,true,true,true,published,fap-api:personality_public_content_assets,enneagram:zh-CN:wing:5w6,5w6：以第五型为主、关注验证与可靠方法的翼型假设,5w6 是证据有限的翼型假设：第五型的知识、胜任准备、隐私与精力边界仍是核心，第六型只可能修饰为验证、可靠方法与风险核对。谨慎流程不能证明 5w6，因为合规工作、质量保证、安全岗位、团队规范与问责结构都可能要求同样行为。本页直接比较知识胜任准备精力如何保持核心、验证可靠方法风险如何作为修饰，以及合规质量保证安全岗位如何形成替代解释。,5w6：以第五型为主、关注验证与可靠方法的翼型假设,1320,fedc292048c69662cbb7dd1525a1bd45c83e69e53c9418299bd8268c7afc5f99,4,6,0,36,0,14.055556,NOT_RETURNED,NOT_RETURNED,NOT_RETURNED,NOT_RETURNED,0,36,0,14.055556,UNKNOWN_PAGE_LEVEL,2026-07-27T23:37:56.000000Z,VERIFIED_PUBLIC_AUTHORITY_M01_GSC,M01 Search Analytics top-row aggregate; NOT_RETURNED is not zero; route locale is not a GSC language dimension; page-level indexing unavailable
enneagram,wing,6w5,zh-CN,enneagram/wings/6w5,https://fermatmind.com/zh/personality/enneagram/wings/6w5,https://fermatmind.com/zh/personality/enneagram/wings/6w5,https://fermatmind.com/en/personality/enneagram/wings/6w5,https://fermatmind.com/zh/personality/enneagram/wings/6w5,"index, follow",200,,true,true,true,true,true,published,fap-api:personality_public_content_assets,enneagram:zh-CN:wing:6w5,6w5：以第六型为主、关注证据、分析与私下准备的翼型假设,6w5 是证据有限的翼型假设：第六型的不确定性、支持、信任与预案仍是核心，相邻类型只可能修饰为证据、分析与私下准备。这种表现不能证明 6w5，因为研究训练、技术评审、保密要求、合规分析与专家岗位都会要求相似行为。本页直接说明第六型不确定支持如何保持核心、证据、分析与私下准备如何作为修饰，以及研究训练、技术评审、保密要求、合规分析与专家岗位如何形成替代解释。,6w5：以第六型为主、关注证据、分析与私下准备的翼型假设,1315,aeef422c50f67b9044158142b4e7053d7d45eb2850c71e3a05db5565c5991a19,4,6,0,23,0,13.695652,NOT_RETURNED,NOT_RETURNED,NOT_RETURNED,NOT_RETURNED,0,23,0,13.695652,UNKNOWN_PAGE_LEVEL,2026-07-27T23:37:56.000000Z,VERIFIED_PUBLIC_AUTHORITY_M01_GSC,M01 Search Analytics top-row aggregate; NOT_RETURNED is not zero; route locale is not a GSC language dimension; page-level indexing unavailable
enneagram,wing,6w7,zh-CN,enneagram/wings/6w7,https://fermatmind.com/zh/personality/enneagram/wings/6w7,https://fermatmind.com/zh/personality/enneagram/wings/6w7,https://fermatmind.com/en/personality/enneagram/wings/6w7,https://fermatmind.com/zh/personality/enneagram/wings/6w7,"index, follow",200,,true,true,true,true,true,published,fap-api:personality_public_content_assets,enneagram:zh-CN:wing:6w7,6w7：以第六型为主、关注选项、社交协调与主动试验的翼型假设,6w7 是证据有限的翼型假设：第六型的不确定性、支持、信任与预案仍是核心，相邻类型只可能修饰为选项、社交协调与主动试验。这种表现不能证明 6w7，因为协调职责、事故响应、销售工作、社群组织与时间压力都会要求相似行为。本页直接说明第六型不确定支持如何保持核心、选项、社交协调与主动试验如何作为修饰，以及协调职责、事故响应、销售工作、社群组织与时间压力如何形成替代解释。,6w7：以第六型为主、关注选项、社交协调与主动试验的翼型假设,1310,0707b508c60c992f0032c9a5f92a0d23a91b23a4bda109f839b4389d9bfeb7d0,4,6,0,2,0,14.5,NOT_RETURNED,NOT_RETURNED,NOT_RETURNED,NOT_RETURNED,0,2,0,14.5,UNKNOWN_PAGE_LEVEL,2026-07-27T23:37:56.000000Z,VERIFIED_PUBLIC_AUTHORITY_M01_GSC,M01 Search Analytics top-row aggregate; NOT_RETURNED is not zero; route locale is not a GSC language dimension; page-level indexing unavailable
enneagram,wing,7w6,zh-CN,enneagram/wings/7w6,https://fermatmind.com/zh/personality/enneagram/wings/7w6,https://fermatmind.com/zh/personality/enneagram/wings/7w6,https://fermatmind.com/en/personality/enneagram/wings/7w6,https://fermatmind.com/zh/personality/enneagram/wings/7w6,"index, follow",200,,true,true,true,true,true,published,fap-api:personality_public_content_assets,enneagram:zh-CN:wing:7w6,7w6：以第七型为主、关注协商、后备方案与共同计划的翼型假设,7w6 是证据有限的翼型假设：第七型选项与群体协商仍以可能性为核心，第六型可能增加后备方案、安心感与共同计划。善于交际或准备预案不能证明 7w6；协调职责、事故响应、团队规范、资金不稳与共同问责都可能要求相同行为。,7w6：以第七型为主、关注协商、后备方案与共同计划的翼型假设,1252,3608e451ad5aefde09e6d86a4741c97aa6f540fe845a1e79d18168f095852f61,4,6,0,24,0,7.541667,NOT_RETURNED,NOT_RETURNED,NOT_RETURNED,NOT_RETURNED,0,24,0,7.541667,UNKNOWN_PAGE_LEVEL,2026-07-27T23:37:56.000000Z,VERIFIED_PUBLIC_AUTHORITY_M01_GSC,M01 Search Analytics top-row aggregate; NOT_RETURNED is not zero; route locale is not a GSC language dimension; page-level indexing unavailable
enneagram,wing,7w8,zh-CN,enneagram/wings/7w8,https://fermatmind.com/zh/personality/enneagram/wings/7w8,https://fermatmind.com/zh/personality/enneagram/wings/7w8,https://fermatmind.com/en/personality/enneagram/wings/7w8,https://fermatmind.com/zh/personality/enneagram/wings/7w8,"index, follow",200,,true,true,true,true,true,published,fap-api:personality_public_content_assets,enneagram:zh-CN:wing:7w8,7w8：以第七型为主、关注杠杆、自主与直接推进的翼型假设,7w8 是证据有限的翼型假设：第七型可能性与直接推进仍以开放路线为主，第八型可能增加杠杆、自主与果断行动。速度或强势不能证明 7w8；领导职责与所有权、危机授权、谈判训练、资源优势与权力差异都可能形成相似表现。,7w8：以第七型为主、关注杠杆、自主与直接推进的翼型假设,1198,8621d1380c26b3dda175143a4671a675a38b15115b0e27727d71d22ec3c1c671,4,6,0,12,0,6.833333,NOT_RETURNED,NOT_RETURNED,NOT_RETURNED,NOT_RETURNED,0,12,0,6.833333,UNKNOWN_PAGE_LEVEL,2026-07-27T23:37:56.000000Z,VERIFIED_PUBLIC_AUTHORITY_M01_GSC,M01 Search Analytics top-row aggregate; NOT_RETURNED is not zero; route locale is not a GSC language dimension; page-level indexing unavailable
enneagram,wing,8w7,zh-CN,enneagram/wings/8w7,https://fermatmind.com/zh/personality/enneagram/wings/8w7,https://fermatmind.com/zh/personality/enneagram/wings/8w7,https://fermatmind.com/en/personality/enneagram/wings/8w7,https://fermatmind.com/zh/personality/enneagram/wings/8w7,"index, follow",200,,true,true,true,true,true,published,fap-api:personality_public_content_assets,enneagram:zh-CN:wing:8w7,8w7：以第八型为主、关注动量、选项与扩张行动的翼型假设,8w7 是证据有限的翼型假设：第八型自主与行动动量仍以直接影响为主，第七型可能增加选项、欲求与扩张行动。高速增长或精力旺盛不能证明 8w7；创业激励、危机节奏与销售目标、资源充足、市场波动和岗位授权都可能形成相同表现。,8w7：以第八型为主、关注动量、选项与扩张行动的翼型假设,1182,52bf36794f1c3fb0b0974108ceb40f07174d5f778a4d08d2f5fb75964fa036b5,4,6,0,5,0,6,NOT_RETURNED,NOT_RETURNED,NOT_RETURNED,NOT_RETURNED,0,5,0,6,UNKNOWN_PAGE_LEVEL,2026-07-27T23:37:56.000000Z,VERIFIED_PUBLIC_AUTHORITY_M01_GSC,M01 Search Analytics top-row aggregate; NOT_RETURNED is not zero; route locale is not a GSC language dimension; page-level indexing unavailable
enneagram,wing,8w9,zh-CN,enneagram/wings/8w9,https://fermatmind.com/zh/personality/enneagram/wings/8w9,https://fermatmind.com/zh/personality/enneagram/wings/8w9,https://fermatmind.com/en/personality/enneagram/wings/8w9,https://fermatmind.com/zh/personality/enneagram/wings/8w9,"index, follow",200,,true,true,true,true,true,published,fap-api:personality_public_content_assets,enneagram:zh-CN:wing:8w9,8w9：以第八型为主、关注稳态力量、领地与延迟反应的翼型假设,8w9 是证据有限的翼型假设：第八型自主与稳态力量仍为核心，第九型可能增加领地、耐受与延迟反应。平静权威或有压迫感的存在不能证明 8w9；财产职责、文化克制与恢复需要、资历、安保岗位和缓慢制度流程都可能造成相似表现。,8w9：以第八型为主、关注稳态力量、领地与延迟反应的翼型假设,1144,ab0309cfa12f1d9d225a9c34894325f4b38b395c263241c36e85b6d029df97b3,4,6,0,13,0,5.538462,NOT_RETURNED,NOT_RETURNED,NOT_RETURNED,NOT_RETURNED,0,13,0,5.538462,UNKNOWN_PAGE_LEVEL,2026-07-27T23:37:56.000000Z,VERIFIED_PUBLIC_AUTHORITY_M01_GSC,M01 Search Analytics top-row aggregate; NOT_RETURNED is not zero; route locale is not a GSC language dimension; page-level indexing unavailable
enneagram,wing,9w1,zh-CN,enneagram/wings/9w1,https://fermatmind.com/zh/personality/enneagram/wings/9w1,https://fermatmind.com/zh/personality/enneagram/wings/9w1,https://fermatmind.com/en/personality/enneagram/wings/9w1,https://fermatmind.com/zh/personality/enneagram/wings/9w1,"index, follow",200,,true,true,true,true,true,published,fap-api:personality_public_content_assets,enneagram:zh-CN:wing:9w1,9w1：稳定连接下的原则与秩序修饰假设,9w1是证据有限的翼型观察假设，以九号的稳定连接倾向为核心，把一号式秩序、公平标准、克制和安静纠正作为可能修饰。礼貌、尽责或重视流程不能证明9w1；合规要求、专业训练、文化表达、完美主义、低职位或报复风险也会造成类似表现。,9w1：稳定连接下的原则与秩序修饰假设,1159,12e9376c35a92cce01e5f9ec1f9710d28dd017308204f7e2610f3a74f76e12d5,4,6,0,17,0,8.823529,NOT_RETURNED,NOT_RETURNED,NOT_RETURNED,NOT_RETURNED,0,17,0,8.823529,UNKNOWN_PAGE_LEVEL,2026-07-27T23:37:56.000000Z,VERIFIED_PUBLIC_AUTHORITY_M01_GSC,M01 Search Analytics top-row aggregate; NOT_RETURNED is not zero; route locale is not a GSC language dimension; page-level indexing unavailable
enneagram,wing,9w8,zh-CN,enneagram/wings/9w8,https://fermatmind.com/zh/personality/enneagram/wings/9w8,https://fermatmind.com/zh/personality/enneagram/wings/9w8,https://fermatmind.com/en/personality/enneagram/wings/9w8,https://fermatmind.com/zh/personality/enneagram/wings/9w8,"index, follow",200,,true,true,true,true,true,published,fap-api:personality_public_content_assets,enneagram:zh-CN:wing:9w8,9w8：以九号稳定为核心的边界发力观察,9w8是证据有限的翼型观察假设，应先确认九号对稳定与连接的关注，再把八号式扎根抵抗、边界发力和保护倾向作为次要修饰。安静后变得强硬不能单独证明9w8；岗位授权、财产责任、危险、训练、反复侵害或权力不平等都可能产生相同顺序。,9w8：以九号稳定为核心的边界发力观察,1132,006dd57fa384368606e121ed9757cfe25787f0ca77b851fe6119c1342b3b11b9,4,6,0,30,0,7.233333,NOT_RETURNED,NOT_RETURNED,NOT_RETURNED,NOT_RETURNED,0,30,0,7.233333,UNKNOWN_PAGE_LEVEL,2026-07-27T23:37:56.000000Z,VERIFIED_PUBLIC_AUTHORITY_M01_GSC,M01 Search Analytics top-row aggregate; NOT_RETURNED is not zero; route locale is not a GSC language dimension; page-level indexing unavailable
mbti,base_type,ENTJ,zh-CN,entj,https://fermatmind.com/zh/personality/entj,https://fermatmind.com/zh/personality/entj,https://fermatmind.com/en/personality/entj,https://fermatmind.com/zh/personality/entj,"index, follow",200,,true,true,false,false,false,published,fap-api:personality_profiles,MBTI:zh-CN:base:ENTJ,ENTJ 人格指南,了解 ENTJ 的优势、弱项、人际模式和职业方向。,ENTJ - 指挥官,29,4f828383ca18fc831b83e877fe04d6c20ea02a692c9f89142712aff0e4ba4faa,0,0,NOT_RETURNED,NOT_RETURNED,NOT_RETURNED,NOT_RETURNED,NOT_RETURNED,NOT_RETURNED,NOT_RETURNED,NOT_RETURNED,NOT_RETURNED,NOT_RETURNED,NOT_RETURNED,NOT_RETURNED,UNKNOWN_PAGE_LEVEL,2026-07-15T08:39:45.000000Z,VERIFIED_PUBLIC_AUTHORITY_M01_NOT_RETURNED,M01 Search Analytics top-row aggregate; NOT_RETURNED is not zero; route locale is not a GSC language dimension; page-level indexing unavailable
mbti,variant,ENTJ-A,zh-CN,entj-a,https://fermatmind.com/zh/personality/entj-a,https://fermatmind.com/zh/personality/entj-a,https://fermatmind.com/en/personality/entj-a,https://fermatmind.com/zh/personality/entj-a,"index, follow",200,,true,true,true,true,true,published,fap-api:personality_profile_variants,MBTI:zh-CN:variant:ENTJ-A,ENTJ-A 人格特点：资源组织、目标推进和运营节奏 | FermatMind,了解 ENTJ-A 的资源组织、目标推进和运营节奏、适合与不适合的场景、A/T 差异、职业、关系、压力应对、常见误解与 FAQ。内容仅用于自我理解和成长复盘。,ENTJ - 指挥官,29,4f828383ca18fc831b83e877fe04d6c20ea02a692c9f89142712aff0e4ba4faa,1,0,NOT_RETURNED,NOT_RETURNED,NOT_RETURNED,NOT_RETURNED,NOT_RETURNED,NOT_RETURNED,NOT_RETURNED,NOT_RETURNED,NOT_RETURNED,NOT_RETURNED,NOT_RETURNED,NOT_RETURNED,UNKNOWN_PAGE_LEVEL,2026-03-18T05:20:12.000000Z,VERIFIED_PUBLIC_AUTHORITY_M01_NOT_RETURNED,M01 Search Analytics top-row aggregate; NOT_RETURNED is not zero; route locale is not a GSC language dimension; page-level indexing unavailable
mbti,at_comparison,entj-a-vs-entj-t,zh-CN,entj-a-vs-entj-t,https://fermatmind.com/zh/personality/entj-a-vs-entj-t,https://fermatmind.com/zh/personality/entj-a-vs-entj-t,https://fermatmind.com/en/personality/entj-a-vs-entj-t,https://fermatmind.com/zh/personality/entj-a-vs-entj-t,"index, follow",200,,true,true,true,true,true,published,fap-api:personality_profiles,MBTI:zh-CN:at_comparison:entj-a-vs-entj-t,ENTJ-A 和 ENTJ-T 的区别：指挥官 A/T 对比 | FermatMind,UNKNOWN,ENTJ-A 和 ENTJ-T 的区别：指挥官 A/T 对比 | FermatMind,17,7a0a5d7a3eaa02dc0d0c0b5e7897e2684c35e5e7336b1228f14814b489b97d01,1,0,NOT_RETURNED,NOT_RETURNED,NOT_RETURNED,NOT_RETURNED,NOT_RETURNED,NOT_RETURNED,NOT_RETURNED,NOT_RETURNED,NOT_RETURNED,NOT_RETURNED,NOT_RETURNED,NOT_RETURNED,UNKNOWN_PAGE_LEVEL,2026-07-15T08:39:45.000Z,VERIFIED_PUBLIC_AUTHORITY_M01_NOT_RETURNED,M01 Search Analytics top-row aggregate; NOT_RETURNED is not zero; route locale is not a GSC language dimension; page-level indexing unavailable
mbti,variant,ENTJ-T,zh-CN,entj-t,https://fermatmind.com/zh/personality/entj-t,https://fermatmind.com/zh/personality/entj-t,https://fermatmind.com/en/personality/entj-t,https://fermatmind.com/zh/personality/entj-t,"index, follow",200,,true,true,true,true,true,published,fap-api:personality_profile_variants,MBTI:zh-CN:variant:ENTJ-T,ENTJ-T 人格特点：资源组织、目标推进和运营节奏 | FermatMind,了解 ENTJ-T 的资源组织、目标推进和运营节奏、适合与不适合的场景、A/T 差异、职业、关系、压力应对、常见误解与 FAQ。内容仅用于自我理解和成长复盘。,ENTJ - 指挥官,29,4f828383ca18fc831b83e877fe04d6c20ea02a692c9f89142712aff0e4ba4faa,1,0,NOT_RETURNED,NOT_RETURNED,NOT_RETURNED,NOT_RETURNED,0,1,0,9,0,1,0,9,UNKNOWN_PAGE_LEVEL,2026-03-18T05:20:12.000000Z,VERIFIED_PUBLIC_AUTHORITY_M01_GSC,M01 Search Analytics top-row aggregate; NOT_RETURNED is not zero; route locale is not a GSC language dimension; page-level indexing unavailable
mbti,cross_type_comparison,entj-vs-intj,zh-CN,entj-vs-intj,https://fermatmind.com/zh/personality/entj-vs-intj,https://fermatmind.com/zh/personality/entj-vs-intj,https://fermatmind.com/en/personality/entj-vs-intj,https://fermatmind.com/zh/personality/entj-vs-intj,"index, follow",200,,true,true,true,true,true,published,fap-api:mbti_cross_type_comparison_authority,MBTI:zh-CN:cross_type:entj-vs-intj,ENTJ 和 INTJ 的区别：外部推进与内部战略建模,ENTJ 更容易通过组织行动校准现实，INTJ 更容易先在内部搭好长期模型。最大区别不是领导力强弱，而是战略如何进入现实。,ENTJ 和 INTJ 的区别：外部推进与内部战略建模,70,fb8ebfdf47f73c7e8e831e3a61f3e0f20f99922b95147f9bf7e6bda7ec78e540,2,0,0,14,0,17.571429,NOT_RETURNED,NOT_RETURNED,NOT_RETURNED,NOT_RETURNED,0,14,0,17.571429,UNKNOWN_PAGE_LEVEL,2026-08-10T04:20:12.000Z,VERIFIED_PUBLIC_AUTHORITY_M01_GSC,M01 Search Analytics top-row aggregate; NOT_RETURNED is not zero; route locale is not a GSC language dimension; page-level indexing unavailable
mbti,base_type,ENTP,zh-CN,entp,https://fermatmind.com/zh/personality/entp,https://fermatmind.com/zh/personality/entp,https://fermatmind.com/en/personality/entp,https://fermatmind.com/zh/personality/entp,"index, follow",200,,true,true,false,false,false,published,fap-api:personality_profiles,MBTI:zh-CN:base:ENTP,ENTP 人格指南,了解 ENTP 的优势、弱项、人际模式和职业方向。,ENTP - 辩论家,29,af5430b40773465c0434b30ce15d35ba6b44eecb36e8c48e5129ecaa79167a6b,0,0,NOT_RETURNED,NOT_RETURNED,NOT_RETURNED,NOT_RETURNED,NOT_RETURNED,NOT_RETURNED,NOT_RETURNED,NOT_RETURNED,NOT_RETURNED,NOT_RETURNED,NOT_RETURNED,NOT_RETURNED,UNKNOWN_PAGE_LEVEL,2026-07-15T08:39:45.000000Z,VERIFIED_PUBLIC_AUTHORITY_M01_NOT_RETURNED,M01 Search Analytics top-row aggregate; NOT_RETURNED is not zero; route locale is not a GSC language dimension; page-level indexing unavailable
mbti,variant,ENTP-A,zh-CN,entp-a,https://fermatmind.com/zh/personality/entp-a,https://fermatmind.com/zh/personality/entp-a,https://fermatmind.com/en/personality/entp-a,https://fermatmind.com/zh/personality/entp-a,"index, follow",200,,true,true,true,true,true,published,fap-api:personality_profile_variants,MBTI:zh-CN:variant:ENTP-A,ENTP-A 人格特点：可能性探索、观点碰撞和快速实验 | FermatMind,了解 ENTP-A 的可能性探索、观点碰撞和快速实验、适合与不适合的场景、A/T 差异、职业、关系、压力应对、常见误解与 FAQ。内容仅用于自我理解和成长复盘。,ENTP - 辩论家,29,af5430b40773465c0434b30ce15d35ba6b44eecb36e8c48e5129ecaa79167a6b,1,0,NOT_RETURNED,NOT_RETURNED,NOT_RETURNED,NOT_RETURNED,NOT_RETURNED,NOT_RETURNED,NOT_RETURNED,NOT_RETURNED,NOT_RETURNED,NOT_RETURNED,NOT_RETURNED,NOT_RETURNED,UNKNOWN_PAGE_LEVEL,2026-03-18T05:20:12.000000Z,VERIFIED_PUBLIC_AUTHORITY_M01_NOT_RETURNED,M01 Search Analytics top-row aggregate; NOT_RETURNED is not zero; route locale is not a GSC language dimension; page-level indexing unavailable
mbti,at_comparison,entp-a-vs-entp-t,zh-CN,entp-a-vs-entp-t,https://fermatmind.com/zh/personality/entp-a-vs-entp-t,https://fermatmind.com/zh/personality/entp-a-vs-entp-t,https://fermatmind.com/en/personality/entp-a-vs-entp-t,https://fermatmind.com/zh/personality/entp-a-vs-entp-t,"index, follow",200,,true,true,true,true,true,published,fap-api:personality_profiles,MBTI:zh-CN:at_comparison:entp-a-vs-entp-t,ENTP-A 和 ENTP-T 的区别：辩论家 A/T 对比 | FermatMind,UNKNOWN,ENTP-A 和 ENTP-T 的区别：辩论家 A/T 对比 | FermatMind,17,6d14e03d2ad16a7d0a8f9ce62fa1bfd7682ce9929700ee0d977e6812108c966b,1,0,NOT_RETURNED,NOT_RETURNED,NOT_RETURNED,NOT_RETURNED,NOT_RETURNED,NOT_RETURNED,NOT_RETURNED,NOT_RETURNED,NOT_RETURNED,NOT_RETURNED,NOT_RETURNED,NOT_RETURNED,UNKNOWN_PAGE_LEVEL,2026-07-15T08:39:45.000Z,VERIFIED_PUBLIC_AUTHORITY_M01_NOT_RETURNED,M01 Search Analytics top-row aggregate; NOT_RETURNED is not zero; route locale is not a GSC language dimension; page-level indexing unavailable
mbti,variant,ENTP-T,zh-CN,entp-t,https://fermatmind.com/zh/personality/entp-t,https://fermatmind.com/zh/personality/entp-t,https://fermatmind.com/en/personality/entp-t,https://fermatmind.com/zh/personality/entp-t,"index, follow",200,,true,true,true,true,true,published,fap-api:personality_profile_variants,MBTI:zh-CN:variant:ENTP-T,ENTP-T 人格特点：可能性探索、观点碰撞和快速实验 | FermatMind,了解 ENTP-T 的可能性探索、观点碰撞和快速实验、适合与不适合的场景、A/T 差异、职业、关系、压力应对、常见误解与 FAQ。内容仅用于自我理解和成长复盘。,ENTP - 辩论家,29,af5430b40773465c0434b30ce15d35ba6b44eecb36e8c48e5129ecaa79167a6b,1,0,NOT_RETURNED,NOT_RETURNED,NOT_RETURNED,NOT_RETURNED,NOT_RETURNED,NOT_RETURNED,NOT_RETURNED,NOT_RETURNED,NOT_RETURNED,NOT_RETURNED,NOT_RETURNED,NOT_RETURNED,UNKNOWN_PAGE_LEVEL,2026-03-18T05:20:12.000000Z,VERIFIED_PUBLIC_AUTHORITY_M01_NOT_RETURNED,M01 Search Analytics top-row aggregate; NOT_RETURNED is not zero; route locale is not a GSC language dimension; page-level indexing unavailable
mbti,base_type,ESFJ,zh-CN,esfj,https://fermatmind.com/zh/personality/esfj,https://fermatmind.com/zh/personality/esfj,https://fermatmind.com/en/personality/esfj,https://fermatmind.com/zh/personality/esfj,"index, follow",200,,true,true,false,false,false,published,fap-api:personality_profiles,MBTI:zh-CN:base:ESFJ,ESFJ 人格指南,了解 ESFJ 的优势、弱项、人际模式和职业方向。,ESFJ - 执政官,29,7229376298593a35168bab8750667e1adc190e01208e2c30170c87a8334eb52b,0,0,0,11,0,36.545455,NOT_RETURNED,NOT_RETURNED,NOT_RETURNED,NOT_RETURNED,0,11,0,36.545455,UNKNOWN_PAGE_LEVEL,2026-07-15T08:39:46.000000Z,VERIFIED_PUBLIC_AUTHORITY_M01_GSC,M01 Search Analytics top-row aggregate; NOT_RETURNED is not zero; route locale is not a GSC language dimension; page-level indexing unavailable
mbti,variant,ESFJ-A,zh-CN,esfj-a,https://fermatmind.com/zh/personality/esfj-a,https://fermatmind.com/zh/personality/esfj-a,https://fermatmind.com/en/personality/esfj-a,https://fermatmind.com/zh/personality/esfj-a,"index, follow",200,,true,true,true,true,true,published,fap-api:personality_profile_variants,MBTI:zh-CN:variant:ESFJ-A,ESFJ-A 执政官人格：特点、职业、关系与 A/T 差异 | FermatMind,ESFJ-A 是什么？了解 执政官 的核心特点、适合谁、不适合谁、常见误解、A/T 差异、职业关系压力场景和 FAQ。,ESFJ-A 执政官人格：特点、职业、关系与 A/T 差异 | FermatMind,23536,05dc4bac024afa3dc9e3d2a32f7d873c5e3e24971c24ecc6edfe4ffce5f765c5,2,37,1,32,3.125,10.375,0,2,0,6.5,1,36,2.777778,10,UNKNOWN_PAGE_LEVEL,2026-03-18T05:20:13.000000Z,VERIFIED_PUBLIC_AUTHORITY_M01_GSC,M01 Search Analytics top-row aggregate; NOT_RETURNED is not zero; route locale is not a GSC language dimension; page-level indexing unavailable
mbti,at_comparison,esfj-a-vs-esfj-t,zh-CN,esfj-a-vs-esfj-t,https://fermatmind.com/zh/personality/esfj-a-vs-esfj-t,https://fermatmind.com/zh/personality/esfj-a-vs-esfj-t,https://fermatmind.com/en/personality/esfj-a-vs-esfj-t,https://fermatmind.com/zh/personality/esfj-a-vs-esfj-t,"index, follow",200,,true,true,true,true,true,published,fap-api:personality_profiles,MBTI:zh-CN:at_comparison:esfj-a-vs-esfj-t,ESFJ-A 和 ESFJ-T 的区别：执政官 A/T 对比 | FermatMind,UNKNOWN,ESFJ-A 和 ESFJ-T 的区别：执政官 A/T 对比 | FermatMind,17,ef624f6b0b32837f7295774624b5d59b6d72f703099b59077c7e179a1d7a1d58,2,0,NOT_RETURNED,NOT_RETURNED,NOT_RETURNED,NOT_RETURNED,NOT_RETURNED,NOT_RETURNED,NOT_RETURNED,NOT_RETURNED,NOT_RETURNED,NOT_RETURNED,NOT_RETURNED,NOT_RETURNED,UNKNOWN_PAGE_LEVEL,2026-07-15T08:39:46.000Z,VERIFIED_PUBLIC_AUTHORITY_M01_NOT_RETURNED,M01 Search Analytics top-row aggregate; NOT_RETURNED is not zero; route locale is not a GSC language dimension; page-level indexing unavailable
mbti,variant,ESFJ-T,zh-CN,esfj-t,https://fermatmind.com/zh/personality/esfj-t,https://fermatmind.com/zh/personality/esfj-t,https://fermatmind.com/en/personality/esfj-t,https://fermatmind.com/zh/personality/esfj-t,"index, follow",200,,true,true,true,true,true,published,fap-api:personality_profile_variants,MBTI:zh-CN:variant:ESFJ-T,ESFJ-T 人格特点：共同需求、秩序维护和实际支持 | FermatMind,了解 ESFJ-T 的共同需求、秩序维护和实际支持、适合与不适合的场景、A/T 差异、职业、关系、压力应对、常见误解与 FAQ。内容仅用于自我理解和成长复盘。,ESFJ - 执政官,29,7229376298593a35168bab8750667e1adc190e01208e2c30170c87a8334eb52b,2,0,NOT_RETURNED,NOT_RETURNED,NOT_RETURNED,NOT_RETURNED,NOT_RETURNED,NOT_RETURNED,NOT_RETURNED,NOT_RETURNED,NOT_RETURNED,NOT_RETURNED,NOT_RETURNED,NOT_RETURNED,UNKNOWN_PAGE_LEVEL,2026-03-18T05:20:13.000000Z,VERIFIED_PUBLIC_AUTHORITY_M01_NOT_RETURNED,M01 Search Analytics top-row aggregate; NOT_RETURNED is not zero; route locale is not a GSC language dimension; page-level indexing unavailable
mbti,base_type,ESFP,zh-CN,esfp,https://fermatmind.com/zh/personality/esfp,https://fermatmind.com/zh/personality/esfp,https://fermatmind.com/en/personality/esfp,https://fermatmind.com/zh/personality/esfp,"index, follow",200,,true,true,false,false,false,published,fap-api:personality_profiles,MBTI:zh-CN:base:ESFP,ESFP 人格指南,了解 ESFP 的优势、弱项、人际模式和职业方向。,ESFP - 表演者,29,7afc202f7325534c7d330b57b9bf30d8efca5d0d2b52e56c221728359d9f1477,0,0,0,6,0,37.833333,NOT_RETURNED,NOT_RETURNED,NOT_RETURNED,NOT_RETURNED,0,6,0,37.833333,UNKNOWN_PAGE_LEVEL,2026-07-15T08:39:47.000000Z,VERIFIED_PUBLIC_AUTHORITY_M01_GSC,M01 Search Analytics top-row aggregate; NOT_RETURNED is not zero; route locale is not a GSC language dimension; page-level indexing unavailable
mbti,variant,ESFP-A,zh-CN,esfp-a,https://fermatmind.com/zh/personality/esfp-a,https://fermatmind.com/zh/personality/esfp-a,https://fermatmind.com/en/personality/esfp-a,https://fermatmind.com/zh/personality/esfp-a,"index, follow",200,,true,true,true,true,true,published,fap-api:personality_profile_variants,MBTI:zh-CN:variant:ESFP-A,ESFP-A 人格特点：体验连接、热情表达和实际带动 | FermatMind,了解 ESFP-A 的体验连接、热情表达和实际带动、适合与不适合的场景、A/T 差异、职业、关系、压力应对、常见误解与 FAQ。内容仅用于自我理解和成长复盘。,ESFP-A 人格特点,26202,a2a57d2768eab19062b1de9b63d0228954b889e6830880bdc8b59026bce0b2eb,3,37,0,1,0,10,0,8,0,5.625,0,11,0,5.909091,UNKNOWN_PAGE_LEVEL,2026-03-18T05:20:13.000000Z,VERIFIED_PUBLIC_AUTHORITY_M01_GSC,M01 Search Analytics top-row aggregate; NOT_RETURNED is not zero; route locale is not a GSC language dimension; page-level indexing unavailable
mbti,at_comparison,esfp-a-vs-esfp-t,zh-CN,esfp-a-vs-esfp-t,https://fermatmind.com/zh/personality/esfp-a-vs-esfp-t,https://fermatmind.com/zh/personality/esfp-a-vs-esfp-t,https://fermatmind.com/en/personality/esfp-a-vs-esfp-t,https://fermatmind.com/zh/personality/esfp-a-vs-esfp-t,"index, follow",200,,true,true,true,true,true,published,fap-api:personality_profiles,MBTI:zh-CN:at_comparison:esfp-a-vs-esfp-t,ESFP-A 和 ESFP-T 的区别：表演者 A/T 对比 | FermatMind,对比 ESFP-A 与 ESFP-T 的最大区别、快速判断表、容易误判、工作、关系、压力场景、共同点、使用边界和 FAQ。,ESFP-A 和 ESFP-T 的区别,5641,96f95acb503faf4954125629e806e66c0a6eb23b6224fc224a31be57f2c9bc73,2,32,NOT_RETURNED,NOT_RETURNED,NOT_RETURNED,NOT_RETURNED,NOT_RETURNED,NOT_RETURNED,NOT_RETURNED,NOT_RETURNED,NOT_RETURNED,NOT_RETURNED,NOT_RETURNED,NOT_RETURNED,UNKNOWN_PAGE_LEVEL,2026-07-15T08:39:47.000Z,VERIFIED_PUBLIC_AUTHORITY_M01_NOT_RETURNED,M01 Search Analytics top-row aggregate; NOT_RETURNED is not zero; route locale is not a GSC language dimension; page-level indexing unavailable
mbti,variant,ESFP-T,zh-CN,esfp-t,https://fermatmind.com/zh/personality/esfp-t,https://fermatmind.com/zh/personality/esfp-t,https://fermatmind.com/en/personality/esfp-t,https://fermatmind.com/zh/personality/esfp-t,"index, follow",200,,true,true,true,true,true,published,fap-api:personality_profile_variants,MBTI:zh-CN:variant:ESFP-T,ESFP-T 人格特点：体验连接、热情表达和实际带动 | FermatMind,了解 ESFP-T 的体验连接、热情表达和实际带动、适合与不适合的场景、A/T 差异、职业、关系、压力应对、常见误解与 FAQ。内容仅用于自我理解和成长复盘。,ESFP - 表演者,29,7afc202f7325534c7d330b57b9bf30d8efca5d0d2b52e56c221728359d9f1477,3,0,NOT_RETURNED,NOT_RETURNED,NOT_RETURNED,NOT_RETURNED,0,3,0,6.666667,0,3,0,6.666667,UNKNOWN_PAGE_LEVEL,2026-03-18T05:20:13.000000Z,VERIFIED_PUBLIC_AUTHORITY_M01_GSC,M01 Search Analytics top-row aggregate; NOT_RETURNED is not zero; route locale is not a GSC language dimension; page-level indexing unavailable
mbti,base_type,ESTJ,zh-CN,estj,https://fermatmind.com/zh/personality/estj,https://fermatmind.com/zh/personality/estj,https://fermatmind.com/en/personality/estj,https://fermatmind.com/zh/personality/estj,"index, follow",200,,true,true,false,false,false,published,fap-api:personality_profiles,MBTI:zh-CN:base:ESTJ,ESTJ 人格指南,了解 ESTJ 的优势、弱项、人际模式和职业方向。,ESTJ - 总经理,29,d41217feec2307f3671b49ab030db83ad6e4dc29d77458a87a492ed773568a67,0,0,NOT_RETURNED,NOT_RETURNED,NOT_RETURNED,NOT_RETURNED,NOT_RETURNED,NOT_RETURNED,NOT_RETURNED,NOT_RETURNED,NOT_RETURNED,NOT_RETURNED,NOT_RETURNED,NOT_RETURNED,UNKNOWN_PAGE_LEVEL,2026-07-15T08:39:46.000000Z,VERIFIED_PUBLIC_AUTHORITY_M01_NOT_RETURNED,M01 Search Analytics top-row aggregate; NOT_RETURNED is not zero; route locale is not a GSC language dimension; page-level indexing unavailable
mbti,variant,ESTJ-A,zh-CN,estj-a,https://fermatmind.com/zh/personality/estj-a,https://fermatmind.com/zh/personality/estj-a,https://fermatmind.com/en/personality/estj-a,https://fermatmind.com/zh/personality/estj-a,"index, follow",200,,true,true,true,true,true,published,fap-api:personality_profile_variants,MBTI:zh-CN:variant:ESTJ-A,ESTJ-A 人格特点：目标组织、标准推进和责任落实 | FermatMind,了解 ESTJ-A 的目标组织、标准推进和责任落实、适合与不适合的场景、A/T 差异、职业、关系、压力应对、常见误解与 FAQ。内容仅用于自我理解和成长复盘。,ESTJ - 总经理,29,d41217feec2307f3671b49ab030db83ad6e4dc29d77458a87a492ed773568a67,1,0,NOT_RETURNED,NOT_RETURNED,NOT_RETURNED,NOT_RETURNED,NOT_RETURNED,NOT_RETURNED,NOT_RETURNED,NOT_RETURNED,NOT_RETURNED,NOT_RETURNED,NOT_RETURNED,NOT_RETURNED,UNKNOWN_PAGE_LEVEL,2026-03-18T05:20:13.000000Z,VERIFIED_PUBLIC_AUTHORITY_M01_NOT_RETURNED,M01 Search Analytics top-row aggregate; NOT_RETURNED is not zero; route locale is not a GSC language dimension; page-level indexing unavailable
mbti,at_comparison,estj-a-vs-estj-t,zh-CN,estj-a-vs-estj-t,https://fermatmind.com/zh/personality/estj-a-vs-estj-t,https://fermatmind.com/zh/personality/estj-a-vs-estj-t,https://fermatmind.com/en/personality/estj-a-vs-estj-t,https://fermatmind.com/zh/personality/estj-a-vs-estj-t,"index, follow",200,,true,true,true,true,true,published,fap-api:personality_profiles,MBTI:zh-CN:at_comparison:estj-a-vs-estj-t,ESTJ-A 和 ESTJ-T 的区别：总经理 A/T 对比 | FermatMind,UNKNOWN,ESTJ-A 和 ESTJ-T 的区别：总经理 A/T 对比 | FermatMind,17,a2eb84901702329115aba5f8a840e132688d691cf31403e5e7c2fcd1371df482,1,0,NOT_RETURNED,NOT_RETURNED,NOT_RETURNED,NOT_RETURNED,NOT_RETURNED,NOT_RETURNED,NOT_RETURNED,NOT_RETURNED,NOT_RETURNED,NOT_RETURNED,NOT_RETURNED,NOT_RETURNED,UNKNOWN_PAGE_LEVEL,2026-07-15T08:39:46.000Z,VERIFIED_PUBLIC_AUTHORITY_M01_NOT_RETURNED,M01 Search Analytics top-row aggregate; NOT_RETURNED is not zero; route locale is not a GSC language dimension; page-level indexing unavailable
mbti,variant,ESTJ-T,zh-CN,estj-t,https://fermatmind.com/zh/personality/estj-t,https://fermatmind.com/zh/personality/estj-t,https://fermatmind.com/en/personality/estj-t,https://fermatmind.com/zh/personality/estj-t,"index, follow",200,,true,true,true,true,true,published,fap-api:personality_profile_variants,MBTI:zh-CN:variant:ESTJ-T,ESTJ-T 人格特点：目标组织、标准推进和责任落实 | FermatMind,了解 ESTJ-T 的目标组织、标准推进和责任落实、适合与不适合的场景、A/T 差异、职业、关系、压力应对、常见误解与 FAQ。内容仅用于自我理解和成长复盘。,ESTJ - 总经理,29,d41217feec2307f3671b49ab030db83ad6e4dc29d77458a87a492ed773568a67,1,0,NOT_RETURNED,NOT_RETURNED,NOT_RETURNED,NOT_RETURNED,NOT_RETURNED,NOT_RETURNED,NOT_RETURNED,NOT_RETURNED,NOT_RETURNED,NOT_RETURNED,NOT_RETURNED,NOT_RETURNED,UNKNOWN_PAGE_LEVEL,2026-03-18T05:20:14.000000Z,VERIFIED_PUBLIC_AUTHORITY_M01_NOT_RETURNED,M01 Search Analytics top-row aggregate; NOT_RETURNED is not zero; route locale is not a GSC language dimension; page-level indexing unavailable
mbti,cross_type_comparison,estj-vs-entj,zh-CN,estj-vs-entj,https://fermatmind.com/zh/personality/estj-vs-entj,https://fermatmind.com/zh/personality/estj-vs-entj,https://fermatmind.com/en/personality/estj-vs-entj,https://fermatmind.com/zh/personality/estj-vs-entj,"index, follow",200,,true,true,true,true,true,published,fap-api:mbti_cross_type_comparison_authority,MBTI:zh-CN:cross_type:estj-vs-entj,ESTJ 和 ENTJ 的区别：执行秩序、战略重构与组织推进,ESTJ 和 ENTJ 都常表现出明确目标、快速决策、重视效率和组织结果的倾向，因此很容易被混淆。差异不在于谁更像领导，也不在于谁更强势；更关键的是他们看待系统的入口不同。ESTJ 更常从既有规则、责任分工、流程稳定和当下执行质量出发，关注当前系统如何可靠运转；ENTJ 更常从长期目标、资源重组、战略胜率和结构升级出发，关注这个系统是否值得被重构。本文用于帮助用户复盘管理方式、协作摩擦、压力反应和成长策略，不用于判断能力、职位或职业结局。,ESTJ 和 ENTJ 的区别：执行秩序、战略重构与组织推进,207,3231970919bfbddab7a3446ea7fb7c8d11a0af623f3530b2b5547fe127644b08,1,0,NOT_RETURNED,NOT_RETURNED,NOT_RETURNED,NOT_RETURNED,NOT_RETURNED,NOT_RETURNED,NOT_RETURNED,NOT_RETURNED,NOT_RETURNED,NOT_RETURNED,NOT_RETURNED,NOT_RETURNED,UNKNOWN_PAGE_LEVEL,2026-08-10T04:20:12.000Z,VERIFIED_PUBLIC_AUTHORITY_M01_NOT_RETURNED,M01 Search Analytics top-row aggregate; NOT_RETURNED is not zero; route locale is not a GSC language dimension; page-level indexing unavailable
mbti,base_type,ESTP,zh-CN,estp,https://fermatmind.com/zh/personality/estp,https://fermatmind.com/zh/personality/estp,https://fermatmind.com/en/personality/estp,https://fermatmind.com/zh/personality/estp,"index, follow",200,,true,true,false,false,false,published,fap-api:personality_profiles,MBTI:zh-CN:base:ESTP,ESTP 人格指南,了解 ESTP 的优势、弱项、人际模式和职业方向。,ESTP - 企业家,29,36bf2ba4b8b43fe8863fef72b17f5b750e0aadfc1d3c553ad6d1685d0c814a1e,0,0,NOT_RETURNED,NOT_RETURNED,NOT_RETURNED,NOT_RETURNED,NOT_RETURNED,NOT_RETURNED,NOT_RETURNED,NOT_RETURNED,NOT_RETURNED,NOT_RETURNED,NOT_RETURNED,NOT_RETURNED,UNKNOWN_PAGE_LEVEL,2026-07-15T08:39:47.000000Z,VERIFIED_PUBLIC_AUTHORITY_M01_NOT_RETURNED,M01 Search Analytics top-row aggregate; NOT_RETURNED is not zero; route locale is not a GSC language dimension; page-level indexing unavailable
mbti,variant,ESTP-A,zh-CN,estp-a,https://fermatmind.com/zh/personality/estp-a,https://fermatmind.com/zh/personality/estp-a,https://fermatmind.com/en/personality/estp-a,https://fermatmind.com/zh/personality/estp-a,"index, follow",200,,true,true,true,true,true,published,fap-api:personality_profile_variants,MBTI:zh-CN:variant:ESTP-A,ESTP-A 人格特点：现场行动、机会判断和快速协商 | FermatMind,了解 ESTP-A 的现场行动、机会判断和快速协商、适合与不适合的场景、A/T 差异、职业、关系、压力应对、常见误解与 FAQ。内容仅用于自我理解和成长复盘。,ESTP - 企业家,29,36bf2ba4b8b43fe8863fef72b17f5b750e0aadfc1d3c553ad6d1685d0c814a1e,1,0,NOT_RETURNED,NOT_RETURNED,NOT_RETURNED,NOT_RETURNED,0,1,0,9,0,1,0,9,UNKNOWN_PAGE_LEVEL,2026-03-18T05:20:14.000000Z,VERIFIED_PUBLIC_AUTHORITY_M01_GSC,M01 Search Analytics top-row aggregate; NOT_RETURNED is not zero; route locale is not a GSC language dimension; page-level indexing unavailable
mbti,at_comparison,estp-a-vs-estp-t,zh-CN,estp-a-vs-estp-t,https://fermatmind.com/zh/personality/estp-a-vs-estp-t,https://fermatmind.com/zh/personality/estp-a-vs-estp-t,https://fermatmind.com/en/personality/estp-a-vs-estp-t,https://fermatmind.com/zh/personality/estp-a-vs-estp-t,"index, follow",200,,true,true,true,true,true,published,fap-api:personality_profiles,MBTI:zh-CN:at_comparison:estp-a-vs-estp-t,ESTP-A 和 ESTP-T 的区别：企业家 A/T 对比 | FermatMind,UNKNOWN,ESTP-A 和 ESTP-T 的区别：企业家 A/T 对比 | FermatMind,17,8da2d543e920c9a4ab18dd0ae01ce457778de5b6004d0b9807ad1c9ba6410862,2,0,NOT_RETURNED,NOT_RETURNED,NOT_RETURNED,NOT_RETURNED,NOT_RETURNED,NOT_RETURNED,NOT_RETURNED,NOT_RETURNED,NOT_RETURNED,NOT_RETURNED,NOT_RETURNED,NOT_RETURNED,UNKNOWN_PAGE_LEVEL,2026-07-15T08:39:47.000Z,VERIFIED_PUBLIC_AUTHORITY_M01_NOT_RETURNED,M01 Search Analytics top-row aggregate; NOT_RETURNED is not zero; route locale is not a GSC language dimension; page-level indexing unavailable
mbti,variant,ESTP-T,zh-CN,estp-t,https://fermatmind.com/zh/personality/estp-t,https://fermatmind.com/zh/personality/estp-t,https://fermatmind.com/en/personality/estp-t,https://fermatmind.com/zh/personality/estp-t,"index, follow",200,,true,true,true,true,true,published,fap-api:personality_profile_variants,MBTI:zh-CN:variant:ESTP-T,ESTP-T 人格特点：现场行动、机会判断和快速协商 | FermatMind,了解 ESTP-T 的现场行动、机会判断和快速协商、适合与不适合的场景、A/T 差异、职业、关系、压力应对、常见误解与 FAQ。内容仅用于自我理解和成长复盘。,ESTP - 企业家,29,36bf2ba4b8b43fe8863fef72b17f5b750e0aadfc1d3c553ad6d1685d0c814a1e,1,0,0,4,0,38.75,0,44,0,6.886364,0,48,0,9.541667,UNKNOWN_PAGE_LEVEL,2026-03-18T05:20:14.000000Z,VERIFIED_PUBLIC_AUTHORITY_M01_GSC,M01 Search Analytics top-row aggregate; NOT_RETURNED is not zero; route locale is not a GSC language dimension; page-level indexing unavailable
mbti,base_type,INFJ,zh-CN,infj,https://fermatmind.com/zh/personality/infj,https://fermatmind.com/zh/personality/infj,https://fermatmind.com/en/personality/infj,https://fermatmind.com/zh/personality/infj,"index, follow",200,,true,true,false,false,false,published,fap-api:personality_profiles,MBTI:zh-CN:base:INFJ,INFJ 人格指南,了解 INFJ 的优势、弱项、人际模式和职业方向。,INFJ - 提倡者,29,9e5811a0e7d3376f91f9ee03b3624ee723d7e9c811bd66553fa0926ba57fa15c,0,0,NOT_RETURNED,NOT_RETURNED,NOT_RETURNED,NOT_RETURNED,NOT_RETURNED,NOT_RETURNED,NOT_RETURNED,NOT_RETURNED,NOT_RETURNED,NOT_RETURNED,NOT_RETURNED,NOT_RETURNED,UNKNOWN_PAGE_LEVEL,2026-07-15T08:39:46.000000Z,VERIFIED_PUBLIC_AUTHORITY_M01_NOT_RETURNED,M01 Search Analytics top-row aggregate; NOT_RETURNED is not zero; route locale is not a GSC language dimension; page-level indexing unavailable
mbti,variant,INFJ-A,zh-CN,infj-a,https://fermatmind.com/zh/personality/infj-a,https://fermatmind.com/zh/personality/infj-a,https://fermatmind.com/en/personality/infj-a,https://fermatmind.com/zh/personality/infj-a,"index, follow",200,,true,true,true,true,true,published,fap-api:personality_profile_variants,MBTI:zh-CN:variant:INFJ-A,INFJ-A 人格特点：意义建构、关系洞察和价值导向 | FermatMind,了解 INFJ-A 的意义建构、关系洞察和价值导向、适合与不适合的场景、A/T 差异、职业、关系、压力应对、常见误解与 FAQ。内容仅用于自我理解和成长复盘。,INFJ - 提倡者,29,9e5811a0e7d3376f91f9ee03b3624ee723d7e9c811bd66553fa0926ba57fa15c,1,0,NOT_RETURNED,NOT_RETURNED,NOT_RETURNED,NOT_RETURNED,NOT_RETURNED,NOT_RETURNED,NOT_RETURNED,NOT_RETURNED,NOT_RETURNED,NOT_RETURNED,NOT_RETURNED,NOT_RETURNED,UNKNOWN_PAGE_LEVEL,2026-03-18T05:20:14.000000Z,VERIFIED_PUBLIC_AUTHORITY_M01_NOT_RETURNED,M01 Search Analytics top-row aggregate; NOT_RETURNED is not zero; route locale is not a GSC language dimension; page-level indexing unavailable
mbti,at_comparison,infj-a-vs-infj-t,zh-CN,infj-a-vs-infj-t,https://fermatmind.com/zh/personality/infj-a-vs-infj-t,https://fermatmind.com/zh/personality/infj-a-vs-infj-t,https://fermatmind.com/en/personality/infj-a-vs-infj-t,https://fermatmind.com/zh/personality/infj-a-vs-infj-t,"index, follow",200,,true,true,true,true,true,published,fap-api:personality_profiles,MBTI:zh-CN:at_comparison:infj-a-vs-infj-t,INFJ-A 和 INFJ-T 的区别：提倡者 A/T 对比 | FermatMind,UNKNOWN,INFJ-A 和 INFJ-T 的区别：提倡者 A/T 对比 | FermatMind,17,21ece529736070bf00216fa57298998fa865c08988d14f173dad7950cb78c8e7,1,0,NOT_RETURNED,NOT_RETURNED,NOT_RETURNED,NOT_RETURNED,NOT_RETURNED,NOT_RETURNED,NOT_RETURNED,NOT_RETURNED,NOT_RETURNED,NOT_RETURNED,NOT_RETURNED,NOT_RETURNED,UNKNOWN_PAGE_LEVEL,2026-07-15T08:39:46.000Z,VERIFIED_PUBLIC_AUTHORITY_M01_NOT_RETURNED,M01 Search Analytics top-row aggregate; NOT_RETURNED is not zero; route locale is not a GSC language dimension; page-level indexing unavailable
mbti,variant,INFJ-T,zh-CN,infj-t,https://fermatmind.com/zh/personality/infj-t,https://fermatmind.com/zh/personality/infj-t,https://fermatmind.com/en/personality/infj-t,https://fermatmind.com/zh/personality/infj-t,"index, follow",200,,true,true,true,true,true,published,fap-api:personality_profile_variants,MBTI:zh-CN:variant:INFJ-T,INFJ-T 人格特点：意义建构、关系洞察和价值导向 | FermatMind,了解 INFJ-T 的意义建构、关系洞察和价值导向、适合与不适合的场景、A/T 差异、职业、关系、压力应对、常见误解与 FAQ。内容仅用于自我理解和成长复盘。,INFJ - 提倡者,29,9e5811a0e7d3376f91f9ee03b3624ee723d7e9c811bd66553fa0926ba57fa15c,1,0,NOT_RETURNED,NOT_RETURNED,NOT_RETURNED,NOT_RETURNED,NOT_RETURNED,NOT_RETURNED,NOT_RETURNED,NOT_RETURNED,NOT_RETURNED,NOT_RETURNED,NOT_RETURNED,NOT_RETURNED,UNKNOWN_PAGE_LEVEL,2026-03-18T05:20:14.000000Z,VERIFIED_PUBLIC_AUTHORITY_M01_NOT_RETURNED,M01 Search Analytics top-row aggregate; NOT_RETURNED is not zero; route locale is not a GSC language dimension; page-level indexing unavailable
mbti,cross_type_comparison,infj-vs-infp,zh-CN,infj-vs-infp,https://fermatmind.com/zh/personality/infj-vs-infp,https://fermatmind.com/zh/personality/infj-vs-infp,https://fermatmind.com/en/personality/infj-vs-infp,https://fermatmind.com/zh/personality/infj-vs-infp,"index, follow",200,,true,true,true,true,true,published,fap-api:mbti_cross_type_comparison_authority,MBTI:zh-CN:cross_type:infj-vs-infp,INFJ 和 INFP 的区别：意义结构与价值真实性,INFJ 更容易把人的处境组织成一个可理解的意义结构，INFP 更容易先确认内在价值是否真实。最大区别不是谁更温柔，而是共情之后如何判断。,INFJ 和 INFP 的区别：意义结构与价值真实性,77,b81343dce71ea5205fede0f440b52da9e8b83b5564916b34db4f202beafa58c3,2,0,0,45,0,15.711111,NOT_RETURNED,NOT_RETURNED,NOT_RETURNED,NOT_RETURNED,0,45,0,15.711111,UNKNOWN_PAGE_LEVEL,2026-08-10T04:20:12.000Z,VERIFIED_PUBLIC_AUTHORITY_M01_GSC,M01 Search Analytics top-row aggregate; NOT_RETURNED is not zero; route locale is not a GSC language dimension; page-level indexing unavailable
mbti,base_type,INFP,zh-CN,infp,https://fermatmind.com/zh/personality/infp,https://fermatmind.com/zh/personality/infp,https://fermatmind.com/en/personality/infp,https://fermatmind.com/zh/personality/infp,"index, follow",200,,true,true,false,false,false,published,fap-api:personality_profiles,MBTI:zh-CN:base:INFP,INFP 人格指南,了解 INFP 的优势、弱项、人际模式和职业方向。,INFP - 调停者,29,1810b92d11cebd36d0e1947d3e4be6bfd3fcfe29cd12de8bf189630d9eb92506,0,0,NOT_RETURNED,NOT_RETURNED,NOT_RETURNED,NOT_RETURNED,NOT_RETURNED,NOT_RETURNED,NOT_RETURNED,NOT_RETURNED,NOT_RETURNED,NOT_RETURNED,NOT_RETURNED,NOT_RETURNED,UNKNOWN_PAGE_LEVEL,2026-07-15T08:39:46.000000Z,VERIFIED_PUBLIC_AUTHORITY_M01_NOT_RETURNED,M01 Search Analytics top-row aggregate; NOT_RETURNED is not zero; route locale is not a GSC language dimension; page-level indexing unavailable
mbti,variant,INFP-A,zh-CN,infp-a,https://fermatmind.com/zh/personality/infp-a,https://fermatmind.com/zh/personality/infp-a,https://fermatmind.com/en/personality/infp-a,https://fermatmind.com/zh/personality/infp-a,"index, follow",200,,true,true,true,true,true,published,fap-api:personality_profile_variants,MBTI:zh-CN:variant:INFP-A,INFP-A 人格特点：内在价值、想象力和真实表达 | FermatMind,了解 INFP-A 的内在价值、想象力和真实表达、适合与不适合的场景、A/T 差异、职业、关系、压力应对、常见误解与 FAQ。内容仅用于自我理解和成长复盘。,INFP - 调停者,29,1810b92d11cebd36d0e1947d3e4be6bfd3fcfe29cd12de8bf189630d9eb92506,1,0,NOT_RETURNED,NOT_RETURNED,NOT_RETURNED,NOT_RETURNED,NOT_RETURNED,NOT_RETURNED,NOT_RETURNED,NOT_RETURNED,NOT_RETURNED,NOT_RETURNED,NOT_RETURNED,NOT_RETURNED,UNKNOWN_PAGE_LEVEL,2026-03-18T05:20:15.000000Z,VERIFIED_PUBLIC_AUTHORITY_M01_NOT_RETURNED,M01 Search Analytics top-row aggregate; NOT_RETURNED is not zero; route locale is not a GSC language dimension; page-level indexing unavailable
mbti,at_comparison,infp-a-vs-infp-t,zh-CN,infp-a-vs-infp-t,https://fermatmind.com/zh/personality/infp-a-vs-infp-t,https://fermatmind.com/zh/personality/infp-a-vs-infp-t,https://fermatmind.com/en/personality/infp-a-vs-infp-t,https://fermatmind.com/zh/personality/infp-a-vs-infp-t,"index, follow",200,,true,true,true,true,true,published,fap-api:personality_profiles,MBTI:zh-CN:at_comparison:infp-a-vs-infp-t,INFP-A 和 INFP-T 的区别：调停者 A/T 对比 | FermatMind,UNKNOWN,INFP-A 和 INFP-T 的区别：调停者 A/T 对比 | FermatMind,17,22f319630f7e8a7090cb05f2b27128ab1f16f2e62dcf7e075c8b3bba3eb7a853,1,0,NOT_RETURNED,NOT_RETURNED,NOT_RETURNED,NOT_RETURNED,NOT_RETURNED,NOT_RETURNED,NOT_RETURNED,NOT_RETURNED,NOT_RETURNED,NOT_RETURNED,NOT_RETURNED,NOT_RETURNED,UNKNOWN_PAGE_LEVEL,2026-07-15T08:39:46.000Z,VERIFIED_PUBLIC_AUTHORITY_M01_NOT_RETURNED,M01 Search Analytics top-row aggregate; NOT_RETURNED is not zero; route locale is not a GSC language dimension; page-level indexing unavailable
mbti,variant,INFP-T,zh-CN,infp-t,https://fermatmind.com/zh/personality/infp-t,https://fermatmind.com/zh/personality/infp-t,https://fermatmind.com/en/personality/infp-t,https://fermatmind.com/zh/personality/infp-t,"index, follow",200,,true,true,true,true,true,published,fap-api:personality_profile_variants,MBTI:zh-CN:variant:INFP-T,INFP-T 人格特点：内在价值、想象力和真实表达 | FermatMind,了解 INFP-T 的内在价值、想象力和真实表达、适合与不适合的场景、A/T 差异、职业、关系、压力应对、常见误解与 FAQ。内容仅用于自我理解和成长复盘。,INFP - 调停者,29,1810b92d11cebd36d0e1947d3e4be6bfd3fcfe29cd12de8bf189630d9eb92506,1,0,0,2,0,9.5,0,1,0,8,0,7,0,15,UNKNOWN_PAGE_LEVEL,2026-03-18T05:20:15.000000Z,VERIFIED_PUBLIC_AUTHORITY_M01_GSC,M01 Search Analytics top-row aggregate; NOT_RETURNED is not zero; route locale is not a GSC language dimension; page-level indexing unavailable
mbti,base_type,INTJ,zh-CN,intj,https://fermatmind.com/zh/personality/intj,https://fermatmind.com/zh/personality/intj,https://fermatmind.com/en/personality/intj,https://fermatmind.com/zh/personality/intj,"index, follow",200,,true,true,false,false,false,published,fap-api:personality_profiles,MBTI:zh-CN:base:INTJ,INTJ 人格指南,了解 INTJ 的优势、弱项、人际模式和职业方向。,INTJ - 建筑师,29,6d3376fa0cb381e21409a543807b5760247090bbfcc66a302a18f59ae6fa8c29,1,0,NOT_RETURNED,NOT_RETURNED,NOT_RETURNED,NOT_RETURNED,NOT_RETURNED,NOT_RETURNED,NOT_RETURNED,NOT_RETURNED,NOT_RETURNED,NOT_RETURNED,NOT_RETURNED,NOT_RETURNED,UNKNOWN_PAGE_LEVEL,2026-07-15T08:39:45.000000Z,VERIFIED_PUBLIC_AUTHORITY_M01_NOT_RETURNED,M01 Search Analytics top-row aggregate; NOT_RETURNED is not zero; route locale is not a GSC language dimension; page-level indexing unavailable
mbti,variant,INTJ-A,zh-CN,intj-a,https://fermatmind.com/zh/personality/intj-a,https://fermatmind.com/zh/personality/intj-a,https://fermatmind.com/en/personality/intj-a,https://fermatmind.com/zh/personality/intj-a,"index, follow",200,,true,true,true,true,true,published,fap-api:personality_profile_variants,MBTI:zh-CN:variant:INTJ-A,INTJ-A 人格特点：战略规划、独立标准和长期系统 | FermatMind,了解 INTJ-A 的战略规划、独立标准和长期系统、适合与不适合的场景、A/T 差异、职业、关系、压力应对、常见误解与 FAQ。内容仅用于自我理解和成长复盘。,INTJ - 建筑师,29,6d3376fa0cb381e21409a543807b5760247090bbfcc66a302a18f59ae6fa8c29,2,0,NOT_RETURNED,NOT_RETURNED,NOT_RETURNED,NOT_RETURNED,NOT_RETURNED,NOT_RETURNED,NOT_RETURNED,NOT_RETURNED,NOT_RETURNED,NOT_RETURNED,NOT_RETURNED,NOT_RETURNED,UNKNOWN_PAGE_LEVEL,2026-03-18T05:19:49.000000Z,VERIFIED_PUBLIC_AUTHORITY_M01_NOT_RETURNED,M01 Search Analytics top-row aggregate; NOT_RETURNED is not zero; route locale is not a GSC language dimension; page-level indexing unavailable
mbti,at_comparison,intj-a-vs-intj-t,zh-CN,intj-a-vs-intj-t,https://fermatmind.com/zh/personality/intj-a-vs-intj-t,https://fermatmind.com/zh/personality/intj-a-vs-intj-t,https://fermatmind.com/en/personality/intj-a-vs-intj-t,https://fermatmind.com/zh/personality/intj-a-vs-intj-t,"index, follow",200,,true,true,true,true,true,published,fap-api:personality_profiles,MBTI:zh-CN:at_comparison:intj-a-vs-intj-t,INTJ-A 和 INTJ-T 的区别：建筑师 A/T 对比 | FermatMind,UNKNOWN,INTJ-A 和 INTJ-T 的区别：建筑师 A/T 对比 | FermatMind,17,5d9db9e401e0424d235739a2c3ff78f7abd17dbf76969e345061735e9d1ead43,2,0,NOT_RETURNED,NOT_RETURNED,NOT_RETURNED,NOT_RETURNED,NOT_RETURNED,NOT_RETURNED,NOT_RETURNED,NOT_RETURNED,NOT_RETURNED,NOT_RETURNED,NOT_RETURNED,NOT_RETURNED,UNKNOWN_PAGE_LEVEL,2026-07-15T08:39:45.000Z,VERIFIED_PUBLIC_AUTHORITY_M01_NOT_RETURNED,M01 Search Analytics top-row aggregate; NOT_RETURNED is not zero; route locale is not a GSC language dimension; page-level indexing unavailable
mbti,variant,INTJ-T,zh-CN,intj-t,https://fermatmind.com/zh/personality/intj-t,https://fermatmind.com/zh/personality/intj-t,https://fermatmind.com/en/personality/intj-t,https://fermatmind.com/zh/personality/intj-t,"index, follow",200,,true,true,true,true,true,published,fap-api:personality_profile_variants,MBTI:zh-CN:variant:INTJ-T,INTJ-T 人格特点：战略规划、独立标准和长期系统 | FermatMind,了解 INTJ-T 的战略规划、独立标准和长期系统、适合与不适合的场景、A/T 差异、职业、关系、压力应对、常见误解与 FAQ。内容仅用于自我理解和成长复盘。,INTJ - 建筑师,29,6d3376fa0cb381e21409a543807b5760247090bbfcc66a302a18f59ae6fa8c29,1,0,NOT_RETURNED,NOT_RETURNED,NOT_RETURNED,NOT_RETURNED,NOT_RETURNED,NOT_RETURNED,NOT_RETURNED,NOT_RETURNED,NOT_RETURNED,NOT_RETURNED,NOT_RETURNED,NOT_RETURNED,UNKNOWN_PAGE_LEVEL,2026-03-18T05:19:49.000000Z,VERIFIED_PUBLIC_AUTHORITY_M01_NOT_RETURNED,M01 Search Analytics top-row aggregate; NOT_RETURNED is not zero; route locale is not a GSC language dimension; page-level indexing unavailable
mbti,cross_type_comparison,intj-vs-intp,zh-CN,intj-vs-intp,https://fermatmind.com/zh/personality/intj-vs-intp,https://fermatmind.com/zh/personality/intj-vs-intp,https://fermatmind.com,https://fermatmind.com/zh/personality/intj-vs-intp,"index, follow",200,,true,true,true,true,true,published,fap-api:mbti_cross_type_comparison_authority,MBTI:zh-CN:cross_type:intj-vs-intp,INTJ 和 INTP 的区别：战略收敛与模型探索 | FermatMind,INTJ 和 INTP 有什么区别？用最大区别、快速判断表、容易误判、真实场景和 FAQ 快速判断。,INTJ 和 INTP 的区别：战略收敛与模型探索,1309,a2f87bdfcae9f572192c7e4db9b585dde4446c88f2e3914a7a668e3599bb6ae1,2,34,1,80,1.25,7.2625,0,1,0,1,1,81,1.234568,7.185185,UNKNOWN_PAGE_LEVEL,2026-08-10T04:20:12.000Z,VERIFIED_PUBLIC_AUTHORITY_M01_GSC,M01 Search Analytics top-row aggregate; NOT_RETURNED is not zero; route locale is not a GSC language dimension; page-level indexing unavailable
mbti,base_type,INTP,zh-CN,intp,https://fermatmind.com/zh/personality/intp,https://fermatmind.com/zh/personality/intp,https://fermatmind.com/en/personality/intp,https://fermatmind.com/zh/personality/intp,"index, follow",200,,true,true,false,false,false,published,fap-api:personality_profiles,MBTI:zh-CN:base:INTP,INTP 人格指南,了解 INTP 的优势、弱项、人际模式和职业方向。,INTP - 逻辑学家,30,853a3fc2c991a9437d2345b9d5064e6898e793dc608f8cc9d1f0d135e3406744,1,0,NOT_RETURNED,NOT_RETURNED,NOT_RETURNED,NOT_RETURNED,NOT_RETURNED,NOT_RETURNED,NOT_RETURNED,NOT_RETURNED,NOT_RETURNED,NOT_RETURNED,NOT_RETURNED,NOT_RETURNED,UNKNOWN_PAGE_LEVEL,2026-07-15T08:39:45.000000Z,VERIFIED_PUBLIC_AUTHORITY_M01_NOT_RETURNED,M01 Search Analytics top-row aggregate; NOT_RETURNED is not zero; route locale is not a GSC language dimension; page-level indexing unavailable
mbti,variant,INTP-A,zh-CN,intp-a,https://fermatmind.com/zh/personality/intp-a,https://fermatmind.com/zh/personality/intp-a,https://fermatmind.com/en/personality/intp-a,https://fermatmind.com/zh/personality/intp-a,"index, follow",200,,true,true,true,true,true,published,fap-api:personality_profile_variants,MBTI:zh-CN:variant:INTP-A,INTP-A 人格特点：分析建模、可能性探索和独立解题 | FermatMind,了解 INTP-A 的分析建模、可能性探索和独立解题、适合与不适合的场景、A/T 差异、职业、关系、压力应对、常见误解与 FAQ。内容仅用于自我理解和成长复盘。,INTP-A 人格特点,14729,ac0f2a70b5c6585a2c5364bd6d8f5eadf3d3e523595fdc522e5824f12daddbdb,4,37,1,114,0.877193,9.368421,8,138,5.797101,9.891304,9,270,3.333333,10.722222,UNKNOWN_PAGE_LEVEL,2026-03-18T05:20:15.000000Z,VERIFIED_PUBLIC_AUTHORITY_M01_GSC,M01 Search Analytics top-row aggregate; NOT_RETURNED is not zero; route locale is not a GSC language dimension; page-level indexing unavailable
mbti,at_comparison,intp-a-vs-intp-t,zh-CN,intp-a-vs-intp-t,https://fermatmind.com/zh/personality/intp-a-vs-intp-t,https://fermatmind.com/zh/personality/intp-a-vs-intp-t,https://fermatmind.com/en/personality/intp-a-vs-intp-t,https://fermatmind.com/zh/personality/intp-a-vs-intp-t,"index, follow",200,,true,true,true,true,true,published,fap-api:personality_profiles,MBTI:zh-CN:at_comparison:intp-a-vs-intp-t,INTP-A 和 INTP-T 的区别：逻辑学家 A/T 对比 | FermatMind,对比 INTP-A 与 INTP-T 的最大区别、快速判断表、容易误判、工作、关系、压力场景、共同点、使用边界和 FAQ。,INTP-A 和 INTP-T 的区别,5938,96fdcac69632cf301bc15822c781c1e177a54dbf7622e68ed8e8273d1ca9a467,2,32,8,300,2.666667,6.373333,0,55,0,8.090909,8,355,2.253521,6.639437,UNKNOWN_PAGE_LEVEL,2026-07-15T08:39:45.000Z,VERIFIED_PUBLIC_AUTHORITY_M01_GSC,M01 Search Analytics top-row aggregate; NOT_RETURNED is not zero; route locale is not a GSC language dimension; page-level indexing unavailable
mbti,variant,INTP-T,zh-CN,intp-t,https://fermatmind.com/zh/personality/intp-t,https://fermatmind.com/zh/personality/intp-t,https://fermatmind.com/en/personality/intp-t,https://fermatmind.com/zh/personality/intp-t,"index, follow",200,,true,true,true,true,true,published,fap-api:personality_profile_variants,MBTI:zh-CN:variant:INTP-T,INTP-T 人格特点：分析建模、可能性探索和独立解题 | FermatMind,了解 INTP-T 的分析建模、可能性探索和独立解题、适合与不适合的场景、A/T 差异、职业、关系、压力应对、常见误解与 FAQ。内容仅用于自我理解和成长复盘。,INTP - 逻辑学家,30,853a3fc2c991a9437d2345b9d5064e6898e793dc608f8cc9d1f0d135e3406744,3,0,NOT_RETURNED,NOT_RETURNED,NOT_RETURNED,NOT_RETURNED,NOT_RETURNED,NOT_RETURNED,NOT_RETURNED,NOT_RETURNED,NOT_RETURNED,NOT_RETURNED,NOT_RETURNED,NOT_RETURNED,UNKNOWN_PAGE_LEVEL,2026-03-18T05:20:15.000000Z,VERIFIED_PUBLIC_AUTHORITY_M01_NOT_RETURNED,M01 Search Analytics top-row aggregate; NOT_RETURNED is not zero; route locale is not a GSC language dimension; page-level indexing unavailable
mbti,base_type,ISFJ,zh-CN,isfj,https://fermatmind.com/zh/personality/isfj,https://fermatmind.com/zh/personality/isfj,https://fermatmind.com/en/personality/isfj,https://fermatmind.com/zh/personality/isfj,"index, follow",200,,true,true,false,false,false,published,fap-api:personality_profiles,MBTI:zh-CN:base:ISFJ,ISFJ 人格指南,了解 ISFJ 的优势、弱项、人际模式和职业方向。,ISFJ - 守卫者,29,c5c1c649e5ce4c65a5959b5f9dc9197e7c288584f958e6d9e4559b7363626749,0,0,NOT_RETURNED,NOT_RETURNED,NOT_RETURNED,NOT_RETURNED,NOT_RETURNED,NOT_RETURNED,NOT_RETURNED,NOT_RETURNED,NOT_RETURNED,NOT_RETURNED,NOT_RETURNED,NOT_RETURNED,UNKNOWN_PAGE_LEVEL,2026-07-15T08:39:46.000000Z,VERIFIED_PUBLIC_AUTHORITY_M01_NOT_RETURNED,M01 Search Analytics top-row aggregate; NOT_RETURNED is not zero; route locale is not a GSC language dimension; page-level indexing unavailable
mbti,variant,ISFJ-A,zh-CN,isfj-a,https://fermatmind.com/zh/personality/isfj-a,https://fermatmind.com/zh/personality/isfj-a,https://fermatmind.com/en/personality/isfj-a,https://fermatmind.com/zh/personality/isfj-a,"index, follow",200,,true,true,true,true,true,published,fap-api:personality_profile_variants,MBTI:zh-CN:variant:ISFJ-A,ISFJ-A 人格特点：稳定照顾、细节记忆和关系责任 | FermatMind,了解 ISFJ-A 的稳定照顾、细节记忆和关系责任、适合与不适合的场景、A/T 差异、职业、关系、压力应对、常见误解与 FAQ。内容仅用于自我理解和成长复盘。,ISFJ - 守卫者,29,c5c1c649e5ce4c65a5959b5f9dc9197e7c288584f958e6d9e4559b7363626749,1,0,NOT_RETURNED,NOT_RETURNED,NOT_RETURNED,NOT_RETURNED,NOT_RETURNED,NOT_RETURNED,NOT_RETURNED,NOT_RETURNED,NOT_RETURNED,NOT_RETURNED,NOT_RETURNED,NOT_RETURNED,UNKNOWN_PAGE_LEVEL,2026-03-18T05:20:16.000000Z,VERIFIED_PUBLIC_AUTHORITY_M01_NOT_RETURNED,M01 Search Analytics top-row aggregate; NOT_RETURNED is not zero; route locale is not a GSC language dimension; page-level indexing unavailable
mbti,at_comparison,isfj-a-vs-isfj-t,zh-CN,isfj-a-vs-isfj-t,https://fermatmind.com/zh/personality/isfj-a-vs-isfj-t,https://fermatmind.com/zh/personality/isfj-a-vs-isfj-t,https://fermatmind.com/en/personality/isfj-a-vs-isfj-t,https://fermatmind.com/zh/personality/isfj-a-vs-isfj-t,"index, follow",200,,true,true,true,true,true,published,fap-api:personality_profiles,MBTI:zh-CN:at_comparison:isfj-a-vs-isfj-t,ISFJ-A 和 ISFJ-T 的区别：守卫者 A/T 对比 | FermatMind,UNKNOWN,ISFJ-A 和 ISFJ-T 的区别：守卫者 A/T 对比 | FermatMind,17,ce92c9c87ddb0c3286c74f3c085b5ddb17a8d043b9744e40aaca7f273cd347b6,1,0,NOT_RETURNED,NOT_RETURNED,NOT_RETURNED,NOT_RETURNED,NOT_RETURNED,NOT_RETURNED,NOT_RETURNED,NOT_RETURNED,NOT_RETURNED,NOT_RETURNED,NOT_RETURNED,NOT_RETURNED,UNKNOWN_PAGE_LEVEL,2026-07-15T08:39:46.000Z,VERIFIED_PUBLIC_AUTHORITY_M01_NOT_RETURNED,M01 Search Analytics top-row aggregate; NOT_RETURNED is not zero; route locale is not a GSC language dimension; page-level indexing unavailable
mbti,variant,ISFJ-T,zh-CN,isfj-t,https://fermatmind.com/zh/personality/isfj-t,https://fermatmind.com/zh/personality/isfj-t,https://fermatmind.com/en/personality/isfj-t,https://fermatmind.com/zh/personality/isfj-t,"index, follow",200,,true,true,true,true,true,published,fap-api:personality_profile_variants,MBTI:zh-CN:variant:ISFJ-T,ISFJ-T 人格特点：稳定照顾、细节记忆和关系责任 | FermatMind,了解 ISFJ-T 的稳定照顾、细节记忆和关系责任、适合与不适合的场景、A/T 差异、职业、关系、压力应对、常见误解与 FAQ。内容仅用于自我理解和成长复盘。,ISFJ - 守卫者,29,c5c1c649e5ce4c65a5959b5f9dc9197e7c288584f958e6d9e4559b7363626749,1,0,NOT_RETURNED,NOT_RETURNED,NOT_RETURNED,NOT_RETURNED,NOT_RETURNED,NOT_RETURNED,NOT_RETURNED,NOT_RETURNED,NOT_RETURNED,NOT_RETURNED,NOT_RETURNED,NOT_RETURNED,UNKNOWN_PAGE_LEVEL,2026-03-18T05:20:16.000000Z,VERIFIED_PUBLIC_AUTHORITY_M01_NOT_RETURNED,M01 Search Analytics top-row aggregate; NOT_RETURNED is not zero; route locale is not a GSC language dimension; page-level indexing unavailable
mbti,base_type,ISFP,zh-CN,isfp,https://fermatmind.com/zh/personality/isfp,https://fermatmind.com/zh/personality/isfp,https://fermatmind.com/en/personality/isfp,https://fermatmind.com/zh/personality/isfp,"index, follow",200,,true,true,false,false,false,published,fap-api:personality_profiles,MBTI:zh-CN:base:ISFP,ISFP 人格指南,了解 ISFP 的优势、弱项、人际模式和职业方向。,ISFP - 探险家,29,012d14eb21be9752ce19f732084b1136355e2f40aa2a850047006b18e7527548,0,0,NOT_RETURNED,NOT_RETURNED,NOT_RETURNED,NOT_RETURNED,NOT_RETURNED,NOT_RETURNED,NOT_RETURNED,NOT_RETURNED,NOT_RETURNED,NOT_RETURNED,NOT_RETURNED,NOT_RETURNED,UNKNOWN_PAGE_LEVEL,2026-07-15T08:39:46.000000Z,VERIFIED_PUBLIC_AUTHORITY_M01_NOT_RETURNED,M01 Search Analytics top-row aggregate; NOT_RETURNED is not zero; route locale is not a GSC language dimension; page-level indexing unavailable
mbti,variant,ISFP-A,zh-CN,isfp-a,https://fermatmind.com/zh/personality/isfp-a,https://fermatmind.com/zh/personality/isfp-a,https://fermatmind.com/en/personality/isfp-a,https://fermatmind.com/zh/personality/isfp-a,"index, follow",200,,true,true,true,true,true,published,fap-api:personality_profile_variants,MBTI:zh-CN:variant:ISFP-A,ISFP-A 探险家人格：特点、职业、关系与 A/T 差异 | FermatMind,ISFP-A 是什么？了解 探险家 的核心特点、适合谁、不适合谁、常见误解、A/T 差异、职业关系压力场景和 FAQ。,ISFP-A 探险家人格：特点、职业、关系与 A/T 差异 | FermatMind,19076,11ad9b8c99c52d06c64a9aeeda12393b29f9ac6b366f054d406549172a6f619b,3,37,1,52,1.923077,12.269231,1,7,14.285714,4.857143,2,62,3.225806,11.274194,UNKNOWN_PAGE_LEVEL,2026-03-18T05:20:16.000000Z,VERIFIED_PUBLIC_AUTHORITY_M01_GSC,M01 Search Analytics top-row aggregate; NOT_RETURNED is not zero; route locale is not a GSC language dimension; page-level indexing unavailable
mbti,at_comparison,isfp-a-vs-isfp-t,zh-CN,isfp-a-vs-isfp-t,https://fermatmind.com/zh/personality/isfp-a-vs-isfp-t,https://fermatmind.com/zh/personality/isfp-a-vs-isfp-t,https://fermatmind.com/en/personality/isfp-a-vs-isfp-t,https://fermatmind.com/zh/personality/isfp-a-vs-isfp-t,"index, follow",200,,true,true,true,true,true,published,fap-api:personality_profiles,MBTI:zh-CN:at_comparison:isfp-a-vs-isfp-t,ISFP-A 和 ISFP-T 的区别：探险家 A/T 对比 | FermatMind,UNKNOWN,ISFP-A 和 ISFP-T 的区别：探险家 A/T 对比 | FermatMind,17,35c7f65f14c704fbca0d84fb134d6cc8bfbc966ab5eeb582e9626e3db49317a5,2,0,NOT_RETURNED,NOT_RETURNED,NOT_RETURNED,NOT_RETURNED,NOT_RETURNED,NOT_RETURNED,NOT_RETURNED,NOT_RETURNED,NOT_RETURNED,NOT_RETURNED,NOT_RETURNED,NOT_RETURNED,UNKNOWN_PAGE_LEVEL,2026-07-15T08:39:46.000Z,VERIFIED_PUBLIC_AUTHORITY_M01_NOT_RETURNED,M01 Search Analytics top-row aggregate; NOT_RETURNED is not zero; route locale is not a GSC language dimension; page-level indexing unavailable
mbti,variant,ISFP-T,zh-CN,isfp-t,https://fermatmind.com/zh/personality/isfp-t,https://fermatmind.com/zh/personality/isfp-t,https://fermatmind.com/en/personality/isfp-t,https://fermatmind.com/zh/personality/isfp-t,"index, follow",200,,true,true,true,true,true,published,fap-api:personality_profile_variants,MBTI:zh-CN:variant:ISFP-T,ISFP-T 人格特点：真实感受、当下体验和审美表达 | FermatMind,了解 ISFP-T 的真实感受、当下体验和审美表达、适合与不适合的场景、A/T 差异、职业、关系、压力应对、常见误解与 FAQ。内容仅用于自我理解和成长复盘。,ISFP - 探险家,29,012d14eb21be9752ce19f732084b1136355e2f40aa2a850047006b18e7527548,2,0,NOT_RETURNED,NOT_RETURNED,NOT_RETURNED,NOT_RETURNED,NOT_RETURNED,NOT_RETURNED,NOT_RETURNED,NOT_RETURNED,NOT_RETURNED,NOT_RETURNED,NOT_RETURNED,NOT_RETURNED,UNKNOWN_PAGE_LEVEL,2026-03-18T05:20:16.000000Z,VERIFIED_PUBLIC_AUTHORITY_M01_NOT_RETURNED,M01 Search Analytics top-row aggregate; NOT_RETURNED is not zero; route locale is not a GSC language dimension; page-level indexing unavailable
mbti,cross_type_comparison,isfp-vs-infp,zh-CN,isfp-vs-infp,https://fermatmind.com/zh/personality/isfp-vs-infp,https://fermatmind.com/zh/personality/isfp-vs-infp,https://fermatmind.com/en/personality/isfp-vs-infp,https://fermatmind.com/zh/personality/isfp-vs-infp,"index, follow",200,,true,true,true,true,true,published,fap-api:mbti_cross_type_comparison_authority,MBTI:zh-CN:cross_type:isfp-vs-infp,ISFP 和 INFP 的区别：当下体验、内在意义与价值表达,ISFP 和 INFP 都重视真实、自主、个人价值和不被外界粗暴定义的生活方式，但两者进入世界的入口不同。ISFP 更依靠当下体验、感官真实、具体行动和审美选择来确认什么适合自己；INFP 更依靠内在意义、价值叙事、想象世界和长期理想来解释自己。本文用于帮助用户区分两者在行动节奏、情绪复盘、创造路径、关系表达和成长策略中的差异，不用于诊断、筛选或决定职业关系。,ISFP 和 INFP 的区别：当下体验、内在意义与价值表达,171,3f0e7476564af381e87696f4d0bb545760cfdbffe45a4e118d5f06dabe8018e3,1,0,NOT_RETURNED,NOT_RETURNED,NOT_RETURNED,NOT_RETURNED,NOT_RETURNED,NOT_RETURNED,NOT_RETURNED,NOT_RETURNED,NOT_RETURNED,NOT_RETURNED,NOT_RETURNED,NOT_RETURNED,UNKNOWN_PAGE_LEVEL,2026-08-10T04:20:12.000Z,VERIFIED_PUBLIC_AUTHORITY_M01_NOT_RETURNED,M01 Search Analytics top-row aggregate; NOT_RETURNED is not zero; route locale is not a GSC language dimension; page-level indexing unavailable
mbti,base_type,ISTJ,zh-CN,istj,https://fermatmind.com/zh/personality/istj,https://fermatmind.com/zh/personality/istj,https://fermatmind.com/en/personality/istj,https://fermatmind.com/zh/personality/istj,"index, follow",200,,true,true,false,false,false,published,fap-api:personality_profiles,MBTI:zh-CN:base:ISTJ,ISTJ 人格指南,了解 ISTJ 的优势、弱项、人际模式和职业方向。,ISTJ - 物流师,29,efe24692b892829e5cc3a4f258b073ae7b757e37e9f484e4d8a6b36b7de29ae8,0,0,NOT_RETURNED,NOT_RETURNED,NOT_RETURNED,NOT_RETURNED,NOT_RETURNED,NOT_RETURNED,NOT_RETURNED,NOT_RETURNED,NOT_RETURNED,NOT_RETURNED,NOT_RETURNED,NOT_RETURNED,UNKNOWN_PAGE_LEVEL,2026-07-15T08:39:46.000000Z,VERIFIED_PUBLIC_AUTHORITY_M01_NOT_RETURNED,M01 Search Analytics top-row aggregate; NOT_RETURNED is not zero; route locale is not a GSC language dimension; page-level indexing unavailable
mbti,variant,ISTJ-A,zh-CN,istj-a,https://fermatmind.com/zh/personality/istj-a,https://fermatmind.com/zh/personality/istj-a,https://fermatmind.com/en/personality/istj-a,https://fermatmind.com/zh/personality/istj-a,"index, follow",200,,true,true,true,true,true,published,fap-api:personality_profile_variants,MBTI:zh-CN:variant:ISTJ-A,ISTJ-A 物流师人格：特点、职业、关系与 A/T 差异 | FermatMind,ISTJ-A 是什么？了解 物流师 的核心特点、适合谁、不适合谁、常见误解、A/T 差异、职业关系压力场景和 FAQ。,ISTJ-A 物流师人格：特点、职业、关系与 A/T 差异 | FermatMind,17451,7aa382edd4d3f51d3d49a05aed9b2fcb294d94f5ecf8851efabf62ecbbefbbc7,2,37,2,32,6.25,17,2,106,1.886792,10.575472,4,167,2.39521,12.161677,UNKNOWN_PAGE_LEVEL,2026-03-18T05:20:16.000000Z,VERIFIED_PUBLIC_AUTHORITY_M01_GSC,M01 Search Analytics top-row aggregate; NOT_RETURNED is not zero; route locale is not a GSC language dimension; page-level indexing unavailable
mbti,at_comparison,istj-a-vs-istj-t,zh-CN,istj-a-vs-istj-t,https://fermatmind.com/zh/personality/istj-a-vs-istj-t,https://fermatmind.com/zh/personality/istj-a-vs-istj-t,https://fermatmind.com/en/personality/istj-a-vs-istj-t,https://fermatmind.com/zh/personality/istj-a-vs-istj-t,"index, follow",200,,true,true,true,true,true,published,fap-api:personality_profiles,MBTI:zh-CN:at_comparison:istj-a-vs-istj-t,ISTJ-A 和 ISTJ-T 的区别：物流师 A/T 对比 | FermatMind,UNKNOWN,ISTJ-A 和 ISTJ-T 的区别：物流师 A/T 对比 | FermatMind,17,0fe16f713df5eda4c9d685695e1b089b26fd00344ec0a63bdbe97de159604237,2,0,NOT_RETURNED,NOT_RETURNED,NOT_RETURNED,NOT_RETURNED,NOT_RETURNED,NOT_RETURNED,NOT_RETURNED,NOT_RETURNED,NOT_RETURNED,NOT_RETURNED,NOT_RETURNED,NOT_RETURNED,UNKNOWN_PAGE_LEVEL,2026-07-15T08:39:46.000Z,VERIFIED_PUBLIC_AUTHORITY_M01_NOT_RETURNED,M01 Search Analytics top-row aggregate; NOT_RETURNED is not zero; route locale is not a GSC language dimension; page-level indexing unavailable
mbti,variant,ISTJ-T,zh-CN,istj-t,https://fermatmind.com/zh/personality/istj-t,https://fermatmind.com/zh/personality/istj-t,https://fermatmind.com/en/personality/istj-t,https://fermatmind.com/zh/personality/istj-t,"index, follow",200,,true,true,true,true,true,published,fap-api:personality_profile_variants,MBTI:zh-CN:variant:ISTJ-T,ISTJ-T 人格特点：经验校验、责任边界和稳定执行 | FermatMind,了解 ISTJ-T 的经验校验、责任边界和稳定执行、适合与不适合的场景、A/T 差异、职业、关系、压力应对、常见误解与 FAQ。内容仅用于自我理解和成长复盘。,ISTJ - 物流师,29,efe24692b892829e5cc3a4f258b073ae7b757e37e9f484e4d8a6b36b7de29ae8,2,0,NOT_RETURNED,NOT_RETURNED,NOT_RETURNED,NOT_RETURNED,NOT_RETURNED,NOT_RETURNED,NOT_RETURNED,NOT_RETURNED,NOT_RETURNED,NOT_RETURNED,NOT_RETURNED,NOT_RETURNED,UNKNOWN_PAGE_LEVEL,2026-03-18T05:20:17.000000Z,VERIFIED_PUBLIC_AUTHORITY_M01_NOT_RETURNED,M01 Search Analytics top-row aggregate; NOT_RETURNED is not zero; route locale is not a GSC language dimension; page-level indexing unavailable
mbti,cross_type_comparison,istj-vs-isfj,zh-CN,istj-vs-isfj,https://fermatmind.com/zh/personality/istj-vs-isfj,https://fermatmind.com/zh/personality/istj-vs-isfj,https://fermatmind.com/en/personality/istj-vs-isfj,https://fermatmind.com/zh/personality/istj-vs-isfj,"index, follow",200,,true,true,true,true,true,published,fap-api:mbti_cross_type_comparison_authority,MBTI:zh-CN:cross_type:istj-vs-isfj,ISTJ 和 ISFJ 的区别：制度可靠性与照顾可靠性,ISTJ 更容易用规则、记录和标准保证可靠，ISFJ 更容易用照顾、记忆和关系稳定保证可靠。最大区别不是谁更负责，而是责任感优先服务什么。,ISTJ 和 ISFJ 的区别：制度可靠性与照顾可靠性,76,6e533d76d444475d0d8b7643e0d701428240af487b4b3fa639a74016d4fcedc4,3,0,1,28,3.571429,9.214286,NOT_RETURNED,NOT_RETURNED,NOT_RETURNED,NOT_RETURNED,1,28,3.571429,9.214286,UNKNOWN_PAGE_LEVEL,2026-08-10T04:20:12.000Z,VERIFIED_PUBLIC_AUTHORITY_M01_GSC,M01 Search Analytics top-row aggregate; NOT_RETURNED is not zero; route locale is not a GSC language dimension; page-level indexing unavailable
mbti,base_type,ISTP,zh-CN,istp,https://fermatmind.com/zh/personality/istp,https://fermatmind.com/zh/personality/istp,https://fermatmind.com/en/personality/istp,https://fermatmind.com/zh/personality/istp,"index, follow",200,,true,true,false,false,false,published,fap-api:personality_profiles,MBTI:zh-CN:base:ISTP,ISTP 人格指南,了解 ISTP 的优势、弱项、人际模式和职业方向。,ISTP - 鉴赏家,29,7653f86821685ee8e74971261b5f78fba3b60f0e25e93ba2610a79209535944b,0,0,NOT_RETURNED,NOT_RETURNED,NOT_RETURNED,NOT_RETURNED,NOT_RETURNED,NOT_RETURNED,NOT_RETURNED,NOT_RETURNED,NOT_RETURNED,NOT_RETURNED,NOT_RETURNED,NOT_RETURNED,UNKNOWN_PAGE_LEVEL,2026-07-15T08:39:46.000000Z,VERIFIED_PUBLIC_AUTHORITY_M01_NOT_RETURNED,M01 Search Analytics top-row aggregate; NOT_RETURNED is not zero; route locale is not a GSC language dimension; page-level indexing unavailable
mbti,variant,ISTP-A,zh-CN,istp-a,https://fermatmind.com/zh/personality/istp-a,https://fermatmind.com/zh/personality/istp-a,https://fermatmind.com/en/personality/istp-a,https://fermatmind.com/zh/personality/istp-a,"index, follow",200,,true,true,true,true,true,published,fap-api:personality_profile_variants,MBTI:zh-CN:variant:ISTP-A,ISTP-A 鉴赏家人格：特点、职业、关系与 A/T 差异 | FermatMind,ISTP-A 是什么？了解 鉴赏家 的核心特点、适合谁、不适合谁、常见误解、A/T 差异、职业关系压力场景和 FAQ。,ISTP-A 鉴赏家人格：特点、职业、关系与 A/T 差异 | FermatMind,18057,cca3760c953eabb8cafc3cbbfb8b7336d0763915c4e33f5995f7dab2fdbab1c0,3,37,0,22,0,14.045455,1,66,1.515152,11.227273,1,100,1,11.88,UNKNOWN_PAGE_LEVEL,2026-03-18T05:20:17.000000Z,VERIFIED_PUBLIC_AUTHORITY_M01_GSC,M01 Search Analytics top-row aggregate; NOT_RETURNED is not zero; route locale is not a GSC language dimension; page-level indexing unavailable
mbti,at_comparison,istp-a-vs-istp-t,zh-CN,istp-a-vs-istp-t,https://fermatmind.com/zh/personality/istp-a-vs-istp-t,https://fermatmind.com/zh/personality/istp-a-vs-istp-t,https://fermatmind.com/en/personality/istp-a-vs-istp-t,https://fermatmind.com/zh/personality/istp-a-vs-istp-t,"index, follow",200,,true,true,true,true,true,published,fap-api:personality_profiles,MBTI:zh-CN:at_comparison:istp-a-vs-istp-t,ISTP-A 和 ISTP-T 的区别：鉴赏家 A/T 对比 | FermatMind,UNKNOWN,ISTP-A 和 ISTP-T 的区别：鉴赏家 A/T 对比 | FermatMind,17,f024d5d4a09b0dab151914a563874f8cf19de13d44e3781f6f0ad320e37ee036,2,0,NOT_RETURNED,NOT_RETURNED,NOT_RETURNED,NOT_RETURNED,NOT_RETURNED,NOT_RETURNED,NOT_RETURNED,NOT_RETURNED,NOT_RETURNED,NOT_RETURNED,NOT_RETURNED,NOT_RETURNED,UNKNOWN_PAGE_LEVEL,2026-07-15T08:39:46.000Z,VERIFIED_PUBLIC_AUTHORITY_M01_NOT_RETURNED,M01 Search Analytics top-row aggregate; NOT_RETURNED is not zero; route locale is not a GSC language dimension; page-level indexing unavailable
mbti,variant,ISTP-T,zh-CN,istp-t,https://fermatmind.com/zh/personality/istp-t,https://fermatmind.com/zh/personality/istp-t,https://fermatmind.com/en/personality/istp-t,https://fermatmind.com/zh/personality/istp-t,"index, follow",200,,true,true,true,true,true,published,fap-api:personality_profile_variants,MBTI:zh-CN:variant:ISTP-T,ISTP-T 人格特点：问题拆解、即时观察和动手验证 | FermatMind,了解 ISTP-T 的问题拆解、即时观察和动手验证、适合与不适合的场景、A/T 差异、职业、关系、压力应对、常见误解与 FAQ。内容仅用于自我理解和成长复盘。,ISTP - 鉴赏家,29,7653f86821685ee8e74971261b5f78fba3b60f0e25e93ba2610a79209535944b,2,0,NOT_RETURNED,NOT_RETURNED,NOT_RETURNED,NOT_RETURNED,NOT_RETURNED,NOT_RETURNED,NOT_RETURNED,NOT_RETURNED,NOT_RETURNED,NOT_RETURNED,NOT_RETURNED,NOT_RETURNED,UNKNOWN_PAGE_LEVEL,2026-03-18T05:20:17.000000Z,VERIFIED_PUBLIC_AUTHORITY_M01_NOT_RETURNED,M01 Search Analytics top-row aggregate; NOT_RETURNED is not zero; route locale is not a GSC language dimension; page-level indexing unavailable
