framework,locale,entity_type,entity_code,primary_owner_url,owned_query_cluster,supporting_query_cluster,owner_rule,assessment_owner,eligibility,evidence_status,limitation,current28_observed_queries,current28_primary_queries,current28_shared_queries,current28_clicks,current28_impressions,current28_ctr_percent,current28_position,prev28_impressions,day90_impressions,ownership_decision,page_indexing_state
cross_framework,en,hub,personality,https://fermatmind.com/en/personality,personality framework navigation,framework navigation and next step,one normalized query cluster → one primary canonical owner per locale,UNKNOWN,existing_backend_authoritative_only,INFERRED_ROUTE_TAXONOMY_M01_NOT_RETURNED,M01 top-row aggregate; NOT_RETURNED is not zero; route locale is not GSC language; page-level indexing unavailable,0,0,0,NOT_RETURNED,NOT_RETURNED,NOT_RETURNED,NOT_RETURNED,NOT_RETURNED,NOT_RETURNED,ROUTE_OWNER_M01_NOT_RETURNED,UNKNOWN_PAGE_LEVEL
big_five,en,hub,big-five,https://fermatmind.com/en/personality/big-five,Big Five model overview,framework navigation and next step,one normalized query cluster → one primary canonical owner per locale,/en/tests/big-five-personality-test-ocean-model,existing_backend_authoritative_only,INFERRED_ROUTE_TAXONOMY_M01_NOT_RETURNED,M01 top-row aggregate; NOT_RETURNED is not zero; route locale is not GSC language; page-level indexing unavailable,0,0,0,NOT_RETURNED,NOT_RETURNED,NOT_RETURNED,NOT_RETURNED,NOT_RETURNED,NOT_RETURNED,ROUTE_OWNER_M01_NOT_RETURNED,UNKNOWN_PAGE_LEVEL
big_five,en,domain,agreeableness,https://fermatmind.com/en/personality/big-five/agreeableness,agreeableness meaning and observable tendencies,examples; limits; reflection; next step,one normalized query cluster → one primary canonical owner per locale,/en/tests/big-five-personality-test-ocean-model,existing_backend_authoritative_only,VERIFIED_M01_OBSERVED,M01 top-row aggregate; NOT_RETURNED is not zero; route locale is not GSC language; page-level indexing unavailable,3,2,1,0,3,0,28.666667,NOT_RETURNED,3,ROUTE_OWNER_WITH_SHARED_QUERY_REVIEW,UNKNOWN_PAGE_LEVEL
big_five,en,polarity,agreeableness-high,https://fermatmind.com/en/personality/big-five/agreeableness-high,agreeableness high meaning and observable tendencies,examples; limits; reflection; next step,one normalized query cluster → one primary canonical owner per locale,/en/tests/big-five-personality-test-ocean-model,existing_backend_authoritative_only,VERIFIED_M01_OBSERVED,M01 top-row aggregate; NOT_RETURNED is not zero; route locale is not GSC language; page-level indexing unavailable,1,1,0,0,2,0,6,NOT_RETURNED,2,PRIMARY_OWNER_OBSERVED,UNKNOWN_PAGE_LEVEL
big_five,en,polarity,agreeableness-low,https://fermatmind.com/en/personality/big-five/agreeableness-low,agreeableness low meaning and observable tendencies,examples; limits; reflection; next step,one normalized query cluster → one primary canonical owner per locale,/en/tests/big-five-personality-test-ocean-model,existing_backend_authoritative_only,INFERRED_ROUTE_TAXONOMY_M01_NOT_RETURNED,M01 top-row aggregate; NOT_RETURNED is not zero; route locale is not GSC language; page-level indexing unavailable,0,0,0,NOT_RETURNED,NOT_RETURNED,NOT_RETURNED,NOT_RETURNED,NOT_RETURNED,NOT_RETURNED,ROUTE_OWNER_M01_NOT_RETURNED,UNKNOWN_PAGE_LEVEL
big_five,en,polarity,agreeableness-mid,https://fermatmind.com/en/personality/big-five/agreeableness-mid,agreeableness mid meaning and observable tendencies,examples; limits; reflection; next step,one normalized query cluster → one primary canonical owner per locale,/en/tests/big-five-personality-test-ocean-model,existing_backend_authoritative_only,INFERRED_ROUTE_TAXONOMY_M01_NOT_RETURNED,M01 top-row aggregate; NOT_RETURNED is not zero; route locale is not GSC language; page-level indexing unavailable,0,0,0,NOT_RETURNED,NOT_RETURNED,NOT_RETURNED,NOT_RETURNED,NOT_RETURNED,NOT_RETURNED,ROUTE_OWNER_M01_NOT_RETURNED,UNKNOWN_PAGE_LEVEL
big_five,en,domain,conscientiousness,https://fermatmind.com/en/personality/big-five/conscientiousness,conscientiousness meaning and observable tendencies,examples; limits; reflection; next step,one normalized query cluster → one primary canonical owner per locale,/en/tests/big-five-personality-test-ocean-model,existing_backend_authoritative_only,INFERRED_ROUTE_TAXONOMY_M01_NOT_RETURNED,M01 top-row aggregate; NOT_RETURNED is not zero; route locale is not GSC language; page-level indexing unavailable,0,0,0,NOT_RETURNED,NOT_RETURNED,NOT_RETURNED,NOT_RETURNED,NOT_RETURNED,NOT_RETURNED,ROUTE_OWNER_M01_NOT_RETURNED,UNKNOWN_PAGE_LEVEL
big_five,en,polarity,conscientiousness-high,https://fermatmind.com/en/personality/big-five/conscientiousness-high,conscientiousness high meaning and observable tendencies,examples; limits; reflection; next step,one normalized query cluster → one primary canonical owner per locale,/en/tests/big-five-personality-test-ocean-model,existing_backend_authoritative_only,INFERRED_ROUTE_TAXONOMY_M01_NOT_RETURNED,M01 top-row aggregate; NOT_RETURNED is not zero; route locale is not GSC language; page-level indexing unavailable,0,0,0,NOT_RETURNED,NOT_RETURNED,NOT_RETURNED,NOT_RETURNED,NOT_RETURNED,NOT_RETURNED,ROUTE_OWNER_M01_NOT_RETURNED,UNKNOWN_PAGE_LEVEL
big_five,en,polarity,conscientiousness-low,https://fermatmind.com/en/personality/big-five/conscientiousness-low,conscientiousness low meaning and observable tendencies,examples; limits; reflection; next step,one normalized query cluster → one primary canonical owner per locale,/en/tests/big-five-personality-test-ocean-model,existing_backend_authoritative_only,INFERRED_ROUTE_TAXONOMY_M01_NOT_RETURNED,M01 top-row aggregate; NOT_RETURNED is not zero; route locale is not GSC language; page-level indexing unavailable,0,0,0,NOT_RETURNED,NOT_RETURNED,NOT_RETURNED,NOT_RETURNED,NOT_RETURNED,NOT_RETURNED,ROUTE_OWNER_M01_NOT_RETURNED,UNKNOWN_PAGE_LEVEL
big_five,en,polarity,conscientiousness-mid,https://fermatmind.com/en/personality/big-five/conscientiousness-mid,conscientiousness mid meaning and observable tendencies,examples; limits; reflection; next step,one normalized query cluster → one primary canonical owner per locale,/en/tests/big-five-personality-test-ocean-model,existing_backend_authoritative_only,INFERRED_ROUTE_TAXONOMY_M01_NOT_RETURNED,M01 top-row aggregate; NOT_RETURNED is not zero; route locale is not GSC language; page-level indexing unavailable,0,0,0,NOT_RETURNED,NOT_RETURNED,NOT_RETURNED,NOT_RETURNED,NOT_RETURNED,NOT_RETURNED,ROUTE_OWNER_M01_NOT_RETURNED,UNKNOWN_PAGE_LEVEL
big_five,en,domain,extraversion,https://fermatmind.com/en/personality/big-five/extraversion,extraversion meaning and observable tendencies,examples; limits; reflection; next step,one normalized query cluster → one primary canonical owner per locale,/en/tests/big-five-personality-test-ocean-model,existing_backend_authoritative_only,INFERRED_ROUTE_TAXONOMY_M01_NOT_RETURNED,M01 top-row aggregate; NOT_RETURNED is not zero; route locale is not GSC language; page-level indexing unavailable,0,0,0,NOT_RETURNED,NOT_RETURNED,NOT_RETURNED,NOT_RETURNED,NOT_RETURNED,NOT_RETURNED,ROUTE_OWNER_M01_NOT_RETURNED,UNKNOWN_PAGE_LEVEL
big_five,en,polarity,extraversion-high,https://fermatmind.com/en/personality/big-five/extraversion-high,extraversion high meaning and observable tendencies,examples; limits; reflection; next step,one normalized query cluster → one primary canonical owner per locale,/en/tests/big-five-personality-test-ocean-model,existing_backend_authoritative_only,VERIFIED_M01_OBSERVED,M01 top-row aggregate; NOT_RETURNED is not zero; route locale is not GSC language; page-level indexing unavailable,3,3,0,0,10,0,7.9,4,14,PRIMARY_OWNER_OBSERVED,UNKNOWN_PAGE_LEVEL
big_five,en,polarity,extraversion-low,https://fermatmind.com/en/personality/big-five/extraversion-low,extraversion low meaning and observable tendencies,examples; limits; reflection; next step,one normalized query cluster → one primary canonical owner per locale,/en/tests/big-five-personality-test-ocean-model,existing_backend_authoritative_only,INFERRED_ROUTE_TAXONOMY_M01_NOT_RETURNED,M01 top-row aggregate; NOT_RETURNED is not zero; route locale is not GSC language; page-level indexing unavailable,0,0,0,NOT_RETURNED,NOT_RETURNED,NOT_RETURNED,NOT_RETURNED,1,1,ROUTE_OWNER_M01_NOT_RETURNED,UNKNOWN_PAGE_LEVEL
big_five,en,polarity,extraversion-mid,https://fermatmind.com/en/personality/big-five/extraversion-mid,extraversion mid meaning and observable tendencies,examples; limits; reflection; next step,one normalized query cluster → one primary canonical owner per locale,/en/tests/big-five-personality-test-ocean-model,existing_backend_authoritative_only,INFERRED_ROUTE_TAXONOMY_M01_NOT_RETURNED,M01 top-row aggregate; NOT_RETURNED is not zero; route locale is not GSC language; page-level indexing unavailable,0,0,0,NOT_RETURNED,NOT_RETURNED,NOT_RETURNED,NOT_RETURNED,NOT_RETURNED,NOT_RETURNED,ROUTE_OWNER_M01_NOT_RETURNED,UNKNOWN_PAGE_LEVEL
big_five,en,facet_hub,facets,https://fermatmind.com/en/personality/big-five/facets,Big Five facets overview,examples; limits; reflection; next step,one normalized query cluster → one primary canonical owner per locale,/en/tests/big-five-personality-test-ocean-model,existing_backend_authoritative_only,INFERRED_ROUTE_TAXONOMY_M01_NOT_RETURNED,M01 top-row aggregate; NOT_RETURNED is not zero; route locale is not GSC language; page-level indexing unavailable,0,0,0,NOT_RETURNED,NOT_RETURNED,NOT_RETURNED,NOT_RETURNED,NOT_RETURNED,NOT_RETURNED,ROUTE_OWNER_M01_NOT_RETURNED,UNKNOWN_PAGE_LEVEL
big_five,en,facet_detail,achievement-striving,https://fermatmind.com/en/personality/big-five/facets/achievement-striving,achievement striving meaning and observable tendencies,examples; limits; reflection; next step,one normalized query cluster → one primary canonical owner per locale,/en/tests/big-five-personality-test-ocean-model,existing_backend_authoritative_only,VERIFIED_M01_OBSERVED,M01 top-row aggregate; NOT_RETURNED is not zero; route locale is not GSC language; page-level indexing unavailable,1,1,0,0,1,0,6,NOT_RETURNED,1,PRIMARY_OWNER_OBSERVED,UNKNOWN_PAGE_LEVEL
big_five,en,facet_detail,actions,https://fermatmind.com/en/personality/big-five/facets/actions,actions meaning and observable tendencies,examples; limits; reflection; next step,one normalized query cluster → one primary canonical owner per locale,/en/tests/big-five-personality-test-ocean-model,existing_backend_authoritative_only,INFERRED_ROUTE_TAXONOMY_M01_NOT_RETURNED,M01 top-row aggregate; NOT_RETURNED is not zero; route locale is not GSC language; page-level indexing unavailable,0,0,0,NOT_RETURNED,NOT_RETURNED,NOT_RETURNED,NOT_RETURNED,NOT_RETURNED,NOT_RETURNED,ROUTE_OWNER_M01_NOT_RETURNED,UNKNOWN_PAGE_LEVEL
big_five,en,facet_detail,activity,https://fermatmind.com/en/personality/big-five/facets/activity,activity meaning and observable tendencies,examples; limits; reflection; next step,one normalized query cluster → one primary canonical owner per locale,/en/tests/big-five-personality-test-ocean-model,existing_backend_authoritative_only,INFERRED_ROUTE_TAXONOMY_M01_NOT_RETURNED,M01 top-row aggregate; NOT_RETURNED is not zero; route locale is not GSC language; page-level indexing unavailable,0,0,0,NOT_RETURNED,NOT_RETURNED,NOT_RETURNED,NOT_RETURNED,NOT_RETURNED,NOT_RETURNED,ROUTE_OWNER_M01_NOT_RETURNED,UNKNOWN_PAGE_LEVEL
big_five,en,facet_detail,aesthetics,https://fermatmind.com/en/personality/big-five/facets/aesthetics,aesthetics meaning and observable tendencies,examples; limits; reflection; next step,one normalized query cluster → one primary canonical owner per locale,/en/tests/big-five-personality-test-ocean-model,existing_backend_authoritative_only,INFERRED_ROUTE_TAXONOMY_M01_NOT_RETURNED,M01 top-row aggregate; NOT_RETURNED is not zero; route locale is not GSC language; page-level indexing unavailable,0,0,0,NOT_RETURNED,NOT_RETURNED,NOT_RETURNED,NOT_RETURNED,NOT_RETURNED,NOT_RETURNED,ROUTE_OWNER_M01_NOT_RETURNED,UNKNOWN_PAGE_LEVEL
big_five,en,facet_detail,altruism,https://fermatmind.com/en/personality/big-five/facets/altruism,altruism meaning and observable tendencies,examples; limits; reflection; next step,one normalized query cluster → one primary canonical owner per locale,/en/tests/big-five-personality-test-ocean-model,existing_backend_authoritative_only,INFERRED_ROUTE_TAXONOMY_M01_NOT_RETURNED,M01 top-row aggregate; NOT_RETURNED is not zero; route locale is not GSC language; page-level indexing unavailable,0,0,0,NOT_RETURNED,NOT_RETURNED,NOT_RETURNED,NOT_RETURNED,NOT_RETURNED,NOT_RETURNED,ROUTE_OWNER_M01_NOT_RETURNED,UNKNOWN_PAGE_LEVEL
big_five,en,facet_detail,anger,https://fermatmind.com/en/personality/big-five/facets/anger,anger meaning and observable tendencies,examples; limits; reflection; next step,one normalized query cluster → one primary canonical owner per locale,/en/tests/big-five-personality-test-ocean-model,existing_backend_authoritative_only,INFERRED_ROUTE_TAXONOMY_M01_NOT_RETURNED,M01 top-row aggregate; NOT_RETURNED is not zero; route locale is not GSC language; page-level indexing unavailable,0,0,0,NOT_RETURNED,NOT_RETURNED,NOT_RETURNED,NOT_RETURNED,NOT_RETURNED,NOT_RETURNED,ROUTE_OWNER_M01_NOT_RETURNED,UNKNOWN_PAGE_LEVEL
big_five,en,facet_detail,anxiety,https://fermatmind.com/en/personality/big-five/facets/anxiety,anxiety meaning and observable tendencies,examples; limits; reflection; next step,one normalized query cluster → one primary canonical owner per locale,/en/tests/big-five-personality-test-ocean-model,existing_backend_authoritative_only,INFERRED_ROUTE_TAXONOMY_M01_NOT_RETURNED,M01 top-row aggregate; NOT_RETURNED is not zero; route locale is not GSC language; page-level indexing unavailable,0,0,0,NOT_RETURNED,NOT_RETURNED,NOT_RETURNED,NOT_RETURNED,NOT_RETURNED,NOT_RETURNED,ROUTE_OWNER_M01_NOT_RETURNED,UNKNOWN_PAGE_LEVEL
big_five,en,facet_detail,assertiveness,https://fermatmind.com/en/personality/big-five/facets/assertiveness,assertiveness meaning and observable tendencies,examples; limits; reflection; next step,one normalized query cluster → one primary canonical owner per locale,/en/tests/big-five-personality-test-ocean-model,existing_backend_authoritative_only,INFERRED_ROUTE_TAXONOMY_M01_NOT_RETURNED,M01 top-row aggregate; NOT_RETURNED is not zero; route locale is not GSC language; page-level indexing unavailable,0,0,0,NOT_RETURNED,NOT_RETURNED,NOT_RETURNED,NOT_RETURNED,NOT_RETURNED,NOT_RETURNED,ROUTE_OWNER_M01_NOT_RETURNED,UNKNOWN_PAGE_LEVEL
big_five,en,facet_detail,competence,https://fermatmind.com/en/personality/big-five/facets/competence,competence meaning and observable tendencies,examples; limits; reflection; next step,one normalized query cluster → one primary canonical owner per locale,/en/tests/big-five-personality-test-ocean-model,existing_backend_authoritative_only,INFERRED_ROUTE_TAXONOMY_M01_NOT_RETURNED,M01 top-row aggregate; NOT_RETURNED is not zero; route locale is not GSC language; page-level indexing unavailable,0,0,0,NOT_RETURNED,NOT_RETURNED,NOT_RETURNED,NOT_RETURNED,NOT_RETURNED,NOT_RETURNED,ROUTE_OWNER_M01_NOT_RETURNED,UNKNOWN_PAGE_LEVEL
big_five,en,facet_detail,compliance,https://fermatmind.com/en/personality/big-five/facets/compliance,compliance meaning and observable tendencies,examples; limits; reflection; next step,one normalized query cluster → one primary canonical owner per locale,/en/tests/big-five-personality-test-ocean-model,existing_backend_authoritative_only,VERIFIED_M01_OBSERVED,M01 top-row aggregate; NOT_RETURNED is not zero; route locale is not GSC language; page-level indexing unavailable,2,2,0,0,2,0,6.5,NOT_RETURNED,2,PRIMARY_OWNER_OBSERVED,UNKNOWN_PAGE_LEVEL
big_five,en,facet_detail,deliberation,https://fermatmind.com/en/personality/big-five/facets/deliberation,deliberation meaning and observable tendencies,examples; limits; reflection; next step,one normalized query cluster → one primary canonical owner per locale,/en/tests/big-five-personality-test-ocean-model,existing_backend_authoritative_only,INFERRED_ROUTE_TAXONOMY_M01_NOT_RETURNED,M01 top-row aggregate; NOT_RETURNED is not zero; route locale is not GSC language; page-level indexing unavailable,0,0,0,NOT_RETURNED,NOT_RETURNED,NOT_RETURNED,NOT_RETURNED,NOT_RETURNED,NOT_RETURNED,ROUTE_OWNER_M01_NOT_RETURNED,UNKNOWN_PAGE_LEVEL
big_five,en,facet_detail,depression,https://fermatmind.com/en/personality/big-five/facets/depression,depression meaning and observable tendencies,examples; limits; reflection; next step,one normalized query cluster → one primary canonical owner per locale,/en/tests/big-five-personality-test-ocean-model,existing_backend_authoritative_only,INFERRED_ROUTE_TAXONOMY_M01_NOT_RETURNED,M01 top-row aggregate; NOT_RETURNED is not zero; route locale is not GSC language; page-level indexing unavailable,0,0,0,NOT_RETURNED,NOT_RETURNED,NOT_RETURNED,NOT_RETURNED,NOT_RETURNED,NOT_RETURNED,ROUTE_OWNER_M01_NOT_RETURNED,UNKNOWN_PAGE_LEVEL
big_five,en,facet_detail,dutifulness,https://fermatmind.com/en/personality/big-five/facets/dutifulness,dutifulness meaning and observable tendencies,examples; limits; reflection; next step,one normalized query cluster → one primary canonical owner per locale,/en/tests/big-five-personality-test-ocean-model,existing_backend_authoritative_only,VERIFIED_M01_OBSERVED,M01 top-row aggregate; NOT_RETURNED is not zero; route locale is not GSC language; page-level indexing unavailable,3,3,0,0,47,0,6.87234,4,51,PRIMARY_OWNER_OBSERVED,UNKNOWN_PAGE_LEVEL
big_five,en,facet_detail,excitement-seeking,https://fermatmind.com/en/personality/big-five/facets/excitement-seeking,excitement seeking meaning and observable tendencies,examples; limits; reflection; next step,one normalized query cluster → one primary canonical owner per locale,/en/tests/big-five-personality-test-ocean-model,existing_backend_authoritative_only,VERIFIED_M01_OBSERVED,M01 top-row aggregate; NOT_RETURNED is not zero; route locale is not GSC language; page-level indexing unavailable,3,3,0,0,8,0,9.375,NOT_RETURNED,8,PRIMARY_OWNER_OBSERVED,UNKNOWN_PAGE_LEVEL
big_five,en,facet_detail,feelings,https://fermatmind.com/en/personality/big-five/facets/feelings,feelings meaning and observable tendencies,examples; limits; reflection; next step,one normalized query cluster → one primary canonical owner per locale,/en/tests/big-five-personality-test-ocean-model,existing_backend_authoritative_only,INFERRED_ROUTE_TAXONOMY_M01_NOT_RETURNED,M01 top-row aggregate; NOT_RETURNED is not zero; route locale is not GSC language; page-level indexing unavailable,0,0,0,NOT_RETURNED,NOT_RETURNED,NOT_RETURNED,NOT_RETURNED,NOT_RETURNED,NOT_RETURNED,ROUTE_OWNER_M01_NOT_RETURNED,UNKNOWN_PAGE_LEVEL
big_five,en,facet_detail,gregariousness,https://fermatmind.com/en/personality/big-five/facets/gregariousness,gregariousness meaning and observable tendencies,examples; limits; reflection; next step,one normalized query cluster → one primary canonical owner per locale,/en/tests/big-five-personality-test-ocean-model,existing_backend_authoritative_only,VERIFIED_M01_OBSERVED,M01 top-row aggregate; NOT_RETURNED is not zero; route locale is not GSC language; page-level indexing unavailable,1,1,0,0,14,0,4.071429,NOT_RETURNED,14,PRIMARY_OWNER_OBSERVED,UNKNOWN_PAGE_LEVEL
big_five,en,facet_detail,ideas,https://fermatmind.com/en/personality/big-five/facets/ideas,ideas meaning and observable tendencies,examples; limits; reflection; next step,one normalized query cluster → one primary canonical owner per locale,/en/tests/big-five-personality-test-ocean-model,existing_backend_authoritative_only,INFERRED_ROUTE_TAXONOMY_M01_NOT_RETURNED,M01 top-row aggregate; NOT_RETURNED is not zero; route locale is not GSC language; page-level indexing unavailable,0,0,0,NOT_RETURNED,NOT_RETURNED,NOT_RETURNED,NOT_RETURNED,NOT_RETURNED,NOT_RETURNED,ROUTE_OWNER_M01_NOT_RETURNED,UNKNOWN_PAGE_LEVEL
big_five,en,facet_detail,imagination,https://fermatmind.com/en/personality/big-five/facets/imagination,imagination meaning and observable tendencies,examples; limits; reflection; next step,one normalized query cluster → one primary canonical owner per locale,/en/tests/big-five-personality-test-ocean-model,existing_backend_authoritative_only,INFERRED_ROUTE_TAXONOMY_M01_NOT_RETURNED,M01 top-row aggregate; NOT_RETURNED is not zero; route locale is not GSC language; page-level indexing unavailable,0,0,0,NOT_RETURNED,NOT_RETURNED,NOT_RETURNED,NOT_RETURNED,NOT_RETURNED,NOT_RETURNED,ROUTE_OWNER_M01_NOT_RETURNED,UNKNOWN_PAGE_LEVEL
big_five,en,facet_detail,impulsiveness,https://fermatmind.com/en/personality/big-five/facets/impulsiveness,impulsiveness meaning and observable tendencies,examples; limits; reflection; next step,one normalized query cluster → one primary canonical owner per locale,/en/tests/big-five-personality-test-ocean-model,existing_backend_authoritative_only,INFERRED_ROUTE_TAXONOMY_M01_NOT_RETURNED,M01 top-row aggregate; NOT_RETURNED is not zero; route locale is not GSC language; page-level indexing unavailable,0,0,0,NOT_RETURNED,NOT_RETURNED,NOT_RETURNED,NOT_RETURNED,NOT_RETURNED,NOT_RETURNED,ROUTE_OWNER_M01_NOT_RETURNED,UNKNOWN_PAGE_LEVEL
big_five,en,facet_detail,modesty,https://fermatmind.com/en/personality/big-five/facets/modesty,modesty meaning and observable tendencies,examples; limits; reflection; next step,one normalized query cluster → one primary canonical owner per locale,/en/tests/big-five-personality-test-ocean-model,existing_backend_authoritative_only,VERIFIED_M01_OBSERVED,M01 top-row aggregate; NOT_RETURNED is not zero; route locale is not GSC language; page-level indexing unavailable,1,1,0,0,1,0,10,NOT_RETURNED,1,PRIMARY_OWNER_OBSERVED,UNKNOWN_PAGE_LEVEL
big_five,en,facet_detail,order,https://fermatmind.com/en/personality/big-five/facets/order,order meaning and observable tendencies,examples; limits; reflection; next step,one normalized query cluster → one primary canonical owner per locale,/en/tests/big-five-personality-test-ocean-model,existing_backend_authoritative_only,INFERRED_ROUTE_TAXONOMY_M01_NOT_RETURNED,M01 top-row aggregate; NOT_RETURNED is not zero; route locale is not GSC language; page-level indexing unavailable,0,0,0,NOT_RETURNED,NOT_RETURNED,NOT_RETURNED,NOT_RETURNED,NOT_RETURNED,NOT_RETURNED,ROUTE_OWNER_M01_NOT_RETURNED,UNKNOWN_PAGE_LEVEL
big_five,en,facet_detail,positive-emotions,https://fermatmind.com/en/personality/big-five/facets/positive-emotions,positive emotions meaning and observable tendencies,examples; limits; reflection; next step,one normalized query cluster → one primary canonical owner per locale,/en/tests/big-five-personality-test-ocean-model,existing_backend_authoritative_only,VERIFIED_M01_OBSERVED,M01 top-row aggregate; NOT_RETURNED is not zero; route locale is not GSC language; page-level indexing unavailable,2,2,0,0,4,0,7.25,NOT_RETURNED,4,PRIMARY_OWNER_OBSERVED,UNKNOWN_PAGE_LEVEL
big_five,en,facet_detail,self-consciousness,https://fermatmind.com/en/personality/big-five/facets/self-consciousness,self consciousness meaning and observable tendencies,examples; limits; reflection; next step,one normalized query cluster → one primary canonical owner per locale,/en/tests/big-five-personality-test-ocean-model,existing_backend_authoritative_only,INFERRED_ROUTE_TAXONOMY_M01_NOT_RETURNED,M01 top-row aggregate; NOT_RETURNED is not zero; route locale is not GSC language; page-level indexing unavailable,0,0,0,NOT_RETURNED,NOT_RETURNED,NOT_RETURNED,NOT_RETURNED,NOT_RETURNED,NOT_RETURNED,ROUTE_OWNER_M01_NOT_RETURNED,UNKNOWN_PAGE_LEVEL
big_five,en,facet_detail,self-discipline,https://fermatmind.com/en/personality/big-five/facets/self-discipline,self discipline meaning and observable tendencies,examples; limits; reflection; next step,one normalized query cluster → one primary canonical owner per locale,/en/tests/big-five-personality-test-ocean-model,existing_backend_authoritative_only,INFERRED_ROUTE_TAXONOMY_M01_NOT_RETURNED,M01 top-row aggregate; NOT_RETURNED is not zero; route locale is not GSC language; page-level indexing unavailable,0,0,0,NOT_RETURNED,NOT_RETURNED,NOT_RETURNED,NOT_RETURNED,NOT_RETURNED,NOT_RETURNED,ROUTE_OWNER_M01_NOT_RETURNED,UNKNOWN_PAGE_LEVEL
big_five,en,facet_detail,straightforwardness,https://fermatmind.com/en/personality/big-five/facets/straightforwardness,straightforwardness meaning and observable tendencies,examples; limits; reflection; next step,one normalized query cluster → one primary canonical owner per locale,/en/tests/big-five-personality-test-ocean-model,existing_backend_authoritative_only,VERIFIED_M01_OBSERVED,M01 top-row aggregate; NOT_RETURNED is not zero; route locale is not GSC language; page-level indexing unavailable,1,1,0,0,3,0,9,NOT_RETURNED,3,PRIMARY_OWNER_OBSERVED,UNKNOWN_PAGE_LEVEL
big_five,en,facet_detail,tender-mindedness,https://fermatmind.com/en/personality/big-five/facets/tender-mindedness,tender mindedness meaning and observable tendencies,examples; limits; reflection; next step,one normalized query cluster → one primary canonical owner per locale,/en/tests/big-five-personality-test-ocean-model,existing_backend_authoritative_only,VERIFIED_M01_OBSERVED,M01 top-row aggregate; NOT_RETURNED is not zero; route locale is not GSC language; page-level indexing unavailable,5,5,1,0,8,0,6.625,NOT_RETURNED,8,ROUTE_OWNER_WITH_SHARED_QUERY_REVIEW,UNKNOWN_PAGE_LEVEL
big_five,en,facet_detail,trust,https://fermatmind.com/en/personality/big-five/facets/trust,trust meaning and observable tendencies,examples; limits; reflection; next step,one normalized query cluster → one primary canonical owner per locale,/en/tests/big-five-personality-test-ocean-model,existing_backend_authoritative_only,INFERRED_ROUTE_TAXONOMY_M01_NOT_RETURNED,M01 top-row aggregate; NOT_RETURNED is not zero; route locale is not GSC language; page-level indexing unavailable,0,0,0,NOT_RETURNED,NOT_RETURNED,NOT_RETURNED,NOT_RETURNED,NOT_RETURNED,NOT_RETURNED,ROUTE_OWNER_M01_NOT_RETURNED,UNKNOWN_PAGE_LEVEL
big_five,en,facet_detail,values,https://fermatmind.com/en/personality/big-five/facets/values,values meaning and observable tendencies,examples; limits; reflection; next step,one normalized query cluster → one primary canonical owner per locale,/en/tests/big-five-personality-test-ocean-model,existing_backend_authoritative_only,INFERRED_ROUTE_TAXONOMY_M01_NOT_RETURNED,M01 top-row aggregate; NOT_RETURNED is not zero; route locale is not GSC language; page-level indexing unavailable,0,0,0,NOT_RETURNED,NOT_RETURNED,NOT_RETURNED,NOT_RETURNED,NOT_RETURNED,NOT_RETURNED,ROUTE_OWNER_M01_NOT_RETURNED,UNKNOWN_PAGE_LEVEL
big_five,en,facet_detail,vulnerability,https://fermatmind.com/en/personality/big-five/facets/vulnerability,vulnerability meaning and observable tendencies,examples; limits; reflection; next step,one normalized query cluster → one primary canonical owner per locale,/en/tests/big-five-personality-test-ocean-model,existing_backend_authoritative_only,VERIFIED_M01_OBSERVED,M01 top-row aggregate; NOT_RETURNED is not zero; route locale is not GSC language; page-level indexing unavailable,1,1,0,0,1,0,55,NOT_RETURNED,1,PRIMARY_OWNER_OBSERVED,UNKNOWN_PAGE_LEVEL
big_five,en,facet_detail,warmth,https://fermatmind.com/en/personality/big-five/facets/warmth,warmth meaning and observable tendencies,examples; limits; reflection; next step,one normalized query cluster → one primary canonical owner per locale,/en/tests/big-five-personality-test-ocean-model,existing_backend_authoritative_only,VERIFIED_M01_OBSERVED,M01 top-row aggregate; NOT_RETURNED is not zero; route locale is not GSC language; page-level indexing unavailable,6,6,0,0,12,0,11.5,NOT_RETURNED,12,PRIMARY_OWNER_OBSERVED,UNKNOWN_PAGE_LEVEL
big_five,en,domain,neuroticism,https://fermatmind.com/en/personality/big-five/neuroticism,neuroticism meaning and observable tendencies,examples; limits; reflection; next step,one normalized query cluster → one primary canonical owner per locale,/en/tests/big-five-personality-test-ocean-model,existing_backend_authoritative_only,INFERRED_ROUTE_TAXONOMY_M01_NOT_RETURNED,M01 top-row aggregate; NOT_RETURNED is not zero; route locale is not GSC language; page-level indexing unavailable,0,0,0,NOT_RETURNED,NOT_RETURNED,NOT_RETURNED,NOT_RETURNED,NOT_RETURNED,NOT_RETURNED,ROUTE_OWNER_M01_NOT_RETURNED,UNKNOWN_PAGE_LEVEL
big_five,en,polarity,neuroticism-high,https://fermatmind.com/en/personality/big-five/neuroticism-high,neuroticism high meaning and observable tendencies,examples; limits; reflection; next step,one normalized query cluster → one primary canonical owner per locale,/en/tests/big-five-personality-test-ocean-model,existing_backend_authoritative_only,VERIFIED_M01_OBSERVED,M01 top-row aggregate; NOT_RETURNED is not zero; route locale is not GSC language; page-level indexing unavailable,2,2,0,0,3,0,50.666667,2,5,PRIMARY_OWNER_OBSERVED,UNKNOWN_PAGE_LEVEL
big_five,en,polarity,neuroticism-low,https://fermatmind.com/en/personality/big-five/neuroticism-low,neuroticism low meaning and observable tendencies,examples; limits; reflection; next step,one normalized query cluster → one primary canonical owner per locale,/en/tests/big-five-personality-test-ocean-model,existing_backend_authoritative_only,VERIFIED_M01_OBSERVED,M01 top-row aggregate; NOT_RETURNED is not zero; route locale is not GSC language; page-level indexing unavailable,5,5,0,0,42,0,12.095238,6,48,PRIMARY_OWNER_OBSERVED,UNKNOWN_PAGE_LEVEL
big_five,en,polarity,neuroticism-mid,https://fermatmind.com/en/personality/big-five/neuroticism-mid,neuroticism mid meaning and observable tendencies,examples; limits; reflection; next step,one normalized query cluster → one primary canonical owner per locale,/en/tests/big-five-personality-test-ocean-model,existing_backend_authoritative_only,INFERRED_ROUTE_TAXONOMY_M01_NOT_RETURNED,M01 top-row aggregate; NOT_RETURNED is not zero; route locale is not GSC language; page-level indexing unavailable,0,0,0,NOT_RETURNED,NOT_RETURNED,NOT_RETURNED,NOT_RETURNED,NOT_RETURNED,NOT_RETURNED,ROUTE_OWNER_M01_NOT_RETURNED,UNKNOWN_PAGE_LEVEL
big_five,en,domain,openness,https://fermatmind.com/en/personality/big-five/openness,openness meaning and observable tendencies,examples; limits; reflection; next step,one normalized query cluster → one primary canonical owner per locale,/en/tests/big-five-personality-test-ocean-model,existing_backend_authoritative_only,INFERRED_ROUTE_TAXONOMY_M01_NOT_RETURNED,M01 top-row aggregate; NOT_RETURNED is not zero; route locale is not GSC language; page-level indexing unavailable,0,0,0,NOT_RETURNED,NOT_RETURNED,NOT_RETURNED,NOT_RETURNED,NOT_RETURNED,NOT_RETURNED,ROUTE_OWNER_M01_NOT_RETURNED,UNKNOWN_PAGE_LEVEL
big_five,en,polarity,openness-high,https://fermatmind.com/en/personality/big-five/openness-high,openness high meaning and observable tendencies,examples; limits; reflection; next step,one normalized query cluster → one primary canonical owner per locale,/en/tests/big-five-personality-test-ocean-model,existing_backend_authoritative_only,INFERRED_ROUTE_TAXONOMY_M01_NOT_RETURNED,M01 top-row aggregate; NOT_RETURNED is not zero; route locale is not GSC language; page-level indexing unavailable,0,0,0,NOT_RETURNED,NOT_RETURNED,NOT_RETURNED,NOT_RETURNED,NOT_RETURNED,NOT_RETURNED,ROUTE_OWNER_M01_NOT_RETURNED,UNKNOWN_PAGE_LEVEL
big_five,en,polarity,openness-low,https://fermatmind.com/en/personality/big-five/openness-low,openness low meaning and observable tendencies,examples; limits; reflection; next step,one normalized query cluster → one primary canonical owner per locale,/en/tests/big-five-personality-test-ocean-model,existing_backend_authoritative_only,VERIFIED_M01_OBSERVED,M01 top-row aggregate; NOT_RETURNED is not zero; route locale is not GSC language; page-level indexing unavailable,4,4,0,0,7,0,6.428571,NOT_RETURNED,7,PRIMARY_OWNER_OBSERVED,UNKNOWN_PAGE_LEVEL
big_five,en,polarity,openness-mid,https://fermatmind.com/en/personality/big-five/openness-mid,openness mid meaning and observable tendencies,examples; limits; reflection; next step,one normalized query cluster → one primary canonical owner per locale,/en/tests/big-five-personality-test-ocean-model,existing_backend_authoritative_only,INFERRED_ROUTE_TAXONOMY_M01_NOT_RETURNED,M01 top-row aggregate; NOT_RETURNED is not zero; route locale is not GSC language; page-level indexing unavailable,0,0,0,NOT_RETURNED,NOT_RETURNED,NOT_RETURNED,NOT_RETURNED,NOT_RETURNED,NOT_RETURNED,ROUTE_OWNER_M01_NOT_RETURNED,UNKNOWN_PAGE_LEVEL
mbti,en,base_type,ENFJ,https://fermatmind.com/en/personality/enfj,enfj meaning; enfj personality; enfj traits,examples; limits; reflection; next step,one normalized query cluster → one primary canonical owner per locale,/en/tests/mbti-personality-test-16-personality-types,existing_backend_authoritative_only,INFERRED_ROUTE_TAXONOMY_M01_NOT_RETURNED,M01 top-row aggregate; NOT_RETURNED is not zero; route locale is not GSC language; page-level indexing unavailable,0,0,0,NOT_RETURNED,NOT_RETURNED,NOT_RETURNED,NOT_RETURNED,NOT_RETURNED,NOT_RETURNED,ROUTE_OWNER_M01_NOT_RETURNED,UNKNOWN_PAGE_LEVEL
mbti,en,variant,ENFJ-A,https://fermatmind.com/en/personality/enfj-a,enfj-a meaning; enfj-a traits; enfj-a work/stress,examples; limits; reflection; next step,one normalized query cluster → one primary canonical owner per locale,/en/tests/mbti-personality-test-16-personality-types,existing_backend_authoritative_only,VERIFIED_M01_OBSERVED,M01 top-row aggregate; NOT_RETURNED is not zero; route locale is not GSC language; page-level indexing unavailable,2,2,0,0,7,0,10.142857,5,16,PRIMARY_OWNER_OBSERVED,UNKNOWN_PAGE_LEVEL
mbti,en,at_comparison,enfj-a-vs-enfj-t,https://fermatmind.com/en/personality/enfj-a-vs-enfj-t,enfj a vs enfj t difference; enfj-a vs enfj-t,examples; limits; reflection; next step,one normalized query cluster → one primary canonical owner per locale,/en/tests/mbti-personality-test-16-personality-types,existing_backend_authoritative_only,VERIFIED_M01_OBSERVED,M01 top-row aggregate; NOT_RETURNED is not zero; route locale is not GSC language; page-level indexing unavailable,5,5,0,0,11,0,10,NOT_RETURNED,11,PRIMARY_OWNER_OBSERVED,UNKNOWN_PAGE_LEVEL
mbti,en,variant,ENFJ-T,https://fermatmind.com/en/personality/enfj-t,enfj-t meaning; enfj-t traits; enfj-t work/stress,examples; limits; reflection; next step,one normalized query cluster → one primary canonical owner per locale,/en/tests/mbti-personality-test-16-personality-types,existing_backend_authoritative_only,INFERRED_ROUTE_TAXONOMY_M01_NOT_RETURNED,M01 top-row aggregate; NOT_RETURNED is not zero; route locale is not GSC language; page-level indexing unavailable,0,0,0,NOT_RETURNED,NOT_RETURNED,NOT_RETURNED,NOT_RETURNED,NOT_RETURNED,NOT_RETURNED,ROUTE_OWNER_M01_NOT_RETURNED,UNKNOWN_PAGE_LEVEL
mbti,en,base_type,ENFP,https://fermatmind.com/en/personality/enfp,enfp meaning; enfp personality; enfp traits,examples; limits; reflection; next step,one normalized query cluster → one primary canonical owner per locale,/en/tests/mbti-personality-test-16-personality-types,existing_backend_authoritative_only,INFERRED_ROUTE_TAXONOMY_M01_NOT_RETURNED,M01 top-row aggregate; NOT_RETURNED is not zero; route locale is not GSC language; page-level indexing unavailable,0,0,0,NOT_RETURNED,NOT_RETURNED,NOT_RETURNED,NOT_RETURNED,NOT_RETURNED,NOT_RETURNED,ROUTE_OWNER_M01_NOT_RETURNED,UNKNOWN_PAGE_LEVEL
mbti,en,variant,ENFP-A,https://fermatmind.com/en/personality/enfp-a,enfp-a meaning; enfp-a traits; enfp-a work/stress,examples; limits; reflection; next step,one normalized query cluster → one primary canonical owner per locale,/en/tests/mbti-personality-test-16-personality-types,existing_backend_authoritative_only,VERIFIED_M01_OBSERVED,M01 top-row aggregate; NOT_RETURNED is not zero; route locale is not GSC language; page-level indexing unavailable,2,2,0,0,4,0,10,4,16,PRIMARY_OWNER_OBSERVED,UNKNOWN_PAGE_LEVEL
mbti,en,at_comparison,enfp-a-vs-enfp-t,https://fermatmind.com/en/personality/enfp-a-vs-enfp-t,enfp a vs enfp t difference; enfp-a vs enfp-t,examples; limits; reflection; next step,one normalized query cluster → one primary canonical owner per locale,/en/tests/mbti-personality-test-16-personality-types,existing_backend_authoritative_only,INFERRED_ROUTE_TAXONOMY_M01_NOT_RETURNED,M01 top-row aggregate; NOT_RETURNED is not zero; route locale is not GSC language; page-level indexing unavailable,0,0,0,NOT_RETURNED,NOT_RETURNED,NOT_RETURNED,NOT_RETURNED,NOT_RETURNED,NOT_RETURNED,ROUTE_OWNER_M01_NOT_RETURNED,UNKNOWN_PAGE_LEVEL
mbti,en,variant,ENFP-T,https://fermatmind.com/en/personality/enfp-t,enfp-t meaning; enfp-t traits; enfp-t work/stress,examples; limits; reflection; next step,one normalized query cluster → one primary canonical owner per locale,/en/tests/mbti-personality-test-16-personality-types,existing_backend_authoritative_only,INFERRED_ROUTE_TAXONOMY_M01_NOT_RETURNED,M01 top-row aggregate; NOT_RETURNED is not zero; route locale is not GSC language; page-level indexing unavailable,0,0,0,NOT_RETURNED,NOT_RETURNED,NOT_RETURNED,NOT_RETURNED,NOT_RETURNED,NOT_RETURNED,ROUTE_OWNER_M01_NOT_RETURNED,UNKNOWN_PAGE_LEVEL
enneagram,en,hub,enneagram,https://fermatmind.com/en/personality/enneagram,Enneagram overview,framework navigation and next step,one normalized query cluster → one primary canonical owner per locale,/en/tests/enneagram-personality-test-nine-types,existing_backend_authoritative_only,INFERRED_ROUTE_TAXONOMY_M01_NOT_RETURNED,M01 top-row aggregate; NOT_RETURNED is not zero; route locale is not GSC language; page-level indexing unavailable,0,0,0,NOT_RETURNED,NOT_RETURNED,NOT_RETURNED,NOT_RETURNED,NOT_RETURNED,NOT_RETURNED,ROUTE_OWNER_M01_NOT_RETURNED,UNKNOWN_PAGE_LEVEL
enneagram,en,center,gut,https://fermatmind.com/en/personality/enneagram/centers/gut,gut meaning and boundaries,examples; limits; reflection; next step,one normalized query cluster → one primary canonical owner per locale,/en/tests/enneagram-personality-test-nine-types,existing_backend_authoritative_only,INFERRED_ROUTE_TAXONOMY_M01_NOT_RETURNED,M01 top-row aggregate; NOT_RETURNED is not zero; route locale is not GSC language; page-level indexing unavailable,0,0,0,NOT_RETURNED,NOT_RETURNED,NOT_RETURNED,NOT_RETURNED,NOT_RETURNED,NOT_RETURNED,ROUTE_OWNER_M01_NOT_RETURNED,UNKNOWN_PAGE_LEVEL
enneagram,en,center,head,https://fermatmind.com/en/personality/enneagram/centers/head,head meaning and boundaries,examples; limits; reflection; next step,one normalized query cluster → one primary canonical owner per locale,/en/tests/enneagram-personality-test-nine-types,existing_backend_authoritative_only,INFERRED_ROUTE_TAXONOMY_M01_NOT_RETURNED,M01 top-row aggregate; NOT_RETURNED is not zero; route locale is not GSC language; page-level indexing unavailable,0,0,0,NOT_RETURNED,NOT_RETURNED,NOT_RETURNED,NOT_RETURNED,NOT_RETURNED,NOT_RETURNED,ROUTE_OWNER_M01_NOT_RETURNED,UNKNOWN_PAGE_LEVEL
enneagram,en,center,heart,https://fermatmind.com/en/personality/enneagram/centers/heart,heart meaning and boundaries,examples; limits; reflection; next step,one normalized query cluster → one primary canonical owner per locale,/en/tests/enneagram-personality-test-nine-types,existing_backend_authoritative_only,VERIFIED_M01_OBSERVED,M01 top-row aggregate; NOT_RETURNED is not zero; route locale is not GSC language; page-level indexing unavailable,2,2,0,0,13,0,22.769231,NOT_RETURNED,13,PRIMARY_OWNER_OBSERVED,UNKNOWN_PAGE_LEVEL
enneagram,en,core_type,type-1,https://fermatmind.com/en/personality/enneagram/type-1,type 1 meaning and boundaries,examples; limits; reflection; next step,one normalized query cluster → one primary canonical owner per locale,/en/tests/enneagram-personality-test-nine-types,existing_backend_authoritative_only,VERIFIED_M01_OBSERVED,M01 top-row aggregate; NOT_RETURNED is not zero; route locale is not GSC language; page-level indexing unavailable,11,11,0,0,14,0,18.428571,1,15,PRIMARY_OWNER_OBSERVED,UNKNOWN_PAGE_LEVEL
enneagram,en,instinctual_subtype,type-1/one-to-one,https://fermatmind.com/en/personality/enneagram/type-1/instincts/one-to-one,type 1/one to one meaning and boundaries,examples; limits; reflection; next step,one normalized query cluster → one primary canonical owner per locale,/en/tests/enneagram-personality-test-nine-types,existing_backend_authoritative_only,INFERRED_ROUTE_TAXONOMY_M01_NOT_RETURNED,M01 top-row aggregate; NOT_RETURNED is not zero; route locale is not GSC language; page-level indexing unavailable,0,0,0,NOT_RETURNED,NOT_RETURNED,NOT_RETURNED,NOT_RETURNED,NOT_RETURNED,NOT_RETURNED,ROUTE_OWNER_M01_NOT_RETURNED,UNKNOWN_PAGE_LEVEL
enneagram,en,instinctual_subtype,type-1/self-preservation,https://fermatmind.com/en/personality/enneagram/type-1/instincts/self-preservation,type 1/self preservation meaning and boundaries,examples; limits; reflection; next step,one normalized query cluster → one primary canonical owner per locale,/en/tests/enneagram-personality-test-nine-types,existing_backend_authoritative_only,VERIFIED_M01_OBSERVED,M01 top-row aggregate; NOT_RETURNED is not zero; route locale is not GSC language; page-level indexing unavailable,11,10,3,0,26,0,15.230769,NOT_RETURNED,26,ROUTE_OWNER_WITH_SHARED_QUERY_REVIEW,UNKNOWN_PAGE_LEVEL
enneagram,en,instinctual_subtype,type-1/social,https://fermatmind.com/en/personality/enneagram/type-1/instincts/social,type 1/social meaning and boundaries,examples; limits; reflection; next step,one normalized query cluster → one primary canonical owner per locale,/en/tests/enneagram-personality-test-nine-types,existing_backend_authoritative_only,INFERRED_ROUTE_TAXONOMY_M01_NOT_RETURNED,M01 top-row aggregate; NOT_RETURNED is not zero; route locale is not GSC language; page-level indexing unavailable,0,0,0,NOT_RETURNED,NOT_RETURNED,NOT_RETURNED,NOT_RETURNED,NOT_RETURNED,NOT_RETURNED,ROUTE_OWNER_M01_NOT_RETURNED,UNKNOWN_PAGE_LEVEL
enneagram,en,core_type,type-2,https://fermatmind.com/en/personality/enneagram/type-2,type 2 meaning and boundaries,examples; limits; reflection; next step,one normalized query cluster → one primary canonical owner per locale,/en/tests/enneagram-personality-test-nine-types,existing_backend_authoritative_only,VERIFIED_M01_OBSERVED,M01 top-row aggregate; NOT_RETURNED is not zero; route locale is not GSC language; page-level indexing unavailable,7,7,0,0,11,0,41.818182,1,12,PRIMARY_OWNER_OBSERVED,UNKNOWN_PAGE_LEVEL
enneagram,en,instinctual_subtype,type-2/one-to-one,https://fermatmind.com/en/personality/enneagram/type-2/instincts/one-to-one,type 2/one to one meaning and boundaries,examples; limits; reflection; next step,one normalized query cluster → one primary canonical owner per locale,/en/tests/enneagram-personality-test-nine-types,existing_backend_authoritative_only,INFERRED_ROUTE_TAXONOMY_M01_NOT_RETURNED,M01 top-row aggregate; NOT_RETURNED is not zero; route locale is not GSC language; page-level indexing unavailable,0,0,0,NOT_RETURNED,NOT_RETURNED,NOT_RETURNED,NOT_RETURNED,NOT_RETURNED,NOT_RETURNED,ROUTE_OWNER_M01_NOT_RETURNED,UNKNOWN_PAGE_LEVEL
enneagram,en,instinctual_subtype,type-2/self-preservation,https://fermatmind.com/en/personality/enneagram/type-2/instincts/self-preservation,type 2/self preservation meaning and boundaries,examples; limits; reflection; next step,one normalized query cluster → one primary canonical owner per locale,/en/tests/enneagram-personality-test-nine-types,existing_backend_authoritative_only,INFERRED_ROUTE_TAXONOMY_M01_NOT_RETURNED,M01 top-row aggregate; NOT_RETURNED is not zero; route locale is not GSC language; page-level indexing unavailable,0,0,0,NOT_RETURNED,NOT_RETURNED,NOT_RETURNED,NOT_RETURNED,NOT_RETURNED,NOT_RETURNED,ROUTE_OWNER_M01_NOT_RETURNED,UNKNOWN_PAGE_LEVEL
enneagram,en,instinctual_subtype,type-2/social,https://fermatmind.com/en/personality/enneagram/type-2/instincts/social,type 2/social meaning and boundaries,examples; limits; reflection; next step,one normalized query cluster → one primary canonical owner per locale,/en/tests/enneagram-personality-test-nine-types,existing_backend_authoritative_only,VERIFIED_M01_OBSERVED,M01 top-row aggregate; NOT_RETURNED is not zero; route locale is not GSC language; page-level indexing unavailable,4,4,0,0,10,0,10.4,NOT_RETURNED,10,PRIMARY_OWNER_OBSERVED,UNKNOWN_PAGE_LEVEL
enneagram,en,core_type,type-3,https://fermatmind.com/en/personality/enneagram/type-3,type 3 meaning and boundaries,examples; limits; reflection; next step,one normalized query cluster → one primary canonical owner per locale,/en/tests/enneagram-personality-test-nine-types,existing_backend_authoritative_only,VERIFIED_M01_OBSERVED,M01 top-row aggregate; NOT_RETURNED is not zero; route locale is not GSC language; page-level indexing unavailable,3,3,0,0,6,0,55.666667,4,10,PRIMARY_OWNER_OBSERVED,UNKNOWN_PAGE_LEVEL
enneagram,en,instinctual_subtype,type-3/one-to-one,https://fermatmind.com/en/personality/enneagram/type-3/instincts/one-to-one,type 3/one to one meaning and boundaries,examples; limits; reflection; next step,one normalized query cluster → one primary canonical owner per locale,/en/tests/enneagram-personality-test-nine-types,existing_backend_authoritative_only,INFERRED_ROUTE_TAXONOMY_M01_NOT_RETURNED,M01 top-row aggregate; NOT_RETURNED is not zero; route locale is not GSC language; page-level indexing unavailable,0,0,0,NOT_RETURNED,NOT_RETURNED,NOT_RETURNED,NOT_RETURNED,NOT_RETURNED,NOT_RETURNED,ROUTE_OWNER_M01_NOT_RETURNED,UNKNOWN_PAGE_LEVEL
enneagram,en,instinctual_subtype,type-3/self-preservation,https://fermatmind.com/en/personality/enneagram/type-3/instincts/self-preservation,type 3/self preservation meaning and boundaries,examples; limits; reflection; next step,one normalized query cluster → one primary canonical owner per locale,/en/tests/enneagram-personality-test-nine-types,existing_backend_authoritative_only,INFERRED_ROUTE_TAXONOMY_M01_NOT_RETURNED,M01 top-row aggregate; NOT_RETURNED is not zero; route locale is not GSC language; page-level indexing unavailable,0,0,0,NOT_RETURNED,NOT_RETURNED,NOT_RETURNED,NOT_RETURNED,NOT_RETURNED,NOT_RETURNED,ROUTE_OWNER_M01_NOT_RETURNED,UNKNOWN_PAGE_LEVEL
enneagram,en,instinctual_subtype,type-3/social,https://fermatmind.com/en/personality/enneagram/type-3/instincts/social,type 3/social meaning and boundaries,examples; limits; reflection; next step,one normalized query cluster → one primary canonical owner per locale,/en/tests/enneagram-personality-test-nine-types,existing_backend_authoritative_only,INFERRED_ROUTE_TAXONOMY_M01_NOT_RETURNED,M01 top-row aggregate; NOT_RETURNED is not zero; route locale is not GSC language; page-level indexing unavailable,0,0,0,NOT_RETURNED,NOT_RETURNED,NOT_RETURNED,NOT_RETURNED,NOT_RETURNED,NOT_RETURNED,ROUTE_OWNER_M01_NOT_RETURNED,UNKNOWN_PAGE_LEVEL
enneagram,en,core_type,type-4,https://fermatmind.com/en/personality/enneagram/type-4,type 4 meaning and boundaries,examples; limits; reflection; next step,one normalized query cluster → one primary canonical owner per locale,/en/tests/enneagram-personality-test-nine-types,existing_backend_authoritative_only,VERIFIED_M01_OBSERVED,M01 top-row aggregate; NOT_RETURNED is not zero; route locale is not GSC language; page-level indexing unavailable,5,5,0,0,5,0,38,3,8,PRIMARY_OWNER_OBSERVED,UNKNOWN_PAGE_LEVEL
enneagram,en,instinctual_subtype,type-4/one-to-one,https://fermatmind.com/en/personality/enneagram/type-4/instincts/one-to-one,type 4/one to one meaning and boundaries,examples; limits; reflection; next step,one normalized query cluster → one primary canonical owner per locale,/en/tests/enneagram-personality-test-nine-types,existing_backend_authoritative_only,INFERRED_ROUTE_TAXONOMY_M01_NOT_RETURNED,M01 top-row aggregate; NOT_RETURNED is not zero; route locale is not GSC language; page-level indexing unavailable,0,0,0,NOT_RETURNED,NOT_RETURNED,NOT_RETURNED,NOT_RETURNED,NOT_RETURNED,NOT_RETURNED,ROUTE_OWNER_M01_NOT_RETURNED,UNKNOWN_PAGE_LEVEL
enneagram,en,instinctual_subtype,type-4/self-preservation,https://fermatmind.com/en/personality/enneagram/type-4/instincts/self-preservation,type 4/self preservation meaning and boundaries,examples; limits; reflection; next step,one normalized query cluster → one primary canonical owner per locale,/en/tests/enneagram-personality-test-nine-types,existing_backend_authoritative_only,INFERRED_ROUTE_TAXONOMY_M01_NOT_RETURNED,M01 top-row aggregate; NOT_RETURNED is not zero; route locale is not GSC language; page-level indexing unavailable,0,0,0,NOT_RETURNED,NOT_RETURNED,NOT_RETURNED,NOT_RETURNED,NOT_RETURNED,NOT_RETURNED,ROUTE_OWNER_M01_NOT_RETURNED,UNKNOWN_PAGE_LEVEL
enneagram,en,instinctual_subtype,type-4/social,https://fermatmind.com/en/personality/enneagram/type-4/instincts/social,type 4/social meaning and boundaries,examples; limits; reflection; next step,one normalized query cluster → one primary canonical owner per locale,/en/tests/enneagram-personality-test-nine-types,existing_backend_authoritative_only,INFERRED_ROUTE_TAXONOMY_M01_NOT_RETURNED,M01 top-row aggregate; NOT_RETURNED is not zero; route locale is not GSC language; page-level indexing unavailable,0,0,0,NOT_RETURNED,NOT_RETURNED,NOT_RETURNED,NOT_RETURNED,NOT_RETURNED,NOT_RETURNED,ROUTE_OWNER_M01_NOT_RETURNED,UNKNOWN_PAGE_LEVEL
enneagram,en,core_type,type-5,https://fermatmind.com/en/personality/enneagram/type-5,type 5 meaning and boundaries,examples; limits; reflection; next step,one normalized query cluster → one primary canonical owner per locale,/en/tests/enneagram-personality-test-nine-types,existing_backend_authoritative_only,VERIFIED_M01_OBSERVED,M01 top-row aggregate; NOT_RETURNED is not zero; route locale is not GSC language; page-level indexing unavailable,5,5,0,0,6,0,53.333333,1,7,PRIMARY_OWNER_OBSERVED,UNKNOWN_PAGE_LEVEL
enneagram,en,instinctual_subtype,type-5/one-to-one,https://fermatmind.com/en/personality/enneagram/type-5/instincts/one-to-one,type 5/one to one meaning and boundaries,examples; limits; reflection; next step,one normalized query cluster → one primary canonical owner per locale,/en/tests/enneagram-personality-test-nine-types,existing_backend_authoritative_only,VERIFIED_M01_OBSERVED,M01 top-row aggregate; NOT_RETURNED is not zero; route locale is not GSC language; page-level indexing unavailable,1,1,0,0,1,0,3,NOT_RETURNED,1,PRIMARY_OWNER_OBSERVED,UNKNOWN_PAGE_LEVEL
enneagram,en,instinctual_subtype,type-5/self-preservation,https://fermatmind.com/en/personality/enneagram/type-5/instincts/self-preservation,type 5/self preservation meaning and boundaries,examples; limits; reflection; next step,one normalized query cluster → one primary canonical owner per locale,/en/tests/enneagram-personality-test-nine-types,existing_backend_authoritative_only,VERIFIED_M01_OBSERVED,M01 top-row aggregate; NOT_RETURNED is not zero; route locale is not GSC language; page-level indexing unavailable,5,5,0,1,14,7.142857,9,NOT_RETURNED,14,PRIMARY_OWNER_OBSERVED,UNKNOWN_PAGE_LEVEL
enneagram,en,instinctual_subtype,type-5/social,https://fermatmind.com/en/personality/enneagram/type-5/instincts/social,type 5/social meaning and boundaries,examples; limits; reflection; next step,one normalized query cluster → one primary canonical owner per locale,/en/tests/enneagram-personality-test-nine-types,existing_backend_authoritative_only,INFERRED_ROUTE_TAXONOMY_M01_NOT_RETURNED,M01 top-row aggregate; NOT_RETURNED is not zero; route locale is not GSC language; page-level indexing unavailable,0,0,0,NOT_RETURNED,NOT_RETURNED,NOT_RETURNED,NOT_RETURNED,NOT_RETURNED,NOT_RETURNED,ROUTE_OWNER_M01_NOT_RETURNED,UNKNOWN_PAGE_LEVEL
enneagram,en,core_type,type-6,https://fermatmind.com/en/personality/enneagram/type-6,type 6 meaning and boundaries,examples; limits; reflection; next step,one normalized query cluster → one primary canonical owner per locale,/en/tests/enneagram-personality-test-nine-types,existing_backend_authoritative_only,VERIFIED_M01_OBSERVED,M01 top-row aggregate; NOT_RETURNED is not zero; route locale is not GSC language; page-level indexing unavailable,8,8,0,0,12,0,32.75,2,14,PRIMARY_OWNER_OBSERVED,UNKNOWN_PAGE_LEVEL
enneagram,en,instinctual_subtype,type-6/one-to-one,https://fermatmind.com/en/personality/enneagram/type-6/instincts/one-to-one,type 6/one to one meaning and boundaries,examples; limits; reflection; next step,one normalized query cluster → one primary canonical owner per locale,/en/tests/enneagram-personality-test-nine-types,existing_backend_authoritative_only,INFERRED_ROUTE_TAXONOMY_M01_NOT_RETURNED,M01 top-row aggregate; NOT_RETURNED is not zero; route locale is not GSC language; page-level indexing unavailable,0,0,0,NOT_RETURNED,NOT_RETURNED,NOT_RETURNED,NOT_RETURNED,NOT_RETURNED,NOT_RETURNED,ROUTE_OWNER_M01_NOT_RETURNED,UNKNOWN_PAGE_LEVEL
enneagram,en,instinctual_subtype,type-6/self-preservation,https://fermatmind.com/en/personality/enneagram/type-6/instincts/self-preservation,type 6/self preservation meaning and boundaries,examples; limits; reflection; next step,one normalized query cluster → one primary canonical owner per locale,/en/tests/enneagram-personality-test-nine-types,existing_backend_authoritative_only,VERIFIED_M01_OBSERVED,M01 top-row aggregate; NOT_RETURNED is not zero; route locale is not GSC language; page-level indexing unavailable,9,6,4,0,16,0,17.75,NOT_RETURNED,16,ROUTE_OWNER_WITH_SHARED_QUERY_REVIEW,UNKNOWN_PAGE_LEVEL
enneagram,en,instinctual_subtype,type-6/social,https://fermatmind.com/en/personality/enneagram/type-6/instincts/social,type 6/social meaning and boundaries,examples; limits; reflection; next step,one normalized query cluster → one primary canonical owner per locale,/en/tests/enneagram-personality-test-nine-types,existing_backend_authoritative_only,INFERRED_ROUTE_TAXONOMY_M01_NOT_RETURNED,M01 top-row aggregate; NOT_RETURNED is not zero; route locale is not GSC language; page-level indexing unavailable,0,0,0,NOT_RETURNED,NOT_RETURNED,NOT_RETURNED,NOT_RETURNED,NOT_RETURNED,NOT_RETURNED,ROUTE_OWNER_M01_NOT_RETURNED,UNKNOWN_PAGE_LEVEL
enneagram,en,core_type,type-7,https://fermatmind.com/en/personality/enneagram/type-7,type 7 meaning and boundaries,examples; limits; reflection; next step,one normalized query cluster → one primary canonical owner per locale,/en/tests/enneagram-personality-test-nine-types,existing_backend_authoritative_only,VERIFIED_M01_OBSERVED,M01 top-row aggregate; NOT_RETURNED is not zero; route locale is not GSC language; page-level indexing unavailable,1,1,0,0,1,0,10,NOT_RETURNED,1,PRIMARY_OWNER_OBSERVED,UNKNOWN_PAGE_LEVEL
enneagram,en,instinctual_subtype,type-7/one-to-one,https://fermatmind.com/en/personality/enneagram/type-7/instincts/one-to-one,type 7/one to one meaning and boundaries,examples; limits; reflection; next step,one normalized query cluster → one primary canonical owner per locale,/en/tests/enneagram-personality-test-nine-types,existing_backend_authoritative_only,INFERRED_ROUTE_TAXONOMY_M01_NOT_RETURNED,M01 top-row aggregate; NOT_RETURNED is not zero; route locale is not GSC language; page-level indexing unavailable,0,0,0,NOT_RETURNED,NOT_RETURNED,NOT_RETURNED,NOT_RETURNED,NOT_RETURNED,NOT_RETURNED,ROUTE_OWNER_M01_NOT_RETURNED,UNKNOWN_PAGE_LEVEL
enneagram,en,instinctual_subtype,type-7/self-preservation,https://fermatmind.com/en/personality/enneagram/type-7/instincts/self-preservation,type 7/self preservation meaning and boundaries,examples; limits; reflection; next step,one normalized query cluster → one primary canonical owner per locale,/en/tests/enneagram-personality-test-nine-types,existing_backend_authoritative_only,VERIFIED_M01_OBSERVED,M01 top-row aggregate; NOT_RETURNED is not zero; route locale is not GSC language; page-level indexing unavailable,5,5,1,0,18,0,7.555556,3,21,ROUTE_OWNER_WITH_SHARED_QUERY_REVIEW,UNKNOWN_PAGE_LEVEL
enneagram,en,instinctual_subtype,type-7/social,https://fermatmind.com/en/personality/enneagram/type-7/instincts/social,type 7/social meaning and boundaries,examples; limits; reflection; next step,one normalized query cluster → one primary canonical owner per locale,/en/tests/enneagram-personality-test-nine-types,existing_backend_authoritative_only,VERIFIED_M01_OBSERVED,M01 top-row aggregate; NOT_RETURNED is not zero; route locale is not GSC language; page-level indexing unavailable,2,2,0,0,2,0,8,NOT_RETURNED,2,PRIMARY_OWNER_OBSERVED,UNKNOWN_PAGE_LEVEL
enneagram,en,core_type,type-8,https://fermatmind.com/en/personality/enneagram/type-8,type 8 meaning and boundaries,examples; limits; reflection; next step,one normalized query cluster → one primary canonical owner per locale,/en/tests/enneagram-personality-test-nine-types,existing_backend_authoritative_only,INFERRED_ROUTE_TAXONOMY_M01_NOT_RETURNED,M01 top-row aggregate; NOT_RETURNED is not zero; route locale is not GSC language; page-level indexing unavailable,0,0,0,NOT_RETURNED,NOT_RETURNED,NOT_RETURNED,NOT_RETURNED,NOT_RETURNED,NOT_RETURNED,ROUTE_OWNER_M01_NOT_RETURNED,UNKNOWN_PAGE_LEVEL
enneagram,en,instinctual_subtype,type-8/one-to-one,https://fermatmind.com/en/personality/enneagram/type-8/instincts/one-to-one,type 8/one to one meaning and boundaries,examples; limits; reflection; next step,one normalized query cluster → one primary canonical owner per locale,/en/tests/enneagram-personality-test-nine-types,existing_backend_authoritative_only,VERIFIED_M01_OBSERVED,M01 top-row aggregate; NOT_RETURNED is not zero; route locale is not GSC language; page-level indexing unavailable,1,1,0,0,1,0,52,NOT_RETURNED,1,PRIMARY_OWNER_OBSERVED,UNKNOWN_PAGE_LEVEL
enneagram,en,instinctual_subtype,type-8/self-preservation,https://fermatmind.com/en/personality/enneagram/type-8/instincts/self-preservation,type 8/self preservation meaning and boundaries,examples; limits; reflection; next step,one normalized query cluster → one primary canonical owner per locale,/en/tests/enneagram-personality-test-nine-types,existing_backend_authoritative_only,VERIFIED_M01_OBSERVED,M01 top-row aggregate; NOT_RETURNED is not zero; route locale is not GSC language; page-level indexing unavailable,3,3,0,0,7,0,12.571429,NOT_RETURNED,7,PRIMARY_OWNER_OBSERVED,UNKNOWN_PAGE_LEVEL
enneagram,en,instinctual_subtype,type-8/social,https://fermatmind.com/en/personality/enneagram/type-8/instincts/social,type 8/social meaning and boundaries,examples; limits; reflection; next step,one normalized query cluster → one primary canonical owner per locale,/en/tests/enneagram-personality-test-nine-types,existing_backend_authoritative_only,INFERRED_ROUTE_TAXONOMY_M01_NOT_RETURNED,M01 top-row aggregate; NOT_RETURNED is not zero; route locale is not GSC language; page-level indexing unavailable,0,0,0,NOT_RETURNED,NOT_RETURNED,NOT_RETURNED,NOT_RETURNED,NOT_RETURNED,NOT_RETURNED,ROUTE_OWNER_M01_NOT_RETURNED,UNKNOWN_PAGE_LEVEL
enneagram,en,core_type,type-9,https://fermatmind.com/en/personality/enneagram/type-9,type 9 meaning and boundaries,examples; limits; reflection; next step,one normalized query cluster → one primary canonical owner per locale,/en/tests/enneagram-personality-test-nine-types,existing_backend_authoritative_only,VERIFIED_M01_OBSERVED,M01 top-row aggregate; NOT_RETURNED is not zero; route locale is not GSC language; page-level indexing unavailable,8,8,0,0,11,0,67.636364,NOT_RETURNED,11,PRIMARY_OWNER_OBSERVED,UNKNOWN_PAGE_LEVEL
enneagram,en,instinctual_subtype,type-9/one-to-one,https://fermatmind.com/en/personality/enneagram/type-9/instincts/one-to-one,type 9/one to one meaning and boundaries,examples; limits; reflection; next step,one normalized query cluster → one primary canonical owner per locale,/en/tests/enneagram-personality-test-nine-types,existing_backend_authoritative_only,INFERRED_ROUTE_TAXONOMY_M01_NOT_RETURNED,M01 top-row aggregate; NOT_RETURNED is not zero; route locale is not GSC language; page-level indexing unavailable,0,0,0,NOT_RETURNED,NOT_RETURNED,NOT_RETURNED,NOT_RETURNED,NOT_RETURNED,NOT_RETURNED,ROUTE_OWNER_M01_NOT_RETURNED,UNKNOWN_PAGE_LEVEL
enneagram,en,instinctual_subtype,type-9/self-preservation,https://fermatmind.com/en/personality/enneagram/type-9/instincts/self-preservation,type 9/self preservation meaning and boundaries,examples; limits; reflection; next step,one normalized query cluster → one primary canonical owner per locale,/en/tests/enneagram-personality-test-nine-types,existing_backend_authoritative_only,INFERRED_ROUTE_TAXONOMY_M01_NOT_RETURNED,M01 top-row aggregate; NOT_RETURNED is not zero; route locale is not GSC language; page-level indexing unavailable,0,0,0,NOT_RETURNED,NOT_RETURNED,NOT_RETURNED,NOT_RETURNED,NOT_RETURNED,NOT_RETURNED,ROUTE_OWNER_M01_NOT_RETURNED,UNKNOWN_PAGE_LEVEL
enneagram,en,instinctual_subtype,type-9/social,https://fermatmind.com/en/personality/enneagram/type-9/instincts/social,type 9/social meaning and boundaries,examples; limits; reflection; next step,one normalized query cluster → one primary canonical owner per locale,/en/tests/enneagram-personality-test-nine-types,existing_backend_authoritative_only,INFERRED_ROUTE_TAXONOMY_M01_NOT_RETURNED,M01 top-row aggregate; NOT_RETURNED is not zero; route locale is not GSC language; page-level indexing unavailable,0,0,0,NOT_RETURNED,NOT_RETURNED,NOT_RETURNED,NOT_RETURNED,NOT_RETURNED,NOT_RETURNED,ROUTE_OWNER_M01_NOT_RETURNED,UNKNOWN_PAGE_LEVEL
enneagram,en,wing,1w2,https://fermatmind.com/en/personality/enneagram/wings/1w2,1w2 meaning and boundaries,examples; limits; reflection; next step,one normalized query cluster → one primary canonical owner per locale,/en/tests/enneagram-personality-test-nine-types,existing_backend_authoritative_only,VERIFIED_M01_OBSERVED,M01 top-row aggregate; NOT_RETURNED is not zero; route locale is not GSC language; page-level indexing unavailable,6,6,0,0,14,0,12.714286,NOT_RETURNED,14,PRIMARY_OWNER_OBSERVED,UNKNOWN_PAGE_LEVEL
enneagram,en,wing,1w9,https://fermatmind.com/en/personality/enneagram/wings/1w9,1w9 meaning and boundaries,examples; limits; reflection; next step,one normalized query cluster → one primary canonical owner per locale,/en/tests/enneagram-personality-test-nine-types,existing_backend_authoritative_only,INFERRED_ROUTE_TAXONOMY_M01_NOT_RETURNED,M01 top-row aggregate; NOT_RETURNED is not zero; route locale is not GSC language; page-level indexing unavailable,0,0,0,NOT_RETURNED,NOT_RETURNED,NOT_RETURNED,NOT_RETURNED,NOT_RETURNED,NOT_RETURNED,ROUTE_OWNER_M01_NOT_RETURNED,UNKNOWN_PAGE_LEVEL
enneagram,en,wing,2w1,https://fermatmind.com/en/personality/enneagram/wings/2w1,2w1 meaning and boundaries,examples; limits; reflection; next step,one normalized query cluster → one primary canonical owner per locale,/en/tests/enneagram-personality-test-nine-types,existing_backend_authoritative_only,VERIFIED_M01_OBSERVED,M01 top-row aggregate; NOT_RETURNED is not zero; route locale is not GSC language; page-level indexing unavailable,6,6,0,0,7,0,23.428571,NOT_RETURNED,7,PRIMARY_OWNER_OBSERVED,UNKNOWN_PAGE_LEVEL
enneagram,en,wing,2w3,https://fermatmind.com/en/personality/enneagram/wings/2w3,2w3 meaning and boundaries,examples; limits; reflection; next step,one normalized query cluster → one primary canonical owner per locale,/en/tests/enneagram-personality-test-nine-types,existing_backend_authoritative_only,INFERRED_ROUTE_TAXONOMY_M01_NOT_RETURNED,M01 top-row aggregate; NOT_RETURNED is not zero; route locale is not GSC language; page-level indexing unavailable,0,0,0,NOT_RETURNED,NOT_RETURNED,NOT_RETURNED,NOT_RETURNED,NOT_RETURNED,NOT_RETURNED,ROUTE_OWNER_M01_NOT_RETURNED,UNKNOWN_PAGE_LEVEL
enneagram,en,wing,3w2,https://fermatmind.com/en/personality/enneagram/wings/3w2,3w2 meaning and boundaries,examples; limits; reflection; next step,one normalized query cluster → one primary canonical owner per locale,/en/tests/enneagram-personality-test-nine-types,existing_backend_authoritative_only,VERIFIED_M01_OBSERVED,M01 top-row aggregate; NOT_RETURNED is not zero; route locale is not GSC language; page-level indexing unavailable,12,12,0,0,117,0,9.905983,NOT_RETURNED,117,PRIMARY_OWNER_OBSERVED,UNKNOWN_PAGE_LEVEL
enneagram,en,wing,3w4,https://fermatmind.com/en/personality/enneagram/wings/3w4,3w4 meaning and boundaries,examples; limits; reflection; next step,one normalized query cluster → one primary canonical owner per locale,/en/tests/enneagram-personality-test-nine-types,existing_backend_authoritative_only,VERIFIED_M01_OBSERVED,M01 top-row aggregate; NOT_RETURNED is not zero; route locale is not GSC language; page-level indexing unavailable,5,5,0,0,13,0,15.076923,1,14,PRIMARY_OWNER_OBSERVED,UNKNOWN_PAGE_LEVEL
enneagram,en,wing,4w3,https://fermatmind.com/en/personality/enneagram/wings/4w3,4w3 meaning and boundaries,examples; limits; reflection; next step,one normalized query cluster → one primary canonical owner per locale,/en/tests/enneagram-personality-test-nine-types,existing_backend_authoritative_only,VERIFIED_M01_OBSERVED,M01 top-row aggregate; NOT_RETURNED is not zero; route locale is not GSC language; page-level indexing unavailable,6,6,0,0,9,0,17.444444,2,11,PRIMARY_OWNER_OBSERVED,UNKNOWN_PAGE_LEVEL
enneagram,en,wing,4w5,https://fermatmind.com/en/personality/enneagram/wings/4w5,4w5 meaning and boundaries,examples; limits; reflection; next step,one normalized query cluster → one primary canonical owner per locale,/en/tests/enneagram-personality-test-nine-types,existing_backend_authoritative_only,VERIFIED_M01_OBSERVED,M01 top-row aggregate; NOT_RETURNED is not zero; route locale is not GSC language; page-level indexing unavailable,2,2,0,0,3,0,10.666667,NOT_RETURNED,3,PRIMARY_OWNER_OBSERVED,UNKNOWN_PAGE_LEVEL
enneagram,en,wing,5w4,https://fermatmind.com/en/personality/enneagram/wings/5w4,5w4 meaning and boundaries,examples; limits; reflection; next step,one normalized query cluster → one primary canonical owner per locale,/en/tests/enneagram-personality-test-nine-types,existing_backend_authoritative_only,VERIFIED_M01_OBSERVED,M01 top-row aggregate; NOT_RETURNED is not zero; route locale is not GSC language; page-level indexing unavailable,13,13,0,0,61,0,13.983607,NOT_RETURNED,61,PRIMARY_OWNER_OBSERVED,UNKNOWN_PAGE_LEVEL
enneagram,en,wing,5w6,https://fermatmind.com/en/personality/enneagram/wings/5w6,5w6 meaning and boundaries,examples; limits; reflection; next step,one normalized query cluster → one primary canonical owner per locale,/en/tests/enneagram-personality-test-nine-types,existing_backend_authoritative_only,VERIFIED_M01_OBSERVED,M01 top-row aggregate; NOT_RETURNED is not zero; route locale is not GSC language; page-level indexing unavailable,7,7,0,0,15,0,35.333333,NOT_RETURNED,15,PRIMARY_OWNER_OBSERVED,UNKNOWN_PAGE_LEVEL
enneagram,en,wing,6w5,https://fermatmind.com/en/personality/enneagram/wings/6w5,6w5 meaning and boundaries,examples; limits; reflection; next step,one normalized query cluster → one primary canonical owner per locale,/en/tests/enneagram-personality-test-nine-types,existing_backend_authoritative_only,VERIFIED_M01_OBSERVED,M01 top-row aggregate; NOT_RETURNED is not zero; route locale is not GSC language; page-level indexing unavailable,3,3,0,0,7,0,10.714286,NOT_RETURNED,7,PRIMARY_OWNER_OBSERVED,UNKNOWN_PAGE_LEVEL
enneagram,en,wing,6w7,https://fermatmind.com/en/personality/enneagram/wings/6w7,6w7 meaning and boundaries,examples; limits; reflection; next step,one normalized query cluster → one primary canonical owner per locale,/en/tests/enneagram-personality-test-nine-types,existing_backend_authoritative_only,VERIFIED_M01_OBSERVED,M01 top-row aggregate; NOT_RETURNED is not zero; route locale is not GSC language; page-level indexing unavailable,3,3,0,0,4,0,12.75,NOT_RETURNED,4,PRIMARY_OWNER_OBSERVED,UNKNOWN_PAGE_LEVEL
enneagram,en,wing,7w6,https://fermatmind.com/en/personality/enneagram/wings/7w6,7w6 meaning and boundaries,examples; limits; reflection; next step,one normalized query cluster → one primary canonical owner per locale,/en/tests/enneagram-personality-test-nine-types,existing_backend_authoritative_only,VERIFIED_M01_OBSERVED,M01 top-row aggregate; NOT_RETURNED is not zero; route locale is not GSC language; page-level indexing unavailable,2,2,0,0,7,0,8.714286,NOT_RETURNED,7,PRIMARY_OWNER_OBSERVED,UNKNOWN_PAGE_LEVEL
enneagram,en,wing,7w8,https://fermatmind.com/en/personality/enneagram/wings/7w8,7w8 meaning and boundaries,examples; limits; reflection; next step,one normalized query cluster → one primary canonical owner per locale,/en/tests/enneagram-personality-test-nine-types,existing_backend_authoritative_only,VERIFIED_M01_OBSERVED,M01 top-row aggregate; NOT_RETURNED is not zero; route locale is not GSC language; page-level indexing unavailable,7,7,0,0,12,0,14.75,NOT_RETURNED,12,PRIMARY_OWNER_OBSERVED,UNKNOWN_PAGE_LEVEL
enneagram,en,wing,8w7,https://fermatmind.com/en/personality/enneagram/wings/8w7,8w7 meaning and boundaries,examples; limits; reflection; next step,one normalized query cluster → one primary canonical owner per locale,/en/tests/enneagram-personality-test-nine-types,existing_backend_authoritative_only,VERIFIED_M01_OBSERVED,M01 top-row aggregate; NOT_RETURNED is not zero; route locale is not GSC language; page-level indexing unavailable,2,2,0,0,5,0,9.8,NOT_RETURNED,5,PRIMARY_OWNER_OBSERVED,UNKNOWN_PAGE_LEVEL
enneagram,en,wing,8w9,https://fermatmind.com/en/personality/enneagram/wings/8w9,8w9 meaning and boundaries,examples; limits; reflection; next step,one normalized query cluster → one primary canonical owner per locale,/en/tests/enneagram-personality-test-nine-types,existing_backend_authoritative_only,VERIFIED_M01_OBSERVED,M01 top-row aggregate; NOT_RETURNED is not zero; route locale is not GSC language; page-level indexing unavailable,4,4,0,0,5,0,12,NOT_RETURNED,5,PRIMARY_OWNER_OBSERVED,UNKNOWN_PAGE_LEVEL
enneagram,en,wing,9w1,https://fermatmind.com/en/personality/enneagram/wings/9w1,9w1 meaning and boundaries,examples; limits; reflection; next step,one normalized query cluster → one primary canonical owner per locale,/en/tests/enneagram-personality-test-nine-types,existing_backend_authoritative_only,VERIFIED_M01_OBSERVED,M01 top-row aggregate; NOT_RETURNED is not zero; route locale is not GSC language; page-level indexing unavailable,4,4,0,0,6,0,34.833333,NOT_RETURNED,6,PRIMARY_OWNER_OBSERVED,UNKNOWN_PAGE_LEVEL
enneagram,en,wing,9w8,https://fermatmind.com/en/personality/enneagram/wings/9w8,9w8 meaning and boundaries,examples; limits; reflection; next step,one normalized query cluster → one primary canonical owner per locale,/en/tests/enneagram-personality-test-nine-types,existing_backend_authoritative_only,VERIFIED_M01_OBSERVED,M01 top-row aggregate; NOT_RETURNED is not zero; route locale is not GSC language; page-level indexing unavailable,4,4,0,0,10,0,15.2,NOT_RETURNED,10,PRIMARY_OWNER_OBSERVED,UNKNOWN_PAGE_LEVEL
mbti,en,base_type,ENTJ,https://fermatmind.com/en/personality/entj,entj meaning; entj personality; entj traits,examples; limits; reflection; next step,one normalized query cluster → one primary canonical owner per locale,/en/tests/mbti-personality-test-16-personality-types,existing_backend_authoritative_only,INFERRED_ROUTE_TAXONOMY_M01_NOT_RETURNED,M01 top-row aggregate; NOT_RETURNED is not zero; route locale is not GSC language; page-level indexing unavailable,0,0,0,NOT_RETURNED,NOT_RETURNED,NOT_RETURNED,NOT_RETURNED,NOT_RETURNED,NOT_RETURNED,ROUTE_OWNER_M01_NOT_RETURNED,UNKNOWN_PAGE_LEVEL
mbti,en,variant,ENTJ-A,https://fermatmind.com/en/personality/entj-a,entj-a meaning; entj-a traits; entj-a work/stress,examples; limits; reflection; next step,one normalized query cluster → one primary canonical owner per locale,/en/tests/mbti-personality-test-16-personality-types,existing_backend_authoritative_only,INFERRED_ROUTE_TAXONOMY_M01_NOT_RETURNED,M01 top-row aggregate; NOT_RETURNED is not zero; route locale is not GSC language; page-level indexing unavailable,0,0,0,NOT_RETURNED,NOT_RETURNED,NOT_RETURNED,NOT_RETURNED,NOT_RETURNED,NOT_RETURNED,ROUTE_OWNER_M01_NOT_RETURNED,UNKNOWN_PAGE_LEVEL
mbti,en,at_comparison,entj-a-vs-entj-t,https://fermatmind.com/en/personality/entj-a-vs-entj-t,entj a vs entj t difference; entj-a vs entj-t,examples; limits; reflection; next step,one normalized query cluster → one primary canonical owner per locale,/en/tests/mbti-personality-test-16-personality-types,existing_backend_authoritative_only,INFERRED_ROUTE_TAXONOMY_M01_NOT_RETURNED,M01 top-row aggregate; NOT_RETURNED is not zero; route locale is not GSC language; page-level indexing unavailable,0,0,0,NOT_RETURNED,NOT_RETURNED,NOT_RETURNED,NOT_RETURNED,NOT_RETURNED,NOT_RETURNED,ROUTE_OWNER_M01_NOT_RETURNED,UNKNOWN_PAGE_LEVEL
mbti,en,variant,ENTJ-T,https://fermatmind.com/en/personality/entj-t,entj-t meaning; entj-t traits; entj-t work/stress,examples; limits; reflection; next step,one normalized query cluster → one primary canonical owner per locale,/en/tests/mbti-personality-test-16-personality-types,existing_backend_authoritative_only,INFERRED_ROUTE_TAXONOMY_M01_NOT_RETURNED,M01 top-row aggregate; NOT_RETURNED is not zero; route locale is not GSC language; page-level indexing unavailable,0,0,0,NOT_RETURNED,NOT_RETURNED,NOT_RETURNED,NOT_RETURNED,NOT_RETURNED,NOT_RETURNED,ROUTE_OWNER_M01_NOT_RETURNED,UNKNOWN_PAGE_LEVEL
mbti,en,base_type,ENTP,https://fermatmind.com/en/personality/entp,entp meaning; entp personality; entp traits,examples; limits; reflection; next step,one normalized query cluster → one primary canonical owner per locale,/en/tests/mbti-personality-test-16-personality-types,existing_backend_authoritative_only,INFERRED_ROUTE_TAXONOMY_M01_NOT_RETURNED,M01 top-row aggregate; NOT_RETURNED is not zero; route locale is not GSC language; page-level indexing unavailable,0,0,0,NOT_RETURNED,NOT_RETURNED,NOT_RETURNED,NOT_RETURNED,NOT_RETURNED,NOT_RETURNED,ROUTE_OWNER_M01_NOT_RETURNED,UNKNOWN_PAGE_LEVEL
mbti,en,variant,ENTP-A,https://fermatmind.com/en/personality/entp-a,entp-a meaning; entp-a traits; entp-a work/stress,examples; limits; reflection; next step,one normalized query cluster → one primary canonical owner per locale,/en/tests/mbti-personality-test-16-personality-types,existing_backend_authoritative_only,INFERRED_ROUTE_TAXONOMY_M01_NOT_RETURNED,M01 top-row aggregate; NOT_RETURNED is not zero; route locale is not GSC language; page-level indexing unavailable,0,0,0,NOT_RETURNED,NOT_RETURNED,NOT_RETURNED,NOT_RETURNED,NOT_RETURNED,NOT_RETURNED,ROUTE_OWNER_M01_NOT_RETURNED,UNKNOWN_PAGE_LEVEL
mbti,en,at_comparison,entp-a-vs-entp-t,https://fermatmind.com/en/personality/entp-a-vs-entp-t,entp a vs entp t difference; entp-a vs entp-t,examples; limits; reflection; next step,one normalized query cluster → one primary canonical owner per locale,/en/tests/mbti-personality-test-16-personality-types,existing_backend_authoritative_only,INFERRED_ROUTE_TAXONOMY_M01_NOT_RETURNED,M01 top-row aggregate; NOT_RETURNED is not zero; route locale is not GSC language; page-level indexing unavailable,0,0,0,NOT_RETURNED,NOT_RETURNED,NOT_RETURNED,NOT_RETURNED,NOT_RETURNED,NOT_RETURNED,ROUTE_OWNER_M01_NOT_RETURNED,UNKNOWN_PAGE_LEVEL
mbti,en,variant,ENTP-T,https://fermatmind.com/en/personality/entp-t,entp-t meaning; entp-t traits; entp-t work/stress,examples; limits; reflection; next step,one normalized query cluster → one primary canonical owner per locale,/en/tests/mbti-personality-test-16-personality-types,existing_backend_authoritative_only,INFERRED_ROUTE_TAXONOMY_M01_NOT_RETURNED,M01 top-row aggregate; NOT_RETURNED is not zero; route locale is not GSC language; page-level indexing unavailable,0,0,0,NOT_RETURNED,NOT_RETURNED,NOT_RETURNED,NOT_RETURNED,NOT_RETURNED,NOT_RETURNED,ROUTE_OWNER_M01_NOT_RETURNED,UNKNOWN_PAGE_LEVEL
mbti,en,base_type,ESFJ,https://fermatmind.com/en/personality/esfj,esfj meaning; esfj personality; esfj traits,examples; limits; reflection; next step,one normalized query cluster → one primary canonical owner per locale,/en/tests/mbti-personality-test-16-personality-types,existing_backend_authoritative_only,VERIFIED_M01_OBSERVED,M01 top-row aggregate; NOT_RETURNED is not zero; route locale is not GSC language; page-level indexing unavailable,14,14,0,0,35,0,40.514286,NOT_RETURNED,35,PRIMARY_OWNER_OBSERVED,UNKNOWN_PAGE_LEVEL
mbti,en,variant,ESFJ-A,https://fermatmind.com/en/personality/esfj-a,esfj-a meaning; esfj-a traits; esfj-a work/stress,examples; limits; reflection; next step,one normalized query cluster → one primary canonical owner per locale,/en/tests/mbti-personality-test-16-personality-types,existing_backend_authoritative_only,INFERRED_ROUTE_TAXONOMY_M01_NOT_RETURNED,M01 top-row aggregate; NOT_RETURNED is not zero; route locale is not GSC language; page-level indexing unavailable,0,0,0,NOT_RETURNED,NOT_RETURNED,NOT_RETURNED,NOT_RETURNED,3,3,ROUTE_OWNER_M01_NOT_RETURNED,UNKNOWN_PAGE_LEVEL
mbti,en,at_comparison,esfj-a-vs-esfj-t,https://fermatmind.com/en/personality/esfj-a-vs-esfj-t,esfj a vs esfj t difference; esfj-a vs esfj-t,examples; limits; reflection; next step,one normalized query cluster → one primary canonical owner per locale,/en/tests/mbti-personality-test-16-personality-types,existing_backend_authoritative_only,INFERRED_ROUTE_TAXONOMY_M01_NOT_RETURNED,M01 top-row aggregate; NOT_RETURNED is not zero; route locale is not GSC language; page-level indexing unavailable,0,0,0,NOT_RETURNED,NOT_RETURNED,NOT_RETURNED,NOT_RETURNED,NOT_RETURNED,NOT_RETURNED,ROUTE_OWNER_M01_NOT_RETURNED,UNKNOWN_PAGE_LEVEL
mbti,en,variant,ESFJ-T,https://fermatmind.com/en/personality/esfj-t,esfj-t meaning; esfj-t traits; esfj-t work/stress,examples; limits; reflection; next step,one normalized query cluster → one primary canonical owner per locale,/en/tests/mbti-personality-test-16-personality-types,existing_backend_authoritative_only,VERIFIED_M01_OBSERVED,M01 top-row aggregate; NOT_RETURNED is not zero; route locale is not GSC language; page-level indexing unavailable,9,9,0,0,18,0,5.555556,4,39,PRIMARY_OWNER_OBSERVED,UNKNOWN_PAGE_LEVEL
mbti,en,base_type,ESFP,https://fermatmind.com/en/personality/esfp,esfp meaning; esfp personality; esfp traits,examples; limits; reflection; next step,one normalized query cluster → one primary canonical owner per locale,/en/tests/mbti-personality-test-16-personality-types,existing_backend_authoritative_only,VERIFIED_M01_OBSERVED,M01 top-row aggregate; NOT_RETURNED is not zero; route locale is not GSC language; page-level indexing unavailable,4,3,1,0,5,0,32.4,NOT_RETURNED,5,ROUTE_OWNER_WITH_SHARED_QUERY_REVIEW,UNKNOWN_PAGE_LEVEL
mbti,en,variant,ESFP-A,https://fermatmind.com/en/personality/esfp-a,esfp-a meaning; esfp-a traits; esfp-a work/stress,examples; limits; reflection; next step,one normalized query cluster → one primary canonical owner per locale,/en/tests/mbti-personality-test-16-personality-types,existing_backend_authoritative_only,INFERRED_ROUTE_TAXONOMY_M01_NOT_RETURNED,M01 top-row aggregate; NOT_RETURNED is not zero; route locale is not GSC language; page-level indexing unavailable,0,0,0,NOT_RETURNED,NOT_RETURNED,NOT_RETURNED,NOT_RETURNED,NOT_RETURNED,NOT_RETURNED,ROUTE_OWNER_M01_NOT_RETURNED,UNKNOWN_PAGE_LEVEL
mbti,en,at_comparison,esfp-a-vs-esfp-t,https://fermatmind.com/en/personality/esfp-a-vs-esfp-t,esfp a vs esfp t difference; esfp-a vs esfp-t,examples; limits; reflection; next step,one normalized query cluster → one primary canonical owner per locale,/en/tests/mbti-personality-test-16-personality-types,existing_backend_authoritative_only,INFERRED_ROUTE_TAXONOMY_M01_NOT_RETURNED,M01 top-row aggregate; NOT_RETURNED is not zero; route locale is not GSC language; page-level indexing unavailable,0,0,0,NOT_RETURNED,NOT_RETURNED,NOT_RETURNED,NOT_RETURNED,NOT_RETURNED,NOT_RETURNED,ROUTE_OWNER_M01_NOT_RETURNED,UNKNOWN_PAGE_LEVEL
mbti,en,variant,ESFP-T,https://fermatmind.com/en/personality/esfp-t,esfp-t meaning; esfp-t traits; esfp-t work/stress,examples; limits; reflection; next step,one normalized query cluster → one primary canonical owner per locale,/en/tests/mbti-personality-test-16-personality-types,existing_backend_authoritative_only,VERIFIED_M01_OBSERVED,M01 top-row aggregate; NOT_RETURNED is not zero; route locale is not GSC language; page-level indexing unavailable,1,1,0,0,1,0,4,NOT_RETURNED,1,PRIMARY_OWNER_OBSERVED,UNKNOWN_PAGE_LEVEL
mbti,en,base_type,ESTJ,https://fermatmind.com/en/personality/estj,estj meaning; estj personality; estj traits,examples; limits; reflection; next step,one normalized query cluster → one primary canonical owner per locale,/en/tests/mbti-personality-test-16-personality-types,existing_backend_authoritative_only,INFERRED_ROUTE_TAXONOMY_M01_NOT_RETURNED,M01 top-row aggregate; NOT_RETURNED is not zero; route locale is not GSC language; page-level indexing unavailable,0,0,0,NOT_RETURNED,NOT_RETURNED,NOT_RETURNED,NOT_RETURNED,NOT_RETURNED,NOT_RETURNED,ROUTE_OWNER_M01_NOT_RETURNED,UNKNOWN_PAGE_LEVEL
mbti,en,variant,ESTJ-A,https://fermatmind.com/en/personality/estj-a,estj-a meaning; estj-a traits; estj-a work/stress,examples; limits; reflection; next step,one normalized query cluster → one primary canonical owner per locale,/en/tests/mbti-personality-test-16-personality-types,existing_backend_authoritative_only,INFERRED_ROUTE_TAXONOMY_M01_NOT_RETURNED,M01 top-row aggregate; NOT_RETURNED is not zero; route locale is not GSC language; page-level indexing unavailable,0,0,0,NOT_RETURNED,NOT_RETURNED,NOT_RETURNED,NOT_RETURNED,NOT_RETURNED,NOT_RETURNED,ROUTE_OWNER_M01_NOT_RETURNED,UNKNOWN_PAGE_LEVEL
mbti,en,at_comparison,estj-a-vs-estj-t,https://fermatmind.com/en/personality/estj-a-vs-estj-t,estj a vs estj t difference; estj-a vs estj-t,examples; limits; reflection; next step,one normalized query cluster → one primary canonical owner per locale,/en/tests/mbti-personality-test-16-personality-types,existing_backend_authoritative_only,INFERRED_ROUTE_TAXONOMY_M01_NOT_RETURNED,M01 top-row aggregate; NOT_RETURNED is not zero; route locale is not GSC language; page-level indexing unavailable,0,0,0,NOT_RETURNED,NOT_RETURNED,NOT_RETURNED,NOT_RETURNED,NOT_RETURNED,NOT_RETURNED,ROUTE_OWNER_M01_NOT_RETURNED,UNKNOWN_PAGE_LEVEL
mbti,en,variant,ESTJ-T,https://fermatmind.com/en/personality/estj-t,estj-t meaning; estj-t traits; estj-t work/stress,examples; limits; reflection; next step,one normalized query cluster → one primary canonical owner per locale,/en/tests/mbti-personality-test-16-personality-types,existing_backend_authoritative_only,INFERRED_ROUTE_TAXONOMY_M01_NOT_RETURNED,M01 top-row aggregate; NOT_RETURNED is not zero; route locale is not GSC language; page-level indexing unavailable,0,0,0,NOT_RETURNED,NOT_RETURNED,NOT_RETURNED,NOT_RETURNED,NOT_RETURNED,NOT_RETURNED,ROUTE_OWNER_M01_NOT_RETURNED,UNKNOWN_PAGE_LEVEL
mbti,en,base_type,ESTP,https://fermatmind.com/en/personality/estp,estp meaning; estp personality; estp traits,examples; limits; reflection; next step,one normalized query cluster → one primary canonical owner per locale,/en/tests/mbti-personality-test-16-personality-types,existing_backend_authoritative_only,INFERRED_ROUTE_TAXONOMY_M01_NOT_RETURNED,M01 top-row aggregate; NOT_RETURNED is not zero; route locale is not GSC language; page-level indexing unavailable,0,0,0,NOT_RETURNED,NOT_RETURNED,NOT_RETURNED,NOT_RETURNED,NOT_RETURNED,NOT_RETURNED,ROUTE_OWNER_M01_NOT_RETURNED,UNKNOWN_PAGE_LEVEL
mbti,en,variant,ESTP-A,https://fermatmind.com/en/personality/estp-a,estp-a meaning; estp-a traits; estp-a work/stress,examples; limits; reflection; next step,one normalized query cluster → one primary canonical owner per locale,/en/tests/mbti-personality-test-16-personality-types,existing_backend_authoritative_only,INFERRED_ROUTE_TAXONOMY_M01_NOT_RETURNED,M01 top-row aggregate; NOT_RETURNED is not zero; route locale is not GSC language; page-level indexing unavailable,0,0,0,NOT_RETURNED,NOT_RETURNED,NOT_RETURNED,NOT_RETURNED,NOT_RETURNED,NOT_RETURNED,ROUTE_OWNER_M01_NOT_RETURNED,UNKNOWN_PAGE_LEVEL
mbti,en,at_comparison,estp-a-vs-estp-t,https://fermatmind.com/en/personality/estp-a-vs-estp-t,estp a vs estp t difference; estp-a vs estp-t,examples; limits; reflection; next step,one normalized query cluster → one primary canonical owner per locale,/en/tests/mbti-personality-test-16-personality-types,existing_backend_authoritative_only,INFERRED_ROUTE_TAXONOMY_M01_NOT_RETURNED,M01 top-row aggregate; NOT_RETURNED is not zero; route locale is not GSC language; page-level indexing unavailable,0,0,0,NOT_RETURNED,NOT_RETURNED,NOT_RETURNED,NOT_RETURNED,NOT_RETURNED,NOT_RETURNED,ROUTE_OWNER_M01_NOT_RETURNED,UNKNOWN_PAGE_LEVEL
mbti,en,variant,ESTP-T,https://fermatmind.com/en/personality/estp-t,estp-t meaning; estp-t traits; estp-t work/stress,examples; limits; reflection; next step,one normalized query cluster → one primary canonical owner per locale,/en/tests/mbti-personality-test-16-personality-types,existing_backend_authoritative_only,VERIFIED_M01_OBSERVED,M01 top-row aggregate; NOT_RETURNED is not zero; route locale is not GSC language; page-level indexing unavailable,1,1,0,0,1,0,9,2,8,PRIMARY_OWNER_OBSERVED,UNKNOWN_PAGE_LEVEL
mbti,en,base_type,INFJ,https://fermatmind.com/en/personality/infj,infj meaning; infj personality; infj traits,examples; limits; reflection; next step,one normalized query cluster → one primary canonical owner per locale,/en/tests/mbti-personality-test-16-personality-types,existing_backend_authoritative_only,INFERRED_ROUTE_TAXONOMY_M01_NOT_RETURNED,M01 top-row aggregate; NOT_RETURNED is not zero; route locale is not GSC language; page-level indexing unavailable,0,0,0,NOT_RETURNED,NOT_RETURNED,NOT_RETURNED,NOT_RETURNED,NOT_RETURNED,NOT_RETURNED,ROUTE_OWNER_M01_NOT_RETURNED,UNKNOWN_PAGE_LEVEL
mbti,en,variant,INFJ-A,https://fermatmind.com/en/personality/infj-a,infj-a meaning; infj-a traits; infj-a work/stress,examples; limits; reflection; next step,one normalized query cluster → one primary canonical owner per locale,/en/tests/mbti-personality-test-16-personality-types,existing_backend_authoritative_only,INFERRED_ROUTE_TAXONOMY_M01_NOT_RETURNED,M01 top-row aggregate; NOT_RETURNED is not zero; route locale is not GSC language; page-level indexing unavailable,0,0,0,NOT_RETURNED,NOT_RETURNED,NOT_RETURNED,NOT_RETURNED,NOT_RETURNED,NOT_RETURNED,ROUTE_OWNER_M01_NOT_RETURNED,UNKNOWN_PAGE_LEVEL
mbti,en,at_comparison,infj-a-vs-infj-t,https://fermatmind.com/en/personality/infj-a-vs-infj-t,infj a vs infj t difference; infj-a vs infj-t,examples; limits; reflection; next step,one normalized query cluster → one primary canonical owner per locale,/en/tests/mbti-personality-test-16-personality-types,existing_backend_authoritative_only,INFERRED_ROUTE_TAXONOMY_M01_NOT_RETURNED,M01 top-row aggregate; NOT_RETURNED is not zero; route locale is not GSC language; page-level indexing unavailable,0,0,0,NOT_RETURNED,NOT_RETURNED,NOT_RETURNED,NOT_RETURNED,NOT_RETURNED,NOT_RETURNED,ROUTE_OWNER_M01_NOT_RETURNED,UNKNOWN_PAGE_LEVEL
mbti,en,variant,INFJ-T,https://fermatmind.com/en/personality/infj-t,infj-t meaning; infj-t traits; infj-t work/stress,examples; limits; reflection; next step,one normalized query cluster → one primary canonical owner per locale,/en/tests/mbti-personality-test-16-personality-types,existing_backend_authoritative_only,INFERRED_ROUTE_TAXONOMY_M01_NOT_RETURNED,M01 top-row aggregate; NOT_RETURNED is not zero; route locale is not GSC language; page-level indexing unavailable,0,0,0,NOT_RETURNED,NOT_RETURNED,NOT_RETURNED,NOT_RETURNED,NOT_RETURNED,NOT_RETURNED,ROUTE_OWNER_M01_NOT_RETURNED,UNKNOWN_PAGE_LEVEL
mbti,en,base_type,INFP,https://fermatmind.com/en/personality/infp,infp meaning; infp personality; infp traits,examples; limits; reflection; next step,one normalized query cluster → one primary canonical owner per locale,/en/tests/mbti-personality-test-16-personality-types,existing_backend_authoritative_only,INFERRED_ROUTE_TAXONOMY_M01_NOT_RETURNED,M01 top-row aggregate; NOT_RETURNED is not zero; route locale is not GSC language; page-level indexing unavailable,0,0,0,NOT_RETURNED,NOT_RETURNED,NOT_RETURNED,NOT_RETURNED,NOT_RETURNED,NOT_RETURNED,ROUTE_OWNER_M01_NOT_RETURNED,UNKNOWN_PAGE_LEVEL
mbti,en,variant,INFP-A,https://fermatmind.com/en/personality/infp-a,infp-a meaning; infp-a traits; infp-a work/stress,examples; limits; reflection; next step,one normalized query cluster → one primary canonical owner per locale,/en/tests/mbti-personality-test-16-personality-types,existing_backend_authoritative_only,INFERRED_ROUTE_TAXONOMY_M01_NOT_RETURNED,M01 top-row aggregate; NOT_RETURNED is not zero; route locale is not GSC language; page-level indexing unavailable,0,0,0,NOT_RETURNED,NOT_RETURNED,NOT_RETURNED,NOT_RETURNED,NOT_RETURNED,NOT_RETURNED,ROUTE_OWNER_M01_NOT_RETURNED,UNKNOWN_PAGE_LEVEL
mbti,en,at_comparison,infp-a-vs-infp-t,https://fermatmind.com/en/personality/infp-a-vs-infp-t,infp a vs infp t difference; infp-a vs infp-t,examples; limits; reflection; next step,one normalized query cluster → one primary canonical owner per locale,/en/tests/mbti-personality-test-16-personality-types,existing_backend_authoritative_only,INFERRED_ROUTE_TAXONOMY_M01_NOT_RETURNED,M01 top-row aggregate; NOT_RETURNED is not zero; route locale is not GSC language; page-level indexing unavailable,0,0,0,NOT_RETURNED,NOT_RETURNED,NOT_RETURNED,NOT_RETURNED,NOT_RETURNED,NOT_RETURNED,ROUTE_OWNER_M01_NOT_RETURNED,UNKNOWN_PAGE_LEVEL
mbti,en,variant,INFP-T,https://fermatmind.com/en/personality/infp-t,infp-t meaning; infp-t traits; infp-t work/stress,examples; limits; reflection; next step,one normalized query cluster → one primary canonical owner per locale,/en/tests/mbti-personality-test-16-personality-types,existing_backend_authoritative_only,VERIFIED_M01_OBSERVED,M01 top-row aggregate; NOT_RETURNED is not zero; route locale is not GSC language; page-level indexing unavailable,6,6,0,1,10,10,7.2,6,16,PRIMARY_OWNER_OBSERVED,UNKNOWN_PAGE_LEVEL
mbti,en,base_type,INTJ,https://fermatmind.com/en/personality/intj,intj meaning; intj personality; intj traits,examples; limits; reflection; next step,one normalized query cluster → one primary canonical owner per locale,/en/tests/mbti-personality-test-16-personality-types,existing_backend_authoritative_only,INFERRED_ROUTE_TAXONOMY_M01_NOT_RETURNED,M01 top-row aggregate; NOT_RETURNED is not zero; route locale is not GSC language; page-level indexing unavailable,0,0,0,NOT_RETURNED,NOT_RETURNED,NOT_RETURNED,NOT_RETURNED,NOT_RETURNED,NOT_RETURNED,ROUTE_OWNER_M01_NOT_RETURNED,UNKNOWN_PAGE_LEVEL
mbti,en,variant,INTJ-A,https://fermatmind.com/en/personality/intj-a,intj-a meaning; intj-a traits; intj-a work/stress,examples; limits; reflection; next step,one normalized query cluster → one primary canonical owner per locale,/en/tests/mbti-personality-test-16-personality-types,existing_backend_authoritative_only,INFERRED_ROUTE_TAXONOMY_M01_NOT_RETURNED,M01 top-row aggregate; NOT_RETURNED is not zero; route locale is not GSC language; page-level indexing unavailable,0,0,0,NOT_RETURNED,NOT_RETURNED,NOT_RETURNED,NOT_RETURNED,NOT_RETURNED,NOT_RETURNED,ROUTE_OWNER_M01_NOT_RETURNED,UNKNOWN_PAGE_LEVEL
mbti,en,at_comparison,intj-a-vs-intj-t,https://fermatmind.com/en/personality/intj-a-vs-intj-t,intj a vs intj t difference; intj-a vs intj-t,examples; limits; reflection; next step,one normalized query cluster → one primary canonical owner per locale,/en/tests/mbti-personality-test-16-personality-types,existing_backend_authoritative_only,VERIFIED_M01_OBSERVED,M01 top-row aggregate; NOT_RETURNED is not zero; route locale is not GSC language; page-level indexing unavailable,8,8,0,0,12,0,8.583333,63,75,PRIMARY_OWNER_OBSERVED,UNKNOWN_PAGE_LEVEL
mbti,en,variant,INTJ-T,https://fermatmind.com/en/personality/intj-t,intj-t meaning; intj-t traits; intj-t work/stress,examples; limits; reflection; next step,one normalized query cluster → one primary canonical owner per locale,/en/tests/mbti-personality-test-16-personality-types,existing_backend_authoritative_only,INFERRED_ROUTE_TAXONOMY_M01_NOT_RETURNED,M01 top-row aggregate; NOT_RETURNED is not zero; route locale is not GSC language; page-level indexing unavailable,0,0,0,NOT_RETURNED,NOT_RETURNED,NOT_RETURNED,NOT_RETURNED,NOT_RETURNED,NOT_RETURNED,ROUTE_OWNER_M01_NOT_RETURNED,UNKNOWN_PAGE_LEVEL
mbti,en,base_type,INTP,https://fermatmind.com/en/personality/intp,intp meaning; intp personality; intp traits,examples; limits; reflection; next step,one normalized query cluster → one primary canonical owner per locale,/en/tests/mbti-personality-test-16-personality-types,existing_backend_authoritative_only,INFERRED_ROUTE_TAXONOMY_M01_NOT_RETURNED,M01 top-row aggregate; NOT_RETURNED is not zero; route locale is not GSC language; page-level indexing unavailable,0,0,0,NOT_RETURNED,NOT_RETURNED,NOT_RETURNED,NOT_RETURNED,NOT_RETURNED,NOT_RETURNED,ROUTE_OWNER_M01_NOT_RETURNED,UNKNOWN_PAGE_LEVEL
mbti,en,variant,INTP-A,https://fermatmind.com/en/personality/intp-a,intp-a meaning; intp-a traits; intp-a work/stress,examples; limits; reflection; next step,one normalized query cluster → one primary canonical owner per locale,/en/tests/mbti-personality-test-16-personality-types,existing_backend_authoritative_only,VERIFIED_M01_OBSERVED,M01 top-row aggregate; NOT_RETURNED is not zero; route locale is not GSC language; page-level indexing unavailable,30,30,1,2,965,0.207254,9.078756,111,1082,ROUTE_OWNER_WITH_SHARED_QUERY_REVIEW,UNKNOWN_PAGE_LEVEL
mbti,en,at_comparison,intp-a-vs-intp-t,https://fermatmind.com/en/personality/intp-a-vs-intp-t,intp a vs intp t difference; intp-a vs intp-t,examples; limits; reflection; next step,one normalized query cluster → one primary canonical owner per locale,/en/tests/mbti-personality-test-16-personality-types,existing_backend_authoritative_only,VERIFIED_M01_OBSERVED,M01 top-row aggregate; NOT_RETURNED is not zero; route locale is not GSC language; page-level indexing unavailable,4,4,0,0,4,0,8.5,96,100,PRIMARY_OWNER_OBSERVED,UNKNOWN_PAGE_LEVEL
mbti,en,variant,INTP-T,https://fermatmind.com/en/personality/intp-t,intp-t meaning; intp-t traits; intp-t work/stress,examples; limits; reflection; next step,one normalized query cluster → one primary canonical owner per locale,/en/tests/mbti-personality-test-16-personality-types,existing_backend_authoritative_only,INFERRED_ROUTE_TAXONOMY_M01_NOT_RETURNED,M01 top-row aggregate; NOT_RETURNED is not zero; route locale is not GSC language; page-level indexing unavailable,0,0,0,NOT_RETURNED,NOT_RETURNED,NOT_RETURNED,NOT_RETURNED,NOT_RETURNED,NOT_RETURNED,ROUTE_OWNER_M01_NOT_RETURNED,UNKNOWN_PAGE_LEVEL
mbti,en,base_type,ISFJ,https://fermatmind.com/en/personality/isfj,isfj meaning; isfj personality; isfj traits,examples; limits; reflection; next step,one normalized query cluster → one primary canonical owner per locale,/en/tests/mbti-personality-test-16-personality-types,existing_backend_authoritative_only,INFERRED_ROUTE_TAXONOMY_M01_NOT_RETURNED,M01 top-row aggregate; NOT_RETURNED is not zero; route locale is not GSC language; page-level indexing unavailable,0,0,0,NOT_RETURNED,NOT_RETURNED,NOT_RETURNED,NOT_RETURNED,NOT_RETURNED,NOT_RETURNED,ROUTE_OWNER_M01_NOT_RETURNED,UNKNOWN_PAGE_LEVEL
mbti,en,variant,ISFJ-A,https://fermatmind.com/en/personality/isfj-a,isfj-a meaning; isfj-a traits; isfj-a work/stress,examples; limits; reflection; next step,one normalized query cluster → one primary canonical owner per locale,/en/tests/mbti-personality-test-16-personality-types,existing_backend_authoritative_only,INFERRED_ROUTE_TAXONOMY_M01_NOT_RETURNED,M01 top-row aggregate; NOT_RETURNED is not zero; route locale is not GSC language; page-level indexing unavailable,0,0,0,NOT_RETURNED,NOT_RETURNED,NOT_RETURNED,NOT_RETURNED,NOT_RETURNED,NOT_RETURNED,ROUTE_OWNER_M01_NOT_RETURNED,UNKNOWN_PAGE_LEVEL
mbti,en,at_comparison,isfj-a-vs-isfj-t,https://fermatmind.com/en/personality/isfj-a-vs-isfj-t,isfj a vs isfj t difference; isfj-a vs isfj-t,examples; limits; reflection; next step,one normalized query cluster → one primary canonical owner per locale,/en/tests/mbti-personality-test-16-personality-types,existing_backend_authoritative_only,INFERRED_ROUTE_TAXONOMY_M01_NOT_RETURNED,M01 top-row aggregate; NOT_RETURNED is not zero; route locale is not GSC language; page-level indexing unavailable,0,0,0,NOT_RETURNED,NOT_RETURNED,NOT_RETURNED,NOT_RETURNED,NOT_RETURNED,NOT_RETURNED,ROUTE_OWNER_M01_NOT_RETURNED,UNKNOWN_PAGE_LEVEL
mbti,en,variant,ISFJ-T,https://fermatmind.com/en/personality/isfj-t,isfj-t meaning; isfj-t traits; isfj-t work/stress,examples; limits; reflection; next step,one normalized query cluster → one primary canonical owner per locale,/en/tests/mbti-personality-test-16-personality-types,existing_backend_authoritative_only,INFERRED_ROUTE_TAXONOMY_M01_NOT_RETURNED,M01 top-row aggregate; NOT_RETURNED is not zero; route locale is not GSC language; page-level indexing unavailable,0,0,0,NOT_RETURNED,NOT_RETURNED,NOT_RETURNED,NOT_RETURNED,NOT_RETURNED,NOT_RETURNED,ROUTE_OWNER_M01_NOT_RETURNED,UNKNOWN_PAGE_LEVEL
mbti,en,base_type,ISFP,https://fermatmind.com/en/personality/isfp,isfp meaning; isfp personality; isfp traits,examples; limits; reflection; next step,one normalized query cluster → one primary canonical owner per locale,/en/tests/mbti-personality-test-16-personality-types,existing_backend_authoritative_only,INFERRED_ROUTE_TAXONOMY_M01_NOT_RETURNED,M01 top-row aggregate; NOT_RETURNED is not zero; route locale is not GSC language; page-level indexing unavailable,0,0,0,NOT_RETURNED,NOT_RETURNED,NOT_RETURNED,NOT_RETURNED,NOT_RETURNED,NOT_RETURNED,ROUTE_OWNER_M01_NOT_RETURNED,UNKNOWN_PAGE_LEVEL
mbti,en,variant,ISFP-A,https://fermatmind.com/en/personality/isfp-a,isfp-a meaning; isfp-a traits; isfp-a work/stress,examples; limits; reflection; next step,one normalized query cluster → one primary canonical owner per locale,/en/tests/mbti-personality-test-16-personality-types,existing_backend_authoritative_only,INFERRED_ROUTE_TAXONOMY_M01_NOT_RETURNED,M01 top-row aggregate; NOT_RETURNED is not zero; route locale is not GSC language; page-level indexing unavailable,0,0,0,NOT_RETURNED,NOT_RETURNED,NOT_RETURNED,NOT_RETURNED,4,6,ROUTE_OWNER_M01_NOT_RETURNED,UNKNOWN_PAGE_LEVEL
mbti,en,at_comparison,isfp-a-vs-isfp-t,https://fermatmind.com/en/personality/isfp-a-vs-isfp-t,isfp a vs isfp t difference; isfp-a vs isfp-t,examples; limits; reflection; next step,one normalized query cluster → one primary canonical owner per locale,/en/tests/mbti-personality-test-16-personality-types,existing_backend_authoritative_only,VERIFIED_M01_OBSERVED,M01 top-row aggregate; NOT_RETURNED is not zero; route locale is not GSC language; page-level indexing unavailable,2,2,0,0,7,0,38.428571,NOT_RETURNED,7,PRIMARY_OWNER_OBSERVED,UNKNOWN_PAGE_LEVEL
mbti,en,variant,ISFP-T,https://fermatmind.com/en/personality/isfp-t,isfp-t meaning; isfp-t traits; isfp-t work/stress,examples; limits; reflection; next step,one normalized query cluster → one primary canonical owner per locale,/en/tests/mbti-personality-test-16-personality-types,existing_backend_authoritative_only,INFERRED_ROUTE_TAXONOMY_M01_NOT_RETURNED,M01 top-row aggregate; NOT_RETURNED is not zero; route locale is not GSC language; page-level indexing unavailable,0,0,0,NOT_RETURNED,NOT_RETURNED,NOT_RETURNED,NOT_RETURNED,NOT_RETURNED,NOT_RETURNED,ROUTE_OWNER_M01_NOT_RETURNED,UNKNOWN_PAGE_LEVEL
mbti,en,base_type,ISTJ,https://fermatmind.com/en/personality/istj,istj meaning; istj personality; istj traits,examples; limits; reflection; next step,one normalized query cluster → one primary canonical owner per locale,/en/tests/mbti-personality-test-16-personality-types,existing_backend_authoritative_only,INFERRED_ROUTE_TAXONOMY_M01_NOT_RETURNED,M01 top-row aggregate; NOT_RETURNED is not zero; route locale is not GSC language; page-level indexing unavailable,0,0,0,NOT_RETURNED,NOT_RETURNED,NOT_RETURNED,NOT_RETURNED,NOT_RETURNED,NOT_RETURNED,ROUTE_OWNER_M01_NOT_RETURNED,UNKNOWN_PAGE_LEVEL
mbti,en,variant,ISTJ-A,https://fermatmind.com/en/personality/istj-a,istj-a meaning; istj-a traits; istj-a work/stress,examples; limits; reflection; next step,one normalized query cluster → one primary canonical owner per locale,/en/tests/mbti-personality-test-16-personality-types,existing_backend_authoritative_only,INFERRED_ROUTE_TAXONOMY_M01_NOT_RETURNED,M01 top-row aggregate; NOT_RETURNED is not zero; route locale is not GSC language; page-level indexing unavailable,0,0,0,NOT_RETURNED,NOT_RETURNED,NOT_RETURNED,NOT_RETURNED,NOT_RETURNED,NOT_RETURNED,ROUTE_OWNER_M01_NOT_RETURNED,UNKNOWN_PAGE_LEVEL
mbti,en,at_comparison,istj-a-vs-istj-t,https://fermatmind.com/en/personality/istj-a-vs-istj-t,istj a vs istj t difference; istj-a vs istj-t,examples; limits; reflection; next step,one normalized query cluster → one primary canonical owner per locale,/en/tests/mbti-personality-test-16-personality-types,existing_backend_authoritative_only,INFERRED_ROUTE_TAXONOMY_M01_NOT_RETURNED,M01 top-row aggregate; NOT_RETURNED is not zero; route locale is not GSC language; page-level indexing unavailable,0,0,0,NOT_RETURNED,NOT_RETURNED,NOT_RETURNED,NOT_RETURNED,NOT_RETURNED,NOT_RETURNED,ROUTE_OWNER_M01_NOT_RETURNED,UNKNOWN_PAGE_LEVEL
mbti,en,variant,ISTJ-T,https://fermatmind.com/en/personality/istj-t,istj-t meaning; istj-t traits; istj-t work/stress,examples; limits; reflection; next step,one normalized query cluster → one primary canonical owner per locale,/en/tests/mbti-personality-test-16-personality-types,existing_backend_authoritative_only,INFERRED_ROUTE_TAXONOMY_M01_NOT_RETURNED,M01 top-row aggregate; NOT_RETURNED is not zero; route locale is not GSC language; page-level indexing unavailable,0,0,0,NOT_RETURNED,NOT_RETURNED,NOT_RETURNED,NOT_RETURNED,NOT_RETURNED,NOT_RETURNED,ROUTE_OWNER_M01_NOT_RETURNED,UNKNOWN_PAGE_LEVEL
mbti,en,base_type,ISTP,https://fermatmind.com/en/personality/istp,istp meaning; istp personality; istp traits,examples; limits; reflection; next step,one normalized query cluster → one primary canonical owner per locale,/en/tests/mbti-personality-test-16-personality-types,existing_backend_authoritative_only,INFERRED_ROUTE_TAXONOMY_M01_NOT_RETURNED,M01 top-row aggregate; NOT_RETURNED is not zero; route locale is not GSC language; page-level indexing unavailable,0,0,0,NOT_RETURNED,NOT_RETURNED,NOT_RETURNED,NOT_RETURNED,NOT_RETURNED,NOT_RETURNED,ROUTE_OWNER_M01_NOT_RETURNED,UNKNOWN_PAGE_LEVEL
mbti,en,variant,ISTP-A,https://fermatmind.com/en/personality/istp-a,istp-a meaning; istp-a traits; istp-a work/stress,examples; limits; reflection; next step,one normalized query cluster → one primary canonical owner per locale,/en/tests/mbti-personality-test-16-personality-types,existing_backend_authoritative_only,INFERRED_ROUTE_TAXONOMY_M01_NOT_RETURNED,M01 top-row aggregate; NOT_RETURNED is not zero; route locale is not GSC language; page-level indexing unavailable,0,0,0,NOT_RETURNED,NOT_RETURNED,NOT_RETURNED,NOT_RETURNED,NOT_RETURNED,3,ROUTE_OWNER_M01_NOT_RETURNED,UNKNOWN_PAGE_LEVEL
mbti,en,at_comparison,istp-a-vs-istp-t,https://fermatmind.com/en/personality/istp-a-vs-istp-t,istp a vs istp t difference; istp-a vs istp-t,examples; limits; reflection; next step,one normalized query cluster → one primary canonical owner per locale,/en/tests/mbti-personality-test-16-personality-types,existing_backend_authoritative_only,INFERRED_ROUTE_TAXONOMY_M01_NOT_RETURNED,M01 top-row aggregate; NOT_RETURNED is not zero; route locale is not GSC language; page-level indexing unavailable,0,0,0,NOT_RETURNED,NOT_RETURNED,NOT_RETURNED,NOT_RETURNED,NOT_RETURNED,NOT_RETURNED,ROUTE_OWNER_M01_NOT_RETURNED,UNKNOWN_PAGE_LEVEL
mbti,en,variant,ISTP-T,https://fermatmind.com/en/personality/istp-t,istp-t meaning; istp-t traits; istp-t work/stress,examples; limits; reflection; next step,one normalized query cluster → one primary canonical owner per locale,/en/tests/mbti-personality-test-16-personality-types,existing_backend_authoritative_only,INFERRED_ROUTE_TAXONOMY_M01_NOT_RETURNED,M01 top-row aggregate; NOT_RETURNED is not zero; route locale is not GSC language; page-level indexing unavailable,0,0,0,NOT_RETURNED,NOT_RETURNED,NOT_RETURNED,NOT_RETURNED,NOT_RETURNED,NOT_RETURNED,ROUTE_OWNER_M01_NOT_RETURNED,UNKNOWN_PAGE_LEVEL
cross_framework,zh-CN,hub,personality,https://fermatmind.com/zh/personality,personality framework navigation,framework navigation and next step,one normalized query cluster → one primary canonical owner per locale,UNKNOWN,existing_backend_authoritative_only,VERIFIED_M01_OBSERVED,M01 top-row aggregate; NOT_RETURNED is not zero; route locale is not GSC language; page-level indexing unavailable,7,7,0,0,8,0,13.5,7,21,PRIMARY_OWNER_OBSERVED,UNKNOWN_PAGE_LEVEL
big_five,zh-CN,hub,big-five,https://fermatmind.com/zh/personality/big-five,Big Five model overview,framework navigation and next step,one normalized query cluster → one primary canonical owner per locale,/zh/tests/big-five-personality-test-ocean-model,existing_backend_authoritative_only,INFERRED_ROUTE_TAXONOMY_M01_NOT_RETURNED,M01 top-row aggregate; NOT_RETURNED is not zero; route locale is not GSC language; page-level indexing unavailable,0,0,0,NOT_RETURNED,NOT_RETURNED,NOT_RETURNED,NOT_RETURNED,NOT_RETURNED,NOT_RETURNED,ROUTE_OWNER_M01_NOT_RETURNED,UNKNOWN_PAGE_LEVEL
big_five,zh-CN,domain,agreeableness,https://fermatmind.com/zh/personality/big-five/agreeableness,agreeableness meaning and observable tendencies,examples; limits; reflection; next step,one normalized query cluster → one primary canonical owner per locale,/zh/tests/big-five-personality-test-ocean-model,existing_backend_authoritative_only,VERIFIED_M01_OBSERVED,M01 top-row aggregate; NOT_RETURNED is not zero; route locale is not GSC language; page-level indexing unavailable,5,3,3,0,22,0,8.772727,NOT_RETURNED,22,ROUTE_OWNER_WITH_SHARED_QUERY_REVIEW,UNKNOWN_PAGE_LEVEL
big_five,zh-CN,polarity,agreeableness-high,https://fermatmind.com/zh/personality/big-five/agreeableness-high,agreeableness high meaning and observable tendencies,examples; limits; reflection; next step,one normalized query cluster → one primary canonical owner per locale,/zh/tests/big-five-personality-test-ocean-model,existing_backend_authoritative_only,INFERRED_ROUTE_TAXONOMY_M01_NOT_RETURNED,M01 top-row aggregate; NOT_RETURNED is not zero; route locale is not GSC language; page-level indexing unavailable,0,0,0,NOT_RETURNED,NOT_RETURNED,NOT_RETURNED,NOT_RETURNED,NOT_RETURNED,NOT_RETURNED,ROUTE_OWNER_M01_NOT_RETURNED,UNKNOWN_PAGE_LEVEL
big_five,zh-CN,polarity,agreeableness-low,https://fermatmind.com/zh/personality/big-five/agreeableness-low,agreeableness low meaning and observable tendencies,examples; limits; reflection; next step,one normalized query cluster → one primary canonical owner per locale,/zh/tests/big-five-personality-test-ocean-model,existing_backend_authoritative_only,VERIFIED_M01_OBSERVED,M01 top-row aggregate; NOT_RETURNED is not zero; route locale is not GSC language; page-level indexing unavailable,3,2,2,0,17,0,7.352941,4,21,ROUTE_OWNER_WITH_SHARED_QUERY_REVIEW,UNKNOWN_PAGE_LEVEL
big_five,zh-CN,polarity,agreeableness-mid,https://fermatmind.com/zh/personality/big-five/agreeableness-mid,agreeableness mid meaning and observable tendencies,examples; limits; reflection; next step,one normalized query cluster → one primary canonical owner per locale,/zh/tests/big-five-personality-test-ocean-model,existing_backend_authoritative_only,INFERRED_ROUTE_TAXONOMY_M01_NOT_RETURNED,M01 top-row aggregate; NOT_RETURNED is not zero; route locale is not GSC language; page-level indexing unavailable,0,0,0,NOT_RETURNED,NOT_RETURNED,NOT_RETURNED,NOT_RETURNED,NOT_RETURNED,NOT_RETURNED,ROUTE_OWNER_M01_NOT_RETURNED,UNKNOWN_PAGE_LEVEL
big_five,zh-CN,domain,conscientiousness,https://fermatmind.com/zh/personality/big-five/conscientiousness,conscientiousness meaning and observable tendencies,examples; limits; reflection; next step,one normalized query cluster → one primary canonical owner per locale,/zh/tests/big-five-personality-test-ocean-model,existing_backend_authoritative_only,INFERRED_ROUTE_TAXONOMY_M01_NOT_RETURNED,M01 top-row aggregate; NOT_RETURNED is not zero; route locale is not GSC language; page-level indexing unavailable,0,0,0,NOT_RETURNED,NOT_RETURNED,NOT_RETURNED,NOT_RETURNED,NOT_RETURNED,NOT_RETURNED,ROUTE_OWNER_M01_NOT_RETURNED,UNKNOWN_PAGE_LEVEL
big_five,zh-CN,polarity,conscientiousness-high,https://fermatmind.com/zh/personality/big-five/conscientiousness-high,conscientiousness high meaning and observable tendencies,examples; limits; reflection; next step,one normalized query cluster → one primary canonical owner per locale,/zh/tests/big-five-personality-test-ocean-model,existing_backend_authoritative_only,VERIFIED_M01_OBSERVED,M01 top-row aggregate; NOT_RETURNED is not zero; route locale is not GSC language; page-level indexing unavailable,2,1,1,0,15,0,8.733333,1,16,ROUTE_OWNER_WITH_SHARED_QUERY_REVIEW,UNKNOWN_PAGE_LEVEL
big_five,zh-CN,polarity,conscientiousness-low,https://fermatmind.com/zh/personality/big-five/conscientiousness-low,conscientiousness low meaning and observable tendencies,examples; limits; reflection; next step,one normalized query cluster → one primary canonical owner per locale,/zh/tests/big-five-personality-test-ocean-model,existing_backend_authoritative_only,INFERRED_ROUTE_TAXONOMY_M01_NOT_RETURNED,M01 top-row aggregate; NOT_RETURNED is not zero; route locale is not GSC language; page-level indexing unavailable,0,0,0,NOT_RETURNED,NOT_RETURNED,NOT_RETURNED,NOT_RETURNED,1,1,ROUTE_OWNER_M01_NOT_RETURNED,UNKNOWN_PAGE_LEVEL
big_five,zh-CN,polarity,conscientiousness-mid,https://fermatmind.com/zh/personality/big-five/conscientiousness-mid,conscientiousness mid meaning and observable tendencies,examples; limits; reflection; next step,one normalized query cluster → one primary canonical owner per locale,/zh/tests/big-five-personality-test-ocean-model,existing_backend_authoritative_only,INFERRED_ROUTE_TAXONOMY_M01_NOT_RETURNED,M01 top-row aggregate; NOT_RETURNED is not zero; route locale is not GSC language; page-level indexing unavailable,0,0,0,NOT_RETURNED,NOT_RETURNED,NOT_RETURNED,NOT_RETURNED,1,1,ROUTE_OWNER_M01_NOT_RETURNED,UNKNOWN_PAGE_LEVEL
big_five,zh-CN,domain,extraversion,https://fermatmind.com/zh/personality/big-five/extraversion,extraversion meaning and observable tendencies,examples; limits; reflection; next step,one normalized query cluster → one primary canonical owner per locale,/zh/tests/big-five-personality-test-ocean-model,existing_backend_authoritative_only,INFERRED_ROUTE_TAXONOMY_M01_NOT_RETURNED,M01 top-row aggregate; NOT_RETURNED is not zero; route locale is not GSC language; page-level indexing unavailable,0,0,0,NOT_RETURNED,NOT_RETURNED,NOT_RETURNED,NOT_RETURNED,NOT_RETURNED,NOT_RETURNED,ROUTE_OWNER_M01_NOT_RETURNED,UNKNOWN_PAGE_LEVEL
big_five,zh-CN,polarity,extraversion-high,https://fermatmind.com/zh/personality/big-five/extraversion-high,extraversion high meaning and observable tendencies,examples; limits; reflection; next step,one normalized query cluster → one primary canonical owner per locale,/zh/tests/big-five-personality-test-ocean-model,existing_backend_authoritative_only,VERIFIED_M01_OBSERVED,M01 top-row aggregate; NOT_RETURNED is not zero; route locale is not GSC language; page-level indexing unavailable,1,0,1,0,1,0,27,NOT_RETURNED,1,ROUTE_OWNER_WITH_SHARED_QUERY_REVIEW,UNKNOWN_PAGE_LEVEL
big_five,zh-CN,polarity,extraversion-low,https://fermatmind.com/zh/personality/big-five/extraversion-low,extraversion low meaning and observable tendencies,examples; limits; reflection; next step,one normalized query cluster → one primary canonical owner per locale,/zh/tests/big-five-personality-test-ocean-model,existing_backend_authoritative_only,INFERRED_ROUTE_TAXONOMY_M01_NOT_RETURNED,M01 top-row aggregate; NOT_RETURNED is not zero; route locale is not GSC language; page-level indexing unavailable,0,0,0,NOT_RETURNED,NOT_RETURNED,NOT_RETURNED,NOT_RETURNED,NOT_RETURNED,NOT_RETURNED,ROUTE_OWNER_M01_NOT_RETURNED,UNKNOWN_PAGE_LEVEL
big_five,zh-CN,polarity,extraversion-mid,https://fermatmind.com/zh/personality/big-five/extraversion-mid,extraversion mid meaning and observable tendencies,examples; limits; reflection; next step,one normalized query cluster → one primary canonical owner per locale,/zh/tests/big-five-personality-test-ocean-model,existing_backend_authoritative_only,VERIFIED_M01_OBSERVED,M01 top-row aggregate; NOT_RETURNED is not zero; route locale is not GSC language; page-level indexing unavailable,1,0,1,0,1,0,10,1,2,ROUTE_OWNER_WITH_SHARED_QUERY_REVIEW,UNKNOWN_PAGE_LEVEL
big_five,zh-CN,facet_hub,facets,https://fermatmind.com/zh/personality/big-five/facets,Big Five facets overview,examples; limits; reflection; next step,one normalized query cluster → one primary canonical owner per locale,/zh/tests/big-five-personality-test-ocean-model,existing_backend_authoritative_only,INFERRED_ROUTE_TAXONOMY_M01_NOT_RETURNED,M01 top-row aggregate; NOT_RETURNED is not zero; route locale is not GSC language; page-level indexing unavailable,0,0,0,NOT_RETURNED,NOT_RETURNED,NOT_RETURNED,NOT_RETURNED,NOT_RETURNED,NOT_RETURNED,ROUTE_OWNER_M01_NOT_RETURNED,UNKNOWN_PAGE_LEVEL
big_five,zh-CN,facet_detail,achievement-striving,https://fermatmind.com/zh/personality/big-five/facets/achievement-striving,achievement striving meaning and observable tendencies,examples; limits; reflection; next step,one normalized query cluster → one primary canonical owner per locale,/zh/tests/big-five-personality-test-ocean-model,existing_backend_authoritative_only,INFERRED_ROUTE_TAXONOMY_M01_NOT_RETURNED,M01 top-row aggregate; NOT_RETURNED is not zero; route locale is not GSC language; page-level indexing unavailable,0,0,0,NOT_RETURNED,NOT_RETURNED,NOT_RETURNED,NOT_RETURNED,NOT_RETURNED,NOT_RETURNED,ROUTE_OWNER_M01_NOT_RETURNED,UNKNOWN_PAGE_LEVEL
big_five,zh-CN,facet_detail,actions,https://fermatmind.com/zh/personality/big-five/facets/actions,actions meaning and observable tendencies,examples; limits; reflection; next step,one normalized query cluster → one primary canonical owner per locale,/zh/tests/big-five-personality-test-ocean-model,existing_backend_authoritative_only,INFERRED_ROUTE_TAXONOMY_M01_NOT_RETURNED,M01 top-row aggregate; NOT_RETURNED is not zero; route locale is not GSC language; page-level indexing unavailable,0,0,0,NOT_RETURNED,NOT_RETURNED,NOT_RETURNED,NOT_RETURNED,NOT_RETURNED,NOT_RETURNED,ROUTE_OWNER_M01_NOT_RETURNED,UNKNOWN_PAGE_LEVEL
big_five,zh-CN,facet_detail,activity,https://fermatmind.com/zh/personality/big-five/facets/activity,activity meaning and observable tendencies,examples; limits; reflection; next step,one normalized query cluster → one primary canonical owner per locale,/zh/tests/big-five-personality-test-ocean-model,existing_backend_authoritative_only,VERIFIED_M01_OBSERVED,M01 top-row aggregate; NOT_RETURNED is not zero; route locale is not GSC language; page-level indexing unavailable,1,0,1,0,1,0,137,NOT_RETURNED,1,ROUTE_OWNER_WITH_SHARED_QUERY_REVIEW,UNKNOWN_PAGE_LEVEL
big_five,zh-CN,facet_detail,aesthetics,https://fermatmind.com/zh/personality/big-five/facets/aesthetics,aesthetics meaning and observable tendencies,examples; limits; reflection; next step,one normalized query cluster → one primary canonical owner per locale,/zh/tests/big-five-personality-test-ocean-model,existing_backend_authoritative_only,VERIFIED_M01_OBSERVED,M01 top-row aggregate; NOT_RETURNED is not zero; route locale is not GSC language; page-level indexing unavailable,3,3,0,0,24,0,8.25,NOT_RETURNED,24,PRIMARY_OWNER_OBSERVED,UNKNOWN_PAGE_LEVEL
big_five,zh-CN,facet_detail,altruism,https://fermatmind.com/zh/personality/big-five/facets/altruism,altruism meaning and observable tendencies,examples; limits; reflection; next step,one normalized query cluster → one primary canonical owner per locale,/zh/tests/big-five-personality-test-ocean-model,existing_backend_authoritative_only,VERIFIED_M01_OBSERVED,M01 top-row aggregate; NOT_RETURNED is not zero; route locale is not GSC language; page-level indexing unavailable,1,1,0,0,4,0,10.25,NOT_RETURNED,4,PRIMARY_OWNER_OBSERVED,UNKNOWN_PAGE_LEVEL
big_five,zh-CN,facet_detail,anger,https://fermatmind.com/zh/personality/big-five/facets/anger,anger meaning and observable tendencies,examples; limits; reflection; next step,one normalized query cluster → one primary canonical owner per locale,/zh/tests/big-five-personality-test-ocean-model,existing_backend_authoritative_only,INFERRED_ROUTE_TAXONOMY_M01_NOT_RETURNED,M01 top-row aggregate; NOT_RETURNED is not zero; route locale is not GSC language; page-level indexing unavailable,0,0,0,NOT_RETURNED,NOT_RETURNED,NOT_RETURNED,NOT_RETURNED,NOT_RETURNED,NOT_RETURNED,ROUTE_OWNER_M01_NOT_RETURNED,UNKNOWN_PAGE_LEVEL
big_five,zh-CN,facet_detail,anxiety,https://fermatmind.com/zh/personality/big-five/facets/anxiety,anxiety meaning and observable tendencies,examples; limits; reflection; next step,one normalized query cluster → one primary canonical owner per locale,/zh/tests/big-five-personality-test-ocean-model,existing_backend_authoritative_only,VERIFIED_M01_OBSERVED,M01 top-row aggregate; NOT_RETURNED is not zero; route locale is not GSC language; page-level indexing unavailable,1,0,1,0,1,0,133,NOT_RETURNED,1,ROUTE_OWNER_WITH_SHARED_QUERY_REVIEW,UNKNOWN_PAGE_LEVEL
big_five,zh-CN,facet_detail,assertiveness,https://fermatmind.com/zh/personality/big-five/facets/assertiveness,assertiveness meaning and observable tendencies,examples; limits; reflection; next step,one normalized query cluster → one primary canonical owner per locale,/zh/tests/big-five-personality-test-ocean-model,existing_backend_authoritative_only,VERIFIED_M01_OBSERVED,M01 top-row aggregate; NOT_RETURNED is not zero; route locale is not GSC language; page-level indexing unavailable,1,0,1,0,1,0,159,NOT_RETURNED,1,ROUTE_OWNER_WITH_SHARED_QUERY_REVIEW,UNKNOWN_PAGE_LEVEL
big_five,zh-CN,facet_detail,competence,https://fermatmind.com/zh/personality/big-five/facets/competence,competence meaning and observable tendencies,examples; limits; reflection; next step,one normalized query cluster → one primary canonical owner per locale,/zh/tests/big-five-personality-test-ocean-model,existing_backend_authoritative_only,INFERRED_ROUTE_TAXONOMY_M01_NOT_RETURNED,M01 top-row aggregate; NOT_RETURNED is not zero; route locale is not GSC language; page-level indexing unavailable,0,0,0,NOT_RETURNED,NOT_RETURNED,NOT_RETURNED,NOT_RETURNED,NOT_RETURNED,NOT_RETURNED,ROUTE_OWNER_M01_NOT_RETURNED,UNKNOWN_PAGE_LEVEL
big_five,zh-CN,facet_detail,compliance,https://fermatmind.com/zh/personality/big-five/facets/compliance,compliance meaning and observable tendencies,examples; limits; reflection; next step,one normalized query cluster → one primary canonical owner per locale,/zh/tests/big-five-personality-test-ocean-model,existing_backend_authoritative_only,VERIFIED_M01_OBSERVED,M01 top-row aggregate; NOT_RETURNED is not zero; route locale is not GSC language; page-level indexing unavailable,1,0,1,0,2,0,13.5,NOT_RETURNED,2,ROUTE_OWNER_WITH_SHARED_QUERY_REVIEW,UNKNOWN_PAGE_LEVEL
big_five,zh-CN,facet_detail,deliberation,https://fermatmind.com/zh/personality/big-five/facets/deliberation,deliberation meaning and observable tendencies,examples; limits; reflection; next step,one normalized query cluster → one primary canonical owner per locale,/zh/tests/big-five-personality-test-ocean-model,existing_backend_authoritative_only,INFERRED_ROUTE_TAXONOMY_M01_NOT_RETURNED,M01 top-row aggregate; NOT_RETURNED is not zero; route locale is not GSC language; page-level indexing unavailable,0,0,0,NOT_RETURNED,NOT_RETURNED,NOT_RETURNED,NOT_RETURNED,NOT_RETURNED,NOT_RETURNED,ROUTE_OWNER_M01_NOT_RETURNED,UNKNOWN_PAGE_LEVEL
big_five,zh-CN,facet_detail,depression,https://fermatmind.com/zh/personality/big-five/facets/depression,depression meaning and observable tendencies,examples; limits; reflection; next step,one normalized query cluster → one primary canonical owner per locale,/zh/tests/big-five-personality-test-ocean-model,existing_backend_authoritative_only,VERIFIED_M01_OBSERVED,M01 top-row aggregate; NOT_RETURNED is not zero; route locale is not GSC language; page-level indexing unavailable,1,0,1,0,1,0,129,NOT_RETURNED,1,ROUTE_OWNER_WITH_SHARED_QUERY_REVIEW,UNKNOWN_PAGE_LEVEL
big_five,zh-CN,facet_detail,dutifulness,https://fermatmind.com/zh/personality/big-five/facets/dutifulness,dutifulness meaning and observable tendencies,examples; limits; reflection; next step,one normalized query cluster → one primary canonical owner per locale,/zh/tests/big-five-personality-test-ocean-model,existing_backend_authoritative_only,VERIFIED_M01_OBSERVED,M01 top-row aggregate; NOT_RETURNED is not zero; route locale is not GSC language; page-level indexing unavailable,2,1,1,0,2,0,83.5,NOT_RETURNED,2,ROUTE_OWNER_WITH_SHARED_QUERY_REVIEW,UNKNOWN_PAGE_LEVEL
big_five,zh-CN,facet_detail,excitement-seeking,https://fermatmind.com/zh/personality/big-five/facets/excitement-seeking,excitement seeking meaning and observable tendencies,examples; limits; reflection; next step,one normalized query cluster → one primary canonical owner per locale,/zh/tests/big-five-personality-test-ocean-model,existing_backend_authoritative_only,INFERRED_ROUTE_TAXONOMY_M01_NOT_RETURNED,M01 top-row aggregate; NOT_RETURNED is not zero; route locale is not GSC language; page-level indexing unavailable,0,0,0,NOT_RETURNED,NOT_RETURNED,NOT_RETURNED,NOT_RETURNED,NOT_RETURNED,NOT_RETURNED,ROUTE_OWNER_M01_NOT_RETURNED,UNKNOWN_PAGE_LEVEL
big_five,zh-CN,facet_detail,feelings,https://fermatmind.com/zh/personality/big-five/facets/feelings,feelings meaning and observable tendencies,examples; limits; reflection; next step,one normalized query cluster → one primary canonical owner per locale,/zh/tests/big-five-personality-test-ocean-model,existing_backend_authoritative_only,VERIFIED_M01_OBSERVED,M01 top-row aggregate; NOT_RETURNED is not zero; route locale is not GSC language; page-level indexing unavailable,2,1,1,0,6,0,28.833333,NOT_RETURNED,6,ROUTE_OWNER_WITH_SHARED_QUERY_REVIEW,UNKNOWN_PAGE_LEVEL
big_five,zh-CN,facet_detail,gregariousness,https://fermatmind.com/zh/personality/big-five/facets/gregariousness,gregariousness meaning and observable tendencies,examples; limits; reflection; next step,one normalized query cluster → one primary canonical owner per locale,/zh/tests/big-five-personality-test-ocean-model,existing_backend_authoritative_only,VERIFIED_M01_OBSERVED,M01 top-row aggregate; NOT_RETURNED is not zero; route locale is not GSC language; page-level indexing unavailable,1,0,1,0,1,0,136,NOT_RETURNED,1,ROUTE_OWNER_WITH_SHARED_QUERY_REVIEW,UNKNOWN_PAGE_LEVEL
big_five,zh-CN,facet_detail,ideas,https://fermatmind.com/zh/personality/big-five/facets/ideas,ideas meaning and observable tendencies,examples; limits; reflection; next step,one normalized query cluster → one primary canonical owner per locale,/zh/tests/big-five-personality-test-ocean-model,existing_backend_authoritative_only,VERIFIED_M01_OBSERVED,M01 top-row aggregate; NOT_RETURNED is not zero; route locale is not GSC language; page-level indexing unavailable,1,0,1,0,1,0,121,NOT_RETURNED,1,ROUTE_OWNER_WITH_SHARED_QUERY_REVIEW,UNKNOWN_PAGE_LEVEL
big_five,zh-CN,facet_detail,imagination,https://fermatmind.com/zh/personality/big-five/facets/imagination,imagination meaning and observable tendencies,examples; limits; reflection; next step,one normalized query cluster → one primary canonical owner per locale,/zh/tests/big-five-personality-test-ocean-model,existing_backend_authoritative_only,INFERRED_ROUTE_TAXONOMY_M01_NOT_RETURNED,M01 top-row aggregate; NOT_RETURNED is not zero; route locale is not GSC language; page-level indexing unavailable,0,0,0,NOT_RETURNED,NOT_RETURNED,NOT_RETURNED,NOT_RETURNED,NOT_RETURNED,NOT_RETURNED,ROUTE_OWNER_M01_NOT_RETURNED,UNKNOWN_PAGE_LEVEL
big_five,zh-CN,facet_detail,impulsiveness,https://fermatmind.com/zh/personality/big-five/facets/impulsiveness,impulsiveness meaning and observable tendencies,examples; limits; reflection; next step,one normalized query cluster → one primary canonical owner per locale,/zh/tests/big-five-personality-test-ocean-model,existing_backend_authoritative_only,VERIFIED_M01_OBSERVED,M01 top-row aggregate; NOT_RETURNED is not zero; route locale is not GSC language; page-level indexing unavailable,1,0,1,0,1,0,16,NOT_RETURNED,1,ROUTE_OWNER_WITH_SHARED_QUERY_REVIEW,UNKNOWN_PAGE_LEVEL
big_five,zh-CN,facet_detail,modesty,https://fermatmind.com/zh/personality/big-five/facets/modesty,modesty meaning and observable tendencies,examples; limits; reflection; next step,one normalized query cluster → one primary canonical owner per locale,/zh/tests/big-five-personality-test-ocean-model,existing_backend_authoritative_only,VERIFIED_M01_OBSERVED,M01 top-row aggregate; NOT_RETURNED is not zero; route locale is not GSC language; page-level indexing unavailable,2,1,1,0,5,0,35,NOT_RETURNED,5,ROUTE_OWNER_WITH_SHARED_QUERY_REVIEW,UNKNOWN_PAGE_LEVEL
big_five,zh-CN,facet_detail,order,https://fermatmind.com/zh/personality/big-five/facets/order,order meaning and observable tendencies,examples; limits; reflection; next step,one normalized query cluster → one primary canonical owner per locale,/zh/tests/big-five-personality-test-ocean-model,existing_backend_authoritative_only,INFERRED_ROUTE_TAXONOMY_M01_NOT_RETURNED,M01 top-row aggregate; NOT_RETURNED is not zero; route locale is not GSC language; page-level indexing unavailable,0,0,0,NOT_RETURNED,NOT_RETURNED,NOT_RETURNED,NOT_RETURNED,NOT_RETURNED,NOT_RETURNED,ROUTE_OWNER_M01_NOT_RETURNED,UNKNOWN_PAGE_LEVEL
big_five,zh-CN,facet_detail,positive-emotions,https://fermatmind.com/zh/personality/big-five/facets/positive-emotions,positive emotions meaning and observable tendencies,examples; limits; reflection; next step,one normalized query cluster → one primary canonical owner per locale,/zh/tests/big-five-personality-test-ocean-model,existing_backend_authoritative_only,INFERRED_ROUTE_TAXONOMY_M01_NOT_RETURNED,M01 top-row aggregate; NOT_RETURNED is not zero; route locale is not GSC language; page-level indexing unavailable,0,0,0,NOT_RETURNED,NOT_RETURNED,NOT_RETURNED,NOT_RETURNED,NOT_RETURNED,NOT_RETURNED,ROUTE_OWNER_M01_NOT_RETURNED,UNKNOWN_PAGE_LEVEL
big_five,zh-CN,facet_detail,self-consciousness,https://fermatmind.com/zh/personality/big-five/facets/self-consciousness,self consciousness meaning and observable tendencies,examples; limits; reflection; next step,one normalized query cluster → one primary canonical owner per locale,/zh/tests/big-five-personality-test-ocean-model,existing_backend_authoritative_only,VERIFIED_M01_OBSERVED,M01 top-row aggregate; NOT_RETURNED is not zero; route locale is not GSC language; page-level indexing unavailable,1,1,0,0,1,0,6,NOT_RETURNED,1,PRIMARY_OWNER_OBSERVED,UNKNOWN_PAGE_LEVEL
big_five,zh-CN,facet_detail,self-discipline,https://fermatmind.com/zh/personality/big-five/facets/self-discipline,self discipline meaning and observable tendencies,examples; limits; reflection; next step,one normalized query cluster → one primary canonical owner per locale,/zh/tests/big-five-personality-test-ocean-model,existing_backend_authoritative_only,INFERRED_ROUTE_TAXONOMY_M01_NOT_RETURNED,M01 top-row aggregate; NOT_RETURNED is not zero; route locale is not GSC language; page-level indexing unavailable,0,0,0,NOT_RETURNED,NOT_RETURNED,NOT_RETURNED,NOT_RETURNED,NOT_RETURNED,NOT_RETURNED,ROUTE_OWNER_M01_NOT_RETURNED,UNKNOWN_PAGE_LEVEL
big_five,zh-CN,facet_detail,straightforwardness,https://fermatmind.com/zh/personality/big-five/facets/straightforwardness,straightforwardness meaning and observable tendencies,examples; limits; reflection; next step,one normalized query cluster → one primary canonical owner per locale,/zh/tests/big-five-personality-test-ocean-model,existing_backend_authoritative_only,VERIFIED_M01_OBSERVED,M01 top-row aggregate; NOT_RETURNED is not zero; route locale is not GSC language; page-level indexing unavailable,2,1,1,0,35,0,13.114286,NOT_RETURNED,35,ROUTE_OWNER_WITH_SHARED_QUERY_REVIEW,UNKNOWN_PAGE_LEVEL
big_five,zh-CN,facet_detail,tender-mindedness,https://fermatmind.com/zh/personality/big-five/facets/tender-mindedness,tender mindedness meaning and observable tendencies,examples; limits; reflection; next step,one normalized query cluster → one primary canonical owner per locale,/zh/tests/big-five-personality-test-ocean-model,existing_backend_authoritative_only,INFERRED_ROUTE_TAXONOMY_M01_NOT_RETURNED,M01 top-row aggregate; NOT_RETURNED is not zero; route locale is not GSC language; page-level indexing unavailable,0,0,0,NOT_RETURNED,NOT_RETURNED,NOT_RETURNED,NOT_RETURNED,NOT_RETURNED,NOT_RETURNED,ROUTE_OWNER_M01_NOT_RETURNED,UNKNOWN_PAGE_LEVEL
big_five,zh-CN,facet_detail,trust,https://fermatmind.com/zh/personality/big-five/facets/trust,trust meaning and observable tendencies,examples; limits; reflection; next step,one normalized query cluster → one primary canonical owner per locale,/zh/tests/big-five-personality-test-ocean-model,existing_backend_authoritative_only,INFERRED_ROUTE_TAXONOMY_M01_NOT_RETURNED,M01 top-row aggregate; NOT_RETURNED is not zero; route locale is not GSC language; page-level indexing unavailable,0,0,0,NOT_RETURNED,NOT_RETURNED,NOT_RETURNED,NOT_RETURNED,NOT_RETURNED,NOT_RETURNED,ROUTE_OWNER_M01_NOT_RETURNED,UNKNOWN_PAGE_LEVEL
big_five,zh-CN,facet_detail,values,https://fermatmind.com/zh/personality/big-five/facets/values,values meaning and observable tendencies,examples; limits; reflection; next step,one normalized query cluster → one primary canonical owner per locale,/zh/tests/big-five-personality-test-ocean-model,existing_backend_authoritative_only,VERIFIED_M01_OBSERVED,M01 top-row aggregate; NOT_RETURNED is not zero; route locale is not GSC language; page-level indexing unavailable,1,0,1,0,1,0,145,NOT_RETURNED,1,ROUTE_OWNER_WITH_SHARED_QUERY_REVIEW,UNKNOWN_PAGE_LEVEL
big_five,zh-CN,facet_detail,vulnerability,https://fermatmind.com/zh/personality/big-five/facets/vulnerability,vulnerability meaning and observable tendencies,examples; limits; reflection; next step,one normalized query cluster → one primary canonical owner per locale,/zh/tests/big-five-personality-test-ocean-model,existing_backend_authoritative_only,VERIFIED_M01_OBSERVED,M01 top-row aggregate; NOT_RETURNED is not zero; route locale is not GSC language; page-level indexing unavailable,1,1,0,0,1,0,22,NOT_RETURNED,1,PRIMARY_OWNER_OBSERVED,UNKNOWN_PAGE_LEVEL
big_five,zh-CN,facet_detail,warmth,https://fermatmind.com/zh/personality/big-five/facets/warmth,warmth meaning and observable tendencies,examples; limits; reflection; next step,one normalized query cluster → one primary canonical owner per locale,/zh/tests/big-five-personality-test-ocean-model,existing_backend_authoritative_only,VERIFIED_M01_OBSERVED,M01 top-row aggregate; NOT_RETURNED is not zero; route locale is not GSC language; page-level indexing unavailable,1,0,1,0,1,0,126,NOT_RETURNED,1,ROUTE_OWNER_WITH_SHARED_QUERY_REVIEW,UNKNOWN_PAGE_LEVEL
big_five,zh-CN,domain,neuroticism,https://fermatmind.com/zh/personality/big-five/neuroticism,neuroticism meaning and observable tendencies,examples; limits; reflection; next step,one normalized query cluster → one primary canonical owner per locale,/zh/tests/big-five-personality-test-ocean-model,existing_backend_authoritative_only,VERIFIED_M01_OBSERVED,M01 top-row aggregate; NOT_RETURNED is not zero; route locale is not GSC language; page-level indexing unavailable,7,6,1,0,29,0,13.137931,NOT_RETURNED,29,ROUTE_OWNER_WITH_SHARED_QUERY_REVIEW,UNKNOWN_PAGE_LEVEL
big_five,zh-CN,polarity,neuroticism-high,https://fermatmind.com/zh/personality/big-five/neuroticism-high,neuroticism high meaning and observable tendencies,examples; limits; reflection; next step,one normalized query cluster → one primary canonical owner per locale,/zh/tests/big-five-personality-test-ocean-model,existing_backend_authoritative_only,INFERRED_ROUTE_TAXONOMY_M01_NOT_RETURNED,M01 top-row aggregate; NOT_RETURNED is not zero; route locale is not GSC language; page-level indexing unavailable,0,0,0,NOT_RETURNED,NOT_RETURNED,NOT_RETURNED,NOT_RETURNED,NOT_RETURNED,NOT_RETURNED,ROUTE_OWNER_M01_NOT_RETURNED,UNKNOWN_PAGE_LEVEL
big_five,zh-CN,polarity,neuroticism-low,https://fermatmind.com/zh/personality/big-five/neuroticism-low,neuroticism low meaning and observable tendencies,examples; limits; reflection; next step,one normalized query cluster → one primary canonical owner per locale,/zh/tests/big-five-personality-test-ocean-model,existing_backend_authoritative_only,INFERRED_ROUTE_TAXONOMY_M01_NOT_RETURNED,M01 top-row aggregate; NOT_RETURNED is not zero; route locale is not GSC language; page-level indexing unavailable,0,0,0,NOT_RETURNED,NOT_RETURNED,NOT_RETURNED,NOT_RETURNED,NOT_RETURNED,NOT_RETURNED,ROUTE_OWNER_M01_NOT_RETURNED,UNKNOWN_PAGE_LEVEL
big_five,zh-CN,polarity,neuroticism-mid,https://fermatmind.com/zh/personality/big-five/neuroticism-mid,neuroticism mid meaning and observable tendencies,examples; limits; reflection; next step,one normalized query cluster → one primary canonical owner per locale,/zh/tests/big-five-personality-test-ocean-model,existing_backend_authoritative_only,VERIFIED_M01_OBSERVED,M01 top-row aggregate; NOT_RETURNED is not zero; route locale is not GSC language; page-level indexing unavailable,1,0,1,0,1,0,28,NOT_RETURNED,1,ROUTE_OWNER_WITH_SHARED_QUERY_REVIEW,UNKNOWN_PAGE_LEVEL
big_five,zh-CN,domain,openness,https://fermatmind.com/zh/personality/big-five/openness,openness meaning and observable tendencies,examples; limits; reflection; next step,one normalized query cluster → one primary canonical owner per locale,/zh/tests/big-five-personality-test-ocean-model,existing_backend_authoritative_only,INFERRED_ROUTE_TAXONOMY_M01_NOT_RETURNED,M01 top-row aggregate; NOT_RETURNED is not zero; route locale is not GSC language; page-level indexing unavailable,0,0,0,NOT_RETURNED,NOT_RETURNED,NOT_RETURNED,NOT_RETURNED,NOT_RETURNED,NOT_RETURNED,ROUTE_OWNER_M01_NOT_RETURNED,UNKNOWN_PAGE_LEVEL
big_five,zh-CN,polarity,openness-high,https://fermatmind.com/zh/personality/big-five/openness-high,openness high meaning and observable tendencies,examples; limits; reflection; next step,one normalized query cluster → one primary canonical owner per locale,/zh/tests/big-five-personality-test-ocean-model,existing_backend_authoritative_only,VERIFIED_M01_OBSERVED,M01 top-row aggregate; NOT_RETURNED is not zero; route locale is not GSC language; page-level indexing unavailable,4,3,1,0,5,0,16.2,NOT_RETURNED,5,ROUTE_OWNER_WITH_SHARED_QUERY_REVIEW,UNKNOWN_PAGE_LEVEL
big_five,zh-CN,polarity,openness-low,https://fermatmind.com/zh/personality/big-five/openness-low,openness low meaning and observable tendencies,examples; limits; reflection; next step,one normalized query cluster → one primary canonical owner per locale,/zh/tests/big-five-personality-test-ocean-model,existing_backend_authoritative_only,VERIFIED_M01_OBSERVED,M01 top-row aggregate; NOT_RETURNED is not zero; route locale is not GSC language; page-level indexing unavailable,1,0,1,0,6,0,9.833333,1,7,ROUTE_OWNER_WITH_SHARED_QUERY_REVIEW,UNKNOWN_PAGE_LEVEL
big_five,zh-CN,polarity,openness-mid,https://fermatmind.com/zh/personality/big-five/openness-mid,openness mid meaning and observable tendencies,examples; limits; reflection; next step,one normalized query cluster → one primary canonical owner per locale,/zh/tests/big-five-personality-test-ocean-model,existing_backend_authoritative_only,INFERRED_ROUTE_TAXONOMY_M01_NOT_RETURNED,M01 top-row aggregate; NOT_RETURNED is not zero; route locale is not GSC language; page-level indexing unavailable,0,0,0,NOT_RETURNED,NOT_RETURNED,NOT_RETURNED,NOT_RETURNED,1,1,ROUTE_OWNER_M01_NOT_RETURNED,UNKNOWN_PAGE_LEVEL
mbti,zh-CN,base_type,ENFJ,https://fermatmind.com/zh/personality/enfj,enfj meaning; enfj personality; enfj traits,examples; limits; reflection; next step,one normalized query cluster → one primary canonical owner per locale,/zh/tests/mbti-personality-test-16-personality-types,existing_backend_authoritative_only,INFERRED_ROUTE_TAXONOMY_M01_NOT_RETURNED,M01 top-row aggregate; NOT_RETURNED is not zero; route locale is not GSC language; page-level indexing unavailable,0,0,0,NOT_RETURNED,NOT_RETURNED,NOT_RETURNED,NOT_RETURNED,NOT_RETURNED,NOT_RETURNED,ROUTE_OWNER_M01_NOT_RETURNED,UNKNOWN_PAGE_LEVEL
mbti,zh-CN,variant,ENFJ-A,https://fermatmind.com/zh/personality/enfj-a,enfj-a meaning; enfj-a traits; enfj-a work/stress,examples; limits; reflection; next step,one normalized query cluster → one primary canonical owner per locale,/zh/tests/mbti-personality-test-16-personality-types,existing_backend_authoritative_only,INFERRED_ROUTE_TAXONOMY_M01_NOT_RETURNED,M01 top-row aggregate; NOT_RETURNED is not zero; route locale is not GSC language; page-level indexing unavailable,0,0,0,NOT_RETURNED,NOT_RETURNED,NOT_RETURNED,NOT_RETURNED,NOT_RETURNED,NOT_RETURNED,ROUTE_OWNER_M01_NOT_RETURNED,UNKNOWN_PAGE_LEVEL
mbti,zh-CN,at_comparison,enfj-a-vs-enfj-t,https://fermatmind.com/zh/personality/enfj-a-vs-enfj-t,enfj a vs enfj t difference; enfj-a vs enfj-t,examples; limits; reflection; next step,one normalized query cluster → one primary canonical owner per locale,/zh/tests/mbti-personality-test-16-personality-types,existing_backend_authoritative_only,VERIFIED_M01_OBSERVED,M01 top-row aggregate; NOT_RETURNED is not zero; route locale is not GSC language; page-level indexing unavailable,18,18,0,1,45,2.222222,4.822222,20,65,PRIMARY_OWNER_OBSERVED,UNKNOWN_PAGE_LEVEL
mbti,zh-CN,variant,ENFJ-T,https://fermatmind.com/zh/personality/enfj-t,enfj-t meaning; enfj-t traits; enfj-t work/stress,examples; limits; reflection; next step,one normalized query cluster → one primary canonical owner per locale,/zh/tests/mbti-personality-test-16-personality-types,existing_backend_authoritative_only,INFERRED_ROUTE_TAXONOMY_M01_NOT_RETURNED,M01 top-row aggregate; NOT_RETURNED is not zero; route locale is not GSC language; page-level indexing unavailable,0,0,0,NOT_RETURNED,NOT_RETURNED,NOT_RETURNED,NOT_RETURNED,NOT_RETURNED,NOT_RETURNED,ROUTE_OWNER_M01_NOT_RETURNED,UNKNOWN_PAGE_LEVEL
mbti,zh-CN,base_type,ENFP,https://fermatmind.com/zh/personality/enfp,enfp meaning; enfp personality; enfp traits,examples; limits; reflection; next step,one normalized query cluster → one primary canonical owner per locale,/zh/tests/mbti-personality-test-16-personality-types,existing_backend_authoritative_only,INFERRED_ROUTE_TAXONOMY_M01_NOT_RETURNED,M01 top-row aggregate; NOT_RETURNED is not zero; route locale is not GSC language; page-level indexing unavailable,0,0,0,NOT_RETURNED,NOT_RETURNED,NOT_RETURNED,NOT_RETURNED,NOT_RETURNED,NOT_RETURNED,ROUTE_OWNER_M01_NOT_RETURNED,UNKNOWN_PAGE_LEVEL
mbti,zh-CN,variant,ENFP-A,https://fermatmind.com/zh/personality/enfp-a,enfp-a meaning; enfp-a traits; enfp-a work/stress,examples; limits; reflection; next step,one normalized query cluster → one primary canonical owner per locale,/zh/tests/mbti-personality-test-16-personality-types,existing_backend_authoritative_only,INFERRED_ROUTE_TAXONOMY_M01_NOT_RETURNED,M01 top-row aggregate; NOT_RETURNED is not zero; route locale is not GSC language; page-level indexing unavailable,0,0,0,NOT_RETURNED,NOT_RETURNED,NOT_RETURNED,NOT_RETURNED,2,6,ROUTE_OWNER_M01_NOT_RETURNED,UNKNOWN_PAGE_LEVEL
mbti,zh-CN,at_comparison,enfp-a-vs-enfp-t,https://fermatmind.com/zh/personality/enfp-a-vs-enfp-t,enfp a vs enfp t difference; enfp-a vs enfp-t,examples; limits; reflection; next step,one normalized query cluster → one primary canonical owner per locale,/zh/tests/mbti-personality-test-16-personality-types,existing_backend_authoritative_only,INFERRED_ROUTE_TAXONOMY_M01_NOT_RETURNED,M01 top-row aggregate; NOT_RETURNED is not zero; route locale is not GSC language; page-level indexing unavailable,0,0,0,NOT_RETURNED,NOT_RETURNED,NOT_RETURNED,NOT_RETURNED,NOT_RETURNED,NOT_RETURNED,ROUTE_OWNER_M01_NOT_RETURNED,UNKNOWN_PAGE_LEVEL
mbti,zh-CN,variant,ENFP-T,https://fermatmind.com/zh/personality/enfp-t,enfp-t meaning; enfp-t traits; enfp-t work/stress,examples; limits; reflection; next step,one normalized query cluster → one primary canonical owner per locale,/zh/tests/mbti-personality-test-16-personality-types,existing_backend_authoritative_only,INFERRED_ROUTE_TAXONOMY_M01_NOT_RETURNED,M01 top-row aggregate; NOT_RETURNED is not zero; route locale is not GSC language; page-level indexing unavailable,0,0,0,NOT_RETURNED,NOT_RETURNED,NOT_RETURNED,NOT_RETURNED,NOT_RETURNED,NOT_RETURNED,ROUTE_OWNER_M01_NOT_RETURNED,UNKNOWN_PAGE_LEVEL
mbti,zh-CN,cross_type_comparison,enfp-vs-entp,https://fermatmind.com/zh/personality/enfp-vs-entp,enfp vs entp difference; enfp vs entp,examples; limits; reflection; next step,one normalized query cluster → one primary canonical owner per locale,/zh/tests/mbti-personality-test-16-personality-types,existing_backend_authoritative_only,INFERRED_ROUTE_TAXONOMY_M01_NOT_RETURNED,M01 top-row aggregate; NOT_RETURNED is not zero; route locale is not GSC language; page-level indexing unavailable,0,0,0,NOT_RETURNED,NOT_RETURNED,NOT_RETURNED,NOT_RETURNED,NOT_RETURNED,NOT_RETURNED,ROUTE_OWNER_M01_NOT_RETURNED,UNKNOWN_PAGE_LEVEL
enneagram,zh-CN,hub,enneagram,https://fermatmind.com/zh/personality/enneagram,Enneagram overview,framework navigation and next step,one normalized query cluster → one primary canonical owner per locale,/zh/tests/enneagram-personality-test-nine-types,existing_backend_authoritative_only,INFERRED_ROUTE_TAXONOMY_M01_NOT_RETURNED,M01 top-row aggregate; NOT_RETURNED is not zero; route locale is not GSC language; page-level indexing unavailable,0,0,0,NOT_RETURNED,NOT_RETURNED,NOT_RETURNED,NOT_RETURNED,NOT_RETURNED,NOT_RETURNED,ROUTE_OWNER_M01_NOT_RETURNED,UNKNOWN_PAGE_LEVEL
enneagram,zh-CN,center,gut,https://fermatmind.com/zh/personality/enneagram/centers/gut,gut meaning and boundaries,examples; limits; reflection; next step,one normalized query cluster → one primary canonical owner per locale,/zh/tests/enneagram-personality-test-nine-types,existing_backend_authoritative_only,INFERRED_ROUTE_TAXONOMY_M01_NOT_RETURNED,M01 top-row aggregate; NOT_RETURNED is not zero; route locale is not GSC language; page-level indexing unavailable,0,0,0,NOT_RETURNED,NOT_RETURNED,NOT_RETURNED,NOT_RETURNED,NOT_RETURNED,NOT_RETURNED,ROUTE_OWNER_M01_NOT_RETURNED,UNKNOWN_PAGE_LEVEL
enneagram,zh-CN,center,head,https://fermatmind.com/zh/personality/enneagram/centers/head,head meaning and boundaries,examples; limits; reflection; next step,one normalized query cluster → one primary canonical owner per locale,/zh/tests/enneagram-personality-test-nine-types,existing_backend_authoritative_only,INFERRED_ROUTE_TAXONOMY_M01_NOT_RETURNED,M01 top-row aggregate; NOT_RETURNED is not zero; route locale is not GSC language; page-level indexing unavailable,0,0,0,NOT_RETURNED,NOT_RETURNED,NOT_RETURNED,NOT_RETURNED,NOT_RETURNED,NOT_RETURNED,ROUTE_OWNER_M01_NOT_RETURNED,UNKNOWN_PAGE_LEVEL
enneagram,zh-CN,center,heart,https://fermatmind.com/zh/personality/enneagram/centers/heart,heart meaning and boundaries,examples; limits; reflection; next step,one normalized query cluster → one primary canonical owner per locale,/zh/tests/enneagram-personality-test-nine-types,existing_backend_authoritative_only,INFERRED_ROUTE_TAXONOMY_M01_NOT_RETURNED,M01 top-row aggregate; NOT_RETURNED is not zero; route locale is not GSC language; page-level indexing unavailable,0,0,0,NOT_RETURNED,NOT_RETURNED,NOT_RETURNED,NOT_RETURNED,NOT_RETURNED,NOT_RETURNED,ROUTE_OWNER_M01_NOT_RETURNED,UNKNOWN_PAGE_LEVEL
enneagram,zh-CN,core_type,type-1,https://fermatmind.com/zh/personality/enneagram/type-1,type 1 meaning and boundaries,examples; limits; reflection; next step,one normalized query cluster → one primary canonical owner per locale,/zh/tests/enneagram-personality-test-nine-types,existing_backend_authoritative_only,INFERRED_ROUTE_TAXONOMY_M01_NOT_RETURNED,M01 top-row aggregate; NOT_RETURNED is not zero; route locale is not GSC language; page-level indexing unavailable,0,0,0,NOT_RETURNED,NOT_RETURNED,NOT_RETURNED,NOT_RETURNED,NOT_RETURNED,NOT_RETURNED,ROUTE_OWNER_M01_NOT_RETURNED,UNKNOWN_PAGE_LEVEL
enneagram,zh-CN,instinctual_subtype,type-1/one-to-one,https://fermatmind.com/zh/personality/enneagram/type-1/instincts/one-to-one,type 1/one to one meaning and boundaries,examples; limits; reflection; next step,one normalized query cluster → one primary canonical owner per locale,/zh/tests/enneagram-personality-test-nine-types,existing_backend_authoritative_only,INFERRED_ROUTE_TAXONOMY_M01_NOT_RETURNED,M01 top-row aggregate; NOT_RETURNED is not zero; route locale is not GSC language; page-level indexing unavailable,0,0,0,NOT_RETURNED,NOT_RETURNED,NOT_RETURNED,NOT_RETURNED,NOT_RETURNED,NOT_RETURNED,ROUTE_OWNER_M01_NOT_RETURNED,UNKNOWN_PAGE_LEVEL
enneagram,zh-CN,instinctual_subtype,type-1/self-preservation,https://fermatmind.com/zh/personality/enneagram/type-1/instincts/self-preservation,type 1/self preservation meaning and boundaries,examples; limits; reflection; next step,one normalized query cluster → one primary canonical owner per locale,/zh/tests/enneagram-personality-test-nine-types,existing_backend_authoritative_only,INFERRED_ROUTE_TAXONOMY_M01_NOT_RETURNED,M01 top-row aggregate; NOT_RETURNED is not zero; route locale is not GSC language; page-level indexing unavailable,0,0,0,NOT_RETURNED,NOT_RETURNED,NOT_RETURNED,NOT_RETURNED,NOT_RETURNED,NOT_RETURNED,ROUTE_OWNER_M01_NOT_RETURNED,UNKNOWN_PAGE_LEVEL
enneagram,zh-CN,instinctual_subtype,type-1/social,https://fermatmind.com/zh/personality/enneagram/type-1/instincts/social,type 1/social meaning and boundaries,examples; limits; reflection; next step,one normalized query cluster → one primary canonical owner per locale,/zh/tests/enneagram-personality-test-nine-types,existing_backend_authoritative_only,INFERRED_ROUTE_TAXONOMY_M01_NOT_RETURNED,M01 top-row aggregate; NOT_RETURNED is not zero; route locale is not GSC language; page-level indexing unavailable,0,0,0,NOT_RETURNED,NOT_RETURNED,NOT_RETURNED,NOT_RETURNED,NOT_RETURNED,NOT_RETURNED,ROUTE_OWNER_M01_NOT_RETURNED,UNKNOWN_PAGE_LEVEL
enneagram,zh-CN,core_type,type-2,https://fermatmind.com/zh/personality/enneagram/type-2,type 2 meaning and boundaries,examples; limits; reflection; next step,one normalized query cluster → one primary canonical owner per locale,/zh/tests/enneagram-personality-test-nine-types,existing_backend_authoritative_only,INFERRED_ROUTE_TAXONOMY_M01_NOT_RETURNED,M01 top-row aggregate; NOT_RETURNED is not zero; route locale is not GSC language; page-level indexing unavailable,0,0,0,NOT_RETURNED,NOT_RETURNED,NOT_RETURNED,NOT_RETURNED,NOT_RETURNED,NOT_RETURNED,ROUTE_OWNER_M01_NOT_RETURNED,UNKNOWN_PAGE_LEVEL
enneagram,zh-CN,instinctual_subtype,type-2/one-to-one,https://fermatmind.com/zh/personality/enneagram/type-2/instincts/one-to-one,type 2/one to one meaning and boundaries,examples; limits; reflection; next step,one normalized query cluster → one primary canonical owner per locale,/zh/tests/enneagram-personality-test-nine-types,existing_backend_authoritative_only,INFERRED_ROUTE_TAXONOMY_M01_NOT_RETURNED,M01 top-row aggregate; NOT_RETURNED is not zero; route locale is not GSC language; page-level indexing unavailable,0,0,0,NOT_RETURNED,NOT_RETURNED,NOT_RETURNED,NOT_RETURNED,NOT_RETURNED,NOT_RETURNED,ROUTE_OWNER_M01_NOT_RETURNED,UNKNOWN_PAGE_LEVEL
enneagram,zh-CN,instinctual_subtype,type-2/self-preservation,https://fermatmind.com/zh/personality/enneagram/type-2/instincts/self-preservation,type 2/self preservation meaning and boundaries,examples; limits; reflection; next step,one normalized query cluster → one primary canonical owner per locale,/zh/tests/enneagram-personality-test-nine-types,existing_backend_authoritative_only,INFERRED_ROUTE_TAXONOMY_M01_NOT_RETURNED,M01 top-row aggregate; NOT_RETURNED is not zero; route locale is not GSC language; page-level indexing unavailable,0,0,0,NOT_RETURNED,NOT_RETURNED,NOT_RETURNED,NOT_RETURNED,NOT_RETURNED,NOT_RETURNED,ROUTE_OWNER_M01_NOT_RETURNED,UNKNOWN_PAGE_LEVEL
enneagram,zh-CN,instinctual_subtype,type-2/social,https://fermatmind.com/zh/personality/enneagram/type-2/instincts/social,type 2/social meaning and boundaries,examples; limits; reflection; next step,one normalized query cluster → one primary canonical owner per locale,/zh/tests/enneagram-personality-test-nine-types,existing_backend_authoritative_only,INFERRED_ROUTE_TAXONOMY_M01_NOT_RETURNED,M01 top-row aggregate; NOT_RETURNED is not zero; route locale is not GSC language; page-level indexing unavailable,0,0,0,NOT_RETURNED,NOT_RETURNED,NOT_RETURNED,NOT_RETURNED,NOT_RETURNED,NOT_RETURNED,ROUTE_OWNER_M01_NOT_RETURNED,UNKNOWN_PAGE_LEVEL
enneagram,zh-CN,core_type,type-3,https://fermatmind.com/zh/personality/enneagram/type-3,type 3 meaning and boundaries,examples; limits; reflection; next step,one normalized query cluster → one primary canonical owner per locale,/zh/tests/enneagram-personality-test-nine-types,existing_backend_authoritative_only,VERIFIED_M01_OBSERVED,M01 top-row aggregate; NOT_RETURNED is not zero; route locale is not GSC language; page-level indexing unavailable,2,1,1,0,2,0,58,NOT_RETURNED,2,ROUTE_OWNER_WITH_SHARED_QUERY_REVIEW,UNKNOWN_PAGE_LEVEL
enneagram,zh-CN,instinctual_subtype,type-3/one-to-one,https://fermatmind.com/zh/personality/enneagram/type-3/instincts/one-to-one,type 3/one to one meaning and boundaries,examples; limits; reflection; next step,one normalized query cluster → one primary canonical owner per locale,/zh/tests/enneagram-personality-test-nine-types,existing_backend_authoritative_only,INFERRED_ROUTE_TAXONOMY_M01_NOT_RETURNED,M01 top-row aggregate; NOT_RETURNED is not zero; route locale is not GSC language; page-level indexing unavailable,0,0,0,NOT_RETURNED,NOT_RETURNED,NOT_RETURNED,NOT_RETURNED,NOT_RETURNED,NOT_RETURNED,ROUTE_OWNER_M01_NOT_RETURNED,UNKNOWN_PAGE_LEVEL
enneagram,zh-CN,instinctual_subtype,type-3/self-preservation,https://fermatmind.com/zh/personality/enneagram/type-3/instincts/self-preservation,type 3/self preservation meaning and boundaries,examples; limits; reflection; next step,one normalized query cluster → one primary canonical owner per locale,/zh/tests/enneagram-personality-test-nine-types,existing_backend_authoritative_only,INFERRED_ROUTE_TAXONOMY_M01_NOT_RETURNED,M01 top-row aggregate; NOT_RETURNED is not zero; route locale is not GSC language; page-level indexing unavailable,0,0,0,NOT_RETURNED,NOT_RETURNED,NOT_RETURNED,NOT_RETURNED,NOT_RETURNED,NOT_RETURNED,ROUTE_OWNER_M01_NOT_RETURNED,UNKNOWN_PAGE_LEVEL
enneagram,zh-CN,instinctual_subtype,type-3/social,https://fermatmind.com/zh/personality/enneagram/type-3/instincts/social,type 3/social meaning and boundaries,examples; limits; reflection; next step,one normalized query cluster → one primary canonical owner per locale,/zh/tests/enneagram-personality-test-nine-types,existing_backend_authoritative_only,INFERRED_ROUTE_TAXONOMY_M01_NOT_RETURNED,M01 top-row aggregate; NOT_RETURNED is not zero; route locale is not GSC language; page-level indexing unavailable,0,0,0,NOT_RETURNED,NOT_RETURNED,NOT_RETURNED,NOT_RETURNED,NOT_RETURNED,NOT_RETURNED,ROUTE_OWNER_M01_NOT_RETURNED,UNKNOWN_PAGE_LEVEL
enneagram,zh-CN,core_type,type-4,https://fermatmind.com/zh/personality/enneagram/type-4,type 4 meaning and boundaries,examples; limits; reflection; next step,one normalized query cluster → one primary canonical owner per locale,/zh/tests/enneagram-personality-test-nine-types,existing_backend_authoritative_only,INFERRED_ROUTE_TAXONOMY_M01_NOT_RETURNED,M01 top-row aggregate; NOT_RETURNED is not zero; route locale is not GSC language; page-level indexing unavailable,0,0,0,NOT_RETURNED,NOT_RETURNED,NOT_RETURNED,NOT_RETURNED,NOT_RETURNED,NOT_RETURNED,ROUTE_OWNER_M01_NOT_RETURNED,UNKNOWN_PAGE_LEVEL
enneagram,zh-CN,instinctual_subtype,type-4/one-to-one,https://fermatmind.com/zh/personality/enneagram/type-4/instincts/one-to-one,type 4/one to one meaning and boundaries,examples; limits; reflection; next step,one normalized query cluster → one primary canonical owner per locale,/zh/tests/enneagram-personality-test-nine-types,existing_backend_authoritative_only,INFERRED_ROUTE_TAXONOMY_M01_NOT_RETURNED,M01 top-row aggregate; NOT_RETURNED is not zero; route locale is not GSC language; page-level indexing unavailable,0,0,0,NOT_RETURNED,NOT_RETURNED,NOT_RETURNED,NOT_RETURNED,NOT_RETURNED,NOT_RETURNED,ROUTE_OWNER_M01_NOT_RETURNED,UNKNOWN_PAGE_LEVEL
enneagram,zh-CN,instinctual_subtype,type-4/self-preservation,https://fermatmind.com/zh/personality/enneagram/type-4/instincts/self-preservation,type 4/self preservation meaning and boundaries,examples; limits; reflection; next step,one normalized query cluster → one primary canonical owner per locale,/zh/tests/enneagram-personality-test-nine-types,existing_backend_authoritative_only,INFERRED_ROUTE_TAXONOMY_M01_NOT_RETURNED,M01 top-row aggregate; NOT_RETURNED is not zero; route locale is not GSC language; page-level indexing unavailable,0,0,0,NOT_RETURNED,NOT_RETURNED,NOT_RETURNED,NOT_RETURNED,NOT_RETURNED,NOT_RETURNED,ROUTE_OWNER_M01_NOT_RETURNED,UNKNOWN_PAGE_LEVEL
enneagram,zh-CN,instinctual_subtype,type-4/social,https://fermatmind.com/zh/personality/enneagram/type-4/instincts/social,type 4/social meaning and boundaries,examples; limits; reflection; next step,one normalized query cluster → one primary canonical owner per locale,/zh/tests/enneagram-personality-test-nine-types,existing_backend_authoritative_only,INFERRED_ROUTE_TAXONOMY_M01_NOT_RETURNED,M01 top-row aggregate; NOT_RETURNED is not zero; route locale is not GSC language; page-level indexing unavailable,0,0,0,NOT_RETURNED,NOT_RETURNED,NOT_RETURNED,NOT_RETURNED,NOT_RETURNED,NOT_RETURNED,ROUTE_OWNER_M01_NOT_RETURNED,UNKNOWN_PAGE_LEVEL
enneagram,zh-CN,core_type,type-5,https://fermatmind.com/zh/personality/enneagram/type-5,type 5 meaning and boundaries,examples; limits; reflection; next step,one normalized query cluster → one primary canonical owner per locale,/zh/tests/enneagram-personality-test-nine-types,existing_backend_authoritative_only,INFERRED_ROUTE_TAXONOMY_M01_NOT_RETURNED,M01 top-row aggregate; NOT_RETURNED is not zero; route locale is not GSC language; page-level indexing unavailable,0,0,0,NOT_RETURNED,NOT_RETURNED,NOT_RETURNED,NOT_RETURNED,NOT_RETURNED,NOT_RETURNED,ROUTE_OWNER_M01_NOT_RETURNED,UNKNOWN_PAGE_LEVEL
enneagram,zh-CN,instinctual_subtype,type-5/one-to-one,https://fermatmind.com/zh/personality/enneagram/type-5/instincts/one-to-one,type 5/one to one meaning and boundaries,examples; limits; reflection; next step,one normalized query cluster → one primary canonical owner per locale,/zh/tests/enneagram-personality-test-nine-types,existing_backend_authoritative_only,INFERRED_ROUTE_TAXONOMY_M01_NOT_RETURNED,M01 top-row aggregate; NOT_RETURNED is not zero; route locale is not GSC language; page-level indexing unavailable,0,0,0,NOT_RETURNED,NOT_RETURNED,NOT_RETURNED,NOT_RETURNED,NOT_RETURNED,NOT_RETURNED,ROUTE_OWNER_M01_NOT_RETURNED,UNKNOWN_PAGE_LEVEL
enneagram,zh-CN,instinctual_subtype,type-5/self-preservation,https://fermatmind.com/zh/personality/enneagram/type-5/instincts/self-preservation,type 5/self preservation meaning and boundaries,examples; limits; reflection; next step,one normalized query cluster → one primary canonical owner per locale,/zh/tests/enneagram-personality-test-nine-types,existing_backend_authoritative_only,INFERRED_ROUTE_TAXONOMY_M01_NOT_RETURNED,M01 top-row aggregate; NOT_RETURNED is not zero; route locale is not GSC language; page-level indexing unavailable,0,0,0,NOT_RETURNED,NOT_RETURNED,NOT_RETURNED,NOT_RETURNED,NOT_RETURNED,NOT_RETURNED,ROUTE_OWNER_M01_NOT_RETURNED,UNKNOWN_PAGE_LEVEL
enneagram,zh-CN,instinctual_subtype,type-5/social,https://fermatmind.com/zh/personality/enneagram/type-5/instincts/social,type 5/social meaning and boundaries,examples; limits; reflection; next step,one normalized query cluster → one primary canonical owner per locale,/zh/tests/enneagram-personality-test-nine-types,existing_backend_authoritative_only,INFERRED_ROUTE_TAXONOMY_M01_NOT_RETURNED,M01 top-row aggregate; NOT_RETURNED is not zero; route locale is not GSC language; page-level indexing unavailable,0,0,0,NOT_RETURNED,NOT_RETURNED,NOT_RETURNED,NOT_RETURNED,NOT_RETURNED,NOT_RETURNED,ROUTE_OWNER_M01_NOT_RETURNED,UNKNOWN_PAGE_LEVEL
enneagram,zh-CN,core_type,type-6,https://fermatmind.com/zh/personality/enneagram/type-6,type 6 meaning and boundaries,examples; limits; reflection; next step,one normalized query cluster → one primary canonical owner per locale,/zh/tests/enneagram-personality-test-nine-types,existing_backend_authoritative_only,INFERRED_ROUTE_TAXONOMY_M01_NOT_RETURNED,M01 top-row aggregate; NOT_RETURNED is not zero; route locale is not GSC language; page-level indexing unavailable,0,0,0,NOT_RETURNED,NOT_RETURNED,NOT_RETURNED,NOT_RETURNED,NOT_RETURNED,NOT_RETURNED,ROUTE_OWNER_M01_NOT_RETURNED,UNKNOWN_PAGE_LEVEL
enneagram,zh-CN,instinctual_subtype,type-6/one-to-one,https://fermatmind.com/zh/personality/enneagram/type-6/instincts/one-to-one,type 6/one to one meaning and boundaries,examples; limits; reflection; next step,one normalized query cluster → one primary canonical owner per locale,/zh/tests/enneagram-personality-test-nine-types,existing_backend_authoritative_only,INFERRED_ROUTE_TAXONOMY_M01_NOT_RETURNED,M01 top-row aggregate; NOT_RETURNED is not zero; route locale is not GSC language; page-level indexing unavailable,0,0,0,NOT_RETURNED,NOT_RETURNED,NOT_RETURNED,NOT_RETURNED,NOT_RETURNED,NOT_RETURNED,ROUTE_OWNER_M01_NOT_RETURNED,UNKNOWN_PAGE_LEVEL
enneagram,zh-CN,instinctual_subtype,type-6/self-preservation,https://fermatmind.com/zh/personality/enneagram/type-6/instincts/self-preservation,type 6/self preservation meaning and boundaries,examples; limits; reflection; next step,one normalized query cluster → one primary canonical owner per locale,/zh/tests/enneagram-personality-test-nine-types,existing_backend_authoritative_only,INFERRED_ROUTE_TAXONOMY_M01_NOT_RETURNED,M01 top-row aggregate; NOT_RETURNED is not zero; route locale is not GSC language; page-level indexing unavailable,0,0,0,NOT_RETURNED,NOT_RETURNED,NOT_RETURNED,NOT_RETURNED,NOT_RETURNED,NOT_RETURNED,ROUTE_OWNER_M01_NOT_RETURNED,UNKNOWN_PAGE_LEVEL
enneagram,zh-CN,instinctual_subtype,type-6/social,https://fermatmind.com/zh/personality/enneagram/type-6/instincts/social,type 6/social meaning and boundaries,examples; limits; reflection; next step,one normalized query cluster → one primary canonical owner per locale,/zh/tests/enneagram-personality-test-nine-types,existing_backend_authoritative_only,INFERRED_ROUTE_TAXONOMY_M01_NOT_RETURNED,M01 top-row aggregate; NOT_RETURNED is not zero; route locale is not GSC language; page-level indexing unavailable,0,0,0,NOT_RETURNED,NOT_RETURNED,NOT_RETURNED,NOT_RETURNED,NOT_RETURNED,NOT_RETURNED,ROUTE_OWNER_M01_NOT_RETURNED,UNKNOWN_PAGE_LEVEL
enneagram,zh-CN,core_type,type-7,https://fermatmind.com/zh/personality/enneagram/type-7,type 7 meaning and boundaries,examples; limits; reflection; next step,one normalized query cluster → one primary canonical owner per locale,/zh/tests/enneagram-personality-test-nine-types,existing_backend_authoritative_only,VERIFIED_M01_OBSERVED,M01 top-row aggregate; NOT_RETURNED is not zero; route locale is not GSC language; page-level indexing unavailable,2,1,1,0,3,0,6.666667,1,4,ROUTE_OWNER_WITH_SHARED_QUERY_REVIEW,UNKNOWN_PAGE_LEVEL
enneagram,zh-CN,instinctual_subtype,type-7/one-to-one,https://fermatmind.com/zh/personality/enneagram/type-7/instincts/one-to-one,type 7/one to one meaning and boundaries,examples; limits; reflection; next step,one normalized query cluster → one primary canonical owner per locale,/zh/tests/enneagram-personality-test-nine-types,existing_backend_authoritative_only,VERIFIED_M01_OBSERVED,M01 top-row aggregate; NOT_RETURNED is not zero; route locale is not GSC language; page-level indexing unavailable,1,1,0,0,5,0,7.6,NOT_RETURNED,5,PRIMARY_OWNER_OBSERVED,UNKNOWN_PAGE_LEVEL
enneagram,zh-CN,instinctual_subtype,type-7/self-preservation,https://fermatmind.com/zh/personality/enneagram/type-7/instincts/self-preservation,type 7/self preservation meaning and boundaries,examples; limits; reflection; next step,one normalized query cluster → one primary canonical owner per locale,/zh/tests/enneagram-personality-test-nine-types,existing_backend_authoritative_only,INFERRED_ROUTE_TAXONOMY_M01_NOT_RETURNED,M01 top-row aggregate; NOT_RETURNED is not zero; route locale is not GSC language; page-level indexing unavailable,0,0,0,NOT_RETURNED,NOT_RETURNED,NOT_RETURNED,NOT_RETURNED,NOT_RETURNED,NOT_RETURNED,ROUTE_OWNER_M01_NOT_RETURNED,UNKNOWN_PAGE_LEVEL
enneagram,zh-CN,instinctual_subtype,type-7/social,https://fermatmind.com/zh/personality/enneagram/type-7/instincts/social,type 7/social meaning and boundaries,examples; limits; reflection; next step,one normalized query cluster → one primary canonical owner per locale,/zh/tests/enneagram-personality-test-nine-types,existing_backend_authoritative_only,VERIFIED_M01_OBSERVED,M01 top-row aggregate; NOT_RETURNED is not zero; route locale is not GSC language; page-level indexing unavailable,1,0,1,0,1,0,13,NOT_RETURNED,1,ROUTE_OWNER_WITH_SHARED_QUERY_REVIEW,UNKNOWN_PAGE_LEVEL
enneagram,zh-CN,core_type,type-8,https://fermatmind.com/zh/personality/enneagram/type-8,type 8 meaning and boundaries,examples; limits; reflection; next step,one normalized query cluster → one primary canonical owner per locale,/zh/tests/enneagram-personality-test-nine-types,existing_backend_authoritative_only,INFERRED_ROUTE_TAXONOMY_M01_NOT_RETURNED,M01 top-row aggregate; NOT_RETURNED is not zero; route locale is not GSC language; page-level indexing unavailable,0,0,0,NOT_RETURNED,NOT_RETURNED,NOT_RETURNED,NOT_RETURNED,NOT_RETURNED,NOT_RETURNED,ROUTE_OWNER_M01_NOT_RETURNED,UNKNOWN_PAGE_LEVEL
enneagram,zh-CN,instinctual_subtype,type-8/one-to-one,https://fermatmind.com/zh/personality/enneagram/type-8/instincts/one-to-one,type 8/one to one meaning and boundaries,examples; limits; reflection; next step,one normalized query cluster → one primary canonical owner per locale,/zh/tests/enneagram-personality-test-nine-types,existing_backend_authoritative_only,INFERRED_ROUTE_TAXONOMY_M01_NOT_RETURNED,M01 top-row aggregate; NOT_RETURNED is not zero; route locale is not GSC language; page-level indexing unavailable,0,0,0,NOT_RETURNED,NOT_RETURNED,NOT_RETURNED,NOT_RETURNED,NOT_RETURNED,NOT_RETURNED,ROUTE_OWNER_M01_NOT_RETURNED,UNKNOWN_PAGE_LEVEL
enneagram,zh-CN,instinctual_subtype,type-8/self-preservation,https://fermatmind.com/zh/personality/enneagram/type-8/instincts/self-preservation,type 8/self preservation meaning and boundaries,examples; limits; reflection; next step,one normalized query cluster → one primary canonical owner per locale,/zh/tests/enneagram-personality-test-nine-types,existing_backend_authoritative_only,INFERRED_ROUTE_TAXONOMY_M01_NOT_RETURNED,M01 top-row aggregate; NOT_RETURNED is not zero; route locale is not GSC language; page-level indexing unavailable,0,0,0,NOT_RETURNED,NOT_RETURNED,NOT_RETURNED,NOT_RETURNED,NOT_RETURNED,NOT_RETURNED,ROUTE_OWNER_M01_NOT_RETURNED,UNKNOWN_PAGE_LEVEL
enneagram,zh-CN,instinctual_subtype,type-8/social,https://fermatmind.com/zh/personality/enneagram/type-8/instincts/social,type 8/social meaning and boundaries,examples; limits; reflection; next step,one normalized query cluster → one primary canonical owner per locale,/zh/tests/enneagram-personality-test-nine-types,existing_backend_authoritative_only,INFERRED_ROUTE_TAXONOMY_M01_NOT_RETURNED,M01 top-row aggregate; NOT_RETURNED is not zero; route locale is not GSC language; page-level indexing unavailable,0,0,0,NOT_RETURNED,NOT_RETURNED,NOT_RETURNED,NOT_RETURNED,NOT_RETURNED,NOT_RETURNED,ROUTE_OWNER_M01_NOT_RETURNED,UNKNOWN_PAGE_LEVEL
enneagram,zh-CN,core_type,type-9,https://fermatmind.com/zh/personality/enneagram/type-9,type 9 meaning and boundaries,examples; limits; reflection; next step,one normalized query cluster → one primary canonical owner per locale,/zh/tests/enneagram-personality-test-nine-types,existing_backend_authoritative_only,INFERRED_ROUTE_TAXONOMY_M01_NOT_RETURNED,M01 top-row aggregate; NOT_RETURNED is not zero; route locale is not GSC language; page-level indexing unavailable,0,0,0,NOT_RETURNED,NOT_RETURNED,NOT_RETURNED,NOT_RETURNED,NOT_RETURNED,NOT_RETURNED,ROUTE_OWNER_M01_NOT_RETURNED,UNKNOWN_PAGE_LEVEL
enneagram,zh-CN,instinctual_subtype,type-9/one-to-one,https://fermatmind.com/zh/personality/enneagram/type-9/instincts/one-to-one,type 9/one to one meaning and boundaries,examples; limits; reflection; next step,one normalized query cluster → one primary canonical owner per locale,/zh/tests/enneagram-personality-test-nine-types,existing_backend_authoritative_only,INFERRED_ROUTE_TAXONOMY_M01_NOT_RETURNED,M01 top-row aggregate; NOT_RETURNED is not zero; route locale is not GSC language; page-level indexing unavailable,0,0,0,NOT_RETURNED,NOT_RETURNED,NOT_RETURNED,NOT_RETURNED,NOT_RETURNED,NOT_RETURNED,ROUTE_OWNER_M01_NOT_RETURNED,UNKNOWN_PAGE_LEVEL
enneagram,zh-CN,instinctual_subtype,type-9/self-preservation,https://fermatmind.com/zh/personality/enneagram/type-9/instincts/self-preservation,type 9/self preservation meaning and boundaries,examples; limits; reflection; next step,one normalized query cluster → one primary canonical owner per locale,/zh/tests/enneagram-personality-test-nine-types,existing_backend_authoritative_only,INFERRED_ROUTE_TAXONOMY_M01_NOT_RETURNED,M01 top-row aggregate; NOT_RETURNED is not zero; route locale is not GSC language; page-level indexing unavailable,0,0,0,NOT_RETURNED,NOT_RETURNED,NOT_RETURNED,NOT_RETURNED,NOT_RETURNED,NOT_RETURNED,ROUTE_OWNER_M01_NOT_RETURNED,UNKNOWN_PAGE_LEVEL
enneagram,zh-CN,instinctual_subtype,type-9/social,https://fermatmind.com/zh/personality/enneagram/type-9/instincts/social,type 9/social meaning and boundaries,examples; limits; reflection; next step,one normalized query cluster → one primary canonical owner per locale,/zh/tests/enneagram-personality-test-nine-types,existing_backend_authoritative_only,INFERRED_ROUTE_TAXONOMY_M01_NOT_RETURNED,M01 top-row aggregate; NOT_RETURNED is not zero; route locale is not GSC language; page-level indexing unavailable,0,0,0,NOT_RETURNED,NOT_RETURNED,NOT_RETURNED,NOT_RETURNED,NOT_RETURNED,NOT_RETURNED,ROUTE_OWNER_M01_NOT_RETURNED,UNKNOWN_PAGE_LEVEL
enneagram,zh-CN,wing,1w2,https://fermatmind.com/zh/personality/enneagram/wings/1w2,1w2 meaning and boundaries,examples; limits; reflection; next step,one normalized query cluster → one primary canonical owner per locale,/zh/tests/enneagram-personality-test-nine-types,existing_backend_authoritative_only,VERIFIED_M01_OBSERVED,M01 top-row aggregate; NOT_RETURNED is not zero; route locale is not GSC language; page-level indexing unavailable,2,1,1,1,33,3.030303,6.575758,NOT_RETURNED,33,ROUTE_OWNER_WITH_SHARED_QUERY_REVIEW,UNKNOWN_PAGE_LEVEL
enneagram,zh-CN,wing,1w9,https://fermatmind.com/zh/personality/enneagram/wings/1w9,1w9 meaning and boundaries,examples; limits; reflection; next step,one normalized query cluster → one primary canonical owner per locale,/zh/tests/enneagram-personality-test-nine-types,existing_backend_authoritative_only,VERIFIED_M01_OBSERVED,M01 top-row aggregate; NOT_RETURNED is not zero; route locale is not GSC language; page-level indexing unavailable,3,2,1,0,5,0,41.2,NOT_RETURNED,5,ROUTE_OWNER_WITH_SHARED_QUERY_REVIEW,UNKNOWN_PAGE_LEVEL
enneagram,zh-CN,wing,2w1,https://fermatmind.com/zh/personality/enneagram/wings/2w1,2w1 meaning and boundaries,examples; limits; reflection; next step,one normalized query cluster → one primary canonical owner per locale,/zh/tests/enneagram-personality-test-nine-types,existing_backend_authoritative_only,VERIFIED_M01_OBSERVED,M01 top-row aggregate; NOT_RETURNED is not zero; route locale is not GSC language; page-level indexing unavailable,2,1,1,0,24,0,8.583333,NOT_RETURNED,24,ROUTE_OWNER_WITH_SHARED_QUERY_REVIEW,UNKNOWN_PAGE_LEVEL
enneagram,zh-CN,wing,2w3,https://fermatmind.com/zh/personality/enneagram/wings/2w3,2w3 meaning and boundaries,examples; limits; reflection; next step,one normalized query cluster → one primary canonical owner per locale,/zh/tests/enneagram-personality-test-nine-types,existing_backend_authoritative_only,INFERRED_ROUTE_TAXONOMY_M01_NOT_RETURNED,M01 top-row aggregate; NOT_RETURNED is not zero; route locale is not GSC language; page-level indexing unavailable,0,0,0,NOT_RETURNED,NOT_RETURNED,NOT_RETURNED,NOT_RETURNED,NOT_RETURNED,NOT_RETURNED,ROUTE_OWNER_M01_NOT_RETURNED,UNKNOWN_PAGE_LEVEL
enneagram,zh-CN,wing,3w2,https://fermatmind.com/zh/personality/enneagram/wings/3w2,3w2 meaning and boundaries,examples; limits; reflection; next step,one normalized query cluster → one primary canonical owner per locale,/zh/tests/enneagram-personality-test-nine-types,existing_backend_authoritative_only,VERIFIED_M01_OBSERVED,M01 top-row aggregate; NOT_RETURNED is not zero; route locale is not GSC language; page-level indexing unavailable,1,1,0,0,15,0,6.266667,NOT_RETURNED,15,PRIMARY_OWNER_OBSERVED,UNKNOWN_PAGE_LEVEL
enneagram,zh-CN,wing,3w4,https://fermatmind.com/zh/personality/enneagram/wings/3w4,3w4 meaning and boundaries,examples; limits; reflection; next step,one normalized query cluster → one primary canonical owner per locale,/zh/tests/enneagram-personality-test-nine-types,existing_backend_authoritative_only,VERIFIED_M01_OBSERVED,M01 top-row aggregate; NOT_RETURNED is not zero; route locale is not GSC language; page-level indexing unavailable,2,1,1,0,33,0,10.090909,NOT_RETURNED,33,ROUTE_OWNER_WITH_SHARED_QUERY_REVIEW,UNKNOWN_PAGE_LEVEL
enneagram,zh-CN,wing,4w3,https://fermatmind.com/zh/personality/enneagram/wings/4w3,4w3 meaning and boundaries,examples; limits; reflection; next step,one normalized query cluster → one primary canonical owner per locale,/zh/tests/enneagram-personality-test-nine-types,existing_backend_authoritative_only,VERIFIED_M01_OBSERVED,M01 top-row aggregate; NOT_RETURNED is not zero; route locale is not GSC language; page-level indexing unavailable,3,2,1,0,27,0,7.074074,NOT_RETURNED,27,ROUTE_OWNER_WITH_SHARED_QUERY_REVIEW,UNKNOWN_PAGE_LEVEL
enneagram,zh-CN,wing,4w5,https://fermatmind.com/zh/personality/enneagram/wings/4w5,4w5 meaning and boundaries,examples; limits; reflection; next step,one normalized query cluster → one primary canonical owner per locale,/zh/tests/enneagram-personality-test-nine-types,existing_backend_authoritative_only,VERIFIED_M01_OBSERVED,M01 top-row aggregate; NOT_RETURNED is not zero; route locale is not GSC language; page-level indexing unavailable,3,2,1,0,7,0,6.571429,NOT_RETURNED,7,ROUTE_OWNER_WITH_SHARED_QUERY_REVIEW,UNKNOWN_PAGE_LEVEL
enneagram,zh-CN,wing,5w4,https://fermatmind.com/zh/personality/enneagram/wings/5w4,5w4 meaning and boundaries,examples; limits; reflection; next step,one normalized query cluster → one primary canonical owner per locale,/zh/tests/enneagram-personality-test-nine-types,existing_backend_authoritative_only,VERIFIED_M01_OBSERVED,M01 top-row aggregate; NOT_RETURNED is not zero; route locale is not GSC language; page-level indexing unavailable,5,4,1,0,20,0,6.55,NOT_RETURNED,20,ROUTE_OWNER_WITH_SHARED_QUERY_REVIEW,UNKNOWN_PAGE_LEVEL
enneagram,zh-CN,wing,5w6,https://fermatmind.com/zh/personality/enneagram/wings/5w6,5w6 meaning and boundaries,examples; limits; reflection; next step,one normalized query cluster → one primary canonical owner per locale,/zh/tests/enneagram-personality-test-nine-types,existing_backend_authoritative_only,VERIFIED_M01_OBSERVED,M01 top-row aggregate; NOT_RETURNED is not zero; route locale is not GSC language; page-level indexing unavailable,3,2,1,0,36,0,14.055556,NOT_RETURNED,36,ROUTE_OWNER_WITH_SHARED_QUERY_REVIEW,UNKNOWN_PAGE_LEVEL
enneagram,zh-CN,wing,6w5,https://fermatmind.com/zh/personality/enneagram/wings/6w5,6w5 meaning and boundaries,examples; limits; reflection; next step,one normalized query cluster → one primary canonical owner per locale,/zh/tests/enneagram-personality-test-nine-types,existing_backend_authoritative_only,VERIFIED_M01_OBSERVED,M01 top-row aggregate; NOT_RETURNED is not zero; route locale is not GSC language; page-level indexing unavailable,2,1,1,0,23,0,13.695652,NOT_RETURNED,23,ROUTE_OWNER_WITH_SHARED_QUERY_REVIEW,UNKNOWN_PAGE_LEVEL
enneagram,zh-CN,wing,6w7,https://fermatmind.com/zh/personality/enneagram/wings/6w7,6w7 meaning and boundaries,examples; limits; reflection; next step,one normalized query cluster → one primary canonical owner per locale,/zh/tests/enneagram-personality-test-nine-types,existing_backend_authoritative_only,VERIFIED_M01_OBSERVED,M01 top-row aggregate; NOT_RETURNED is not zero; route locale is not GSC language; page-level indexing unavailable,1,1,0,0,2,0,14.5,NOT_RETURNED,2,PRIMARY_OWNER_OBSERVED,UNKNOWN_PAGE_LEVEL
enneagram,zh-CN,wing,7w6,https://fermatmind.com/zh/personality/enneagram/wings/7w6,7w6 meaning and boundaries,examples; limits; reflection; next step,one normalized query cluster → one primary canonical owner per locale,/zh/tests/enneagram-personality-test-nine-types,existing_backend_authoritative_only,VERIFIED_M01_OBSERVED,M01 top-row aggregate; NOT_RETURNED is not zero; route locale is not GSC language; page-level indexing unavailable,1,1,0,0,24,0,7.541667,NOT_RETURNED,24,PRIMARY_OWNER_OBSERVED,UNKNOWN_PAGE_LEVEL
enneagram,zh-CN,wing,7w8,https://fermatmind.com/zh/personality/enneagram/wings/7w8,7w8 meaning and boundaries,examples; limits; reflection; next step,one normalized query cluster → one primary canonical owner per locale,/zh/tests/enneagram-personality-test-nine-types,existing_backend_authoritative_only,VERIFIED_M01_OBSERVED,M01 top-row aggregate; NOT_RETURNED is not zero; route locale is not GSC language; page-level indexing unavailable,2,2,1,0,12,0,6.833333,NOT_RETURNED,12,ROUTE_OWNER_WITH_SHARED_QUERY_REVIEW,UNKNOWN_PAGE_LEVEL
enneagram,zh-CN,wing,8w7,https://fermatmind.com/zh/personality/enneagram/wings/8w7,8w7 meaning and boundaries,examples; limits; reflection; next step,one normalized query cluster → one primary canonical owner per locale,/zh/tests/enneagram-personality-test-nine-types,existing_backend_authoritative_only,VERIFIED_M01_OBSERVED,M01 top-row aggregate; NOT_RETURNED is not zero; route locale is not GSC language; page-level indexing unavailable,2,2,0,0,5,0,6,NOT_RETURNED,5,PRIMARY_OWNER_OBSERVED,UNKNOWN_PAGE_LEVEL
enneagram,zh-CN,wing,8w9,https://fermatmind.com/zh/personality/enneagram/wings/8w9,8w9 meaning and boundaries,examples; limits; reflection; next step,one normalized query cluster → one primary canonical owner per locale,/zh/tests/enneagram-personality-test-nine-types,existing_backend_authoritative_only,VERIFIED_M01_OBSERVED,M01 top-row aggregate; NOT_RETURNED is not zero; route locale is not GSC language; page-level indexing unavailable,2,2,0,0,13,0,5.538462,NOT_RETURNED,13,PRIMARY_OWNER_OBSERVED,UNKNOWN_PAGE_LEVEL
enneagram,zh-CN,wing,9w1,https://fermatmind.com/zh/personality/enneagram/wings/9w1,9w1 meaning and boundaries,examples; limits; reflection; next step,one normalized query cluster → one primary canonical owner per locale,/zh/tests/enneagram-personality-test-nine-types,existing_backend_authoritative_only,VERIFIED_M01_OBSERVED,M01 top-row aggregate; NOT_RETURNED is not zero; route locale is not GSC language; page-level indexing unavailable,3,2,1,0,17,0,8.823529,NOT_RETURNED,17,ROUTE_OWNER_WITH_SHARED_QUERY_REVIEW,UNKNOWN_PAGE_LEVEL
enneagram,zh-CN,wing,9w8,https://fermatmind.com/zh/personality/enneagram/wings/9w8,9w8 meaning and boundaries,examples; limits; reflection; next step,one normalized query cluster → one primary canonical owner per locale,/zh/tests/enneagram-personality-test-nine-types,existing_backend_authoritative_only,VERIFIED_M01_OBSERVED,M01 top-row aggregate; NOT_RETURNED is not zero; route locale is not GSC language; page-level indexing unavailable,2,1,1,0,30,0,7.233333,NOT_RETURNED,30,ROUTE_OWNER_WITH_SHARED_QUERY_REVIEW,UNKNOWN_PAGE_LEVEL
mbti,zh-CN,base_type,ENTJ,https://fermatmind.com/zh/personality/entj,entj meaning; entj personality; entj traits,examples; limits; reflection; next step,one normalized query cluster → one primary canonical owner per locale,/zh/tests/mbti-personality-test-16-personality-types,existing_backend_authoritative_only,INFERRED_ROUTE_TAXONOMY_M01_NOT_RETURNED,M01 top-row aggregate; NOT_RETURNED is not zero; route locale is not GSC language; page-level indexing unavailable,0,0,0,NOT_RETURNED,NOT_RETURNED,NOT_RETURNED,NOT_RETURNED,NOT_RETURNED,NOT_RETURNED,ROUTE_OWNER_M01_NOT_RETURNED,UNKNOWN_PAGE_LEVEL
mbti,zh-CN,variant,ENTJ-A,https://fermatmind.com/zh/personality/entj-a,entj-a meaning; entj-a traits; entj-a work/stress,examples; limits; reflection; next step,one normalized query cluster → one primary canonical owner per locale,/zh/tests/mbti-personality-test-16-personality-types,existing_backend_authoritative_only,INFERRED_ROUTE_TAXONOMY_M01_NOT_RETURNED,M01 top-row aggregate; NOT_RETURNED is not zero; route locale is not GSC language; page-level indexing unavailable,0,0,0,NOT_RETURNED,NOT_RETURNED,NOT_RETURNED,NOT_RETURNED,NOT_RETURNED,NOT_RETURNED,ROUTE_OWNER_M01_NOT_RETURNED,UNKNOWN_PAGE_LEVEL
mbti,zh-CN,at_comparison,entj-a-vs-entj-t,https://fermatmind.com/zh/personality/entj-a-vs-entj-t,entj a vs entj t difference; entj-a vs entj-t,examples; limits; reflection; next step,one normalized query cluster → one primary canonical owner per locale,/zh/tests/mbti-personality-test-16-personality-types,existing_backend_authoritative_only,INFERRED_ROUTE_TAXONOMY_M01_NOT_RETURNED,M01 top-row aggregate; NOT_RETURNED is not zero; route locale is not GSC language; page-level indexing unavailable,0,0,0,NOT_RETURNED,NOT_RETURNED,NOT_RETURNED,NOT_RETURNED,NOT_RETURNED,NOT_RETURNED,ROUTE_OWNER_M01_NOT_RETURNED,UNKNOWN_PAGE_LEVEL
mbti,zh-CN,variant,ENTJ-T,https://fermatmind.com/zh/personality/entj-t,entj-t meaning; entj-t traits; entj-t work/stress,examples; limits; reflection; next step,one normalized query cluster → one primary canonical owner per locale,/zh/tests/mbti-personality-test-16-personality-types,existing_backend_authoritative_only,INFERRED_ROUTE_TAXONOMY_M01_NOT_RETURNED,M01 top-row aggregate; NOT_RETURNED is not zero; route locale is not GSC language; page-level indexing unavailable,0,0,0,NOT_RETURNED,NOT_RETURNED,NOT_RETURNED,NOT_RETURNED,1,1,ROUTE_OWNER_M01_NOT_RETURNED,UNKNOWN_PAGE_LEVEL
mbti,zh-CN,cross_type_comparison,entj-vs-intj,https://fermatmind.com/zh/personality/entj-vs-intj,entj vs intj difference; entj vs intj,examples; limits; reflection; next step,one normalized query cluster → one primary canonical owner per locale,/zh/tests/mbti-personality-test-16-personality-types,existing_backend_authoritative_only,VERIFIED_M01_OBSERVED,M01 top-row aggregate; NOT_RETURNED is not zero; route locale is not GSC language; page-level indexing unavailable,5,4,1,0,14,0,17.571429,NOT_RETURNED,14,ROUTE_OWNER_WITH_SHARED_QUERY_REVIEW,UNKNOWN_PAGE_LEVEL
mbti,zh-CN,base_type,ENTP,https://fermatmind.com/zh/personality/entp,entp meaning; entp personality; entp traits,examples; limits; reflection; next step,one normalized query cluster → one primary canonical owner per locale,/zh/tests/mbti-personality-test-16-personality-types,existing_backend_authoritative_only,INFERRED_ROUTE_TAXONOMY_M01_NOT_RETURNED,M01 top-row aggregate; NOT_RETURNED is not zero; route locale is not GSC language; page-level indexing unavailable,0,0,0,NOT_RETURNED,NOT_RETURNED,NOT_RETURNED,NOT_RETURNED,NOT_RETURNED,NOT_RETURNED,ROUTE_OWNER_M01_NOT_RETURNED,UNKNOWN_PAGE_LEVEL
mbti,zh-CN,variant,ENTP-A,https://fermatmind.com/zh/personality/entp-a,entp-a meaning; entp-a traits; entp-a work/stress,examples; limits; reflection; next step,one normalized query cluster → one primary canonical owner per locale,/zh/tests/mbti-personality-test-16-personality-types,existing_backend_authoritative_only,INFERRED_ROUTE_TAXONOMY_M01_NOT_RETURNED,M01 top-row aggregate; NOT_RETURNED is not zero; route locale is not GSC language; page-level indexing unavailable,0,0,0,NOT_RETURNED,NOT_RETURNED,NOT_RETURNED,NOT_RETURNED,NOT_RETURNED,NOT_RETURNED,ROUTE_OWNER_M01_NOT_RETURNED,UNKNOWN_PAGE_LEVEL
mbti,zh-CN,at_comparison,entp-a-vs-entp-t,https://fermatmind.com/zh/personality/entp-a-vs-entp-t,entp a vs entp t difference; entp-a vs entp-t,examples; limits; reflection; next step,one normalized query cluster → one primary canonical owner per locale,/zh/tests/mbti-personality-test-16-personality-types,existing_backend_authoritative_only,INFERRED_ROUTE_TAXONOMY_M01_NOT_RETURNED,M01 top-row aggregate; NOT_RETURNED is not zero; route locale is not GSC language; page-level indexing unavailable,0,0,0,NOT_RETURNED,NOT_RETURNED,NOT_RETURNED,NOT_RETURNED,NOT_RETURNED,NOT_RETURNED,ROUTE_OWNER_M01_NOT_RETURNED,UNKNOWN_PAGE_LEVEL
mbti,zh-CN,variant,ENTP-T,https://fermatmind.com/zh/personality/entp-t,entp-t meaning; entp-t traits; entp-t work/stress,examples; limits; reflection; next step,one normalized query cluster → one primary canonical owner per locale,/zh/tests/mbti-personality-test-16-personality-types,existing_backend_authoritative_only,INFERRED_ROUTE_TAXONOMY_M01_NOT_RETURNED,M01 top-row aggregate; NOT_RETURNED is not zero; route locale is not GSC language; page-level indexing unavailable,0,0,0,NOT_RETURNED,NOT_RETURNED,NOT_RETURNED,NOT_RETURNED,NOT_RETURNED,NOT_RETURNED,ROUTE_OWNER_M01_NOT_RETURNED,UNKNOWN_PAGE_LEVEL
mbti,zh-CN,base_type,ESFJ,https://fermatmind.com/zh/personality/esfj,esfj meaning; esfj personality; esfj traits,examples; limits; reflection; next step,one normalized query cluster → one primary canonical owner per locale,/zh/tests/mbti-personality-test-16-personality-types,existing_backend_authoritative_only,VERIFIED_M01_OBSERVED,M01 top-row aggregate; NOT_RETURNED is not zero; route locale is not GSC language; page-level indexing unavailable,4,3,1,0,11,0,36.545455,NOT_RETURNED,11,ROUTE_OWNER_WITH_SHARED_QUERY_REVIEW,UNKNOWN_PAGE_LEVEL
mbti,zh-CN,variant,ESFJ-A,https://fermatmind.com/zh/personality/esfj-a,esfj-a meaning; esfj-a traits; esfj-a work/stress,examples; limits; reflection; next step,one normalized query cluster → one primary canonical owner per locale,/zh/tests/mbti-personality-test-16-personality-types,existing_backend_authoritative_only,VERIFIED_M01_OBSERVED,M01 top-row aggregate; NOT_RETURNED is not zero; route locale is not GSC language; page-level indexing unavailable,7,7,0,1,32,3.125,10.375,2,36,PRIMARY_OWNER_OBSERVED,UNKNOWN_PAGE_LEVEL
mbti,zh-CN,at_comparison,esfj-a-vs-esfj-t,https://fermatmind.com/zh/personality/esfj-a-vs-esfj-t,esfj a vs esfj t difference; esfj-a vs esfj-t,examples; limits; reflection; next step,one normalized query cluster → one primary canonical owner per locale,/zh/tests/mbti-personality-test-16-personality-types,existing_backend_authoritative_only,INFERRED_ROUTE_TAXONOMY_M01_NOT_RETURNED,M01 top-row aggregate; NOT_RETURNED is not zero; route locale is not GSC language; page-level indexing unavailable,0,0,0,NOT_RETURNED,NOT_RETURNED,NOT_RETURNED,NOT_RETURNED,NOT_RETURNED,NOT_RETURNED,ROUTE_OWNER_M01_NOT_RETURNED,UNKNOWN_PAGE_LEVEL
mbti,zh-CN,variant,ESFJ-T,https://fermatmind.com/zh/personality/esfj-t,esfj-t meaning; esfj-t traits; esfj-t work/stress,examples; limits; reflection; next step,one normalized query cluster → one primary canonical owner per locale,/zh/tests/mbti-personality-test-16-personality-types,existing_backend_authoritative_only,INFERRED_ROUTE_TAXONOMY_M01_NOT_RETURNED,M01 top-row aggregate; NOT_RETURNED is not zero; route locale is not GSC language; page-level indexing unavailable,0,0,0,NOT_RETURNED,NOT_RETURNED,NOT_RETURNED,NOT_RETURNED,NOT_RETURNED,NOT_RETURNED,ROUTE_OWNER_M01_NOT_RETURNED,UNKNOWN_PAGE_LEVEL
mbti,zh-CN,base_type,ESFP,https://fermatmind.com/zh/personality/esfp,esfp meaning; esfp personality; esfp traits,examples; limits; reflection; next step,one normalized query cluster → one primary canonical owner per locale,/zh/tests/mbti-personality-test-16-personality-types,existing_backend_authoritative_only,VERIFIED_M01_OBSERVED,M01 top-row aggregate; NOT_RETURNED is not zero; route locale is not GSC language; page-level indexing unavailable,4,3,1,0,6,0,37.833333,NOT_RETURNED,6,ROUTE_OWNER_WITH_SHARED_QUERY_REVIEW,UNKNOWN_PAGE_LEVEL
mbti,zh-CN,variant,ESFP-A,https://fermatmind.com/zh/personality/esfp-a,esfp-a meaning; esfp-a traits; esfp-a work/stress,examples; limits; reflection; next step,one normalized query cluster → one primary canonical owner per locale,/zh/tests/mbti-personality-test-16-personality-types,existing_backend_authoritative_only,VERIFIED_M01_OBSERVED,M01 top-row aggregate; NOT_RETURNED is not zero; route locale is not GSC language; page-level indexing unavailable,1,1,0,0,1,0,10,8,11,PRIMARY_OWNER_OBSERVED,UNKNOWN_PAGE_LEVEL
mbti,zh-CN,at_comparison,esfp-a-vs-esfp-t,https://fermatmind.com/zh/personality/esfp-a-vs-esfp-t,esfp a vs esfp t difference; esfp-a vs esfp-t,examples; limits; reflection; next step,one normalized query cluster → one primary canonical owner per locale,/zh/tests/mbti-personality-test-16-personality-types,existing_backend_authoritative_only,INFERRED_ROUTE_TAXONOMY_M01_NOT_RETURNED,M01 top-row aggregate; NOT_RETURNED is not zero; route locale is not GSC language; page-level indexing unavailable,0,0,0,NOT_RETURNED,NOT_RETURNED,NOT_RETURNED,NOT_RETURNED,NOT_RETURNED,NOT_RETURNED,ROUTE_OWNER_M01_NOT_RETURNED,UNKNOWN_PAGE_LEVEL
mbti,zh-CN,variant,ESFP-T,https://fermatmind.com/zh/personality/esfp-t,esfp-t meaning; esfp-t traits; esfp-t work/stress,examples; limits; reflection; next step,one normalized query cluster → one primary canonical owner per locale,/zh/tests/mbti-personality-test-16-personality-types,existing_backend_authoritative_only,INFERRED_ROUTE_TAXONOMY_M01_NOT_RETURNED,M01 top-row aggregate; NOT_RETURNED is not zero; route locale is not GSC language; page-level indexing unavailable,0,0,0,NOT_RETURNED,NOT_RETURNED,NOT_RETURNED,NOT_RETURNED,3,3,ROUTE_OWNER_M01_NOT_RETURNED,UNKNOWN_PAGE_LEVEL
mbti,zh-CN,base_type,ESTJ,https://fermatmind.com/zh/personality/estj,estj meaning; estj personality; estj traits,examples; limits; reflection; next step,one normalized query cluster → one primary canonical owner per locale,/zh/tests/mbti-personality-test-16-personality-types,existing_backend_authoritative_only,INFERRED_ROUTE_TAXONOMY_M01_NOT_RETURNED,M01 top-row aggregate; NOT_RETURNED is not zero; route locale is not GSC language; page-level indexing unavailable,0,0,0,NOT_RETURNED,NOT_RETURNED,NOT_RETURNED,NOT_RETURNED,NOT_RETURNED,NOT_RETURNED,ROUTE_OWNER_M01_NOT_RETURNED,UNKNOWN_PAGE_LEVEL
mbti,zh-CN,variant,ESTJ-A,https://fermatmind.com/zh/personality/estj-a,estj-a meaning; estj-a traits; estj-a work/stress,examples; limits; reflection; next step,one normalized query cluster → one primary canonical owner per locale,/zh/tests/mbti-personality-test-16-personality-types,existing_backend_authoritative_only,INFERRED_ROUTE_TAXONOMY_M01_NOT_RETURNED,M01 top-row aggregate; NOT_RETURNED is not zero; route locale is not GSC language; page-level indexing unavailable,0,0,0,NOT_RETURNED,NOT_RETURNED,NOT_RETURNED,NOT_RETURNED,NOT_RETURNED,NOT_RETURNED,ROUTE_OWNER_M01_NOT_RETURNED,UNKNOWN_PAGE_LEVEL
mbti,zh-CN,at_comparison,estj-a-vs-estj-t,https://fermatmind.com/zh/personality/estj-a-vs-estj-t,estj a vs estj t difference; estj-a vs estj-t,examples; limits; reflection; next step,one normalized query cluster → one primary canonical owner per locale,/zh/tests/mbti-personality-test-16-personality-types,existing_backend_authoritative_only,INFERRED_ROUTE_TAXONOMY_M01_NOT_RETURNED,M01 top-row aggregate; NOT_RETURNED is not zero; route locale is not GSC language; page-level indexing unavailable,0,0,0,NOT_RETURNED,NOT_RETURNED,NOT_RETURNED,NOT_RETURNED,NOT_RETURNED,NOT_RETURNED,ROUTE_OWNER_M01_NOT_RETURNED,UNKNOWN_PAGE_LEVEL
mbti,zh-CN,variant,ESTJ-T,https://fermatmind.com/zh/personality/estj-t,estj-t meaning; estj-t traits; estj-t work/stress,examples; limits; reflection; next step,one normalized query cluster → one primary canonical owner per locale,/zh/tests/mbti-personality-test-16-personality-types,existing_backend_authoritative_only,INFERRED_ROUTE_TAXONOMY_M01_NOT_RETURNED,M01 top-row aggregate; NOT_RETURNED is not zero; route locale is not GSC language; page-level indexing unavailable,0,0,0,NOT_RETURNED,NOT_RETURNED,NOT_RETURNED,NOT_RETURNED,NOT_RETURNED,NOT_RETURNED,ROUTE_OWNER_M01_NOT_RETURNED,UNKNOWN_PAGE_LEVEL
mbti,zh-CN,cross_type_comparison,estj-vs-entj,https://fermatmind.com/zh/personality/estj-vs-entj,estj vs entj difference; estj vs entj,examples; limits; reflection; next step,one normalized query cluster → one primary canonical owner per locale,/zh/tests/mbti-personality-test-16-personality-types,existing_backend_authoritative_only,INFERRED_ROUTE_TAXONOMY_M01_NOT_RETURNED,M01 top-row aggregate; NOT_RETURNED is not zero; route locale is not GSC language; page-level indexing unavailable,0,0,0,NOT_RETURNED,NOT_RETURNED,NOT_RETURNED,NOT_RETURNED,NOT_RETURNED,NOT_RETURNED,ROUTE_OWNER_M01_NOT_RETURNED,UNKNOWN_PAGE_LEVEL
mbti,zh-CN,base_type,ESTP,https://fermatmind.com/zh/personality/estp,estp meaning; estp personality; estp traits,examples; limits; reflection; next step,one normalized query cluster → one primary canonical owner per locale,/zh/tests/mbti-personality-test-16-personality-types,existing_backend_authoritative_only,INFERRED_ROUTE_TAXONOMY_M01_NOT_RETURNED,M01 top-row aggregate; NOT_RETURNED is not zero; route locale is not GSC language; page-level indexing unavailable,0,0,0,NOT_RETURNED,NOT_RETURNED,NOT_RETURNED,NOT_RETURNED,NOT_RETURNED,NOT_RETURNED,ROUTE_OWNER_M01_NOT_RETURNED,UNKNOWN_PAGE_LEVEL
mbti,zh-CN,variant,ESTP-A,https://fermatmind.com/zh/personality/estp-a,estp-a meaning; estp-a traits; estp-a work/stress,examples; limits; reflection; next step,one normalized query cluster → one primary canonical owner per locale,/zh/tests/mbti-personality-test-16-personality-types,existing_backend_authoritative_only,INFERRED_ROUTE_TAXONOMY_M01_NOT_RETURNED,M01 top-row aggregate; NOT_RETURNED is not zero; route locale is not GSC language; page-level indexing unavailable,0,0,0,NOT_RETURNED,NOT_RETURNED,NOT_RETURNED,NOT_RETURNED,1,1,ROUTE_OWNER_M01_NOT_RETURNED,UNKNOWN_PAGE_LEVEL
mbti,zh-CN,at_comparison,estp-a-vs-estp-t,https://fermatmind.com/zh/personality/estp-a-vs-estp-t,estp a vs estp t difference; estp-a vs estp-t,examples; limits; reflection; next step,one normalized query cluster → one primary canonical owner per locale,/zh/tests/mbti-personality-test-16-personality-types,existing_backend_authoritative_only,INFERRED_ROUTE_TAXONOMY_M01_NOT_RETURNED,M01 top-row aggregate; NOT_RETURNED is not zero; route locale is not GSC language; page-level indexing unavailable,0,0,0,NOT_RETURNED,NOT_RETURNED,NOT_RETURNED,NOT_RETURNED,NOT_RETURNED,NOT_RETURNED,ROUTE_OWNER_M01_NOT_RETURNED,UNKNOWN_PAGE_LEVEL
mbti,zh-CN,variant,ESTP-T,https://fermatmind.com/zh/personality/estp-t,estp-t meaning; estp-t traits; estp-t work/stress,examples; limits; reflection; next step,one normalized query cluster → one primary canonical owner per locale,/zh/tests/mbti-personality-test-16-personality-types,existing_backend_authoritative_only,VERIFIED_M01_OBSERVED,M01 top-row aggregate; NOT_RETURNED is not zero; route locale is not GSC language; page-level indexing unavailable,3,2,1,0,4,0,38.75,44,48,ROUTE_OWNER_WITH_SHARED_QUERY_REVIEW,UNKNOWN_PAGE_LEVEL
mbti,zh-CN,base_type,INFJ,https://fermatmind.com/zh/personality/infj,infj meaning; infj personality; infj traits,examples; limits; reflection; next step,one normalized query cluster → one primary canonical owner per locale,/zh/tests/mbti-personality-test-16-personality-types,existing_backend_authoritative_only,INFERRED_ROUTE_TAXONOMY_M01_NOT_RETURNED,M01 top-row aggregate; NOT_RETURNED is not zero; route locale is not GSC language; page-level indexing unavailable,0,0,0,NOT_RETURNED,NOT_RETURNED,NOT_RETURNED,NOT_RETURNED,NOT_RETURNED,NOT_RETURNED,ROUTE_OWNER_M01_NOT_RETURNED,UNKNOWN_PAGE_LEVEL
mbti,zh-CN,variant,INFJ-A,https://fermatmind.com/zh/personality/infj-a,infj-a meaning; infj-a traits; infj-a work/stress,examples; limits; reflection; next step,one normalized query cluster → one primary canonical owner per locale,/zh/tests/mbti-personality-test-16-personality-types,existing_backend_authoritative_only,INFERRED_ROUTE_TAXONOMY_M01_NOT_RETURNED,M01 top-row aggregate; NOT_RETURNED is not zero; route locale is not GSC language; page-level indexing unavailable,0,0,0,NOT_RETURNED,NOT_RETURNED,NOT_RETURNED,NOT_RETURNED,NOT_RETURNED,NOT_RETURNED,ROUTE_OWNER_M01_NOT_RETURNED,UNKNOWN_PAGE_LEVEL
mbti,zh-CN,at_comparison,infj-a-vs-infj-t,https://fermatmind.com/zh/personality/infj-a-vs-infj-t,infj a vs infj t difference; infj-a vs infj-t,examples; limits; reflection; next step,one normalized query cluster → one primary canonical owner per locale,/zh/tests/mbti-personality-test-16-personality-types,existing_backend_authoritative_only,INFERRED_ROUTE_TAXONOMY_M01_NOT_RETURNED,M01 top-row aggregate; NOT_RETURNED is not zero; route locale is not GSC language; page-level indexing unavailable,0,0,0,NOT_RETURNED,NOT_RETURNED,NOT_RETURNED,NOT_RETURNED,NOT_RETURNED,NOT_RETURNED,ROUTE_OWNER_M01_NOT_RETURNED,UNKNOWN_PAGE_LEVEL
mbti,zh-CN,variant,INFJ-T,https://fermatmind.com/zh/personality/infj-t,infj-t meaning; infj-t traits; infj-t work/stress,examples; limits; reflection; next step,one normalized query cluster → one primary canonical owner per locale,/zh/tests/mbti-personality-test-16-personality-types,existing_backend_authoritative_only,INFERRED_ROUTE_TAXONOMY_M01_NOT_RETURNED,M01 top-row aggregate; NOT_RETURNED is not zero; route locale is not GSC language; page-level indexing unavailable,0,0,0,NOT_RETURNED,NOT_RETURNED,NOT_RETURNED,NOT_RETURNED,NOT_RETURNED,NOT_RETURNED,ROUTE_OWNER_M01_NOT_RETURNED,UNKNOWN_PAGE_LEVEL
mbti,zh-CN,cross_type_comparison,infj-vs-infp,https://fermatmind.com/zh/personality/infj-vs-infp,infj vs infp difference; infj vs infp,examples; limits; reflection; next step,one normalized query cluster → one primary canonical owner per locale,/zh/tests/mbti-personality-test-16-personality-types,existing_backend_authoritative_only,VERIFIED_M01_OBSERVED,M01 top-row aggregate; NOT_RETURNED is not zero; route locale is not GSC language; page-level indexing unavailable,9,8,1,0,45,0,15.711111,NOT_RETURNED,45,ROUTE_OWNER_WITH_SHARED_QUERY_REVIEW,UNKNOWN_PAGE_LEVEL
mbti,zh-CN,base_type,INFP,https://fermatmind.com/zh/personality/infp,infp meaning; infp personality; infp traits,examples; limits; reflection; next step,one normalized query cluster → one primary canonical owner per locale,/zh/tests/mbti-personality-test-16-personality-types,existing_backend_authoritative_only,INFERRED_ROUTE_TAXONOMY_M01_NOT_RETURNED,M01 top-row aggregate; NOT_RETURNED is not zero; route locale is not GSC language; page-level indexing unavailable,0,0,0,NOT_RETURNED,NOT_RETURNED,NOT_RETURNED,NOT_RETURNED,NOT_RETURNED,NOT_RETURNED,ROUTE_OWNER_M01_NOT_RETURNED,UNKNOWN_PAGE_LEVEL
mbti,zh-CN,variant,INFP-A,https://fermatmind.com/zh/personality/infp-a,infp-a meaning; infp-a traits; infp-a work/stress,examples; limits; reflection; next step,one normalized query cluster → one primary canonical owner per locale,/zh/tests/mbti-personality-test-16-personality-types,existing_backend_authoritative_only,INFERRED_ROUTE_TAXONOMY_M01_NOT_RETURNED,M01 top-row aggregate; NOT_RETURNED is not zero; route locale is not GSC language; page-level indexing unavailable,0,0,0,NOT_RETURNED,NOT_RETURNED,NOT_RETURNED,NOT_RETURNED,NOT_RETURNED,NOT_RETURNED,ROUTE_OWNER_M01_NOT_RETURNED,UNKNOWN_PAGE_LEVEL
mbti,zh-CN,at_comparison,infp-a-vs-infp-t,https://fermatmind.com/zh/personality/infp-a-vs-infp-t,infp a vs infp t difference; infp-a vs infp-t,examples; limits; reflection; next step,one normalized query cluster → one primary canonical owner per locale,/zh/tests/mbti-personality-test-16-personality-types,existing_backend_authoritative_only,INFERRED_ROUTE_TAXONOMY_M01_NOT_RETURNED,M01 top-row aggregate; NOT_RETURNED is not zero; route locale is not GSC language; page-level indexing unavailable,0,0,0,NOT_RETURNED,NOT_RETURNED,NOT_RETURNED,NOT_RETURNED,NOT_RETURNED,NOT_RETURNED,ROUTE_OWNER_M01_NOT_RETURNED,UNKNOWN_PAGE_LEVEL
mbti,zh-CN,variant,INFP-T,https://fermatmind.com/zh/personality/infp-t,infp-t meaning; infp-t traits; infp-t work/stress,examples; limits; reflection; next step,one normalized query cluster → one primary canonical owner per locale,/zh/tests/mbti-personality-test-16-personality-types,existing_backend_authoritative_only,VERIFIED_M01_OBSERVED,M01 top-row aggregate; NOT_RETURNED is not zero; route locale is not GSC language; page-level indexing unavailable,2,2,0,0,2,0,9.5,1,7,PRIMARY_OWNER_OBSERVED,UNKNOWN_PAGE_LEVEL
mbti,zh-CN,base_type,INTJ,https://fermatmind.com/zh/personality/intj,intj meaning; intj personality; intj traits,examples; limits; reflection; next step,one normalized query cluster → one primary canonical owner per locale,/zh/tests/mbti-personality-test-16-personality-types,existing_backend_authoritative_only,INFERRED_ROUTE_TAXONOMY_M01_NOT_RETURNED,M01 top-row aggregate; NOT_RETURNED is not zero; route locale is not GSC language; page-level indexing unavailable,0,0,0,NOT_RETURNED,NOT_RETURNED,NOT_RETURNED,NOT_RETURNED,NOT_RETURNED,NOT_RETURNED,ROUTE_OWNER_M01_NOT_RETURNED,UNKNOWN_PAGE_LEVEL
mbti,zh-CN,variant,INTJ-A,https://fermatmind.com/zh/personality/intj-a,intj-a meaning; intj-a traits; intj-a work/stress,examples; limits; reflection; next step,one normalized query cluster → one primary canonical owner per locale,/zh/tests/mbti-personality-test-16-personality-types,existing_backend_authoritative_only,INFERRED_ROUTE_TAXONOMY_M01_NOT_RETURNED,M01 top-row aggregate; NOT_RETURNED is not zero; route locale is not GSC language; page-level indexing unavailable,0,0,0,NOT_RETURNED,NOT_RETURNED,NOT_RETURNED,NOT_RETURNED,NOT_RETURNED,NOT_RETURNED,ROUTE_OWNER_M01_NOT_RETURNED,UNKNOWN_PAGE_LEVEL
mbti,zh-CN,at_comparison,intj-a-vs-intj-t,https://fermatmind.com/zh/personality/intj-a-vs-intj-t,intj a vs intj t difference; intj-a vs intj-t,examples; limits; reflection; next step,one normalized query cluster → one primary canonical owner per locale,/zh/tests/mbti-personality-test-16-personality-types,existing_backend_authoritative_only,INFERRED_ROUTE_TAXONOMY_M01_NOT_RETURNED,M01 top-row aggregate; NOT_RETURNED is not zero; route locale is not GSC language; page-level indexing unavailable,0,0,0,NOT_RETURNED,NOT_RETURNED,NOT_RETURNED,NOT_RETURNED,NOT_RETURNED,NOT_RETURNED,ROUTE_OWNER_M01_NOT_RETURNED,UNKNOWN_PAGE_LEVEL
mbti,zh-CN,variant,INTJ-T,https://fermatmind.com/zh/personality/intj-t,intj-t meaning; intj-t traits; intj-t work/stress,examples; limits; reflection; next step,one normalized query cluster → one primary canonical owner per locale,/zh/tests/mbti-personality-test-16-personality-types,existing_backend_authoritative_only,INFERRED_ROUTE_TAXONOMY_M01_NOT_RETURNED,M01 top-row aggregate; NOT_RETURNED is not zero; route locale is not GSC language; page-level indexing unavailable,0,0,0,NOT_RETURNED,NOT_RETURNED,NOT_RETURNED,NOT_RETURNED,NOT_RETURNED,NOT_RETURNED,ROUTE_OWNER_M01_NOT_RETURNED,UNKNOWN_PAGE_LEVEL
mbti,zh-CN,cross_type_comparison,intj-vs-intp,https://fermatmind.com/zh/personality/intj-vs-intp,intj vs intp difference; intj vs intp,examples; limits; reflection; next step,one normalized query cluster → one primary canonical owner per locale,/zh/tests/mbti-personality-test-16-personality-types,existing_backend_authoritative_only,VERIFIED_M01_OBSERVED,M01 top-row aggregate; NOT_RETURNED is not zero; route locale is not GSC language; page-level indexing unavailable,9,9,1,1,80,1.25,7.2625,1,81,ROUTE_OWNER_WITH_SHARED_QUERY_REVIEW,UNKNOWN_PAGE_LEVEL
mbti,zh-CN,base_type,INTP,https://fermatmind.com/zh/personality/intp,intp meaning; intp personality; intp traits,examples; limits; reflection; next step,one normalized query cluster → one primary canonical owner per locale,/zh/tests/mbti-personality-test-16-personality-types,existing_backend_authoritative_only,INFERRED_ROUTE_TAXONOMY_M01_NOT_RETURNED,M01 top-row aggregate; NOT_RETURNED is not zero; route locale is not GSC language; page-level indexing unavailable,0,0,0,NOT_RETURNED,NOT_RETURNED,NOT_RETURNED,NOT_RETURNED,NOT_RETURNED,NOT_RETURNED,ROUTE_OWNER_M01_NOT_RETURNED,UNKNOWN_PAGE_LEVEL
mbti,zh-CN,variant,INTP-A,https://fermatmind.com/zh/personality/intp-a,intp-a meaning; intp-a traits; intp-a work/stress,examples; limits; reflection; next step,one normalized query cluster → one primary canonical owner per locale,/zh/tests/mbti-personality-test-16-personality-types,existing_backend_authoritative_only,VERIFIED_M01_OBSERVED,M01 top-row aggregate; NOT_RETURNED is not zero; route locale is not GSC language; page-level indexing unavailable,17,12,6,1,114,0.877193,9.368421,138,270,ROUTE_OWNER_WITH_SHARED_QUERY_REVIEW,UNKNOWN_PAGE_LEVEL
mbti,zh-CN,at_comparison,intp-a-vs-intp-t,https://fermatmind.com/zh/personality/intp-a-vs-intp-t,intp a vs intp t difference; intp-a vs intp-t,examples; limits; reflection; next step,one normalized query cluster → one primary canonical owner per locale,/zh/tests/mbti-personality-test-16-personality-types,existing_backend_authoritative_only,VERIFIED_M01_OBSERVED,M01 top-row aggregate; NOT_RETURNED is not zero; route locale is not GSC language; page-level indexing unavailable,27,25,5,8,300,2.666667,6.373333,55,355,ROUTE_OWNER_WITH_SHARED_QUERY_REVIEW,UNKNOWN_PAGE_LEVEL
mbti,zh-CN,variant,INTP-T,https://fermatmind.com/zh/personality/intp-t,intp-t meaning; intp-t traits; intp-t work/stress,examples; limits; reflection; next step,one normalized query cluster → one primary canonical owner per locale,/zh/tests/mbti-personality-test-16-personality-types,existing_backend_authoritative_only,INFERRED_ROUTE_TAXONOMY_M01_NOT_RETURNED,M01 top-row aggregate; NOT_RETURNED is not zero; route locale is not GSC language; page-level indexing unavailable,0,0,0,NOT_RETURNED,NOT_RETURNED,NOT_RETURNED,NOT_RETURNED,NOT_RETURNED,NOT_RETURNED,ROUTE_OWNER_M01_NOT_RETURNED,UNKNOWN_PAGE_LEVEL
mbti,zh-CN,base_type,ISFJ,https://fermatmind.com/zh/personality/isfj,isfj meaning; isfj personality; isfj traits,examples; limits; reflection; next step,one normalized query cluster → one primary canonical owner per locale,/zh/tests/mbti-personality-test-16-personality-types,existing_backend_authoritative_only,INFERRED_ROUTE_TAXONOMY_M01_NOT_RETURNED,M01 top-row aggregate; NOT_RETURNED is not zero; route locale is not GSC language; page-level indexing unavailable,0,0,0,NOT_RETURNED,NOT_RETURNED,NOT_RETURNED,NOT_RETURNED,NOT_RETURNED,NOT_RETURNED,ROUTE_OWNER_M01_NOT_RETURNED,UNKNOWN_PAGE_LEVEL
mbti,zh-CN,variant,ISFJ-A,https://fermatmind.com/zh/personality/isfj-a,isfj-a meaning; isfj-a traits; isfj-a work/stress,examples; limits; reflection; next step,one normalized query cluster → one primary canonical owner per locale,/zh/tests/mbti-personality-test-16-personality-types,existing_backend_authoritative_only,INFERRED_ROUTE_TAXONOMY_M01_NOT_RETURNED,M01 top-row aggregate; NOT_RETURNED is not zero; route locale is not GSC language; page-level indexing unavailable,0,0,0,NOT_RETURNED,NOT_RETURNED,NOT_RETURNED,NOT_RETURNED,NOT_RETURNED,NOT_RETURNED,ROUTE_OWNER_M01_NOT_RETURNED,UNKNOWN_PAGE_LEVEL
mbti,zh-CN,at_comparison,isfj-a-vs-isfj-t,https://fermatmind.com/zh/personality/isfj-a-vs-isfj-t,isfj a vs isfj t difference; isfj-a vs isfj-t,examples; limits; reflection; next step,one normalized query cluster → one primary canonical owner per locale,/zh/tests/mbti-personality-test-16-personality-types,existing_backend_authoritative_only,INFERRED_ROUTE_TAXONOMY_M01_NOT_RETURNED,M01 top-row aggregate; NOT_RETURNED is not zero; route locale is not GSC language; page-level indexing unavailable,0,0,0,NOT_RETURNED,NOT_RETURNED,NOT_RETURNED,NOT_RETURNED,NOT_RETURNED,NOT_RETURNED,ROUTE_OWNER_M01_NOT_RETURNED,UNKNOWN_PAGE_LEVEL
mbti,zh-CN,variant,ISFJ-T,https://fermatmind.com/zh/personality/isfj-t,isfj-t meaning; isfj-t traits; isfj-t work/stress,examples; limits; reflection; next step,one normalized query cluster → one primary canonical owner per locale,/zh/tests/mbti-personality-test-16-personality-types,existing_backend_authoritative_only,INFERRED_ROUTE_TAXONOMY_M01_NOT_RETURNED,M01 top-row aggregate; NOT_RETURNED is not zero; route locale is not GSC language; page-level indexing unavailable,0,0,0,NOT_RETURNED,NOT_RETURNED,NOT_RETURNED,NOT_RETURNED,NOT_RETURNED,NOT_RETURNED,ROUTE_OWNER_M01_NOT_RETURNED,UNKNOWN_PAGE_LEVEL
mbti,zh-CN,base_type,ISFP,https://fermatmind.com/zh/personality/isfp,isfp meaning; isfp personality; isfp traits,examples; limits; reflection; next step,one normalized query cluster → one primary canonical owner per locale,/zh/tests/mbti-personality-test-16-personality-types,existing_backend_authoritative_only,INFERRED_ROUTE_TAXONOMY_M01_NOT_RETURNED,M01 top-row aggregate; NOT_RETURNED is not zero; route locale is not GSC language; page-level indexing unavailable,0,0,0,NOT_RETURNED,NOT_RETURNED,NOT_RETURNED,NOT_RETURNED,NOT_RETURNED,NOT_RETURNED,ROUTE_OWNER_M01_NOT_RETURNED,UNKNOWN_PAGE_LEVEL
mbti,zh-CN,variant,ISFP-A,https://fermatmind.com/zh/personality/isfp-a,isfp-a meaning; isfp-a traits; isfp-a work/stress,examples; limits; reflection; next step,one normalized query cluster → one primary canonical owner per locale,/zh/tests/mbti-personality-test-16-personality-types,existing_backend_authoritative_only,VERIFIED_M01_OBSERVED,M01 top-row aggregate; NOT_RETURNED is not zero; route locale is not GSC language; page-level indexing unavailable,8,7,1,1,52,1.923077,12.269231,7,62,ROUTE_OWNER_WITH_SHARED_QUERY_REVIEW,UNKNOWN_PAGE_LEVEL
mbti,zh-CN,at_comparison,isfp-a-vs-isfp-t,https://fermatmind.com/zh/personality/isfp-a-vs-isfp-t,isfp a vs isfp t difference; isfp-a vs isfp-t,examples; limits; reflection; next step,one normalized query cluster → one primary canonical owner per locale,/zh/tests/mbti-personality-test-16-personality-types,existing_backend_authoritative_only,INFERRED_ROUTE_TAXONOMY_M01_NOT_RETURNED,M01 top-row aggregate; NOT_RETURNED is not zero; route locale is not GSC language; page-level indexing unavailable,0,0,0,NOT_RETURNED,NOT_RETURNED,NOT_RETURNED,NOT_RETURNED,NOT_RETURNED,NOT_RETURNED,ROUTE_OWNER_M01_NOT_RETURNED,UNKNOWN_PAGE_LEVEL
mbti,zh-CN,variant,ISFP-T,https://fermatmind.com/zh/personality/isfp-t,isfp-t meaning; isfp-t traits; isfp-t work/stress,examples; limits; reflection; next step,one normalized query cluster → one primary canonical owner per locale,/zh/tests/mbti-personality-test-16-personality-types,existing_backend_authoritative_only,INFERRED_ROUTE_TAXONOMY_M01_NOT_RETURNED,M01 top-row aggregate; NOT_RETURNED is not zero; route locale is not GSC language; page-level indexing unavailable,0,0,0,NOT_RETURNED,NOT_RETURNED,NOT_RETURNED,NOT_RETURNED,NOT_RETURNED,NOT_RETURNED,ROUTE_OWNER_M01_NOT_RETURNED,UNKNOWN_PAGE_LEVEL
mbti,zh-CN,cross_type_comparison,isfp-vs-infp,https://fermatmind.com/zh/personality/isfp-vs-infp,isfp vs infp difference; isfp vs infp,examples; limits; reflection; next step,one normalized query cluster → one primary canonical owner per locale,/zh/tests/mbti-personality-test-16-personality-types,existing_backend_authoritative_only,INFERRED_ROUTE_TAXONOMY_M01_NOT_RETURNED,M01 top-row aggregate; NOT_RETURNED is not zero; route locale is not GSC language; page-level indexing unavailable,0,0,0,NOT_RETURNED,NOT_RETURNED,NOT_RETURNED,NOT_RETURNED,NOT_RETURNED,NOT_RETURNED,ROUTE_OWNER_M01_NOT_RETURNED,UNKNOWN_PAGE_LEVEL
mbti,zh-CN,base_type,ISTJ,https://fermatmind.com/zh/personality/istj,istj meaning; istj personality; istj traits,examples; limits; reflection; next step,one normalized query cluster → one primary canonical owner per locale,/zh/tests/mbti-personality-test-16-personality-types,existing_backend_authoritative_only,INFERRED_ROUTE_TAXONOMY_M01_NOT_RETURNED,M01 top-row aggregate; NOT_RETURNED is not zero; route locale is not GSC language; page-level indexing unavailable,0,0,0,NOT_RETURNED,NOT_RETURNED,NOT_RETURNED,NOT_RETURNED,NOT_RETURNED,NOT_RETURNED,ROUTE_OWNER_M01_NOT_RETURNED,UNKNOWN_PAGE_LEVEL
mbti,zh-CN,variant,ISTJ-A,https://fermatmind.com/zh/personality/istj-a,istj-a meaning; istj-a traits; istj-a work/stress,examples; limits; reflection; next step,one normalized query cluster → one primary canonical owner per locale,/zh/tests/mbti-personality-test-16-personality-types,existing_backend_authoritative_only,VERIFIED_M01_OBSERVED,M01 top-row aggregate; NOT_RETURNED is not zero; route locale is not GSC language; page-level indexing unavailable,8,7,1,2,32,6.25,17,106,167,ROUTE_OWNER_WITH_SHARED_QUERY_REVIEW,UNKNOWN_PAGE_LEVEL
mbti,zh-CN,at_comparison,istj-a-vs-istj-t,https://fermatmind.com/zh/personality/istj-a-vs-istj-t,istj a vs istj t difference; istj-a vs istj-t,examples; limits; reflection; next step,one normalized query cluster → one primary canonical owner per locale,/zh/tests/mbti-personality-test-16-personality-types,existing_backend_authoritative_only,INFERRED_ROUTE_TAXONOMY_M01_NOT_RETURNED,M01 top-row aggregate; NOT_RETURNED is not zero; route locale is not GSC language; page-level indexing unavailable,0,0,0,NOT_RETURNED,NOT_RETURNED,NOT_RETURNED,NOT_RETURNED,NOT_RETURNED,NOT_RETURNED,ROUTE_OWNER_M01_NOT_RETURNED,UNKNOWN_PAGE_LEVEL
mbti,zh-CN,variant,ISTJ-T,https://fermatmind.com/zh/personality/istj-t,istj-t meaning; istj-t traits; istj-t work/stress,examples; limits; reflection; next step,one normalized query cluster → one primary canonical owner per locale,/zh/tests/mbti-personality-test-16-personality-types,existing_backend_authoritative_only,INFERRED_ROUTE_TAXONOMY_M01_NOT_RETURNED,M01 top-row aggregate; NOT_RETURNED is not zero; route locale is not GSC language; page-level indexing unavailable,0,0,0,NOT_RETURNED,NOT_RETURNED,NOT_RETURNED,NOT_RETURNED,NOT_RETURNED,NOT_RETURNED,ROUTE_OWNER_M01_NOT_RETURNED,UNKNOWN_PAGE_LEVEL
mbti,zh-CN,cross_type_comparison,istj-vs-isfj,https://fermatmind.com/zh/personality/istj-vs-isfj,istj vs isfj difference; istj vs isfj,examples; limits; reflection; next step,one normalized query cluster → one primary canonical owner per locale,/zh/tests/mbti-personality-test-16-personality-types,existing_backend_authoritative_only,VERIFIED_M01_OBSERVED,M01 top-row aggregate; NOT_RETURNED is not zero; route locale is not GSC language; page-level indexing unavailable,7,7,0,1,28,3.571429,9.214286,NOT_RETURNED,28,PRIMARY_OWNER_OBSERVED,UNKNOWN_PAGE_LEVEL
mbti,zh-CN,base_type,ISTP,https://fermatmind.com/zh/personality/istp,istp meaning; istp personality; istp traits,examples; limits; reflection; next step,one normalized query cluster → one primary canonical owner per locale,/zh/tests/mbti-personality-test-16-personality-types,existing_backend_authoritative_only,INFERRED_ROUTE_TAXONOMY_M01_NOT_RETURNED,M01 top-row aggregate; NOT_RETURNED is not zero; route locale is not GSC language; page-level indexing unavailable,0,0,0,NOT_RETURNED,NOT_RETURNED,NOT_RETURNED,NOT_RETURNED,NOT_RETURNED,NOT_RETURNED,ROUTE_OWNER_M01_NOT_RETURNED,UNKNOWN_PAGE_LEVEL
mbti,zh-CN,variant,ISTP-A,https://fermatmind.com/zh/personality/istp-a,istp-a meaning; istp-a traits; istp-a work/stress,examples; limits; reflection; next step,one normalized query cluster → one primary canonical owner per locale,/zh/tests/mbti-personality-test-16-personality-types,existing_backend_authoritative_only,VERIFIED_M01_OBSERVED,M01 top-row aggregate; NOT_RETURNED is not zero; route locale is not GSC language; page-level indexing unavailable,7,6,1,0,22,0,14.045455,66,100,ROUTE_OWNER_WITH_SHARED_QUERY_REVIEW,UNKNOWN_PAGE_LEVEL
mbti,zh-CN,at_comparison,istp-a-vs-istp-t,https://fermatmind.com/zh/personality/istp-a-vs-istp-t,istp a vs istp t difference; istp-a vs istp-t,examples; limits; reflection; next step,one normalized query cluster → one primary canonical owner per locale,/zh/tests/mbti-personality-test-16-personality-types,existing_backend_authoritative_only,INFERRED_ROUTE_TAXONOMY_M01_NOT_RETURNED,M01 top-row aggregate; NOT_RETURNED is not zero; route locale is not GSC language; page-level indexing unavailable,0,0,0,NOT_RETURNED,NOT_RETURNED,NOT_RETURNED,NOT_RETURNED,NOT_RETURNED,NOT_RETURNED,ROUTE_OWNER_M01_NOT_RETURNED,UNKNOWN_PAGE_LEVEL
mbti,zh-CN,variant,ISTP-T,https://fermatmind.com/zh/personality/istp-t,istp-t meaning; istp-t traits; istp-t work/stress,examples; limits; reflection; next step,one normalized query cluster → one primary canonical owner per locale,/zh/tests/mbti-personality-test-16-personality-types,existing_backend_authoritative_only,INFERRED_ROUTE_TAXONOMY_M01_NOT_RETURNED,M01 top-row aggregate; NOT_RETURNED is not zero; route locale is not GSC language; page-level indexing unavailable,0,0,0,NOT_RETURNED,NOT_RETURNED,NOT_RETURNED,NOT_RETURNED,NOT_RETURNED,NOT_RETURNED,ROUTE_OWNER_M01_NOT_RETURNED,UNKNOWN_PAGE_LEVEL
mbti,en,cross_type_comparison,enfp-vs-entp,https://fermatmind.com/en/personality/enfp-vs-entp,enfp vs entp differences,comparison examples and limitations,held EN authority; not an index owner until separate release gate,/en/tests/mbti-personality-test-16-personality-types,public_but_noindex_not_sitemap_not_llms,INFERRED_ROUTE_TAXONOMY_M01_NOT_RETURNED,M01 top-row aggregate; NOT_RETURNED is not zero; route locale is not GSC language; page-level indexing unavailable,0,0,0,NOT_RETURNED,NOT_RETURNED,NOT_RETURNED,NOT_RETURNED,NOT_RETURNED,NOT_RETURNED,HELD_NOT_SEARCH_OWNER,UNKNOWN_PAGE_LEVEL
mbti,en,cross_type_comparison,entj-vs-intj,https://fermatmind.com/en/personality/entj-vs-intj,entj vs intj differences,comparison examples and limitations,held EN authority; not an index owner until separate release gate,/en/tests/mbti-personality-test-16-personality-types,public_but_noindex_not_sitemap_not_llms,INFERRED_ROUTE_TAXONOMY_M01_NOT_RETURNED,M01 top-row aggregate; NOT_RETURNED is not zero; route locale is not GSC language; page-level indexing unavailable,0,0,0,NOT_RETURNED,NOT_RETURNED,NOT_RETURNED,NOT_RETURNED,NOT_RETURNED,NOT_RETURNED,HELD_NOT_SEARCH_OWNER,UNKNOWN_PAGE_LEVEL
mbti,en,cross_type_comparison,estj-vs-entj,https://fermatmind.com/en/personality/estj-vs-entj,estj vs entj differences,comparison examples and limitations,held EN authority; not an index owner until separate release gate,/en/tests/mbti-personality-test-16-personality-types,public_but_noindex_not_sitemap_not_llms,INFERRED_ROUTE_TAXONOMY_M01_NOT_RETURNED,M01 top-row aggregate; NOT_RETURNED is not zero; route locale is not GSC language; page-level indexing unavailable,0,0,0,NOT_RETURNED,NOT_RETURNED,NOT_RETURNED,NOT_RETURNED,NOT_RETURNED,NOT_RETURNED,HELD_NOT_SEARCH_OWNER,UNKNOWN_PAGE_LEVEL
mbti,en,cross_type_comparison,infj-vs-infp,https://fermatmind.com/en/personality/infj-vs-infp,infj vs infp differences,comparison examples and limitations,held EN authority; not an index owner until separate release gate,/en/tests/mbti-personality-test-16-personality-types,public_but_noindex_not_sitemap_not_llms,INFERRED_ROUTE_TAXONOMY_M01_NOT_RETURNED,M01 top-row aggregate; NOT_RETURNED is not zero; route locale is not GSC language; page-level indexing unavailable,0,0,0,NOT_RETURNED,NOT_RETURNED,NOT_RETURNED,NOT_RETURNED,NOT_RETURNED,NOT_RETURNED,HELD_NOT_SEARCH_OWNER,UNKNOWN_PAGE_LEVEL
mbti,en,cross_type_comparison,intj-vs-intp,https://fermatmind.com/en/personality/intj-vs-intp,intj vs intp differences,comparison examples and limitations,held EN authority; not an index owner until separate release gate,/en/tests/mbti-personality-test-16-personality-types,public_but_noindex_not_sitemap_not_llms,INFERRED_ROUTE_TAXONOMY_M01_NOT_RETURNED,M01 top-row aggregate; NOT_RETURNED is not zero; route locale is not GSC language; page-level indexing unavailable,0,0,0,NOT_RETURNED,NOT_RETURNED,NOT_RETURNED,NOT_RETURNED,NOT_RETURNED,NOT_RETURNED,HELD_NOT_SEARCH_OWNER,UNKNOWN_PAGE_LEVEL
mbti,en,cross_type_comparison,isfp-vs-infp,https://fermatmind.com/en/personality/isfp-vs-infp,isfp vs infp differences,comparison examples and limitations,held EN authority; not an index owner until separate release gate,/en/tests/mbti-personality-test-16-personality-types,public_but_noindex_not_sitemap_not_llms,INFERRED_ROUTE_TAXONOMY_M01_NOT_RETURNED,M01 top-row aggregate; NOT_RETURNED is not zero; route locale is not GSC language; page-level indexing unavailable,0,0,0,NOT_RETURNED,NOT_RETURNED,NOT_RETURNED,NOT_RETURNED,NOT_RETURNED,NOT_RETURNED,HELD_NOT_SEARCH_OWNER,UNKNOWN_PAGE_LEVEL
mbti,en,cross_type_comparison,istj-vs-isfj,https://fermatmind.com/en/personality/istj-vs-isfj,istj vs isfj differences,comparison examples and limitations,held EN authority; not an index owner until separate release gate,/en/tests/mbti-personality-test-16-personality-types,public_but_noindex_not_sitemap_not_llms,INFERRED_ROUTE_TAXONOMY_M01_NOT_RETURNED,M01 top-row aggregate; NOT_RETURNED is not zero; route locale is not GSC language; page-level indexing unavailable,0,0,0,NOT_RETURNED,NOT_RETURNED,NOT_RETURNED,NOT_RETURNED,NOT_RETURNED,NOT_RETURNED,HELD_NOT_SEARCH_OWNER,UNKNOWN_PAGE_LEVEL
