article_id,translation_group_id,locale,slug,canonical_url,title,h1,excerpt,category,tags,primary_topic,secondary_topics,author,reviewer,published_at,updated_at,current_cms_revision_identity,cms_status,is_public,http_status,canonical,hreflang,robots,sitemap_state,llms_state,schema_state,backend_structured_data_keys,live_jsonld_types,live_jsonld_parse_errors,visible_faq_count,faq_schema_count,word_count,source_reference_state,claim_sensitivity,primary_cta,cta_target,inbound_links,outbound_links,related_articles,related_tests,related_personality_pages,related_career_pages,gsc_clicks_7d,gsc_impressions_7d,gsc_ctr_7d,gsc_position_7d,gsc_clicks_28d,gsc_impressions_28d,gsc_ctr_28d,gsc_position_28d,gsc_clicks_prev28d,gsc_impressions_prev28d,gsc_ctr_prev28d,gsc_position_prev28d,gsc_clicks_90d,gsc_impressions_90d,gsc_ctr_90d,gsc_position_90d,ga4_views_28d,ga4_users_28d,ga4_engagement_28d,article_to_test_clicks_28d,test_starts_attributed_28d,qualified_completes_attributed_28d,primary_classification,secondary_classifications,primary_action,classification_rationale,evidence_status,reassessment_date
26,article-11,en,are-infj-men-rare-or-socially-silenced,https://fermatmind.com/en/articles/are-infj-men-rare-or-socially-silenced,"Are INFJ Men Rare, or Have Sensitive Men Learned to Stay Silent?","Are INFJ Men Rare, or Have Sensitive Men Learned to Stay Silent?","The rare thing may not be this kind of man. It may be an environment where he can be seen without hiding behind performance, reason, or silence.",Personality Psychology,INFJ | Emotional Expression | Masculinity Norms | Self-Silencing | Highly Sensitive People,EQ,Unknown,Fermat Institute,Unknown,2026-04-23T13:19:29.000000Z,2026-04-23T13:19:30.000000Z,25,published,true,200,https://fermatmind.com/en/articles/are-infj-men-rare-or-socially-silenced,en=https://fermatmind.com/en/articles/are-infj-men-rare-or-socially-silenced | zh=https://fermatmind.com/zh/articles/are-infj-men-rare-or-socially-silenced | zh-CN=https://fermatmind.com/zh/articles/are-infj-men-rare-or-socially-silenced,"index,follow",included_verified,observed,none_observed_in_server_html,Article | Person,none_observed,0,2,0,1373,no_explicit_external_ref_detected:0,ability_sensitive,Take the test,https://fermatmind.com/en/tests/mbti-personality-test-16-personality-types,article_cohort:0;sitewide:Unknown,0,Unknown,Unknown,Unknown,Unknown,Unknown,Unknown,Unknown,Unknown,0,13,0.0%,11.46,0,26,0.0%,10.27,0,59,0.0%,9.68,Unknown,Unknown,Unknown,Unknown,Unknown,Unknown,Unclassified,CTA present; Conversion UNKNOWN,NEED_MORE_DATA,M01 page grain=observed current28 page row; current28 clicks=0; impressions=13; position=11.46; CTA=present,API/live=VERIFIED; GSC page=current M01 single-dimension/source-limited; query×page=UNKNOWN; GA4/article attribution=UNKNOWN,2026-11-08
27,article-12,en,best-valentines-date-by-personality-and-relationship-science,https://fermatmind.com/en/articles/best-valentines-date-by-personality-and-relationship-science,A Lower-Friction Valentine’s Day: Designing Dates with Personality and Relationship Science,A Lower-Friction Valentine’s Day: Designing Dates with Personality and Relationship Science,"A good date is not necessarily expensive, crowded, or cinematic. It fits the relationship goal, stimulation threshold, and safety boundaries of the two people involved.",Relationships and Love,Intimate Relationships | Personality Psychology | Relationship Science | Valentine's Day | Date Design,MBTI,Unknown,Fermat Institute,Unknown,2026-04-23T13:19:29.000000Z,2026-04-23T13:19:30.000000Z,26,published,true,200,https://fermatmind.com/en/articles/best-valentines-date-by-personality-and-relationship-science,en=https://fermatmind.com/en/articles/best-valentines-date-by-personality-and-relationship-science | zh=https://fermatmind.com/zh/articles/best-valentines-date-by-personality-and-relationship-science | zh-CN=https://fermatmind.com/zh/articles/best-valentines-date-by-personality-and-relationship-science,"index,follow",included_verified,observed,none_observed_in_server_html,Article | Person,none_observed,0,2,0,1430,no_explicit_external_ref_detected:0,relationship_sensitive,Take the test,https://fermatmind.com/en/tests/mbti-personality-test-16-personality-types,article_cohort:0;sitewide:Unknown,0,Unknown,Unknown,Unknown,Unknown,Unknown,Unknown,Unknown,Unknown,0,17,0.0%,14.29,0,77,0.0%,8.3,0,110,0.0%,9.05,Unknown,Unknown,Unknown,Unknown,Unknown,Unknown,Authority,CTA present; Conversion UNKNOWN,KEEP_AUTHORITY,M01 page grain=observed current28 page row; current28 clicks=0; impressions=17; position=14.29; CTA=present,API/live=VERIFIED; GSC page=current M01 single-dimension/source-limited; query×page=UNKNOWN; GA4/article attribution=UNKNOWN,2026-11-08
81,tg_big_five_conscientiousness_task_plan_2026v1,en,big-five-conscientiousness-low-procrastination-task-plan,https://fermatmind.com/en/articles/big-five-conscientiousness-low-procrastination-task-plan,"Low Conscientiousness in the Big Five: Procrastination Triggers, Task Splitting, and Execution Checklists","Low Conscientiousness in the Big Five: Procrastination Triggers, Task Splitting, and Execution Checklists","Use a low Big Five conscientiousness result to map procrastination triggers, 15-minute task starts, feedback loops, and weekly review habits.",Big Five,Big Five | OCEAN | Conscientiousness | Procrastination | Task planning | Self-regulation,Big Five,Unknown,Fermat Institute,Unknown,2026-07-05T05:45:44.000000Z,2026-07-05T05:45:44.000000Z,101,published,true,200,https://fermatmind.com/en/articles/big-five-conscientiousness-low-procrastination-task-plan,en=https://fermatmind.com/en/articles/big-five-conscientiousness-low-procrastination-task-plan | zh=https://fermatmind.com/zh/articles/big-five-conscientiousness-low-procrastination-task-plan | zh-CN=https://fermatmind.com/zh/articles/big-five-conscientiousness-low-procrastination-task-plan,"index,follow",included_verified,observed,none_observed_in_server_html,none_declared,none_observed,0,2,0,2038,no_explicit_external_ref_detected:0,identity_sensitive,"Take the Big Five test, then use this checklist to observe procrastination triggers and execution systems",https://fermatmind.com/en/tests/big-five-personality-test-ocean-model,article_cohort:0;sitewide:Unknown,1,Unknown,/en/tests/big-five-personality-test-ocean-model,Unknown,Unknown,Unknown,Unknown,Unknown,Unknown,0,29,0.0%,11.66,0,2,0.0%,21.0,0,31,0.0%,12.26,Unknown,Unknown,Unknown,Unknown,Unknown,Unknown,Unclassified,CTA present; Conversion UNKNOWN,NEED_MORE_DATA,M01 page grain=observed current28 page row; current28 clicks=0; impressions=29; position=11.66; CTA=present,API/live=VERIFIED; GSC page=current M01 single-dimension/source-limited; query×page=UNKNOWN; GA4/article attribution=UNKNOWN,2026-11-08
79,tg_big_five_emotional_stability_stress_2026v1,en,big-five-emotional-stability-stress-recovery-communication,https://fermatmind.com/en/articles/big-five-emotional-stability-stress-recovery-communication,"Low Emotional Stability in the Big Five: Stress Triggers, Recovery Habits, and Communication Boundaries","Low Emotional Stability in the Big Five: Stress Triggers, Recovery Habits, and Communication Boundaries","Use low Emotional Stability as a stress-sensitivity signal, not a diagnosis. Map triggers, recovery habits, communication boundaries, and support signals.",Personality Tests,Big Five | OCEAN | Neuroticism | Emotional Stability | Stress Recovery | Communication Boundaries,Big Five,Unknown,Fermat Institute,Unknown,2026-07-04T04:35:25.000000Z,2026-07-04T04:35:25.000000Z,99,published,true,200,https://fermatmind.com/en/articles/big-five-emotional-stability-stress-recovery-communication,en=https://fermatmind.com/en/articles/big-five-emotional-stability-stress-recovery-communication | zh=https://fermatmind.com/zh/articles/big-five-emotional-stability-stress-recovery-communication | zh-CN=https://fermatmind.com/zh/articles/big-five-emotional-stability-stress-recovery-communication,"index,follow",included_verified,observed,none_observed_in_server_html,none_declared,none_observed,0,2,0,2230,no_explicit_external_ref_detected:0,identity_sensitive,"Take the Big Five test, then map your stress triggers",https://fermatmind.com/en/tests/big-five-personality-test-ocean-model,article_cohort:0;sitewide:Unknown,1,Unknown,/en/tests/big-five-personality-test-ocean-model,Unknown,Unknown,Unknown,Unknown,Unknown,Unknown,0,173,0.0%,12.31,0,140,0.0%,13.95,0,313,0.0%,13.04,Unknown,Unknown,Unknown,Unknown,Unknown,Unknown,Near Winner,CTA present; Conversion UNKNOWN,NEED_MORE_DATA,M01 page grain=observed current28 page row; current28 clicks=0; impressions=173; position=12.31; CTA=present,API/live=VERIFIED; GSC page=current M01 single-dimension/source-limited; query×page=UNKNOWN; GA4/article attribution=UNKNOWN,2026-11-08
186,big5-v2-f29331ce54d2f28a7051702932c39aaf69d2bf61,en,big-five-growth-guide,https://fermatmind.com/en/articles/big-five-growth-guide,How Can Big Five Personality Results Support Growth? A Five-Dimensional Behavioral Experiment and Review Guide,How Can Big Five Personality Results Support Growth? A Five-Dimensional Behavioral Experiment and Review Guide,"Do not chase ideal personality scores; instead, set a realistic goal and turn trait assumptions into observable, actionable, and reviewable behavioral experiments.",人格心理学,Unknown,Big Five,Unknown,FermatMind Editorial,Unknown,2026-08-03T07:10:42.000000Z,2026-08-03T08:24:46.000000Z,447,published,true,200,https://fermatmind.com/en/articles/big-five-growth-guide,zh=https://fermatmind.com/zh/articles/big-five-growth-guide | zh-CN=https://fermatmind.com/zh/articles/big-five-growth-guide,"noindex,nofollow",excluded_by_authority,excluded_by_authority,none_observed_in_server_html,none_declared,none_observed,0,2,0,1566,present_public_source_refs:3,identity_sensitive,Take the test,https://fermatmind.com/en/tests/mbti-personality-test-16-personality-types,article_cohort:0;sitewide:Unknown,0,Unknown,Unknown,Unknown,Unknown,Unknown,Unknown,Unknown,Unknown,Unknown,Unknown,Unknown,Unknown,Unknown,Unknown,Unknown,Unknown,Unknown,Unknown,Unknown,Unknown,Unknown,Unknown,Unknown,Unknown,Unknown,Unknown,Authority,CTA present; Conversion UNKNOWN,KEEP_AUTHORITY,M01 page grain=not present in capped current28 page export; metrics remain Unknown; current28 clicks=Unknown; impressions=Unknown; position=Unknown; CTA=present,API/live=VERIFIED; GSC page=current M01 single-dimension/source-limited; query×page=UNKNOWN; GA4/article attribution=UNKNOWN,2026-11-08
187,big5-v2-8381cc150e7180b365a397ce3e3a25e2626b8970,en,big-five-narrative-portrait,https://fermatmind.com/en/articles/big-five-narrative-portrait,How Should You Read a Big Five Personality Profile? Turning OCEAN Scores into a Personal Narrative,How Should You Read a Big Five Personality Profile? Turning OCEAN Scores into a Personal Narrative,"Put each OCEAN dimension back into context. Map possible behaviors, costs, counterexamples, and questions to test, creating a profile you can review rather than a fixed label.",人格心理学,Unknown,Big Five,Unknown,FermatMind Editorial,Unknown,2026-08-03T07:10:43.000000Z,2026-08-03T08:24:46.000000Z,448,published,true,200,https://fermatmind.com/en/articles/big-five-narrative-portrait,zh=https://fermatmind.com/zh/articles/big-five-narrative-portrait | zh-CN=https://fermatmind.com/zh/articles/big-five-narrative-portrait,"noindex,nofollow",excluded_by_authority,excluded_by_authority,none_observed_in_server_html,none_declared,none_observed,0,2,0,1648,present_public_source_refs:1,identity_sensitive,Take the test,https://fermatmind.com/en/tests/mbti-personality-test-16-personality-types,article_cohort:0;sitewide:Unknown,0,Unknown,Unknown,Unknown,Unknown,Unknown,Unknown,Unknown,Unknown,Unknown,Unknown,Unknown,Unknown,Unknown,Unknown,Unknown,Unknown,Unknown,Unknown,Unknown,Unknown,Unknown,Unknown,Unknown,Unknown,Unknown,Unknown,Unclassified,CTA present; Conversion UNKNOWN,NEED_MORE_DATA,M01 page grain=not present in capped current28 page export; metrics remain Unknown; current28 clicks=Unknown; impressions=Unknown; position=Unknown; CTA=present,API/live=VERIFIED; GSC page=current M01 single-dimension/source-limited; query×page=UNKNOWN; GA4/article attribution=UNKNOWN,2026-11-08
35,e4fb93e4-9010-48bb-9a28-312414ca45a9,en,big-five-personality-test-vs-mbti,https://fermatmind.com/en/articles/big-five-personality-test-vs-mbti,Big Five Personality Test: Is It More Scientific Than MBTI—and What Can It Really Tell You?,Big Five Personality Test: Is It More Scientific Than MBTI—and What Can It Really Tell You?,"The Big Five is not a personality label. It is a five-trait map for understanding work style, stress patterns, and behavior.",Personality Psychology,MBTI | Big Five | Personality Test | OCEAN | Workstyle,Big Five,Unknown,Fermat Institute,Unknown,2026-05-17T09:58:31.000000Z,2026-05-17T09:58:31.000000Z,40,published,true,200,https://fermatmind.com/en/articles/big-five-personality-test-vs-mbti,en=https://fermatmind.com/en/articles/big-five-personality-test-vs-mbti | zh=https://fermatmind.com/zh/articles/big-five-personality-test-vs-mbti | zh-CN=https://fermatmind.com/zh/articles/big-five-personality-test-vs-mbti,"index,follow",included_verified,observed,none_observed_in_server_html,none_declared,none_observed,0,5,0,2606,no_explicit_external_ref_detected:0,identity_sensitive,Start the Big Five test,https://fermatmind.com/en/tests/big-five-personality-test,article_cohort:0;sitewide:Unknown,3,Unknown,/en/tests/big-five-personality-test-ocean-model | /en/tests/mbti-personality-test-16-personality-types | /en/tests/holland-career-interest-test-riasec,Unknown,Unknown,Unknown,Unknown,Unknown,Unknown,Unknown,Unknown,Unknown,Unknown,Unknown,Unknown,Unknown,Unknown,Unknown,Unknown,Unknown,Unknown,Unknown,Unknown,Unknown,Unknown,Unknown,Unknown,Unclassified,CTA present; Conversion UNKNOWN,NEED_MORE_DATA,M01 page grain=not present in capped current28 page export; metrics remain Unknown; current28 clicks=Unknown; impressions=Unknown; position=Unknown; CTA=present,API/live=VERIFIED; GSC page=current M01 single-dimension/source-limited; query×page=UNKNOWN; GA4/article attribution=UNKNOWN,2026-11-08
188,big5-v2-df8d5e7f157e301b9a0f4dc8e6b8c3b66c7e31f4,en,big-five-tool-guide,https://fermatmind.com/en/articles/big-five-tool-guide,Big Five Personality Test Guide: How to Use Results and Respect Their Limits,Big Five Personality Test Guide: How to Use Results and Respect Their Limits,"First verify the tools, scores, and comparison criteria, then use low-risk observation to gather both confirmatory evidence and counterexamples; do not let a single personality test determine ability, identity, or future.",人格心理学,Unknown,Big Five,Unknown,Unknown,Unknown,2026-08-03T07:10:44.000000Z,2026-08-03T08:24:46.000000Z,449,published,true,200,https://fermatmind.com/en/articles/big-five-tool-guide,zh=https://fermatmind.com/zh/articles/big-five-tool-guide | zh-CN=https://fermatmind.com/zh/articles/big-five-tool-guide,"noindex,nofollow",excluded_by_authority,excluded_by_authority,none_observed_in_server_html,none_declared,none_observed,0,2,0,2270,present_public_source_refs:2,identity_sensitive,Take the test,https://fermatmind.com/en/tests/mbti-personality-test-16-personality-types,article_cohort:0;sitewide:Unknown,0,Unknown,Unknown,Unknown,Unknown,Unknown,Unknown,Unknown,Unknown,Unknown,Unknown,Unknown,Unknown,Unknown,Unknown,Unknown,Unknown,Unknown,Unknown,Unknown,Unknown,Unknown,Unknown,Unknown,Unknown,Unknown,Unknown,Authority,CTA present; Conversion UNKNOWN,KEEP_AUTHORITY,M01 page grain=not present in capped current28 page export; metrics remain Unknown; current28 clicks=Unknown; impressions=Unknown; position=Unknown; CTA=present,API/live=VERIFIED; GSC page=current M01 single-dimension/source-limited; query×page=UNKNOWN; GA4/article attribution=UNKNOWN,2026-11-08
47,tg_article_career_interest_vs_personality_test_2026v1,en,career-interest-test-vs-personality-test,https://fermatmind.com/en/articles/career-interest-test-vs-personality-test,Career Interest Test vs Personality Test: Which Should You Take First?,Career Interest Test vs Personality Test: Which Should You Take First?,"Confused between career interest and personality tests? Learn how Holland Code, MBTI, and Big Five answer different career exploration questions.",SEO Articles,RIASEC | MBTI | Big Five | Personality Test | Career Assessment | Career Interest Test | career exploration,RIASEC/Career Decision,Unknown,Fermat Institute,Unknown,2026-06-12T14:04:34.000000Z,2026-06-12T14:04:34.000000Z,53,published,true,200,https://fermatmind.com/en/articles/career-interest-test-vs-personality-test,en=https://fermatmind.com/en/articles/career-interest-test-vs-personality-test | zh=https://fermatmind.com/zh/articles/career-interest-vs-personality-test-differences | zh-CN=https://fermatmind.com/zh/articles/career-interest-vs-personality-test-differences,"index,follow",included_verified,observed,none_observed_in_server_html,Article | Person,none_observed,0,5,0,1619,no_explicit_external_ref_detected:0,career_sensitive,Take the test,https://fermatmind.com/en/tests/holland-career-interest-test-riasec,article_cohort:0;sitewide:Unknown,1,Unknown,/en/tests/holland-career-interest-test-riasec,Unknown,Unknown,Unknown,Unknown,Unknown,Unknown,0,16,0.0%,10.19,0,34,0.0%,9.44,0,66,0.0%,9.11,Unknown,Unknown,Unknown,Unknown,Unknown,Unknown,Unclassified,CTA present; Conversion UNKNOWN,NEED_MORE_DATA,M01 page grain=observed current28 page row; current28 clicks=0; impressions=16; position=10.19; CTA=present,API/live=VERIFIED; GSC page=current M01 single-dimension/source-limited; query×page=UNKNOWN; GA4/article attribution=UNKNOWN,2026-11-08
29,article-13,en,childhood-dream-job-still-shapes-career-choice,https://fermatmind.com/en/articles/childhood-dream-job-still-shapes-career-choice,Why Your Childhood Dream Job Still Shapes Your Career Decisions,Why Your Childhood Dream Job Still Shapes Your Career Decisions,"A childhood dream job does not predict your future, but it often reveals early preferences about work structure, role identity, and the life you want work to support.",Unknown,Unknown,RIASEC/Career Decision,Unknown,Fermat Institute,Unknown,2026-04-23T11:24:08.000000Z,2026-04-23T11:24:08.000000Z,28,published,true,200,https://fermatmind.com/en/articles/childhood-dream-job-still-shapes-career-choice,en=https://fermatmind.com/en/articles/childhood-dream-job-still-shapes-career-choice | zh=https://fermatmind.com/zh/articles/childhood-dream-job-still-shapes-career-choice | zh-CN=https://fermatmind.com/zh/articles/childhood-dream-job-still-shapes-career-choice,"index,follow",included_verified,observed,none_observed_in_server_html,Article | Person,none_observed,0,2,0,1746,present_public_source_refs:6,career_sensitive,Take the test,https://fermatmind.com/en/tests/mbti-personality-test-16-personality-types,article_cohort:0;sitewide:Unknown,0,Unknown,Unknown,Unknown,Unknown,Unknown,Unknown,Unknown,Unknown,Unknown,Unknown,Unknown,Unknown,0,3,0.0%,8.0,0,7,0.0%,9.43,Unknown,Unknown,Unknown,Unknown,Unknown,Unknown,Authority,CTA present; Conversion UNKNOWN,KEEP_AUTHORITY,M01 page grain=not present in capped current28 page export; metrics remain Unknown; current28 clicks=Unknown; impressions=Unknown; position=Unknown; CTA=present,API/live=VERIFIED; GSC page=current M01 single-dimension/source-limited; query×page=UNKNOWN; GA4/article attribution=UNKNOWN,2026-11-08
49,tg_article_career_exploration_map_2026v1,en,choose-career-using-personality-tests,https://fermatmind.com/en/articles/choose-career-using-personality-tests,I Don’t Know What Career Is Right for Me: A Practical Career Exploration Map,I Don’t Know What Career Is Right for Me: A Practical Career Exploration Map,"Not sure what career is right for you? Learn how to use RIASEC, MBTI, Big Five, and real-world validation to build a practical career exploration map.",SEO Articles,RIASEC | MBTI | Big Five | Personality Test | Career Assessment | Career Interest Test | career exploration,RIASEC/Career Decision,Unknown,Fermat Institute,Unknown,2026-06-13T01:13:48.000000Z,2026-06-13T01:13:48.000000Z,55,published,true,200,https://fermatmind.com/en/articles/choose-career-using-personality-tests,en=https://fermatmind.com/en/articles/choose-career-using-personality-tests | zh=https://fermatmind.com/zh/articles/career-confusion-test-map | zh-CN=https://fermatmind.com/zh/articles/career-confusion-test-map,"index,follow",included_verified,observed,none_observed_in_server_html,Article | Person,none_observed,0,2,0,1258,no_explicit_external_ref_detected:0,career_sensitive,Take the test,https://fermatmind.com/en/tests/holland-career-interest-test-riasec,article_cohort:0;sitewide:Unknown,1,Unknown,/en/tests/holland-career-interest-test-riasec,Unknown,Unknown,Unknown,Unknown,Unknown,Unknown,0,13,0.0%,16.85,0,7,0.0%,7.0,0,20,0.0%,13.4,Unknown,Unknown,Unknown,Unknown,Unknown,Unknown,Unclassified,CTA present; Conversion UNKNOWN,NEED_MORE_DATA,M01 page grain=observed current28 page row; current28 clicks=0; impressions=13; position=16.85; CTA=present,API/live=VERIFIED; GSC page=current M01 single-dimension/source-limited; query×page=UNKNOWN; GA4/article attribution=UNKNOWN,2026-11-08
189,tg_article_college_major_choice_holland_mbti_career_test_2026v1,en,college-major-choice-holland-mbti-career-test,https://fermatmind.com/en/articles/college-major-choice-holland-mbti-career-test,"Choosing a College Major After the Gaokao: How to Use RIASEC, MBTI, and Career Interest Tests","Choosing a College Major After the Gaokao: How to Use RIASEC, MBTI, and Career Interest Tests","Before submitting Gaokao applications, use RIASEC, MBTI, and real-world exploration as inputs—not verdicts—when comparing majors. This guide explains what these tools can and cannot tell you.",职业决策,Unknown,RIASEC/Career Decision,Unknown,Fermat Institute,Unknown,2026-08-03T07:10:46.000000Z,2026-08-03T08:24:47.000000Z,450,published,true,200,https://fermatmind.com/en/articles/college-major-choice-holland-mbti-career-test,zh=https://fermatmind.com/zh/articles/college-major-choice-holland-mbti-career-test | zh-CN=https://fermatmind.com/zh/articles/college-major-choice-holland-mbti-career-test,"noindex,nofollow",excluded_by_authority,excluded_by_authority,none_observed_in_server_html,Article | Person,none_observed,0,2,0,4527,no_explicit_external_ref_detected:0,career_sensitive,Take the test,https://fermatmind.com/en/tests/mbti-personality-test-16-personality-types,article_cohort:0;sitewide:Unknown,0,Unknown,Unknown,Unknown,Unknown,Unknown,Unknown,Unknown,Unknown,Unknown,Unknown,Unknown,Unknown,Unknown,Unknown,Unknown,Unknown,Unknown,Unknown,Unknown,Unknown,Unknown,Unknown,Unknown,Unknown,Unknown,Unknown,Unclassified,CTA present; Conversion UNKNOWN,NEED_MORE_DATA,M01 page grain=not present in capped current28 page export; metrics remain Unknown; current28 clicks=Unknown; impressions=Unknown; position=Unknown; CTA=present,API/live=VERIFIED; GSC page=current M01 single-dimension/source-limited; query×page=UNKNOWN; GA4/article attribution=UNKNOWN,2026-11-08
190,tg_article_enneagram_personality_test_explained_2026v1,en,enneagram-personality-test-explained,https://fermatmind.com/en/articles/enneagram-personality-test-explained,"Are Enneagram Tests Reliable? Nine Types, Core Motivations, and Result Boundaries","Are Enneagram Tests Reliable? Nine Types, Core Motivations, and Result Boundaries","An Enneagram test can help you observe core motivations, attention patterns, and automatic reactions under stress. It should not be treated as a professional diagnosis, a recruitment screen, or a predictor of career success.",人格心理学,Unknown,Enneagram,Unknown,FermatMind,Unknown,2026-08-03T07:10:46.000000Z,2026-08-03T08:24:47.000000Z,451,published,true,200,https://fermatmind.com/en/articles/enneagram-personality-test-explained,zh=https://fermatmind.com/zh/articles/enneagram-personality-test-explained | zh-CN=https://fermatmind.com/zh/articles/enneagram-personality-test-explained,"noindex,nofollow",excluded_by_authority,excluded_by_authority,none_observed_in_server_html,Article | Person,none_observed,0,2,0,5003,no_explicit_external_ref_detected:0,identity_sensitive,Take the test,https://fermatmind.com/en/tests/mbti-personality-test-16-personality-types,article_cohort:0;sitewide:Unknown,0,Unknown,Unknown,Unknown,Unknown,Unknown,Unknown,Unknown,Unknown,Unknown,Unknown,Unknown,Unknown,Unknown,Unknown,Unknown,Unknown,Unknown,Unknown,Unknown,Unknown,Unknown,Unknown,Unknown,Unknown,Unknown,Unknown,Unclassified,CTA present; Conversion UNKNOWN,NEED_MORE_DATA,M01 page grain=not present in capped current28 page export; metrics remain Unknown; current28 clicks=Unknown; impressions=Unknown; position=Unknown; CTA=present,API/live=VERIFIED; GSC page=current M01 single-dimension/source-limited; query×page=UNKNOWN; GA4/article attribution=UNKNOWN,2026-11-08
69,tg_enneagram_workplace_friction_core_motivations_2026v1,en,enneagram-workplace-friction-core-motivations,https://fermatmind.com/en/articles/enneagram-workplace-friction-core-motivations,Enneagram Workplace Friction: Core Motivations & Conflict Guide,Enneagram Workplace Friction: Core Motivations & Conflict Guide,"Deconstruct office friction using the Enneagram lens. Map core motivations to concrete feedback loops, stress patterns, and safer communication experiments.",Workplace Communication,Enneagram | workplace friction | communication | stress response | self-reflection,Enneagram,Unknown,Fermat Institute,Unknown,2026-06-30T14:05:10.000000Z,2026-06-30T14:05:10.000000Z,89,published,true,200,https://fermatmind.com/en/articles/enneagram-workplace-friction-core-motivations,en=https://fermatmind.com/en/articles/enneagram-workplace-friction-core-motivations | zh=https://fermatmind.com/zh/articles/enneagram-workplace-friction-core-motivations | zh-CN=https://fermatmind.com/zh/articles/enneagram-workplace-friction-core-motivations,"index,follow",included_verified,observed,none_observed_in_server_html,Article | Person,none_observed,0,2,0,2349,no_explicit_external_ref_detected:0,identity_sensitive,"Take the Enneagram test, then compare the result with one recent workplace friction scene",https://fermatmind.com/en/tests/enneagram-personality-test-nine-types,article_cohort:0;sitewide:Unknown,1,Unknown,/en/tests/enneagram-personality-test-nine-types,Unknown,Unknown,Unknown,Unknown,Unknown,Unknown,0,8,0.0%,10.0,0,21,0.0%,9.67,0,29,0.0%,9.76,Unknown,Unknown,Unknown,Unknown,Unknown,Unknown,Unclassified,CTA present; Conversion UNKNOWN,NEED_MORE_DATA,M01 page grain=observed current28 page row; current28 clicks=0; impressions=8; position=10.0; CTA=present,API/live=VERIFIED; GSC page=current M01 single-dimension/source-limited; query×page=UNKNOWN; GA4/article attribution=UNKNOWN,2026-11-08
191,article-4,en,eq-test-tool-guide,https://fermatmind.com/en/articles/eq-test-tool-guide,Are EQ Tests Reliable? How to Read Scores and What They Say About Emotion Management and Relationships,Are EQ Tests Reliable? How to Read Scores and What They Say About Emotion Management and Relationships,"An emotional intelligence test can help you observe cues related to emotional awareness, regulation, interpersonal communication, and recovery from stress. It cannot diagnose a psychological condition, predict success, or screen job candidates. This article explains how to interpret EQ scores, what they measure, and how to turn results into practical next steps.",人格心理学,Unknown,EQ,Unknown,Unknown,Unknown,2026-08-03T07:10:47.000000Z,2026-08-03T08:24:47.000000Z,452,published,true,200,https://fermatmind.com/en/articles/eq-test-tool-guide,zh=https://fermatmind.com/zh/articles/eq-test-tool-guide | zh-CN=https://fermatmind.com/zh/articles/eq-test-tool-guide,"noindex,nofollow",excluded_by_authority,excluded_by_authority,none_observed_in_server_html,Article,none_observed,0,2,0,3687,no_explicit_external_ref_detected:0,ability_sensitive,Take the test,https://fermatmind.com/en/tests/mbti-personality-test-16-personality-types,article_cohort:0;sitewide:Unknown,0,Unknown,Unknown,Unknown,Unknown,Unknown,Unknown,Unknown,Unknown,Unknown,Unknown,Unknown,Unknown,Unknown,Unknown,Unknown,Unknown,Unknown,Unknown,Unknown,Unknown,Unknown,Unknown,Unknown,Unknown,Unknown,Unknown,Unclassified,CTA present; Conversion UNKNOWN,NEED_MORE_DATA,M01 page grain=not present in capped current28 page export; metrics remain Unknown; current28 clicks=Unknown; impressions=Unknown; position=Unknown; CTA=present,API/live=VERIFIED; GSC page=current M01 single-dimension/source-limited; query×page=UNKNOWN; GA4/article attribution=UNKNOWN,2026-11-08
192,tg_gaokao_adjustment_unacceptable_major_2026v1,en,gaokao-major-adjustment-unacceptable-major-checklist,https://fermatmind.com/en/articles/gaokao-major-adjustment-unacceptable-major-checklist,Should You Accept Major Reassignment in Gaokao Applications? Start with the Unacceptable Majors in Each Program Group,Should You Accept Major Reassignment in Gaokao Applications? Start with the Unacceptable Majors in Each Program Group,"Before selecting “accept major reassignment” for a university program group, sort every major in that group into three categories: unacceptable, pending verification, or acceptable. Then use coursework, eligibility rules, and family cost constraints to decide whether the reassignment risk is one you can accept.",高考志愿,Unknown,RIASEC/Career Decision,Unknown,Fermat Institute,Unknown,2026-08-03T07:10:48.000000Z,2026-08-03T08:24:48.000000Z,453,published,true,200,https://fermatmind.com/en/articles/gaokao-major-adjustment-unacceptable-major-checklist,zh=https://fermatmind.com/zh/articles/gaokao-major-adjustment-unacceptable-major-checklist | zh-CN=https://fermatmind.com/zh/articles/gaokao-major-adjustment-unacceptable-major-checklist,"noindex,nofollow",excluded_by_authority,excluded_by_authority,none_observed_in_server_html,Article | Person,none_observed,0,2,0,4575,no_explicit_external_ref_detected:0,career_sensitive,Take the test,https://fermatmind.com/en/tests/mbti-personality-test-16-personality-types,article_cohort:0;sitewide:Unknown,0,Unknown,Unknown,Unknown,Unknown,Unknown,Unknown,Unknown,Unknown,Unknown,Unknown,Unknown,Unknown,Unknown,Unknown,Unknown,Unknown,Unknown,Unknown,Unknown,Unknown,Unknown,Unknown,Unknown,Unknown,Unknown,Unknown,Unclassified,CTA present; Conversion UNKNOWN,NEED_MORE_DATA,M01 page grain=not present in capped current28 page export; metrics remain Unknown; current28 clicks=Unknown; impressions=Unknown; position=Unknown; CTA=present,API/live=VERIFIED; GSC page=current M01 single-dimension/source-limited; query×page=UNKNOWN; GA4/article attribution=UNKNOWN,2026-11-08
193,tg_article_gaokao_parent_conflict_riasec_course_checklist_2026v1,en,gaokao-major-choice-parent-conflict-riasec-course-checklist,https://fermatmind.com/en/articles/gaokao-major-choice-parent-conflict-riasec-course-checklist,What If Parents and Students Disagree About a Major? Turn Gaokao Choice Conflicts into Three Lists,What If Parents and Students Disagree About a Major? Turn Gaokao Choice Conflicts into Three Lists,"When parents disagree about a major during Gaokao applications, start with shared constraints rather than arguing over who is right. Use rank, subject requirements, and enrollment plans to rule out unavailable options, then compare the remaining choices through RIASEC interests, course lists, and informational interviews.",高考志愿,Unknown,RIASEC/Career Decision,Unknown,Fermat Institute,Unknown,2026-08-03T07:10:49.000000Z,2026-08-03T08:24:48.000000Z,454,published,true,200,https://fermatmind.com/en/articles/gaokao-major-choice-parent-conflict-riasec-course-checklist,zh=https://fermatmind.com/zh/articles/gaokao-major-choice-parent-conflict-riasec-course-checklist | zh-CN=https://fermatmind.com/zh/articles/gaokao-major-choice-parent-conflict-riasec-course-checklist,"noindex,nofollow",excluded_by_authority,excluded_by_authority,none_observed_in_server_html,Article | Person,none_observed,0,2,0,4554,no_explicit_external_ref_detected:0,career_sensitive,Take the test,https://fermatmind.com/en/tests/mbti-personality-test-16-personality-types,article_cohort:0;sitewide:Unknown,0,Unknown,Unknown,Unknown,Unknown,Unknown,Unknown,Unknown,Unknown,Unknown,Unknown,Unknown,Unknown,Unknown,Unknown,Unknown,Unknown,Unknown,Unknown,Unknown,Unknown,Unknown,Unknown,Unknown,Unknown,Unknown,Unknown,Unclassified,CTA present; Conversion UNKNOWN,NEED_MORE_DATA,M01 page grain=not present in capped current28 page export; metrics remain Unknown; current28 clicks=Unknown; impressions=Unknown; position=Unknown; CTA=present,API/live=VERIFIED; GSC page=current M01 single-dimension/source-limited; query×page=UNKNOWN; GA4/article attribution=UNKNOWN,2026-11-08
194,tg_article_gaokao_score_major_shortlist_riasec_2026v1,en,gaokao-score-major-shortlist-riasec-checklist,https://fermatmind.com/en/articles/gaokao-score-major-shortlist-riasec-checklist,"After Gaokao Scores Are Released, How Should You Shortlist Majors? A RIASEC Checklist","After Gaokao Scores Are Released, How Should You Shortlist Majors? A RIASEC Checklist","After Gaokao rankings are released, do not jump straight to ""Which major suits me?"" First rule out options that fail eligibility requirements, conflict with your willingness to study the core curriculum, or rest only on popularity. Then combine RIASEC results with course fit to create three working lists: keep, verify, and set aside.",职业决策,Unknown,RIASEC/Career Decision,Unknown,Fermat Institute,Unknown,2026-08-03T07:10:49.000000Z,2026-08-03T08:24:48.000000Z,455,published,true,200,https://fermatmind.com/en/articles/gaokao-score-major-shortlist-riasec-checklist,zh=https://fermatmind.com/zh/articles/gaokao-score-major-shortlist-riasec-checklist | zh-CN=https://fermatmind.com/zh/articles/gaokao-score-major-shortlist-riasec-checklist,"noindex,nofollow",excluded_by_authority,excluded_by_authority,none_observed_in_server_html,Article | Person,none_observed,0,2,0,3444,no_explicit_external_ref_detected:0,career_sensitive,Take the test,https://fermatmind.com/en/tests/mbti-personality-test-16-personality-types,article_cohort:0;sitewide:Unknown,0,Unknown,Unknown,Unknown,Unknown,Unknown,Unknown,Unknown,Unknown,Unknown,Unknown,Unknown,Unknown,Unknown,Unknown,Unknown,Unknown,Unknown,Unknown,Unknown,Unknown,Unknown,Unknown,Unknown,Unknown,Unknown,Unknown,Unclassified,CTA present; Conversion UNKNOWN,NEED_MORE_DATA,M01 page grain=not present in capped current28 page export; metrics remain Unknown; current28 clicks=Unknown; impressions=Unknown; position=Unknown; CTA=present,API/live=VERIFIED; GSC page=current M01 single-dimension/source-limited; query×page=UNKNOWN; GA4/article attribution=UNKNOWN,2026-11-08
32,de0bcc45-dc33-46da-8e04-869715750e48,en,holland-career-interest-test-can-and-cannot-tell-you,https://fermatmind.com/en/articles/holland-career-interest-test-can-and-cannot-tell-you,What Can a Holland Career Interest Test Tell You—and What It Cannot?,What Can a Holland Career Interest Test Tell You—and What It Cannot?,"A Holland test helps you understand your career-interest pattern, but it should guide exploration—not decide your future.",Career Development,RIASEC | Holland Code | Career Test | Career Planning,RIASEC/Career Decision,Unknown,Fermat Institute,Unknown,2026-05-14T10:50:08.000000Z,2026-05-14T10:50:08.000000Z,37,published,true,200,https://fermatmind.com/en/articles/holland-career-interest-test-can-and-cannot-tell-you,en=https://fermatmind.com/en/articles/holland-career-interest-test-can-and-cannot-tell-you | zh=https://fermatmind.com/zh/articles/holland-career-interest-test-can-and-cannot-tell-you | zh-CN=https://fermatmind.com/zh/articles/holland-career-interest-test-can-and-cannot-tell-you,"index,follow",included_verified,observed,none_observed_in_server_html,Answer | Article | FAQPage | Person | Question,none_observed,0,4,0,2012,no_explicit_external_ref_detected:0,career_sensitive,Take the test,https://fermatmind.com/en/tests/mbti-personality-test-16-personality-types,article_cohort:0;sitewide:Unknown,0,Unknown,Unknown,Unknown,Unknown,Unknown,Unknown,Unknown,Unknown,0,15,0.0%,8.0,Unknown,Unknown,Unknown,Unknown,0,15,0.0%,8.0,Unknown,Unknown,Unknown,Unknown,Unknown,Unknown,Unclassified,CTA present; Conversion UNKNOWN,NEED_MORE_DATA,M01 page grain=observed current28 page row; current28 clicks=0; impressions=15; position=8.0; CTA=present,API/live=VERIFIED; GSC page=current M01 single-dimension/source-limited; query×page=UNKNOWN; GA4/article attribution=UNKNOWN,2026-11-08
65,tg_hot_major_fit_riasec_course_career_2026v1,en,hot-major-fit-riasec-course-career-checklist,https://fermatmind.com/en/articles/hot-major-fit-riasec-course-career-checklist,"Is a Popular College Major Right for Me? A Course, Career Activity, and Holland/RIASEC Checklist","Is a Popular College Major Right for Me? A Course, Career Activity, and Holland/RIASEC Checklist","Use course modules, work activities, and Holland/RIASEC clues to decide whether a popular major belongs in keep, verify, or deprioritize.",College Major Choice / Career Exploration,RIASEC | Holland Code | Career Interest Test | college major choice | popular majors,RIASEC/Career Decision,Unknown,Fermat Institute,Unknown,2026-06-30T10:25:48.000000Z,2026-06-30T10:25:48.000000Z,85,published,true,200,https://fermatmind.com/en/articles/hot-major-fit-riasec-course-career-checklist,en=https://fermatmind.com/en/articles/hot-major-fit-riasec-course-career-checklist | zh=https://fermatmind.com/zh/articles/hot-major-fit-riasec-course-career-checklist | zh-CN=https://fermatmind.com/zh/articles/hot-major-fit-riasec-course-career-checklist,"index,follow",included_verified,observed,none_observed_in_server_html,Article | Person,none_observed,0,2,0,2708,no_explicit_external_ref_detected:0,career_sensitive,"Take the Holland/RIASEC test, then turn the result into work-activity questions",https://fermatmind.com/en/tests/holland-career-interest-test-riasec,article_cohort:0;sitewide:Unknown,1,Unknown,/en/tests/holland-career-interest-test-riasec,Unknown,Unknown,Unknown,Unknown,Unknown,Unknown,0,98,0.0%,16.21,0,22,0.0%,9.45,0,120,0.0%,14.97,Unknown,Unknown,Unknown,Unknown,Unknown,Unknown,Unclassified,CTA present; Conversion UNKNOWN,NEED_MORE_DATA,M01 page grain=observed current28 page row; current28 clicks=0; impressions=98; position=16.21; CTA=present,API/live=VERIFIED; GSC page=current M01 single-dimension/source-limited; query×page=UNKNOWN; GA4/article attribution=UNKNOWN,2026-11-08
28,article-14,en,how-16-personality-types-talk-to-an-ai-coach,https://fermatmind.com/en/articles/how-16-personality-types-talk-to-an-ai-coach,How the 16 Personality Types Talk to an AI Coach,How the 16 Personality Types Talk to an AI Coach,"An AI coach is most useful when it helps you ask better questions, organize your thoughts, and notice blind spots. The risk is that it may agree too smoothly when you need friction.",Unknown,Unknown,MBTI,Unknown,Fermat Institute,Unknown,2026-04-23T12:24:03.000000Z,2026-04-23T12:24:03.000000Z,27,published,true,200,https://fermatmind.com/en/articles/how-16-personality-types-talk-to-an-ai-coach,en=https://fermatmind.com/en/articles/how-16-personality-types-talk-to-an-ai-coach | zh=https://fermatmind.com/zh/articles/how-16-personality-types-talk-to-an-ai-coach | zh-CN=https://fermatmind.com/zh/articles/how-16-personality-types-talk-to-an-ai-coach,"index,follow",included_verified,observed,none_observed_in_server_html,Article | Person,none_observed,0,2,0,1474,present_public_source_refs:5,identity_sensitive,Take the test,https://fermatmind.com/en/tests/mbti-personality-test-16-personality-types,article_cohort:0;sitewide:Unknown,0,Unknown,Unknown,Unknown,Unknown,Unknown,Unknown,Unknown,Unknown,Unknown,Unknown,Unknown,Unknown,Unknown,Unknown,Unknown,Unknown,Unknown,Unknown,Unknown,Unknown,Unknown,Unknown,Unknown,Unknown,Unknown,Unknown,Authority,CTA present; Conversion UNKNOWN,KEEP_AUTHORITY,M01 page grain=not present in capped current28 page export; metrics remain Unknown; current28 clicks=Unknown; impressions=Unknown; position=Unknown; CTA=present,API/live=VERIFIED; GSC page=current M01 single-dimension/source-limited; query×page=UNKNOWN; GA4/article attribution=UNKNOWN,2026-11-08
24,article-15,en,how-personality-shapes-attitude-toward-ai,https://fermatmind.com/en/articles/how-personality-shapes-attitude-toward-ai,"How Personality Shapes Your Attitude Toward AI: Curiosity, Anxiety, and Algorithmic Trust","How Personality Shapes Your Attitude Toward AI: Curiosity, Anxiety, and Algorithmic Trust","Your stance toward AI is not simply supportive or cautious. Personality shapes whether you treat it as a tool, a mirror, a decision aid, or a risk signal.",Unknown,Unknown,MBTI,Unknown,Fermat Institute,Unknown,2026-04-23T13:19:29.000000Z,2026-04-23T13:19:30.000000Z,29,published,true,200,https://fermatmind.com/en/articles/how-personality-shapes-attitude-toward-ai,en=https://fermatmind.com/en/articles/how-personality-shapes-attitude-toward-ai | zh=https://fermatmind.com/zh/articles/how-personality-shapes-attitude-toward-ai | zh-CN=https://fermatmind.com/zh/articles/how-personality-shapes-attitude-toward-ai,"index,follow",included_verified,observed,none_observed_in_server_html,Article | Person,none_observed,0,2,0,1982,present_public_source_refs:5,identity_sensitive,Take the test,https://fermatmind.com/en/tests/mbti-personality-test-16-personality-types,article_cohort:0;sitewide:Unknown,0,Unknown,Unknown,Unknown,Unknown,Unknown,Unknown,Unknown,Unknown,Unknown,Unknown,Unknown,Unknown,Unknown,Unknown,Unknown,Unknown,0,4,0.0%,11.25,Unknown,Unknown,Unknown,Unknown,Unknown,Unknown,Authority,CTA present; Conversion UNKNOWN,KEEP_AUTHORITY,M01 page grain=not present in capped current28 page export; metrics remain Unknown; current28 clicks=Unknown; impressions=Unknown; position=Unknown; CTA=present,API/live=VERIFIED; GSC page=current M01 single-dimension/source-limited; query×page=UNKNOWN; GA4/article attribution=UNKNOWN,2026-11-08
195,article-5,en,iq-test-growth-guide,https://fermatmind.com/en/articles/iq-test-growth-guide,Training After an IQ Test: A Four-Week Guide to Improving Problem-Solving Strategies and Consistency,Training After an IQ Test: A Four-Week Guide to Improving Problem-Solving Strategies and Consistency,"The most useful goal after testing is to improve observation, validation, time management, and review of mistakes—not to pursue promises of a higher IQ.",能力与认知,Unknown,IQ,Unknown,Unknown,Unknown,2026-08-03T07:10:50.000000Z,2026-08-03T08:24:49.000000Z,456,published,true,200,https://fermatmind.com/en/articles/iq-test-growth-guide,zh=https://fermatmind.com/zh/articles/iq-test-growth-guide | zh-CN=https://fermatmind.com/zh/articles/iq-test-growth-guide,"noindex,nofollow",excluded_by_authority,excluded_by_authority,none_observed_in_server_html,Article,none_observed,0,2,0,1491,present_public_source_refs:3,ability_sensitive,Take the test,https://fermatmind.com/en/tests/mbti-personality-test-16-personality-types,article_cohort:0;sitewide:Unknown,0,Unknown,Unknown,Unknown,Unknown,Unknown,Unknown,Unknown,Unknown,Unknown,Unknown,Unknown,Unknown,Unknown,Unknown,Unknown,Unknown,Unknown,Unknown,Unknown,Unknown,Unknown,Unknown,Unknown,Unknown,Unknown,Unknown,Authority,CTA present; Conversion UNKNOWN,KEEP_AUTHORITY,M01 page grain=not present in capped current28 page export; metrics remain Unknown; current28 clicks=Unknown; impressions=Unknown; position=Unknown; CTA=present,API/live=VERIFIED; GSC page=current M01 single-dimension/source-limited; query×page=UNKNOWN; GA4/article attribution=UNKNOWN,2026-11-08
196,article-6,en,iq-test-narrative-portrait,https://fermatmind.com/en/articles/iq-test-narrative-portrait,"How to Interpret Online Reasoning Test Results: Scores, Question Types, Strategy, and Test Conditions","How to Interpret Online Reasoning Test Results: Scores, Question Types, Strategy, and Test Conditions","An online score reflects how you performed on particular questions at a particular time and under particular conditions. Interpret it in light of the item types, strategies used, your state, and the limits of the available evidence.",能力与认知,Unknown,IQ,Unknown,Unknown,Unknown,2026-08-03T07:10:58.000000Z,2026-08-03T08:24:49.000000Z,457,published,true,200,https://fermatmind.com/en/articles/iq-test-narrative-portrait,zh=https://fermatmind.com/zh/articles/iq-test-narrative-portrait | zh-CN=https://fermatmind.com/zh/articles/iq-test-narrative-portrait,"noindex,nofollow",excluded_by_authority,excluded_by_authority,none_observed_in_server_html,Article,none_observed,0,2,0,1454,present_public_source_refs:3,ability_sensitive,Take the test,https://fermatmind.com/en/tests/mbti-personality-test-16-personality-types,article_cohort:0;sitewide:Unknown,0,Unknown,Unknown,Unknown,Unknown,Unknown,Unknown,Unknown,Unknown,Unknown,Unknown,Unknown,Unknown,Unknown,Unknown,Unknown,Unknown,Unknown,Unknown,Unknown,Unknown,Unknown,Unknown,Unknown,Unknown,Unknown,Unknown,Authority,CTA present; Conversion UNKNOWN,KEEP_AUTHORITY,M01 page grain=not present in capped current28 page export; metrics remain Unknown; current28 clicks=Unknown; impressions=Unknown; position=Unknown; CTA=present,API/live=VERIFIED; GSC page=current M01 single-dimension/source-limited; query×page=UNKNOWN; GA4/article attribution=UNKNOWN,2026-11-08
197,tg_article_iq_test_score_and_limits_explained_2026v1,en,iq-test-score-and-limits-explained,https://fermatmind.com/en/articles/iq-test-score-and-limits-explained,"Are Online IQ Tests Reliable? Scores, Question Types, and Interpretation Limits","Are Online IQ Tests Reliable? Scores, Question Types, and Interpretation Limits","Online IQ tests can assess performance in matrix reasoning, pattern recognition, and abstract problem solving, but do not equate to formal intelligence tests. This article explains IQ scores, question types, boundaries of formal assessments, and safe usage practices.",能力与认知,Unknown,IQ,Unknown,Fermat Institute,Unknown,2026-08-03T07:10:58.000000Z,2026-08-03T08:24:49.000000Z,458,published,true,200,https://fermatmind.com/en/articles/iq-test-score-and-limits-explained,zh=https://fermatmind.com/zh/articles/iq-test-score-and-limits-explained | zh-CN=https://fermatmind.com/zh/articles/iq-test-score-and-limits-explained,"noindex,nofollow",excluded_by_authority,excluded_by_authority,none_observed_in_server_html,Article | Person,none_observed,0,2,0,3170,no_explicit_external_ref_detected:0,ability_sensitive,Take the test,https://fermatmind.com/en/tests/mbti-personality-test-16-personality-types,article_cohort:0;sitewide:Unknown,0,Unknown,Unknown,Unknown,Unknown,Unknown,Unknown,Unknown,Unknown,Unknown,Unknown,Unknown,Unknown,Unknown,Unknown,Unknown,Unknown,Unknown,Unknown,Unknown,Unknown,Unknown,Unknown,Unknown,Unknown,Unknown,Unknown,Authority,CTA present; Conversion UNKNOWN,KEEP_AUTHORITY,M01 page grain=not present in capped current28 page export; metrics remain Unknown; current28 clicks=Unknown; impressions=Unknown; position=Unknown; CTA=present,API/live=VERIFIED; GSC page=current M01 single-dimension/source-limited; query×page=UNKNOWN; GA4/article attribution=UNKNOWN,2026-11-08
198,article-7,en,iq-test-tool-guide,https://fermatmind.com/en/articles/iq-test-tool-guide,"FermatMind IQ Test Guide: What It Measures, How to Read Results, and Its Limits","FermatMind IQ Test Guide: What It Measures, How to Read Results, and Its Limits","FermatMind's 30-question online test is designed to observe performance on matrix and figural-reasoning tasks and is not intended for clinical, educational, or credentialing purposes.",能力与认知,Unknown,IQ,Unknown,Unknown,Unknown,2026-08-03T07:10:58.000000Z,2026-08-03T08:24:50.000000Z,459,published,true,200,https://fermatmind.com/en/articles/iq-test-tool-guide,zh=https://fermatmind.com/zh/articles/iq-test-tool-guide | zh-CN=https://fermatmind.com/zh/articles/iq-test-tool-guide,"noindex,nofollow",excluded_by_authority,excluded_by_authority,none_observed_in_server_html,Article,none_observed,0,2,0,1526,present_public_source_refs:3,ability_sensitive,Take the test,https://fermatmind.com/en/tests/mbti-personality-test-16-personality-types,article_cohort:0;sitewide:Unknown,0,Unknown,Unknown,Unknown,Unknown,Unknown,Unknown,Unknown,Unknown,Unknown,Unknown,Unknown,Unknown,Unknown,Unknown,Unknown,Unknown,Unknown,Unknown,Unknown,Unknown,Unknown,Unknown,Unknown,Unknown,Unknown,Unknown,Authority,CTA present; Conversion UNKNOWN,KEEP_AUTHORITY,M01 page grain=not present in capped current28 page export; metrics remain Unknown; current28 clicks=Unknown; impressions=Unknown; position=Unknown; CTA=present,API/live=VERIFIED; GSC page=current M01 single-dimension/source-limited; query×page=UNKNOWN; GA4/article attribution=UNKNOWN,2026-11-08
73,tg_major_career_mismatch_job_search_skills_2026v1,en,major-career-mismatch-job-search-skills-plan,https://fermatmind.com/en/articles/major-career-mismatch-job-search-skills-plan,How to Get a Job Unrelated to Your Major: Translate Your Degree into Job Evidence,How to Get a Job Unrelated to Your Major: Translate Your Degree into Job Evidence,"Turn an unrelated major into job evidence with JD analysis, projects, internships, resume language, and Holland/RIASEC validation.",Career Planning,RIASEC | Holland Code | career mismatch | unrelated major | resume | internships,RIASEC/Career Decision,Unknown,Fermat Institute,Unknown,2026-07-02T01:00:59.000000Z,2026-07-02T01:00:59.000000Z,93,published,true,200,https://fermatmind.com/en/articles/major-career-mismatch-job-search-skills-plan,en=https://fermatmind.com/en/articles/major-career-mismatch-job-search-skills-plan | zh=https://fermatmind.com/zh/articles/major-career-mismatch-job-search-skills-plan | zh-CN=https://fermatmind.com/zh/articles/major-career-mismatch-job-search-skills-plan,"index,follow",included_verified,observed,Article | BreadcrumbList | ListItem | Person,Article | Person,Article | BreadcrumbList | ListItem | Person,0,2,0,2783,no_explicit_external_ref_detected:0,career_sensitive,"Take the Holland/RIASEC test, then map your result to job tasks",https://fermatmind.com/en/tests/holland-career-interest-test-riasec,article_cohort:0;sitewide:Unknown,1,Unknown,/en/tests/holland-career-interest-test-riasec,Unknown,Unknown,Unknown,Unknown,Unknown,Unknown,0,159,0.0%,11.53,0,179,0.0%,11.73,0,338,0.0%,11.64,Unknown,Unknown,Unknown,Unknown,Unknown,Unknown,Near Winner,CTA present; Conversion UNKNOWN,NEED_MORE_DATA,M01 page grain=observed current28 page row; current28 clicks=0; impressions=159; position=11.53; CTA=present,API/live=VERIFIED; GSC page=current M01 single-dimension/source-limited; query×page=UNKNOWN; GA4/article attribution=UNKNOWN,2026-11-08
85,tg_major_category_program_tracking_riasec_2026v1,en,major-category-program-tracking-riasec-choice-checklist,https://fermatmind.com/en/articles/major-category-program-tracking-riasec-choice-checklist,"How to Choose a Track in a Broad Major Category: Courses, RIASEC Interests, and Transfer Windows","How to Choose a Track in a Broad Major Category: Courses, RIASEC Interests, and Transfer Windows","Before program tracking, verify courses, criteria, capacity, and transfer windows. Use RIASEC to compare tracks without treating it as a decision engine.",College Major Choice / Career Exploration,RIASEC | Holland Code | major transfer | broad major category | program tracking | curriculum plan,RIASEC/Career Decision,Unknown,Fermat Institute,Unknown,2026-07-10T00:55:49.000000Z,2026-07-10T00:55:49.000000Z,105,published,true,200,https://fermatmind.com/en/articles/major-category-program-tracking-riasec-choice-checklist,en=https://fermatmind.com/en/articles/major-category-program-tracking-riasec-choice-checklist | zh=https://fermatmind.com/zh/articles/major-category-program-tracking-riasec-choice-checklist | zh-CN=https://fermatmind.com/zh/articles/major-category-program-tracking-riasec-choice-checklist,"index,follow",included_verified,observed,Article | BreadcrumbList | ListItem | Person,Article | Person,Article | BreadcrumbList | ListItem | Person,0,2,0,2466,no_explicit_external_ref_detected:0,career_sensitive,"Take the Holland/RIASEC test, then compare your track options",https://fermatmind.com/en/tests/holland-career-interest-test-riasec,article_cohort:0;sitewide:Unknown,1,Unknown,/en/tests/holland-career-interest-test-riasec,Unknown,Unknown,Unknown,Unknown,Unknown,Unknown,0,49,0.0%,14.31,0,13,0.0%,11.92,0,62,0.0%,13.81,Unknown,Unknown,Unknown,Unknown,Unknown,Unknown,Unclassified,CTA present; Conversion UNKNOWN,NEED_MORE_DATA,M01 page grain=observed current28 page row; current28 clicks=0; impressions=49; position=14.31; CTA=present,API/live=VERIFIED; GSC page=current M01 single-dimension/source-limited; query×page=UNKNOWN; GA4/article attribution=UNKNOWN,2026-11-08
199,tg_math_computer_ai_course_riasec_2026v1,en,math-not-good-computer-ai-major-course-riasec-checklist,https://fermatmind.com/en/articles/math-not-good-computer-ai-major-course-riasec-checklist,"Can You Study Computer Science or AI If Math Is Not Your Strength? A Course, Work-Activity, and RIASEC Checklist","Can You Study Computer Science or AI If Math Is Not Your Strength? A Course, Work-Activity, and RIASEC Checklist","Can someone who struggles with math still apply to computer science or AI? Start by identifying the specific math gaps, reviewing course requirements and real work activities, and using RIASEC interests to sort majors into three working lists: keep, verify, or set aside.",高考志愿,Unknown,RIASEC/Career Decision,Unknown,Fermat Institute,Unknown,2026-08-03T07:10:58.000000Z,2026-08-03T08:24:50.000000Z,460,published,true,200,https://fermatmind.com/en/articles/math-not-good-computer-ai-major-course-riasec-checklist,zh=https://fermatmind.com/zh/articles/math-not-good-computer-ai-major-course-riasec-checklist | zh-CN=https://fermatmind.com/zh/articles/math-not-good-computer-ai-major-course-riasec-checklist,"noindex,nofollow",excluded_by_authority,excluded_by_authority,none_observed_in_server_html,Article | Person,none_observed,0,2,0,4815,no_explicit_external_ref_detected:0,career_sensitive,Take the test,https://fermatmind.com/en/tests/mbti-personality-test-16-personality-types,article_cohort:0;sitewide:Unknown,0,Unknown,Unknown,Unknown,Unknown,Unknown,Unknown,Unknown,Unknown,Unknown,Unknown,Unknown,Unknown,Unknown,Unknown,Unknown,Unknown,Unknown,Unknown,Unknown,Unknown,Unknown,Unknown,Unknown,Unknown,Unknown,Unknown,Authority,CTA present; Conversion UNKNOWN,KEEP_AUTHORITY,M01 page grain=not present in capped current28 page export; metrics remain Unknown; current28 clicks=Unknown; impressions=Unknown; position=Unknown; CTA=present,API/live=VERIFIED; GSC page=current M01 single-dimension/source-limited; query×page=UNKNOWN; GA4/article attribution=UNKNOWN,2026-11-08
200,article-8,en,mbti-basics,https://fermatmind.com/en/articles/mbti-basics,What Is MBTI? What 16 Personality Types Can—and Cannot—Tell You,What Is MBTI? What 16 Personality Types Can—and Cannot—Tell You,"The MBTI personality test can help you observe preferences related to energy, information gathering, decision-making, and daily organization. It cannot assess ability, diagnose a psychological condition, or determine career suitability.",人格心理学,Unknown,MBTI,Unknown,Unknown,Unknown,2026-08-03T07:10:58.000000Z,2026-08-03T08:24:51.000000Z,461,published,true,200,https://fermatmind.com/en/articles/mbti-basics,zh=https://fermatmind.com/zh/articles/mbti-basics | zh-CN=https://fermatmind.com/zh/articles/mbti-basics,"noindex,nofollow",excluded_by_authority,excluded_by_authority,none_observed_in_server_html,Article,none_observed,0,2,0,3294,no_explicit_external_ref_detected:0,identity_sensitive,Take the test,https://fermatmind.com/en/tests/mbti-personality-test-16-personality-types,article_cohort:0;sitewide:Unknown,0,Unknown,Unknown,Unknown,Unknown,Unknown,Unknown,Unknown,Unknown,Unknown,Unknown,Unknown,Unknown,Unknown,Unknown,Unknown,Unknown,Unknown,Unknown,Unknown,Unknown,Unknown,Unknown,Unknown,Unknown,Unknown,Unknown,Unclassified,CTA present; Conversion UNKNOWN,NEED_MORE_DATA,M01 page grain=not present in capped current28 page export; metrics remain Unknown; current28 clicks=Unknown; impressions=Unknown; position=Unknown; CTA=present,API/live=VERIFIED; GSC page=current M01 single-dimension/source-limited; query×page=UNKNOWN; GA4/article attribution=UNKNOWN,2026-11-08
61,tg_mbti_full_report_career_relationship_2026v1,en,mbti-full-report-career-relationship-communication,https://fermatmind.com/en/articles/mbti-full-report-career-relationship-communication,"How to Read Your Full MBTI Report: From 16 Personality Results to Career, Relationships, and Communication","How to Read Your Full MBTI Report: From 16 Personality Results to Career, Relationships, and Communication","Learn how to read a full MBTI-style report beyond the four-letter label, with career, relationship, communication, teamwork, and self-growth examples.",Personality Testing,MBTI | career exploration | 16 personality test | personality results | relationship communication | teamwork | self-growth,RIASEC/Career Decision,Unknown,Fermat Institute,Unknown,2026-06-29T12:28:40.000000Z,2026-06-29T12:28:40.000000Z,81,published,true,200,https://fermatmind.com/en/articles/mbti-full-report-career-relationship-communication,en=https://fermatmind.com/en/articles/mbti-full-report-career-relationship-communication | zh=https://fermatmind.com/zh/articles/mbti-full-report-career-relationship-communication | zh-CN=https://fermatmind.com/zh/articles/mbti-full-report-career-relationship-communication,"index,follow",included_verified,observed,none_observed_in_server_html,Article | Person,none_observed,0,2,0,2692,no_explicit_external_ref_detected:0,career_sensitive,Take the free MBTI test,https://fermatmind.com/en/tests/mbti-personality-test-16-personality-types,article_cohort:0;sitewide:Unknown,1,Unknown,/en/tests/mbti-personality-test-16-personality-types,Unknown,Unknown,Unknown,Unknown,Unknown,Unknown,0,49,0.0%,12.29,0,14,0.0%,9.57,0,63,0.0%,11.68,Unknown,Unknown,Unknown,Unknown,Unknown,Unknown,Unclassified,CTA present; Conversion UNKNOWN,NEED_MORE_DATA,M01 page grain=observed current28 page row; current28 clicks=0; impressions=49; position=12.29; CTA=present,API/live=VERIFIED; GSC page=current M01 single-dimension/source-limited; query×page=UNKNOWN; GA4/article attribution=UNKNOWN,2026-11-08
201,article-9,en,mbti-growth-guide,https://fermatmind.com/en/articles/mbti-growth-guide,How Can MBTI Support Personal Growth? From Preferences to Four-Week Behavioral Experiments,How Can MBTI Support Personal Growth? From Preferences to Four-Week Behavioral Experiments,"Growth isn't about becoming the opposite type, but rather practicing alternative strategies in real-world scenarios to expand the range of available behaviors.",人格心理学,Unknown,MBTI,Unknown,Unknown,Unknown,2026-08-03T07:10:58.000000Z,2026-08-03T08:24:51.000000Z,462,published,true,200,https://fermatmind.com/en/articles/mbti-growth-guide,zh=https://fermatmind.com/zh/articles/mbti-growth-guide | zh-CN=https://fermatmind.com/zh/articles/mbti-growth-guide,"noindex,nofollow",excluded_by_authority,excluded_by_authority,none_observed_in_server_html,Article,none_observed,0,2,0,1591,present_public_source_refs:3,identity_sensitive,Take the test,https://fermatmind.com/en/tests/mbti-personality-test-16-personality-types,article_cohort:0;sitewide:Unknown,0,Unknown,Unknown,Unknown,Unknown,Unknown,Unknown,Unknown,Unknown,Unknown,Unknown,Unknown,Unknown,Unknown,Unknown,Unknown,Unknown,Unknown,Unknown,Unknown,Unknown,Unknown,Unknown,Unknown,Unknown,Unknown,Unknown,Authority,CTA present; Conversion UNKNOWN,KEEP_AUTHORITY,M01 page grain=not present in capped current28 page export; metrics remain Unknown; current28 clicks=Unknown; impressions=Unknown; position=Unknown; CTA=present,API/live=VERIFIED; GSC page=current M01 single-dimension/source-limited; query×page=UNKNOWN; GA4/article attribution=UNKNOWN,2026-11-08
202,article-10,en,mbti-narrative-portrait,https://fermatmind.com/en/articles/mbti-narrative-portrait,How Should You Interpret MBTI Results? Validate Four Preference Pairs in Real Situations,How Should You Interpret MBTI Results? Validate Four Preference Pairs in Real Situations,"Break down MBTI-style results into four preference clusters, form tentative hypotheses based on real-world scenarios, counterexamples, and situational changes, rather than fixed identities.",人格心理学,Unknown,MBTI,Unknown,Unknown,Unknown,2026-08-03T07:10:59.000000Z,2026-08-03T08:24:52.000000Z,463,published,true,200,https://fermatmind.com/en/articles/mbti-narrative-portrait,zh=https://fermatmind.com/zh/articles/mbti-narrative-portrait | zh-CN=https://fermatmind.com/zh/articles/mbti-narrative-portrait,"noindex,nofollow",excluded_by_authority,excluded_by_authority,none_observed_in_server_html,Article,none_observed,0,2,0,1690,present_public_source_refs:3,identity_sensitive,Take the test,https://fermatmind.com/en/tests/mbti-personality-test-16-personality-types,article_cohort:0;sitewide:Unknown,0,Unknown,Unknown,Unknown,Unknown,Unknown,Unknown,Unknown,Unknown,0,2,0.0%,4.5,Unknown,Unknown,Unknown,Unknown,Unknown,Unknown,Unknown,Unknown,Unknown,Unknown,Unknown,Unknown,Unknown,Unknown,Authority,CTA present; Conversion UNKNOWN,KEEP_AUTHORITY,M01 page grain=observed current28 page row; current28 clicks=0; impressions=2; position=4.5; CTA=present,API/live=VERIFIED; GSC page=current M01 single-dimension/source-limited; query×page=UNKNOWN; GA4/article attribution=UNKNOWN,2026-11-08
34,3a7a3b5d-d289-4928-8587-3ecce465b1cc,en,mbti-personality-test-science-vs-pseudoscience,https://fermatmind.com/en/articles/mbti-personality-test-science-vs-pseudoscience,MBTI Personality Test: Scientific Tool or Cyber Fortune-Telling?,MBTI Personality Test: Scientific Tool or Cyber Fortune-Telling?,"MBTI is useful as a language for preferences, but dangerous when treated as a destiny label.",Personality Psychology,MBTI | 16 Personality Types | Big Five | Personality Test | Career Development,RIASEC/Career Decision,Unknown,Fermat Institute,Unknown,2026-06-23T13:01:33.000000Z,2026-06-23T13:01:33.000000Z,70,published,true,200,https://fermatmind.com/en/articles/mbti-personality-test-science-vs-pseudoscience,en=https://fermatmind.com/en/articles/mbti-personality-test-science-vs-pseudoscience | zh=https://fermatmind.com/zh/articles/mbti-personality-test-science-vs-pseudoscience | zh-CN=https://fermatmind.com/zh/articles/mbti-personality-test-science-vs-pseudoscience,"index,follow",included_verified,observed,none_observed_in_server_html,Answer | Article | FAQPage | Person | Question,none_observed,0,5,0,2527,no_explicit_external_ref_detected:0,career_sensitive,Take the test,https://fermatmind.com/en/tests/mbti-personality-test-16-personality-types,article_cohort:0;sitewide:Unknown,1,Unknown,/en/tests/mbti-personality-test-16-personality-types,Unknown,Unknown,Unknown,Unknown,Unknown,Unknown,Unknown,Unknown,Unknown,Unknown,0,116,0.0%,15.41,0,185,0.0%,13.53,Unknown,Unknown,Unknown,Unknown,Unknown,Unknown,Authority,CTA present; Conversion UNKNOWN,KEEP_AUTHORITY,M01 page grain=not present in capped current28 page export; metrics remain Unknown; current28 clicks=Unknown; impressions=Unknown; position=Unknown; CTA=present,API/live=VERIFIED; GSC page=current M01 single-dimension/source-limited; query×page=UNKNOWN; GA4/article attribution=UNKNOWN,2026-11-08
39,article_mbti_vs_holland_career_choice_v1,en,mbti-vs-holland-code-career-choice,https://fermatmind.com/en/articles/mbti-vs-holland-code-career-choice,MBTI vs. Holland Code/RIASEC: Which Career Test Should You Take?,MBTI vs. Holland Code/RIASEC: Which Career Test Should You Take?,"If your question is “What career fits me?”, the Holland Code/RIASEC framework is usually more direct than MBTI. If your question is “How do I tend to work with people, structure, and decisions?”, MBTI can be useful as a work-style lens. The strongest approach is not choosing one test over the other, but combining career interests, personality preferences, and real job evidence.",Career Decision-Making,RIASEC | MBTI | Holland Code | Big Five | Personality Test | Career Assessment | Career Interest Test | College Major | Career Change,RIASEC/Career Decision,Unknown,Fermat Institute,Unknown,2026-06-03T04:43:00.000000Z,2026-06-03T04:43:00.000000Z,44,published,true,200,https://fermatmind.com/en/articles/mbti-vs-holland-code-career-choice,en=https://fermatmind.com/en/articles/mbti-vs-holland-code-career-choice | zh=https://fermatmind.com/zh/articles/mbti-vs-holland-career-choice | zh-CN=https://fermatmind.com/zh/articles/mbti-vs-holland-career-choice,"index,follow",included_verified,observed,none_observed_in_server_html,Answer | Article | FAQPage | Person | Question,none_observed,0,5,0,1920,no_explicit_external_ref_detected:0,career_sensitive,Start with the Holland Code/RIASEC Test,https://fermatmind.com/en/tests/holland-career-interest-test-riasec,article_cohort:0;sitewide:Unknown,3,Unknown,/en/tests/holland-career-interest-test-riasec | /en/tests/mbti-personality-test-16-personality-types | /en/tests/big-five-personality-test-ocean-model,Unknown,Unknown,Unknown,Unknown,Unknown,Unknown,0,62,0.0%,7.53,2,113,1.77%,10.96,2,203,0.99%,9.06,Unknown,Unknown,Unknown,Unknown,Unknown,Unknown,Near Winner,CTA present; Conversion UNKNOWN,NEED_MORE_DATA,M01 page grain=observed current28 page row; current28 clicks=0; impressions=62; position=7.53; CTA=present,API/live=VERIFIED; GSC page=current M01 single-dimension/source-limited; query×page=UNKNOWN; GA4/article attribution=UNKNOWN,2026-11-08
71,tg_unwanted_major_riasec_transfer_plan_2026v1,en,unwanted-major-adjustment-riasec-transfer-plan,https://fermatmind.com/en/articles/unwanted-major-adjustment-riasec-transfer-plan,"Assigned to a Major You Don’t Like? Course, Transfer, and RIASEC Backup Checklist","Assigned to a Major You Don’t Like? Course, Transfer, and RIASEC Backup Checklist","Use courses, transfer policy, RIASEC interests, and skill bridges to decide whether an unwanted major should be kept, verified, or exit-planned.",College Major Choice / Career Exploration,RIASEC | Holland Code | College Major | career interests | unwanted major | transfer planning,RIASEC/Career Decision,Unknown,Fermat Institute,Unknown,2026-07-01T03:37:26.000000Z,2026-07-01T03:37:26.000000Z,91,published,true,200,https://fermatmind.com/en/articles/unwanted-major-adjustment-riasec-transfer-plan,en=https://fermatmind.com/en/articles/unwanted-major-adjustment-riasec-transfer-plan | zh=https://fermatmind.com/zh/articles/unwanted-major-adjustment-riasec-transfer-plan | zh-CN=https://fermatmind.com/zh/articles/unwanted-major-adjustment-riasec-transfer-plan,"index,follow",included_verified,observed,none_observed_in_server_html,Article | Person,none_observed,0,2,0,2170,no_explicit_external_ref_detected:0,career_sensitive,Take the Holland/RIASEC test and turn your result into verification questions,https://fermatmind.com/en/tests/holland-career-interest-test-riasec,article_cohort:0;sitewide:Unknown,1,Unknown,/en/tests/holland-career-interest-test-riasec,Unknown,Unknown,Unknown,Unknown,Unknown,Unknown,0,33,0.0%,17.06,0,28,0.0%,16.57,0,61,0.0%,16.84,Unknown,Unknown,Unknown,Unknown,Unknown,Unknown,Unclassified,CTA present; Conversion UNKNOWN,NEED_MORE_DATA,M01 page grain=observed current28 page row; current28 clicks=0; impressions=33; position=17.06; CTA=present,API/live=VERIFIED; GSC page=current M01 single-dimension/source-limited; query×page=UNKNOWN; GA4/article attribution=UNKNOWN,2026-11-08
75,tg_unwanted_major_repeat_stay_riasec_2026v1,en,unwanted-major-repeat-or-stay-riasec-decision-checklist,https://fermatmind.com/en/articles/unwanted-major-repeat-or-stay-riasec-decision-checklist,"Assigned a Major That Feels Wrong? Repeat, Stay, Transfer, or Pivot With a RIASEC Checklist","Assigned a Major That Feels Wrong? Repeat, Stay, Transfer, or Pivot With a RIASEC Checklist","Compare repeating, staying, transferring, minoring, or pivoting after checking curriculum, transfer policy, family cost, and RIASEC fit.",Education & Career Planning,RIASEC | college major choice | assigned major | repeat year decision | major transfer | Holland career interest test,RIASEC/Career Decision,Unknown,Fermat Institute,Unknown,2026-07-03T05:24:05.000000Z,2026-07-03T05:24:05.000000Z,95,published,true,200,https://fermatmind.com/en/articles/unwanted-major-repeat-or-stay-riasec-decision-checklist,en=https://fermatmind.com/en/articles/unwanted-major-repeat-or-stay-riasec-decision-checklist | zh=https://fermatmind.com/zh/articles/unwanted-major-repeat-or-stay-riasec-decision-checklist | zh-CN=https://fermatmind.com/zh/articles/unwanted-major-repeat-or-stay-riasec-decision-checklist,"index,follow",included_verified,observed,Article | BreadcrumbList | ListItem | Person,Article | Person,Article | BreadcrumbList | ListItem | Person,0,2,0,2845,no_explicit_external_ref_detected:0,career_sensitive,Take the Holland/RIASEC test and add your interest pattern to the decision table,https://fermatmind.com/en/tests/holland-career-interest-test-riasec,article_cohort:0;sitewide:Unknown,1,Unknown,/en/tests/holland-career-interest-test-riasec,Unknown,Unknown,Unknown,Unknown,Unknown,Unknown,0,105,0.0%,18.54,1,33,3.03%,12.94,1,138,0.72%,17.2,Unknown,Unknown,Unknown,Unknown,Unknown,Unknown,Unclassified,CTA present; Conversion UNKNOWN,NEED_MORE_DATA,M01 page grain=observed current28 page row; current28 clicks=0; impressions=105; position=18.54; CTA=present,API/live=VERIFIED; GSC page=current M01 single-dimension/source-limited; query×page=UNKNOWN; GA4/article attribution=UNKNOWN,2026-11-08
41,riasec-explanation-article-2026-06-v2,en,what-is-riasec-holland-code-career-interest-test,https://fermatmind.com/en/articles/what-is-riasec-holland-code-career-interest-test,What Is RIASEC? Understanding Holland Code Career Interests,What Is RIASEC? Understanding Holland Code Career Interests,"RIASEC is a career-interest model that organizes work preferences into six areas. It can help you explore career environments, but it is not a career verdict.",职业探索,RIASEC | Holland Code | career interests | career exploration | vocational interests,RIASEC/Career Decision,Unknown,Fermat Institute,Unknown,2026-06-23T02:04:29.000000Z,2026-06-25T07:23:31.000000Z,67,published,true,200,https://fermatmind.com/en/articles/what-is-riasec-holland-code-career-interest-test,en=https://fermatmind.com/en/articles/what-is-riasec-holland-code-career-interest-test | zh=https://fermatmind.com/zh/articles/riasec-holland-career-interest-test-explained | zh-CN=https://fermatmind.com/zh/articles/riasec-holland-career-interest-test-explained,"index,follow",included_verified,observed,none_observed_in_server_html,Answer | Article | FAQPage | Person | Question,none_observed,0,6,0,2232,no_explicit_external_ref_detected:0,career_sensitive,Take the free RIASEC test,https://fermatmind.com/en/tests/holland-career-interest-test-riasec,article_cohort:0;sitewide:Unknown,1,Unknown,/en/tests/holland-career-interest-test-riasec,Unknown,Unknown,Unknown,Unknown,Unknown,Unknown,3,1637,0.18%,24.58,4,2049,0.2%,18.5,10,4252,0.24%,20.48,Unknown,Unknown,Unknown,Unknown,Unknown,Unknown,Traffic,CTA present; Conversion UNKNOWN,REFRESH_TOP10,M01 page grain=observed current28 page row; current28 clicks=3; impressions=1637; position=24.58; CTA=present,API/live=VERIFIED; GSC page=current M01 single-dimension/source-limited; query×page=UNKNOWN; GA4/article attribution=UNKNOWN,7/14/28 days after publish
25,article-16,en,which-love-script-fits-you-best,https://fermatmind.com/en/articles/which-love-script-fits-you-best,"Which Relationship Script Fits You Best? Seven Types of Love, Explained","Which Relationship Script Fits You Best? Seven Types of Love, Explained","Many people think they are looking for the right person. Often, they first need to clarify what kind of relationship structure they are trying to build.",Relationships and Love,MBTI | Intimate Relationships | Relationship Science | Attachment and Intimacy | Love Styles,MBTI,Unknown,Fermat Institute,Unknown,2026-04-23T13:19:29.000000Z,2026-04-23T13:19:30.000000Z,24,published,true,200,https://fermatmind.com/en/articles/which-love-script-fits-you-best,en=https://fermatmind.com/en/articles/which-love-script-fits-you-best | zh=https://fermatmind.com/zh/articles/which-love-script-fits-you-best | zh-CN=https://fermatmind.com/zh/articles/which-love-script-fits-you-best,"index,follow",included_verified,observed,none_observed_in_server_html,Article | Person,none_observed,0,2,0,1564,no_explicit_external_ref_detected:0,relationship_sensitive,Take the test,https://fermatmind.com/en/tests/mbti-personality-test-16-personality-types,article_cohort:0;sitewide:Unknown,0,Unknown,Unknown,Unknown,Unknown,Unknown,Unknown,Unknown,Unknown,0,2,0.0%,15.0,0,3,0.0%,13.33,0,12,0.0%,9.67,Unknown,Unknown,Unknown,Unknown,Unknown,Unknown,Unclassified,CTA present; Conversion UNKNOWN,NEED_MORE_DATA,M01 page grain=observed current28 page row; current28 clicks=0; impressions=2; position=15.0; CTA=present,API/live=VERIFIED; GSC page=current M01 single-dimension/source-limited; query×page=UNKNOWN; GA4/article attribution=UNKNOWN,2026-11-08
42,ef7444ca-d060-41f0-a130-188e3bb53d4b,en,why-mbti-and-holland-code-results-dont-match,https://fermatmind.com/en/articles/why-mbti-and-holland-code-results-dont-match,Why Your MBTI Type and Holland Code Results May Not Match,Why Your MBTI Type and Holland Code Results May Not Match,Your MBTI and Holland Code may point in different directions because they answer different questions. Learn how to compare them safely.,Career Decision-Making,RIASEC | MBTI | Holland Code | Personality Test | Career Assessment | Career Interest Test | career exploration,RIASEC/Career Decision,Unknown,FermatMind Editorial Team,Unknown,2026-06-11T05:24:12.000000Z,2026-06-11T05:24:12.000000Z,47,published,true,200,https://fermatmind.com/en/articles/why-mbti-and-holland-code-results-dont-match,en=https://fermatmind.com/en/articles/why-mbti-and-holland-code-results-dont-match,"index,follow",excluded_by_authority,excluded_by_authority,none_observed_in_server_html,Article | Person,none_observed,0,2,0,1980,no_explicit_external_ref_detected:0,career_sensitive,Take the test,https://fermatmind.com/en/tests/holland-career-interest-test-riasec,article_cohort:0;sitewide:Unknown,1,Unknown,/en/tests/holland-career-interest-test-riasec,Unknown,Unknown,Unknown,Unknown,Unknown,Unknown,Unknown,Unknown,Unknown,Unknown,Unknown,Unknown,Unknown,Unknown,Unknown,Unknown,Unknown,Unknown,Unknown,Unknown,Unknown,Unknown,Unknown,Unknown,Unclassified,CTA present; Conversion UNKNOWN,NEED_MORE_DATA,M01 page grain=not present in capped current28 page export; metrics remain Unknown; current28 clicks=Unknown; impressions=Unknown; position=Unknown; CTA=present,API/live=VERIFIED; GSC page=current M01 single-dimension/source-limited; query×page=UNKNOWN; GA4/article attribution=UNKNOWN,2026-11-08
136,big5-v2-c808442d4f79c65a9c1f3af1513ce20ef060662e,zh,apply-personality-research-without-overclaiming,https://fermatmind.com/zh/articles/apply-personality-research-without-overclaiming,把群体证据转为可逆实验，而不是承诺,把群体证据转为可逆实验，而不是承诺,读到“某种人格特质与某个生活结果有关”时，人很容易把句子自动改写成自己的预言：我在这项特质上不高，所以我以后大概会做不好；我和研究中的那组人相似，所以某条路径一定适合我。这个改写省力，却跳过了研究对象、测量、情境、平均差异和个体生活之间的一长段距离。,人格心理学,大五人格 | Big Five | Personality Test,Big Five,Unknown,Unknown,Unknown,2026-07-24T03:23:26.000000Z,2026-07-24T03:23:26.000000Z,429,published,true,200,https://fermatmind.com/zh/articles/apply-personality-research-without-overclaiming,zh=https://fermatmind.com/zh/articles/apply-personality-research-without-overclaiming | zh-CN=https://fermatmind.com/zh/articles/apply-personality-research-without-overclaiming,"index,follow",included_verified,observed,none_observed_in_server_html,Article,none_observed,0,2,0,4350,no_explicit_external_ref_detected:0,identity_sensitive,开始测试,https://fermatmind.com/zh/tests/big-five-personality-test-ocean-model,article_cohort:0;sitewide:Unknown,1,Unknown,/zh/tests/big-five-personality-test-ocean-model,Unknown,Unknown,Unknown,Unknown,Unknown,Unknown,0,5,0.0%,8.6,Unknown,Unknown,Unknown,Unknown,0,5,0.0%,8.6,Unknown,Unknown,Unknown,Unknown,Unknown,Unknown,Unclassified,CTA present; Conversion UNKNOWN,NEED_MORE_DATA,M01 page grain=observed current28 page row; current28 clicks=0; impressions=5; position=8.6; CTA=present,API/live=VERIFIED; GSC page=current M01 single-dimension/source-limited; query×page=UNKNOWN; GA4/article attribution=UNKNOWN,2026-11-08
11,article-11,zh,are-infj-men-rare-or-socially-silenced,https://fermatmind.com/zh/articles/are-infj-men-rare-or-socially-silenced,INFJ 男性为什么常被认为少见？数据来源、性别规范与类型误读,INFJ 男性为什么常被认为少见？数据来源、性别规范与类型误读,INFJ 男性的公开比例依赖具体样本与工具；性别规范可能影响表达和可见度，却不能证明大量 INFJ 被隐藏。,人格心理学,INFJ | 情绪表达 | 男性规范 | 自我沉默 | 高敏感,MBTI,Unknown,FermatMind Editorial,Unknown,2026-07-29T03:37:38.000000Z,2026-07-29T03:37:38.000000Z,436,published,true,200,https://fermatmind.com/zh/articles/are-infj-men-rare-or-socially-silenced,en=https://fermatmind.com/en/articles/are-infj-men-rare-or-socially-silenced | zh=https://fermatmind.com/zh/articles/are-infj-men-rare-or-socially-silenced | zh-CN=https://fermatmind.com/zh/articles/are-infj-men-rare-or-socially-silenced,"index,follow",included_verified,observed,Answer | Article | BreadcrumbList | FAQPage | ListItem | Person | Question,Answer | Article | FAQPage | Person | Question,Answer | Article | BreadcrumbList | FAQPage | ListItem | Person | Question,0,5,5,2296,present_public_source_refs:9,identity_sensitive,开始测试,https://fermatmind.com/zh/tests/mbti-personality-test-16-personality-types,article_cohort:0;sitewide:Unknown,0,Unknown,Unknown,Unknown,Unknown,Unknown,Unknown,Unknown,Unknown,6,209,2.87%,8.3,4,122,3.28%,9.9,12,424,2.83%,9.84,Unknown,Unknown,Unknown,Unknown,Unknown,Unknown,Traffic,Authority | CTA present; Conversion UNKNOWN,REFRESH_TOP10,M01 page grain=observed current28 page row; current28 clicks=6; impressions=209; position=8.3; CTA=present,API/live=VERIFIED; GSC page=current M01 single-dimension/source-limited; query×page=UNKNOWN; GA4/article attribution=UNKNOWN,7/14/28 days after publish
12,article-12,zh,best-valentines-date-by-personality-and-relationship-science,https://fermatmind.com/zh/articles/best-valentines-date-by-personality-and-relationship-science,情人节约会怎么安排？按关系阶段、刺激偏好和预算选方案,情人节约会怎么安排？按关系阶段、刺激偏好和预算选方案,先确认关系阶段、约会目标、刺激强度和现实限制，再选择活动，比照搬人格类型约会清单更可靠。,关系与爱情,亲密关系 | 人格心理学 | 关系科学 | 情人节 | 约会设计,MBTI,Unknown,FermatMind Editorial,Unknown,2026-07-29T03:37:38.000000Z,2026-07-29T03:37:38.000000Z,437,published,true,200,https://fermatmind.com/zh/articles/best-valentines-date-by-personality-and-relationship-science,en=https://fermatmind.com/en/articles/best-valentines-date-by-personality-and-relationship-science | zh=https://fermatmind.com/zh/articles/best-valentines-date-by-personality-and-relationship-science | zh-CN=https://fermatmind.com/zh/articles/best-valentines-date-by-personality-and-relationship-science,"index,follow",included_verified,observed,Answer | Article | BreadcrumbList | FAQPage | ListItem | Person | Question,Answer | Article | FAQPage | Person | Question,Answer | Article | BreadcrumbList | FAQPage | ListItem | Person | Question,0,5,5,2188,present_public_source_refs:8,relationship_sensitive,开始测试,https://fermatmind.com/zh/tests/mbti-personality-test-16-personality-types,article_cohort:0;sitewide:Unknown,0,Unknown,Unknown,Unknown,Unknown,Unknown,Unknown,Unknown,Unknown,Unknown,Unknown,Unknown,Unknown,Unknown,Unknown,Unknown,Unknown,Unknown,Unknown,Unknown,Unknown,Unknown,Unknown,Unknown,Unknown,Unknown,Unknown,Authority,CTA present; Conversion UNKNOWN,KEEP_AUTHORITY,M01 page grain=not present in capped current28 page export; metrics remain Unknown; current28 clicks=Unknown; impressions=Unknown; position=Unknown; CTA=present,API/live=VERIFIED; GSC page=current M01 single-dimension/source-limited; query×page=UNKNOWN; GA4/article attribution=UNKNOWN,2026-11-08
137,big5-v2-b70ab1a8dfc7869d9576c6f861d4e9bdd678e526,zh,big-five-30-day-observation-and-review-plan,https://fermatmind.com/zh/articles/big-five-30-day-observation-and-review-plan,大五人格结果的 30 天观察与复盘计划,大五人格结果的 30 天观察与复盘计划,如何用 30 天观察复盘大五人格结果？,人格心理学,大五人格 | Big Five | Personality Test,Big Five,Unknown,Unknown,Unknown,2026-07-24T02:49:30.000000Z,2026-07-24T02:49:30.000000Z,389,published,true,200,https://fermatmind.com/zh/articles/big-five-30-day-observation-and-review-plan,zh=https://fermatmind.com/zh/articles/big-five-30-day-observation-and-review-plan | zh-CN=https://fermatmind.com/zh/articles/big-five-30-day-observation-and-review-plan,"index,follow",included_verified,eligible_not_observed_in_current_files,none_observed_in_server_html,none_declared,none_observed,0,2,0,2728,present_public_source_refs:3,identity_sensitive,开始测试,https://fermatmind.com/zh/tests/big-five-personality-test-ocean-model,article_cohort:0;sitewide:Unknown,1,Unknown,/zh/tests/big-five-personality-test-ocean-model,Unknown,Unknown,Unknown,Unknown,Unknown,Unknown,Unknown,Unknown,Unknown,Unknown,Unknown,Unknown,Unknown,Unknown,Unknown,Unknown,Unknown,Unknown,Unknown,Unknown,Unknown,Unknown,Unknown,Unknown,Authority,CTA present; Conversion UNKNOWN,KEEP_AUTHORITY,M01 page grain=not present in capped current28 page export; metrics remain Unknown; current28 clicks=Unknown; impressions=Unknown; position=Unknown; CTA=present,API/live=VERIFIED; GSC page=current M01 single-dimension/source-limited; query×page=UNKNOWN; GA4/article attribution=UNKNOWN,2026-11-08
138,big5-v2-f444f3f5519b222e357a81484b5fa35076556e8c,zh,big-five-30-facets-explained-with-model-caveats,https://fermatmind.com/zh/articles/big-five-30-facets-explained-with-model-caveats,大五人格 30 个侧面是什么：NEO-PI-R、BFI-2 与 BFAS 的层级差别与等价陷阱,大五人格 30 个侧面是什么：NEO-PI-R、BFI-2 与 BFAS 的层级差别与等价陷阱,30 个侧面来自 NEO-PI-R 的 240 题、6×5 结构；BFI-2 用 15 个、BFAS 用 10 个 aspects；同名侧面跨量表不能预设等价。本文按 5 个 domain 列出全部 30 个 facet 英文名与中文描述，并给出两份报告同名指标的对齐三步框架。,人格心理学,大五人格 | Big Five | Personality Test,Big Five,Unknown,Unknown,Unknown,2026-07-24T02:49:18.000000Z,2026-07-24T02:49:18.000000Z,384,published,true,200,https://fermatmind.com/zh/articles/big-five-30-facets-explained-with-model-caveats,zh=https://fermatmind.com/zh/articles/big-five-30-facets-explained-with-model-caveats | zh-CN=https://fermatmind.com/zh/articles/big-five-30-facets-explained-with-model-caveats,"index,follow",included_verified,eligible_not_observed_in_current_files,none_observed_in_server_html,none_declared,none_observed,0,2,0,4540,present_public_source_refs:6,identity_sensitive,开始测试,https://fermatmind.com/zh/tests/big-five-personality-test-ocean-model,article_cohort:0;sitewide:Unknown,1,Unknown,/zh/tests/big-five-personality-test-ocean-model,Unknown,Unknown,Unknown,Unknown,Unknown,Unknown,Unknown,Unknown,Unknown,Unknown,Unknown,Unknown,Unknown,Unknown,Unknown,Unknown,Unknown,Unknown,Unknown,Unknown,Unknown,Unknown,Unknown,Unknown,Authority,CTA present; Conversion UNKNOWN,KEEP_AUTHORITY,M01 page grain=not present in capped current28 page export; metrics remain Unknown; current28 clicks=Unknown; impressions=Unknown; position=Unknown; CTA=present,API/live=VERIFIED; GSC page=current M01 single-dimension/source-limited; query×page=UNKNOWN; GA4/article attribution=UNKNOWN,2026-11-08
139,big5-v2-8de45fc73ecb74c1f536dc4fe79cee12d4af5345,zh,big-five-communication-needs-conversation-prompts,https://fermatmind.com/zh/articles/big-five-communication-needs-conversation-prompts,把大五人格语言转成具体沟通请求，而不是解释对方,把大五人格语言转成具体沟通请求，而不是解释对方,两个人约好周日晚把下周安排对一遍。你等到晚上十点，对方仍没有回复；到了周一早晨，原先的计划已经被临时改掉。你可能会想： “他是不是责任心低？” 或 “我是不是神经质太高，才会这么在意？”,人格心理学,大五人格 | Big Five | Personality Test,Big Five,Unknown,Unknown,Unknown,2026-07-24T03:21:37.000000Z,2026-07-24T03:21:37.000000Z,399,published,true,200,https://fermatmind.com/zh/articles/big-five-communication-needs-conversation-prompts,zh=https://fermatmind.com/zh/articles/big-five-communication-needs-conversation-prompts | zh-CN=https://fermatmind.com/zh/articles/big-five-communication-needs-conversation-prompts,"index,follow",included_verified,eligible_not_observed_in_current_files,none_observed_in_server_html,none_declared,none_observed,0,2,0,2688,no_explicit_external_ref_detected:0,identity_sensitive,开始测试,https://fermatmind.com/zh/tests/big-five-personality-test-ocean-model,article_cohort:0;sitewide:Unknown,1,Unknown,/zh/tests/big-five-personality-test-ocean-model,Unknown,Unknown,Unknown,Unknown,Unknown,Unknown,0,3,0.0%,14.67,Unknown,Unknown,Unknown,Unknown,Unknown,Unknown,Unknown,Unknown,Unknown,Unknown,Unknown,Unknown,Unknown,Unknown,Unclassified,CTA present; Conversion UNKNOWN,NEED_MORE_DATA,M01 page grain=observed current28 page row; current28 clicks=0; impressions=3; position=14.67; CTA=present,API/live=VERIFIED; GSC page=current M01 single-dimension/source-limited; query×page=UNKNOWN; GA4/article attribution=UNKNOWN,2026-11-08
140,big5-v2-2abb20ffbc1bd0ab5ad58ddd8940e703ad75bd63,zh,big-five-conflict-patterns-observe-before-explaining,https://fermatmind.com/zh/articles/big-five-conflict-patterns-observe-before-explaining,先观察冲突序列，再讨论人格：不要把原因简化为特质,先观察冲突序列，再讨论人格：不要把原因简化为特质,先观察冲突序列，再讨论人格：不要把原因简化为特质,人格心理学,大五人格 | Big Five | Personality Test,Big Five,Unknown,Unknown,Unknown,2026-07-24T03:21:42.000000Z,2026-07-24T03:21:42.000000Z,400,published,true,200,https://fermatmind.com/zh/articles/big-five-conflict-patterns-observe-before-explaining,zh=https://fermatmind.com/zh/articles/big-five-conflict-patterns-observe-before-explaining | zh-CN=https://fermatmind.com/zh/articles/big-five-conflict-patterns-observe-before-explaining,"index,follow",included_verified,eligible_not_observed_in_current_files,none_observed_in_server_html,none_declared,none_observed,0,2,0,2364,present_public_source_refs:1,identity_sensitive,开始测试,https://fermatmind.com/zh/tests/big-five-personality-test-ocean-model,article_cohort:0;sitewide:Unknown,1,Unknown,/zh/tests/big-five-personality-test-ocean-model,Unknown,Unknown,Unknown,Unknown,Unknown,Unknown,Unknown,Unknown,Unknown,Unknown,Unknown,Unknown,Unknown,Unknown,Unknown,Unknown,Unknown,Unknown,Unknown,Unknown,Unknown,Unknown,Unknown,Unknown,Unclassified,CTA present; Conversion UNKNOWN,NEED_MORE_DATA,M01 page grain=not present in capped current28 page export; metrics remain Unknown; current28 clicks=Unknown; impressions=Unknown; position=Unknown; CTA=present,API/live=VERIFIED; GSC page=current M01 single-dimension/source-limited; query×page=UNKNOWN; GA4/article attribution=UNKNOWN,2026-11-08
80,big5-v2-2caac7e16a76d1bea33d6d76149cafa764c773c5,zh,big-five-conscientiousness-low-procrastination-task-plan,https://fermatmind.com/zh/articles/big-five-conscientiousness-low-procrastination-task-plan,低尽责性、拖延与可执行的任务计划,低尽责性、拖延与可执行的任务计划,Big Five Authority V2 draft candidate pending manual review.,大五人格,Big Five | OCEAN | Conscientiousness | 尽责性 | 拖延 | 执行力 | 任务拆分 | 复盘,Big Five,Unknown,Unknown,Unknown,2026-07-05T05:45:44.000000Z,2026-07-16T18:50:08.000000Z,332,published,true,200,https://fermatmind.com/zh/articles/big-five-conscientiousness-low-procrastination-task-plan,en=https://fermatmind.com/en/articles/big-five-conscientiousness-low-procrastination-task-plan | zh=https://fermatmind.com/zh/articles/big-five-conscientiousness-low-procrastination-task-plan | zh-CN=https://fermatmind.com/zh/articles/big-five-conscientiousness-low-procrastination-task-plan,"index,follow",included_verified,eligible_not_observed_in_current_files,none_observed_in_server_html,none_declared,none_observed,0,2,0,538,present_public_source_refs:1,identity_sensitive,先做大五人格测试，再用本文清单观察拖延触发和执行系统,https://fermatmind.com/zh/tests/big-five-personality-test-ocean-model,article_cohort:0;sitewide:Unknown,1,Unknown,/zh/tests/big-five-personality-test-ocean-model,Unknown,Unknown,Unknown,Unknown,Unknown,Unknown,0,17,0.0%,8.35,1,56,1.79%,19.68,1,73,1.37%,17.04,Unknown,Unknown,Unknown,Unknown,Unknown,Unknown,Unclassified,CTA present; Conversion UNKNOWN,NEED_MORE_DATA,M01 page grain=observed current28 page row; current28 clicks=0; impressions=17; position=8.35; CTA=present,API/live=VERIFIED; GSC page=current M01 single-dimension/source-limited; query×page=UNKNOWN; GA4/article attribution=UNKNOWN,2026-11-08
141,big5-v2-38318d3ef0cc9079e237271b2e2e785f3e3b4a54,zh,big-five-couples-conversation-not-relationship-prediction,https://fermatmind.com/zh/articles/big-five-couples-conversation-not-relationship-prediction,伴侣怎样建设性使用大五人格结果，而不预测关系结局,伴侣怎样建设性使用大五人格结果，而不预测关系结局,把大五人格结果从关系预言改成对话提示：从一个共同情境出发，说明体验和需要，提出可协商、可暂停的小实验。,人格心理学,大五人格 | Big Five | Personality Test,Big Five,Unknown,Unknown,Unknown,2026-07-24T03:21:49.000000Z,2026-07-24T03:21:49.000000Z,401,published,true,200,https://fermatmind.com/zh/articles/big-five-couples-conversation-not-relationship-prediction,zh=https://fermatmind.com/zh/articles/big-five-couples-conversation-not-relationship-prediction | zh-CN=https://fermatmind.com/zh/articles/big-five-couples-conversation-not-relationship-prediction,"index,follow",included_verified,eligible_not_observed_in_current_files,none_observed_in_server_html,none_declared,none_observed,0,2,0,3205,present_public_source_refs:1,relationship_sensitive,开始测试,https://fermatmind.com/zh/tests/big-five-personality-test-ocean-model,article_cohort:0;sitewide:Unknown,1,Unknown,/zh/tests/big-five-personality-test-ocean-model,Unknown,Unknown,Unknown,Unknown,Unknown,Unknown,0,11,0.0%,7.91,Unknown,Unknown,Unknown,Unknown,0,11,0.0%,7.91,Unknown,Unknown,Unknown,Unknown,Unknown,Unknown,Unclassified,CTA present; Conversion UNKNOWN,NEED_MORE_DATA,M01 page grain=observed current28 page row; current28 clicks=0; impressions=11; position=7.91; CTA=present,API/live=VERIFIED; GSC page=current M01 single-dimension/source-limited; query×page=UNKNOWN; GA4/article attribution=UNKNOWN,2026-11-08
142,big5-v2-68bbf340f1f0745d0a400ef418cc8f0f8f5d715c,zh,big-five-cross-cultural-research-and-translation-limits,https://fermatmind.com/zh/articles/big-five-cross-cultural-research-and-translation-limits,跨文化使用大五人格不能只靠翻译,跨文化使用大五人格不能只靠翻译,一支跨国项目组把同一份大五问卷分别发给中文与英文使用者。汇总时，有人看到两个团队某维度的平均回答不同，马上问：“所以哪一边的人更外向、也更适合客户工作吗？”这个问法跳过了一个更基础的问题：两种语言、两套作答情境里的题目，是否真的以足够相近的方式在测量同一件事？,人格心理学,大五人格 | Big Five | Personality Test,Big Five,Unknown,Unknown,Unknown,2026-07-24T03:23:04.000000Z,2026-07-24T03:23:04.000000Z,419,published,true,200,https://fermatmind.com/zh/articles/big-five-cross-cultural-research-and-translation-limits,zh=https://fermatmind.com/zh/articles/big-five-cross-cultural-research-and-translation-limits | zh-CN=https://fermatmind.com/zh/articles/big-five-cross-cultural-research-and-translation-limits,"index,follow",included_verified,eligible_not_observed_in_current_files,none_observed_in_server_html,none_declared,none_observed,0,2,0,3531,no_explicit_external_ref_detected:0,identity_sensitive,开始测试,https://fermatmind.com/zh/tests/big-five-personality-test-ocean-model,article_cohort:0;sitewide:Unknown,1,Unknown,/zh/tests/big-five-personality-test-ocean-model,Unknown,Unknown,Unknown,Unknown,Unknown,Unknown,Unknown,Unknown,Unknown,Unknown,Unknown,Unknown,Unknown,Unknown,Unknown,Unknown,Unknown,Unknown,Unknown,Unknown,Unknown,Unknown,Unknown,Unknown,Authority,CTA present; Conversion UNKNOWN,KEEP_AUTHORITY,M01 page grain=not present in capped current28 page export; metrics remain Unknown; current28 clicks=Unknown; impressions=Unknown; position=Unknown; CTA=present,API/live=VERIFIED; GSC page=current M01 single-dimension/source-limited; query×page=UNKNOWN; GA4/article attribution=UNKNOWN,2026-11-08
143,big5-v2-bb150e8968821b7e97d040c6984ff841f2a2d452,zh,big-five-decision-journal-observe-style-not-quality,https://fermatmind.com/zh/articles/big-five-decision-journal-observe-style-not-quality,用决策日志观察方式，而不从特质推断决策质量,用决策日志观察方式，而不从特质推断决策质量,下周社群活动的场地还没定。你在三个方案之间犹豫：离家近的咖啡馆、交通方便但嘈杂的共享空间、需要多走十分钟却有安静角落的图书馆。你看了一眼自己的大五结果，心里冒出一句话：“我开放性高，应该选新地方；我尽责性一般，可能根本选不好。”,人格心理学,大五人格 | Big Five | Personality Test,Big Five,Unknown,Unknown,Unknown,2026-07-24T03:22:00.000000Z,2026-07-24T03:22:00.000000Z,404,published,true,200,https://fermatmind.com/zh/articles/big-five-decision-journal-observe-style-not-quality,zh=https://fermatmind.com/zh/articles/big-five-decision-journal-observe-style-not-quality | zh-CN=https://fermatmind.com/zh/articles/big-five-decision-journal-observe-style-not-quality,"index,follow",included_verified,eligible_not_observed_in_current_files,none_observed_in_server_html,none_declared,none_observed,0,2,0,2408,present_public_source_refs:2,identity_sensitive,开始测试,https://fermatmind.com/zh/tests/big-five-personality-test-ocean-model,article_cohort:0;sitewide:Unknown,1,Unknown,/zh/tests/big-five-personality-test-ocean-model,Unknown,Unknown,Unknown,Unknown,Unknown,Unknown,Unknown,Unknown,Unknown,Unknown,Unknown,Unknown,Unknown,Unknown,Unknown,Unknown,Unknown,Unknown,Unknown,Unknown,Unknown,Unknown,Unknown,Unknown,Authority,CTA present; Conversion UNKNOWN,KEEP_AUTHORITY,M01 page grain=not present in capped current28 page export; metrics remain Unknown; current28 clicks=Unknown; impressions=Unknown; position=Unknown; CTA=present,API/live=VERIFIED; GSC page=current M01 single-dimension/source-limited; query×page=UNKNOWN; GA4/article attribution=UNKNOWN,2026-11-08
78,big5-v2-a629c69a9a6cfa5fa7f3afde6d783a1efc21f537,zh,big-five-emotional-stability-stress-recovery-communication,https://fermatmind.com/zh/articles/big-five-emotional-stability-stress-recovery-communication,情绪稳定性、压力恢复与清楚沟通,情绪稳定性、压力恢复与清楚沟通,Big Five Authority V2 draft candidate pending manual review.,人格测试,Big Five | OCEAN | 情绪稳定性 | Neuroticism | 压力管理 | 沟通边界,Big Five,Unknown,Unknown,Unknown,2026-07-04T04:35:24.000000Z,2026-07-16T18:50:09.000000Z,336,published,true,200,https://fermatmind.com/zh/articles/big-five-emotional-stability-stress-recovery-communication,en=https://fermatmind.com/en/articles/big-five-emotional-stability-stress-recovery-communication | zh=https://fermatmind.com/zh/articles/big-five-emotional-stability-stress-recovery-communication | zh-CN=https://fermatmind.com/zh/articles/big-five-emotional-stability-stress-recovery-communication,"index,follow",included_verified,eligible_not_observed_in_current_files,none_observed_in_server_html,none_declared,none_observed,0,2,0,561,present_public_source_refs:1,identity_sensitive,先完成大五人格测试，再对照压力触发和恢复清单,https://fermatmind.com/zh/tests/big-five-personality-test-ocean-model,article_cohort:0;sitewide:Unknown,1,Unknown,/zh/tests/big-five-personality-test-ocean-model,Unknown,Unknown,Unknown,Unknown,Unknown,Unknown,0,146,0.0%,12.71,0,274,0.0%,15.43,0,420,0.0%,14.48,Unknown,Unknown,Unknown,Unknown,Unknown,Unknown,Near Winner,CTA present; Conversion UNKNOWN,REFRESH_TOP10,M01 page grain=observed current28 page row; current28 clicks=0; impressions=146; position=12.71; CTA=present,API/live=VERIFIED; GSC page=current M01 single-dimension/source-limited; query×page=UNKNOWN; GA4/article attribution=UNKNOWN,7/14/28 days after publish
144,big5-v2-91700e85688f18f4cb61ba34de369da380838d32,zh,big-five-evidence-strength-from-one-study-to-review,https://fermatmind.com/zh/articles/big-five-evidence-strength-from-one-study-to-review,证据强度取决于主张与累积，而不是简单研究排名,证据强度取决于主张与累积，而不是简单研究排名,看到一篇大五人格研究时，人们常想立刻问：“这项研究够不够权威？”这个问题可以理解，但它太像在给论文排座次。更有用的起点是： 它到底在主张什么，而手上的研究记录是否刚好能支持这个主张？ 一项研究可以对一个很窄的问题提供有价值的信息，却不足以回答一个更宽的问题；一篇综述可以汇集许多研究，也仍要面对纳入研究是否可比、测量是否,人格心理学,大五人格 | Big Five | Personality Test,Big Five,Unknown,Unknown,Unknown,2026-07-24T03:23:28.000000Z,2026-07-24T03:23:28.000000Z,430,published,true,200,https://fermatmind.com/zh/articles/big-five-evidence-strength-from-one-study-to-review,zh=https://fermatmind.com/zh/articles/big-five-evidence-strength-from-one-study-to-review | zh-CN=https://fermatmind.com/zh/articles/big-five-evidence-strength-from-one-study-to-review,"index,follow",included_verified,observed,none_observed_in_server_html,none_declared,none_observed,0,2,0,4806,no_explicit_external_ref_detected:0,identity_sensitive,开始测试,https://fermatmind.com/zh/tests/big-five-personality-test-ocean-model,article_cohort:0;sitewide:Unknown,1,Unknown,/zh/tests/big-five-personality-test-ocean-model,Unknown,Unknown,Unknown,Unknown,Unknown,Unknown,0,1,0.0%,30.0,Unknown,Unknown,Unknown,Unknown,Unknown,Unknown,Unknown,Unknown,Unknown,Unknown,Unknown,Unknown,Unknown,Unknown,Authority,CTA present; Conversion UNKNOWN,KEEP_AUTHORITY,M01 page grain=observed current28 page row; current28 clicks=0; impressions=1; position=30.0; CTA=present,API/live=VERIFIED; GSC page=current M01 single-dimension/source-limited; query×page=UNKNOWN; GA4/article attribution=UNKNOWN,2026-11-08
145,big5-v2-19c3c093ea648d30ce40803d8eb9d056d4b27548,zh,big-five-feedback-preferences-as-hypotheses,https://fermatmind.com/zh/articles/big-five-feedback-preferences-as-hypotheses,大五人格反馈为什么是「假设」而非「诊断」,大五人格反馈为什么是「假设」而非「诊断」,大五反馈是描述行为倾向的可检验假设，不是对你的定论。你的偏好、所处环境和自我认知都会影响你如何接收和解释这些分数——把报告当成可检验的假设比当成定论更有用。,人格心理学,大五人格 | Big Five | Personality Test,Big Five,Unknown,Unknown,Unknown,2026-07-24T02:49:41.000000Z,2026-07-24T02:49:41.000000Z,394,published,true,200,https://fermatmind.com/zh/articles/big-five-feedback-preferences-as-hypotheses,zh=https://fermatmind.com/zh/articles/big-five-feedback-preferences-as-hypotheses | zh-CN=https://fermatmind.com/zh/articles/big-five-feedback-preferences-as-hypotheses,"index,follow",included_verified,eligible_not_observed_in_current_files,none_observed_in_server_html,none_declared,none_observed,0,2,0,4042,present_public_source_refs:9,identity_sensitive,开始测试,https://fermatmind.com/zh/tests/big-five-personality-test-ocean-model,article_cohort:0;sitewide:Unknown,1,Unknown,/zh/tests/big-five-personality-test-ocean-model,Unknown,Unknown,Unknown,Unknown,Unknown,Unknown,Unknown,Unknown,Unknown,Unknown,Unknown,Unknown,Unknown,Unknown,Unknown,Unknown,Unknown,Unknown,Unknown,Unknown,Unknown,Unknown,Unknown,Unknown,Authority,CTA present; Conversion UNKNOWN,KEEP_AUTHORITY,M01 page grain=not present in capped current28 page export; metrics remain Unknown; current28 clicks=Unknown; impressions=Unknown; position=Unknown; CTA=present,API/live=VERIFIED; GSC page=current M01 single-dimension/source-limited; query×page=UNKNOWN; GA4/article attribution=UNKNOWN,2026-11-08
146,big5-v2-94a3b812b58833fae4cbb68cebc14b68ac868b1f,zh,big-five-friendship-differences-without-compatibility-scores,https://fermatmind.com/zh/articles/big-five-friendship-differences-without-compatibility-scores,朋友怎样讨论人格差异：协商需要，不计算匹配分,朋友怎样讨论人格差异：协商需要，不计算匹配分,周三晚上，阿宁在三人朋友群里发了一条消息：「周六下午要不要一起去看展？我想今晚把票订掉。」小夏没有回复；第二天下午她说，临时确定周末计划会让自己很累。阿宁则觉得，每次都要提前很久约，随性的见面就消失了。,人格心理学,大五人格 | Big Five | Personality Test,Big Five,Unknown,Unknown,Unknown,2026-07-24T03:21:52.000000Z,2026-07-24T03:21:52.000000Z,402,published,true,200,https://fermatmind.com/zh/articles/big-five-friendship-differences-without-compatibility-scores,zh=https://fermatmind.com/zh/articles/big-five-friendship-differences-without-compatibility-scores | zh-CN=https://fermatmind.com/zh/articles/big-five-friendship-differences-without-compatibility-scores,"index,follow",included_verified,eligible_not_observed_in_current_files,none_observed_in_server_html,none_declared,none_observed,0,2,0,2360,present_public_source_refs:1,identity_sensitive,开始测试,https://fermatmind.com/zh/tests/big-five-personality-test-ocean-model,article_cohort:0;sitewide:Unknown,1,Unknown,/zh/tests/big-five-personality-test-ocean-model,Unknown,Unknown,Unknown,Unknown,Unknown,Unknown,Unknown,Unknown,Unknown,Unknown,Unknown,Unknown,Unknown,Unknown,Unknown,Unknown,Unknown,Unknown,Unknown,Unknown,Unknown,Unknown,Unknown,Unknown,Unclassified,CTA present; Conversion UNKNOWN,NEED_MORE_DATA,M01 page grain=not present in capped current28 page export; metrics remain Unknown; current28 clicks=Unknown; impressions=Unknown; position=Unknown; CTA=present,API/live=VERIFIED; GSC page=current M01 single-dimension/source-limited; query×page=UNKNOWN; GA4/article attribution=UNKNOWN,2026-11-08
147,big5-v2-a4040abfd3a1244900a24cced1a6c6acf686a93e,zh,big-five-goal-setting-use-results-as-hypotheses,https://fermatmind.com/zh/articles/big-five-goal-setting-use-results-as-hypotheses,把大五结果用于目标假设，而不是特质命运,把大五结果用于目标假设，而不是特质命运,你看完大五结果，准备给自己定一个目标：也许想在讨论里多说一点、把一个副项目推进下去，或试着认识新同事。随即又冒出一句话：“我外向性不高，可能不适合”“我尽责性一般，做了也坚持不住。”,人格心理学,大五人格 | Big Five | Personality Test,Big Five,Unknown,Unknown,Unknown,2026-07-24T03:22:29.000000Z,2026-07-24T03:22:29.000000Z,409,published,true,200,https://fermatmind.com/zh/articles/big-five-goal-setting-use-results-as-hypotheses,zh=https://fermatmind.com/zh/articles/big-five-goal-setting-use-results-as-hypotheses | zh-CN=https://fermatmind.com/zh/articles/big-five-goal-setting-use-results-as-hypotheses,"index,follow",included_verified,eligible_not_observed_in_current_files,none_observed_in_server_html,none_declared,none_observed,0,2,0,3261,present_public_source_refs:1,identity_sensitive,开始测试,https://fermatmind.com/zh/tests/big-five-personality-test-ocean-model,article_cohort:0;sitewide:Unknown,1,Unknown,/zh/tests/big-five-personality-test-ocean-model,Unknown,Unknown,Unknown,Unknown,Unknown,Unknown,Unknown,Unknown,Unknown,Unknown,Unknown,Unknown,Unknown,Unknown,Unknown,Unknown,Unknown,Unknown,Unknown,Unknown,Unknown,Unknown,Unknown,Unknown,Unclassified,CTA present; Conversion UNKNOWN,NEED_MORE_DATA,M01 page grain=not present in capped current28 page export; metrics remain Unknown; current28 clicks=Unknown; impressions=Unknown; position=Unknown; CTA=present,API/live=VERIFIED; GSC page=current M01 single-dimension/source-limited; query×page=UNKNOWN; GA4/article attribution=UNKNOWN,2026-11-08
1,big5-v2-f29331ce54d2f28a7051702932c39aaf69d2bf61,zh,big-five-growth-guide,https://fermatmind.com/zh/articles/big-five-growth-guide,大五人格结果怎么用于成长？五维行为实验与复盘指南,大五人格结果怎么用于成长？五维行为实验与复盘指南,不要追逐理想人格分数；选择一个现实目标，把特质假设变成可观察、可停止、可复盘的行为实验。,人格心理学,大五人格 | Big Five | Personality Test,Big Five,Unknown,FermatMind Editorial,Unknown,2026-07-29T03:37:35.000000Z,2026-07-29T11:48:03.000000Z,446,published,true,200,https://fermatmind.com/zh/articles/big-five-growth-guide,zh=https://fermatmind.com/zh/articles/big-five-growth-guide | zh-CN=https://fermatmind.com/zh/articles/big-five-growth-guide,"index,follow",included_verified,observed,Answer | FAQPage | Question,none_declared,Answer | FAQPage | Question,0,5,5,2409,present_public_source_refs:3,identity_sensitive,开始测试,https://fermatmind.com/zh/tests/big-five-personality-test-ocean-model,article_cohort:0;sitewide:Unknown,1,Unknown,/zh/tests/big-five-personality-test-ocean-model,Unknown,Unknown,Unknown,Unknown,Unknown,Unknown,0,48,0.0%,9.58,0,70,0.0%,11.33,0,119,0.0%,10.61,Unknown,Unknown,Unknown,Unknown,Unknown,Unknown,Unclassified,Authority | CTA present; Conversion UNKNOWN,NEED_MORE_DATA,M01 page grain=observed current28 page row; current28 clicks=0; impressions=48; position=9.58; CTA=present,API/live=VERIFIED; GSC page=current M01 single-dimension/source-limited; query×page=UNKNOWN; GA4/article attribution=UNKNOWN,2026-11-08
148,big5-v2-d4f4abac8aa1da8f63d2163f107ff7280b4c7b34,zh,big-five-leadership-reflection-not-leader-prediction,https://fermatmind.com/zh/articles/big-five-leadership-reflection-not-leader-prediction,用大五特质复盘领导行为，而不是预测谁会成为好领导,用大五特质复盘领导行为，而不是预测谁会成为好领导,大五特质能为领导力复盘提供什么？,人格心理学,大五人格 | Big Five | Personality Test,Big Five,Unknown,Unknown,Unknown,2026-07-24T02:49:43.000000Z,2026-07-24T02:49:43.000000Z,395,published,true,200,https://fermatmind.com/zh/articles/big-five-leadership-reflection-not-leader-prediction,zh=https://fermatmind.com/zh/articles/big-five-leadership-reflection-not-leader-prediction | zh-CN=https://fermatmind.com/zh/articles/big-five-leadership-reflection-not-leader-prediction,"index,follow",included_verified,eligible_not_observed_in_current_files,none_observed_in_server_html,none_declared,none_observed,0,2,0,3392,present_public_source_refs:3,identity_sensitive,开始测试,https://fermatmind.com/zh/tests/big-five-personality-test-ocean-model,article_cohort:0;sitewide:Unknown,1,Unknown,/zh/tests/big-five-personality-test-ocean-model,Unknown,Unknown,Unknown,Unknown,Unknown,Unknown,Unknown,Unknown,Unknown,Unknown,Unknown,Unknown,Unknown,Unknown,Unknown,Unknown,Unknown,Unknown,Unknown,Unknown,Unknown,Unknown,Unknown,Unknown,Authority,CTA present; Conversion UNKNOWN,KEEP_AUTHORITY,M01 page grain=not present in capped current28 page export; metrics remain Unknown; current28 clicks=Unknown; impressions=Unknown; position=Unknown; CTA=present,API/live=VERIFIED; GSC page=current M01 single-dimension/source-limited; query×page=UNKNOWN; GA4/article attribution=UNKNOWN,2026-11-08
149,big5-v2-fba3ef0c1ddf693172ab0b740312432e37367dc3,zh,big-five-learning-preferences-test-dont-prescribe,https://fermatmind.com/zh/articles/big-five-learning-preferences-test-dont-prescribe,大五特质不能揭示唯一最佳学习方式：应检验学习条件,大五特质不能揭示唯一最佳学习方式：应检验学习条件,大五特质不能揭示唯一最佳学习方式：应检验学习条件,人格心理学,大五人格 | Big Five | Personality Test,Big Five,Unknown,Unknown,Unknown,2026-07-24T03:22:04.000000Z,2026-07-24T03:22:04.000000Z,405,published,true,200,https://fermatmind.com/zh/articles/big-five-learning-preferences-test-dont-prescribe,zh=https://fermatmind.com/zh/articles/big-five-learning-preferences-test-dont-prescribe | zh-CN=https://fermatmind.com/zh/articles/big-five-learning-preferences-test-dont-prescribe,"index,follow",included_verified,eligible_not_observed_in_current_files,none_observed_in_server_html,none_declared,none_observed,0,2,0,2721,present_public_source_refs:3,identity_sensitive,开始测试,https://fermatmind.com/zh/tests/big-five-personality-test-ocean-model,article_cohort:0;sitewide:Unknown,1,Unknown,/zh/tests/big-five-personality-test-ocean-model,Unknown,Unknown,Unknown,Unknown,Unknown,Unknown,Unknown,Unknown,Unknown,Unknown,Unknown,Unknown,Unknown,Unknown,Unknown,Unknown,Unknown,Unknown,Unknown,Unknown,Unknown,Unknown,Unknown,Unknown,Authority,CTA present; Conversion UNKNOWN,KEEP_AUTHORITY,M01 page grain=not present in capped current28 page export; metrics remain Unknown; current28 clicks=Unknown; impressions=Unknown; position=Unknown; CTA=present,API/live=VERIFIED; GSC page=current M01 single-dimension/source-limited; query×page=UNKNOWN; GA4/article attribution=UNKNOWN,2026-11-08
150,big5-v2-d7f59e0611f29c63747b2134a4c45379f7ee95b5,zh,big-five-meeting-participation-without-personality-labels,https://fermatmind.com/zh/articles/big-five-meeting-participation-without-personality-labels,会议中如何容纳不同参与方式，而不分配人格角色,会议中如何容纳不同参与方式，而不分配人格角色,会议中如何容纳不同参与方式？,人格心理学,大五人格 | Big Five | Personality Test,Big Five,Unknown,Unknown,Unknown,2026-07-24T02:49:45.000000Z,2026-07-24T02:49:45.000000Z,396,published,true,200,https://fermatmind.com/zh/articles/big-five-meeting-participation-without-personality-labels,zh=https://fermatmind.com/zh/articles/big-five-meeting-participation-without-personality-labels | zh-CN=https://fermatmind.com/zh/articles/big-five-meeting-participation-without-personality-labels,"index,follow",included_verified,eligible_not_observed_in_current_files,none_observed_in_server_html,none_declared,none_observed,0,2,0,3299,present_public_source_refs:5,identity_sensitive,开始测试,https://fermatmind.com/zh/tests/big-five-personality-test-ocean-model,article_cohort:0;sitewide:Unknown,1,Unknown,/zh/tests/big-five-personality-test-ocean-model,Unknown,Unknown,Unknown,Unknown,Unknown,Unknown,Unknown,Unknown,Unknown,Unknown,Unknown,Unknown,Unknown,Unknown,Unknown,Unknown,Unknown,Unknown,Unknown,Unknown,Unknown,Unknown,Unknown,Unknown,Authority,CTA present; Conversion UNKNOWN,KEEP_AUTHORITY,M01 page grain=not present in capped current28 page export; metrics remain Unknown; current28 clicks=Unknown; impressions=Unknown; position=Unknown; CTA=present,API/live=VERIFIED; GSC page=current M01 single-dimension/source-limited; query×page=UNKNOWN; GA4/article attribution=UNKNOWN,2026-11-08
151,big5-v2-0509c45cc62b4b50d0c346ace29656cfafbf371c,zh,big-five-model-history-from-words-to-traits,https://fermatmind.com/zh/articles/big-five-model-history-from-words-to-traits,大五人格模型怎样形成：从描述性词语到特质研究,大五人格模型怎样形成：从描述性词语到特质研究,理解大五模型的形成，要把描述词、因子结构和量表设计分开看；它们共同构成研究史，却不等于固定身份、因果解释或产品验证。,人格心理学,大五人格 | Big Five | Personality Test,Big Five,Unknown,Unknown,Unknown,2026-07-24T02:49:21.000000Z,2026-07-24T02:49:21.000000Z,385,published,true,200,https://fermatmind.com/zh/articles/big-five-model-history-from-words-to-traits,zh=https://fermatmind.com/zh/articles/big-five-model-history-from-words-to-traits | zh-CN=https://fermatmind.com/zh/articles/big-five-model-history-from-words-to-traits,"index,follow",included_verified,eligible_not_observed_in_current_files,none_observed_in_server_html,none_declared,none_observed,0,2,0,3079,present_public_source_refs:3,identity_sensitive,开始测试,https://fermatmind.com/zh/tests/big-five-personality-test-ocean-model,article_cohort:0;sitewide:Unknown,1,Unknown,/zh/tests/big-five-personality-test-ocean-model,Unknown,Unknown,Unknown,Unknown,Unknown,Unknown,Unknown,Unknown,Unknown,Unknown,Unknown,Unknown,Unknown,Unknown,Unknown,Unknown,Unknown,Unknown,Unknown,Unknown,Unknown,Unknown,Unknown,Unknown,Authority,CTA present; Conversion UNKNOWN,KEEP_AUTHORITY,M01 page grain=not present in capped current28 page export; metrics remain Unknown; current28 clicks=Unknown; impressions=Unknown; position=Unknown; CTA=present,API/live=VERIFIED; GSC page=current M01 single-dimension/source-limited; query×page=UNKNOWN; GA4/article attribution=UNKNOWN,2026-11-08
152,big5-v2-518904a759a3d514cd62169be2f0f94e8096298f,zh,big-five-myths-types-destiny-and-perfect-scores,https://fermatmind.com/zh/articles/big-five-myths-types-destiny-and-perfect-scores,大五人格五大误区：不是类型、不定命运、没有通用完美分数,大五人格五大误区：不是类型、不定命运、没有通用完美分数,把大五结果从类型、命运、完美分数、诊断和换算公式的误用中拆开，用五个核验动作回到有边界的自我观察。,人格心理学,大五人格 | Big Five | Personality Test,Big Five,Unknown,Unknown,Unknown,2026-07-24T03:23:15.000000Z,2026-07-24T03:23:15.000000Z,424,published,true,200,https://fermatmind.com/zh/articles/big-five-myths-types-destiny-and-perfect-scores,zh=https://fermatmind.com/zh/articles/big-five-myths-types-destiny-and-perfect-scores | zh-CN=https://fermatmind.com/zh/articles/big-five-myths-types-destiny-and-perfect-scores,"index,follow",included_verified,eligible_not_observed_in_current_files,none_observed_in_server_html,none_declared,none_observed,0,2,0,3154,present_public_source_refs:5,identity_sensitive,开始测试,https://fermatmind.com/zh/tests/big-five-personality-test-ocean-model,article_cohort:0;sitewide:Unknown,1,Unknown,/zh/tests/big-five-personality-test-ocean-model,Unknown,Unknown,Unknown,Unknown,Unknown,Unknown,Unknown,Unknown,Unknown,Unknown,Unknown,Unknown,Unknown,Unknown,Unknown,Unknown,Unknown,Unknown,Unknown,Unknown,Unknown,Unknown,Unknown,Unknown,Authority,CTA present; Conversion UNKNOWN,KEEP_AUTHORITY,M01 page grain=not present in capped current28 page export; metrics remain Unknown; current28 clicks=Unknown; impressions=Unknown; position=Unknown; CTA=present,API/live=VERIFIED; GSC page=current M01 single-dimension/source-limited; query×page=UNKNOWN; GA4/article attribution=UNKNOWN,2026-11-08
2,big5-v2-8381cc150e7180b365a397ce3e3a25e2626b8970,zh,big-five-narrative-portrait,https://fermatmind.com/zh/articles/big-five-narrative-portrait,大五人格五维组合怎么看？把 OCEAN 分数写成个人画像,大五人格五维组合怎么看？把 OCEAN 分数写成个人画像,把 OCEAN 多个维度放回具体情境，写出可能行为、代价、反例和验证问题，才能形成可复盘画像。,人格心理学,大五人格 | Big Five | Personality Test,Big Five,Unknown,FermatMind Editorial,Unknown,2026-07-29T03:37:36.000000Z,2026-07-29T11:48:03.000000Z,445,published,true,200,https://fermatmind.com/zh/articles/big-five-narrative-portrait,zh=https://fermatmind.com/zh/articles/big-five-narrative-portrait | zh-CN=https://fermatmind.com/zh/articles/big-five-narrative-portrait,"index,follow",included_verified,observed,Answer | FAQPage | Question,none_declared,Answer | FAQPage | Question,0,5,5,2467,present_public_source_refs:1,identity_sensitive,开始测试,https://fermatmind.com/zh/tests/big-five-personality-test-ocean-model,article_cohort:0;sitewide:Unknown,1,Unknown,/zh/tests/big-five-personality-test-ocean-model,Unknown,Unknown,Unknown,Unknown,Unknown,Unknown,0,15,0.0%,19.53,0,45,0.0%,10.73,0,60,0.0%,12.93,Unknown,Unknown,Unknown,Unknown,Unknown,Unknown,Unclassified,CTA present; Conversion UNKNOWN,NEED_MORE_DATA,M01 page grain=observed current28 page row; current28 clicks=0; impressions=15; position=19.53; CTA=present,API/live=VERIFIED; GSC page=current M01 single-dimension/source-limited; query×page=UNKNOWN; GA4/article attribution=UNKNOWN,2026-11-08
153,big5-v2-67d83ae0e03338153060eff4ab916c2e71bce7c6,zh,big-five-personal-boundaries-traits-do-not-override-consent,https://fermatmind.com/zh/articles/big-five-personal-boundaries-traits-do-not-override-consent,人格特质不能凌驾于同意或个人边界,人格特质不能凌驾于同意或个人边界,小林在聚会结束后收到朋友发来的长消息：「你宜人性高，肯定是不想扫兴才说没关系；我还是把照片发到群里吧。」小林已经说过不想公开照片，也不希望继续讨论自己的测评结果。对方把这理解为一项人格线索，而不是一个需要被执行的限制。,人格心理学,大五人格 | Big Five | Personality Test,Big Five,Unknown,Unknown,Unknown,2026-07-24T03:21:57.000000Z,2026-07-24T03:21:57.000000Z,403,published,true,200,https://fermatmind.com/zh/articles/big-five-personal-boundaries-traits-do-not-override-consent,zh=https://fermatmind.com/zh/articles/big-five-personal-boundaries-traits-do-not-override-consent | zh-CN=https://fermatmind.com/zh/articles/big-five-personal-boundaries-traits-do-not-override-consent,"index,follow",included_verified,eligible_not_observed_in_current_files,none_observed_in_server_html,none_declared,none_observed,0,2,0,2520,present_public_source_refs:2,identity_sensitive,开始测试,https://fermatmind.com/zh/tests/big-five-personality-test-ocean-model,article_cohort:0;sitewide:Unknown,1,Unknown,/zh/tests/big-five-personality-test-ocean-model,Unknown,Unknown,Unknown,Unknown,Unknown,Unknown,Unknown,Unknown,Unknown,Unknown,Unknown,Unknown,Unknown,Unknown,Unknown,Unknown,Unknown,Unknown,Unknown,Unknown,Unknown,Unknown,Unknown,Unknown,Authority,CTA present; Conversion UNKNOWN,KEEP_AUTHORITY,M01 page grain=not present in capped current28 page export; metrics remain Unknown; current28 clicks=Unknown; impressions=Unknown; position=Unknown; CTA=present,API/live=VERIFIED; GSC page=current M01 single-dimension/source-limited; query×page=UNKNOWN; GA4/article attribution=UNKNOWN,2026-11-08
36,big5-v2-d7a599328db373586d6b7056837924a236c466d6,zh,big-five-personality-test-vs-mbti,https://fermatmind.com/zh/articles/big-five-personality-test-vs-mbti,大五人格与 MBTI：不同问题与不同结果形式,大五人格与 MBTI：不同问题与不同结果形式,Big Five Authority V2 draft candidate pending manual review.,人格心理学,MBTI | 大五人格 | 人格测试 | Big Five | OCEAN,Big Five,Unknown,Unknown,Unknown,2026-05-17T09:58:31.000000Z,2026-07-16T18:50:12.000000Z,349,published,true,200,https://fermatmind.com/zh/articles/big-five-personality-test-vs-mbti,en=https://fermatmind.com/en/articles/big-five-personality-test-vs-mbti | zh=https://fermatmind.com/zh/articles/big-five-personality-test-vs-mbti | zh-CN=https://fermatmind.com/zh/articles/big-five-personality-test-vs-mbti,"index,follow",included_verified,eligible_not_observed_in_current_files,none_observed_in_server_html,none_declared,none_observed,0,5,0,585,present_public_source_refs:2,identity_sensitive,开始大五人格测试,https://fermatmind.com/zh/tests/big-five-personality-test,article_cohort:0;sitewide:Unknown,3,Unknown,/zh/tests/big-five-personality-test-ocean-model | /zh/tests/mbti-personality-test-16-personality-types | /zh/tests/holland-career-interest-test-riasec,Unknown,Unknown,Unknown,Unknown,Unknown,Unknown,Unknown,Unknown,Unknown,Unknown,Unknown,Unknown,Unknown,Unknown,Unknown,Unknown,Unknown,Unknown,Unknown,Unknown,Unknown,Unknown,Unknown,Unknown,Authority,CTA present; Conversion UNKNOWN,KEEP_AUTHORITY,M01 page grain=not present in capped current28 page export; metrics remain Unknown; current28 clicks=Unknown; impressions=Unknown; position=Unknown; CTA=present,API/live=VERIFIED; GSC page=current M01 single-dimension/source-limited; query×page=UNKNOWN; GA4/article attribution=UNKNOWN,2026-11-08
154,big5-v2-dac8843d427a530987cb681393aa116f055ea9de,zh,big-five-planning-system-run-a-two-week-experiment,https://fermatmind.com/zh/articles/big-five-planning-system-run-a-two-week-experiment,用可观察行为进行两周计划系统实验,用可观察行为进行两周计划系统实验,你可能已经换过不止一种计划工具：纸质周历、待办清单、时间块、看板，甚至是“每天只列三件事”。开始时都像找到答案，几天后又回到同一个画面：任务散落在聊天记录、便签和脑中；清单越写越长；晚上打开工具时反而不知道从哪里开始。,人格心理学,大五人格 | Big Five | Personality Test,Big Five,Unknown,Unknown,Unknown,2026-07-24T03:22:07.000000Z,2026-07-24T03:22:07.000000Z,406,published,true,200,https://fermatmind.com/zh/articles/big-five-planning-system-run-a-two-week-experiment,zh=https://fermatmind.com/zh/articles/big-five-planning-system-run-a-two-week-experiment | zh-CN=https://fermatmind.com/zh/articles/big-five-planning-system-run-a-two-week-experiment,"index,follow",included_verified,eligible_not_observed_in_current_files,none_observed_in_server_html,none_declared,none_observed,0,2,0,3815,present_public_source_refs:1,identity_sensitive,开始测试,https://fermatmind.com/zh/tests/big-five-personality-test-ocean-model,article_cohort:0;sitewide:Unknown,1,Unknown,/zh/tests/big-five-personality-test-ocean-model,Unknown,Unknown,Unknown,Unknown,Unknown,Unknown,Unknown,Unknown,Unknown,Unknown,Unknown,Unknown,Unknown,Unknown,Unknown,Unknown,Unknown,Unknown,Unknown,Unknown,Unknown,Unknown,Unknown,Unknown,Unclassified,CTA present; Conversion UNKNOWN,NEED_MORE_DATA,M01 page grain=not present in capped current28 page export; metrics remain Unknown; current28 clicks=Unknown; impressions=Unknown; position=Unknown; CTA=present,API/live=VERIFIED; GSC page=current M01 single-dimension/source-limited; query×page=UNKNOWN; GA4/article attribution=UNKNOWN,2026-11-08
155,big5-v2-de232415002e4c2d5bff833b2759ecf6fb6d249a,zh,big-five-retest-differences-measurement-and-context,https://fermatmind.com/zh/articles/big-five-retest-differences-measurement-and-context,复测差异可能来自测量、情境与可能变化,复测差异可能来自测量、情境与可能变化,六个月前，小林完成了一次大五人格测评；这周再做一次，尽责性和外向性的描述都不一样。她立刻问：“我是不是变了？”,人格心理学,大五人格 | Big Five | Personality Test,Big Five,Unknown,Unknown,Unknown,2026-07-24T03:23:06.000000Z,2026-07-24T03:23:06.000000Z,420,published,true,200,https://fermatmind.com/zh/articles/big-five-retest-differences-measurement-and-context,zh=https://fermatmind.com/zh/articles/big-five-retest-differences-measurement-and-context | zh-CN=https://fermatmind.com/zh/articles/big-five-retest-differences-measurement-and-context,"index,follow",included_verified,eligible_not_observed_in_current_files,none_observed_in_server_html,none_declared,none_observed,0,2,0,2514,no_explicit_external_ref_detected:0,identity_sensitive,开始测试,https://fermatmind.com/zh/tests/big-five-personality-test-ocean-model,article_cohort:0;sitewide:Unknown,1,Unknown,/zh/tests/big-five-personality-test-ocean-model,Unknown,Unknown,Unknown,Unknown,Unknown,Unknown,Unknown,Unknown,Unknown,Unknown,Unknown,Unknown,Unknown,Unknown,Unknown,Unknown,Unknown,Unknown,Unknown,Unknown,Unknown,Unknown,Unknown,Unknown,Unclassified,CTA present; Conversion UNKNOWN,NEED_MORE_DATA,M01 page grain=not present in capped current28 page export; metrics remain Unknown; current28 clicks=Unknown; impressions=Unknown; position=Unknown; CTA=present,API/live=VERIFIED; GSC page=current M01 single-dimension/source-limited; query×page=UNKNOWN; GA4/article attribution=UNKNOWN,2026-11-08
156,big5-v2-19dfbe0b05db1ad07ae1d85b82992d98c4e53270,zh,big-five-score-ranges-what-high-middle-low-can-mean,https://fermatmind.com/zh/articles/big-five-score-ranges-what-high-middle-low-can-mean,大五人格高、中、低区间意味着什么：先看连续维度与常模边界,大五人格高、中、低区间意味着什么：先看连续维度与常模边界,大五人格高、中、低区间可能意味着什么？,人格心理学,大五人格 | Big Five | Personality Test,Big Five,Unknown,Unknown,Unknown,2026-07-24T02:49:32.000000Z,2026-07-24T02:49:32.000000Z,390,published,true,200,https://fermatmind.com/zh/articles/big-five-score-ranges-what-high-middle-low-can-mean,zh=https://fermatmind.com/zh/articles/big-five-score-ranges-what-high-middle-low-can-mean | zh-CN=https://fermatmind.com/zh/articles/big-five-score-ranges-what-high-middle-low-can-mean,"index,follow",included_verified,eligible_not_observed_in_current_files,none_observed_in_server_html,none_declared,none_observed,0,2,0,2847,present_public_source_refs:3,identity_sensitive,开始测试,https://fermatmind.com/zh/tests/big-five-personality-test-ocean-model,article_cohort:0;sitewide:Unknown,1,Unknown,/zh/tests/big-five-personality-test-ocean-model,Unknown,Unknown,Unknown,Unknown,Unknown,Unknown,Unknown,Unknown,Unknown,Unknown,Unknown,Unknown,Unknown,Unknown,Unknown,Unknown,Unknown,Unknown,Unknown,Unknown,Unknown,Unknown,Unknown,Unknown,Authority,CTA present; Conversion UNKNOWN,KEEP_AUTHORITY,M01 page grain=not present in capped current28 page export; metrics remain Unknown; current28 clicks=Unknown; impressions=Unknown; position=Unknown; CTA=present,API/live=VERIFIED; GSC page=current M01 single-dimension/source-limited; query×page=UNKNOWN; GA4/article attribution=UNKNOWN,2026-11-08
157,big5-v2-ef35a83686455b0382a6a154b7314b454a45f3a4,zh,big-five-self-regulation-build-a-context-plan,https://fermatmind.com/zh/articles/big-five-self-regulation-build-a-context-plan,制定情境计划，而不是人格化治疗方案,制定情境计划，而不是人格化治疗方案,大五结果可以帮助你提出一个观察问题，却不能告诉你该修复什么、接受何种治疗，或预告你会怎样。较稳妥的用法是：在一个非紧急场景里，选定一个可观察动作和一个能随时撤回的条件；试几次后根据情境与例外决定保留、微调或停止。它不是人格化治疗方案，也不证明分数或人格发生变化。,人格心理学,大五人格 | Big Five | Personality Test,Big Five,Unknown,Unknown,Unknown,2026-07-24T03:22:46.000000Z,2026-07-24T03:22:47.000000Z,414,published,true,200,https://fermatmind.com/zh/articles/big-five-self-regulation-build-a-context-plan,zh=https://fermatmind.com/zh/articles/big-five-self-regulation-build-a-context-plan | zh-CN=https://fermatmind.com/zh/articles/big-five-self-regulation-build-a-context-plan,"index,follow",included_verified,eligible_not_observed_in_current_files,none_observed_in_server_html,none_declared,none_observed,0,2,0,2742,present_public_source_refs:3,identity_sensitive,开始测试,https://fermatmind.com/zh/tests/big-five-personality-test-ocean-model,article_cohort:0;sitewide:Unknown,1,Unknown,/zh/tests/big-five-personality-test-ocean-model,Unknown,Unknown,Unknown,Unknown,Unknown,Unknown,Unknown,Unknown,Unknown,Unknown,Unknown,Unknown,Unknown,Unknown,Unknown,Unknown,Unknown,Unknown,Unknown,Unknown,Unknown,Unknown,Unknown,Unknown,Authority,CTA present; Conversion UNKNOWN,KEEP_AUTHORITY,M01 page grain=not present in capped current28 page export; metrics remain Unknown; current28 clicks=Unknown; impressions=Unknown; position=Unknown; CTA=present,API/live=VERIFIED; GSC page=current M01 single-dimension/source-limited; query×page=UNKNOWN; GA4/article attribution=UNKNOWN,2026-11-08
158,big5-v2-6a54ca37a76d06906720346d225b5a6df4302364,zh,big-five-self-report-bias-and-response-context,https://fermatmind.com/zh/articles/big-five-self-report-bias-and-response-context,大五人格自陈取决于作答情境与视角,大五人格自陈取决于作答情境与视角,大五自陈不是行为录像。题目理解、参照群体、作答情境、反应方式和观察视角都可能影响这次自我描述；它们不等于不诚实，也不能单凭一次结果判定人格真相。,人格心理学,大五人格 | Big Five | Personality Test,Big Five,Unknown,Unknown,Unknown,2026-07-24T03:23:08.000000Z,2026-07-24T03:23:08.000000Z,421,published,true,200,https://fermatmind.com/zh/articles/big-five-self-report-bias-and-response-context,zh=https://fermatmind.com/zh/articles/big-five-self-report-bias-and-response-context | zh-CN=https://fermatmind.com/zh/articles/big-five-self-report-bias-and-response-context,"index,follow",included_verified,eligible_not_observed_in_current_files,none_observed_in_server_html,none_declared,none_observed,0,2,0,2851,present_public_source_refs:6,identity_sensitive,开始测试,https://fermatmind.com/zh/tests/big-five-personality-test-ocean-model,article_cohort:0;sitewide:Unknown,1,Unknown,/zh/tests/big-five-personality-test-ocean-model,Unknown,Unknown,Unknown,Unknown,Unknown,Unknown,Unknown,Unknown,Unknown,Unknown,Unknown,Unknown,Unknown,Unknown,Unknown,Unknown,Unknown,Unknown,Unknown,Unknown,Unknown,Unknown,Unknown,Unknown,Authority,CTA present; Conversion UNKNOWN,KEEP_AUTHORITY,M01 page grain=not present in capped current28 page export; metrics remain Unknown; current28 clicks=Unknown; impressions=Unknown; position=Unknown; CTA=present,API/live=VERIFIED; GSC page=current M01 single-dimension/source-limited; query×page=UNKNOWN; GA4/article attribution=UNKNOWN,2026-11-08
159,big5-v2-09f5a58a7aaa7164234f70533a71e0c80533ac02,zh,big-five-stress-response-patterns-without-diagnosis,https://fermatmind.com/zh/articles/big-five-stress-response-patterns-without-diagnosis,观察压力反应，但不诊断或病理化特质,观察压力反应，但不诊断或病理化特质,某次项目变更后，小周在会议里话变少，回家后反复查看消息，第二天又把待办推迟了。他把这段反应归为“我的人格有问题”。此刻较稳妥能记录的，是发生了什么、他当时怎样反应，以及反应在什么条件下变多或变少；这些观察不等于一个特质标签已经解释了原因，更不说明健康状况。,人格心理学,大五人格 | Big Five | Personality Test,Big Five,Unknown,Unknown,Unknown,2026-07-24T03:22:49.000000Z,2026-07-24T03:22:49.000000Z,415,published,true,200,https://fermatmind.com/zh/articles/big-five-stress-response-patterns-without-diagnosis,zh=https://fermatmind.com/zh/articles/big-five-stress-response-patterns-without-diagnosis | zh-CN=https://fermatmind.com/zh/articles/big-five-stress-response-patterns-without-diagnosis,"index,follow",included_verified,eligible_not_observed_in_current_files,none_observed_in_server_html,none_declared,none_observed,0,2,0,2514,no_explicit_external_ref_detected:0,identity_sensitive,开始测试,https://fermatmind.com/zh/tests/big-five-personality-test-ocean-model,article_cohort:0;sitewide:Unknown,1,Unknown,/zh/tests/big-five-personality-test-ocean-model,Unknown,Unknown,Unknown,Unknown,Unknown,Unknown,0,4,0.0%,8.0,Unknown,Unknown,Unknown,Unknown,0,4,0.0%,8.0,Unknown,Unknown,Unknown,Unknown,Unknown,Unknown,Unclassified,CTA present; Conversion UNKNOWN,NEED_MORE_DATA,M01 page grain=observed current28 page row; current28 clicks=0; impressions=4; position=8.0; CTA=present,API/live=VERIFIED; GSC page=current M01 single-dimension/source-limited; query×page=UNKNOWN; GA4/article attribution=UNKNOWN,2026-11-08
160,big5-v2-2d061e0b6c3db3f72a067fb4eaa758f3e3cdd47b,zh,big-five-study-limitations-sample-measures-and-causality,https://fermatmind.com/zh/articles/big-five-study-limitations-sample-measures-and-causality,检查大五研究的样本、测量、设计、不确定性与因果,检查大五研究的样本、测量、设计、不确定性与因果,你看到一篇文章说“某项大五特质与某种工作表现有关”，随后又看到一句更响亮的转述：“这种人格会带来那个结果。”两句话之间，常常已经跨过了样本、问卷、时间、统计误差和因果设计等许多没有被说出来的台阶。读研究时最有用的不是急着判定它真或假，而是先问：它究竟允许我作出哪一种有限推断？,人格心理学,大五人格 | Big Five | Personality Test,Big Five,Unknown,Unknown,Unknown,2026-07-24T03:23:33.000000Z,2026-07-24T03:23:33.000000Z,431,published,true,200,https://fermatmind.com/zh/articles/big-five-study-limitations-sample-measures-and-causality,zh=https://fermatmind.com/zh/articles/big-five-study-limitations-sample-measures-and-causality | zh-CN=https://fermatmind.com/zh/articles/big-five-study-limitations-sample-measures-and-causality,"index,follow",included_verified,observed,none_observed_in_server_html,none_declared,none_observed,0,2,0,3843,no_explicit_external_ref_detected:0,identity_sensitive,开始测试,https://fermatmind.com/zh/tests/big-five-personality-test-ocean-model,article_cohort:0;sitewide:Unknown,1,Unknown,/zh/tests/big-five-personality-test-ocean-model,Unknown,Unknown,Unknown,Unknown,Unknown,Unknown,Unknown,Unknown,Unknown,Unknown,Unknown,Unknown,Unknown,Unknown,Unknown,Unknown,Unknown,Unknown,Unknown,Unknown,Unknown,Unknown,Unknown,Unknown,Authority,CTA present; Conversion UNKNOWN,KEEP_AUTHORITY,M01 page grain=not present in capped current28 page export; metrics remain Unknown; current28 clicks=Unknown; impressions=Unknown; position=Unknown; CTA=present,API/live=VERIFIED; GSC page=current M01 single-dimension/source-limited; query×page=UNKNOWN; GA4/article attribution=UNKNOWN,2026-11-08
161,big5-v2-a9bd6804ea29f2e0c6714788089a129acbd4d668,zh,big-five-teamwork-conversation-guide-not-fit-score,https://fermatmind.com/zh/articles/big-five-teamwork-conversation-guide-not-fit-score,团队如何安全使用大五人格语言：讨论协作，不计算适配分,团队如何安全使用大五人格语言：讨论协作，不计算适配分,团队如何安全使用大五人格语言？,人格心理学,大五人格 | Big Five | Personality Test,Big Five,Unknown,Unknown,Unknown,2026-07-24T02:49:47.000000Z,2026-07-24T02:49:47.000000Z,397,published,true,200,https://fermatmind.com/zh/articles/big-five-teamwork-conversation-guide-not-fit-score,zh=https://fermatmind.com/zh/articles/big-five-teamwork-conversation-guide-not-fit-score | zh-CN=https://fermatmind.com/zh/articles/big-five-teamwork-conversation-guide-not-fit-score,"index,follow",included_verified,eligible_not_observed_in_current_files,none_observed_in_server_html,none_declared,none_observed,0,2,0,3215,present_public_source_refs:2,identity_sensitive,开始测试,https://fermatmind.com/zh/tests/big-five-personality-test-ocean-model,article_cohort:0;sitewide:Unknown,1,Unknown,/zh/tests/big-five-personality-test-ocean-model,Unknown,Unknown,Unknown,Unknown,Unknown,Unknown,Unknown,Unknown,Unknown,Unknown,Unknown,Unknown,Unknown,Unknown,Unknown,Unknown,Unknown,Unknown,Unknown,Unknown,Unknown,Unknown,Unknown,Unknown,Authority,CTA present; Conversion UNKNOWN,KEEP_AUTHORITY,M01 page grain=not present in capped current28 page export; metrics remain Unknown; current28 clicks=Unknown; impressions=Unknown; position=Unknown; CTA=present,API/live=VERIFIED; GSC page=current M01 single-dimension/source-limited; query×page=UNKNOWN; GA4/article attribution=UNKNOWN,2026-11-08
3,big5-v2-df8d5e7f157e301b9a0f4dc8e6b8c3b66c7e31f4,zh,big-five-tool-guide,https://fermatmind.com/zh/articles/big-five-tool-guide,大五人格测试工具使用与边界指南,大五人格测试工具使用与边界指南,先核对工具、分数与比较依据，再用低风险观察收集吻合与反例；不要让一次人格测试替你判定能力、身份或未来。,人格心理学,大五人格 | Big Five | Personality Test,Big Five,Unknown,Unknown,Unknown,2026-07-24T02:31:10.000000Z,2026-07-24T02:31:11.000000Z,383,published,true,200,https://fermatmind.com/zh/articles/big-five-tool-guide,zh=https://fermatmind.com/zh/articles/big-five-tool-guide | zh-CN=https://fermatmind.com/zh/articles/big-five-tool-guide,"index,follow",included_verified,eligible_not_observed_in_current_files,none_observed_in_server_html,none_declared,none_observed,0,2,0,3264,present_public_source_refs:2,identity_sensitive,开始测试,https://fermatmind.com/zh/tests/big-five-personality-test-ocean-model,article_cohort:0;sitewide:Unknown,1,Unknown,/zh/tests/big-five-personality-test-ocean-model,Unknown,Unknown,Unknown,Unknown,Unknown,Unknown,11,676,1.63%,7.91,7,1515,0.46%,7.78,18,2191,0.82%,7.82,Unknown,Unknown,Unknown,Unknown,Unknown,Unknown,Traffic,Authority | CTA present; Conversion UNKNOWN,REFRESH_TOP10,M01 page grain=observed current28 page row; current28 clicks=11; impressions=676; position=7.91; CTA=present,API/live=VERIFIED; GSC page=current M01 single-dimension/source-limited; query×page=UNKNOWN; GA4/article attribution=UNKNOWN,7/14/28 days after publish
162,big5-v2-a69c4b094d590492bfba534e360539c75af7b1ca,zh,big-five-traits-are-continuums-not-boxes,https://fermatmind.com/zh/articles/big-five-traits-are-continuums-not-boxes,大五人格是连续谱，不是人格盒子,大五人格是连续谱，不是人格盒子,把高低标签翻译回具体情境、支持观察与反例，比把自己或他人装进人格盒子更有用。,人格心理学,大五人格 | Big Five | Personality Test,Big Five,Unknown,Unknown,Unknown,2026-07-24T02:49:23.000000Z,2026-07-24T02:49:23.000000Z,386,published,true,200,https://fermatmind.com/zh/articles/big-five-traits-are-continuums-not-boxes,zh=https://fermatmind.com/zh/articles/big-five-traits-are-continuums-not-boxes | zh-CN=https://fermatmind.com/zh/articles/big-five-traits-are-continuums-not-boxes,"index,follow",included_verified,eligible_not_observed_in_current_files,none_observed_in_server_html,none_declared,none_observed,0,2,0,3336,present_public_source_refs:4,identity_sensitive,开始测试,https://fermatmind.com/zh/tests/big-five-personality-test-ocean-model,article_cohort:0;sitewide:Unknown,1,Unknown,/zh/tests/big-five-personality-test-ocean-model,Unknown,Unknown,Unknown,Unknown,Unknown,Unknown,Unknown,Unknown,Unknown,Unknown,Unknown,Unknown,Unknown,Unknown,Unknown,Unknown,Unknown,Unknown,Unknown,Unknown,Unknown,Unknown,Unknown,Unknown,Authority,CTA present; Conversion UNKNOWN,KEEP_AUTHORITY,M01 page grain=not present in capped current28 page export; metrics remain Unknown; current28 clicks=Unknown; impressions=Unknown; position=Unknown; CTA=present,API/live=VERIFIED; GSC page=current M01 single-dimension/source-limited; query×page=UNKNOWN; GA4/article attribution=UNKNOWN,2026-11-08
163,big5-v2-ea189ee4bedf1c6f8fb6465b8ad3a856020077bf,zh,big-five-vs-disc-measurement-and-workplace-language,https://fermatmind.com/zh/articles/big-five-vs-disc-measurement-and-workplace-language,大五人格与 DISC 标签不能为职场决策互相换算,大五人格与 DISC 标签不能为职场决策互相换算,大五人格与 DISC 标签不能为职场决策互相换算,人格心理学,大五人格 | Big Five | Personality Test,Big Five,Unknown,Unknown,Unknown,2026-07-24T03:23:17.000000Z,2026-07-24T03:23:17.000000Z,425,published,true,200,https://fermatmind.com/zh/articles/big-five-vs-disc-measurement-and-workplace-language,zh=https://fermatmind.com/zh/articles/big-five-vs-disc-measurement-and-workplace-language | zh-CN=https://fermatmind.com/zh/articles/big-five-vs-disc-measurement-and-workplace-language,"index,follow",included_verified,eligible_not_observed_in_current_files,none_observed_in_server_html,none_declared,none_observed,0,2,0,3554,no_explicit_external_ref_detected:0,identity_sensitive,开始测试,https://fermatmind.com/zh/tests/big-five-personality-test-ocean-model,article_cohort:0;sitewide:Unknown,1,Unknown,/zh/tests/big-five-personality-test-ocean-model,Unknown,Unknown,Unknown,Unknown,Unknown,Unknown,0,16,0.0%,6.69,Unknown,Unknown,Unknown,Unknown,0,16,0.0%,6.69,Unknown,Unknown,Unknown,Unknown,Unknown,Unknown,Unclassified,CTA present; Conversion UNKNOWN,NEED_MORE_DATA,M01 page grain=observed current28 page row; current28 clicks=0; impressions=16; position=6.69; CTA=present,API/live=VERIFIED; GSC page=current M01 single-dimension/source-limited; query×page=UNKNOWN; GA4/article attribution=UNKNOWN,2026-11-08
164,big5-v2-d25eb4ae0c8e56182d3e0665ea59edb0867ac60d,zh,big-five-vs-enneagram-traits-and-motivation-stories,https://fermatmind.com/zh/articles/big-five-vs-enneagram-traits-and-motivation-stories,大五特质与九型动机叙事回答不同问题,大五特质与九型动机叙事回答不同问题,许多人先读到一份大五结果，又在社群或朋友的介绍中接触九型人格，随后很自然地想问：“那我在大五上的某个特点，等于九型的哪一型？”这个问题看似省事，却会把两套组织信息的方式压成一张对照表。更稳妥的答案是：大五人格通常用连续的特质维度描述人们在若干倾向上的相对差异；九型人格则常以九种类型及其欲望、担忧或动机故事来组织自我理解,人格心理学,大五人格 | Big Five | Personality Test,Big Five,Unknown,Unknown,Unknown,2026-07-24T03:23:19.000000Z,2026-07-24T03:23:19.000000Z,426,published,true,200,https://fermatmind.com/zh/articles/big-five-vs-enneagram-traits-and-motivation-stories,zh=https://fermatmind.com/zh/articles/big-five-vs-enneagram-traits-and-motivation-stories | zh-CN=https://fermatmind.com/zh/articles/big-five-vs-enneagram-traits-and-motivation-stories,"index,follow",included_verified,eligible_not_observed_in_current_files,none_observed_in_server_html,none_declared,none_observed,0,2,0,3533,no_explicit_external_ref_detected:0,identity_sensitive,开始测试,https://fermatmind.com/zh/tests/big-five-personality-test-ocean-model,article_cohort:0;sitewide:Unknown,1,Unknown,/zh/tests/big-five-personality-test-ocean-model,Unknown,Unknown,Unknown,Unknown,Unknown,Unknown,0,6,0.0%,7.17,Unknown,Unknown,Unknown,Unknown,0,6,0.0%,7.17,Unknown,Unknown,Unknown,Unknown,Unknown,Unknown,Unclassified,CTA present; Conversion UNKNOWN,NEED_MORE_DATA,M01 page grain=observed current28 page row; current28 clicks=0; impressions=6; position=7.17; CTA=present,API/live=VERIFIED; GSC page=current M01 single-dimension/source-limited; query×page=UNKNOWN; GA4/article attribution=UNKNOWN,2026-11-08
165,big5-v2-c4b1978eef47433c3667e0a670991a31439636a6,zh,big-five-vs-riasec-personality-traits-and-career-interests,https://fermatmind.com/zh/articles/big-five-vs-riasec-personality-traits-and-career-interests,大五描述特质，RIASEC 组织职业兴趣,大五描述特质，RIASEC 组织职业兴趣,大五人格与 RIASEC 不是同一把尺：大五以连续维度描述较稳定的思维、感受与行为倾向；RIASEC 以六类职业兴趣整理你较想接触的活动和工作环境。两者可能在群体研究中有关联，却不能互换，不能推出某个人适合、应当从事或会在某职业成功。,人格心理学,大五人格 | Big Five | Personality Test,RIASEC/Career Decision,Unknown,Unknown,Unknown,2026-07-24T03:23:21.000000Z,2026-07-24T03:23:21.000000Z,427,published,true,200,https://fermatmind.com/zh/articles/big-five-vs-riasec-personality-traits-and-career-interests,zh=https://fermatmind.com/zh/articles/big-five-vs-riasec-personality-traits-and-career-interests | zh-CN=https://fermatmind.com/zh/articles/big-five-vs-riasec-personality-traits-and-career-interests,"index,follow",included_verified,eligible_not_observed_in_current_files,none_observed_in_server_html,none_declared,none_observed,0,2,0,3527,no_explicit_external_ref_detected:0,career_sensitive,开始测试,https://fermatmind.com/zh/tests/big-five-personality-test-ocean-model,article_cohort:0;sitewide:Unknown,1,Unknown,/zh/tests/big-five-personality-test-ocean-model,Unknown,Unknown,Unknown,Unknown,Unknown,Unknown,Unknown,Unknown,Unknown,Unknown,Unknown,Unknown,Unknown,Unknown,Unknown,Unknown,Unknown,Unknown,Unknown,Unknown,Unknown,Unknown,Unknown,Unknown,Unclassified,CTA present; Conversion UNKNOWN,NEED_MORE_DATA,M01 page grain=not present in capped current28 page export; metrics remain Unknown; current28 clicks=Unknown; impressions=Unknown; position=Unknown; CTA=present,API/live=VERIFIED; GSC page=current M01 single-dimension/source-limited; query×page=UNKNOWN; GA4/article attribution=UNKNOWN,2026-11-08
166,big5-v2-167e3c7a0e54315c4d496ac71cedefd68238743a,zh,big-five-work-environment-preferences-as-experiments,https://fermatmind.com/zh/articles/big-five-work-environment-preferences-as-experiments,用可逆实验检验工作环境偏好，而不是推断职业适配,用可逆实验检验工作环境偏好，而不是推断职业适配,上午十点，你正整理一份资料，通知连续弹出。你想把提醒关掉，又担心之后要花更久接回沟通。此刻不必先回答“我究竟适不适合这种环境”。更稳妥的做法是：一次只挑一个可以撤回的条件，配上一类具体任务，预先写下一个收益和一个代价，再在两个尽量可比的时段里记录差异。你得到的是一条暂时、受情境约束的偏好假设，不是关于你是谁或该去哪里的,人格心理学,大五人格 | Big Five | Personality Test,RIASEC/Career Decision,Unknown,Unknown,Unknown,2026-07-24T03:21:34.000000Z,2026-07-24T03:21:34.000000Z,398,published,true,200,https://fermatmind.com/zh/articles/big-five-work-environment-preferences-as-experiments,zh=https://fermatmind.com/zh/articles/big-five-work-environment-preferences-as-experiments | zh-CN=https://fermatmind.com/zh/articles/big-five-work-environment-preferences-as-experiments,"index,follow",included_verified,eligible_not_observed_in_current_files,none_observed_in_server_html,none_declared,none_observed,0,2,0,3468,present_public_source_refs:3,career_sensitive,开始测试,https://fermatmind.com/zh/tests/big-five-personality-test-ocean-model,article_cohort:0;sitewide:Unknown,1,Unknown,/zh/tests/big-five-personality-test-ocean-model,Unknown,Unknown,Unknown,Unknown,Unknown,Unknown,Unknown,Unknown,Unknown,Unknown,Unknown,Unknown,Unknown,Unknown,Unknown,Unknown,Unknown,Unknown,Unknown,Unknown,Unknown,Unknown,Unknown,Unknown,Authority,CTA present; Conversion UNKNOWN,KEEP_AUTHORITY,M01 page grain=not present in capped current28 page export; metrics remain Unknown; current28 clicks=Unknown; impressions=Unknown; position=Unknown; CTA=present,API/live=VERIFIED; GSC page=current M01 single-dimension/source-limited; query×page=UNKNOWN; GA4/article attribution=UNKNOWN,2026-11-08
167,big5-v2-7d593816f7e0f2b5593d41e24f47bd29b5d50cf6,zh,can-big-five-personality-traits-change-over-time,https://fermatmind.com/zh/articles/can-big-five-personality-traits-change-over-time,大五特质在群体层面可能变化，但这不是个人预测,大五特质在群体层面可能变化，但这不是个人预测,你翻出两年前做过的一次大五人格结果，又看了最近一次的回答，发现其中一个维度不同了。第一反应很容易是： “所以我真的变了吗？这次才是真实的我吗？”,人格心理学,大五人格 | Big Five | Personality Test,Big Five,Unknown,Unknown,Unknown,2026-07-24T03:22:32.000000Z,2026-07-24T03:22:32.000000Z,410,published,true,200,https://fermatmind.com/zh/articles/can-big-five-personality-traits-change-over-time,zh=https://fermatmind.com/zh/articles/can-big-five-personality-traits-change-over-time | zh-CN=https://fermatmind.com/zh/articles/can-big-five-personality-traits-change-over-time,"index,follow",included_verified,eligible_not_observed_in_current_files,none_observed_in_server_html,Article,none_observed,0,2,0,2761,present_public_source_refs:1,identity_sensitive,开始测试,https://fermatmind.com/zh/tests/big-five-personality-test-ocean-model,article_cohort:0;sitewide:Unknown,1,Unknown,/zh/tests/big-five-personality-test-ocean-model,Unknown,Unknown,Unknown,Unknown,Unknown,Unknown,Unknown,Unknown,Unknown,Unknown,Unknown,Unknown,Unknown,Unknown,Unknown,Unknown,Unknown,Unknown,Unknown,Unknown,Unknown,Unknown,Unknown,Unknown,Unclassified,CTA present; Conversion UNKNOWN,NEED_MORE_DATA,M01 page grain=not present in capped current28 page export; metrics remain Unknown; current28 clicks=Unknown; impressions=Unknown; position=Unknown; CTA=present,API/live=VERIFIED; GSC page=current M01 single-dimension/source-limited; query×page=UNKNOWN; GA4/article attribution=UNKNOWN,2026-11-08
48,tg_article_career_exploration_map_2026v1,zh,career-confusion-test-map,https://fermatmind.com/zh/articles/career-confusion-test-map,不知道自己适合什么职业怎么办？从职业兴趣、性格偏好到现实验证,不知道自己适合什么职业怎么办？从职业兴趣、性格偏好到现实验证,职业迷茫时，不要急着寻找“最适合的职业”。本文用霍兰德/RIASEC、MBTI、大五人格和真实任务验证，帮你建立一张更安全的职业探索地图。,职业探索,RIASEC | MBTI | Big Five | Personality Test | Career Assessment | Career Interest Test | career exploration,RIASEC/Career Decision,Unknown,Fermat Institute,Unknown,2026-06-13T01:13:47.000000Z,2026-06-25T15:07:00.000000Z,54,published,true,200,https://fermatmind.com/zh/articles/career-confusion-test-map,en=https://fermatmind.com/en/articles/choose-career-using-personality-tests | zh=https://fermatmind.com/zh/articles/career-confusion-test-map | zh-CN=https://fermatmind.com/zh/articles/career-confusion-test-map,"index,follow",included_verified,eligible_not_observed_in_current_files,none_observed_in_server_html,Article | Person,none_observed,0,2,0,2386,no_explicit_external_ref_detected:0,career_sensitive,开始测试,https://fermatmind.com/zh/tests/holland-career-interest-test-riasec,article_cohort:0;sitewide:Unknown,1,Unknown,/zh/tests/holland-career-interest-test-riasec,Unknown,Unknown,Unknown,Unknown,Unknown,Unknown,0,13,0.0%,16.31,0,104,0.0%,8.53,0,125,0.0%,9.15,Unknown,Unknown,Unknown,Unknown,Unknown,Unknown,Unclassified,CTA present; Conversion UNKNOWN,NEED_MORE_DATA,M01 page grain=observed current28 page row; current28 clicks=0; impressions=13; position=16.31; CTA=present,API/live=VERIFIED; GSC page=current M01 single-dimension/source-limited; query×page=UNKNOWN; GA4/article attribution=UNKNOWN,2026-11-08
46,tg_article_career_interest_vs_personality_test_2026v1,zh,career-interest-vs-personality-test-differences,https://fermatmind.com/zh/articles/career-interest-vs-personality-test-differences,职业兴趣测试与性格测试的区别：选专业、找工作该先做哪个？,职业兴趣测试与性格测试的区别：选专业、找工作该先做哪个？,找工作应该测 MBTI 还是霍兰德？本文解释职业兴趣测试与性格测试的区别，并说明 RIASEC、MBTI、大五人格各自适合回答什么问题。,职业探索,RIASEC | MBTI | 职业测试 | 大五人格 | 职业兴趣测试 | 职业探索,RIASEC/Career Decision,Unknown,Fermat Institute,Unknown,2026-06-12T14:04:33.000000Z,2026-06-25T15:07:01.000000Z,52,published,true,200,https://fermatmind.com/zh/articles/career-interest-vs-personality-test-differences,en=https://fermatmind.com/en/articles/career-interest-test-vs-personality-test | zh=https://fermatmind.com/zh/articles/career-interest-vs-personality-test-differences | zh-CN=https://fermatmind.com/zh/articles/career-interest-vs-personality-test-differences,"index,follow",included_verified,eligible_not_observed_in_current_files,none_observed_in_server_html,Article | Person,none_observed,0,5,0,2902,no_explicit_external_ref_detected:0,career_sensitive,开始测试,https://fermatmind.com/zh/tests/holland-career-interest-test-riasec,article_cohort:0;sitewide:Unknown,1,Unknown,/zh/tests/holland-career-interest-test-riasec,Unknown,Unknown,Unknown,Unknown,Unknown,Unknown,Unknown,Unknown,Unknown,Unknown,Unknown,Unknown,Unknown,Unknown,Unknown,Unknown,Unknown,Unknown,Unknown,Unknown,Unknown,Unknown,Unknown,Unknown,Unclassified,CTA present; Conversion UNKNOWN,NEED_MORE_DATA,M01 page grain=not present in capped current28 page export; metrics remain Unknown; current28 clicks=Unknown; impressions=Unknown; position=Unknown; CTA=present,API/live=VERIFIED; GSC page=current M01 single-dimension/source-limited; query×page=UNKNOWN; GA4/article attribution=UNKNOWN,2026-11-08
13,article-13,zh,childhood-dream-job-still-shapes-career-choice,https://fermatmind.com/zh/articles/childhood-dream-job-still-shapes-career-choice,小时候想做的职业说明什么？把童年梦想翻译成成年工作偏好,小时候想做的职业说明什么？把童年梦想翻译成成年工作偏好,童年梦想可能保存早期兴趣和身份线索；把职业名称退回工作结构，才能形成可验证的成年职业假设。,职业发展,RIASEC | 人职匹配 | 童年职业 | 职业兴趣 | 职业判断,RIASEC/Career Decision,Unknown,FermatMind Editorial,Unknown,2026-07-29T03:37:38.000000Z,2026-07-29T03:37:38.000000Z,439,published,true,200,https://fermatmind.com/zh/articles/childhood-dream-job-still-shapes-career-choice,en=https://fermatmind.com/en/articles/childhood-dream-job-still-shapes-career-choice | zh=https://fermatmind.com/zh/articles/childhood-dream-job-still-shapes-career-choice | zh-CN=https://fermatmind.com/zh/articles/childhood-dream-job-still-shapes-career-choice,"index,follow",included_verified,observed,Answer | Article | BreadcrumbList | FAQPage | ListItem | Person | Question,Answer | Article | FAQPage | Person | Question,Answer | Article | BreadcrumbList | FAQPage | ListItem | Person | Question,0,5,5,2269,present_public_source_refs:8,career_sensitive,开始测试,https://fermatmind.com/zh/tests/mbti-personality-test-16-personality-types,article_cohort:0;sitewide:Unknown,0,Unknown,Unknown,Unknown,Unknown,Unknown,Unknown,Unknown,Unknown,0,27,0.0%,8.85,0,18,0.0%,9.28,0,52,0.0%,8.83,Unknown,Unknown,Unknown,Unknown,Unknown,Unknown,Authority,CTA present; Conversion UNKNOWN,KEEP_AUTHORITY,M01 page grain=observed current28 page row; current28 clicks=0; impressions=27; position=8.85; CTA=present,API/live=VERIFIED; GSC page=current M01 single-dimension/source-limited; query×page=UNKNOWN; GA4/article attribution=UNKNOWN,2026-11-08
52,tg_article_college_major_choice_holland_mbti_career_test_2026v1,zh,college-major-choice-holland-mbti-career-test,https://fermatmind.com/zh/articles/college-major-choice-holland-mbti-career-test,高考志愿选专业：霍兰德、MBTI和职业兴趣测试怎么用,高考志愿选专业：霍兰德、MBTI和职业兴趣测试怎么用,高考志愿填报前，如何用霍兰德职业兴趣测试、MBTI和现实验证辅助选专业？一篇讲清测试能帮什么、不能决定什么。,职业决策,RIASEC | MBTI | Career Planning | 职业兴趣测试 | 选专业 | 霍兰德职业兴趣测试,RIASEC/Career Decision,Unknown,Fermat Institute,Unknown,2026-06-18T05:55:01.000000Z,2026-06-25T14:25:28.000000Z,64,published,true,200,https://fermatmind.com/zh/articles/college-major-choice-holland-mbti-career-test,zh=https://fermatmind.com/zh/articles/college-major-choice-holland-mbti-career-test | zh-CN=https://fermatmind.com/zh/articles/college-major-choice-holland-mbti-career-test,"index,follow",included_verified,eligible_not_observed_in_current_files,Article | BreadcrumbList | ListItem | Person,Article | Person,Article | BreadcrumbList | ListItem | Person,0,2,0,6623,no_explicit_external_ref_detected:0,career_sensitive,先做霍兰德职业兴趣测试，把兴趣结果转成专业验证清单,https://fermatmind.com/zh/tests/holland-career-interest-test-riasec,article_cohort:0;sitewide:Unknown,1,Unknown,/zh/tests/holland-career-interest-test-riasec,Unknown,Unknown,Unknown,Unknown,Unknown,Unknown,0,43,0.0%,7.42,1,474,0.21%,6.24,1,517,0.19%,6.33,Unknown,Unknown,Unknown,Unknown,Unknown,Unknown,Unclassified,CTA present; Conversion UNKNOWN,NEED_MORE_DATA,M01 page grain=observed current28 page row; current28 clicks=0; impressions=43; position=7.42; CTA=present,API/live=VERIFIED; GSC page=current M01 single-dimension/source-limited; query×page=UNKNOWN; GA4/article attribution=UNKNOWN,2026-11-08
168,big5-v2-aadbcc067a5f051af56536dd495f454f2f2be0ba,zh,daily-wellbeing-support-personality-is-one-context,https://fermatmind.com/zh/articles/daily-wellbeing-support-personality-is-one-context,选择低风险日常支持，并把人格只视为一个情境,选择低风险日常支持，并把人格只视为一个情境,下文的“支持”指不涉及医疗、治疗或健康判断的日常安排、沟通与任务条件。它不是处方，也不保证任何个人感受、功能或未来结果会改变。,人格心理学,大五人格 | Big Five | Personality Test,Big Five,Unknown,Unknown,Unknown,2026-07-24T03:22:52.000000Z,2026-07-24T03:22:52.000000Z,416,published,true,200,https://fermatmind.com/zh/articles/daily-wellbeing-support-personality-is-one-context,zh=https://fermatmind.com/zh/articles/daily-wellbeing-support-personality-is-one-context | zh-CN=https://fermatmind.com/zh/articles/daily-wellbeing-support-personality-is-one-context,"index,follow",included_verified,eligible_not_observed_in_current_files,none_observed_in_server_html,Article,none_observed,0,2,0,2678,no_explicit_external_ref_detected:0,identity_sensitive,开始测试,https://fermatmind.com/zh/tests/big-five-personality-test-ocean-model,article_cohort:0;sitewide:Unknown,1,Unknown,/zh/tests/big-five-personality-test-ocean-model,Unknown,Unknown,Unknown,Unknown,Unknown,Unknown,Unknown,Unknown,Unknown,Unknown,Unknown,Unknown,Unknown,Unknown,Unknown,Unknown,Unknown,Unknown,Unknown,Unknown,Unknown,Unknown,Unknown,Unknown,Unclassified,CTA present; Conversion UNKNOWN,NEED_MORE_DATA,M01 page grain=not present in capped current28 page export; metrics remain Unknown; current28 clicks=Unknown; impressions=Unknown; position=Unknown; CTA=present,API/live=VERIFIED; GSC page=current M01 single-dimension/source-limited; query×page=UNKNOWN; GA4/article attribution=UNKNOWN,2026-11-08
51,tg_article_enneagram_personality_test_explained_2026v1,zh,enneagram-personality-test-explained,https://fermatmind.com/zh/articles/enneagram-personality-test-explained,九型人格测试准吗？9种类型、核心动机和结果解读一次讲清,九型人格测试准吗？9种类型、核心动机和结果解读一次讲清,九型人格测试可以帮助你观察核心动机、注意力习惯和压力下的自动反应，但不应被当成专业诊断、招聘筛选或职业成功预测。,人格心理学,人格测试 | 九型人格 | Enneagram,Enneagram,Unknown,FermatMind,Unknown,2026-06-24T01:27:23.000000Z,2026-06-25T14:25:28.000000Z,73,published,true,200,https://fermatmind.com/zh/articles/enneagram-personality-test-explained,zh=https://fermatmind.com/zh/articles/enneagram-personality-test-explained | zh-CN=https://fermatmind.com/zh/articles/enneagram-personality-test-explained,"index,follow",included_verified,eligible_not_observed_in_current_files,Article | BreadcrumbList | ListItem | Person,Article | Person,Article | BreadcrumbList | ListItem | Person,0,6,0,6763,no_explicit_external_ref_detected:0,identity_sensitive,开始九型人格测试,https://fermatmind.com/zh/tests/enneagram-personality-test-nine-types,article_cohort:0;sitewide:Unknown,1,Unknown,/zh/tests/enneagram-personality-test-nine-types,Unknown,Unknown,Unknown,Unknown,Unknown,Unknown,4,620,0.65%,7.31,2,1184,0.17%,10.98,6,1804,0.33%,9.72,Unknown,Unknown,Unknown,Unknown,Unknown,Unknown,Traffic,CTA present; Conversion UNKNOWN,REFRESH_TOP10,M01 page grain=observed current28 page row; current28 clicks=4; impressions=620; position=7.31; CTA=present,API/live=VERIFIED; GSC page=current M01 single-dimension/source-limited; query×page=UNKNOWN; GA4/article attribution=UNKNOWN,7/14/28 days after publish
68,tg_enneagram_workplace_friction_core_motivations_2026v1,zh,enneagram-workplace-friction-core-motivations,https://fermatmind.com/zh/articles/enneagram-workplace-friction-core-motivations,九型人格职场内耗：9种核心动机与沟通冲突拆解工具箱,九型人格职场内耗：9种核心动机与沟通冲突拆解工具箱,拒绝性格定型。从组织心理学视角拆解九型人格在反馈、会议与死线前的真实压力反应，提供7天白帽行为观察清单，看清你的职场边界。,职场沟通,九型人格 | 职场内耗 | 沟通冲突 | 压力反应 | 自我观察,Enneagram,Unknown,Fermat Institute,Unknown,2026-06-30T14:05:09.000000Z,2026-06-30T14:05:09.000000Z,88,published,true,200,https://fermatmind.com/zh/articles/enneagram-workplace-friction-core-motivations,en=https://fermatmind.com/en/articles/enneagram-workplace-friction-core-motivations | zh=https://fermatmind.com/zh/articles/enneagram-workplace-friction-core-motivations | zh-CN=https://fermatmind.com/zh/articles/enneagram-workplace-friction-core-motivations,"index,follow",included_verified,eligible_not_observed_in_current_files,none_observed_in_server_html,Article | Person,none_observed,0,2,0,4699,no_explicit_external_ref_detected:0,identity_sensitive,先做九型人格测试，再记录最近一周的职场触发点,https://fermatmind.com/zh/tests/enneagram-personality-test-nine-types,article_cohort:0;sitewide:Unknown,1,Unknown,/zh/tests/enneagram-personality-test-nine-types,Unknown,Unknown,Unknown,Unknown,Unknown,Unknown,0,78,0.0%,13.26,0,607,0.0%,14.78,0,685,0.0%,14.6,Unknown,Unknown,Unknown,Unknown,Unknown,Unknown,Near Winner,CTA present; Conversion UNKNOWN,NEED_MORE_DATA,M01 page grain=observed current28 page row; current28 clicks=0; impressions=78; position=13.26; CTA=present,API/live=VERIFIED; GSC page=current M01 single-dimension/source-limited; query×page=UNKNOWN; GA4/article attribution=UNKNOWN,2026-11-08
4,article-4,zh,eq-test-tool-guide,https://fermatmind.com/zh/articles/eq-test-tool-guide,情商测试（EQ）准吗？分数怎么看，情绪管理和人际关系到底测什么,情商测试（EQ）准吗？分数怎么看，情绪管理和人际关系到底测什么,情商测试可以帮助观察情绪觉察、情绪调节、人际沟通和压力恢复等习惯线索，但不能作为心理诊断、成功预测或招聘筛选。本文解释 EQ 分数怎么读、它到底测什么，以及结果如何转成可验证的行动。,人格心理学,人格测试,EQ,Unknown,Unknown,Unknown,2026-06-14T05:56:15.000000Z,2026-06-25T14:25:28.000000Z,58,published,true,200,https://fermatmind.com/zh/articles/eq-test-tool-guide,zh=https://fermatmind.com/zh/articles/eq-test-tool-guide | zh-CN=https://fermatmind.com/zh/articles/eq-test-tool-guide,"index,follow",included_verified,eligible_not_observed_in_current_files,Article | BreadcrumbList | ListItem,Article,Article | BreadcrumbList | ListItem,0,2,0,5018,no_explicit_external_ref_detected:0,ability_sensitive,开始测试,https://fermatmind.com/zh/tests/mbti-personality-test-16-personality-types,article_cohort:0;sitewide:Unknown,0,Unknown,Unknown,Unknown,Unknown,Unknown,Unknown,Unknown,Unknown,1,78,1.28%,9.77,0,443,0.0%,14.43,1,521,0.19%,13.73,Unknown,Unknown,Unknown,Unknown,Unknown,Unknown,Traffic,CTA present; Conversion UNKNOWN,PROTECT_AND_MONITOR,M01 page grain=observed current28 page row; current28 clicks=1; impressions=78; position=9.77; CTA=present,API/live=VERIFIED; GSC page=current M01 single-dimension/source-limited; query×page=UNKNOWN; GA4/article attribution=UNKNOWN,2026-11-08
58,tg_gaokao_adjustment_unacceptable_major_2026v1,zh,gaokao-major-adjustment-unacceptable-major-checklist,https://fermatmind.com/zh/articles/gaokao-major-adjustment-unacceptable-major-checklist,高考志愿要不要服从调剂？先看院校专业组里的“不能接受专业”,高考志愿要不要服从调剂？先看院校专业组里的“不能接受专业”,填院校专业组前，别先争服从调剂。先把全部专业分成不能接受、待验证、可接受，再用课程、硬条件和家庭成本判断能否承担调剂风险。,高考志愿,RIASEC | MBTI | 霍兰德 | 职业兴趣测试 | 选专业 | 霍兰德职业兴趣测试 | 高考志愿 | 高考位次,RIASEC/Career Decision,Unknown,Fermat Institute,Unknown,2026-06-27T05:34:26.000000Z,2026-06-28T03:50:23.000000Z,78,published,true,200,https://fermatmind.com/zh/articles/gaokao-major-adjustment-unacceptable-major-checklist,zh=https://fermatmind.com/zh/articles/gaokao-major-adjustment-unacceptable-major-checklist | zh-CN=https://fermatmind.com/zh/articles/gaokao-major-adjustment-unacceptable-major-checklist,"index,follow",included_verified,eligible_not_observed_in_current_files,none_observed_in_server_html,Article | Person,none_observed,0,2,0,6240,no_explicit_external_ref_detected:0,career_sensitive,做一次霍兰德职业兴趣测试，把“不喜欢”拆成可验证任务,https://fermatmind.com/zh/tests/holland-career-interest-test-riasec,article_cohort:0;sitewide:Unknown,1,Unknown,/zh/tests/holland-career-interest-test-riasec,Unknown,Unknown,Unknown,Unknown,Unknown,Unknown,1,1085,0.09%,6.58,5,3132,0.16%,7.56,6,4217,0.14%,7.31,Unknown,Unknown,Unknown,Unknown,Unknown,Unknown,Traffic,CTA present; Conversion UNKNOWN,REFRESH_TOP10,M01 page grain=observed current28 page row; current28 clicks=1; impressions=1085; position=6.58; CTA=present,API/live=VERIFIED; GSC page=current M01 single-dimension/source-limited; query×page=UNKNOWN; GA4/article attribution=UNKNOWN,7/14/28 days after publish
55,tg_article_gaokao_parent_conflict_riasec_course_checklist_2026v1,zh,gaokao-major-choice-parent-conflict-riasec-course-checklist,https://fermatmind.com/zh/articles/gaokao-major-choice-parent-conflict-riasec-course-checklist,选专业父母不同意怎么办？把高考志愿分歧变成三张清单,选专业父母不同意怎么办？把高考志愿分歧变成三张清单,高考志愿选专业时父母不同意，先别争谁对。用位次、选科和招生计划排除硬限制，再用霍兰德兴趣、课程清单和访谈验证。,高考志愿,RIASEC | MBTI | 霍兰德 | 职业兴趣测试 | 选专业 | 霍兰德职业兴趣测试 | 高考志愿 | 高考位次 | 家庭沟通 | 专业验证清单,RIASEC/Career Decision,Unknown,Fermat Institute,Unknown,2026-06-26T02:43:10.000000Z,2026-06-26T03:02:23.000000Z,75,published,true,200,https://fermatmind.com/zh/articles/gaokao-major-choice-parent-conflict-riasec-course-checklist,zh=https://fermatmind.com/zh/articles/gaokao-major-choice-parent-conflict-riasec-course-checklist | zh-CN=https://fermatmind.com/zh/articles/gaokao-major-choice-parent-conflict-riasec-course-checklist,"index,follow",included_verified,eligible_not_observed_in_current_files,none_observed_in_server_html,Article | Person,none_observed,0,2,0,6483,no_explicit_external_ref_detected:0,career_sensitive,先做霍兰德职业兴趣测试,https://fermatmind.com/zh/tests/holland-career-interest-test-riasec,article_cohort:0;sitewide:Unknown,1,Unknown,/zh/tests/holland-career-interest-test-riasec,Unknown,Unknown,Unknown,Unknown,Unknown,Unknown,Unknown,Unknown,Unknown,Unknown,Unknown,Unknown,Unknown,Unknown,Unknown,Unknown,Unknown,Unknown,Unknown,Unknown,Unknown,Unknown,Unknown,Unknown,Unclassified,CTA present; Conversion UNKNOWN,NEED_MORE_DATA,M01 page grain=not present in capped current28 page export; metrics remain Unknown; current28 clicks=Unknown; impressions=Unknown; position=Unknown; CTA=present,API/live=VERIFIED; GSC page=current M01 single-dimension/source-limited; query×page=UNKNOWN; GA4/article attribution=UNKNOWN,2026-11-08
53,tg_article_gaokao_score_major_shortlist_riasec_2026v1,zh,gaokao-score-major-shortlist-riasec-checklist,https://fermatmind.com/zh/articles/gaokao-score-major-shortlist-riasec-checklist,高考出分后专业太多怎么筛？位次+霍兰德排除清单,高考出分后专业太多怎么筛？位次+霍兰德排除清单,高考位次出来后，不要先问“我适合什么专业”。先删掉硬条件不满足、课程长期抗拒、只靠热门叙事支撑的选项，再用霍兰德/RIASEC和课程验证做保留、待验证、暂时排除清单。,职业决策,RIASEC | MBTI | 职业兴趣测试 | 选专业 | 霍兰德职业兴趣测试 | 高考志愿 | 高考位次 | 专业排除清单,RIASEC/Career Decision,Unknown,Fermat Institute,Unknown,2026-06-19T05:34:06.000000Z,2026-06-19T05:34:06.000000Z,65,published,true,200,https://fermatmind.com/zh/articles/gaokao-score-major-shortlist-riasec-checklist,zh=https://fermatmind.com/zh/articles/gaokao-score-major-shortlist-riasec-checklist | zh-CN=https://fermatmind.com/zh/articles/gaokao-score-major-shortlist-riasec-checklist,"index,follow",included_verified,eligible_not_observed_in_current_files,Article | BreadcrumbList | ListItem | Person,Article | Person,Article | BreadcrumbList | ListItem | Person,0,6,0,4873,no_explicit_external_ref_detected:0,career_sensitive,先做霍兰德职业兴趣测试，把兴趣结果转成专业验证问题,https://fermatmind.com/zh/tests/holland-career-interest-test-riasec,article_cohort:0;sitewide:Unknown,2,Unknown,/zh/tests/holland-career-interest-test-riasec | /zh/tests/mbti-personality-test-16-personality-types,Unknown,Unknown,Unknown,Unknown,Unknown,Unknown,Unknown,Unknown,Unknown,Unknown,Unknown,Unknown,Unknown,Unknown,Unknown,Unknown,Unknown,Unknown,Unknown,Unknown,Unknown,Unknown,Unknown,Unknown,Unclassified,CTA present; Conversion UNKNOWN,NEED_MORE_DATA,M01 page grain=not present in capped current28 page export; metrics remain Unknown; current28 clicks=Unknown; impressions=Unknown; position=Unknown; CTA=present,API/live=VERIFIED; GSC page=current M01 single-dimension/source-limited; query×page=UNKNOWN; GA4/article attribution=UNKNOWN,2026-11-08
169,big5-v2-09304cfe9f1a0bd8caccde55e7df588f162725b4,zh,habits-and-big-five-traits-behavior-is-not-identity,https://fermatmind.com/zh/articles/habits-and-big-five-traits-behavior-is-not-identity,习惯是重复行为，不是固定人格的证明,习惯是重复行为，不是固定人格的证明,下班后，你把运动鞋放在玄关，第二天还是没有出门；工作日早上，却总能在会议前整理好资料。很容易把这两件事拼成一句很重的话： “我就是不自律。”,人格心理学,大五人格 | Big Five | Personality Test,Big Five,Unknown,Unknown,Unknown,2026-07-24T03:22:36.000000Z,2026-07-24T03:22:36.000000Z,411,published,true,200,https://fermatmind.com/zh/articles/habits-and-big-five-traits-behavior-is-not-identity,zh=https://fermatmind.com/zh/articles/habits-and-big-five-traits-behavior-is-not-identity | zh-CN=https://fermatmind.com/zh/articles/habits-and-big-five-traits-behavior-is-not-identity,"index,follow",included_verified,eligible_not_observed_in_current_files,none_observed_in_server_html,Article,none_observed,0,2,0,2564,no_explicit_external_ref_detected:0,identity_sensitive,开始测试,https://fermatmind.com/zh/tests/big-five-personality-test-ocean-model,article_cohort:0;sitewide:Unknown,1,Unknown,/zh/tests/big-five-personality-test-ocean-model,Unknown,Unknown,Unknown,Unknown,Unknown,Unknown,0,4,0.0%,11.75,Unknown,Unknown,Unknown,Unknown,0,4,0.0%,11.75,Unknown,Unknown,Unknown,Unknown,Unknown,Unknown,Unclassified,CTA present; Conversion UNKNOWN,NEED_MORE_DATA,M01 page grain=observed current28 page row; current28 clicks=0; impressions=4; position=11.75; CTA=present,API/live=VERIFIED; GSC page=current M01 single-dimension/source-limited; query×page=UNKNOWN; GA4/article attribution=UNKNOWN,2026-11-08
31,ddf3d56d-0b47-4b9b-816e-0d2de9dcbbc6,zh,holland-career-interest-test-can-and-cannot-tell-you,https://fermatmind.com/zh/articles/holland-career-interest-test-can-and-cannot-tell-you,霍兰德职业兴趣测试能告诉你什么，不能告诉你什么？,霍兰德职业兴趣测试能告诉你什么，不能告诉你什么？,霍兰德测试不是职业答案，而是帮你识别职业兴趣结构、探索方向与下一步验证路径。,职业发展,RIASEC | 职业测试 | 职业规划 | Holland Code,RIASEC/Career Decision,Unknown,Fermat Institute,Unknown,2026-05-14T10:50:08.000000Z,2026-05-14T10:50:08.000000Z,36,published,true,200,https://fermatmind.com/zh/articles/holland-career-interest-test-can-and-cannot-tell-you,en=https://fermatmind.com/en/articles/holland-career-interest-test-can-and-cannot-tell-you | zh=https://fermatmind.com/zh/articles/holland-career-interest-test-can-and-cannot-tell-you | zh-CN=https://fermatmind.com/zh/articles/holland-career-interest-test-can-and-cannot-tell-you,"index,follow",included_verified,eligible_not_observed_in_current_files,none_observed_in_server_html,Answer | Article | FAQPage | Person | Question,none_observed,0,4,0,3316,no_explicit_external_ref_detected:0,career_sensitive,开始测试,https://fermatmind.com/zh/tests/mbti-personality-test-16-personality-types,article_cohort:0;sitewide:Unknown,0,Unknown,Unknown,Unknown,Unknown,Unknown,Unknown,Unknown,Unknown,0,22,0.0%,8.91,Unknown,Unknown,Unknown,Unknown,0,22,0.0%,8.91,Unknown,Unknown,Unknown,Unknown,Unknown,Unknown,Unclassified,CTA present; Conversion UNKNOWN,NEED_MORE_DATA,M01 page grain=observed current28 page row; current28 clicks=0; impressions=22; position=8.91; CTA=present,API/live=VERIFIED; GSC page=current M01 single-dimension/source-limited; query×page=UNKNOWN; GA4/article attribution=UNKNOWN,2026-11-08
64,tg_hot_major_fit_riasec_course_career_2026v1,zh,hot-major-fit-riasec-course-career-checklist,https://fermatmind.com/zh/articles/hot-major-fit-riasec-course-career-checklist,热门专业适合我吗？用课程、职业活动和霍兰德兴趣做高考专业选择清单,热门专业适合我吗？用课程、职业活动和霍兰德兴趣做高考专业选择清单,别只看热门。用课程难点、真实工作活动和霍兰德/RIASEC兴趣，把专业分成保留、待验证、暂时降级。,高考志愿 / 专业选择,RIASEC | Holland Code | Career Interest Test | college major choice | popular majors,RIASEC/Career Decision,Unknown,Fermat Institute,Unknown,2026-06-30T10:25:47.000000Z,2026-06-30T10:25:47.000000Z,84,published,true,200,https://fermatmind.com/zh/articles/hot-major-fit-riasec-course-career-checklist,en=https://fermatmind.com/en/articles/hot-major-fit-riasec-course-career-checklist | zh=https://fermatmind.com/zh/articles/hot-major-fit-riasec-course-career-checklist | zh-CN=https://fermatmind.com/zh/articles/hot-major-fit-riasec-course-career-checklist,"index,follow",included_verified,eligible_not_observed_in_current_files,none_observed_in_server_html,Article | Person,none_observed,0,2,0,5926,no_explicit_external_ref_detected:0,career_sensitive,先做霍兰德职业兴趣测试，把热门专业拆成工作活动问题,https://fermatmind.com/zh/tests/holland-career-interest-test-riasec,article_cohort:0;sitewide:Unknown,1,Unknown,/zh/tests/holland-career-interest-test-riasec,Unknown,Unknown,Unknown,Unknown,Unknown,Unknown,0,28,0.0%,9.79,1,78,1.28%,16.5,1,106,0.94%,14.73,Unknown,Unknown,Unknown,Unknown,Unknown,Unknown,Unclassified,CTA present; Conversion UNKNOWN,NEED_MORE_DATA,M01 page grain=observed current28 page row; current28 clicks=0; impressions=28; position=9.79; CTA=present,API/live=VERIFIED; GSC page=current M01 single-dimension/source-limited; query×page=UNKNOWN; GA4/article attribution=UNKNOWN,2026-11-08
14,article-14,zh,how-16-personality-types-talk-to-an-ai-coach,https://fermatmind.com/zh/articles/how-16-personality-types-talk-to-an-ai-coach,怎样安全使用 AI 教练？四种使用方式、迎合风险与校准清单,怎样安全使用 AI 教练？四种使用方式、迎合风险与校准清单,AI 教练适合澄清问题与设计小实验，不适合替你做高风险决定；关键是主动反驳、证据核查和隐私边界。,人工智能与人格,16 型人格 | AI 教练 | MBTI | 人机交互 | 算法建议,MBTI,Unknown,FermatMind Editorial,Unknown,2026-07-29T03:37:39.000000Z,2026-07-29T03:37:39.000000Z,438,published,true,200,https://fermatmind.com/zh/articles/how-16-personality-types-talk-to-an-ai-coach,en=https://fermatmind.com/en/articles/how-16-personality-types-talk-to-an-ai-coach | zh=https://fermatmind.com/zh/articles/how-16-personality-types-talk-to-an-ai-coach | zh-CN=https://fermatmind.com/zh/articles/how-16-personality-types-talk-to-an-ai-coach,"index,follow",included_verified,observed,Answer | Article | BreadcrumbList | FAQPage | ListItem | Person | Question,Answer | Article | FAQPage | Person | Question,Answer | Article | BreadcrumbList | FAQPage | ListItem | Person | Question,0,5,5,2215,present_public_source_refs:8,identity_sensitive,开始测试,https://fermatmind.com/zh/tests/mbti-personality-test-16-personality-types,article_cohort:0;sitewide:Unknown,0,Unknown,Unknown,Unknown,Unknown,Unknown,Unknown,Unknown,Unknown,Unknown,Unknown,Unknown,Unknown,Unknown,Unknown,Unknown,Unknown,Unknown,Unknown,Unknown,Unknown,Unknown,Unknown,Unknown,Unknown,Unknown,Unknown,Authority,CTA present; Conversion UNKNOWN,KEEP_AUTHORITY,M01 page grain=not present in capped current28 page export; metrics remain Unknown; current28 clicks=Unknown; impressions=Unknown; position=Unknown; CTA=present,API/live=VERIFIED; GSC page=current M01 single-dimension/source-limited; query×page=UNKNOWN; GA4/article attribution=UNKNOWN,2026-11-08
15,article-15,zh,how-personality-shapes-attitude-toward-ai,https://fermatmind.com/zh/articles/how-personality-shapes-attitude-toward-ai,性格为什么会影响你信任 AI？人格特质、AI 焦虑与控制感,性格为什么会影响你信任 AI？人格特质、AI 焦虑与控制感,性格可能影响你接近 AI 的方式，但任务风险、使用经验和核查能力通常比人格标签更能解释信任与焦虑。,人工智能与人格,人格心理学 | MBTI | 人机交互 | AI | 算法信任,MBTI,Unknown,FermatMind Editorial,Unknown,2026-07-29T03:37:39.000000Z,2026-07-29T03:37:39.000000Z,434,published,true,200,https://fermatmind.com/zh/articles/how-personality-shapes-attitude-toward-ai,en=https://fermatmind.com/en/articles/how-personality-shapes-attitude-toward-ai | zh=https://fermatmind.com/zh/articles/how-personality-shapes-attitude-toward-ai | zh-CN=https://fermatmind.com/zh/articles/how-personality-shapes-attitude-toward-ai,"index,follow",included_verified,observed,Answer | Article | BreadcrumbList | FAQPage | ListItem | Person | Question,Answer | Article | FAQPage | Person | Question,Answer | Article | BreadcrumbList | FAQPage | ListItem | Person | Question,0,4,4,2262,present_public_source_refs:8,identity_sensitive,开始测试,https://fermatmind.com/zh/tests/mbti-personality-test-16-personality-types,article_cohort:0;sitewide:Unknown,0,Unknown,Unknown,Unknown,Unknown,Unknown,Unknown,Unknown,Unknown,1,22,4.55%,9.05,1,25,4.0%,11.84,2,73,2.74%,9.07,Unknown,Unknown,Unknown,Unknown,Unknown,Unknown,Traffic,Authority | CTA present; Conversion UNKNOWN,PROTECT_AND_MONITOR,M01 page grain=observed current28 page row; current28 clicks=1; impressions=22; position=9.05; CTA=present,API/live=VERIFIED; GSC page=current M01 single-dimension/source-limited; query×page=UNKNOWN; GA4/article attribution=UNKNOWN,2026-11-08
170,big5-v2-faa45db3c4bcf331e7e5a4aa5fb84cc78db049d6,zh,how-to-discuss-big-five-results-with-someone-else,https://fermatmind.com/zh/articles/how-to-discuss-big-five-results-with-someone-else,怎样与他人讨论大五人格结果：先取得同意，不替别人贴标签,怎样与他人讨论大五人格结果：先取得同意，不替别人贴标签,怎样与他人讨论大五人格结果而不贴标签？,人格心理学,大五人格 | Big Five | Personality Test,Big Five,Unknown,Unknown,Unknown,2026-07-24T02:49:34.000000Z,2026-07-24T02:49:34.000000Z,391,published,true,200,https://fermatmind.com/zh/articles/how-to-discuss-big-five-results-with-someone-else,zh=https://fermatmind.com/zh/articles/how-to-discuss-big-five-results-with-someone-else | zh-CN=https://fermatmind.com/zh/articles/how-to-discuss-big-five-results-with-someone-else,"index,follow",included_verified,eligible_not_observed_in_current_files,none_observed_in_server_html,Article,none_observed,0,2,0,3367,present_public_source_refs:3,identity_sensitive,开始测试,https://fermatmind.com/zh/tests/big-five-personality-test-ocean-model,article_cohort:0;sitewide:Unknown,1,Unknown,/zh/tests/big-five-personality-test-ocean-model,Unknown,Unknown,Unknown,Unknown,Unknown,Unknown,Unknown,Unknown,Unknown,Unknown,Unknown,Unknown,Unknown,Unknown,Unknown,Unknown,Unknown,Unknown,Unknown,Unknown,Unknown,Unknown,Unknown,Unknown,Authority,CTA present; Conversion UNKNOWN,KEEP_AUTHORITY,M01 page grain=not present in capped current28 page export; metrics remain Unknown; current28 clicks=Unknown; impressions=Unknown; position=Unknown; CTA=present,API/live=VERIFIED; GSC page=current M01 single-dimension/source-limited; query×page=UNKNOWN; GA4/article attribution=UNKNOWN,2026-11-08
171,big5-v2-dbb170c0e0b608cc0e28bd2d4f4eee925797a34d,zh,how-to-place-new-big-five-research-in-context,https://fermatmind.com/zh/articles/how-to-place-new-big-five-research-in-context,更新主张前，先把新的大五研究放入背景,更新主张前，先把新的大五研究放入背景,看到一篇“最新研究改写大五人格”的新闻，最容易发生的两种反应是立刻相信，或立刻否定。两者都太快。研究发表得新，只说明它进入了可讨论的记录，并不说明它已经替代了较早的证据；一篇论文也可能认真、重要，却只回答一个窄问题。更稳妥的做法是把它放回背景： 它具体问了什么，采用什么工具、样本与设计，估计有多大且有多少不确定性，独立,人格心理学,大五人格 | Big Five | Personality Test,Big Five,Unknown,Unknown,Unknown,2026-07-24T03:23:36.000000Z,2026-07-24T03:23:36.000000Z,432,published,true,200,https://fermatmind.com/zh/articles/how-to-place-new-big-five-research-in-context,zh=https://fermatmind.com/zh/articles/how-to-place-new-big-five-research-in-context | zh-CN=https://fermatmind.com/zh/articles/how-to-place-new-big-five-research-in-context,"index,follow",included_verified,observed,none_observed_in_server_html,Article,none_observed,0,2,0,4252,no_explicit_external_ref_detected:0,identity_sensitive,开始测试,https://fermatmind.com/zh/tests/big-five-personality-test-ocean-model,article_cohort:0;sitewide:Unknown,1,Unknown,/zh/tests/big-five-personality-test-ocean-model,Unknown,Unknown,Unknown,Unknown,Unknown,Unknown,Unknown,Unknown,Unknown,Unknown,Unknown,Unknown,Unknown,Unknown,Unknown,Unknown,Unknown,Unknown,Unknown,Unknown,Unknown,Unknown,Unknown,Unknown,Authority,CTA present; Conversion UNKNOWN,KEEP_AUTHORITY,M01 page grain=not present in capped current28 page export; metrics remain Unknown; current28 clicks=Unknown; impressions=Unknown; position=Unknown; CTA=present,API/live=VERIFIED; GSC page=current M01 single-dimension/source-limited; query×page=UNKNOWN; GA4/article attribution=UNKNOWN,2026-11-08
172,big5-v2-b4c5c077e58cd7adfed731cedf0f24384251ef85,zh,how-to-read-a-big-five-research-paper,https://fermatmind.com/zh/articles/how-to-read-a-big-five-research-paper,阅读大五论文：主张、设计、样本、测量、结果与局限,阅读大五论文：主张、设计、样本、测量、结果与局限,阅读大五论文：主张、设计、样本、测量、结果与局限,人格心理学,大五人格 | Big Five | Personality Test,Big Five,Unknown,Unknown,Unknown,2026-07-24T03:23:38.000000Z,2026-07-24T03:23:38.000000Z,433,published,true,200,https://fermatmind.com/zh/articles/how-to-read-a-big-five-research-paper,zh=https://fermatmind.com/zh/articles/how-to-read-a-big-five-research-paper | zh-CN=https://fermatmind.com/zh/articles/how-to-read-a-big-five-research-paper,"index,follow",included_verified,observed,none_observed_in_server_html,Article,none_observed,0,2,0,4774,no_explicit_external_ref_detected:0,identity_sensitive,开始测试,https://fermatmind.com/zh/tests/big-five-personality-test-ocean-model,article_cohort:0;sitewide:Unknown,1,Unknown,/zh/tests/big-five-personality-test-ocean-model,Unknown,Unknown,Unknown,Unknown,Unknown,Unknown,Unknown,Unknown,Unknown,Unknown,Unknown,Unknown,Unknown,Unknown,Unknown,Unknown,Unknown,Unknown,Unknown,Unknown,Unknown,Unknown,Unknown,Unknown,Unclassified,CTA present; Conversion UNKNOWN,NEED_MORE_DATA,M01 page grain=not present in capped current28 page export; metrics remain Unknown; current28 clicks=Unknown; impressions=Unknown; position=Unknown; CTA=present,API/live=VERIFIED; GSC page=current M01 single-dimension/source-limited; query×page=UNKNOWN; GA4/article attribution=UNKNOWN,2026-11-08
173,big5-v2-687786fcb7365824058c0eee6824982ef616b9c4,zh,how-to-read-big-five-results-without-self-labeling,https://fermatmind.com/zh/articles/how-to-read-big-five-results-without-self-labeling,怎样阅读大五人格结果：把描述变成假设，而不是标签,怎样阅读大五人格结果：把描述变成假设，而不是标签,应该怎样阅读大五人格结果？,人格心理学,大五人格 | Big Five | Personality Test,Big Five,Unknown,Unknown,Unknown,2026-07-24T02:49:37.000000Z,2026-07-24T02:49:37.000000Z,392,published,true,200,https://fermatmind.com/zh/articles/how-to-read-big-five-results-without-self-labeling,zh=https://fermatmind.com/zh/articles/how-to-read-big-five-results-without-self-labeling | zh-CN=https://fermatmind.com/zh/articles/how-to-read-big-five-results-without-self-labeling,"index,follow",included_verified,eligible_not_observed_in_current_files,none_observed_in_server_html,Article,none_observed,0,2,0,4019,present_public_source_refs:4,identity_sensitive,开始测试,https://fermatmind.com/zh/tests/big-five-personality-test-ocean-model,article_cohort:0;sitewide:Unknown,1,Unknown,/zh/tests/big-five-personality-test-ocean-model,Unknown,Unknown,Unknown,Unknown,Unknown,Unknown,Unknown,Unknown,Unknown,Unknown,Unknown,Unknown,Unknown,Unknown,Unknown,Unknown,Unknown,Unknown,Unknown,Unknown,Unknown,Unknown,Unknown,Unknown,Authority,CTA present; Conversion UNKNOWN,KEEP_AUTHORITY,M01 page grain=not present in capped current28 page export; metrics remain Unknown; current28 clicks=Unknown; impressions=Unknown; position=Unknown; CTA=present,API/live=VERIFIED; GSC page=current M01 single-dimension/source-limited; query×page=UNKNOWN; GA4/article attribution=UNKNOWN,2026-11-08
5,article-5,zh,iq-test-growth-guide,https://fermatmind.com/zh/articles/iq-test-growth-guide,IQ 测试后的训练指南：四周改进解题策略与稳定性,IQ 测试后的训练指南：四周改进解题策略与稳定性,测试后最可控的目标是改善观察、验证、时间管理和错误复盘，而不是追逐提高 IQ 的承诺。,能力与认知,IQ测试 | 智商测试 | 在线IQ测试 | 正式智商测验 | 认知能力自评,IQ,Unknown,Unknown,Unknown,2026-07-29T03:37:36.000000Z,2026-07-29T03:37:36.000000Z,444,published,true,200,https://fermatmind.com/zh/articles/iq-test-growth-guide,zh=https://fermatmind.com/zh/articles/iq-test-growth-guide | zh-CN=https://fermatmind.com/zh/articles/iq-test-growth-guide,"index,follow",included_verified,observed,Answer | Article | BreadcrumbList | FAQPage | ListItem | Question,Answer | Article | FAQPage | Question,Answer | Article | BreadcrumbList | FAQPage | ListItem | Question,0,5,5,2146,present_public_source_refs:3,ability_sensitive,开始测试,https://fermatmind.com/zh/tests/mbti-personality-test-16-personality-types,article_cohort:0;sitewide:Unknown,0,Unknown,Unknown,Unknown,Unknown,Unknown,Unknown,Unknown,Unknown,0,7,0.0%,24.14,1,36,2.78%,15.42,1,70,1.43%,13.84,Unknown,Unknown,Unknown,Unknown,Unknown,Unknown,Authority,CTA present; Conversion UNKNOWN,KEEP_AUTHORITY,M01 page grain=observed current28 page row; current28 clicks=0; impressions=7; position=24.14; CTA=present,API/live=VERIFIED; GSC page=current M01 single-dimension/source-limited; query×page=UNKNOWN; GA4/article attribution=UNKNOWN,2026-11-08
6,article-6,zh,iq-test-narrative-portrait,https://fermatmind.com/zh/articles/iq-test-narrative-portrait,一次在线推理测试结果怎么读？从分数退回题型、策略与状态,一次在线推理测试结果怎么读？从分数退回题型、策略与状态,一次在线结果首先代表特定题目、时间和环境中的表现；解读应退回题型、策略、状态和证据边界。,能力与认知,IQ测试 | 智商测试 | 在线IQ测试 | 正式智商测验 | 认知能力自评,IQ,Unknown,Unknown,Unknown,2026-07-29T03:37:36.000000Z,2026-07-29T03:37:36.000000Z,443,published,true,200,https://fermatmind.com/zh/articles/iq-test-narrative-portrait,zh=https://fermatmind.com/zh/articles/iq-test-narrative-portrait | zh-CN=https://fermatmind.com/zh/articles/iq-test-narrative-portrait,"index,follow",included_verified,observed,Answer | Article | BreadcrumbList | FAQPage | ListItem | Question,Answer | Article | FAQPage | Question,Answer | Article | BreadcrumbList | FAQPage | ListItem | Question,0,5,5,2186,present_public_source_refs:3,ability_sensitive,开始测试,https://fermatmind.com/zh/tests/mbti-personality-test-16-personality-types,article_cohort:0;sitewide:Unknown,0,Unknown,Unknown,Unknown,Unknown,Unknown,Unknown,Unknown,Unknown,Unknown,Unknown,Unknown,Unknown,0,2,0.0%,14.5,0,6,0.0%,7.33,Unknown,Unknown,Unknown,Unknown,Unknown,Unknown,Authority,CTA present; Conversion UNKNOWN,KEEP_AUTHORITY,M01 page grain=not present in capped current28 page export; metrics remain Unknown; current28 clicks=Unknown; impressions=Unknown; position=Unknown; CTA=present,API/live=VERIFIED; GSC page=current M01 single-dimension/source-limited; query×page=UNKNOWN; GA4/article attribution=UNKNOWN,2026-11-08
50,tg_article_iq_test_score_and_limits_explained_2026v1,zh,iq-test-score-and-limits-explained,https://fermatmind.com/zh/articles/iq-test-score-and-limits-explained,在线 IQ 测试准吗？智商分数、题型和正式测验的区别一次讲清,在线 IQ 测试准吗？智商分数、题型和正式测验的区别一次讲清,在线 IQ 测试可以观察矩阵推理、模式识别和抽象问题解决表现，但不等于正式智力测验。本文解释智商分数、题型、正式测验边界和安全使用方式。,能力与认知,IQ测试 | 智商测试 | 在线IQ测试 | 正式智商测验 | 认知能力自评,IQ,Unknown,Fermat Institute,Unknown,2026-06-14T05:56:06.000000Z,2026-06-25T14:25:28.000000Z,57,published,true,200,https://fermatmind.com/zh/articles/iq-test-score-and-limits-explained,zh=https://fermatmind.com/zh/articles/iq-test-score-and-limits-explained | zh-CN=https://fermatmind.com/zh/articles/iq-test-score-and-limits-explained,"index,follow",included_verified,eligible_not_observed_in_current_files,Article | BreadcrumbList | ListItem | Person,Article | Person,Article | BreadcrumbList | ListItem | Person,0,2,0,4306,no_explicit_external_ref_detected:0,ability_sensitive,开始 IQ 智商测试,https://fermatmind.com/zh/tests/iq-test-intelligence-quotient-assessment,article_cohort:0;sitewide:Unknown,1,Unknown,/zh/tests/iq-test-intelligence-quotient-assessment,Unknown,Unknown,Unknown,Unknown,Unknown,Unknown,0,118,0.0%,6.03,0,356,0.0%,8.94,0,474,0.0%,8.22,Unknown,Unknown,Unknown,Unknown,Unknown,Unknown,Near Winner,Authority | CTA present; Conversion UNKNOWN,REFRESH_TOP10,M01 page grain=observed current28 page row; current28 clicks=0; impressions=118; position=6.03; CTA=present,API/live=VERIFIED; GSC page=current M01 single-dimension/source-limited; query×page=UNKNOWN; GA4/article attribution=UNKNOWN,7/14/28 days after publish
7,article-7,zh,iq-test-tool-guide,https://fermatmind.com/zh/articles/iq-test-tool-guide,FermatMind IQ 测试说明：30 题测什么、结果怎么看、有哪些限制,FermatMind IQ 测试说明：30 题测什么、结果怎么看、有哪些限制,FermatMind 的 30 题在线测试适合观察矩阵与图形推理表现，不是临床、教育或资格测验。,能力与认知,IQ测试 | 智商测试 | 在线IQ测试 | 正式智商测验 | 认知能力自评,IQ,Unknown,Unknown,Unknown,2026-07-29T03:37:37.000000Z,2026-07-29T03:37:37.000000Z,442,published,true,200,https://fermatmind.com/zh/articles/iq-test-tool-guide,zh=https://fermatmind.com/zh/articles/iq-test-tool-guide | zh-CN=https://fermatmind.com/zh/articles/iq-test-tool-guide,"index,follow",included_verified,observed,Answer | Article | BreadcrumbList | FAQPage | ListItem | Question,Answer | Article | FAQPage | Question,Answer | Article | BreadcrumbList | FAQPage | ListItem | Question,0,5,5,2137,present_public_source_refs:3,ability_sensitive,开始测试,https://fermatmind.com/zh/tests/mbti-personality-test-16-personality-types,article_cohort:0;sitewide:Unknown,0,Unknown,Unknown,Unknown,Unknown,Unknown,Unknown,Unknown,Unknown,0,25,0.0%,9.28,0,36,0.0%,6.92,0,90,0.0%,7.51,Unknown,Unknown,Unknown,Unknown,Unknown,Unknown,Authority,CTA present; Conversion UNKNOWN,KEEP_AUTHORITY,M01 page grain=observed current28 page row; current28 clicks=0; impressions=25; position=9.28; CTA=present,API/live=VERIFIED; GSC page=current M01 single-dimension/source-limited; query×page=UNKNOWN; GA4/article attribution=UNKNOWN,2026-11-08
174,big5-v2-2a0492bc2a42a04039c5652a05f86f23b51a08a1,zh,life-events-and-personality-change-what-research-can-say,https://fermatmind.com/zh/articles/life-events-and-personality-change-what-research-can-say,生活事件与人格变化：关联不等于单一事件因果,生活事件与人格变化：关联不等于单一事件因果,换城市后的几个月，小周发现自己很少主动约人，最近一次大五自评的外向性回答也比以前低。他很快给这段经历下了结论：“搬家把我变内向了。”这句话听起来很顺：先有搬家，后有行为和分数的不同。但时间顺序本身不是因果证明。,人格心理学,大五人格 | Big Five | Personality Test,Big Five,Unknown,Unknown,Unknown,2026-07-24T03:22:41.000000Z,2026-07-24T03:22:41.000000Z,412,published,true,200,https://fermatmind.com/zh/articles/life-events-and-personality-change-what-research-can-say,zh=https://fermatmind.com/zh/articles/life-events-and-personality-change-what-research-can-say | zh-CN=https://fermatmind.com/zh/articles/life-events-and-personality-change-what-research-can-say,"index,follow",included_verified,eligible_not_observed_in_current_files,none_observed_in_server_html,Article,none_observed,0,2,0,3212,no_explicit_external_ref_detected:0,identity_sensitive,开始测试,https://fermatmind.com/zh/tests/big-five-personality-test-ocean-model,article_cohort:0;sitewide:Unknown,1,Unknown,/zh/tests/big-five-personality-test-ocean-model,Unknown,Unknown,Unknown,Unknown,Unknown,Unknown,Unknown,Unknown,Unknown,Unknown,Unknown,Unknown,Unknown,Unknown,Unknown,Unknown,Unknown,Unknown,Unknown,Unknown,Unknown,Unknown,Unknown,Unknown,Unclassified,CTA present; Conversion UNKNOWN,NEED_MORE_DATA,M01 page grain=not present in capped current28 page export; metrics remain Unknown; current28 clicks=Unknown; impressions=Unknown; position=Unknown; CTA=present,API/live=VERIFIED; GSC page=current M01 single-dimension/source-limited; query×page=UNKNOWN; GA4/article attribution=UNKNOWN,2026-11-08
72,tg_major_career_mismatch_job_search_skills_2026v1,zh,major-career-mismatch-job-search-skills-plan,https://fermatmind.com/zh/articles/major-career-mismatch-job-search-skills-plan,专业不对口怎么找工作？JD拆解、技能证据和实习验证清单,专业不对口怎么找工作？JD拆解、技能证据和实习验证清单,专业不对口找工作，先别急着把路堵死。用JD动词、课程项目、技能证据、实习验证和霍兰德兴趣，搭出跨专业求职路径。,青年就业 / 职业选择,RIASEC | 霍兰德 | 专业不对口 | 跨专业就业 | 简历 | 实习,RIASEC/Career Decision,Unknown,Fermat Institute,Unknown,2026-07-02T01:00:58.000000Z,2026-07-02T01:00:58.000000Z,92,published,true,200,https://fermatmind.com/zh/articles/major-career-mismatch-job-search-skills-plan,en=https://fermatmind.com/en/articles/major-career-mismatch-job-search-skills-plan | zh=https://fermatmind.com/zh/articles/major-career-mismatch-job-search-skills-plan | zh-CN=https://fermatmind.com/zh/articles/major-career-mismatch-job-search-skills-plan,"index,follow",included_verified,eligible_not_observed_in_current_files,Article | BreadcrumbList | ListItem | Person,Article | Person,Article | BreadcrumbList | ListItem | Person,0,2,0,6093,no_explicit_external_ref_detected:0,career_sensitive,先做霍兰德职业兴趣测试，把兴趣转成岗位验证问题,https://fermatmind.com/zh/tests/holland-career-interest-test-riasec,article_cohort:0;sitewide:Unknown,1,Unknown,/zh/tests/holland-career-interest-test-riasec,Unknown,Unknown,Unknown,Unknown,Unknown,Unknown,0,211,0.0%,9.68,1,742,0.13%,14.39,1,953,0.1%,13.35,Unknown,Unknown,Unknown,Unknown,Unknown,Unknown,Near Winner,CTA present; Conversion UNKNOWN,REFRESH_TOP10,M01 page grain=observed current28 page row; current28 clicks=0; impressions=211; position=9.68; CTA=present,API/live=VERIFIED; GSC page=current M01 single-dimension/source-limited; query×page=UNKNOWN; GA4/article attribution=UNKNOWN,7/14/28 days after publish
84,tg_major_category_program_tracking_riasec_2026v1,zh,major-category-program-tracking-riasec-choice-checklist,https://fermatmind.com/zh/articles/major-category-program-tracking-riasec-choice-checklist,大类招生专业分流怎么选？用课程方向、霍兰德兴趣和转专业窗口做入学前清单,大类招生专业分流怎么选？用课程方向、霍兰德兴趣和转专业窗口做入学前清单,大类招生入学前，先查专业清单、分流规则、核心课程和转专业窗口，再用霍兰德兴趣把课程任务与未来工作活动对齐。,高考志愿 / 专业选择,RIASEC | 霍兰德职业兴趣测试 | 高考志愿 | 转专业 | 大类招生 | 专业分流 | 培养方案,RIASEC/Career Decision,Unknown,Fermat Institute,Unknown,2026-07-10T00:55:47.000000Z,2026-07-10T00:55:47.000000Z,104,published,true,200,https://fermatmind.com/zh/articles/major-category-program-tracking-riasec-choice-checklist,en=https://fermatmind.com/en/articles/major-category-program-tracking-riasec-choice-checklist | zh=https://fermatmind.com/zh/articles/major-category-program-tracking-riasec-choice-checklist | zh-CN=https://fermatmind.com/zh/articles/major-category-program-tracking-riasec-choice-checklist,"index,follow",included_verified,eligible_not_observed_in_current_files,Article | BreadcrumbList | ListItem | Person,Article | Person,Article | BreadcrumbList | ListItem | Person,0,2,0,4958,no_explicit_external_ref_detected:0,career_sensitive,先做霍兰德职业兴趣测试，把兴趣结果转成分流验证问题,https://fermatmind.com/zh/tests/holland-career-interest-test-riasec,article_cohort:0;sitewide:Unknown,1,Unknown,/zh/tests/holland-career-interest-test-riasec,Unknown,Unknown,Unknown,Unknown,Unknown,Unknown,0,55,0.0%,8.42,0,7,0.0%,13.29,0,62,0.0%,8.97,Unknown,Unknown,Unknown,Unknown,Unknown,Unknown,Near Winner,CTA present; Conversion UNKNOWN,NEED_MORE_DATA,M01 page grain=observed current28 page row; current28 clicks=0; impressions=55; position=8.42; CTA=present,API/live=VERIFIED; GSC page=current M01 single-dimension/source-limited; query×page=UNKNOWN; GA4/article attribution=UNKNOWN,2026-11-08
59,tg_math_computer_ai_course_riasec_2026v1,zh,math-not-good-computer-ai-major-course-riasec-checklist,https://fermatmind.com/zh/articles/math-not-good-computer-ai-major-course-riasec-checklist,数学不好还能报计算机/人工智能吗？先看课程、工作活动和兴趣匹配,数学不好还能报计算机/人工智能吗？先看课程、工作活动和兴趣匹配,数学不好还能报计算机或人工智能吗？先拆清数学弱点、课程要求和真实工作活动，再用霍兰德兴趣测试把专业放进保留、待验证或暂时排除清单。,高考志愿,RIASEC | 霍兰德职业兴趣测试 | 高考志愿 | 计算机专业 | 人工智能 | 专业选择,RIASEC/Career Decision,Unknown,Fermat Institute,Unknown,2026-06-28T07:30:00.000000Z,2026-06-28T07:30:00.000000Z,79,published,true,200,https://fermatmind.com/zh/articles/math-not-good-computer-ai-major-course-riasec-checklist,zh=https://fermatmind.com/zh/articles/math-not-good-computer-ai-major-course-riasec-checklist | zh-CN=https://fermatmind.com/zh/articles/math-not-good-computer-ai-major-course-riasec-checklist,"index,follow",included_verified,eligible_not_observed_in_current_files,none_observed_in_server_html,Article | Person,none_observed,0,2,0,6722,no_explicit_external_ref_detected:0,career_sensitive,先做霍兰德职业兴趣测试,https://fermatmind.com/zh/tests/holland-career-interest-test-riasec,article_cohort:0;sitewide:Unknown,1,Unknown,/zh/tests/holland-career-interest-test-riasec,Unknown,Unknown,Unknown,Unknown,Unknown,Unknown,0,90,0.0%,10.64,0,419,0.0%,11.78,0,509,0.0%,11.58,Unknown,Unknown,Unknown,Unknown,Unknown,Unknown,Near Winner,CTA present; Conversion UNKNOWN,NEED_MORE_DATA,M01 page grain=observed current28 page row; current28 clicks=0; impressions=90; position=10.64; CTA=present,API/live=VERIFIED; GSC page=current M01 single-dimension/source-limited; query×page=UNKNOWN; GA4/article attribution=UNKNOWN,2026-11-08
8,article-8,zh,mbti-basics,https://fermatmind.com/zh/articles/mbti-basics,MBTI 性格测试是什么？16 型人格能告诉你什么，不能告诉你什么,MBTI 性格测试是什么？16 型人格能告诉你什么，不能告诉你什么,MBTI 性格测试可以帮助你观察能量来源、信息获取、决策方式和生活组织偏好，但不能判断能力、诊断心理状态或决定职业。,人格心理学,MBTI | 16型人格 | 人格测试,MBTI,Unknown,Unknown,Unknown,2026-06-23T14:30:36.000000Z,2026-06-25T14:25:27.000000Z,72,published,true,200,https://fermatmind.com/zh/articles/mbti-basics,zh=https://fermatmind.com/zh/articles/mbti-basics | zh-CN=https://fermatmind.com/zh/articles/mbti-basics,"index,follow",included_verified,eligible_not_observed_in_current_files,Article | BreadcrumbList | ListItem,Article,Article | BreadcrumbList | ListItem,0,2,0,4240,no_explicit_external_ref_detected:0,identity_sensitive,开始免费 MBTI 测试,https://fermatmind.com/zh/tests/mbti-personality-test-16-personality-types,article_cohort:0;sitewide:Unknown,0,Unknown,Unknown,Unknown,Unknown,Unknown,Unknown,Unknown,Unknown,1,600,0.17%,16.73,3,1328,0.23%,14.14,4,1952,0.2%,14.88,Unknown,Unknown,Unknown,Unknown,Unknown,Unknown,Traffic,CTA present; Conversion UNKNOWN,REFRESH_TOP10,M01 page grain=observed current28 page row; current28 clicks=1; impressions=600; position=16.73; CTA=present,API/live=VERIFIED; GSC page=current M01 single-dimension/source-limited; query×page=UNKNOWN; GA4/article attribution=UNKNOWN,7/14/28 days after publish
60,tg_mbti_full_report_career_relationship_2026v1,zh,mbti-full-report-career-relationship-communication,https://fermatmind.com/zh/articles/mbti-full-report-career-relationship-communication,MBTI完整报告怎么看？从16型人格结果到职业、关系和沟通场景,MBTI完整报告怎么看？从16型人格结果到职业、关系和沟通场景,做完MBTI测试后别只看四个字母。按优势、盲区、压力反应、职业、关系沟通和行动建议解读16型人格完整报告。,人格测评,MBTI | 16型人格 | 人格测试 | 职业探索 | 关系沟通 | 团队协作 | 自我成长,RIASEC/Career Decision,Unknown,Fermat Institute,Unknown,2026-06-29T12:28:39.000000Z,2026-06-29T12:28:39.000000Z,80,published,true,200,https://fermatmind.com/zh/articles/mbti-full-report-career-relationship-communication,en=https://fermatmind.com/en/articles/mbti-full-report-career-relationship-communication | zh=https://fermatmind.com/zh/articles/mbti-full-report-career-relationship-communication | zh-CN=https://fermatmind.com/zh/articles/mbti-full-report-career-relationship-communication,"index,follow",included_verified,eligible_not_observed_in_current_files,none_observed_in_server_html,Article | Person,none_observed,0,2,0,4748,no_explicit_external_ref_detected:0,career_sensitive,开始免费 MBTI 测试,https://fermatmind.com/zh/tests/mbti-personality-test-16-personality-types,article_cohort:0;sitewide:Unknown,1,Unknown,/zh/tests/mbti-personality-test-16-personality-types,Unknown,Unknown,Unknown,Unknown,Unknown,Unknown,0,3,0.0%,7.67,Unknown,Unknown,Unknown,Unknown,Unknown,Unknown,Unknown,Unknown,Unknown,Unknown,Unknown,Unknown,Unknown,Unknown,Unclassified,CTA present; Conversion UNKNOWN,NEED_MORE_DATA,M01 page grain=observed current28 page row; current28 clicks=0; impressions=3; position=7.67; CTA=present,API/live=VERIFIED; GSC page=current M01 single-dimension/source-limited; query×page=UNKNOWN; GA4/article attribution=UNKNOWN,2026-11-08
9,article-9,zh,mbti-growth-guide,https://fermatmind.com/zh/articles/mbti-growth-guide,MBTI 怎么用于个人成长？从偏好到四周行为实验,MBTI 怎么用于个人成长？从偏好到四周行为实验,成长不是把自己变成相反类型，而是在真实场景中练习另一侧策略，扩大可选择的行为。,人格心理学,MBTI | 16型人格 | 人格测试,MBTI,Unknown,Unknown,Unknown,2026-07-29T03:37:37.000000Z,2026-07-29T03:37:37.000000Z,441,published,true,200,https://fermatmind.com/zh/articles/mbti-growth-guide,zh=https://fermatmind.com/zh/articles/mbti-growth-guide | zh-CN=https://fermatmind.com/zh/articles/mbti-growth-guide,"index,follow",included_verified,observed,Answer | Article | BreadcrumbList | FAQPage | ListItem | Question,Answer | Article | FAQPage | Question,Answer | Article | BreadcrumbList | FAQPage | ListItem | Question,0,5,5,2175,present_public_source_refs:3,identity_sensitive,开始测试,https://fermatmind.com/zh/tests/mbti-personality-test-16-personality-types,article_cohort:0;sitewide:Unknown,0,Unknown,Unknown,Unknown,Unknown,Unknown,Unknown,Unknown,Unknown,0,7,0.0%,26.29,0,11,0.0%,8.27,0,21,0.0%,13.67,Unknown,Unknown,Unknown,Unknown,Unknown,Unknown,Authority,CTA present; Conversion UNKNOWN,KEEP_AUTHORITY,M01 page grain=observed current28 page row; current28 clicks=0; impressions=7; position=26.29; CTA=present,API/live=VERIFIED; GSC page=current M01 single-dimension/source-limited; query×page=UNKNOWN; GA4/article attribution=UNKNOWN,2026-11-08
10,article-10,zh,mbti-narrative-portrait,https://fermatmind.com/zh/articles/mbti-narrative-portrait,MBTI 结果怎么看？用真实场景验证四组偏好,MBTI 结果怎么看？用真实场景验证四组偏好,把 MBTI-style 结果拆成四组偏好，用真实场景、反例和情境变化形成暂定假设，而不是固定身份。,人格心理学,MBTI | 16型人格 | 人格测试,MBTI,Unknown,Unknown,Unknown,2026-07-29T03:37:37.000000Z,2026-07-29T03:37:37.000000Z,440,published,true,200,https://fermatmind.com/zh/articles/mbti-narrative-portrait,zh=https://fermatmind.com/zh/articles/mbti-narrative-portrait | zh-CN=https://fermatmind.com/zh/articles/mbti-narrative-portrait,"index,follow",included_verified,observed,Answer | Article | BreadcrumbList | FAQPage | ListItem | Question,Answer | Article | FAQPage | Question,Answer | Article | BreadcrumbList | FAQPage | ListItem | Question,0,5,5,2381,present_public_source_refs:3,identity_sensitive,开始测试,https://fermatmind.com/zh/tests/mbti-personality-test-16-personality-types,article_cohort:0;sitewide:Unknown,0,Unknown,Unknown,Unknown,Unknown,Unknown,Unknown,Unknown,Unknown,0,64,0.0%,11.11,0,23,0.0%,7.57,0,112,0.0%,9.0,Unknown,Unknown,Unknown,Unknown,Unknown,Unknown,Near Winner,Authority | CTA present; Conversion UNKNOWN,NEED_MORE_DATA,M01 page grain=observed current28 page row; current28 clicks=0; impressions=64; position=11.11; CTA=present,API/live=VERIFIED; GSC page=current M01 single-dimension/source-limited; query×page=UNKNOWN; GA4/article attribution=UNKNOWN,2026-11-08
33,056d5fd7-da12-4656-9bcf-ce9c6b4ef591,zh,mbti-personality-test-science-vs-pseudoscience,https://fermatmind.com/zh/articles/mbti-personality-test-science-vs-pseudoscience,MBTI 16 型人格测试：是科学工具，还是赛博算命？,MBTI 16 型人格测试：是科学工具，还是赛博算命？,MBTI 不是命运判决书。它可以帮助你理解偏好和沟通风格，但不能替你决定职业、能力或人生。,人格心理学,MBTI | 16型人格 | 大五人格 | 人格测试 | 职业发展,RIASEC/Career Decision,Unknown,Fermat Institute,Unknown,2026-05-15T09:45:44.000000Z,2026-05-15T09:45:44.000000Z,38,published,true,200,https://fermatmind.com/zh/articles/mbti-personality-test-science-vs-pseudoscience,en=https://fermatmind.com/en/articles/mbti-personality-test-science-vs-pseudoscience | zh=https://fermatmind.com/zh/articles/mbti-personality-test-science-vs-pseudoscience | zh-CN=https://fermatmind.com/zh/articles/mbti-personality-test-science-vs-pseudoscience,"index,follow",included_verified,eligible_not_observed_in_current_files,none_observed_in_server_html,Answer | Article | FAQPage | Person | Question,none_observed,0,5,0,4193,no_explicit_external_ref_detected:0,career_sensitive,开始测试,https://fermatmind.com/zh/tests/mbti-personality-test-16-personality-types,article_cohort:0;sitewide:Unknown,1,Unknown,/zh/tests/mbti-personality-test-16-personality-types,Unknown,Unknown,Unknown,Unknown,Unknown,Unknown,Unknown,Unknown,Unknown,Unknown,Unknown,Unknown,Unknown,Unknown,Unknown,Unknown,Unknown,Unknown,Unknown,Unknown,Unknown,Unknown,Unknown,Unknown,Authority,CTA present; Conversion UNKNOWN,KEEP_AUTHORITY,M01 page grain=not present in capped current28 page export; metrics remain Unknown; current28 clicks=Unknown; impressions=Unknown; position=Unknown; CTA=present,API/live=VERIFIED; GSC page=current M01 single-dimension/source-limited; query×page=UNKNOWN; GA4/article attribution=UNKNOWN,2026-11-08
37,article_mbti_vs_holland_career_choice_v1,zh,mbti-vs-holland-career-choice,https://fermatmind.com/zh/articles/mbti-vs-holland-career-choice,MBTI 和霍兰德结果不一致，应该怎么理解？,MBTI 和霍兰德结果不一致，应该怎么理解？,MBTI 和霍兰德结果不一致，不一定是测错。理解两种测试回答的问题，才能更安全地用于职业探索。,职业决策,RIASEC | MBTI | 16型人格 | 大五人格 | 霍兰德 | 职业测评 | 职业兴趣测试 | 选专业 | 转行,RIASEC/Career Decision,Unknown,Fermat Institute,Unknown,2026-06-23T13:29:56.000000Z,2026-06-23T13:29:56.000000Z,71,published,true,200,https://fermatmind.com/zh/articles/mbti-vs-holland-career-choice,en=https://fermatmind.com/en/articles/mbti-vs-holland-code-career-choice | zh=https://fermatmind.com/zh/articles/mbti-vs-holland-career-choice | zh-CN=https://fermatmind.com/zh/articles/mbti-vs-holland-career-choice,"index,follow",included_verified,eligible_not_observed_in_current_files,none_observed_in_server_html,Answer | Article | FAQPage | Person | Question,none_observed,0,5,0,4203,no_explicit_external_ref_detected:0,career_sensitive,先做霍兰德职业兴趣测试,https://fermatmind.com/zh/tests/holland-career-interest-test-riasec,article_cohort:0;sitewide:Unknown,3,Unknown,/zh/tests/holland-career-interest-test-riasec | /zh/tests/mbti-personality-test-16-personality-types | /zh/tests/big-five-personality-test-ocean-model,Unknown,Unknown,Unknown,Unknown,Unknown,Unknown,0,57,0.0%,8.32,0,517,0.0%,8.88,0,758,0.0%,8.92,Unknown,Unknown,Unknown,Unknown,Unknown,Unknown,Near Winner,CTA present; Conversion UNKNOWN,NEED_MORE_DATA,M01 page grain=observed current28 page row; current28 clicks=0; impressions=57; position=8.32; CTA=present,API/live=VERIFIED; GSC page=current M01 single-dimension/source-limited; query×page=UNKNOWN; GA4/article attribution=UNKNOWN,2026-11-08
175,big5-v2-48b8f86c349fe6a52a5105b8ac745ddcec611d0d,zh,ocean-traits-what-the-five-letters-mean,https://fermatmind.com/zh/articles/ocean-traits-what-the-five-letters-mean,OCEAN 五个维度是什么：含义、范围与不能推断的结论,OCEAN 五个维度是什么：含义、范围与不能推断的结论,OCEAN 是组织反复出现的自我描述的一套宽泛坐标，不是人格等级、固定类型、能力证书或未来预测。,人格心理学,大五人格 | Big Five | Personality Test,Big Five,Unknown,Unknown,Unknown,2026-07-24T02:49:26.000000Z,2026-07-24T02:49:26.000000Z,387,published,true,200,https://fermatmind.com/zh/articles/ocean-traits-what-the-five-letters-mean,zh=https://fermatmind.com/zh/articles/ocean-traits-what-the-five-letters-mean | zh-CN=https://fermatmind.com/zh/articles/ocean-traits-what-the-five-letters-mean,"index,follow",included_verified,eligible_not_observed_in_current_files,none_observed_in_server_html,Article,none_observed,0,2,0,2732,present_public_source_refs:4,identity_sensitive,开始测试,https://fermatmind.com/zh/tests/big-five-personality-test-ocean-model,article_cohort:0;sitewide:Unknown,1,Unknown,/zh/tests/big-five-personality-test-ocean-model,Unknown,Unknown,Unknown,Unknown,Unknown,Unknown,0,11,0.0%,6.18,Unknown,Unknown,Unknown,Unknown,0,11,0.0%,6.18,Unknown,Unknown,Unknown,Unknown,Unknown,Unknown,Authority,CTA present; Conversion UNKNOWN,KEEP_AUTHORITY,M01 page grain=observed current28 page row; current28 clicks=0; impressions=11; position=6.18; CTA=present,API/live=VERIFIED; GSC page=current M01 single-dimension/source-limited; query×page=UNKNOWN; GA4/article attribution=UNKNOWN,2026-11-08
176,big5-v2-cd4d405319ee56c7b9f5eed694c3ee2f9faf31e0,zh,openness-and-creativity-related-not-the-same,https://fermatmind.com/zh/articles/openness-and-creativity-related-not-the-same,开放性与创造力是相关概念，但不是同一构念,开放性与创造力是相关概念，但不是同一构念,你把一个很普通的周末任务拖到最后：给朋友的生日卡片写两句话，或给小组活动想一个标题。看着空白页时，脑中忽然跳出一个判断：我的大五开放性不算高，是不是就没有创造力？,人格心理学,大五人格 | Big Five | Personality Test,Big Five,Unknown,Unknown,Unknown,2026-07-24T03:22:21.000000Z,2026-07-24T03:22:21.000000Z,407,published,true,200,https://fermatmind.com/zh/articles/openness-and-creativity-related-not-the-same,zh=https://fermatmind.com/zh/articles/openness-and-creativity-related-not-the-same | zh-CN=https://fermatmind.com/zh/articles/openness-and-creativity-related-not-the-same,"index,follow",included_verified,eligible_not_observed_in_current_files,none_observed_in_server_html,Article,none_observed,0,2,0,3511,present_public_source_refs:1,identity_sensitive,开始测试,https://fermatmind.com/zh/tests/big-five-personality-test-ocean-model,article_cohort:0;sitewide:Unknown,1,Unknown,/zh/tests/big-five-personality-test-ocean-model,Unknown,Unknown,Unknown,Unknown,Unknown,Unknown,Unknown,Unknown,Unknown,Unknown,Unknown,Unknown,Unknown,Unknown,Unknown,Unknown,Unknown,Unknown,Unknown,Unknown,Unknown,Unknown,Unknown,Unknown,Unclassified,CTA present; Conversion UNKNOWN,NEED_MORE_DATA,M01 page grain=not present in capped current28 page export; metrics remain Unknown; current28 clicks=Unknown; impressions=Unknown; position=Unknown; CTA=present,API/live=VERIFIED; GSC page=current M01 single-dimension/source-limited; query×page=UNKNOWN; GA4/article attribution=UNKNOWN,2026-11-08
177,big5-v2-bf6ba6aa802e4509bafa4d0f4e19f1115a7c2f65,zh,personality-test-norms-percentiles-and-unknowns,https://fermatmind.com/zh/articles/personality-test-norms-percentiles-and-unknowns,常模与百分位依赖明确的比较样本,常模与百分位依赖明确的比较样本,你看到人格测评页面上的“较高”“较低”或一个区间，想进一步问：“这是不是说明我在第几百分位？”先别急着把标签换成排名。 常模 是以一个明确比较样本及其分数资料建立的参照； 百分位 则是某个分数在那个已说明群体里的相对位置。两者都离不开可核对的工具、计分方式、比较样本与换算规则。资料缺失时，不能从人格分数推得个人排名、常,人格心理学,大五人格 | Big Five | Personality Test,Big Five,Unknown,Unknown,Unknown,2026-07-24T03:23:10.000000Z,2026-07-24T03:23:10.000000Z,422,published,true,200,https://fermatmind.com/zh/articles/personality-test-norms-percentiles-and-unknowns,zh=https://fermatmind.com/zh/articles/personality-test-norms-percentiles-and-unknowns | zh-CN=https://fermatmind.com/zh/articles/personality-test-norms-percentiles-and-unknowns,"index,follow",included_verified,eligible_not_observed_in_current_files,none_observed_in_server_html,Article,none_observed,0,2,0,3154,no_explicit_external_ref_detected:0,identity_sensitive,开始测试,https://fermatmind.com/zh/tests/big-five-personality-test-ocean-model,article_cohort:0;sitewide:Unknown,1,Unknown,/zh/tests/big-five-personality-test-ocean-model,Unknown,Unknown,Unknown,Unknown,Unknown,Unknown,Unknown,Unknown,Unknown,Unknown,Unknown,Unknown,Unknown,Unknown,Unknown,Unknown,Unknown,Unknown,Unknown,Unknown,Unknown,Unknown,Unknown,Unknown,Unclassified,CTA present; Conversion UNKNOWN,NEED_MORE_DATA,M01 page grain=not present in capped current28 page export; metrics remain Unknown; current28 clicks=Unknown; impressions=Unknown; position=Unknown; CTA=present,API/live=VERIFIED; GSC page=current M01 single-dimension/source-limited; query×page=UNKNOWN; GA4/article attribution=UNKNOWN,2026-11-08
178,big5-v2-e346e10ea6660d6aded10cc177d0e3b26c2a9db8,zh,procrastination-is-not-a-big-five-personality-label,https://fermatmind.com/zh/articles/procrastination-is-not-a-big-five-personality-label,拖延是一种行为模式，不是大五人格身份标签,拖延是一种行为模式，不是大五人格身份标签,晚上九点，你打开那份已经拖了三天的材料。文件名改了两次，浏览器开了十几个标签，真正要写的第一句还在空白处。你也许会想：是不是因为我的尽责性低，所以我就是一个拖延的人？,人格心理学,大五人格 | Big Five | Personality Test,Big Five,Unknown,Unknown,Unknown,2026-07-24T03:22:25.000000Z,2026-07-24T03:22:25.000000Z,408,published,true,200,https://fermatmind.com/zh/articles/procrastination-is-not-a-big-five-personality-label,zh=https://fermatmind.com/zh/articles/procrastination-is-not-a-big-five-personality-label | zh-CN=https://fermatmind.com/zh/articles/procrastination-is-not-a-big-five-personality-label,"index,follow",included_verified,eligible_not_observed_in_current_files,none_observed_in_server_html,Article,none_observed,0,2,0,2460,present_public_source_refs:1,identity_sensitive,开始测试,https://fermatmind.com/zh/tests/big-five-personality-test-ocean-model,article_cohort:0;sitewide:Unknown,1,Unknown,/zh/tests/big-five-personality-test-ocean-model,Unknown,Unknown,Unknown,Unknown,Unknown,Unknown,Unknown,Unknown,Unknown,Unknown,Unknown,Unknown,Unknown,Unknown,Unknown,Unknown,Unknown,Unknown,Unknown,Unknown,Unknown,Unknown,Unknown,Unknown,Unclassified,CTA present; Conversion UNKNOWN,NEED_MORE_DATA,M01 page grain=not present in capped current28 page export; metrics remain Unknown; current28 clicks=Unknown; impressions=Unknown; position=Unknown; CTA=present,API/live=VERIFIED; GSC page=current M01 single-dimension/source-limited; query×page=UNKNOWN; GA4/article attribution=UNKNOWN,2026-11-08
179,big5-v2-85cdb2b78f2cf40da55c7cddaf06829197645e48,zh,reliability-and-validity-in-personality-tests-explained,https://fermatmind.com/zh/articles/reliability-and-validity-in-personality-tests-explained,信度与效度是证据问题，不是质量徽章,信度与效度是证据问题，不是质量徽章,当人格测试页面写着“可靠”“有效”时，读者很容易把它理解成一句总评：这份测试已经准确地说明了我是谁。这个理解太快了。 信度 关心的是：在明确的测量条件下，分数是否具有某种一致性； 效度 关心的是：已有证据是否支持把这些分数解释为某件事，并用于某个明确用途。两者都是需要说明对象、证据和边界的测量术语，不是贴在任何人格产品,人格心理学,大五人格 | Big Five | Personality Test,Big Five,Unknown,Unknown,Unknown,2026-07-24T03:23:13.000000Z,2026-07-24T03:23:13.000000Z,423,published,true,200,https://fermatmind.com/zh/articles/reliability-and-validity-in-personality-tests-explained,zh=https://fermatmind.com/zh/articles/reliability-and-validity-in-personality-tests-explained | zh-CN=https://fermatmind.com/zh/articles/reliability-and-validity-in-personality-tests-explained,"index,follow",included_verified,eligible_not_observed_in_current_files,none_observed_in_server_html,Article,none_observed,0,2,0,3826,no_explicit_external_ref_detected:0,identity_sensitive,开始测试,https://fermatmind.com/zh/tests/big-five-personality-test-ocean-model,article_cohort:0;sitewide:Unknown,1,Unknown,/zh/tests/big-five-personality-test-ocean-model,Unknown,Unknown,Unknown,Unknown,Unknown,Unknown,Unknown,Unknown,Unknown,Unknown,Unknown,Unknown,Unknown,Unknown,Unknown,Unknown,Unknown,Unknown,Unknown,Unknown,Unknown,Unknown,Unknown,Unknown,Unclassified,CTA present; Conversion UNKNOWN,NEED_MORE_DATA,M01 page grain=not present in capped current28 page export; metrics remain Unknown; current28 clicks=Unknown; impressions=Unknown; position=Unknown; CTA=present,API/live=VERIFIED; GSC page=current M01 single-dimension/source-limited; query×page=UNKNOWN; GA4/article attribution=UNKNOWN,2026-11-08
40,riasec-explanation-article-2026-06-v2,zh,riasec-holland-career-interest-test-explained,https://fermatmind.com/zh/articles/riasec-holland-career-interest-test-explained,霍兰德职业兴趣测试是什么？RIASEC 六型如何帮助职业探索,霍兰德职业兴趣测试是什么？RIASEC 六型如何帮助职业探索,霍兰德职业兴趣测试基于 RIASEC 六型，帮助你观察职业兴趣、工作活动和职业环境。它适合生成探索假设，但不能决定职业结果。,职业探索,RIASEC | 职业兴趣 | Holland Code | 霍兰德职业兴趣测试 | 职业探索 | 职业动力,RIASEC/Career Decision,Unknown,Fermat Institute,Unknown,2026-06-23T11:34:15.000000Z,2026-06-25T14:25:27.000000Z,69,published,true,200,https://fermatmind.com/zh/articles/riasec-holland-career-interest-test-explained,en=https://fermatmind.com/en/articles/what-is-riasec-holland-code-career-interest-test | zh=https://fermatmind.com/zh/articles/riasec-holland-career-interest-test-explained | zh-CN=https://fermatmind.com/zh/articles/riasec-holland-career-interest-test-explained,"index,follow",included_verified,eligible_not_observed_in_current_files,Article | BreadcrumbList | ListItem | Person,Article | Person,Article | BreadcrumbList | ListItem | Person,0,6,0,4323,no_explicit_external_ref_detected:0,career_sensitive,免费做霍兰德职业兴趣测试,https://fermatmind.com/zh/tests/holland-career-interest-test-riasec,article_cohort:0;sitewide:Unknown,1,Unknown,/zh/tests/holland-career-interest-test-riasec,Unknown,Unknown,Unknown,Unknown,Unknown,Unknown,0,207,0.0%,6.86,4,966,0.41%,8.15,4,1347,0.3%,8.0,Unknown,Unknown,Unknown,Unknown,Unknown,Unknown,Near Winner,CTA present; Conversion UNKNOWN,REFRESH_TOP10,M01 page grain=observed current28 page row; current28 clicks=0; impressions=207; position=6.86; CTA=present,API/live=VERIFIED; GSC page=current M01 single-dimension/source-limited; query×page=UNKNOWN; GA4/article attribution=UNKNOWN,7/14/28 days after publish
180,big5-v2-85a8e075c9e4385c93bf3073f79f02411c910adc,zh,stress-recovery-log-separate-patterns-from-traits,https://fermatmind.com/zh/articles/stress-recovery-log-separate-patterns-from-traits,使用恢复日志，但不把观察变成诊断,使用恢复日志，但不把观察变成诊断,有些压力事件过去后，原有安排可以继续推进；另一些时候，第二天仍有事项没有理顺。想从这些差别里学习时，恢复日志可以帮你保留事件、当时条件和后续安排的线索，但它不能诊断状况、解释个人原因，或证明某种人格特质造成了这种模式。,人格心理学,大五人格 | Big Five | Personality Test,Big Five,Unknown,Unknown,Unknown,2026-07-24T03:22:55.000000Z,2026-07-24T03:22:55.000000Z,417,published,true,200,https://fermatmind.com/zh/articles/stress-recovery-log-separate-patterns-from-traits,zh=https://fermatmind.com/zh/articles/stress-recovery-log-separate-patterns-from-traits | zh-CN=https://fermatmind.com/zh/articles/stress-recovery-log-separate-patterns-from-traits,"index,follow",included_verified,eligible_not_observed_in_current_files,none_observed_in_server_html,Article,none_observed,0,2,0,2914,no_explicit_external_ref_detected:0,identity_sensitive,开始测试,https://fermatmind.com/zh/tests/big-five-personality-test-ocean-model,article_cohort:0;sitewide:Unknown,1,Unknown,/zh/tests/big-five-personality-test-ocean-model,Unknown,Unknown,Unknown,Unknown,Unknown,Unknown,Unknown,Unknown,Unknown,Unknown,Unknown,Unknown,Unknown,Unknown,Unknown,Unknown,Unknown,Unknown,Unknown,Unknown,Unknown,Unknown,Unknown,Unknown,Unclassified,CTA present; Conversion UNKNOWN,NEED_MORE_DATA,M01 page grain=not present in capped current28 page export; metrics remain Unknown; current28 clicks=Unknown; impressions=Unknown; position=Unknown; CTA=present,API/live=VERIFIED; GSC page=current M01 single-dimension/source-limited; query×page=UNKNOWN; GA4/article attribution=UNKNOWN,2026-11-08
181,big5-v2-29efb086b8c443c99dc19333f792f5fb2d8dfe1b,zh,track-personality-related-behavior-without-chasing-scores,https://fermatmind.com/zh/articles/track-personality-related-behavior-without-chasing-scores,用行为与情境追踪成长，而不是追逐人格分数,用行为与情境追踪成长，而不是追逐人格分数,你发现自己最近更常提前准备会议、比较少在回消息前反复犹豫，于是想知道：这是不是意味着某个大五人格分数“变好了”？也许下一步就是再测一次、盯住折线，或给每天的表现打分。,人格心理学,大五人格 | Big Five | Personality Test,Big Five,Unknown,Unknown,Unknown,2026-07-24T03:22:44.000000Z,2026-07-24T03:22:44.000000Z,413,published,true,200,https://fermatmind.com/zh/articles/track-personality-related-behavior-without-chasing-scores,zh=https://fermatmind.com/zh/articles/track-personality-related-behavior-without-chasing-scores | zh-CN=https://fermatmind.com/zh/articles/track-personality-related-behavior-without-chasing-scores,"index,follow",included_verified,eligible_not_observed_in_current_files,none_observed_in_server_html,Article,none_observed,0,2,0,3076,present_public_source_refs:3,identity_sensitive,开始测试,https://fermatmind.com/zh/tests/big-five-personality-test-ocean-model,article_cohort:0;sitewide:Unknown,1,Unknown,/zh/tests/big-five-personality-test-ocean-model,Unknown,Unknown,Unknown,Unknown,Unknown,Unknown,Unknown,Unknown,Unknown,Unknown,Unknown,Unknown,Unknown,Unknown,Unknown,Unknown,Unknown,Unknown,Unknown,Unknown,Unknown,Unknown,Unknown,Unknown,Authority,CTA present; Conversion UNKNOWN,KEEP_AUTHORITY,M01 page grain=not present in capped current28 page export; metrics remain Unknown; current28 clicks=Unknown; impressions=Unknown; position=Unknown; CTA=present,API/live=VERIFIED; GSC page=current M01 single-dimension/source-limited; query×page=UNKNOWN; GA4/article attribution=UNKNOWN,2026-11-08
70,tg_unwanted_major_riasec_transfer_plan_2026v1,zh,unwanted-major-adjustment-riasec-transfer-plan,https://fermatmind.com/zh/articles/unwanted-major-adjustment-riasec-transfer-plan,被调剂到不喜欢的专业怎么办？课程、转专业和霍兰德补救清单,被调剂到不喜欢的专业怎么办？课程、转专业和霍兰德补救清单,录取到不喜欢的专业先别急着复读。用课程、转专业政策、霍兰德兴趣和技能桥判断：可接受、需验证，还是规划替代路径。,高考志愿 / 专业选择,RIASEC | 高考志愿 | 专业选择 | 服从调剂 | 转专业 | 霍兰德职业兴趣,RIASEC/Career Decision,Unknown,Fermat Institute,Unknown,2026-07-01T03:37:25.000000Z,2026-07-01T03:37:25.000000Z,90,published,true,200,https://fermatmind.com/zh/articles/unwanted-major-adjustment-riasec-transfer-plan,en=https://fermatmind.com/en/articles/unwanted-major-adjustment-riasec-transfer-plan | zh=https://fermatmind.com/zh/articles/unwanted-major-adjustment-riasec-transfer-plan | zh-CN=https://fermatmind.com/zh/articles/unwanted-major-adjustment-riasec-transfer-plan,"index,follow",included_verified,eligible_not_observed_in_current_files,none_observed_in_server_html,Article | Person,none_observed,0,2,0,4319,no_explicit_external_ref_detected:0,career_sensitive,先做霍兰德职业兴趣测试，把不喜欢拆成可验证问题,https://fermatmind.com/zh/tests/holland-career-interest-test-riasec,article_cohort:0;sitewide:Unknown,1,Unknown,/zh/tests/holland-career-interest-test-riasec,Unknown,Unknown,Unknown,Unknown,Unknown,Unknown,0,64,0.0%,6.22,0,262,0.0%,9.3,0,326,0.0%,8.7,Unknown,Unknown,Unknown,Unknown,Unknown,Unknown,Near Winner,CTA present; Conversion UNKNOWN,NEED_MORE_DATA,M01 page grain=observed current28 page row; current28 clicks=0; impressions=64; position=6.22; CTA=present,API/live=VERIFIED; GSC page=current M01 single-dimension/source-limited; query×page=UNKNOWN; GA4/article attribution=UNKNOWN,2026-11-08
74,tg_unwanted_major_repeat_stay_riasec_2026v1,zh,unwanted-major-repeat-or-stay-riasec-decision-checklist,https://fermatmind.com/zh/articles/unwanted-major-repeat-or-stay-riasec-decision-checklist,录取专业不理想要不要复读？课程成本、转专业窗口和霍兰德兴趣决策清单,录取专业不理想要不要复读？课程成本、转专业窗口和霍兰德兴趣决策清单,录取专业不理想时，先查课程红线、转专业窗口、家庭成本和兴趣排斥度，再比较先读、转专业、辅修、考研转向和复读。,高考志愿 / 专业选择,RIASEC | 霍兰德职业兴趣测试 | 高考志愿 | 专业选择 | 转专业 | 复读决策 | 录取专业不理想,RIASEC/Career Decision,Unknown,Fermat Institute,Unknown,2026-07-03T05:24:04.000000Z,2026-07-03T05:24:04.000000Z,94,published,true,200,https://fermatmind.com/zh/articles/unwanted-major-repeat-or-stay-riasec-decision-checklist,en=https://fermatmind.com/en/articles/unwanted-major-repeat-or-stay-riasec-decision-checklist | zh=https://fermatmind.com/zh/articles/unwanted-major-repeat-or-stay-riasec-decision-checklist | zh-CN=https://fermatmind.com/zh/articles/unwanted-major-repeat-or-stay-riasec-decision-checklist,"index,follow",included_verified,eligible_not_observed_in_current_files,Article | BreadcrumbList | ListItem | Person,Article | Person,Article | BreadcrumbList | ListItem | Person,0,2,0,5466,no_explicit_external_ref_detected:0,career_sensitive,先做霍兰德职业兴趣测试，把兴趣结果放进专业决策表,https://fermatmind.com/zh/tests/holland-career-interest-test-riasec,article_cohort:0;sitewide:Unknown,1,Unknown,/zh/tests/holland-career-interest-test-riasec,Unknown,Unknown,Unknown,Unknown,Unknown,Unknown,0,125,0.0%,8.19,0,78,0.0%,13.79,0,203,0.0%,10.34,Unknown,Unknown,Unknown,Unknown,Unknown,Unknown,Near Winner,CTA present; Conversion UNKNOWN,NEED_MORE_DATA,M01 page grain=observed current28 page row; current28 clicks=0; impressions=125; position=8.19; CTA=present,API/live=VERIFIED; GSC page=current M01 single-dimension/source-limited; query×page=UNKNOWN; GA4/article attribution=UNKNOWN,2026-11-08
182,big5-v2-5a2d57f072e206c67b7385102e138584b67b2967,zh,using-big-five-and-mbti-together-without-equating-them,https://fermatmind.com/zh/articles/using-big-five-and-mbti-together-without-equating-them,把大五人格与 MBTI 当作不同视角，而不是换算表,把大五人格与 MBTI 当作不同视角，而不是换算表,把大五人格与 MBTI 当作不同视角，而不是换算表,人格心理学,大五人格 | Big Five | Personality Test,Big Five,Unknown,Unknown,Unknown,2026-07-24T03:23:23.000000Z,2026-07-24T03:23:23.000000Z,428,published,true,200,https://fermatmind.com/zh/articles/using-big-five-and-mbti-together-without-equating-them,zh=https://fermatmind.com/zh/articles/using-big-five-and-mbti-together-without-equating-them | zh-CN=https://fermatmind.com/zh/articles/using-big-five-and-mbti-together-without-equating-them,"index,follow",included_verified,eligible_not_observed_in_current_files,none_observed_in_server_html,Article,none_observed,0,2,0,4041,no_explicit_external_ref_detected:0,identity_sensitive,开始测试,https://fermatmind.com/zh/tests/big-five-personality-test-ocean-model,article_cohort:0;sitewide:Unknown,1,Unknown,/zh/tests/big-five-personality-test-ocean-model,Unknown,Unknown,Unknown,Unknown,Unknown,Unknown,Unknown,Unknown,Unknown,Unknown,Unknown,Unknown,Unknown,Unknown,Unknown,Unknown,Unknown,Unknown,Unknown,Unknown,Unknown,Unknown,Unknown,Unknown,Unclassified,CTA present; Conversion UNKNOWN,NEED_MORE_DATA,M01 page grain=not present in capped current28 page export; metrics remain Unknown; current28 clicks=Unknown; impressions=Unknown; position=Unknown; CTA=present,API/live=VERIFIED; GSC page=current M01 single-dimension/source-limited; query×page=UNKNOWN; GA4/article attribution=UNKNOWN,2026-11-08
183,big5-v2-0fa2998313e66c5dcefbdd6cf4b7a777d5299346,zh,when-personality-content-is-not-enough-seek-professional-help,https://fermatmind.com/zh/articles/when-personality-content-is-not-enough-seek-professional-help,知道什么时候人格内容已经不够,知道什么时候人格内容已经不够,林岚最近连续几周睡不好、很难完成原先能完成的日常安排。她反复查看大五人格结果，想找出一个能说明一切的特质标签。人格内容也许能帮助她把问题说得更具体，但它不能判断发生了什么、问题有多严重，或告诉她该接受哪一种照护。,人格心理学,大五人格 | Big Five | Personality Test,Big Five,Unknown,Unknown,Unknown,2026-07-24T03:22:58.000000Z,2026-07-24T03:22:58.000000Z,418,published,true,200,https://fermatmind.com/zh/articles/when-personality-content-is-not-enough-seek-professional-help,zh=https://fermatmind.com/zh/articles/when-personality-content-is-not-enough-seek-professional-help | zh-CN=https://fermatmind.com/zh/articles/when-personality-content-is-not-enough-seek-professional-help,"index,follow",included_verified,eligible_not_observed_in_current_files,none_observed_in_server_html,Article,none_observed,0,2,0,2919,no_explicit_external_ref_detected:0,identity_sensitive,开始测试,https://fermatmind.com/zh/tests/big-five-personality-test-ocean-model,article_cohort:0;sitewide:Unknown,1,Unknown,/zh/tests/big-five-personality-test-ocean-model,Unknown,Unknown,Unknown,Unknown,Unknown,Unknown,Unknown,Unknown,Unknown,Unknown,Unknown,Unknown,Unknown,Unknown,Unknown,Unknown,Unknown,Unknown,Unknown,Unknown,Unknown,Unknown,Unknown,Unknown,Unclassified,CTA present; Conversion UNKNOWN,NEED_MORE_DATA,M01 page grain=not present in capped current28 page export; metrics remain Unknown; current28 clicks=Unknown; impressions=Unknown; position=Unknown; CTA=present,API/live=VERIFIED; GSC page=current M01 single-dimension/source-limited; query×page=UNKNOWN; GA4/article attribution=UNKNOWN,2026-11-08
184,big5-v2-467999bf9f7fdc03a907b9927a0a371a90b7d679,zh,when-to-retest-big-five-and-what-a-score-change-means,https://fermatmind.com/zh/articles/when-to-retest-big-five-and-what-a-score-change-means,什么时候适合复测大五人格：怎样理解分数变化,什么时候适合复测大五人格：怎样理解分数变化,什么时候适合复测大五人格？,人格心理学,大五人格 | Big Five | Personality Test,Big Five,Unknown,Unknown,Unknown,2026-07-24T02:49:39.000000Z,2026-07-24T02:49:39.000000Z,393,published,true,200,https://fermatmind.com/zh/articles/when-to-retest-big-five-and-what-a-score-change-means,zh=https://fermatmind.com/zh/articles/when-to-retest-big-five-and-what-a-score-change-means | zh-CN=https://fermatmind.com/zh/articles/when-to-retest-big-five-and-what-a-score-change-means,"index,follow",included_verified,eligible_not_observed_in_current_files,none_observed_in_server_html,Article,none_observed,0,2,0,3213,present_public_source_refs:4,identity_sensitive,开始测试,https://fermatmind.com/zh/tests/big-five-personality-test-ocean-model,article_cohort:0;sitewide:Unknown,1,Unknown,/zh/tests/big-five-personality-test-ocean-model,Unknown,Unknown,Unknown,Unknown,Unknown,Unknown,Unknown,Unknown,Unknown,Unknown,Unknown,Unknown,Unknown,Unknown,Unknown,Unknown,Unknown,Unknown,Unknown,Unknown,Unknown,Unknown,Unknown,Unknown,Authority,CTA present; Conversion UNKNOWN,KEEP_AUTHORITY,M01 page grain=not present in capped current28 page export; metrics remain Unknown; current28 clicks=Unknown; impressions=Unknown; position=Unknown; CTA=present,API/live=VERIFIED; GSC page=current M01 single-dimension/source-limited; query×page=UNKNOWN; GA4/article attribution=UNKNOWN,2026-11-08
16,article-16,zh,which-love-script-fits-you-best,https://fermatmind.com/zh/articles/which-love-script-fits-you-best,爱情三角理论：亲密、激情与承诺如何组成不同关系状态,爱情三角理论：亲密、激情与承诺如何组成不同关系状态,爱情三角理论帮助描述一段关系中的亲密、激情与承诺，但不能测出命定伴侣或预测关系结局。,关系与爱情,亲密关系 | 关系科学 | MBTI | 依恋与亲密 | 爱情风格,MBTI,Unknown,FermatMind Editorial,Unknown,2026-07-29T03:37:39.000000Z,2026-07-29T03:37:39.000000Z,435,published,true,200,https://fermatmind.com/zh/articles/which-love-script-fits-you-best,en=https://fermatmind.com/en/articles/which-love-script-fits-you-best | zh=https://fermatmind.com/zh/articles/which-love-script-fits-you-best | zh-CN=https://fermatmind.com/zh/articles/which-love-script-fits-you-best,"index,follow",included_verified,observed,Answer | Article | BreadcrumbList | FAQPage | ListItem | Person | Question,Answer | Article | FAQPage | Person | Question,Answer | Article | BreadcrumbList | FAQPage | ListItem | Person | Question,0,4,4,2218,present_public_source_refs:8,relationship_sensitive,开始测试,https://fermatmind.com/zh/tests/mbti-personality-test-16-personality-types,article_cohort:0;sitewide:Unknown,0,Unknown,Unknown,Unknown,Unknown,Unknown,Unknown,Unknown,Unknown,0,45,0.0%,9.84,1,144,0.69%,12.85,1,248,0.4%,11.8,Unknown,Unknown,Unknown,Unknown,Unknown,Unknown,Authority,CTA present; Conversion UNKNOWN,KEEP_AUTHORITY,M01 page grain=observed current28 page row; current28 clicks=0; impressions=45; position=9.84; CTA=present,API/live=VERIFIED; GSC page=current M01 single-dimension/source-limited; query×page=UNKNOWN; GA4/article attribution=UNKNOWN,2026-11-08
185,big5-v2-25be6b0e7c781d909d0bec341bad577e43cad483,zh,why-big-five-is-not-a-personality-type-system,https://fermatmind.com/zh/articles/why-big-five-is-not-a-personality-type-system,为什么大五人格不是人格类型系统,为什么大五人格不是人格类型系统,类型标签是额外的分类动作，不是大五结果本身要求的输出；维度阅读会保留程度、组合、情境与反例。,人格心理学,大五人格 | Big Five | Personality Test,Big Five,Unknown,Unknown,Unknown,2026-07-24T02:49:28.000000Z,2026-07-24T02:49:28.000000Z,388,published,true,200,https://fermatmind.com/zh/articles/why-big-five-is-not-a-personality-type-system,zh=https://fermatmind.com/zh/articles/why-big-five-is-not-a-personality-type-system | zh-CN=https://fermatmind.com/zh/articles/why-big-five-is-not-a-personality-type-system,"index,follow",included_verified,eligible_not_observed_in_current_files,none_observed_in_server_html,Article,none_observed,0,2,0,3205,present_public_source_refs:3,identity_sensitive,开始测试,https://fermatmind.com/zh/tests/big-five-personality-test-ocean-model,article_cohort:0;sitewide:Unknown,1,Unknown,/zh/tests/big-five-personality-test-ocean-model,Unknown,Unknown,Unknown,Unknown,Unknown,Unknown,Unknown,Unknown,Unknown,Unknown,Unknown,Unknown,Unknown,Unknown,Unknown,Unknown,Unknown,Unknown,Unknown,Unknown,Unknown,Unknown,Unknown,Unknown,Authority,CTA present; Conversion UNKNOWN,KEEP_AUTHORITY,M01 page grain=not present in capped current28 page export; metrics remain Unknown; current28 clicks=Unknown; impressions=Unknown; position=Unknown; CTA=present,API/live=VERIFIED; GSC page=current M01 single-dimension/source-limited; query×page=UNKNOWN; GA4/article attribution=UNKNOWN,2026-11-08
