owner_row_id,topic,locale,normalized_query,window_id,page,is_public_canonical,proposed_primary_owner,is_proposed_owner,clicks,impressions,ctr,position,page_count,query_total_impressions,non_owner_impressions,non_owner_share,query_status,evidence_status
1,MBTI,zh,16 人格测试,current28,https://fermatmind.com/zh/tests/mbti-personality-test-16-personality-types,true,https://fermatmind.com/zh/tests/mbti-personality-test-16-personality-types,true,0,15,0.00000000,8.8000,1,15,0,0.000000,OBSERVED_SINGLE_PAGE,VERIFIED_M01_QUERY_PAGE_SOURCE_LIMITED
1,MBTI,zh,16人格测试,current28,https://fermatmind.com/zh/tests/mbti-personality-test-16-personality-types,true,https://fermatmind.com/zh/tests/mbti-personality-test-16-personality-types,true,1,321,0.00311526,8.0467,1,321,0,0.000000,OBSERVED_SINGLE_PAGE,VERIFIED_M01_QUERY_PAGE_SOURCE_LIMITED
1,MBTI,zh,16型人格测试,current28,https://fermatmind.com/zh/tests/mbti-personality-test-16-personality-types,true,https://fermatmind.com/zh/tests/mbti-personality-test-16-personality-types,true,4,290,0.01379310,7.9310,1,290,0,0.000000,OBSERVED_SINGLE_PAGE,VERIFIED_M01_QUERY_PAGE_SOURCE_LIMITED
1,MBTI,zh,16型人格測試,current28,https://fermatmind.com/zh/tests/mbti-personality-test-16-personality-types,true,https://fermatmind.com/zh/tests/mbti-personality-test-16-personality-types,true,0,15,0.00000000,9.4667,1,15,0,0.000000,OBSERVED_SINGLE_PAGE,VERIFIED_M01_QUERY_PAGE_SOURCE_LIMITED
1,MBTI,zh,16种人格测试,current28,https://fermatmind.com/zh/articles/mbti-basics,true,https://fermatmind.com/zh/tests/mbti-personality-test-16-personality-types,false,0,1,0.00000000,17.0000,2,51,1,0.019608,OBSERVED_MULTI_PAGE_NO_ACTIONABLE_CONFLICT,VERIFIED_M01_QUERY_PAGE_SOURCE_LIMITED
1,MBTI,zh,16种人格测试,current28,https://fermatmind.com/zh/tests/mbti-personality-test-16-personality-types,true,https://fermatmind.com/zh/tests/mbti-personality-test-16-personality-types,true,0,50,0.00000000,8.8400,2,51,1,0.019608,OBSERVED_MULTI_PAGE_NO_ACTIONABLE_CONFLICT,VERIFIED_M01_QUERY_PAGE_SOURCE_LIMITED
14,Enneagram,zh,9型人格测试,current28,https://fermatmind.com/zh/tests/enneagram-personality-test,false,https://fermatmind.com/zh/tests/enneagram-personality-test-nine-types,false,0,11,0.00000000,8.7273,2,27,0,0.000000,OBSERVED_LEGACY_OR_NONCANONICAL_MULTIPAGE,VERIFIED_M01_QUERY_PAGE_SOURCE_LIMITED
14,Enneagram,zh,9型人格测试,current28,https://fermatmind.com/zh/tests/enneagram-personality-test-nine-types,true,https://fermatmind.com/zh/tests/enneagram-personality-test-nine-types,true,0,16,0.00000000,7.5625,2,27,0,0.000000,OBSERVED_LEGACY_OR_NONCANONICAL_MULTIPAGE,VERIFIED_M01_QUERY_PAGE_SOURCE_LIMITED
14,Enneagram,zh,9型人格测试免费,current28,https://fermatmind.com/zh/tests/enneagram-personality-test,false,https://fermatmind.com/zh/tests/enneagram-personality-test-nine-types,false,0,5,0.00000000,9.4000,2,17,0,0.000000,OBSERVED_LEGACY_OR_NONCANONICAL_MULTIPAGE,VERIFIED_M01_QUERY_PAGE_SOURCE_LIMITED
14,Enneagram,zh,9型人格测试免费,current28,https://fermatmind.com/zh/tests/enneagram-personality-test-nine-types,true,https://fermatmind.com/zh/tests/enneagram-personality-test-nine-types,true,1,12,0.08333333,6.7500,2,17,0,0.000000,OBSERVED_LEGACY_OR_NONCANONICAL_MULTIPAGE,VERIFIED_M01_QUERY_PAGE_SOURCE_LIMITED
8,Big Five,en,big 5 ocean test,current28,https://fermatmind.com/en/tests/big-five-personality-test-ocean-model,true,https://fermatmind.com/en/tests/big-five-personality-test-ocean-model,true,0,3,0.00000000,65.0000,1,3,0,0.000000,LOW_VOLUME_OBSERVED,VERIFIED_M01_QUERY_PAGE_SOURCE_LIMITED
8,Big Five,en,big five ocean personality test,current28,https://fermatmind.com/en/tests/big-five-personality-test-ocean-model,true,https://fermatmind.com/en/tests/big-five-personality-test-ocean-model,true,0,4,0.00000000,53.5000,1,4,0,0.000000,LOW_VOLUME_OBSERVED,VERIFIED_M01_QUERY_PAGE_SOURCE_LIMITED
5,Big Five,zh,big five 测试,current28,https://fermatmind.com/zh/articles/big-five-tool-guide,true,https://fermatmind.com/zh/tests/big-five-personality-test-ocean-model,false,0,1,0.00000000,10.0000,2,4,1,0.250000,LOW_VOLUME_OBSERVED,VERIFIED_M01_QUERY_PAGE_SOURCE_LIMITED
5,Big Five,zh,big five 测试,current28,https://fermatmind.com/zh/tests/big-five-personality-test-ocean-model,true,https://fermatmind.com/zh/tests/big-five-personality-test-ocean-model,true,0,3,0.00000000,10.0000,2,4,1,0.250000,LOW_VOLUME_OBSERVED,VERIFIED_M01_QUERY_PAGE_SOURCE_LIMITED
22,EQ,en,eq test,current28,https://fermatmind.com/tests/eq-test-emotional-intelligence-assessment-%E6%83%85%E5%95%86%E6%B5%8B%E8%AF%95,false,https://fermatmind.com/en/tests/eq-test-emotional-intelligence-assessment,false,0,3,0.00000000,77.0000,1,3,0,0.000000,LOW_VOLUME_OBSERVED,VERIFIED_M01_QUERY_PAGE_SOURCE_LIMITED
20,EQ,zh,eq 测试,current28,https://fermatmind.com/zh/tests/eq-test-emotional-intelligence-assessment,true,https://fermatmind.com/zh/tests/eq-test-emotional-intelligence-assessment,true,0,1,0.00000000,2.0000,1,1,0,0.000000,LOW_VOLUME_OBSERVED,VERIFIED_M01_QUERY_PAGE_SOURCE_LIMITED
20,EQ,zh,eq测试,current28,https://fermatmind.com/zh/tests/eq-test-emotional-intelligence-assessment,true,https://fermatmind.com/zh/tests/eq-test-emotional-intelligence-assessment,true,0,1,0.00000000,8.0000,1,1,0,0.000000,LOW_VOLUME_OBSERVED,VERIFIED_M01_QUERY_PAGE_SOURCE_LIMITED
13,RIASEC,en,holland career test,current28,https://fermatmind.com/en/articles/what-is-riasec-holland-code-career-interest-test,true,https://fermatmind.com/en/tests/holland-career-interest-test-riasec,false,0,5,0.00000000,67.6000,1,5,5,1.000000,LOW_VOLUME_OBSERVED,VERIFIED_M01_QUERY_PAGE_SOURCE_LIMITED
12,RIASEC,en,holland code riasec,current28,https://fermatmind.com/en/articles/what-is-riasec-holland-code-career-interest-test,true,https://fermatmind.com/en/articles/what-is-riasec-holland-code-career-interest-test,true,0,20,0.00000000,43.8000,1,20,0,0.000000,OBSERVED_SINGLE_PAGE,VERIFIED_M01_QUERY_PAGE_SOURCE_LIMITED
13,RIASEC,en,holland code riasec test,current28,https://fermatmind.com/en/articles/what-is-riasec-holland-code-career-interest-test,true,https://fermatmind.com/en/tests/holland-career-interest-test-riasec,false,0,20,0.00000000,53.1000,1,20,20,1.000000,OBSERVED_SINGLE_PAGE,VERIFIED_M01_QUERY_PAGE_SOURCE_LIMITED
13,RIASEC,en,holland code test,current28,https://fermatmind.com/en/articles/what-is-riasec-holland-code-career-interest-test,true,https://fermatmind.com/en/tests/holland-career-interest-test-riasec,false,0,2,0.00000000,50.0000,1,2,2,1.000000,LOW_VOLUME_OBSERVED,VERIFIED_M01_QUERY_PAGE_SOURCE_LIMITED
12,RIASEC,en,holland riasec,current28,https://fermatmind.com/en/articles/what-is-riasec-holland-code-career-interest-test,true,https://fermatmind.com/en/articles/what-is-riasec-holland-code-career-interest-test,true,0,11,0.00000000,22.7273,1,11,0,0.000000,OBSERVED_SINGLE_PAGE,VERIFIED_M01_QUERY_PAGE_SOURCE_LIMITED
13,RIASEC,en,holland riasec test,current28,https://fermatmind.com/en/articles/what-is-riasec-holland-code-career-interest-test,true,https://fermatmind.com/en/tests/holland-career-interest-test-riasec,false,0,3,0.00000000,49.0000,1,3,3,1.000000,LOW_VOLUME_OBSERVED,VERIFIED_M01_QUERY_PAGE_SOURCE_LIMITED
3,MBTI,zh,infj和infp的区别,current28,https://fermatmind.com/zh/personality/infj-vs-infp,false,https://fermatmind.com/zh/personality,false,0,15,0.00000000,10.7333,1,15,0,0.000000,LOW_VOLUME_OBSERVED,VERIFIED_M01_QUERY_PAGE_SOURCE_LIMITED
3,MBTI,zh,infp和infj的区别,current28,https://fermatmind.com/zh/personality/infj-vs-infp,false,https://fermatmind.com/zh/personality,false,0,18,0.00000000,10.0556,1,18,0,0.000000,LOW_VOLUME_OBSERVED,VERIFIED_M01_QUERY_PAGE_SOURCE_LIMITED
3,MBTI,zh,intj和intp的区别,current28,https://fermatmind.com/zh/personality/intj-vs-intp,false,https://fermatmind.com/zh/personality,false,0,17,0.00000000,5.6471,1,17,0,0.000000,LOW_VOLUME_OBSERVED,VERIFIED_M01_QUERY_PAGE_SOURCE_LIMITED
3,MBTI,zh,intp 和 intj 的 区别,current28,https://fermatmind.com/zh/personality/intj-vs-intp,false,https://fermatmind.com/zh/personality,false,0,12,0.00000000,8.7500,1,12,0,0.000000,LOW_VOLUME_OBSERVED,VERIFIED_M01_QUERY_PAGE_SOURCE_LIMITED
3,MBTI,zh,intp和intj的区别,current28,https://fermatmind.com/zh/personality/intj-vs-intp,false,https://fermatmind.com/zh/personality,false,1,34,0.02941176,6.9412,1,34,0,0.000000,LOW_VOLUME_OBSERVED,VERIFIED_M01_QUERY_PAGE_SOURCE_LIMITED
17,IQ,zh,iq 测试,current28,https://fermatmind.com/zh/articles/iq-test-tool-guide,true,https://fermatmind.com/zh/tests/iq-test-intelligence-quotient-assessment,false,0,2,0.00000000,21.5000,2,5,2,0.400000,LOW_VOLUME_OBSERVED,VERIFIED_M01_QUERY_PAGE_SOURCE_LIMITED
17,IQ,zh,iq 测试,current28,https://fermatmind.com/zh/tests/iq-test-intelligence-quotient-assessment,true,https://fermatmind.com/zh/tests/iq-test-intelligence-quotient-assessment,true,0,3,0.00000000,32.0000,2,5,2,0.400000,LOW_VOLUME_OBSERVED,VERIFIED_M01_QUERY_PAGE_SOURCE_LIMITED
17,IQ,zh,iq测试,current28,https://fermatmind.com/zh/articles/iq-test-tool-guide,true,https://fermatmind.com/zh/tests/iq-test-intelligence-quotient-assessment,false,0,2,0.00000000,16.5000,1,2,2,1.000000,LOW_VOLUME_OBSERVED,VERIFIED_M01_QUERY_PAGE_SOURCE_LIMITED
18,IQ,zh,iq測試準嗎,current28,https://fermatmind.com/zh/articles/iq-test-score-and-limits-explained,true,https://fermatmind.com/zh/articles/iq-test-score-and-limits-explained,true,0,1,0.00000000,11.0000,1,1,0,0.000000,LOW_VOLUME_OBSERVED,VERIFIED_M01_QUERY_PAGE_SOURCE_LIMITED
1,MBTI,zh,mbti 16 型 人格 測驗 免費,current28,https://fermatmind.com/zh/tests/mbti-personality-test-16-personality-types,true,https://fermatmind.com/zh/tests/mbti-personality-test-16-personality-types,true,0,37,0.00000000,9.0811,1,37,0,0.000000,OBSERVED_SINGLE_PAGE,VERIFIED_M01_QUERY_PAGE_SOURCE_LIMITED
4,MBTI,en,mbti test,current28,https://fermatmind.com/en/tests/mbti-personality-test-16-personality-types-MBTI,false,https://fermatmind.com/en/tests/mbti-personality-test-16-personality-types,false,0,1,0.00000000,74.0000,2,11,0,0.000000,LOW_VOLUME_OBSERVED,VERIFIED_M01_QUERY_PAGE_SOURCE_LIMITED
4,MBTI,en,mbti test,current28,https://fermatmind.com/tests/mbti-personality-test-16-personality-types-MBTI,false,https://fermatmind.com/en/tests/mbti-personality-test-16-personality-types,false,0,10,0.00000000,69.2000,2,11,0,0.000000,LOW_VOLUME_OBSERVED,VERIFIED_M01_QUERY_PAGE_SOURCE_LIMITED
1,MBTI,zh,mbti test 免費,current28,https://fermatmind.com/zh/tests/mbti-personality-test-16-personality-types,true,https://fermatmind.com/zh/tests/mbti-personality-test-16-personality-types,true,0,34,0.00000000,9.3235,1,34,0,0.000000,OBSERVED_SINGLE_PAGE,VERIFIED_M01_QUERY_PAGE_SOURCE_LIMITED
2,MBTI,zh,mbti 人格,current28,https://fermatmind.com/zh/articles/mbti-basics,true,https://fermatmind.com/zh/articles/mbti-basics,true,0,17,0.00000000,32.8824,2,18,1,0.055556,OBSERVED_MULTI_PAGE_NO_ACTIONABLE_CONFLICT,VERIFIED_M01_QUERY_PAGE_SOURCE_LIMITED
2,MBTI,zh,mbti 人格,current28,https://fermatmind.com/zh/personality,true,https://fermatmind.com/zh/articles/mbti-basics,false,0,1,0.00000000,13.0000,2,18,1,0.055556,OBSERVED_MULTI_PAGE_NO_ACTIONABLE_CONFLICT,VERIFIED_M01_QUERY_PAGE_SOURCE_LIMITED
1,MBTI,zh,mbti 人格 测试 免费,current28,https://fermatmind.com/zh/tests/mbti-personality-test-16-personality-types,true,https://fermatmind.com/zh/tests/mbti-personality-test-16-personality-types,true,1,16,0.06250000,6.6250,1,16,0,0.000000,OBSERVED_SINGLE_PAGE,VERIFIED_M01_QUERY_PAGE_SOURCE_LIMITED
1,MBTI,zh,mbti 免费,current28,https://fermatmind.com/zh/tests/mbti-personality-test-16-personality-types,true,https://fermatmind.com/zh/tests/mbti-personality-test-16-personality-types,true,0,11,0.00000000,4.4545,1,11,0,0.000000,OBSERVED_SINGLE_PAGE,VERIFIED_M01_QUERY_PAGE_SOURCE_LIMITED
1,MBTI,zh,mbti 免费测试,current28,https://fermatmind.com/zh/tests/mbti-personality-test-16-personality-types,true,https://fermatmind.com/zh/tests/mbti-personality-test-16-personality-types,true,0,11,0.00000000,6.1818,1,11,0,0.000000,OBSERVED_SINGLE_PAGE,VERIFIED_M01_QUERY_PAGE_SOURCE_LIMITED
1,MBTI,zh,mbti 快速测试,current28,https://fermatmind.com/zh/tests/mbti-personality-test-16-personality-types,true,https://fermatmind.com/zh/tests/mbti-personality-test-16-personality-types,true,0,16,0.00000000,6.7500,1,16,0,0.000000,OBSERVED_SINGLE_PAGE,VERIFIED_M01_QUERY_PAGE_SOURCE_LIMITED
2,MBTI,zh,mbti 性格,current28,https://fermatmind.com/zh/articles/mbti-basics,true,https://fermatmind.com/zh/articles/mbti-basics,true,0,9,0.00000000,18.2222,2,10,1,0.100000,OBSERVED_MULTI_PAGE_NO_ACTIONABLE_CONFLICT,VERIFIED_M01_QUERY_PAGE_SOURCE_LIMITED
2,MBTI,zh,mbti 性格,current28,https://fermatmind.com/zh/tests/mbti-personality-test-16-personality-types,true,https://fermatmind.com/zh/articles/mbti-basics,false,0,1,0.00000000,18.0000,2,10,1,0.100000,OBSERVED_MULTI_PAGE_NO_ACTIONABLE_CONFLICT,VERIFIED_M01_QUERY_PAGE_SOURCE_LIMITED
2,MBTI,zh,mbti 意思,current28,https://fermatmind.com/zh/articles/mbti-basics,true,https://fermatmind.com/zh/articles/mbti-basics,true,0,16,0.00000000,24.2500,1,16,0,0.000000,OBSERVED_SINGLE_PAGE,VERIFIED_M01_QUERY_PAGE_SOURCE_LIMITED
2,MBTI,zh,mbti 是什么,current28,https://fermatmind.com/zh/articles/mbti-basics,true,https://fermatmind.com/zh/articles/mbti-basics,true,0,4,0.00000000,11.7500,1,4,0,0.000000,LOW_VOLUME_OBSERVED,VERIFIED_M01_QUERY_PAGE_SOURCE_LIMITED
1,MBTI,zh,mbti 测试,current28,https://fermatmind.com/zh/articles/mbti-basics,true,https://fermatmind.com/zh/tests/mbti-personality-test-16-personality-types,false,0,2,0.00000000,19.0000,2,18,2,0.111111,OBSERVED_MULTI_PAGE_NO_ACTIONABLE_CONFLICT,VERIFIED_M01_QUERY_PAGE_SOURCE_LIMITED
1,MBTI,zh,mbti 测试,current28,https://fermatmind.com/zh/tests/mbti-personality-test-16-personality-types,true,https://fermatmind.com/zh/tests/mbti-personality-test-16-personality-types,true,1,16,0.06250000,16.2500,2,18,2,0.111111,OBSERVED_MULTI_PAGE_NO_ACTIONABLE_CONFLICT,VERIFIED_M01_QUERY_PAGE_SOURCE_LIMITED
1,MBTI,zh,mbti 测试 免費,current28,https://fermatmind.com/zh/tests/mbti-personality-test-16-personality-types,true,https://fermatmind.com/zh/tests/mbti-personality-test-16-personality-types,true,7,75,0.09333333,5.5467,1,75,0,0.000000,OBSERVED_SINGLE_PAGE,VERIFIED_M01_QUERY_PAGE_SOURCE_LIMITED
1,MBTI,zh,mbti 测试 免费,current28,https://fermatmind.com/zh/tests/mbti-personality-test-16-personality-types,true,https://fermatmind.com/zh/tests/mbti-personality-test-16-personality-types,true,2,20,0.10000000,6.2500,1,20,0,0.000000,OBSERVED_SINGLE_PAGE,VERIFIED_M01_QUERY_PAGE_SOURCE_LIMITED
1,MBTI,zh,mbti 測試,current28,https://fermatmind.com/zh/articles/big-five-tool-guide,true,https://fermatmind.com/zh/tests/mbti-personality-test-16-personality-types,false,0,1,0.00000000,6.0000,2,240,1,0.004167,OBSERVED_MULTI_PAGE_NO_ACTIONABLE_CONFLICT,VERIFIED_M01_QUERY_PAGE_SOURCE_LIMITED
1,MBTI,zh,mbti 測試,current28,https://fermatmind.com/zh/tests/mbti-personality-test-16-personality-types,true,https://fermatmind.com/zh/tests/mbti-personality-test-16-personality-types,true,5,239,0.02092050,9.7155,2,240,1,0.004167,OBSERVED_MULTI_PAGE_NO_ACTIONABLE_CONFLICT,VERIFIED_M01_QUERY_PAGE_SOURCE_LIMITED
1,MBTI,zh,mbti 測試 免費,current28,https://fermatmind.com/zh/tests/mbti-personality-test-16-personality-types,true,https://fermatmind.com/zh/tests/mbti-personality-test-16-personality-types,true,0,59,0.00000000,8.9322,1,59,0,0.000000,OBSERVED_SINGLE_PAGE,VERIFIED_M01_QUERY_PAGE_SOURCE_LIMITED
2,MBTI,zh,mbti人格,current28,https://fermatmind.com/zh/articles/mbti-basics,true,https://fermatmind.com/zh/articles/mbti-basics,true,0,12,0.00000000,35.0833,2,13,1,0.076923,OBSERVED_MULTI_PAGE_NO_ACTIONABLE_CONFLICT,VERIFIED_M01_QUERY_PAGE_SOURCE_LIMITED
2,MBTI,zh,mbti人格,current28,https://fermatmind.com/zh/personality,true,https://fermatmind.com/zh/articles/mbti-basics,false,0,1,0.00000000,20.0000,2,13,1,0.076923,OBSERVED_MULTI_PAGE_NO_ACTIONABLE_CONFLICT,VERIFIED_M01_QUERY_PAGE_SOURCE_LIMITED
1,MBTI,zh,mbti人格测试,current28,https://fermatmind.com/zh/tests/mbti-personality-test-16-personality-types,true,https://fermatmind.com/zh/tests/mbti-personality-test-16-personality-types,true,1,11,0.09090909,15.3636,1,11,0,0.000000,OBSERVED_SINGLE_PAGE,VERIFIED_M01_QUERY_PAGE_SOURCE_LIMITED
1,MBTI,zh,mbti免费测试,current28,https://fermatmind.com/zh/tests/mbti-personality-test-16-personality-types,true,https://fermatmind.com/zh/tests/mbti-personality-test-16-personality-types,true,15,300,0.05000000,5.1133,1,300,0,0.000000,OBSERVED_SINGLE_PAGE,VERIFIED_M01_QUERY_PAGE_SOURCE_LIMITED
1,MBTI,zh,mbti性格测试,current28,https://fermatmind.com/zh/tests/mbti-personality-test-16-personality-types,true,https://fermatmind.com/zh/tests/mbti-personality-test-16-personality-types,true,1,11,0.09090909,7.2727,1,11,0,0.000000,OBSERVED_SINGLE_PAGE,VERIFIED_M01_QUERY_PAGE_SOURCE_LIMITED
2,MBTI,zh,mbti意思,current28,https://fermatmind.com/zh/articles/mbti-basics,true,https://fermatmind.com/zh/articles/mbti-basics,true,0,6,0.00000000,4.3333,1,6,0,0.000000,LOW_VOLUME_OBSERVED,VERIFIED_M01_QUERY_PAGE_SOURCE_LIMITED
2,MBTI,zh,mbti是什么,current28,https://fermatmind.com/zh/articles/mbti-basics,true,https://fermatmind.com/zh/articles/mbti-basics,true,0,29,0.00000000,13.2069,1,29,0,0.000000,OBSERVED_SINGLE_PAGE,VERIFIED_M01_QUERY_PAGE_SOURCE_LIMITED
2,MBTI,zh,mbti是什么意思,current28,https://fermatmind.com/zh/articles/mbti-basics,true,https://fermatmind.com/zh/articles/mbti-basics,true,0,8,0.00000000,11.2500,1,8,0,0.000000,LOW_VOLUME_OBSERVED,VERIFIED_M01_QUERY_PAGE_SOURCE_LIMITED
1,MBTI,zh,mbti检测,current28,https://fermatmind.com/zh/tests/mbti-personality-test-16-personality-types,true,https://fermatmind.com/zh/tests/mbti-personality-test-16-personality-types,true,0,13,0.00000000,7.4615,1,13,0,0.000000,OBSERVED_SINGLE_PAGE,VERIFIED_M01_QUERY_PAGE_SOURCE_LIMITED
1,MBTI,zh,mbti测试,current28,https://fermatmind.com/zh/articles/enneagram-personality-test-explained,true,https://fermatmind.com/zh/tests/mbti-personality-test-16-personality-types,false,0,1,0.00000000,34.0000,3,404,8,0.019802,OBSERVED_MULTI_PAGE_NO_ACTIONABLE_CONFLICT,VERIFIED_M01_QUERY_PAGE_SOURCE_LIMITED
1,MBTI,zh,mbti测试,current28,https://fermatmind.com/zh/articles/mbti-basics,true,https://fermatmind.com/zh/tests/mbti-personality-test-16-personality-types,false,0,7,0.00000000,13.1429,3,404,8,0.019802,OBSERVED_MULTI_PAGE_NO_ACTIONABLE_CONFLICT,VERIFIED_M01_QUERY_PAGE_SOURCE_LIMITED
1,MBTI,zh,mbti测试,current28,https://fermatmind.com/zh/tests/mbti-personality-test-16-personality-types,true,https://fermatmind.com/zh/tests/mbti-personality-test-16-personality-types,true,6,396,0.01515152,8.6465,3,404,8,0.019802,OBSERVED_MULTI_PAGE_NO_ACTIONABLE_CONFLICT,VERIFIED_M01_QUERY_PAGE_SOURCE_LIMITED
1,MBTI,zh,mbti测试 免费,current28,https://fermatmind.com/zh/tests/mbti-personality-test-16-personality-types,true,https://fermatmind.com/zh/tests/mbti-personality-test-16-personality-types,true,0,10,0.00000000,5.1000,1,10,0,0.000000,OBSERVED_SINGLE_PAGE,VERIFIED_M01_QUERY_PAGE_SOURCE_LIMITED
1,MBTI,zh,mbti测试免费,current28,https://fermatmind.com/zh/tests/mbti-personality-test-16-personality-types,true,https://fermatmind.com/zh/tests/mbti-personality-test-16-personality-types,true,2,117,0.01709402,5.8889,1,117,0,0.000000,OBSERVED_SINGLE_PAGE,VERIFIED_M01_QUERY_PAGE_SOURCE_LIMITED
1,MBTI,zh,mbti测试入口,current28,https://fermatmind.com/zh/tests/mbti-personality-test-16-personality-types,true,https://fermatmind.com/zh/tests/mbti-personality-test-16-personality-types,true,0,11,0.00000000,5.2727,1,11,0,0.000000,OBSERVED_SINGLE_PAGE,VERIFIED_M01_QUERY_PAGE_SOURCE_LIMITED
1,MBTI,zh,mbti測試,current28,https://fermatmind.com/zh/tests/mbti-personality-test-16-personality-types,true,https://fermatmind.com/zh/tests/mbti-personality-test-16-personality-types,true,1,107,0.00934579,9.6729,1,107,0,0.000000,OBSERVED_SINGLE_PAGE,VERIFIED_M01_QUERY_PAGE_SOURCE_LIMITED
12,RIASEC,en,meaning of riasec,current28,https://fermatmind.com/en/articles/what-is-riasec-holland-code-career-interest-test,true,https://fermatmind.com/en/articles/what-is-riasec-holland-code-career-interest-test,true,0,1,0.00000000,11.0000,1,1,0,0.000000,LOW_VOLUME_OBSERVED,VERIFIED_M01_QUERY_PAGE_SOURCE_LIMITED
8,Big Five,en,ocean test,current28,https://fermatmind.com/en/tests/big-five-personality-test-ocean-model,true,https://fermatmind.com/en/tests/big-five-personality-test-ocean-model,true,0,3,0.00000000,61.3333,1,3,0,0.000000,LOW_VOLUME_OBSERVED,VERIFIED_M01_QUERY_PAGE_SOURCE_LIMITED
12,RIASEC,en,riasec,current28,https://fermatmind.com/en/articles/what-is-riasec-holland-code-career-interest-test,true,https://fermatmind.com/en/articles/what-is-riasec-holland-code-career-interest-test,true,0,105,0.00000000,42.4857,2,106,1,0.009434,OBSERVED_MULTI_PAGE_NO_ACTIONABLE_CONFLICT,VERIFIED_M01_QUERY_PAGE_SOURCE_LIMITED
12,RIASEC,en,riasec,current28,https://fermatmind.com/zh/articles/riasec-holland-career-interest-test-explained,true,https://fermatmind.com/en/articles/what-is-riasec-holland-code-career-interest-test,false,0,1,0.00000000,10.0000,2,106,1,0.009434,OBSERVED_MULTI_PAGE_NO_ACTIONABLE_CONFLICT,VERIFIED_M01_QUERY_PAGE_SOURCE_LIMITED
13,RIASEC,en,riasec career test,current28,https://fermatmind.com/en/articles/what-is-riasec-holland-code-career-interest-test,true,https://fermatmind.com/en/tests/holland-career-interest-test-riasec,false,0,4,0.00000000,48.2500,1,4,4,1.000000,LOW_VOLUME_OBSERVED,VERIFIED_M01_QUERY_PAGE_SOURCE_LIMITED
12,RIASEC,en,riasec holland code,current28,https://fermatmind.com/en/articles/what-is-riasec-holland-code-career-interest-test,true,https://fermatmind.com/en/articles/what-is-riasec-holland-code-career-interest-test,true,0,11,0.00000000,53.0000,1,11,0,0.000000,OBSERVED_SINGLE_PAGE,VERIFIED_M01_QUERY_PAGE_SOURCE_LIMITED
12,RIASEC,en,riasec meaning,current28,https://fermatmind.com/en/articles/what-is-riasec-holland-code-career-interest-test,true,https://fermatmind.com/en/articles/what-is-riasec-holland-code-career-interest-test,true,0,11,0.00000000,23.0909,1,11,0,0.000000,OBSERVED_SINGLE_PAGE,VERIFIED_M01_QUERY_PAGE_SOURCE_LIMITED
12,RIASEC,en,riasec model,current28,https://fermatmind.com/en/articles/what-is-riasec-holland-code-career-interest-test,true,https://fermatmind.com/en/articles/what-is-riasec-holland-code-career-interest-test,true,0,19,0.00000000,49.5789,1,19,0,0.000000,OBSERVED_SINGLE_PAGE,VERIFIED_M01_QUERY_PAGE_SOURCE_LIMITED
13,RIASEC,en,riasec test,current28,https://fermatmind.com/en/articles/what-is-riasec-holland-code-career-interest-test,true,https://fermatmind.com/en/tests/holland-career-interest-test-riasec,false,0,73,0.00000000,51.4384,2,77,73,1.000000,OBSERVED_LEGACY_OR_NONCANONICAL_MULTIPAGE,VERIFIED_M01_QUERY_PAGE_SOURCE_LIMITED
13,RIASEC,en,riasec test,current28,https://fermatmind.com/tests/holland-career-interest-test-riasec-%E9%9C%8D%E5%85%B0%E5%BE%B7%E8%81%8C%E4%B8%9A%E5%85%B4%E8%B6%A3%E6%B5%8B%E8%AF%95,false,https://fermatmind.com/en/tests/holland-career-interest-test-riasec,false,0,4,0.00000000,47.7500,2,77,73,1.000000,OBSERVED_LEGACY_OR_NONCANONICAL_MULTIPAGE,VERIFIED_M01_QUERY_PAGE_SOURCE_LIMITED
9,RIASEC,zh,riasec 测试,current28,https://fermatmind.com/zh/articles/riasec-holland-career-interest-test-explained,true,https://fermatmind.com/zh/tests/holland-career-interest-test-riasec,false,0,1,0.00000000,6.0000,2,9,1,0.111111,LOW_VOLUME_OBSERVED,VERIFIED_M01_QUERY_PAGE_SOURCE_LIMITED
9,RIASEC,zh,riasec 测试,current28,https://fermatmind.com/zh/tests/holland-career-interest-test-riasec,true,https://fermatmind.com/zh/tests/holland-career-interest-test-riasec,true,0,8,0.00000000,7.8750,2,9,1,0.111111,LOW_VOLUME_OBSERVED,VERIFIED_M01_QUERY_PAGE_SOURCE_LIMITED
8,Big Five,en,the big five personality test,current28,https://fermatmind.com/en/tests/big-five-personality-test-ocean-model,true,https://fermatmind.com/en/tests/big-five-personality-test-ocean-model,true,0,2,0.00000000,54.0000,1,2,0,0.000000,LOW_VOLUME_OBSERVED,VERIFIED_M01_QUERY_PAGE_SOURCE_LIMITED
12,RIASEC,en,what does riasec mean,current28,https://fermatmind.com/en/articles/what-is-riasec-holland-code-career-interest-test,true,https://fermatmind.com/en/articles/what-is-riasec-holland-code-career-interest-test,true,0,3,0.00000000,6.3333,1,3,0,0.000000,LOW_VOLUME_OBSERVED,VERIFIED_M01_QUERY_PAGE_SOURCE_LIMITED
12,RIASEC,en,what does riasec stand for,current28,https://fermatmind.com/en/articles/what-is-riasec-holland-code-career-interest-test,true,https://fermatmind.com/en/articles/what-is-riasec-holland-code-career-interest-test,true,0,2,0.00000000,48.5000,1,2,0,0.000000,LOW_VOLUME_OBSERVED,VERIFIED_M01_QUERY_PAGE_SOURCE_LIMITED
12,RIASEC,en,what is riasec,current28,https://fermatmind.com/en/articles/what-is-riasec-holland-code-career-interest-test,true,https://fermatmind.com/en/articles/what-is-riasec-holland-code-career-interest-test,true,0,16,0.00000000,23.1250,1,16,0,0.000000,OBSERVED_SINGLE_PAGE,VERIFIED_M01_QUERY_PAGE_SOURCE_LIMITED
12,RIASEC,en,what is the riasec model,current28,https://fermatmind.com/en/articles/what-is-riasec-holland-code-career-interest-test,true,https://fermatmind.com/en/articles/what-is-riasec-holland-code-career-interest-test,true,0,1,0.00000000,18.0000,1,1,0,0.000000,LOW_VOLUME_OBSERVED,VERIFIED_M01_QUERY_PAGE_SOURCE_LIMITED
14,Enneagram,zh,九型人格免费测试,current28,https://fermatmind.com/zh/tests/enneagram-personality-test,false,https://fermatmind.com/zh/tests/enneagram-personality-test-nine-types,false,2,11,0.18181818,7.0909,2,39,0,0.000000,OBSERVED_LEGACY_OR_NONCANONICAL_MULTIPAGE,VERIFIED_M01_QUERY_PAGE_SOURCE_LIMITED
14,Enneagram,zh,九型人格免费测试,current28,https://fermatmind.com/zh/tests/enneagram-personality-test-nine-types,true,https://fermatmind.com/zh/tests/enneagram-personality-test-nine-types,true,2,28,0.07142857,6.4286,2,39,0,0.000000,OBSERVED_LEGACY_OR_NONCANONICAL_MULTIPAGE,VERIFIED_M01_QUERY_PAGE_SOURCE_LIMITED
14,Enneagram,zh,九型人格测试,current28,https://fermatmind.com/zh/articles/enneagram-personality-test-explained,true,https://fermatmind.com/zh/tests/enneagram-personality-test-nine-types,false,0,1,0.00000000,10.0000,3,175,1,0.008000,OBSERVED_MULTI_PAGE_NO_ACTIONABLE_CONFLICT,VERIFIED_M01_QUERY_PAGE_SOURCE_LIMITED
14,Enneagram,zh,九型人格测试,current28,https://fermatmind.com/zh/tests/enneagram-personality-test,false,https://fermatmind.com/zh/tests/enneagram-personality-test-nine-types,false,0,50,0.00000000,8.1200,3,175,1,0.008000,OBSERVED_MULTI_PAGE_NO_ACTIONABLE_CONFLICT,VERIFIED_M01_QUERY_PAGE_SOURCE_LIMITED
14,Enneagram,zh,九型人格测试,current28,https://fermatmind.com/zh/tests/enneagram-personality-test-nine-types,true,https://fermatmind.com/zh/tests/enneagram-personality-test-nine-types,true,2,124,0.01612903,7.2823,3,175,1,0.008000,OBSERVED_MULTI_PAGE_NO_ACTIONABLE_CONFLICT,VERIFIED_M01_QUERY_PAGE_SOURCE_LIMITED
14,Enneagram,zh,九型人格测试免費,current28,https://fermatmind.com/zh/tests/enneagram-personality-test,false,https://fermatmind.com/zh/tests/enneagram-personality-test-nine-types,false,0,1,0.00000000,4.0000,2,5,0,0.000000,LOW_VOLUME_OBSERVED,VERIFIED_M01_QUERY_PAGE_SOURCE_LIMITED
14,Enneagram,zh,九型人格测试免費,current28,https://fermatmind.com/zh/tests/enneagram-personality-test-nine-types,true,https://fermatmind.com/zh/tests/enneagram-personality-test-nine-types,true,0,4,0.00000000,9.0000,2,5,0,0.000000,LOW_VOLUME_OBSERVED,VERIFIED_M01_QUERY_PAGE_SOURCE_LIMITED
14,Enneagram,zh,九型人格测试免费,current28,https://fermatmind.com/zh/tests/enneagram-personality-test,false,https://fermatmind.com/zh/tests/enneagram-personality-test-nine-types,false,0,17,0.00000000,6.6471,2,55,0,0.000000,OBSERVED_LEGACY_OR_NONCANONICAL_MULTIPAGE,VERIFIED_M01_QUERY_PAGE_SOURCE_LIMITED
14,Enneagram,zh,九型人格测试免费,current28,https://fermatmind.com/zh/tests/enneagram-personality-test-nine-types,true,https://fermatmind.com/zh/tests/enneagram-personality-test-nine-types,true,2,38,0.05263158,5.8158,2,55,0,0.000000,OBSERVED_LEGACY_OR_NONCANONICAL_MULTIPAGE,VERIFIED_M01_QUERY_PAGE_SOURCE_LIMITED
14,Enneagram,zh,九型人格測試,current28,https://fermatmind.com/zh/tests/enneagram-personality-test,false,https://fermatmind.com/zh/tests/enneagram-personality-test-nine-types,false,0,2,0.00000000,9.5000,2,17,0,0.000000,OBSERVED_LEGACY_OR_NONCANONICAL_MULTIPAGE,VERIFIED_M01_QUERY_PAGE_SOURCE_LIMITED
14,Enneagram,zh,九型人格測試,current28,https://fermatmind.com/zh/tests/enneagram-personality-test-nine-types,true,https://fermatmind.com/zh/tests/enneagram-personality-test-nine-types,true,0,15,0.00000000,8.9333,2,17,0,0.000000,OBSERVED_LEGACY_OR_NONCANONICAL_MULTIPAGE,VERIFIED_M01_QUERY_PAGE_SOURCE_LIMITED
14,Enneagram,zh,九型人格測試免費,current28,https://fermatmind.com/zh/tests/enneagram-personality-test,false,https://fermatmind.com/zh/tests/enneagram-personality-test-nine-types,false,0,4,0.00000000,10.7500,2,10,0,0.000000,LOW_VOLUME_OBSERVED,VERIFIED_M01_QUERY_PAGE_SOURCE_LIMITED
14,Enneagram,zh,九型人格測試免費,current28,https://fermatmind.com/zh/tests/enneagram-personality-test-nine-types,true,https://fermatmind.com/zh/tests/enneagram-personality-test-nine-types,true,1,6,0.16666667,9.1667,2,10,0,0.000000,LOW_VOLUME_OBSERVED,VERIFIED_M01_QUERY_PAGE_SOURCE_LIMITED
14,Enneagram,zh,九型人格測驗,current28,https://fermatmind.com/zh/tests/enneagram-personality-test,false,https://fermatmind.com/zh/tests/enneagram-personality-test-nine-types,false,0,4,0.00000000,18.0000,2,5,0,0.000000,LOW_VOLUME_OBSERVED,VERIFIED_M01_QUERY_PAGE_SOURCE_LIMITED
14,Enneagram,zh,九型人格測驗,current28,https://fermatmind.com/zh/tests/enneagram-personality-test-nine-types,true,https://fermatmind.com/zh/tests/enneagram-personality-test-nine-types,true,0,1,0.00000000,12.0000,2,5,0,0.000000,LOW_VOLUME_OBSERVED,VERIFIED_M01_QUERY_PAGE_SOURCE_LIMITED
14,Enneagram,zh,九型人格測驗免費,current28,https://fermatmind.com/zh/tests/enneagram-personality-test,false,https://fermatmind.com/zh/tests/enneagram-personality-test-nine-types,false,0,1,0.00000000,33.0000,2,4,0,0.000000,LOW_VOLUME_OBSERVED,VERIFIED_M01_QUERY_PAGE_SOURCE_LIMITED
14,Enneagram,zh,九型人格測驗免費,current28,https://fermatmind.com/zh/tests/enneagram-personality-test-nine-types,true,https://fermatmind.com/zh/tests/enneagram-personality-test-nine-types,true,0,3,0.00000000,13.0000,2,4,0,0.000000,LOW_VOLUME_OBSERVED,VERIFIED_M01_QUERY_PAGE_SOURCE_LIMITED
5,Big Five,zh,五大人格测试,current28,https://fermatmind.com/zh/articles/big-five-tool-guide,true,https://fermatmind.com/zh/tests/big-five-personality-test-ocean-model,false,0,2,0.00000000,15.0000,2,4,2,0.500000,LOW_VOLUME_OBSERVED,VERIFIED_M01_QUERY_PAGE_SOURCE_LIMITED
5,Big Five,zh,五大人格测试,current28,https://fermatmind.com/zh/tests/big-five-personality-test-ocean-model,true,https://fermatmind.com/zh/tests/big-five-personality-test-ocean-model,true,0,2,0.00000000,16.0000,2,4,2,0.500000,LOW_VOLUME_OBSERVED,VERIFIED_M01_QUERY_PAGE_SOURCE_LIMITED
1,MBTI,zh,免费mbti,current28,https://fermatmind.com/zh/tests/mbti-personality-test-16-personality-types,true,https://fermatmind.com/zh/tests/mbti-personality-test-16-personality-types,true,1,20,0.05000000,4.5500,1,20,0,0.000000,OBSERVED_SINGLE_PAGE,VERIFIED_M01_QUERY_PAGE_SOURCE_LIMITED
1,MBTI,zh,免费mbti测试,current28,https://fermatmind.com/zh/tests/mbti-personality-test-16-personality-types,true,https://fermatmind.com/zh/tests/mbti-personality-test-16-personality-types,true,0,17,0.00000000,4.0588,1,17,0,0.000000,OBSERVED_SINGLE_PAGE,VERIFIED_M01_QUERY_PAGE_SOURCE_LIMITED
1,MBTI,zh,十六人格测试,current28,https://fermatmind.com/zh/tests/mbti-personality-test-16-personality-types,true,https://fermatmind.com/zh/tests/mbti-personality-test-16-personality-types,true,0,43,0.00000000,9.1163,1,43,0,0.000000,OBSERVED_SINGLE_PAGE,VERIFIED_M01_QUERY_PAGE_SOURCE_LIMITED
1,MBTI,zh,十六型人格测试,current28,https://fermatmind.com/zh/articles/mbti-basics,true,https://fermatmind.com/zh/tests/mbti-personality-test-16-personality-types,false,1,1,1.00000000,9.0000,2,18,1,0.055556,OBSERVED_MULTI_PAGE_NO_ACTIONABLE_CONFLICT,VERIFIED_M01_QUERY_PAGE_SOURCE_LIMITED
1,MBTI,zh,十六型人格测试,current28,https://fermatmind.com/zh/tests/mbti-personality-test-16-personality-types,true,https://fermatmind.com/zh/tests/mbti-personality-test-16-personality-types,true,1,17,0.05882353,8.4706,2,18,1,0.055556,OBSERVED_MULTI_PAGE_NO_ACTIONABLE_CONFLICT,VERIFIED_M01_QUERY_PAGE_SOURCE_LIMITED
6,Big Five,zh,大五,current28,https://fermatmind.com/zh/articles/big-five-tool-guide,true,https://fermatmind.com/zh/articles/big-five-tool-guide,true,0,5,0.00000000,8.8000,1,5,0,0.000000,LOW_VOLUME_OBSERVED,VERIFIED_M01_QUERY_PAGE_SOURCE_LIMITED
6,Big Five,zh,大五人格,current28,https://fermatmind.com/zh/articles/big-five-tool-guide,true,https://fermatmind.com/zh/articles/big-five-tool-guide,true,1,40,0.02500000,10.0500,1,40,0,0.000000,OBSERVED_SINGLE_PAGE,VERIFIED_M01_QUERY_PAGE_SOURCE_LIMITED
6,Big Five,zh,大五人格是什么,current28,https://fermatmind.com/zh/articles/big-five-tool-guide,true,https://fermatmind.com/zh/articles/big-five-tool-guide,true,0,5,0.00000000,9.6000,1,5,0,0.000000,LOW_VOLUME_OBSERVED,VERIFIED_M01_QUERY_PAGE_SOURCE_LIMITED
5,Big Five,zh,大五人格测试,current28,https://fermatmind.com/zh/articles/big-five-tool-guide,true,https://fermatmind.com/zh/tests/big-five-personality-test-ocean-model,false,1,25,0.04000000,11.3200,2,32,25,0.781250,ACTIONABLE_OWNER_CONFLICT,VERIFIED_M01_QUERY_PAGE_SOURCE_LIMITED
5,Big Five,zh,大五人格测试,current28,https://fermatmind.com/zh/tests/big-five-personality-test-ocean-model,true,https://fermatmind.com/zh/tests/big-five-personality-test-ocean-model,true,0,7,0.00000000,12.4286,2,32,25,0.781250,ACTIONABLE_OWNER_CONFLICT,VERIFIED_M01_QUERY_PAGE_SOURCE_LIMITED
5,Big Five,zh,大五人格测试免费,current28,https://fermatmind.com/zh/articles/big-five-tool-guide,true,https://fermatmind.com/zh/tests/big-five-personality-test-ocean-model,false,0,3,0.00000000,9.6667,2,4,3,0.750000,LOW_VOLUME_OBSERVED,VERIFIED_M01_QUERY_PAGE_SOURCE_LIMITED
5,Big Five,zh,大五人格测试免费,current28,https://fermatmind.com/zh/tests/big-five-personality-test-ocean-model,true,https://fermatmind.com/zh/tests/big-five-personality-test-ocean-model,true,0,1,0.00000000,8.0000,2,4,3,0.750000,LOW_VOLUME_OBSERVED,VERIFIED_M01_QUERY_PAGE_SOURCE_LIMITED
1,MBTI,zh,性格测试mbti,current28,https://fermatmind.com/zh/articles/mbti-basics,true,https://fermatmind.com/zh/tests/mbti-personality-test-16-personality-types,false,0,3,0.00000000,16.0000,2,23,3,0.130435,OBSERVED_MULTI_PAGE_NO_ACTIONABLE_CONFLICT,VERIFIED_M01_QUERY_PAGE_SOURCE_LIMITED
1,MBTI,zh,性格测试mbti,current28,https://fermatmind.com/zh/tests/mbti-personality-test-16-personality-types,true,https://fermatmind.com/zh/tests/mbti-personality-test-16-personality-types,true,0,20,0.00000000,11.7500,2,23,3,0.130435,OBSERVED_MULTI_PAGE_NO_ACTIONABLE_CONFLICT,VERIFIED_M01_QUERY_PAGE_SOURCE_LIMITED
20,EQ,zh,情商测试,current28,https://fermatmind.com/zh/tests/eq-test-emotional-intelligence-assessment,true,https://fermatmind.com/zh/tests/eq-test-emotional-intelligence-assessment,true,0,7,0.00000000,9.2857,1,7,0,0.000000,LOW_VOLUME_OBSERVED,VERIFIED_M01_QUERY_PAGE_SOURCE_LIMITED
20,EQ,zh,情商测试免费,current28,https://fermatmind.com/zh/tests/eq-test-emotional-intelligence-assessment,true,https://fermatmind.com/zh/tests/eq-test-emotional-intelligence-assessment,true,0,1,0.00000000,9.0000,1,1,0,0.000000,LOW_VOLUME_OBSERVED,VERIFIED_M01_QUERY_PAGE_SOURCE_LIMITED
20,EQ,zh,情商测试题,current28,https://fermatmind.com/zh/tests/eq-test-emotional-intelligence-assessment,true,https://fermatmind.com/zh/tests/eq-test-emotional-intelligence-assessment,true,0,2,0.00000000,16.5000,1,2,0,0.000000,LOW_VOLUME_OBSERVED,VERIFIED_M01_QUERY_PAGE_SOURCE_LIMITED
17,IQ,zh,智商 测试,current28,https://fermatmind.com/zh/tests/iq-test-intelligence-quotient-assessment,true,https://fermatmind.com/zh/tests/iq-test-intelligence-quotient-assessment,true,0,3,0.00000000,32.0000,1,3,0,0.000000,LOW_VOLUME_OBSERVED,VERIFIED_M01_QUERY_PAGE_SOURCE_LIMITED
17,IQ,zh,智商测试,current28,https://fermatmind.com/zh/tests/iq-test-intelligence-quotient-assessment,true,https://fermatmind.com/zh/tests/iq-test-intelligence-quotient-assessment,true,0,6,0.00000000,33.0000,1,6,0,0.000000,LOW_VOLUME_OBSERVED,VERIFIED_M01_QUERY_PAGE_SOURCE_LIMITED
18,IQ,zh,智商测试分数,current28,https://fermatmind.com/zh/articles/iq-test-score-and-limits-explained,true,https://fermatmind.com/zh/articles/iq-test-score-and-limits-explained,true,0,2,0.00000000,12.0000,1,2,0,0.000000,LOW_VOLUME_OBSERVED,VERIFIED_M01_QUERY_PAGE_SOURCE_LIMITED
18,IQ,zh,智商測驗準嗎,current28,https://fermatmind.com/zh/articles/iq-test-score-and-limits-explained,true,https://fermatmind.com/zh/articles/iq-test-score-and-limits-explained,true,0,2,0.00000000,6.0000,1,2,0,0.000000,LOW_VOLUME_OBSERVED,VERIFIED_M01_QUERY_PAGE_SOURCE_LIMITED
1,MBTI,zh,测mbti,current28,https://fermatmind.com/zh/tests/mbti-personality-test-16-personality-types,true,https://fermatmind.com/zh/tests/mbti-personality-test-16-personality-types,true,1,42,0.02380952,8.2143,1,42,0,0.000000,OBSERVED_SINGLE_PAGE,VERIFIED_M01_QUERY_PAGE_SOURCE_LIMITED
1,MBTI,zh,测试mbti,current28,https://fermatmind.com/zh/tests/mbti-personality-test-16-personality-types,true,https://fermatmind.com/zh/tests/mbti-personality-test-16-personality-types,true,0,42,0.00000000,6.2619,1,42,0,0.000000,OBSERVED_SINGLE_PAGE,VERIFIED_M01_QUERY_PAGE_SOURCE_LIMITED
9,RIASEC,zh,霍兰德测试,current28,https://fermatmind.com/zh/articles/riasec-holland-career-interest-test-explained,true,https://fermatmind.com/zh/tests/holland-career-interest-test-riasec,false,0,2,0.00000000,16.0000,2,6,2,0.333333,LOW_VOLUME_OBSERVED,VERIFIED_M01_QUERY_PAGE_SOURCE_LIMITED
9,RIASEC,zh,霍兰德测试,current28,https://fermatmind.com/zh/tests/holland-career-interest-test-riasec,true,https://fermatmind.com/zh/tests/holland-career-interest-test-riasec,true,0,4,0.00000000,8.7500,2,6,2,0.333333,LOW_VOLUME_OBSERVED,VERIFIED_M01_QUERY_PAGE_SOURCE_LIMITED
9,RIASEC,zh,霍兰德职业兴趣测试,current28,https://fermatmind.com/zh/articles/holland-career-interest-test-can-and-cannot-tell-you,true,https://fermatmind.com/zh/tests/holland-career-interest-test-riasec,false,0,4,0.00000000,11.2500,2,96,4,0.041667,OBSERVED_MULTI_PAGE_NO_ACTIONABLE_CONFLICT,VERIFIED_M01_QUERY_PAGE_SOURCE_LIMITED
9,RIASEC,zh,霍兰德职业兴趣测试,current28,https://fermatmind.com/zh/tests/holland-career-interest-test-riasec,true,https://fermatmind.com/zh/tests/holland-career-interest-test-riasec,true,4,92,0.04347826,8.7174,2,96,4,0.041667,OBSERVED_MULTI_PAGE_NO_ACTIONABLE_CONFLICT,VERIFIED_M01_QUERY_PAGE_SOURCE_LIMITED
9,RIASEC,zh,霍兰德职业兴趣测试 免费,current28,https://fermatmind.com/zh/tests/holland-career-interest-test-riasec,true,https://fermatmind.com/zh/tests/holland-career-interest-test-riasec,true,0,3,0.00000000,7.3333,1,3,0,0.000000,LOW_VOLUME_OBSERVED,VERIFIED_M01_QUERY_PAGE_SOURCE_LIMITED
9,RIASEC,zh,霍兰德职业兴趣测试免费,current28,https://fermatmind.com/zh/tests/holland-career-interest-test-riasec,true,https://fermatmind.com/zh/tests/holland-career-interest-test-riasec,true,0,7,0.00000000,6.0000,1,7,0,0.000000,LOW_VOLUME_OBSERVED,VERIFIED_M01_QUERY_PAGE_SOURCE_LIMITED
9,RIASEC,zh,霍兰德职业测试,current28,https://fermatmind.com/zh/articles/riasec-holland-career-interest-test-explained,true,https://fermatmind.com/zh/tests/holland-career-interest-test-riasec,false,0,2,0.00000000,11.5000,2,17,2,0.117647,OBSERVED_MULTI_PAGE_NO_ACTIONABLE_CONFLICT,VERIFIED_M01_QUERY_PAGE_SOURCE_LIMITED
9,RIASEC,zh,霍兰德职业测试,current28,https://fermatmind.com/zh/tests/holland-career-interest-test-riasec,true,https://fermatmind.com/zh/tests/holland-career-interest-test-riasec,true,1,15,0.06666667,8.9333,2,17,2,0.117647,OBSERVED_MULTI_PAGE_NO_ACTIONABLE_CONFLICT,VERIFIED_M01_QUERY_PAGE_SOURCE_LIMITED
9,RIASEC,zh,霍兰德职业测试 免费,current28,https://fermatmind.com/zh/tests/holland-career-interest-test-riasec,true,https://fermatmind.com/zh/tests/holland-career-interest-test-riasec,true,0,23,0.00000000,6.3478,1,23,0,0.000000,OBSERVED_SINGLE_PAGE,VERIFIED_M01_QUERY_PAGE_SOURCE_LIMITED
9,RIASEC,zh,霍兰德职业测试免费,current28,https://fermatmind.com/zh/tests/holland-career-interest-test-riasec,true,https://fermatmind.com/zh/tests/holland-career-interest-test-riasec,true,3,35,0.08571429,7.1429,1,35,0,0.000000,OBSERVED_SINGLE_PAGE,VERIFIED_M01_QUERY_PAGE_SOURCE_LIMITED
1,MBTI,zh,16 人格测试,day90,https://fermatmind.com/zh/tests/mbti-personality-test-16-personality-types,true,https://fermatmind.com/zh/tests/mbti-personality-test-16-personality-types,true,0,17,0.00000000,8.5882,1,17,0,0.000000,CONTEXT_ONLY,VERIFIED_M01_QUERY_PAGE_SOURCE_LIMITED
1,MBTI,zh,16人格测试,day90,https://fermatmind.com/zh/tests/mbti-personality-test-16-personality-types,true,https://fermatmind.com/zh/tests/mbti-personality-test-16-personality-types,true,1,419,0.00238663,8.0000,1,419,0,0.000000,CONTEXT_ONLY,VERIFIED_M01_QUERY_PAGE_SOURCE_LIMITED
1,MBTI,zh,16型人格测试,day90,https://fermatmind.com/zh/articles/mbti-basics,true,https://fermatmind.com/zh/tests/mbti-personality-test-16-personality-types,false,0,1,0.00000000,35.0000,2,453,1,0.002208,CONTEXT_ONLY,VERIFIED_M01_QUERY_PAGE_SOURCE_LIMITED
1,MBTI,zh,16型人格测试,day90,https://fermatmind.com/zh/tests/mbti-personality-test-16-personality-types,true,https://fermatmind.com/zh/tests/mbti-personality-test-16-personality-types,true,5,452,0.01106195,7.8341,2,453,1,0.002208,CONTEXT_ONLY,VERIFIED_M01_QUERY_PAGE_SOURCE_LIMITED
1,MBTI,zh,16型人格測試,day90,https://fermatmind.com/zh/tests/mbti-personality-test-16-personality-types,true,https://fermatmind.com/zh/tests/mbti-personality-test-16-personality-types,true,0,15,0.00000000,9.4667,1,15,0,0.000000,CONTEXT_ONLY,VERIFIED_M01_QUERY_PAGE_SOURCE_LIMITED
1,MBTI,zh,16种人格测试,day90,https://fermatmind.com/zh/articles/mbti-basics,true,https://fermatmind.com/zh/tests/mbti-personality-test-16-personality-types,false,0,1,0.00000000,17.0000,2,71,1,0.014085,CONTEXT_ONLY,VERIFIED_M01_QUERY_PAGE_SOURCE_LIMITED
1,MBTI,zh,16种人格测试,day90,https://fermatmind.com/zh/tests/mbti-personality-test-16-personality-types,true,https://fermatmind.com/zh/tests/mbti-personality-test-16-personality-types,true,0,70,0.00000000,8.7000,2,71,1,0.014085,CONTEXT_ONLY,VERIFIED_M01_QUERY_PAGE_SOURCE_LIMITED
14,Enneagram,zh,9型人格测试,day90,https://fermatmind.com/zh/tests/enneagram-personality-test,false,https://fermatmind.com/zh/tests/enneagram-personality-test-nine-types,false,0,11,0.00000000,8.7273,2,33,11,0.333333,CONTEXT_ONLY,VERIFIED_M01_QUERY_PAGE_SOURCE_LIMITED
14,Enneagram,zh,9型人格测试,day90,https://fermatmind.com/zh/tests/enneagram-personality-test-nine-types,true,https://fermatmind.com/zh/tests/enneagram-personality-test-nine-types,true,0,22,0.00000000,7.6818,2,33,11,0.333333,CONTEXT_ONLY,VERIFIED_M01_QUERY_PAGE_SOURCE_LIMITED
14,Enneagram,zh,9型人格测试免费,day90,https://fermatmind.com/zh/tests/enneagram-personality-test,false,https://fermatmind.com/zh/tests/enneagram-personality-test-nine-types,false,0,5,0.00000000,9.4000,2,23,5,0.217391,CONTEXT_ONLY,VERIFIED_M01_QUERY_PAGE_SOURCE_LIMITED
14,Enneagram,zh,9型人格测试免费,day90,https://fermatmind.com/zh/tests/enneagram-personality-test-nine-types,true,https://fermatmind.com/zh/tests/enneagram-personality-test-nine-types,true,1,18,0.05555556,7.5556,2,23,5,0.217391,CONTEXT_ONLY,VERIFIED_M01_QUERY_PAGE_SOURCE_LIMITED
8,Big Five,en,big 5 ocean test,day90,https://fermatmind.com/en/tests/big-five-personality-test-ocean-model,true,https://fermatmind.com/en/tests/big-five-personality-test-ocean-model,true,0,3,0.00000000,65.0000,1,3,0,0.000000,CONTEXT_ONLY,VERIFIED_M01_QUERY_PAGE_SOURCE_LIMITED
8,Big Five,en,big five ocean personality test,day90,https://fermatmind.com/en/tests/big-five-personality-test-ocean-model,true,https://fermatmind.com/en/tests/big-five-personality-test-ocean-model,true,0,4,0.00000000,53.5000,1,4,0,0.000000,CONTEXT_ONLY,VERIFIED_M01_QUERY_PAGE_SOURCE_LIMITED
5,Big Five,zh,big five 测试,day90,https://fermatmind.com/zh/articles/big-five-tool-guide,true,https://fermatmind.com/zh/tests/big-five-personality-test-ocean-model,false,0,1,0.00000000,10.0000,2,7,1,0.142857,CONTEXT_ONLY,VERIFIED_M01_QUERY_PAGE_SOURCE_LIMITED
5,Big Five,zh,big five 测试,day90,https://fermatmind.com/zh/tests/big-five-personality-test-ocean-model,true,https://fermatmind.com/zh/tests/big-five-personality-test-ocean-model,true,0,6,0.00000000,8.5000,2,7,1,0.142857,CONTEXT_ONLY,VERIFIED_M01_QUERY_PAGE_SOURCE_LIMITED
22,EQ,en,eq test,day90,https://fermatmind.com/tests/eq-test-emotional-intelligence-assessment-%E6%83%85%E5%95%86%E6%B5%8B%E8%AF%95,false,https://fermatmind.com/en/tests/eq-test-emotional-intelligence-assessment,false,0,3,0.00000000,77.0000,1,3,3,1.000000,CONTEXT_ONLY,VERIFIED_M01_QUERY_PAGE_SOURCE_LIMITED
20,EQ,zh,eq 测试,day90,https://fermatmind.com/zh/tests/eq-test-emotional-intelligence-assessment,true,https://fermatmind.com/zh/tests/eq-test-emotional-intelligence-assessment,true,0,2,0.00000000,4.5000,1,2,0,0.000000,CONTEXT_ONLY,VERIFIED_M01_QUERY_PAGE_SOURCE_LIMITED
20,EQ,zh,eq测试,day90,https://fermatmind.com/zh/tests/eq-test-emotional-intelligence-assessment,true,https://fermatmind.com/zh/tests/eq-test-emotional-intelligence-assessment,true,0,8,0.00000000,9.5000,1,8,0,0.000000,CONTEXT_ONLY,VERIFIED_M01_QUERY_PAGE_SOURCE_LIMITED
13,RIASEC,en,holland career test,day90,https://fermatmind.com/en/articles/what-is-riasec-holland-code-career-interest-test,true,https://fermatmind.com/en/tests/holland-career-interest-test-riasec,false,0,5,0.00000000,67.6000,1,5,5,1.000000,CONTEXT_ONLY,VERIFIED_M01_QUERY_PAGE_SOURCE_LIMITED
12,RIASEC,en,holland code riasec,day90,https://fermatmind.com/en/articles/what-is-riasec-holland-code-career-interest-test,true,https://fermatmind.com/en/articles/what-is-riasec-holland-code-career-interest-test,true,0,46,0.00000000,39.4348,1,46,0,0.000000,CONTEXT_ONLY,VERIFIED_M01_QUERY_PAGE_SOURCE_LIMITED
13,RIASEC,en,holland code riasec test,day90,https://fermatmind.com/en/articles/what-is-riasec-holland-code-career-interest-test,true,https://fermatmind.com/en/tests/holland-career-interest-test-riasec,false,0,43,0.00000000,50.6047,1,43,43,1.000000,CONTEXT_ONLY,VERIFIED_M01_QUERY_PAGE_SOURCE_LIMITED
13,RIASEC,en,holland code test,day90,https://fermatmind.com/en/articles/what-is-riasec-holland-code-career-interest-test,true,https://fermatmind.com/en/tests/holland-career-interest-test-riasec,false,0,3,0.00000000,51.0000,1,3,3,1.000000,CONTEXT_ONLY,VERIFIED_M01_QUERY_PAGE_SOURCE_LIMITED
12,RIASEC,en,holland riasec,day90,https://fermatmind.com/en/articles/what-is-riasec-holland-code-career-interest-test,true,https://fermatmind.com/en/articles/what-is-riasec-holland-code-career-interest-test,true,0,31,0.00000000,22.4839,1,31,0,0.000000,CONTEXT_ONLY,VERIFIED_M01_QUERY_PAGE_SOURCE_LIMITED
13,RIASEC,en,holland riasec test,day90,https://fermatmind.com/en/articles/what-is-riasec-holland-code-career-interest-test,true,https://fermatmind.com/en/tests/holland-career-interest-test-riasec,false,0,6,0.00000000,43.5000,1,6,6,1.000000,CONTEXT_ONLY,VERIFIED_M01_QUERY_PAGE_SOURCE_LIMITED
3,MBTI,zh,infj和infp的区别,day90,https://fermatmind.com/zh/personality/infj-vs-infp,false,https://fermatmind.com/zh/personality,false,0,15,0.00000000,10.7333,1,15,15,1.000000,CONTEXT_ONLY,VERIFIED_M01_QUERY_PAGE_SOURCE_LIMITED
3,MBTI,zh,infp和infj的区别,day90,https://fermatmind.com/zh/personality/infj-vs-infp,false,https://fermatmind.com/zh/personality,false,0,18,0.00000000,10.0556,1,18,18,1.000000,CONTEXT_ONLY,VERIFIED_M01_QUERY_PAGE_SOURCE_LIMITED
3,MBTI,zh,intj和intp的区别,day90,https://fermatmind.com/zh/personality/intj-vs-intp,false,https://fermatmind.com/zh/personality,false,0,17,0.00000000,5.6471,1,17,17,1.000000,CONTEXT_ONLY,VERIFIED_M01_QUERY_PAGE_SOURCE_LIMITED
3,MBTI,zh,intp 和 intj 的 区别,day90,https://fermatmind.com/zh/personality/intj-vs-intp,false,https://fermatmind.com/zh/personality,false,0,12,0.00000000,8.7500,1,12,12,1.000000,CONTEXT_ONLY,VERIFIED_M01_QUERY_PAGE_SOURCE_LIMITED
3,MBTI,zh,intp和intj的区别,day90,https://fermatmind.com/zh/personality/intj-vs-intp,false,https://fermatmind.com/zh/personality,false,1,35,0.02857143,6.7714,1,35,35,1.000000,CONTEXT_ONLY,VERIFIED_M01_QUERY_PAGE_SOURCE_LIMITED
19,IQ,en,iq test,day90,https://fermatmind.com/en/tests/iq-test-intelligence-quotient-assessment,true,https://fermatmind.com/en/tests/iq-test-intelligence-quotient-assessment,true,0,13,0.00000000,56.7692,1,13,0,0.000000,CONTEXT_ONLY,VERIFIED_M01_QUERY_PAGE_SOURCE_LIMITED
17,IQ,zh,iq 测试,day90,https://fermatmind.com/zh/articles/iq-test-tool-guide,true,https://fermatmind.com/zh/tests/iq-test-intelligence-quotient-assessment,false,0,2,0.00000000,21.5000,2,6,2,0.333333,CONTEXT_ONLY,VERIFIED_M01_QUERY_PAGE_SOURCE_LIMITED
17,IQ,zh,iq 测试,day90,https://fermatmind.com/zh/tests/iq-test-intelligence-quotient-assessment,true,https://fermatmind.com/zh/tests/iq-test-intelligence-quotient-assessment,true,0,4,0.00000000,31.7500,2,6,2,0.333333,CONTEXT_ONLY,VERIFIED_M01_QUERY_PAGE_SOURCE_LIMITED
17,IQ,zh,iq测试,day90,https://fermatmind.com/zh/articles/iq-test-tool-guide,true,https://fermatmind.com/zh/tests/iq-test-intelligence-quotient-assessment,false,0,2,0.00000000,16.5000,2,3,2,0.666667,CONTEXT_ONLY,VERIFIED_M01_QUERY_PAGE_SOURCE_LIMITED
17,IQ,zh,iq测试,day90,https://fermatmind.com/zh/tests/iq-test-intelligence-quotient-assessment,true,https://fermatmind.com/zh/tests/iq-test-intelligence-quotient-assessment,true,0,1,0.00000000,28.0000,2,3,2,0.666667,CONTEXT_ONLY,VERIFIED_M01_QUERY_PAGE_SOURCE_LIMITED
18,IQ,zh,iq測試準嗎,day90,https://fermatmind.com/zh/articles/iq-test-score-and-limits-explained,true,https://fermatmind.com/zh/articles/iq-test-score-and-limits-explained,true,0,1,0.00000000,11.0000,1,1,0,0.000000,CONTEXT_ONLY,VERIFIED_M01_QUERY_PAGE_SOURCE_LIMITED
1,MBTI,zh,mbti 16 型 人格 測驗 免費,day90,https://fermatmind.com/zh/tests/mbti-personality-test-16-personality-types,true,https://fermatmind.com/zh/tests/mbti-personality-test-16-personality-types,true,0,42,0.00000000,8.8571,1,42,0,0.000000,CONTEXT_ONLY,VERIFIED_M01_QUERY_PAGE_SOURCE_LIMITED
4,MBTI,en,mbti test,day90,https://fermatmind.com/en/tests/mbti-personality-test-16-personality-types-MBTI,false,https://fermatmind.com/en/tests/mbti-personality-test-16-personality-types,false,0,1,0.00000000,74.0000,2,11,11,1.000000,CONTEXT_ONLY,VERIFIED_M01_QUERY_PAGE_SOURCE_LIMITED
4,MBTI,en,mbti test,day90,https://fermatmind.com/tests/mbti-personality-test-16-personality-types-MBTI,false,https://fermatmind.com/en/tests/mbti-personality-test-16-personality-types,false,0,10,0.00000000,69.2000,2,11,11,1.000000,CONTEXT_ONLY,VERIFIED_M01_QUERY_PAGE_SOURCE_LIMITED
1,MBTI,zh,mbti test 免費,day90,https://fermatmind.com/zh/tests/mbti-personality-test-16-personality-types,true,https://fermatmind.com/zh/tests/mbti-personality-test-16-personality-types,true,0,45,0.00000000,9.0667,1,45,0,0.000000,CONTEXT_ONLY,VERIFIED_M01_QUERY_PAGE_SOURCE_LIMITED
2,MBTI,zh,mbti 人格,day90,https://fermatmind.com/zh/articles/mbti-basics,true,https://fermatmind.com/zh/articles/mbti-basics,true,0,27,0.00000000,36.0741,2,28,1,0.035714,CONTEXT_ONLY,VERIFIED_M01_QUERY_PAGE_SOURCE_LIMITED
2,MBTI,zh,mbti 人格,day90,https://fermatmind.com/zh/personality,true,https://fermatmind.com/zh/articles/mbti-basics,false,0,1,0.00000000,13.0000,2,28,1,0.035714,CONTEXT_ONLY,VERIFIED_M01_QUERY_PAGE_SOURCE_LIMITED
1,MBTI,zh,mbti 人格 测试 免费,day90,https://fermatmind.com/zh/tests/mbti-personality-test-16-personality-types,true,https://fermatmind.com/zh/tests/mbti-personality-test-16-personality-types,true,2,24,0.08333333,6.4167,1,24,0,0.000000,CONTEXT_ONLY,VERIFIED_M01_QUERY_PAGE_SOURCE_LIMITED
1,MBTI,zh,mbti 免费,day90,https://fermatmind.com/zh/tests/mbti-personality-test-16-personality-types,true,https://fermatmind.com/zh/tests/mbti-personality-test-16-personality-types,true,0,13,0.00000000,4.7692,1,13,0,0.000000,CONTEXT_ONLY,VERIFIED_M01_QUERY_PAGE_SOURCE_LIMITED
1,MBTI,zh,mbti 免费测试,day90,https://fermatmind.com/zh/tests/mbti-personality-test-16-personality-types,true,https://fermatmind.com/zh/tests/mbti-personality-test-16-personality-types,true,0,16,0.00000000,6.0625,1,16,0,0.000000,CONTEXT_ONLY,VERIFIED_M01_QUERY_PAGE_SOURCE_LIMITED
1,MBTI,zh,mbti 快速测试,day90,https://fermatmind.com/zh/tests/mbti-personality-test-16-personality-types,true,https://fermatmind.com/zh/tests/mbti-personality-test-16-personality-types,true,0,28,0.00000000,7.4643,1,28,0,0.000000,CONTEXT_ONLY,VERIFIED_M01_QUERY_PAGE_SOURCE_LIMITED
2,MBTI,zh,mbti 性格,day90,https://fermatmind.com/zh/articles/mbti-basics,true,https://fermatmind.com/zh/articles/mbti-basics,true,0,10,0.00000000,19.9000,2,14,4,0.285714,CONTEXT_ONLY,VERIFIED_M01_QUERY_PAGE_SOURCE_LIMITED
2,MBTI,zh,mbti 性格,day90,https://fermatmind.com/zh/tests/mbti-personality-test-16-personality-types,true,https://fermatmind.com/zh/articles/mbti-basics,false,0,4,0.00000000,11.5000,2,14,4,0.285714,CONTEXT_ONLY,VERIFIED_M01_QUERY_PAGE_SOURCE_LIMITED
2,MBTI,zh,mbti 意思,day90,https://fermatmind.com/zh/articles/mbti-basics,true,https://fermatmind.com/zh/articles/mbti-basics,true,0,19,0.00000000,23.8947,1,19,0,0.000000,CONTEXT_ONLY,VERIFIED_M01_QUERY_PAGE_SOURCE_LIMITED
2,MBTI,zh,mbti 是什么,day90,https://fermatmind.com/zh/articles/mbti-basics,true,https://fermatmind.com/zh/articles/mbti-basics,true,0,7,0.00000000,15.7143,1,7,0,0.000000,CONTEXT_ONLY,VERIFIED_M01_QUERY_PAGE_SOURCE_LIMITED
1,MBTI,zh,mbti 测试,day90,https://fermatmind.com/zh/articles/mbti-basics,true,https://fermatmind.com/zh/tests/mbti-personality-test-16-personality-types,false,0,2,0.00000000,19.0000,2,54,2,0.037037,CONTEXT_ONLY,VERIFIED_M01_QUERY_PAGE_SOURCE_LIMITED
1,MBTI,zh,mbti 测试,day90,https://fermatmind.com/zh/tests/mbti-personality-test-16-personality-types,true,https://fermatmind.com/zh/tests/mbti-personality-test-16-personality-types,true,1,52,0.01923077,11.2308,2,54,2,0.037037,CONTEXT_ONLY,VERIFIED_M01_QUERY_PAGE_SOURCE_LIMITED
1,MBTI,zh,mbti 测试 免費,day90,https://fermatmind.com/zh/tests/mbti-personality-test-16-personality-types,true,https://fermatmind.com/zh/tests/mbti-personality-test-16-personality-types,true,9,107,0.08411215,5.4953,1,107,0,0.000000,CONTEXT_ONLY,VERIFIED_M01_QUERY_PAGE_SOURCE_LIMITED
1,MBTI,zh,mbti 测试 免费,day90,https://fermatmind.com/zh/tests/mbti-personality-test-16-personality-types,true,https://fermatmind.com/zh/tests/mbti-personality-test-16-personality-types,true,2,25,0.08000000,6.2000,1,25,0,0.000000,CONTEXT_ONLY,VERIFIED_M01_QUERY_PAGE_SOURCE_LIMITED
1,MBTI,zh,mbti 測試,day90,https://fermatmind.com/zh/articles/big-five-tool-guide,true,https://fermatmind.com/zh/tests/mbti-personality-test-16-personality-types,false,0,1,0.00000000,6.0000,2,260,1,0.003846,CONTEXT_ONLY,VERIFIED_M01_QUERY_PAGE_SOURCE_LIMITED
1,MBTI,zh,mbti 測試,day90,https://fermatmind.com/zh/tests/mbti-personality-test-16-personality-types,true,https://fermatmind.com/zh/tests/mbti-personality-test-16-personality-types,true,6,259,0.02316602,9.7799,2,260,1,0.003846,CONTEXT_ONLY,VERIFIED_M01_QUERY_PAGE_SOURCE_LIMITED
1,MBTI,zh,mbti 測試 免費,day90,https://fermatmind.com/zh/tests/mbti-personality-test-16-personality-types,true,https://fermatmind.com/zh/tests/mbti-personality-test-16-personality-types,true,0,79,0.00000000,8.8861,1,79,0,0.000000,CONTEXT_ONLY,VERIFIED_M01_QUERY_PAGE_SOURCE_LIMITED
2,MBTI,zh,mbti人格,day90,https://fermatmind.com/zh/articles/mbti-basics,true,https://fermatmind.com/zh/articles/mbti-basics,true,0,16,0.00000000,36.6250,2,17,1,0.058824,CONTEXT_ONLY,VERIFIED_M01_QUERY_PAGE_SOURCE_LIMITED
2,MBTI,zh,mbti人格,day90,https://fermatmind.com/zh/personality,true,https://fermatmind.com/zh/articles/mbti-basics,false,0,1,0.00000000,20.0000,2,17,1,0.058824,CONTEXT_ONLY,VERIFIED_M01_QUERY_PAGE_SOURCE_LIMITED
1,MBTI,zh,mbti人格测试,day90,https://fermatmind.com/zh/articles/mbti-basics,true,https://fermatmind.com/zh/tests/mbti-personality-test-16-personality-types,false,0,1,0.00000000,54.0000,2,14,1,0.071429,CONTEXT_ONLY,VERIFIED_M01_QUERY_PAGE_SOURCE_LIMITED
1,MBTI,zh,mbti人格测试,day90,https://fermatmind.com/zh/tests/mbti-personality-test-16-personality-types,true,https://fermatmind.com/zh/tests/mbti-personality-test-16-personality-types,true,1,13,0.07692308,15.8462,2,14,1,0.071429,CONTEXT_ONLY,VERIFIED_M01_QUERY_PAGE_SOURCE_LIMITED
1,MBTI,zh,mbti免费测试,day90,https://fermatmind.com/zh/tests/mbti-personality-test-16-personality-types,true,https://fermatmind.com/zh/tests/mbti-personality-test-16-personality-types,true,22,496,0.04435484,5.1331,1,496,0,0.000000,CONTEXT_ONLY,VERIFIED_M01_QUERY_PAGE_SOURCE_LIMITED
1,MBTI,zh,mbti性格测试,day90,https://fermatmind.com/zh/articles/mbti-basics,true,https://fermatmind.com/zh/tests/mbti-personality-test-16-personality-types,false,0,5,0.00000000,10.2000,2,34,5,0.147059,CONTEXT_ONLY,VERIFIED_M01_QUERY_PAGE_SOURCE_LIMITED
1,MBTI,zh,mbti性格测试,day90,https://fermatmind.com/zh/tests/mbti-personality-test-16-personality-types,true,https://fermatmind.com/zh/tests/mbti-personality-test-16-personality-types,true,1,29,0.03448276,8.3103,2,34,5,0.147059,CONTEXT_ONLY,VERIFIED_M01_QUERY_PAGE_SOURCE_LIMITED
2,MBTI,zh,mbti意思,day90,https://fermatmind.com/zh/articles/mbti-basics,true,https://fermatmind.com/zh/articles/mbti-basics,true,0,9,0.00000000,4.3333,1,9,0,0.000000,CONTEXT_ONLY,VERIFIED_M01_QUERY_PAGE_SOURCE_LIMITED
2,MBTI,zh,mbti是什么,day90,https://fermatmind.com/zh/articles/mbti-basics,true,https://fermatmind.com/zh/articles/mbti-basics,true,0,45,0.00000000,12.7333,1,45,0,0.000000,CONTEXT_ONLY,VERIFIED_M01_QUERY_PAGE_SOURCE_LIMITED
2,MBTI,zh,mbti是什么意思,day90,https://fermatmind.com/zh/articles/mbti-basics,true,https://fermatmind.com/zh/articles/mbti-basics,true,0,12,0.00000000,12.0833,1,12,0,0.000000,CONTEXT_ONLY,VERIFIED_M01_QUERY_PAGE_SOURCE_LIMITED
1,MBTI,zh,mbti检测,day90,https://fermatmind.com/zh/tests/mbti-personality-test-16-personality-types,true,https://fermatmind.com/zh/tests/mbti-personality-test-16-personality-types,true,0,20,0.00000000,9.9500,1,20,0,0.000000,CONTEXT_ONLY,VERIFIED_M01_QUERY_PAGE_SOURCE_LIMITED
1,MBTI,zh,mbti测试,day90,https://fermatmind.com/zh/articles/enneagram-personality-test-explained,true,https://fermatmind.com/zh/tests/mbti-personality-test-16-personality-types,false,0,1,0.00000000,34.0000,3,1378,10,0.007257,CONTEXT_ONLY,VERIFIED_M01_QUERY_PAGE_SOURCE_LIMITED
1,MBTI,zh,mbti测试,day90,https://fermatmind.com/zh/articles/mbti-basics,true,https://fermatmind.com/zh/tests/mbti-personality-test-16-personality-types,false,0,9,0.00000000,12.2222,3,1378,10,0.007257,CONTEXT_ONLY,VERIFIED_M01_QUERY_PAGE_SOURCE_LIMITED
1,MBTI,zh,mbti测试,day90,https://fermatmind.com/zh/tests/mbti-personality-test-16-personality-types,true,https://fermatmind.com/zh/tests/mbti-personality-test-16-personality-types,true,8,1368,0.00584795,8.3860,3,1378,10,0.007257,CONTEXT_ONLY,VERIFIED_M01_QUERY_PAGE_SOURCE_LIMITED
1,MBTI,zh,mbti测试 免费,day90,https://fermatmind.com/zh/tests/mbti-personality-test-16-personality-types,true,https://fermatmind.com/zh/tests/mbti-personality-test-16-personality-types,true,1,15,0.06666667,4.9333,1,15,0,0.000000,CONTEXT_ONLY,VERIFIED_M01_QUERY_PAGE_SOURCE_LIMITED
1,MBTI,zh,mbti测试免费,day90,https://fermatmind.com/zh/tests/mbti-personality-test-16-personality-types,true,https://fermatmind.com/zh/tests/mbti-personality-test-16-personality-types,true,3,146,0.02054795,5.8562,1,146,0,0.000000,CONTEXT_ONLY,VERIFIED_M01_QUERY_PAGE_SOURCE_LIMITED
1,MBTI,zh,mbti测试入口,day90,https://fermatmind.com/zh/tests/mbti-personality-test-16-personality-types,true,https://fermatmind.com/zh/tests/mbti-personality-test-16-personality-types,true,0,16,0.00000000,5.1250,1,16,0,0.000000,CONTEXT_ONLY,VERIFIED_M01_QUERY_PAGE_SOURCE_LIMITED
1,MBTI,zh,mbti測試,day90,https://fermatmind.com/zh/tests/mbti-personality-test-16-personality-types,true,https://fermatmind.com/zh/tests/mbti-personality-test-16-personality-types,true,1,108,0.00925926,10.1944,1,108,0,0.000000,CONTEXT_ONLY,VERIFIED_M01_QUERY_PAGE_SOURCE_LIMITED
12,RIASEC,en,meaning of riasec,day90,https://fermatmind.com/en/articles/what-is-riasec-holland-code-career-interest-test,true,https://fermatmind.com/en/articles/what-is-riasec-holland-code-career-interest-test,true,0,5,0.00000000,8.2000,1,5,0,0.000000,CONTEXT_ONLY,VERIFIED_M01_QUERY_PAGE_SOURCE_LIMITED
8,Big Five,en,ocean test,day90,https://fermatmind.com/en/tests/big-five-personality-test-ocean-model,true,https://fermatmind.com/en/tests/big-five-personality-test-ocean-model,true,0,3,0.00000000,61.3333,1,3,0,0.000000,CONTEXT_ONLY,VERIFIED_M01_QUERY_PAGE_SOURCE_LIMITED
12,RIASEC,en,riasec,day90,https://fermatmind.com/en/articles/what-is-riasec-holland-code-career-interest-test,true,https://fermatmind.com/en/articles/what-is-riasec-holland-code-career-interest-test,true,0,217,0.00000000,43.0230,2,222,5,0.022523,CONTEXT_ONLY,VERIFIED_M01_QUERY_PAGE_SOURCE_LIMITED
12,RIASEC,en,riasec,day90,https://fermatmind.com/zh/articles/riasec-holland-career-interest-test-explained,true,https://fermatmind.com/en/articles/what-is-riasec-holland-code-career-interest-test,false,0,5,0.00000000,23.2000,2,222,5,0.022523,CONTEXT_ONLY,VERIFIED_M01_QUERY_PAGE_SOURCE_LIMITED
13,RIASEC,en,riasec career test,day90,https://fermatmind.com/en/articles/what-is-riasec-holland-code-career-interest-test,true,https://fermatmind.com/en/tests/holland-career-interest-test-riasec,false,0,14,0.00000000,47.1429,1,14,14,1.000000,CONTEXT_ONLY,VERIFIED_M01_QUERY_PAGE_SOURCE_LIMITED
12,RIASEC,en,riasec holland code,day90,https://fermatmind.com/en/articles/what-is-riasec-holland-code-career-interest-test,true,https://fermatmind.com/en/articles/what-is-riasec-holland-code-career-interest-test,true,0,16,0.00000000,48.2500,1,16,0,0.000000,CONTEXT_ONLY,VERIFIED_M01_QUERY_PAGE_SOURCE_LIMITED
12,RIASEC,en,riasec meaning,day90,https://fermatmind.com/en/articles/what-is-riasec-holland-code-career-interest-test,true,https://fermatmind.com/en/articles/what-is-riasec-holland-code-career-interest-test,true,0,59,0.00000000,16.0000,1,59,0,0.000000,CONTEXT_ONLY,VERIFIED_M01_QUERY_PAGE_SOURCE_LIMITED
12,RIASEC,en,riasec model,day90,https://fermatmind.com/en/articles/what-is-riasec-holland-code-career-interest-test,true,https://fermatmind.com/en/articles/what-is-riasec-holland-code-career-interest-test,true,0,53,0.00000000,44.4906,1,53,0,0.000000,CONTEXT_ONLY,VERIFIED_M01_QUERY_PAGE_SOURCE_LIMITED
13,RIASEC,en,riasec test,day90,https://fermatmind.com/en/articles/what-is-riasec-holland-code-career-interest-test,true,https://fermatmind.com/en/tests/holland-career-interest-test-riasec,false,0,148,0.00000000,50.7838,2,152,152,1.000000,CONTEXT_ONLY,VERIFIED_M01_QUERY_PAGE_SOURCE_LIMITED
13,RIASEC,en,riasec test,day90,https://fermatmind.com/tests/holland-career-interest-test-riasec-%E9%9C%8D%E5%85%B0%E5%BE%B7%E8%81%8C%E4%B8%9A%E5%85%B4%E8%B6%A3%E6%B5%8B%E8%AF%95,false,https://fermatmind.com/en/tests/holland-career-interest-test-riasec,false,0,4,0.00000000,47.7500,2,152,152,1.000000,CONTEXT_ONLY,VERIFIED_M01_QUERY_PAGE_SOURCE_LIMITED
9,RIASEC,zh,riasec 测试,day90,https://fermatmind.com/zh/articles/riasec-holland-career-interest-test-explained,true,https://fermatmind.com/zh/tests/holland-career-interest-test-riasec,false,0,1,0.00000000,6.0000,2,9,1,0.111111,CONTEXT_ONLY,VERIFIED_M01_QUERY_PAGE_SOURCE_LIMITED
9,RIASEC,zh,riasec 测试,day90,https://fermatmind.com/zh/tests/holland-career-interest-test-riasec,true,https://fermatmind.com/zh/tests/holland-career-interest-test-riasec,true,0,8,0.00000000,7.8750,2,9,1,0.111111,CONTEXT_ONLY,VERIFIED_M01_QUERY_PAGE_SOURCE_LIMITED
8,Big Five,en,the big five personality test,day90,https://fermatmind.com/en/tests/big-five-personality-test-ocean-model,true,https://fermatmind.com/en/tests/big-five-personality-test-ocean-model,true,0,2,0.00000000,54.0000,1,2,0,0.000000,CONTEXT_ONLY,VERIFIED_M01_QUERY_PAGE_SOURCE_LIMITED
12,RIASEC,en,what does riasec mean,day90,https://fermatmind.com/en/articles/what-is-riasec-holland-code-career-interest-test,true,https://fermatmind.com/en/articles/what-is-riasec-holland-code-career-interest-test,true,0,5,0.00000000,13.4000,1,5,0,0.000000,CONTEXT_ONLY,VERIFIED_M01_QUERY_PAGE_SOURCE_LIMITED
12,RIASEC,en,what does riasec stand for,day90,https://fermatmind.com/en/articles/what-is-riasec-holland-code-career-interest-test,true,https://fermatmind.com/en/articles/what-is-riasec-holland-code-career-interest-test,true,0,5,0.00000000,40.6000,1,5,0,0.000000,CONTEXT_ONLY,VERIFIED_M01_QUERY_PAGE_SOURCE_LIMITED
12,RIASEC,en,what is riasec,day90,https://fermatmind.com/en/articles/what-is-riasec-holland-code-career-interest-test,true,https://fermatmind.com/en/articles/what-is-riasec-holland-code-career-interest-test,true,0,46,0.00000000,20.8261,1,46,0,0.000000,CONTEXT_ONLY,VERIFIED_M01_QUERY_PAGE_SOURCE_LIMITED
12,RIASEC,en,what is the riasec model,day90,https://fermatmind.com/en/articles/what-is-riasec-holland-code-career-interest-test,true,https://fermatmind.com/en/articles/what-is-riasec-holland-code-career-interest-test,true,0,1,0.00000000,18.0000,1,1,0,0.000000,CONTEXT_ONLY,VERIFIED_M01_QUERY_PAGE_SOURCE_LIMITED
14,Enneagram,zh,九型人格免费测试,day90,https://fermatmind.com/zh/tests/enneagram-personality-test,false,https://fermatmind.com/zh/tests/enneagram-personality-test-nine-types,false,2,11,0.18181818,7.0909,2,74,11,0.148649,CONTEXT_ONLY,VERIFIED_M01_QUERY_PAGE_SOURCE_LIMITED
14,Enneagram,zh,九型人格免费测试,day90,https://fermatmind.com/zh/tests/enneagram-personality-test-nine-types,true,https://fermatmind.com/zh/tests/enneagram-personality-test-nine-types,true,2,63,0.03174603,7.1429,2,74,11,0.148649,CONTEXT_ONLY,VERIFIED_M01_QUERY_PAGE_SOURCE_LIMITED
14,Enneagram,zh,九型人格测试,day90,https://fermatmind.com/zh/articles/enneagram-personality-test-explained,true,https://fermatmind.com/zh/tests/enneagram-personality-test-nine-types,false,0,2,0.00000000,13.0000,3,211,52,0.246445,CONTEXT_ONLY,VERIFIED_M01_QUERY_PAGE_SOURCE_LIMITED
14,Enneagram,zh,九型人格测试,day90,https://fermatmind.com/zh/tests/enneagram-personality-test,false,https://fermatmind.com/zh/tests/enneagram-personality-test-nine-types,false,0,50,0.00000000,8.1200,3,211,52,0.246445,CONTEXT_ONLY,VERIFIED_M01_QUERY_PAGE_SOURCE_LIMITED
14,Enneagram,zh,九型人格测试,day90,https://fermatmind.com/zh/tests/enneagram-personality-test-nine-types,true,https://fermatmind.com/zh/tests/enneagram-personality-test-nine-types,true,2,159,0.01257862,7.6855,3,211,52,0.246445,CONTEXT_ONLY,VERIFIED_M01_QUERY_PAGE_SOURCE_LIMITED
14,Enneagram,zh,九型人格测试免費,day90,https://fermatmind.com/zh/tests/enneagram-personality-test,false,https://fermatmind.com/zh/tests/enneagram-personality-test-nine-types,false,0,1,0.00000000,4.0000,2,5,1,0.200000,CONTEXT_ONLY,VERIFIED_M01_QUERY_PAGE_SOURCE_LIMITED
14,Enneagram,zh,九型人格测试免費,day90,https://fermatmind.com/zh/tests/enneagram-personality-test-nine-types,true,https://fermatmind.com/zh/tests/enneagram-personality-test-nine-types,true,0,4,0.00000000,9.0000,2,5,1,0.200000,CONTEXT_ONLY,VERIFIED_M01_QUERY_PAGE_SOURCE_LIMITED
14,Enneagram,zh,九型人格测试免费,day90,https://fermatmind.com/zh/tests/enneagram-personality-test,false,https://fermatmind.com/zh/tests/enneagram-personality-test-nine-types,false,0,17,0.00000000,6.6471,2,76,17,0.223684,CONTEXT_ONLY,VERIFIED_M01_QUERY_PAGE_SOURCE_LIMITED
14,Enneagram,zh,九型人格测试免费,day90,https://fermatmind.com/zh/tests/enneagram-personality-test-nine-types,true,https://fermatmind.com/zh/tests/enneagram-personality-test-nine-types,true,2,59,0.03389831,6.6949,2,76,17,0.223684,CONTEXT_ONLY,VERIFIED_M01_QUERY_PAGE_SOURCE_LIMITED
14,Enneagram,zh,九型人格測試,day90,https://fermatmind.com/zh/articles/enneagram-personality-test-explained,true,https://fermatmind.com/zh/tests/enneagram-personality-test-nine-types,false,0,3,0.00000000,35.0000,3,25,5,0.200000,CONTEXT_ONLY,VERIFIED_M01_QUERY_PAGE_SOURCE_LIMITED
14,Enneagram,zh,九型人格測試,day90,https://fermatmind.com/zh/tests/enneagram-personality-test,false,https://fermatmind.com/zh/tests/enneagram-personality-test-nine-types,false,0,2,0.00000000,9.5000,3,25,5,0.200000,CONTEXT_ONLY,VERIFIED_M01_QUERY_PAGE_SOURCE_LIMITED
14,Enneagram,zh,九型人格測試,day90,https://fermatmind.com/zh/tests/enneagram-personality-test-nine-types,true,https://fermatmind.com/zh/tests/enneagram-personality-test-nine-types,true,0,20,0.00000000,9.8000,3,25,5,0.200000,CONTEXT_ONLY,VERIFIED_M01_QUERY_PAGE_SOURCE_LIMITED
14,Enneagram,zh,九型人格測試免費,day90,https://fermatmind.com/zh/tests/enneagram-personality-test,false,https://fermatmind.com/zh/tests/enneagram-personality-test-nine-types,false,0,4,0.00000000,10.7500,2,21,4,0.190476,CONTEXT_ONLY,VERIFIED_M01_QUERY_PAGE_SOURCE_LIMITED
14,Enneagram,zh,九型人格測試免費,day90,https://fermatmind.com/zh/tests/enneagram-personality-test-nine-types,true,https://fermatmind.com/zh/tests/enneagram-personality-test-nine-types,true,1,17,0.05882353,11.5294,2,21,4,0.190476,CONTEXT_ONLY,VERIFIED_M01_QUERY_PAGE_SOURCE_LIMITED
14,Enneagram,zh,九型人格測驗,day90,https://fermatmind.com/zh/articles/enneagram-personality-test-explained,true,https://fermatmind.com/zh/tests/enneagram-personality-test-nine-types,false,0,3,0.00000000,33.0000,3,14,7,0.500000,CONTEXT_ONLY,VERIFIED_M01_QUERY_PAGE_SOURCE_LIMITED
14,Enneagram,zh,九型人格測驗,day90,https://fermatmind.com/zh/tests/enneagram-personality-test,false,https://fermatmind.com/zh/tests/enneagram-personality-test-nine-types,false,0,4,0.00000000,18.0000,3,14,7,0.500000,CONTEXT_ONLY,VERIFIED_M01_QUERY_PAGE_SOURCE_LIMITED
14,Enneagram,zh,九型人格測驗,day90,https://fermatmind.com/zh/tests/enneagram-personality-test-nine-types,true,https://fermatmind.com/zh/tests/enneagram-personality-test-nine-types,true,0,7,0.00000000,31.2857,3,14,7,0.500000,CONTEXT_ONLY,VERIFIED_M01_QUERY_PAGE_SOURCE_LIMITED
14,Enneagram,zh,九型人格測驗免費,day90,https://fermatmind.com/zh/tests/enneagram-personality-test,false,https://fermatmind.com/zh/tests/enneagram-personality-test-nine-types,false,0,1,0.00000000,33.0000,2,8,1,0.125000,CONTEXT_ONLY,VERIFIED_M01_QUERY_PAGE_SOURCE_LIMITED
14,Enneagram,zh,九型人格測驗免費,day90,https://fermatmind.com/zh/tests/enneagram-personality-test-nine-types,true,https://fermatmind.com/zh/tests/enneagram-personality-test-nine-types,true,0,7,0.00000000,17.4286,2,8,1,0.125000,CONTEXT_ONLY,VERIFIED_M01_QUERY_PAGE_SOURCE_LIMITED
5,Big Five,zh,五大人格测试,day90,https://fermatmind.com/zh/articles/big-five-tool-guide,true,https://fermatmind.com/zh/tests/big-five-personality-test-ocean-model,false,0,13,0.00000000,6.8462,2,15,13,0.866667,CONTEXT_ONLY,VERIFIED_M01_QUERY_PAGE_SOURCE_LIMITED
5,Big Five,zh,五大人格测试,day90,https://fermatmind.com/zh/tests/big-five-personality-test-ocean-model,true,https://fermatmind.com/zh/tests/big-five-personality-test-ocean-model,true,0,2,0.00000000,16.0000,2,15,13,0.866667,CONTEXT_ONLY,VERIFIED_M01_QUERY_PAGE_SOURCE_LIMITED
1,MBTI,zh,免费mbti,day90,https://fermatmind.com/zh/tests/mbti-personality-test-16-personality-types,true,https://fermatmind.com/zh/tests/mbti-personality-test-16-personality-types,true,3,31,0.09677419,4.8065,1,31,0,0.000000,CONTEXT_ONLY,VERIFIED_M01_QUERY_PAGE_SOURCE_LIMITED
1,MBTI,zh,免费mbti测试,day90,https://fermatmind.com/zh/tests/mbti-personality-test-16-personality-types,true,https://fermatmind.com/zh/tests/mbti-personality-test-16-personality-types,true,1,32,0.03125000,4.8125,1,32,0,0.000000,CONTEXT_ONLY,VERIFIED_M01_QUERY_PAGE_SOURCE_LIMITED
1,MBTI,zh,十六人格测试,day90,https://fermatmind.com/zh/tests/mbti-personality-test-16-personality-types,true,https://fermatmind.com/zh/tests/mbti-personality-test-16-personality-types,true,0,59,0.00000000,8.9492,1,59,0,0.000000,CONTEXT_ONLY,VERIFIED_M01_QUERY_PAGE_SOURCE_LIMITED
1,MBTI,zh,十六型人格测试,day90,https://fermatmind.com/zh/articles/mbti-basics,true,https://fermatmind.com/zh/tests/mbti-personality-test-16-personality-types,false,1,1,1.00000000,9.0000,2,27,1,0.037037,CONTEXT_ONLY,VERIFIED_M01_QUERY_PAGE_SOURCE_LIMITED
1,MBTI,zh,十六型人格测试,day90,https://fermatmind.com/zh/tests/mbti-personality-test-16-personality-types,true,https://fermatmind.com/zh/tests/mbti-personality-test-16-personality-types,true,1,26,0.03846154,8.5769,2,27,1,0.037037,CONTEXT_ONLY,VERIFIED_M01_QUERY_PAGE_SOURCE_LIMITED
6,Big Five,zh,大五,day90,https://fermatmind.com/zh/articles/big-five-tool-guide,true,https://fermatmind.com/zh/articles/big-five-tool-guide,true,0,9,0.00000000,6.8889,2,11,2,0.181818,CONTEXT_ONLY,VERIFIED_M01_QUERY_PAGE_SOURCE_LIMITED
6,Big Five,zh,大五,day90,https://fermatmind.com/zh/tests/big-five-personality-test-ocean-model,true,https://fermatmind.com/zh/articles/big-five-tool-guide,false,0,2,0.00000000,9.0000,2,11,2,0.181818,CONTEXT_ONLY,VERIFIED_M01_QUERY_PAGE_SOURCE_LIMITED
6,Big Five,zh,大五人格,day90,https://fermatmind.com/zh/articles/big-five-tool-guide,true,https://fermatmind.com/zh/articles/big-five-tool-guide,true,2,118,0.01694915,9.2712,2,119,1,0.008403,CONTEXT_ONLY,VERIFIED_M01_QUERY_PAGE_SOURCE_LIMITED
6,Big Five,zh,大五人格,day90,https://fermatmind.com/zh/tests/big-five-personality-test-ocean-model,true,https://fermatmind.com/zh/articles/big-five-tool-guide,false,0,1,0.00000000,20.0000,2,119,1,0.008403,CONTEXT_ONLY,VERIFIED_M01_QUERY_PAGE_SOURCE_LIMITED
6,Big Five,zh,大五人格是什么,day90,https://fermatmind.com/zh/articles/big-five-tool-guide,true,https://fermatmind.com/zh/articles/big-five-tool-guide,true,0,9,0.00000000,6.5556,1,9,0,0.000000,CONTEXT_ONLY,VERIFIED_M01_QUERY_PAGE_SOURCE_LIMITED
5,Big Five,zh,大五人格测试,day90,https://fermatmind.com/zh/articles/big-five-tool-guide,true,https://fermatmind.com/zh/tests/big-five-personality-test-ocean-model,false,1,31,0.03225806,11.4516,2,43,31,0.720930,CONTEXT_ONLY,VERIFIED_M01_QUERY_PAGE_SOURCE_LIMITED
5,Big Five,zh,大五人格测试,day90,https://fermatmind.com/zh/tests/big-five-personality-test-ocean-model,true,https://fermatmind.com/zh/tests/big-five-personality-test-ocean-model,true,1,12,0.08333333,12.8333,2,43,31,0.720930,CONTEXT_ONLY,VERIFIED_M01_QUERY_PAGE_SOURCE_LIMITED
5,Big Five,zh,大五人格测试免费,day90,https://fermatmind.com/zh/articles/big-five-tool-guide,true,https://fermatmind.com/zh/tests/big-five-personality-test-ocean-model,false,0,3,0.00000000,9.6667,2,7,3,0.428571,CONTEXT_ONLY,VERIFIED_M01_QUERY_PAGE_SOURCE_LIMITED
5,Big Five,zh,大五人格测试免费,day90,https://fermatmind.com/zh/tests/big-five-personality-test-ocean-model,true,https://fermatmind.com/zh/tests/big-five-personality-test-ocean-model,true,0,4,0.00000000,9.5000,2,7,3,0.428571,CONTEXT_ONLY,VERIFIED_M01_QUERY_PAGE_SOURCE_LIMITED
1,MBTI,zh,性格测试mbti,day90,https://fermatmind.com/zh/articles/mbti-basics,true,https://fermatmind.com/zh/tests/mbti-personality-test-16-personality-types,false,0,7,0.00000000,9.7143,2,65,7,0.107692,CONTEXT_ONLY,VERIFIED_M01_QUERY_PAGE_SOURCE_LIMITED
1,MBTI,zh,性格测试mbti,day90,https://fermatmind.com/zh/tests/mbti-personality-test-16-personality-types,true,https://fermatmind.com/zh/tests/mbti-personality-test-16-personality-types,true,1,58,0.01724138,9.7069,2,65,7,0.107692,CONTEXT_ONLY,VERIFIED_M01_QUERY_PAGE_SOURCE_LIMITED
20,EQ,zh,情商测试,day90,https://fermatmind.com/zh/articles/eq-test-tool-guide,true,https://fermatmind.com/zh/tests/eq-test-emotional-intelligence-assessment,false,0,2,0.00000000,14.0000,2,20,2,0.100000,CONTEXT_ONLY,VERIFIED_M01_QUERY_PAGE_SOURCE_LIMITED
20,EQ,zh,情商测试,day90,https://fermatmind.com/zh/tests/eq-test-emotional-intelligence-assessment,true,https://fermatmind.com/zh/tests/eq-test-emotional-intelligence-assessment,true,0,18,0.00000000,9.7778,2,20,2,0.100000,CONTEXT_ONLY,VERIFIED_M01_QUERY_PAGE_SOURCE_LIMITED
20,EQ,zh,情商测试免费,day90,https://fermatmind.com/zh/tests/eq-test-emotional-intelligence-assessment,true,https://fermatmind.com/zh/tests/eq-test-emotional-intelligence-assessment,true,0,2,0.00000000,8.0000,1,2,0,0.000000,CONTEXT_ONLY,VERIFIED_M01_QUERY_PAGE_SOURCE_LIMITED
20,EQ,zh,情商测试题,day90,https://fermatmind.com/zh/tests/eq-test-emotional-intelligence-assessment,true,https://fermatmind.com/zh/tests/eq-test-emotional-intelligence-assessment,true,0,2,0.00000000,16.5000,1,2,0,0.000000,CONTEXT_ONLY,VERIFIED_M01_QUERY_PAGE_SOURCE_LIMITED
17,IQ,zh,智商 测试,day90,https://fermatmind.com/zh/tests/iq-test-intelligence-quotient-assessment,true,https://fermatmind.com/zh/tests/iq-test-intelligence-quotient-assessment,true,0,4,0.00000000,29.5000,1,4,0,0.000000,CONTEXT_ONLY,VERIFIED_M01_QUERY_PAGE_SOURCE_LIMITED
17,IQ,zh,智商测试,day90,https://fermatmind.com/zh/tests/iq-test-intelligence-quotient-assessment,true,https://fermatmind.com/zh/tests/iq-test-intelligence-quotient-assessment,true,0,11,0.00000000,35.0000,1,11,0,0.000000,CONTEXT_ONLY,VERIFIED_M01_QUERY_PAGE_SOURCE_LIMITED
18,IQ,zh,智商测试分数,day90,https://fermatmind.com/zh/articles/iq-test-score-and-limits-explained,true,https://fermatmind.com/zh/articles/iq-test-score-and-limits-explained,true,0,4,0.00000000,12.7500,1,4,0,0.000000,CONTEXT_ONLY,VERIFIED_M01_QUERY_PAGE_SOURCE_LIMITED
18,IQ,zh,智商測驗準嗎,day90,https://fermatmind.com/zh/articles/iq-test-score-and-limits-explained,true,https://fermatmind.com/zh/articles/iq-test-score-and-limits-explained,true,0,4,0.00000000,3.7500,1,4,0,0.000000,CONTEXT_ONLY,VERIFIED_M01_QUERY_PAGE_SOURCE_LIMITED
1,MBTI,zh,测mbti,day90,https://fermatmind.com/zh/tests/mbti-personality-test-16-personality-types,true,https://fermatmind.com/zh/tests/mbti-personality-test-16-personality-types,true,1,51,0.01960784,8.0784,1,51,0,0.000000,CONTEXT_ONLY,VERIFIED_M01_QUERY_PAGE_SOURCE_LIMITED
1,MBTI,zh,测试mbti,day90,https://fermatmind.com/zh/tests/mbti-personality-test-16-personality-types,true,https://fermatmind.com/zh/tests/mbti-personality-test-16-personality-types,true,0,71,0.00000000,6.9718,1,71,0,0.000000,CONTEXT_ONLY,VERIFIED_M01_QUERY_PAGE_SOURCE_LIMITED
9,RIASEC,zh,霍兰德测试,day90,https://fermatmind.com/zh/articles/riasec-holland-career-interest-test-explained,true,https://fermatmind.com/zh/tests/holland-career-interest-test-riasec,false,0,4,0.00000000,15.5000,2,8,4,0.500000,CONTEXT_ONLY,VERIFIED_M01_QUERY_PAGE_SOURCE_LIMITED
9,RIASEC,zh,霍兰德测试,day90,https://fermatmind.com/zh/tests/holland-career-interest-test-riasec,true,https://fermatmind.com/zh/tests/holland-career-interest-test-riasec,true,0,4,0.00000000,8.7500,2,8,4,0.500000,CONTEXT_ONLY,VERIFIED_M01_QUERY_PAGE_SOURCE_LIMITED
9,RIASEC,zh,霍兰德职业兴趣测试,day90,https://fermatmind.com/zh/articles/holland-career-interest-test-can-and-cannot-tell-you,true,https://fermatmind.com/zh/tests/holland-career-interest-test-riasec,false,0,4,0.00000000,11.2500,3,136,27,0.198529,CONTEXT_ONLY,VERIFIED_M01_QUERY_PAGE_SOURCE_LIMITED
9,RIASEC,zh,霍兰德职业兴趣测试,day90,https://fermatmind.com/zh/articles/riasec-holland-career-interest-test-explained,true,https://fermatmind.com/zh/tests/holland-career-interest-test-riasec,false,0,23,0.00000000,10.8261,3,136,27,0.198529,CONTEXT_ONLY,VERIFIED_M01_QUERY_PAGE_SOURCE_LIMITED
9,RIASEC,zh,霍兰德职业兴趣测试,day90,https://fermatmind.com/zh/tests/holland-career-interest-test-riasec,true,https://fermatmind.com/zh/tests/holland-career-interest-test-riasec,true,4,109,0.03669725,8.8532,3,136,27,0.198529,CONTEXT_ONLY,VERIFIED_M01_QUERY_PAGE_SOURCE_LIMITED
9,RIASEC,zh,霍兰德职业兴趣测试 免费,day90,https://fermatmind.com/zh/tests/holland-career-interest-test-riasec,true,https://fermatmind.com/zh/tests/holland-career-interest-test-riasec,true,0,3,0.00000000,7.3333,1,3,0,0.000000,CONTEXT_ONLY,VERIFIED_M01_QUERY_PAGE_SOURCE_LIMITED
9,RIASEC,zh,霍兰德职业兴趣测试免费,day90,https://fermatmind.com/zh/tests/holland-career-interest-test-riasec,true,https://fermatmind.com/zh/tests/holland-career-interest-test-riasec,true,0,8,0.00000000,5.8750,1,8,0,0.000000,CONTEXT_ONLY,VERIFIED_M01_QUERY_PAGE_SOURCE_LIMITED
9,RIASEC,zh,霍兰德职业测试,day90,https://fermatmind.com/zh/articles/riasec-holland-career-interest-test-explained,true,https://fermatmind.com/zh/tests/holland-career-interest-test-riasec,false,0,6,0.00000000,10.5000,2,22,6,0.272727,CONTEXT_ONLY,VERIFIED_M01_QUERY_PAGE_SOURCE_LIMITED
9,RIASEC,zh,霍兰德职业测试,day90,https://fermatmind.com/zh/tests/holland-career-interest-test-riasec,true,https://fermatmind.com/zh/tests/holland-career-interest-test-riasec,true,1,16,0.06250000,9.0000,2,22,6,0.272727,CONTEXT_ONLY,VERIFIED_M01_QUERY_PAGE_SOURCE_LIMITED
9,RIASEC,zh,霍兰德职业测试 免费,day90,https://fermatmind.com/zh/tests/holland-career-interest-test-riasec,true,https://fermatmind.com/zh/tests/holland-career-interest-test-riasec,true,0,27,0.00000000,6.7778,1,27,0,0.000000,CONTEXT_ONLY,VERIFIED_M01_QUERY_PAGE_SOURCE_LIMITED
9,RIASEC,zh,霍兰德职业测试免费,day90,https://fermatmind.com/zh/tests/holland-career-interest-test-riasec,true,https://fermatmind.com/zh/tests/holland-career-interest-test-riasec,true,3,43,0.06976744,7.4884,1,43,0,0.000000,CONTEXT_ONLY,VERIFIED_M01_QUERY_PAGE_SOURCE_LIMITED
1,MBTI,zh,16 人格测试,prev28,https://fermatmind.com/zh/tests/mbti-personality-test-16-personality-types,true,https://fermatmind.com/zh/tests/mbti-personality-test-16-personality-types,true,0,2,0.00000000,7.0000,1,2,0,0.000000,CONTEXT_ONLY,VERIFIED_M01_QUERY_PAGE_SOURCE_LIMITED
1,MBTI,zh,16人格测试,prev28,https://fermatmind.com/zh/tests/mbti-personality-test-16-personality-types,true,https://fermatmind.com/zh/tests/mbti-personality-test-16-personality-types,true,0,98,0.00000000,7.8469,1,98,0,0.000000,CONTEXT_ONLY,VERIFIED_M01_QUERY_PAGE_SOURCE_LIMITED
1,MBTI,zh,16型人格测试,prev28,https://fermatmind.com/zh/articles/mbti-basics,true,https://fermatmind.com/zh/tests/mbti-personality-test-16-personality-types,false,0,1,0.00000000,35.0000,2,162,1,0.006173,CONTEXT_ONLY,VERIFIED_M01_QUERY_PAGE_SOURCE_LIMITED
1,MBTI,zh,16型人格测试,prev28,https://fermatmind.com/zh/tests/mbti-personality-test-16-personality-types,true,https://fermatmind.com/zh/tests/mbti-personality-test-16-personality-types,true,1,161,0.00621118,7.6522,2,162,1,0.006173,CONTEXT_ONLY,VERIFIED_M01_QUERY_PAGE_SOURCE_LIMITED
1,MBTI,zh,16种人格测试,prev28,https://fermatmind.com/zh/tests/mbti-personality-test-16-personality-types,true,https://fermatmind.com/zh/tests/mbti-personality-test-16-personality-types,true,0,20,0.00000000,8.3500,1,20,0,0.000000,CONTEXT_ONLY,VERIFIED_M01_QUERY_PAGE_SOURCE_LIMITED
14,Enneagram,zh,9型人格测试,prev28,https://fermatmind.com/zh/tests/enneagram-personality-test-nine-types,true,https://fermatmind.com/zh/tests/enneagram-personality-test-nine-types,true,0,6,0.00000000,8.0000,1,6,0,0.000000,CONTEXT_ONLY,VERIFIED_M01_QUERY_PAGE_SOURCE_LIMITED
14,Enneagram,zh,9型人格测试免费,prev28,https://fermatmind.com/zh/tests/enneagram-personality-test-nine-types,true,https://fermatmind.com/zh/tests/enneagram-personality-test-nine-types,true,0,6,0.00000000,9.1667,1,6,0,0.000000,CONTEXT_ONLY,VERIFIED_M01_QUERY_PAGE_SOURCE_LIMITED
5,Big Five,zh,big five 测试,prev28,https://fermatmind.com/zh/tests/big-five-personality-test-ocean-model,true,https://fermatmind.com/zh/tests/big-five-personality-test-ocean-model,true,0,3,0.00000000,7.0000,1,3,0,0.000000,CONTEXT_ONLY,VERIFIED_M01_QUERY_PAGE_SOURCE_LIMITED
20,EQ,zh,eq 测试,prev28,https://fermatmind.com/zh/tests/eq-test-emotional-intelligence-assessment,true,https://fermatmind.com/zh/tests/eq-test-emotional-intelligence-assessment,true,0,1,0.00000000,7.0000,1,1,0,0.000000,CONTEXT_ONLY,VERIFIED_M01_QUERY_PAGE_SOURCE_LIMITED
20,EQ,zh,eq测试,prev28,https://fermatmind.com/zh/tests/eq-test-emotional-intelligence-assessment,true,https://fermatmind.com/zh/tests/eq-test-emotional-intelligence-assessment,true,0,6,0.00000000,8.1667,1,6,0,0.000000,CONTEXT_ONLY,VERIFIED_M01_QUERY_PAGE_SOURCE_LIMITED
12,RIASEC,en,holland code riasec,prev28,https://fermatmind.com/en/articles/what-is-riasec-holland-code-career-interest-test,true,https://fermatmind.com/en/articles/what-is-riasec-holland-code-career-interest-test,true,0,20,0.00000000,31.9500,1,20,0,0.000000,CONTEXT_ONLY,VERIFIED_M01_QUERY_PAGE_SOURCE_LIMITED
13,RIASEC,en,holland code riasec test,prev28,https://fermatmind.com/en/articles/what-is-riasec-holland-code-career-interest-test,true,https://fermatmind.com/en/tests/holland-career-interest-test-riasec,false,0,19,0.00000000,47.3158,1,19,19,1.000000,CONTEXT_ONLY,VERIFIED_M01_QUERY_PAGE_SOURCE_LIMITED
13,RIASEC,en,holland code test,prev28,https://fermatmind.com/en/articles/what-is-riasec-holland-code-career-interest-test,true,https://fermatmind.com/en/tests/holland-career-interest-test-riasec,false,0,1,0.00000000,53.0000,1,1,1,1.000000,CONTEXT_ONLY,VERIFIED_M01_QUERY_PAGE_SOURCE_LIMITED
12,RIASEC,en,holland riasec,prev28,https://fermatmind.com/en/articles/what-is-riasec-holland-code-career-interest-test,true,https://fermatmind.com/en/articles/what-is-riasec-holland-code-career-interest-test,true,0,18,0.00000000,21.1667,1,18,0,0.000000,CONTEXT_ONLY,VERIFIED_M01_QUERY_PAGE_SOURCE_LIMITED
13,RIASEC,en,holland riasec test,prev28,https://fermatmind.com/en/articles/what-is-riasec-holland-code-career-interest-test,true,https://fermatmind.com/en/tests/holland-career-interest-test-riasec,false,0,3,0.00000000,38.0000,1,3,3,1.000000,CONTEXT_ONLY,VERIFIED_M01_QUERY_PAGE_SOURCE_LIMITED
3,MBTI,zh,intp和intj的区别,prev28,https://fermatmind.com/zh/personality/intj-vs-intp,false,https://fermatmind.com/zh/personality,false,0,1,0.00000000,1.0000,1,1,1,1.000000,CONTEXT_ONLY,VERIFIED_M01_QUERY_PAGE_SOURCE_LIMITED
19,IQ,en,iq test,prev28,https://fermatmind.com/en/tests/iq-test-intelligence-quotient-assessment,true,https://fermatmind.com/en/tests/iq-test-intelligence-quotient-assessment,true,0,12,0.00000000,56.5833,1,12,0,0.000000,CONTEXT_ONLY,VERIFIED_M01_QUERY_PAGE_SOURCE_LIMITED
17,IQ,zh,iq 测试,prev28,https://fermatmind.com/zh/tests/iq-test-intelligence-quotient-assessment,true,https://fermatmind.com/zh/tests/iq-test-intelligence-quotient-assessment,true,0,1,0.00000000,31.0000,1,1,0,0.000000,CONTEXT_ONLY,VERIFIED_M01_QUERY_PAGE_SOURCE_LIMITED
17,IQ,zh,iq测试,prev28,https://fermatmind.com/zh/tests/iq-test-intelligence-quotient-assessment,true,https://fermatmind.com/zh/tests/iq-test-intelligence-quotient-assessment,true,0,1,0.00000000,28.0000,1,1,0,0.000000,CONTEXT_ONLY,VERIFIED_M01_QUERY_PAGE_SOURCE_LIMITED
1,MBTI,zh,mbti 16 型 人格 測驗 免費,prev28,https://fermatmind.com/zh/tests/mbti-personality-test-16-personality-types,true,https://fermatmind.com/zh/tests/mbti-personality-test-16-personality-types,true,0,5,0.00000000,7.2000,1,5,0,0.000000,CONTEXT_ONLY,VERIFIED_M01_QUERY_PAGE_SOURCE_LIMITED
1,MBTI,zh,mbti test 免費,prev28,https://fermatmind.com/zh/tests/mbti-personality-test-16-personality-types,true,https://fermatmind.com/zh/tests/mbti-personality-test-16-personality-types,true,0,11,0.00000000,8.2727,1,11,0,0.000000,CONTEXT_ONLY,VERIFIED_M01_QUERY_PAGE_SOURCE_LIMITED
2,MBTI,zh,mbti 人格,prev28,https://fermatmind.com/zh/articles/mbti-basics,true,https://fermatmind.com/zh/articles/mbti-basics,true,0,10,0.00000000,41.5000,1,10,0,0.000000,CONTEXT_ONLY,VERIFIED_M01_QUERY_PAGE_SOURCE_LIMITED
1,MBTI,zh,mbti 人格 测试 免费,prev28,https://fermatmind.com/zh/tests/mbti-personality-test-16-personality-types,true,https://fermatmind.com/zh/tests/mbti-personality-test-16-personality-types,true,1,8,0.12500000,6.0000,1,8,0,0.000000,CONTEXT_ONLY,VERIFIED_M01_QUERY_PAGE_SOURCE_LIMITED
1,MBTI,zh,mbti 免费,prev28,https://fermatmind.com/zh/tests/mbti-personality-test-16-personality-types,true,https://fermatmind.com/zh/tests/mbti-personality-test-16-personality-types,true,0,2,0.00000000,6.5000,1,2,0,0.000000,CONTEXT_ONLY,VERIFIED_M01_QUERY_PAGE_SOURCE_LIMITED
1,MBTI,zh,mbti 免费测试,prev28,https://fermatmind.com/zh/tests/mbti-personality-test-16-personality-types,true,https://fermatmind.com/zh/tests/mbti-personality-test-16-personality-types,true,0,5,0.00000000,5.8000,1,5,0,0.000000,CONTEXT_ONLY,VERIFIED_M01_QUERY_PAGE_SOURCE_LIMITED
1,MBTI,zh,mbti 快速测试,prev28,https://fermatmind.com/zh/tests/mbti-personality-test-16-personality-types,true,https://fermatmind.com/zh/tests/mbti-personality-test-16-personality-types,true,0,10,0.00000000,8.1000,1,10,0,0.000000,CONTEXT_ONLY,VERIFIED_M01_QUERY_PAGE_SOURCE_LIMITED
2,MBTI,zh,mbti 性格,prev28,https://fermatmind.com/zh/articles/mbti-basics,true,https://fermatmind.com/zh/articles/mbti-basics,true,0,1,0.00000000,35.0000,2,2,1,0.500000,CONTEXT_ONLY,VERIFIED_M01_QUERY_PAGE_SOURCE_LIMITED
2,MBTI,zh,mbti 性格,prev28,https://fermatmind.com/zh/tests/mbti-personality-test-16-personality-types,true,https://fermatmind.com/zh/articles/mbti-basics,false,0,1,0.00000000,10.0000,2,2,1,0.500000,CONTEXT_ONLY,VERIFIED_M01_QUERY_PAGE_SOURCE_LIMITED
2,MBTI,zh,mbti 意思,prev28,https://fermatmind.com/zh/articles/mbti-basics,true,https://fermatmind.com/zh/articles/mbti-basics,true,0,3,0.00000000,22.0000,1,3,0,0.000000,CONTEXT_ONLY,VERIFIED_M01_QUERY_PAGE_SOURCE_LIMITED
2,MBTI,zh,mbti 是什么,prev28,https://fermatmind.com/zh/articles/mbti-basics,true,https://fermatmind.com/zh/articles/mbti-basics,true,0,3,0.00000000,21.0000,1,3,0,0.000000,CONTEXT_ONLY,VERIFIED_M01_QUERY_PAGE_SOURCE_LIMITED
1,MBTI,zh,mbti 测试,prev28,https://fermatmind.com/zh/tests/mbti-personality-test-16-personality-types,true,https://fermatmind.com/zh/tests/mbti-personality-test-16-personality-types,true,0,33,0.00000000,9.0606,1,33,0,0.000000,CONTEXT_ONLY,VERIFIED_M01_QUERY_PAGE_SOURCE_LIMITED
1,MBTI,zh,mbti 测试 免費,prev28,https://fermatmind.com/zh/tests/mbti-personality-test-16-personality-types,true,https://fermatmind.com/zh/tests/mbti-personality-test-16-personality-types,true,2,32,0.06250000,5.3750,1,32,0,0.000000,CONTEXT_ONLY,VERIFIED_M01_QUERY_PAGE_SOURCE_LIMITED
1,MBTI,zh,mbti 测试 免费,prev28,https://fermatmind.com/zh/tests/mbti-personality-test-16-personality-types,true,https://fermatmind.com/zh/tests/mbti-personality-test-16-personality-types,true,0,5,0.00000000,6.0000,1,5,0,0.000000,CONTEXT_ONLY,VERIFIED_M01_QUERY_PAGE_SOURCE_LIMITED
1,MBTI,zh,mbti 測試,prev28,https://fermatmind.com/zh/tests/mbti-personality-test-16-personality-types,true,https://fermatmind.com/zh/tests/mbti-personality-test-16-personality-types,true,1,19,0.05263158,10.5263,1,19,0,0.000000,CONTEXT_ONLY,VERIFIED_M01_QUERY_PAGE_SOURCE_LIMITED
1,MBTI,zh,mbti 測試 免費,prev28,https://fermatmind.com/zh/tests/mbti-personality-test-16-personality-types,true,https://fermatmind.com/zh/tests/mbti-personality-test-16-personality-types,true,0,20,0.00000000,8.7500,1,20,0,0.000000,CONTEXT_ONLY,VERIFIED_M01_QUERY_PAGE_SOURCE_LIMITED
2,MBTI,zh,mbti人格,prev28,https://fermatmind.com/zh/articles/mbti-basics,true,https://fermatmind.com/zh/articles/mbti-basics,true,0,4,0.00000000,41.2500,1,4,0,0.000000,CONTEXT_ONLY,VERIFIED_M01_QUERY_PAGE_SOURCE_LIMITED
1,MBTI,zh,mbti人格测试,prev28,https://fermatmind.com/zh/articles/mbti-basics,true,https://fermatmind.com/zh/tests/mbti-personality-test-16-personality-types,false,0,1,0.00000000,54.0000,2,3,1,0.333333,CONTEXT_ONLY,VERIFIED_M01_QUERY_PAGE_SOURCE_LIMITED
1,MBTI,zh,mbti人格测试,prev28,https://fermatmind.com/zh/tests/mbti-personality-test-16-personality-types,true,https://fermatmind.com/zh/tests/mbti-personality-test-16-personality-types,true,0,2,0.00000000,18.5000,2,3,1,0.333333,CONTEXT_ONLY,VERIFIED_M01_QUERY_PAGE_SOURCE_LIMITED
1,MBTI,zh,mbti免费测试,prev28,https://fermatmind.com/zh/tests/mbti-personality-test-16-personality-types,true,https://fermatmind.com/zh/tests/mbti-personality-test-16-personality-types,true,7,196,0.03571429,5.1633,1,196,0,0.000000,CONTEXT_ONLY,VERIFIED_M01_QUERY_PAGE_SOURCE_LIMITED
1,MBTI,zh,mbti性格测试,prev28,https://fermatmind.com/zh/articles/mbti-basics,true,https://fermatmind.com/zh/tests/mbti-personality-test-16-personality-types,false,0,5,0.00000000,10.2000,2,22,5,0.227273,CONTEXT_ONLY,VERIFIED_M01_QUERY_PAGE_SOURCE_LIMITED
1,MBTI,zh,mbti性格测试,prev28,https://fermatmind.com/zh/tests/mbti-personality-test-16-personality-types,true,https://fermatmind.com/zh/tests/mbti-personality-test-16-personality-types,true,0,17,0.00000000,8.9412,2,22,5,0.227273,CONTEXT_ONLY,VERIFIED_M01_QUERY_PAGE_SOURCE_LIMITED
2,MBTI,zh,mbti意思,prev28,https://fermatmind.com/zh/articles/mbti-basics,true,https://fermatmind.com/zh/articles/mbti-basics,true,0,3,0.00000000,4.3333,1,3,0,0.000000,CONTEXT_ONLY,VERIFIED_M01_QUERY_PAGE_SOURCE_LIMITED
2,MBTI,zh,mbti是什么,prev28,https://fermatmind.com/zh/articles/mbti-basics,true,https://fermatmind.com/zh/articles/mbti-basics,true,0,16,0.00000000,11.8750,1,16,0,0.000000,CONTEXT_ONLY,VERIFIED_M01_QUERY_PAGE_SOURCE_LIMITED
2,MBTI,zh,mbti是什么意思,prev28,https://fermatmind.com/zh/articles/mbti-basics,true,https://fermatmind.com/zh/articles/mbti-basics,true,0,4,0.00000000,13.7500,1,4,0,0.000000,CONTEXT_ONLY,VERIFIED_M01_QUERY_PAGE_SOURCE_LIMITED
1,MBTI,zh,mbti检测,prev28,https://fermatmind.com/zh/tests/mbti-personality-test-16-personality-types,true,https://fermatmind.com/zh/tests/mbti-personality-test-16-personality-types,true,0,5,0.00000000,9.2000,1,5,0,0.000000,CONTEXT_ONLY,VERIFIED_M01_QUERY_PAGE_SOURCE_LIMITED
1,MBTI,zh,mbti测试,prev28,https://fermatmind.com/zh/articles/mbti-basics,true,https://fermatmind.com/zh/tests/mbti-personality-test-16-personality-types,false,0,2,0.00000000,9.0000,2,935,2,0.002139,CONTEXT_ONLY,VERIFIED_M01_QUERY_PAGE_SOURCE_LIMITED
1,MBTI,zh,mbti测试,prev28,https://fermatmind.com/zh/tests/mbti-personality-test-16-personality-types,true,https://fermatmind.com/zh/tests/mbti-personality-test-16-personality-types,true,2,933,0.00214362,8.2615,2,935,2,0.002139,CONTEXT_ONLY,VERIFIED_M01_QUERY_PAGE_SOURCE_LIMITED
1,MBTI,zh,mbti测试 免费,prev28,https://fermatmind.com/zh/tests/mbti-personality-test-16-personality-types,true,https://fermatmind.com/zh/tests/mbti-personality-test-16-personality-types,true,1,5,0.20000000,4.6000,1,5,0,0.000000,CONTEXT_ONLY,VERIFIED_M01_QUERY_PAGE_SOURCE_LIMITED
1,MBTI,zh,mbti测试免费,prev28,https://fermatmind.com/zh/tests/mbti-personality-test-16-personality-types,true,https://fermatmind.com/zh/tests/mbti-personality-test-16-personality-types,true,1,29,0.03448276,5.7241,1,29,0,0.000000,CONTEXT_ONLY,VERIFIED_M01_QUERY_PAGE_SOURCE_LIMITED
1,MBTI,zh,mbti测试入口,prev28,https://fermatmind.com/zh/tests/mbti-personality-test-16-personality-types,true,https://fermatmind.com/zh/tests/mbti-personality-test-16-personality-types,true,0,4,0.00000000,4.0000,1,4,0,0.000000,CONTEXT_ONLY,VERIFIED_M01_QUERY_PAGE_SOURCE_LIMITED
1,MBTI,zh,mbti測試,prev28,https://fermatmind.com/zh/tests/mbti-personality-test-16-personality-types,true,https://fermatmind.com/zh/tests/mbti-personality-test-16-personality-types,true,0,1,0.00000000,66.0000,1,1,0,0.000000,CONTEXT_ONLY,VERIFIED_M01_QUERY_PAGE_SOURCE_LIMITED
12,RIASEC,en,meaning of riasec,prev28,https://fermatmind.com/en/articles/what-is-riasec-holland-code-career-interest-test,true,https://fermatmind.com/en/articles/what-is-riasec-holland-code-career-interest-test,true,0,3,0.00000000,7.6667,1,3,0,0.000000,CONTEXT_ONLY,VERIFIED_M01_QUERY_PAGE_SOURCE_LIMITED
12,RIASEC,en,riasec,prev28,https://fermatmind.com/en/articles/what-is-riasec-holland-code-career-interest-test,true,https://fermatmind.com/en/articles/what-is-riasec-holland-code-career-interest-test,true,0,86,0.00000000,42.0581,2,89,3,0.033708,CONTEXT_ONLY,VERIFIED_M01_QUERY_PAGE_SOURCE_LIMITED
12,RIASEC,en,riasec,prev28,https://fermatmind.com/zh/articles/riasec-holland-career-interest-test-explained,true,https://fermatmind.com/en/articles/what-is-riasec-holland-code-career-interest-test,false,0,3,0.00000000,24.6667,2,89,3,0.033708,CONTEXT_ONLY,VERIFIED_M01_QUERY_PAGE_SOURCE_LIMITED
13,RIASEC,en,riasec career test,prev28,https://fermatmind.com/en/articles/what-is-riasec-holland-code-career-interest-test,true,https://fermatmind.com/en/tests/holland-career-interest-test-riasec,false,0,8,0.00000000,46.5000,1,8,8,1.000000,CONTEXT_ONLY,VERIFIED_M01_QUERY_PAGE_SOURCE_LIMITED
12,RIASEC,en,riasec holland code,prev28,https://fermatmind.com/en/articles/what-is-riasec-holland-code-career-interest-test,true,https://fermatmind.com/en/articles/what-is-riasec-holland-code-career-interest-test,true,0,3,0.00000000,30.3333,1,3,0,0.000000,CONTEXT_ONLY,VERIFIED_M01_QUERY_PAGE_SOURCE_LIMITED
12,RIASEC,en,riasec meaning,prev28,https://fermatmind.com/en/articles/what-is-riasec-holland-code-career-interest-test,true,https://fermatmind.com/en/articles/what-is-riasec-holland-code-career-interest-test,true,0,28,0.00000000,17.3571,1,28,0,0.000000,CONTEXT_ONLY,VERIFIED_M01_QUERY_PAGE_SOURCE_LIMITED
12,RIASEC,en,riasec model,prev28,https://fermatmind.com/en/articles/what-is-riasec-holland-code-career-interest-test,true,https://fermatmind.com/en/articles/what-is-riasec-holland-code-career-interest-test,true,0,26,0.00000000,41.0385,1,26,0,0.000000,CONTEXT_ONLY,VERIFIED_M01_QUERY_PAGE_SOURCE_LIMITED
13,RIASEC,en,riasec test,prev28,https://fermatmind.com/en/articles/what-is-riasec-holland-code-career-interest-test,true,https://fermatmind.com/en/tests/holland-career-interest-test-riasec,false,0,61,0.00000000,50.5574,1,61,61,1.000000,CONTEXT_ONLY,VERIFIED_M01_QUERY_PAGE_SOURCE_LIMITED
12,RIASEC,en,what does riasec mean,prev28,https://fermatmind.com/en/articles/what-is-riasec-holland-code-career-interest-test,true,https://fermatmind.com/en/articles/what-is-riasec-holland-code-career-interest-test,true,0,1,0.00000000,37.0000,1,1,0,0.000000,CONTEXT_ONLY,VERIFIED_M01_QUERY_PAGE_SOURCE_LIMITED
12,RIASEC,en,what does riasec stand for,prev28,https://fermatmind.com/en/articles/what-is-riasec-holland-code-career-interest-test,true,https://fermatmind.com/en/articles/what-is-riasec-holland-code-career-interest-test,true,0,3,0.00000000,35.3333,1,3,0,0.000000,CONTEXT_ONLY,VERIFIED_M01_QUERY_PAGE_SOURCE_LIMITED
12,RIASEC,en,what is riasec,prev28,https://fermatmind.com/en/articles/what-is-riasec-holland-code-career-interest-test,true,https://fermatmind.com/en/articles/what-is-riasec-holland-code-career-interest-test,true,0,15,0.00000000,17.3333,1,15,0,0.000000,CONTEXT_ONLY,VERIFIED_M01_QUERY_PAGE_SOURCE_LIMITED
14,Enneagram,zh,九型人格免费测试,prev28,https://fermatmind.com/zh/tests/enneagram-personality-test-nine-types,true,https://fermatmind.com/zh/tests/enneagram-personality-test-nine-types,true,0,35,0.00000000,7.7143,1,35,0,0.000000,CONTEXT_ONLY,VERIFIED_M01_QUERY_PAGE_SOURCE_LIMITED
14,Enneagram,zh,九型人格测试,prev28,https://fermatmind.com/zh/articles/enneagram-personality-test-explained,true,https://fermatmind.com/zh/tests/enneagram-personality-test-nine-types,false,0,1,0.00000000,16.0000,2,35,1,0.028571,CONTEXT_ONLY,VERIFIED_M01_QUERY_PAGE_SOURCE_LIMITED
14,Enneagram,zh,九型人格测试,prev28,https://fermatmind.com/zh/tests/enneagram-personality-test-nine-types,true,https://fermatmind.com/zh/tests/enneagram-personality-test-nine-types,true,0,34,0.00000000,7.9412,2,35,1,0.028571,CONTEXT_ONLY,VERIFIED_M01_QUERY_PAGE_SOURCE_LIMITED
14,Enneagram,zh,九型人格测试免费,prev28,https://fermatmind.com/zh/tests/enneagram-personality-test-nine-types,true,https://fermatmind.com/zh/tests/enneagram-personality-test-nine-types,true,0,21,0.00000000,8.2857,1,21,0,0.000000,CONTEXT_ONLY,VERIFIED_M01_QUERY_PAGE_SOURCE_LIMITED
14,Enneagram,zh,九型人格測試,prev28,https://fermatmind.com/zh/articles/enneagram-personality-test-explained,true,https://fermatmind.com/zh/tests/enneagram-personality-test-nine-types,false,0,3,0.00000000,35.0000,2,8,3,0.375000,CONTEXT_ONLY,VERIFIED_M01_QUERY_PAGE_SOURCE_LIMITED
14,Enneagram,zh,九型人格測試,prev28,https://fermatmind.com/zh/tests/enneagram-personality-test-nine-types,true,https://fermatmind.com/zh/tests/enneagram-personality-test-nine-types,true,0,5,0.00000000,12.4000,2,8,3,0.375000,CONTEXT_ONLY,VERIFIED_M01_QUERY_PAGE_SOURCE_LIMITED
14,Enneagram,zh,九型人格測試免費,prev28,https://fermatmind.com/zh/tests/enneagram-personality-test-nine-types,true,https://fermatmind.com/zh/tests/enneagram-personality-test-nine-types,true,0,10,0.00000000,10.9000,1,10,0,0.000000,CONTEXT_ONLY,VERIFIED_M01_QUERY_PAGE_SOURCE_LIMITED
14,Enneagram,zh,九型人格測驗,prev28,https://fermatmind.com/zh/articles/enneagram-personality-test-explained,true,https://fermatmind.com/zh/tests/enneagram-personality-test-nine-types,false,0,3,0.00000000,33.0000,2,5,3,0.600000,CONTEXT_ONLY,VERIFIED_M01_QUERY_PAGE_SOURCE_LIMITED
14,Enneagram,zh,九型人格測驗,prev28,https://fermatmind.com/zh/tests/enneagram-personality-test-nine-types,true,https://fermatmind.com/zh/tests/enneagram-personality-test-nine-types,true,0,2,0.00000000,43.0000,2,5,3,0.600000,CONTEXT_ONLY,VERIFIED_M01_QUERY_PAGE_SOURCE_LIMITED
14,Enneagram,zh,九型人格測驗免費,prev28,https://fermatmind.com/zh/tests/enneagram-personality-test-nine-types,true,https://fermatmind.com/zh/tests/enneagram-personality-test-nine-types,true,0,4,0.00000000,20.7500,1,4,0,0.000000,CONTEXT_ONLY,VERIFIED_M01_QUERY_PAGE_SOURCE_LIMITED
5,Big Five,zh,五大人格测试,prev28,https://fermatmind.com/zh/articles/big-five-tool-guide,true,https://fermatmind.com/zh/tests/big-five-personality-test-ocean-model,false,0,11,0.00000000,5.3636,1,11,11,1.000000,CONTEXT_ONLY,VERIFIED_M01_QUERY_PAGE_SOURCE_LIMITED
1,MBTI,zh,免费mbti,prev28,https://fermatmind.com/zh/tests/mbti-personality-test-16-personality-types,true,https://fermatmind.com/zh/tests/mbti-personality-test-16-personality-types,true,2,11,0.18181818,5.2727,1,11,0,0.000000,CONTEXT_ONLY,VERIFIED_M01_QUERY_PAGE_SOURCE_LIMITED
1,MBTI,zh,免费mbti测试,prev28,https://fermatmind.com/zh/tests/mbti-personality-test-16-personality-types,true,https://fermatmind.com/zh/tests/mbti-personality-test-16-personality-types,true,1,15,0.06666667,5.6667,1,15,0,0.000000,CONTEXT_ONLY,VERIFIED_M01_QUERY_PAGE_SOURCE_LIMITED
1,MBTI,zh,十六人格测试,prev28,https://fermatmind.com/zh/tests/mbti-personality-test-16-personality-types,true,https://fermatmind.com/zh/tests/mbti-personality-test-16-personality-types,true,0,16,0.00000000,8.5000,1,16,0,0.000000,CONTEXT_ONLY,VERIFIED_M01_QUERY_PAGE_SOURCE_LIMITED
1,MBTI,zh,十六型人格测试,prev28,https://fermatmind.com/zh/tests/mbti-personality-test-16-personality-types,true,https://fermatmind.com/zh/tests/mbti-personality-test-16-personality-types,true,0,9,0.00000000,8.7778,1,9,0,0.000000,CONTEXT_ONLY,VERIFIED_M01_QUERY_PAGE_SOURCE_LIMITED
6,Big Five,zh,大五,prev28,https://fermatmind.com/zh/articles/big-five-tool-guide,true,https://fermatmind.com/zh/articles/big-five-tool-guide,true,0,4,0.00000000,4.5000,2,6,2,0.333333,CONTEXT_ONLY,VERIFIED_M01_QUERY_PAGE_SOURCE_LIMITED
6,Big Five,zh,大五,prev28,https://fermatmind.com/zh/tests/big-five-personality-test-ocean-model,true,https://fermatmind.com/zh/articles/big-five-tool-guide,false,0,2,0.00000000,9.0000,2,6,2,0.333333,CONTEXT_ONLY,VERIFIED_M01_QUERY_PAGE_SOURCE_LIMITED
6,Big Five,zh,大五人格,prev28,https://fermatmind.com/zh/articles/big-five-tool-guide,true,https://fermatmind.com/zh/articles/big-five-tool-guide,true,1,78,0.01282051,8.8718,2,79,1,0.012658,CONTEXT_ONLY,VERIFIED_M01_QUERY_PAGE_SOURCE_LIMITED
6,Big Five,zh,大五人格,prev28,https://fermatmind.com/zh/tests/big-five-personality-test-ocean-model,true,https://fermatmind.com/zh/articles/big-five-tool-guide,false,0,1,0.00000000,20.0000,2,79,1,0.012658,CONTEXT_ONLY,VERIFIED_M01_QUERY_PAGE_SOURCE_LIMITED
6,Big Five,zh,大五人格是什么,prev28,https://fermatmind.com/zh/articles/big-five-tool-guide,true,https://fermatmind.com/zh/articles/big-five-tool-guide,true,0,4,0.00000000,2.7500,1,4,0,0.000000,CONTEXT_ONLY,VERIFIED_M01_QUERY_PAGE_SOURCE_LIMITED
5,Big Five,zh,大五人格测试,prev28,https://fermatmind.com/zh/articles/big-five-tool-guide,true,https://fermatmind.com/zh/tests/big-five-personality-test-ocean-model,false,0,6,0.00000000,12.0000,2,8,6,0.750000,CONTEXT_ONLY,VERIFIED_M01_QUERY_PAGE_SOURCE_LIMITED
5,Big Five,zh,大五人格测试,prev28,https://fermatmind.com/zh/tests/big-five-personality-test-ocean-model,true,https://fermatmind.com/zh/tests/big-five-personality-test-ocean-model,true,1,2,0.50000000,14.0000,2,8,6,0.750000,CONTEXT_ONLY,VERIFIED_M01_QUERY_PAGE_SOURCE_LIMITED
5,Big Five,zh,大五人格测试免费,prev28,https://fermatmind.com/zh/tests/big-five-personality-test-ocean-model,true,https://fermatmind.com/zh/tests/big-five-personality-test-ocean-model,true,0,3,0.00000000,10.0000,1,3,0,0.000000,CONTEXT_ONLY,VERIFIED_M01_QUERY_PAGE_SOURCE_LIMITED
1,MBTI,zh,性格测试mbti,prev28,https://fermatmind.com/zh/articles/mbti-basics,true,https://fermatmind.com/zh/tests/mbti-personality-test-16-personality-types,false,0,4,0.00000000,5.0000,2,40,4,0.100000,CONTEXT_ONLY,VERIFIED_M01_QUERY_PAGE_SOURCE_LIMITED
1,MBTI,zh,性格测试mbti,prev28,https://fermatmind.com/zh/tests/mbti-personality-test-16-personality-types,true,https://fermatmind.com/zh/tests/mbti-personality-test-16-personality-types,true,1,36,0.02777778,8.5833,2,40,4,0.100000,CONTEXT_ONLY,VERIFIED_M01_QUERY_PAGE_SOURCE_LIMITED
20,EQ,zh,情商测试,prev28,https://fermatmind.com/zh/articles/eq-test-tool-guide,true,https://fermatmind.com/zh/tests/eq-test-emotional-intelligence-assessment,false,0,2,0.00000000,14.0000,2,13,2,0.153846,CONTEXT_ONLY,VERIFIED_M01_QUERY_PAGE_SOURCE_LIMITED
20,EQ,zh,情商测试,prev28,https://fermatmind.com/zh/tests/eq-test-emotional-intelligence-assessment,true,https://fermatmind.com/zh/tests/eq-test-emotional-intelligence-assessment,true,0,11,0.00000000,10.0909,2,13,2,0.153846,CONTEXT_ONLY,VERIFIED_M01_QUERY_PAGE_SOURCE_LIMITED
20,EQ,zh,情商测试免费,prev28,https://fermatmind.com/zh/tests/eq-test-emotional-intelligence-assessment,true,https://fermatmind.com/zh/tests/eq-test-emotional-intelligence-assessment,true,0,1,0.00000000,7.0000,1,1,0,0.000000,CONTEXT_ONLY,VERIFIED_M01_QUERY_PAGE_SOURCE_LIMITED
17,IQ,zh,智商 测试,prev28,https://fermatmind.com/zh/tests/iq-test-intelligence-quotient-assessment,true,https://fermatmind.com/zh/tests/iq-test-intelligence-quotient-assessment,true,0,1,0.00000000,22.0000,1,1,0,0.000000,CONTEXT_ONLY,VERIFIED_M01_QUERY_PAGE_SOURCE_LIMITED
17,IQ,zh,智商测试,prev28,https://fermatmind.com/zh/tests/iq-test-intelligence-quotient-assessment,true,https://fermatmind.com/zh/tests/iq-test-intelligence-quotient-assessment,true,0,4,0.00000000,39.5000,1,4,0,0.000000,CONTEXT_ONLY,VERIFIED_M01_QUERY_PAGE_SOURCE_LIMITED
18,IQ,zh,智商测试分数,prev28,https://fermatmind.com/zh/articles/iq-test-score-and-limits-explained,true,https://fermatmind.com/zh/articles/iq-test-score-and-limits-explained,true,0,2,0.00000000,13.5000,1,2,0,0.000000,CONTEXT_ONLY,VERIFIED_M01_QUERY_PAGE_SOURCE_LIMITED
18,IQ,zh,智商測驗準嗎,prev28,https://fermatmind.com/zh/articles/iq-test-score-and-limits-explained,true,https://fermatmind.com/zh/articles/iq-test-score-and-limits-explained,true,0,2,0.00000000,1.5000,1,2,0,0.000000,CONTEXT_ONLY,VERIFIED_M01_QUERY_PAGE_SOURCE_LIMITED
1,MBTI,zh,测mbti,prev28,https://fermatmind.com/zh/tests/mbti-personality-test-16-personality-types,true,https://fermatmind.com/zh/tests/mbti-personality-test-16-personality-types,true,0,9,0.00000000,7.4444,1,9,0,0.000000,CONTEXT_ONLY,VERIFIED_M01_QUERY_PAGE_SOURCE_LIMITED
1,MBTI,zh,测试mbti,prev28,https://fermatmind.com/zh/tests/mbti-personality-test-16-personality-types,true,https://fermatmind.com/zh/tests/mbti-personality-test-16-personality-types,true,0,27,0.00000000,8.0370,1,27,0,0.000000,CONTEXT_ONLY,VERIFIED_M01_QUERY_PAGE_SOURCE_LIMITED
9,RIASEC,zh,霍兰德测试,prev28,https://fermatmind.com/zh/articles/riasec-holland-career-interest-test-explained,true,https://fermatmind.com/zh/tests/holland-career-interest-test-riasec,false,0,2,0.00000000,15.0000,1,2,2,1.000000,CONTEXT_ONLY,VERIFIED_M01_QUERY_PAGE_SOURCE_LIMITED
9,RIASEC,zh,霍兰德职业兴趣测试,prev28,https://fermatmind.com/zh/articles/riasec-holland-career-interest-test-explained,true,https://fermatmind.com/zh/tests/holland-career-interest-test-riasec,false,0,23,0.00000000,10.8261,2,40,23,0.575000,CONTEXT_ONLY,VERIFIED_M01_QUERY_PAGE_SOURCE_LIMITED
9,RIASEC,zh,霍兰德职业兴趣测试,prev28,https://fermatmind.com/zh/tests/holland-career-interest-test-riasec,true,https://fermatmind.com/zh/tests/holland-career-interest-test-riasec,true,0,17,0.00000000,9.5882,2,40,23,0.575000,CONTEXT_ONLY,VERIFIED_M01_QUERY_PAGE_SOURCE_LIMITED
9,RIASEC,zh,霍兰德职业兴趣测试免费,prev28,https://fermatmind.com/zh/tests/holland-career-interest-test-riasec,true,https://fermatmind.com/zh/tests/holland-career-interest-test-riasec,true,0,1,0.00000000,5.0000,1,1,0,0.000000,CONTEXT_ONLY,VERIFIED_M01_QUERY_PAGE_SOURCE_LIMITED
9,RIASEC,zh,霍兰德职业测试,prev28,https://fermatmind.com/zh/articles/riasec-holland-career-interest-test-explained,true,https://fermatmind.com/zh/tests/holland-career-interest-test-riasec,false,0,4,0.00000000,10.0000,2,5,4,0.800000,CONTEXT_ONLY,VERIFIED_M01_QUERY_PAGE_SOURCE_LIMITED
9,RIASEC,zh,霍兰德职业测试,prev28,https://fermatmind.com/zh/tests/holland-career-interest-test-riasec,true,https://fermatmind.com/zh/tests/holland-career-interest-test-riasec,true,0,1,0.00000000,10.0000,2,5,4,0.800000,CONTEXT_ONLY,VERIFIED_M01_QUERY_PAGE_SOURCE_LIMITED
9,RIASEC,zh,霍兰德职业测试 免费,prev28,https://fermatmind.com/zh/tests/holland-career-interest-test-riasec,true,https://fermatmind.com/zh/tests/holland-career-interest-test-riasec,true,0,4,0.00000000,9.2500,1,4,0,0.000000,CONTEXT_ONLY,VERIFIED_M01_QUERY_PAGE_SOURCE_LIMITED
9,RIASEC,zh,霍兰德职业测试免费,prev28,https://fermatmind.com/zh/tests/holland-career-interest-test-riasec,true,https://fermatmind.com/zh/tests/holland-career-interest-test-riasec,true,0,8,0.00000000,9.0000,1,8,0,0.000000,CONTEXT_ONLY,VERIFIED_M01_QUERY_PAGE_SOURCE_LIMITED
